Type	Std	Rate
R1	3.400906e-90	1.489097e-90	8.690709e-91	2.651298e-91	3.733593e-92	3.558239e-93	3.394574e-94	2.880804e-95	8.788098e-97	1.878962e-98	3.519650e-100	2.554316e-102	2.529792e-103	3.319085e-102	4.073564e-101	4.831701e-100	5.351880e-99	5.611669e-98	5.730399e-97	5.310381e-96	4.360483e-95	3.330501e-94	2.375775e-93	1.580922e-92	1.080311e-91	1.052087e-90	2.168759e-89	7.989352e-88	3.697516e-86	1.759536e-84	7.959778e-83	3.084587e-81	1.093217e-79	3.566893e-78	9.222266e-77	1.616711e-75	1.616809e-74	8.129534e-74	1.928479e-73	2.415784e-73	2.092697e-72	2.538260e-71	1.904571e-70	9.227547e-70	3.174641e-69	8.679853e-69	2.325271e-68	7.249626e-68	2.083405e-67	3.632935e-67	
R2	4.224425e-102	1.230002e-102	1.908908e-102	1.505217e-102	4.779413e-103	9.996141e-104	1.945332e-104	4.136250e-105	4.903688e-106	2.001497e-106	4.681094e-106	1.576647e-106	1.082544e-106	2.488049e-105	4.395159e-104	6.589125e-103	8.711640e-102	1.080279e-100	1.316987e-99	1.423303e-98	1.332008e-97	1.194134e-96	1.081214e-95	1.063269e-94	1.425813e-93	3.650171e-92	2.058897e-90	1.908150e-88	2.244502e-86	2.798443e-84	3.097700e-82	2.519823e-80	1.794464e-78	1.299216e-76	8.746287e-75	4.752472e-73	1.700114e-71	3.085091e-70	2.363204e-69	1.065514e-68	2.203866e-67	3.818473e-66	2.282811e-65	6.468409e-65	1.470742e-64	3.054636e-64	6.026417e-64	1.214607e-63	2.221589e-63	3.023436e-63	
R3	1.078982e-43	1.250260e-43	1.916484e-43	2.244716e-43	1.636026e-43	9.748710e-44	6.727792e-44	4.771789e-44	1.552066e-44	4.132878e-45	1.171935e-45	2.164476e-46	9.994744e-47	5.597228e-46	3.366980e-45	2.097306e-44	1.292173e-43	7.869973e-43	4.821942e-42	2.794646e-41	1.506320e-40	7.890984e-40	4.052034e-39	2.041676e-38	1.061485e-37	6.723707e-37	6.369689e-36	8.387226e-35	1.318086e-33	2.231375e-32	3.650614e-31	4.974914e-30	5.873415e-29	6.194247e-28	5.418640e-27	3.670093e-26	1.776302e-25	5.780274e-25	1.230029e-24	1.859267e-24	6.760633e-24	2.653311e-23	7.761214e-23	1.747638e-22	3.208100e-22	5.113846e-22	7.908200e-22	1.290523e-21	1.948704e-21	2.149052e-21	
R4	6.882758e-35	5.287557e-34	4.596073e-33	3.493658e-32	1.931431e-31	1.042685e-30	7.887040e-30	6.313517e-29	2.491557e-28	1.015194e-27	5.867451e-27	2.788788e-26	7.150283e-26	3.348840e-25	1.520453e-24	6.516789e-24	2.584222e-23	9.530857e-23	3.307648e-22	9.027009e-22	1.871871e-21	3.312015e-21	5.226576e-21	7.544823e-21	1.064332e-20	1.746360e-20	4.085629e-20	1.258288e-19	4.316989e-19	1.472308e-18	4.737348e-18	1.493176e-17	5.215888e-17	2.059127e-16	9.389495e-16	4.729708e-15	1.701326e-14	3.128693e-14	3.104641e-14	2.097865e-14	1.942886e-14	2.498532e-14	4.108133e-14	6.148209e-14	7.037321e-14	6.190594e-14	4.614357e-14	3.202083e-14	2.452223e-14	1.892496e-13	
R5	2.141297e-62	4.239718e-63	1.271375e-63	2.541153e-64	2.708014e-65	1.979206e-66	1.370345e-67	7.737775e-69	1.532613e-70	1.817390e-72	1.587491e-74	5.827499e-77	3.322238e-78	1.972026e-77	1.186260e-76	7.389262e-76	4.552604e-75	2.772762e-74	1.698874e-73	9.846146e-73	5.307090e-72	2.780164e-71	1.427620e-70	7.193267e-70	3.739840e-69	2.368907e-68	2.244180e-67	2.955001e-66	4.643903e-65	7.861616e-64	1.286190e-62	1.752770e-61	2.069331e-60	2.182367e-59	1.909105e-58	1.293053e-57	6.258295e-57	2.036516e-56	4.333659e-56	6.550596e-56	2.381917e-55	9.348187e-55	2.734444e-54	6.157308e-54	1.130283e-53	1.801719e-53	2.786230e-53	4.546791e-53	6.865706e-53	7.571576e-53	
R6	1.385464e-52	9.181794e-52	7.451454e-51	9.744529e-50	2.185176e-48	7.361187e-47	5.348376e-45	6.539480e-43	1.039982e-40	1.197708e-37	1.034808e-34	3.354672e-32	1.257342e-30	1.834580e-29	2.566231e-28	3.138302e-27	3.375331e-26	3.355560e-25	3.276561e-24	3.232456e-23	3.217470e-22	3.265362e-21	3.364808e-20	3.498170e-19	3.857523e-18	5.344238e-17	1.157642e-15	3.677371e-14	1.458992e-12	6.161956e-11	2.341630e-09	6.601624e-08	1.458988e-06	2.605494e-05	3.390659e-04	2.960887e-03	1.602078e-02	5.080453e-02	8.930524e-02	8.522165e-02	1.457542e-01	1.583572e-01	5.617792e-02	1.019891e-02	3.817188e-03	2.430256e-03	1.647864e-03	1.079434e-03	6.242700e-04	1.985546e-03	
R7	1.045373e-62	1.367720e-61	3.132942e-60	5.670422e-59	7.174559e-58	1.201588e-56	4.410233e-55	7.016744e-53	1.603111e-50	9.224292e-48	1.088093e-44	6.868644e-42	1.801796e-40	1.864296e-39	1.749189e-38	1.370902e-37	8.888115e-37	4.909470e-36	2.382287e-35	9.436093e-35	2.979481e-34	8.132512e-34	2.117048e-33	6.533737e-33	3.456413e-32	3.836867e-31	9.815100e-30	5.170539e-28	4.349709e-26	4.267832e-24	3.804962e-22	2.438693e-20	1.233350e-18	5.185446e-17	1.583205e-15	3.149479e-14	3.698633e-13	2.421426e-12	8.422559e-12	1.569128e-11	5.338906e-11	1.671580e-10	4.634334e-10	8.796323e-10	1.030115e-09	8.931579e-10	6.207584e-10	3.533322e-10	2.305121e-10	6.847888e-10	
R8	7.537874e-37	2.095717e-36	5.484139e-36	1.055367e-35	1.277966e-35	1.462337e-35	4.539049e-35	1.158151e-33	1.107220e-32	3.360139e-31	3.342595e-29	2.906303e-27	2.449102e-26	1.240533e-25	7.017254e-25	3.856867e-24	1.945810e-23	8.991038e-23	3.885310e-22	1.499402e-21	5.035964e-21	1.530430e-20	4.299109e-20	1.144663e-19	3.163879e-19	1.154397e-18	7.737068e-18	9.911034e-17	2.012185e-15	4.863243e-14	1.073087e-12	1.716956e-11	2.134976e-10	2.175424e-09	1.661960e-08	8.901176e-08	3.178698e-07	7.505818e-07	1.137640e-06	1.081799e-06	2.192300e-06	5.117852e-06	1.578927e-05	4.259098e-05	7.433178e-05	9.309625e-05	9.545459e-05	8.656919e-05	7.693373e-05	1.597541e-04	
R9	6.610777e-46	1.896913e-42	1.570000e-39	1.757052e-37	7.268489e-36	2.075982e-34	5.180505e-33	2.804383e-31	4.430787e-29	1.322035e-26	1.930117e-24	3.438322e-23	9.348622e-23	1.856550e-22	2.447192e-22	2.461790e-22	2.099168e-22	1.625882e-22	1.171070e-22	7.203266e-23	3.753797e-23	1.821208e-23	9.290676e-24	6.531031e-24	9.924350e-24	3.692205e-23	2.451395e-22	2.027807e-21	1.868167e-20	1.836073e-19	1.857431e-18	1.771968e-17	1.697538e-16	1.670352e-15	1.527474e-14	1.185016e-13	7.049685e-13	2.952293e-12	8.470936e-12	1.724252e-11	2.668445e-11	3.576989e-11	4.498319e-11	5.556094e-11	7.038534e-11	9.704807e-11	1.581570e-10	3.329274e-10	1.071033e-09	7.611389e-09	
R10	1.556385e-42	4.497457e-45	1.960992e-47	5.592777e-50	9.900968e-53	1.019460e-55	5.697419e-59	1.978154e-62	3.976590e-66	3.530347e-70	9.452973e-75	4.524245e-80	3.971661e-83	2.989327e-83	1.774135e-83	1.011667e-83	5.631122e-84	3.098335e-84	1.697815e-84	8.878687e-85	4.396188e-85	2.128281e-85	1.022074e-85	4.901826e-86	2.358924e-86	1.141172e-86	5.570500e-87	2.781627e-87	1.528554e-87	1.182937e-87	1.621100e-87	3.036675e-87	6.249941e-87	1.316077e-86	2.612105e-86	4.502835e-86	6.157474e-86	6.288479e-86	4.806999e-86	3.121784e-86	3.612310e-86	5.273741e-86	7.232462e-86	8.972198e-86	1.021784e-85	1.098412e-85	1.175379e-85	1.329921e-85	1.726570e-85	2.657547e-85	
R11	3.642982e-34	3.894989e-32	1.715825e-30	2.251705e-29	1.670512e-28	1.149132e-27	9.070339e-27	1.315898e-25	3.732991e-24	1.817473e-22	7.238182e-21	8.266999e-20	2.175096e-19	4.409533e-19	6.627711e-19	8.031719e-19	8.413320e-19	8.006024e-19	7.073601e-19	5.400754e-19	3.545540e-19	2.166886e-19	1.354776e-19	1.059756e-19	1.376025e-19	2.818220e-19	7.086919e-19	1.882687e-18	5.135519e-18	1.437761e-17	4.468532e-17	1.889888e-16	1.427945e-15	1.659306e-14	1.998886e-13	1.961109e-12	1.315259e-11	5.365292e-11	1.312191e-10	2.229682e-10	5.695091e-10	1.668036e-09	4.334124e-09	9.716710e-09	1.907032e-08	3.366227e-08	5.649974e-08	9.718521e-08	2.055562e-07	7.279013e-07	
R12	1.092296e-22	8.126801e-21	2.549444e-19	2.765786e-18	1.855523e-17	1.134942e-16	7.446541e-16	8.232584e-15	1.745498e-13	5.509940e-12	1.286449e-10	1.131034e-09	3.058664e-09	4.984943e-09	6.416650e-09	6.941576e-09	6.659298e-09	5.878084e-09	4.838728e-09	3.624028e-09	2.477475e-09	1.616538e-09	1.089793e-09	9.214209e-10	1.290911e-09	2.843585e-09	7.668684e-09	2.183977e-08	6.414161e-08	1.932066e-07	6.006072e-07	1.873370e-06	6.047763e-06	2.043670e-05	6.868884e-05	2.192559e-04	6.319031e-04	1.574002e-03	3.332978e-03	6.089463e-03	9.953442e-03	1.558167e-02	2.420117e-02	3.716709e-02	5.501635e-02	7.665475e-02	9.982390e-02	1.237227e-01	1.602995e-01	2.554178e-01	
R13	1.463660e-55	1.233514e-53	2.583045e-52	1.063878e-50	2.470445e-49	7.530875e-48	3.720459e-46	4.090418e-44	1.789097e-41	7.366310e-38	1.143182e-34	2.378493e-32	4.441870e-31	1.869652e-30	4.716840e-30	7.819198e-30	9.637364e-30	9.803121e-30	8.844984e-30	7.164971e-30	5.255902e-30	3.684730e-30	2.686188e-30	2.475074e-30	3.828797e-30	9.526835e-30	3.042223e-29	1.114655e-28	4.896912e-28	2.850651e-27	2.388594e-26	2.416535e-25	2.665438e-24	2.952824e-23	2.774904e-22	1.969539e-21	9.577614e-21	3.113256e-20	8.459284e-20	3.754558e-19	1.110323e-18	7.248567e-19	1.505157e-19	3.114502e-20	3.757783e-20	6.484990e-20	1.059024e-19	1.611114e-19	2.464414e-19	7.872974e-19	
R14	1.915436e-31	2.089992e-29	9.089513e-28	1.260212e-26	9.860001e-26	6.575521e-25	4.510681e-24	5.067022e-23	8.766823e-22	1.454547e-20	1.228251e-19	4.765886e-19	1.274097e-18	2.924621e-18	5.393244e-18	8.191123e-18	1.098383e-17	1.369008e-17	1.593652e-17	1.604075e-17	1.384782e-17	1.125368e-17	9.952212e-18	1.285131e-17	3.519343e-17	1.835468e-16	1.266307e-15	8.996550e-15	6.232579e-14	4.127618e-13	2.641729e-12	1.583550e-11	9.550816e-11	5.974156e-10	3.611606e-09	1.986741e-08	9.329443e-08	3.570242e-07	1.116035e-06	2.986673e-06	7.246301e-06	1.647656e-05	3.470264e-05	6.635404e-05	1.141213e-04	1.781935e-04	2.588866e-04	3.573537e-04	4.959072e-04	8.526772e-04	
R15	1.173057e-37	4.787977e-37	1.550828e-36	1.506729e-36	7.673763e-37	3.164104e-37	1.187362e-37	5.959795e-38	3.960929e-38	2.994691e-38	1.221242e-38	9.014841e-40	1.237314e-40	1.529631e-40	1.387008e-40	1.057574e-40	7.197348e-41	4.558054e-41	2.728472e-41	1.430274e-41	6.511490e-42	2.780383e-42	1.221048e-42	6.733296e-43	6.175816e-43	8.941329e-43	1.588866e-42	2.979077e-42	5.724563e-42	1.126424e-41	2.455078e-41	7.270461e-41	3.846117e-40	3.134805e-39	2.658553e-38	1.846239e-37	8.826835e-37	2.588869e-36	4.592096e-36	5.687085e-36	1.054144e-35	2.209106e-35	4.032215e-35	6.255756e-35	8.428224e-35	1.018586e-34	1.169250e-34	1.359065e-34	1.735361e-34	2.456804e-34	
R16	3.023448e-11	3.999097e-10	3.818292e-09	1.429785e-08	3.512202e-08	8.003411e-08	1.848354e-07	6.401978e-07	3.636345e-06	2.676770e-05	1.324590e-04	2.281506e-04	1.989100e-04	1.879173e-04	1.459272e-04	9.932825e-05	6.190787e-05	3.636727e-05	2.028255e-05	1.042962e-05	4.944469e-06	2.254068e-06	1.067386e-06	6.361981e-07	6.296173e-07	9.804056e-07	1.868371e-06	3.755468e-06	7.769807e-06	1.644937e-05	3.585941e-05	7.831801e-05	1.770183e-04	4.195726e-04	9.927862e-04	2.243106e-03	4.608469e-03	8.253423e-03	1.267531e-02	1.687866e-02	2.002097e-02	2.242527e-02	2.446758e-02	2.600348e-02	2.642300e-02	2.520610e-02	2.244955e-02	1.880189e-02	1.470631e-02	9.368315e-03	
R17	4.489719e-47	6.046574e-46	2.127821e-44	2.175827e-43	1.067468e-42	4.498388e-42	1.809742e-41	1.393949e-40	2.645946e-39	3.504136e-37	2.245365e-34	1.565316e-32	1.059390e-31	3.903999e-31	8.854577e-31	1.441589e-30	1.914353e-30	2.270502e-30	2.494862e-30	2.364062e-30	1.918766e-30	1.471887e-30	1.204593e-30	1.369599e-30	3.404057e-30	2.078130e-29	2.276208e-28	3.094049e-27	4.578884e-26	6.783816e-25	9.439937e-24	1.152432e-22	1.450897e-21	2.131746e-20	3.416254e-19	5.300006e-18	6.693439e-17	5.405291e-16	2.353613e-15	7.189782e-15	3.646922e-14	1.322641e-13	2.114002e-13	2.009856e-13	1.829282e-13	1.708291e-13	1.525747e-13	1.289082e-13	1.040033e-13	8.092755e-14	
R18	1.401203e-23	5.143919e-22	1.506953e-20	1.341818e-19	5.550675e-19	1.408767e-18	2.482064e-18	5.577115e-18	1.773351e-17	6.510594e-17	1.616436e-16	1.639616e-16	9.975487e-17	9.586673e-17	7.158175e-17	4.556994e-17	2.640251e-17	1.461590e-17	7.927693e-18	3.947293e-18	1.780732e-18	7.755088e-19	3.428092e-19	1.666827e-19	1.065116e-19	1.070604e-19	1.592774e-19	2.834228e-19	5.486699e-19	1.100135e-18	2.317638e-18	6.011865e-18	2.525243e-17	1.472929e-16	8.011066e-16	3.139388e-15	7.206667e-15	8.356502e-15	4.476171e-15	7.856913e-16	1.179622e-16	5.315761e-17	3.872865e-17	3.312183e-17	3.100110e-17	3.234328e-17	4.097234e-17	7.240650e-17	2.442504e-16	3.052828e-15	
R19	3.122583e-24	6.695958e-25	1.573490e-25	2.842591e-26	4.141989e-27	5.326452e-28	6.286428e-29	8.520281e-30	1.257027e-30	1.930633e-31	2.297961e-32	1.014644e-33	9.928958e-35	8.185973e-35	5.703820e-35	3.666124e-35	2.244185e-35	1.342402e-35	7.973639e-36	4.301438e-36	2.074235e-36	9.565659e-37	4.346572e-37	1.973251e-37	9.038455e-38	4.191012e-38	1.976150e-38	9.580355e-39	5.116507e-39	3.873176e-39	5.624882e-39	1.525679e-38	7.958659e-38	6.382388e-37	5.158854e-36	3.193552e-35	1.221950e-34	2.527493e-34	2.833151e-34	2.224991e-34	5.351682e-34	1.993099e-33	6.379678e-33	1.625150e-32	3.393414e-32	6.151015e-32	1.079241e-31	2.074863e-31	5.163909e-31	1.784608e-30	
R20	6.158534e-37	3.213811e-37	6.161748e-37	8.544520e-37	8.460337e-37	7.550215e-37	6.208140e-37	7.974446e-37	1.955600e-36	2.855532e-35	2.668419e-33	5.035488e-32	1.583944e-31	3.939510e-31	6.865998e-31	9.422944e-31	1.125530e-30	1.260881e-30	1.374778e-30	1.340610e-30	1.152520e-30	9.548471e-31	8.085436e-31	7.568276e-31	9.393893e-31	1.836701e-30	5.338182e-30	1.876187e-29	7.716845e-29	4.398336e-28	4.078178e-27	4.560007e-26	5.661127e-25	8.183840e-24	1.249991e-22	1.728667e-21	1.747217e-20	9.950572e-20	2.738058e-19	5.303997e-19	3.491127e-18	2.250107e-17	6.306805e-17	9.845271e-17	1.388770e-16	1.945181e-16	2.655476e-16	3.710896e-16	5.835592e-16	1.108454e-15	
R21	3.567813e-20	1.455879e-18	3.866749e-17	3.412279e-16	1.621164e-15	5.836806e-15	1.798906e-14	7.638026e-14	4.929581e-13	4.550482e-12	2.998779e-11	4.741581e-11	2.551830e-11	1.979123e-11	1.214764e-11	6.505405e-12	3.252104e-12	1.588553e-12	7.726097e-13	3.363210e-13	1.285776e-13	4.702975e-14	1.744413e-14	7.132272e-15	3.839756e-15	3.253698e-15	4.070072e-15	6.065598e-15	9.825171e-15	1.675722e-14	3.110328e-14	7.469045e-14	3.088980e-13	1.926320e-12	1.231454e-11	6.376314e-11	2.248514e-10	4.807875e-10	6.158668e-10	5.478153e-10	7.282117e-10	1.101250e-09	1.474318e-09	1.739086e-09	1.916130e-09	2.160804e-09	2.864149e-09	5.138237e-09	1.458351e-08	7.491702e-08	
R22	1.946080e-20	7.941157e-19	2.109136e-17	1.861243e-16	8.842713e-16	3.183713e-15	9.812216e-15	4.166196e-14	2.688863e-13	2.482081e-12	1.635698e-11	2.586317e-11	1.391907e-11	1.079522e-11	6.625985e-12	3.548403e-12	1.773875e-12	8.664837e-13	4.214235e-13	1.834478e-13	7.013322e-14	2.565259e-14	9.514980e-15	3.890330e-15	2.094412e-15	1.774744e-15	2.220040e-15	3.308508e-15	5.359184e-15	9.140299e-15	1.696543e-14	4.074024e-14	1.684898e-13	1.050720e-12	6.717021e-12	3.477989e-11	1.226462e-10	2.622477e-10	3.359274e-10	2.988083e-10	3.972064e-10	6.006817e-10	8.041735e-10	9.485921e-10	1.045162e-09	1.178621e-09	1.562263e-09	2.802674e-09	7.954642e-09	4.086383e-08	
R23	1.123231e-14	1.036632e-14	1.123928e-14	7.915281e-15	3.826765e-15	1.465905e-15	4.895401e-16	1.677853e-16	5.136229e-17	1.538735e-17	4.800871e-18	1.304597e-18	4.820272e-19	4.790608e-19	4.078821e-19	3.128044e-19	2.226395e-19	1.514224e-19	1.007492e-19	6.226745e-20	3.538726e-20	1.941333e-20	1.051743e-20	5.690510e-21	3.107119e-21	1.719312e-21	9.688019e-22	5.536342e-22	3.173340e-22	1.812507e-22	1.173098e-22	1.349044e-22	4.469223e-22	3.078485e-21	2.205674e-20	1.093098e-19	2.828868e-19	3.195179e-19	1.458845e-19	2.137622e-20	5.296906e-21	5.215428e-21	7.850915e-21	1.218711e-20	1.767217e-20	2.360356e-20	3.079538e-20	4.446978e-20	9.862792e-20	6.142537e-19	
R24	1.078137e-31	1.557986e-30	1.507634e-30	1.225072e-30	1.857094e-30	3.282331e-30	6.881455e-30	1.753968e-29	5.708140e-29	3.644902e-28	1.902792e-27	3.920594e-27	3.067761e-27	3.289198e-27	3.060666e-27	2.532404e-27	1.904013e-27	1.336652e-27	8.922039e-28	5.594055e-28	3.292512e-28	1.873334e-28	1.043196e-28	5.685851e-29	3.060407e-29	1.621373e-29	8.458333e-30	4.279226e-30	2.046155e-30	9.095876e-31	4.192807e-31	2.786934e-31	3.963811e-31	1.345805e-30	8.146468e-30	5.267130e-29	2.387598e-28	5.629032e-28	5.857737e-28	3.313909e-28	1.031733e-27	3.717701e-27	4.754625e-27	2.518005e-27	1.192201e-27	1.079680e-27	1.397861e-27	1.993370e-27	3.308694e-27	1.058336e-26	
R25	1.363162e-29	1.969868e-28	1.906204e-28	1.548942e-28	2.348050e-28	4.150074e-28	8.700690e-28	2.217661e-27	7.217188e-27	4.608497e-26	2.405829e-25	4.957073e-25	3.878779e-25	4.158755e-25	3.869807e-25	3.201890e-25	2.407372e-25	1.690020e-25	1.128074e-25	7.072943e-26	4.162946e-26	2.368584e-26	1.318983e-26	7.189007e-27	3.869481e-27	2.050011e-27	1.069444e-27	5.410515e-28	2.587093e-28	1.150053e-28	5.301251e-29	3.523710e-29	5.011715e-29	1.701593e-28	1.030013e-27	6.659589e-27	3.018803e-26	7.117167e-26	7.406334e-26	4.190000e-26	1.304490e-25	4.700541e-25	6.011594e-25	3.183684e-25	1.507380e-25	1.365112e-25	1.767411e-25	2.520352e-25	4.183406e-25	1.338126e-24	
R26	6.697225e-26	7.917040e-25	5.051345e-24	5.982402e-23	7.398954e-22	7.494033e-21	9.589577e-20	1.743540e-18	8.828368e-17	5.112556e-14	1.237428e-11	6.076153e-10	5.226792e-09	1.084092e-08	1.573837e-08	1.696036e-08	1.491716e-08	1.156095e-08	8.366371e-09	6.347983e-09	5.141174e-09	4.268356e-09	3.595055e-09	3.060112e-09	2.641173e-09	2.320596e-09	2.098152e-09	1.946199e-09	1.781387e-09	1.499668e-09	1.226890e-09	1.261691e-09	2.109742e-09	4.759137e-09	9.740774e-09	1.408525e-08	1.215399e-08	5.663161e-09	1.285489e-09	8.345037e-11	4.174601e-12	4.028522e-13	2.518220e-14	1.299285e-15	1.989110e-16	6.611940e-17	2.629763e-17	1.060925e-17	4.940160e-18	3.604672e-17	
R27	1.007727e-19	1.050776e-18	7.923889e-18	2.145817e-17	3.157302e-17	3.159490e-17	2.279905e-17	1.843824e-17	1.936385e-17	2.148602e-17	1.274336e-17	1.903986e-18	3.453690e-19	2.221135e-19	1.167539e-19	5.581597e-20	2.555407e-20	1.157858e-20	5.246689e-21	2.240401e-21	8.919215e-22	3.483030e-22	1.393029e-22	6.156229e-23	3.576088e-23	3.259141e-23	4.372201e-23	6.985189e-23	1.218232e-22	2.235485e-22	4.150175e-22	7.349994e-22	1.298772e-21	2.355306e-21	4.200982e-21	7.077076e-21	1.072431e-20	1.400230e-20	1.552948e-20	1.485268e-20	1.263470e-20	1.021243e-20	8.172608e-21	6.603813e-21	5.487737e-21	4.884787e-21	5.023637e-21	6.493782e-21	1.129011e-20	2.609718e-20	
R28	2.734162e-14	1.543264e-14	1.029658e-14	4.778167e-15	1.281181e-15	1.490534e-16	7.644257e-18	2.493631e-19	5.387865e-21	8.159709e-23	2.127161e-24	2.361344e-25	5.975613e-26	5.578649e-26	4.573525e-26	3.356290e-26	2.188174e-26	1.277117e-26	6.793278e-27	3.503856e-27	1.784408e-27	8.883224e-28	4.341079e-28	2.092107e-28	1.000658e-28	4.763719e-29	2.263371e-29	1.067093e-29	4.922960e-30	2.292373e-30	1.329002e-30	1.191585e-30	1.524188e-30	2.260038e-30	3.225589e-30	3.843415e-30	3.427911e-30	2.284284e-30	1.373817e-30	1.145447e-30	1.694128e-30	2.760286e-30	4.458315e-30	6.919366e-30	1.002395e-29	1.332692e-29	1.630932e-29	1.871170e-29	2.065547e-29	3.064214e-29	
R29	4.265165e-28	2.154445e-28	3.961796e-28	5.176376e-28	4.720910e-28	3.783695e-28	2.693418e-28	2.290386e-28	2.714807e-28	1.590221e-27	6.071575e-26	6.448588e-25	1.773271e-24	3.582924e-24	5.371671e-24	6.605418e-24	7.249091e-24	7.557518e-24	7.711234e-24	7.388292e-24	6.605925e-24	5.837909e-24	5.332636e-24	5.407023e-24	7.272582e-24	1.538568e-23	4.818618e-23	1.792374e-22	7.128035e-22	2.805397e-21	1.021589e-20	3.306543e-20	1.096712e-19	4.233939e-19	1.879851e-18	8.946919e-18	4.037467e-17	1.413827e-16	3.280955e-16	6.461400e-16	2.482489e-15	7.587446e-15	1.098569e-14	9.873778e-15	8.587514e-15	7.561713e-15	6.231681e-15	4.784564e-15	3.455709e-15	2.187670e-15	
R30	1.258474e-19	4.994522e-19	1.769182e-18	5.711490e-18	1.473587e-17	3.750623e-17	1.183405e-16	4.499926e-16	1.364316e-15	4.837319e-15	2.381943e-14	1.167581e-13	2.669393e-13	6.286210e-13	1.540451e-12	3.734654e-12	8.796339e-12	2.025076e-11	4.619184e-11	1.007812e-10	2.077431e-10	4.145185e-10	8.022067e-10	1.503852e-09	2.867027e-09	6.546033e-09	2.182979e-08	9.762876e-08	4.909686e-07	2.510630e-06	1.255692e-05	5.825431e-05	2.603197e-04	1.131885e-03	4.448819e-03	1.462092e-02	3.678316e-02	6.631269e-02	8.302726e-02	7.807180e-02	1.882344e-01	5.242965e-01	1.167344e+00	2.102109e+00	3.129484e+00	3.987309e+00	4.780374e+00	5.973215e+00	7.132911e+00	6.170855e+00	
R31	3.499225e-53	7.485732e-52	1.310201e-50	1.930947e-49	1.844774e-48	1.743152e-47	2.576332e-46	5.637339e-45	8.005274e-44	1.589375e-42	6.237395e-41	2.494887e-39	2.370244e-38	2.568863e-37	3.005217e-36	3.435792e-35	3.700449e-34	3.798154e-33	3.815826e-32	3.493518e-31	2.842365e-30	2.154746e-29	1.526889e-28	1.009511e-27	6.850981e-27	6.618574e-26	1.350776e-24	4.911881e-23	2.234318e-21	1.038852e-19	4.555268e-18	1.693142e-16	5.678033e-15	1.723640e-13	4.061798e-12	6.329367e-11	5.456820e-10	2.283705e-09	4.373964e-09	4.505026e-09	2.914807e-08	2.395633e-07	1.201553e-06	3.878097e-06	8.851858e-06	1.597547e-05	2.794159e-05	5.732060e-05	1.167341e-04	1.685783e-04	
R32	7.114739e-23	5.678577e-22	4.680980e-21	2.413872e-20	6.987047e-20	1.741698e-19	4.790975e-19	1.554867e-18	3.959086e-18	1.071893e-17	3.548441e-17	9.568844e-17	1.885284e-16	5.597508e-16	1.489675e-15	3.463128e-15	7.091007e-15	1.319406e-14	2.301253e-14	3.376525e-14	4.162982e-14	4.781735e-14	5.380667e-14	6.147634e-14	7.670021e-14	1.242439e-13	3.191621e-13	1.201148e-12	5.738431e-12	3.358732e-11	2.663043e-10	2.993563e-09	4.295142e-08	6.364836e-07	7.670098e-06	6.289950e-05	2.952076e-04	7.327171e-04	1.124922e-03	1.386827e-03	2.534986e-03	5.164433e-03	8.610046e-03	1.162029e-02	1.322089e-02	1.331666e-02	1.311427e-02	1.393501e-02	1.565726e-02	5.174770e-02	
R33	1.935999e-17	7.683293e-17	2.721555e-16	8.785846e-16	2.266719e-15	5.769129e-15	1.820203e-14	6.920124e-14	2.096847e-13	7.423808e-13	3.646593e-12	1.781621e-11	4.056788e-11	9.507984e-11	2.317190e-10	5.582633e-10	1.305420e-09	2.979891e-09	6.729642e-09	1.450784e-08	2.948309e-08	5.783328e-08	1.096761e-07	2.008978e-07	3.728077e-07	8.253812e-07	2.655795e-06	1.140570e-05	5.477999e-05	2.659663e-04	1.253832e-03	5.441036e-03	2.242022e-02	8.784481e-02	3.030026e-01	8.489021e-01	1.766152e+00	2.554244e+00	2.491016e+00	1.774029e+00	3.151097e+00	6.263376e+00	9.622187e+00	1.167636e+01	1.166306e+01	1.006131e+01	8.194597e+00	6.742388e+00	4.808799e+00	2.314233e+00	
R34	8.706102e-41	1.673853e-38	1.180057e-36	2.283578e-35	2.398395e-34	2.301602e-33	2.548271e-32	5.291645e-31	2.210270e-29	1.652727e-27	1.121932e-25	2.745841e-24	1.545082e-23	5.511318e-23	1.439571e-22	2.947080e-22	5.046659e-22	7.604941e-22	1.033122e-21	1.222652e-21	1.255546e-21	1.174473e-21	1.078076e-21	1.176575e-21	2.109578e-21	6.930498e-21	3.925901e-20	3.005406e-19	2.484119e-18	1.998578e-17	1.620731e-16	1.346161e-15	1.204697e-14	1.137210e-13	9.942311e-13	7.030458e-12	3.481903e-11	1.083629e-10	2.014723e-10	2.346110e-10	6.867978e-10	2.437012e-09	6.959385e-09	1.634835e-08	3.279755e-08	5.888996e-08	1.044279e-07	2.019765e-07	4.241101e-07	1.057635e-06	
R35	1.177036e-15	5.280974e-14	3.762457e-13	1.366887e-12	3.186981e-12	5.978037e-12	1.083315e-11	3.245799e-11	1.206516e-10	4.760853e-10	1.778349e-09	5.117018e-09	8.873638e-09	1.371305e-08	1.850614e-08	2.224545e-08	2.434921e-08	2.479684e-08	2.382803e-08	2.155551e-08	1.826174e-08	1.460028e-08	1.098371e-08	7.765883e-09	5.433827e-09	4.447134e-09	5.205753e-09	8.026890e-09	1.365575e-08	2.403716e-08	4.720526e-08	1.098562e-07	3.087860e-07	9.750805e-07	2.890344e-06	6.630219e-06	9.747790e-06	8.335407e-06	4.498255e-06	2.263935e-06	5.342516e-06	1.872281e-05	5.345127e-05	1.218329e-04	2.289587e-04	3.736999e-04	5.879207e-04	9.781164e-04	1.557282e-03	1.955587e-03	
R36	5.813496e-28	4.265842e-26	1.813195e-24	2.359487e-23	1.586962e-22	7.970838e-22	3.445873e-21	2.094200e-20	1.990064e-19	2.821364e-18	3.169204e-17	1.073790e-16	1.235929e-16	1.686570e-16	1.798995e-16	1.627520e-16	1.330055e-16	1.028844e-16	7.693779e-17	5.191239e-17	3.104444e-17	1.737994e-17	9.464547e-18	5.398962e-18	4.013668e-18	5.455511e-18	1.537279e-17	6.601874e-17	3.240385e-16	1.588199e-15	7.691672e-15	3.627393e-14	1.776846e-13	9.001423e-13	4.176245e-12	1.558548e-11	4.058540e-11	6.620779e-11	6.447239e-11	3.930142e-11	5.987623e-11	1.097000e-10	1.614096e-10	1.995005e-10	2.246865e-10	2.577400e-10	3.609394e-10	7.280871e-10	2.051534e-09	7.421853e-09	
R37	3.459846e-17	2.379027e-16	1.486425e-15	5.751393e-15	1.284827e-14	1.446142e-14	9.130883e-15	4.951952e-15	2.333164e-15	1.202443e-15	1.778975e-15	1.543950e-14	4.804218e-14	9.343085e-14	1.554324e-13	2.158536e-13	2.512022e-13	2.502977e-13	2.197181e-13	1.790703e-13	1.369882e-13	9.776730e-14	6.505328e-14	4.046797e-14	2.477142e-14	1.758775e-14	1.755255e-14	2.224453e-14	2.888183e-14	3.592116e-14	5.432654e-14	1.297073e-13	4.599255e-13	1.905073e-12	7.072552e-12	1.866877e-11	2.861289e-11	2.382274e-11	1.257992e-11	6.685141e-12	1.770793e-11	6.539788e-11	1.942098e-10	4.610495e-10	9.052210e-10	1.550951e-09	2.584543e-09	4.627334e-09	8.278421e-09	1.922072e-08	
R38	1.708601e-16	4.671565e-16	1.056858e-15	1.612661e-15	1.945229e-15	2.353148e-15	3.217729e-15	5.240851e-15	8.942145e-15	2.068631e-14	6.338622e-14	1.376954e-13	1.533638e-13	2.136432e-13	2.598508e-13	2.831931e-13	2.843077e-13	2.701941e-13	2.478542e-13	2.075844e-13	1.563847e-13	1.102868e-13	7.360695e-14	4.672324e-14	2.968004e-14	2.220871e-14	2.370257e-14	3.269018e-14	4.750770e-14	6.632852e-14	9.868964e-14	2.063353e-13	7.971508e-13	4.769013e-12	2.914734e-11	1.375613e-10	4.038406e-10	6.417142e-10	5.326452e-10	2.710498e-10	6.815466e-10	2.728306e-09	8.294287e-09	1.860769e-08	3.246770e-08	4.768010e-08	6.876874e-08	1.133529e-07	2.099932e-07	3.785469e-07	
R39	6.438080e-12	6.429998e-12	5.712945e-12	3.781073e-12	2.045345e-12	1.023320e-12	5.027883e-13	2.479308e-13	1.139130e-13	5.491722e-14	2.772020e-14	1.110108e-14	5.925326e-15	6.778192e-15	7.060350e-15	6.868937e-15	6.315488e-15	5.567396e-15	4.758216e-15	3.909211e-15	3.066750e-15	2.309036e-15	1.661700e-15	1.140099e-15	7.814330e-16	6.288860e-16	7.198071e-16	1.064252e-15	1.665240e-15	2.501456e-15	3.722669e-15	5.740083e-15	9.475039e-15	1.648428e-14	2.810957e-14	4.316217e-14	5.445109e-14	5.283367e-14	3.796915e-14	2.077506e-14	3.342916e-14	7.152519e-14	1.299784e-13	1.997510e-13	2.628709e-13	3.047123e-13	3.409859e-13	4.049851e-13	4.595833e-13	3.727826e-13	
R40	9.744700e-34	2.844505e-34	3.127890e-34	2.338687e-34	1.165537e-34	4.914513e-35	1.850130e-35	1.266688e-35	2.438800e-35	5.367863e-35	4.684262e-35	8.429489e-36	4.732083e-36	9.218891e-36	1.392289e-35	1.801959e-35	2.111285e-35	2.330426e-35	2.479458e-35	2.385869e-35	2.060579e-35	1.695037e-35	1.359861e-35	1.073171e-35	8.476717e-36	6.744354e-36	5.475305e-36	4.561386e-36	3.976864e-36	3.760946e-36	4.002051e-36	4.513699e-36	5.167557e-36	5.949632e-36	6.770642e-36	7.809303e-36	9.512849e-36	1.252748e-35	1.774549e-35	3.306469e-35	7.062028e-35	2.822192e-34	5.420466e-34	4.285807e-34	2.291511e-34	1.169141e-34	6.950659e-35	5.136415e-35	4.463502e-35	6.194172e-35	
R41	6.694684e-51	6.431155e-52	6.502513e-53	1.761903e-54	2.035747e-56	1.337036e-58	5.082891e-61	1.520825e-63	3.533938e-66	4.444373e-69	1.343661e-72	4.165372e-77	1.061754e-79	1.174231e-79	9.069088e-80	6.134869e-80	3.796405e-80	2.211510e-80	1.221285e-80	6.206090e-81	2.901098e-81	1.300417e-81	6.035760e-82	3.516148e-82	3.388268e-82	5.117976e-82	9.415112e-82	1.818289e-81	3.595120e-81	7.232025e-81	1.487392e-80	3.042011e-80	6.349248e-80	1.358853e-79	2.829740e-79	5.472222e-79	9.350136e-79	1.354033e-78	1.637869e-78	1.677367e-78	1.495749e-78	1.228769e-78	9.609371e-79	7.260206e-79	5.334849e-79	3.823667e-79	2.676892e-79	1.831219e-79	1.219718e-79	7.690815e-80	
R44	2.650452e-15	8.017267e-15	2.362963e-14	4.226197e-14	5.164603e-14	5.951923e-14	7.379931e-14	1.046089e-13	1.506371e-13	2.591116e-13	5.833941e-13	1.232828e-12	1.642764e-12	2.575131e-12	3.451629e-12	4.075340e-12	4.370249e-12	4.387591e-12	4.220126e-12	3.640810e-12	2.762357e-12	1.934870e-12	1.273081e-12	7.951238e-13	4.981019e-13	3.704328e-13	3.998514e-13	5.830055e-13	1.012298e-12	2.228793e-12	7.341860e-12	3.407090e-11	1.980274e-10	1.291768e-09	8.042344e-09	4.146952e-08	1.540284e-07	3.909608e-07	8.535653e-07	3.519125e-06	4.267894e-05	2.691043e-04	1.016882e-03	2.638752e-03	5.154210e-03	8.261909e-03	1.244827e-02	2.069212e-02	4.031243e-02	7.107926e-02	
R45	1.584038e-18	4.528776e-18	1.381109e-17	2.474364e-17	2.738109e-17	2.644523e-17	2.802164e-17	3.448454e-17	3.588596e-17	4.196434e-17	5.696438e-17	1.207210e-16	2.879344e-16	6.131269e-16	1.106663e-15	1.680678e-15	2.198502e-15	2.546036e-15	2.651739e-15	2.397367e-15	1.871433e-15	1.322118e-15	8.819425e-16	5.968129e-16	4.791278e-16	5.549922e-16	1.033995e-15	2.450284e-15	5.600303e-15	1.093963e-14	1.999891e-14	3.881143e-14	8.512472e-14	2.073309e-13	5.175034e-13	1.188242e-12	2.186191e-12	2.906354e-12	2.737460e-12	2.013581e-12	5.147481e-12	1.935683e-11	6.023481e-11	1.458794e-10	2.794706e-10	4.526426e-10	7.209364e-10	1.292120e-09	2.332311e-09	3.940777e-09	
R46	7.920192e-20	2.264388e-19	6.905547e-19	1.237182e-18	1.369054e-18	1.322262e-18	1.401082e-18	1.724227e-18	1.794298e-18	2.098217e-18	2.848219e-18	6.036052e-18	1.439672e-17	3.065634e-17	5.533317e-17	8.403388e-17	1.099251e-16	1.273018e-16	1.325870e-16	1.198684e-16	9.357164e-17	6.610591e-17	4.409713e-17	2.984064e-17	2.395639e-17	2.774961e-17	5.169973e-17	1.225142e-16	2.800151e-16	5.469816e-16	9.999456e-16	1.940572e-15	4.256236e-15	1.036654e-14	2.587517e-14	5.941209e-14	1.093096e-13	1.453177e-13	1.368730e-13	1.006790e-13	2.573740e-13	9.678415e-13	3.011741e-12	7.293968e-12	1.397353e-11	2.263213e-11	3.604682e-11	6.460602e-11	1.166155e-10	1.970389e-10	
R47	5.148550e-39	1.109587e-38	1.193264e-38	5.714585e-38	2.157533e-37	1.156607e-36	9.898825e-36	1.221823e-34	3.214251e-33	6.288199e-31	7.508309e-29	2.971217e-27	2.348939e-26	6.793890e-26	1.386989e-25	2.067748e-25	2.442534e-25	2.481331e-25	2.324417e-25	2.065456e-25	1.738682e-25	1.406547e-25	1.094583e-25	8.184209e-26	6.193864e-26	5.630646e-26	7.631156e-26	1.451580e-25	3.397529e-25	9.863221e-25	3.956493e-24	1.978754e-23	1.115986e-22	6.365035e-22	3.034730e-21	1.036145e-20	2.205552e-20	2.792700e-20	2.575348e-20	3.423152e-20	9.965647e-20	8.892035e-20	2.160334e-20	4.473249e-21	4.798289e-21	6.889129e-21	9.667447e-21	1.409354e-20	1.888208e-20	3.070770e-20	
R48	1.118094e-10	9.390236e-11	7.109357e-11	3.956125e-11	1.772242e-11	7.217444e-12	2.830149e-12	1.088679e-12	3.799225e-13	1.347972e-13	4.824883e-14	1.311447e-14	5.678703e-15	6.502192e-15	6.735756e-15	6.512153e-15	5.944309e-15	5.195859e-15	4.396603e-15	3.569100e-15	2.760394e-15	2.043200e-15	1.440869e-15	9.659595e-16	6.444528e-16	5.029151e-16	5.554020e-16	7.885604e-16	1.178396e-15	1.680672e-15	2.357529e-15	3.400306e-15	5.175592e-15	8.113907e-15	1.214233e-14	1.589397e-14	1.658181e-14	1.290692e-14	7.224920e-15	2.994024e-15	3.549234e-15	5.419221e-15	6.795046e-15	7.037001e-15	6.213392e-15	4.876531e-15	3.707221e-15	2.899285e-15	1.965081e-15	8.866731e-16	
R49	1.689639e-23	2.334024e-23	2.737809e-23	2.207778e-23	1.329877e-23	6.940248e-24	3.419463e-24	1.648659e-24	5.973053e-25	1.470379e-25	2.625690e-26	4.579451e-27	2.410202e-27	3.883355e-27	5.794978e-27	7.915143e-27	1.017223e-26	1.266211e-26	1.530349e-26	1.689687e-26	1.673919e-26	1.569723e-26	1.481877e-26	1.552801e-26	2.080371e-26	3.964025e-26	1.160695e-25	4.281110e-25	1.580115e-24	5.218602e-24	1.598955e-23	4.738168e-23	1.461203e-22	4.705652e-22	1.443286e-21	3.819241e-21	7.850471e-21	1.170273e-20	1.241538e-20	9.950272e-21	2.376580e-20	7.385765e-20	1.820042e-19	3.482425e-19	5.324779e-19	6.917141e-19	8.635657e-19	1.142278e-18	1.388405e-18	1.215271e-18	
R50	2.518437e-10	6.591282e-10	1.702652e-09	2.911259e-09	3.704637e-09	4.364587e-09	5.132407e-09	6.391229e-09	8.085919e-09	1.161544e-08	1.881334e-08	2.545025e-08	3.132941e-08	4.772309e-08	6.189488e-08	6.991168e-08	7.063580e-08	6.559483e-08	5.703595e-08	4.419967e-08	3.031531e-08	1.908847e-08	1.113927e-08	6.059892e-09	3.235536e-09	1.999561e-09	1.735215e-09	1.925766e-09	2.246781e-09	2.489623e-09	2.663893e-09	2.864209e-09	3.206987e-09	3.684458e-09	4.074159e-09	4.071158e-09	3.441901e-09	2.297724e-09	1.204072e-09	5.719242e-10	6.273733e-10	9.369740e-10	1.279970e-09	1.573241e-09	1.790353e-09	1.960350e-09	2.264305e-09	3.005823e-09	4.326215e-09	1.531777e-08	
R51	4.250183e-20	1.273644e-18	3.105322e-17	1.916783e-16	4.653350e-16	6.940943e-16	6.911001e-16	7.897422e-16	1.214827e-15	1.907621e-15	1.514116e-15	2.696710e-16	6.365340e-17	5.102433e-17	2.912805e-17	1.335282e-17	5.314500e-18	1.946206e-18	6.743430e-19	1.936478e-19	4.611062e-20	1.036562e-20	2.410497e-21	6.492530e-22	2.468138e-22	1.595866e-22	1.649143e-22	2.217141e-22	3.673381e-22	7.715441e-22	2.270690e-21	9.744144e-21	5.528403e-20	3.416871e-19	1.868544e-18	7.854577e-18	2.220468e-17	3.991495e-17	5.428189e-17	6.806587e-17	4.389731e-17	2.595202e-17	1.555119e-17	9.417869e-18	5.981052e-18	4.208791e-18	3.555471e-18	3.908347e-18	6.393576e-18	5.645934e-17	
R52	3.612237e-14	6.468920e-14	1.523124e-13	1.764686e-13	8.584178e-14	1.643615e-14	1.290049e-15	6.628199e-17	2.351072e-18	5.681958e-20	2.250351e-21	3.406164e-22	1.201093e-22	1.394995e-22	1.242031e-22	8.740081e-23	4.953654e-23	2.336715e-23	9.504217e-24	3.296662e-24	1.004176e-24	2.877730e-25	8.176839e-26	2.401732e-26	7.517757e-27	2.539105e-27	9.292989e-28	3.686877e-28	1.615859e-28	8.612233e-29	7.915140e-29	1.719583e-28	7.062312e-28	3.568933e-27	1.561719e-26	4.643310e-26	7.725843e-26	7.088064e-26	5.227191e-26	5.714013e-26	6.407089e-26	7.635502e-26	9.234535e-26	1.074152e-25	1.189227e-25	1.249922e-25	1.256481e-25	1.225886e-25	1.273274e-25	7.216101e-25	
R53	1.267714e-08	1.415520e-08	1.836915e-08	1.329563e-08	5.788692e-09	2.079573e-09	6.549400e-10	2.005762e-10	5.539869e-11	1.419470e-11	3.073366e-12	3.509495e-13	8.016071e-14	6.559524e-14	4.269883e-14	2.357978e-14	1.152900e-14	5.187113e-15	2.204691e-15	7.858625e-16	2.357337e-16	6.675453e-17	1.902549e-17	5.702260e-18	1.852264e-18	6.593175e-19	2.580546e-19	1.114176e-19	5.465674e-20	3.270142e-20	2.956780e-20	5.625135e-20	2.517102e-19	1.837199e-18	1.323508e-17	7.035733e-17	2.242306e-16	3.926255e-16	4.551239e-16	4.764097e-16	5.070952e-16	6.550402e-16	8.110054e-16	8.914796e-16	8.771271e-16	7.901745e-16	6.874865e-16	6.175226e-16	6.641721e-16	2.922493e-15	
R54	5.566806e-34	3.460197e-34	1.540808e-34	2.447019e-34	2.247931e-34	2.314014e-34	2.811423e-34	3.804820e-34	8.856964e-34	9.724553e-33	3.800141e-32	3.288507e-32	3.324393e-32	5.723058e-32	6.253039e-32	4.723686e-32	2.717504e-32	1.306955e-32	5.672726e-33	2.145330e-33	7.190747e-34	2.335812e-34	7.762334e-35	2.740420e-35	1.060538e-35	4.586231e-36	2.279464e-36	1.357387e-36	1.072431e-36	1.334171e-36	3.252252e-36	1.480054e-35	9.668194e-35	6.727518e-34	3.780716e-33	1.453984e-32	3.359918e-32	4.687999e-32	6.037453e-32	1.650760e-31	2.034350e-31	5.857365e-32	5.795513e-33	5.879879e-34	3.556507e-34	3.132394e-34	2.651620e-34	2.106525e-34	1.638519e-34	6.504401e-34	
R55	2.092497e-31	2.084150e-31	8.739198e-31	1.780378e-30	1.770325e-30	1.343556e-30	8.013563e-31	5.550568e-31	5.229528e-31	2.192083e-30	5.210961e-29	2.779492e-28	6.262311e-28	1.597557e-27	2.601153e-27	3.067124e-27	2.926188e-27	2.465637e-27	1.923693e-27	1.239502e-27	6.628638e-28	3.372187e-28	1.791037e-28	1.106812e-28	9.742407e-29	1.462266e-28	3.527745e-28	1.104231e-27	4.171786e-27	1.879316e-26	1.084886e-25	8.508388e-25	9.060995e-24	1.192181e-22	1.622902e-21	1.927342e-20	1.622558e-19	7.822555e-19	2.225946e-18	5.747350e-18	1.674083e-17	3.742434e-17	4.057388e-17	2.733113e-17	1.816637e-17	1.264586e-17	8.560524e-18	5.589259e-18	3.798386e-18	9.186294e-18	
R56	3.447286e-23	6.684099e-22	1.031023e-21	1.060647e-21	1.558145e-21	2.281283e-21	3.281181e-21	5.121098e-21	9.786205e-21	2.872683e-20	5.440289e-20	4.323783e-20	2.851036e-20	3.102625e-20	2.685161e-20	1.901808e-20	1.138421e-20	5.991565e-21	2.849179e-21	1.178475e-21	4.320142e-22	1.510681e-22	5.274217e-23	1.893723e-23	7.197472e-24	2.909624e-24	1.253938e-24	5.722947e-25	2.798978e-25	1.532281e-25	1.119932e-25	1.330271e-25	2.595569e-25	8.734082e-25	4.522614e-24	2.373898e-23	8.626706e-23	1.709823e-22	1.889004e-22	1.506506e-22	2.275529e-22	3.205492e-22	1.834947e-22	4.989112e-23	1.361560e-23	7.694347e-24	6.348930e-24	5.547558e-24	5.307296e-24	2.918191e-23	
R57	3.218764e-32	2.401140e-31	1.610725e-30	3.031325e-30	2.700880e-30	1.925796e-30	1.259368e-30	1.129057e-30	1.402569e-30	1.908656e-30	1.537275e-30	3.360468e-31	9.997749e-32	1.367995e-31	1.366994e-31	1.129223e-31	8.208761e-32	5.491832e-32	3.446959e-32	1.861273e-32	8.534019e-33	3.619266e-33	1.566959e-33	8.501919e-34	7.690165e-34	1.106562e-33	1.988740e-33	3.942073e-33	9.050531e-33	2.808398e-32	1.355150e-31	8.907576e-31	7.089160e-30	6.300195e-29	5.442728e-28	4.129601e-27	2.497948e-26	1.170278e-25	5.460057e-25	5.478516e-24	4.897852e-23	1.616709e-22	3.667945e-22	6.582235e-22	9.927369e-22	1.309569e-21	1.570409e-21	1.840772e-21	2.471787e-21	3.422798e-21	
R59	3.183089e-19	1.529439e-17	5.605719e-16	6.171517e-15	3.179051e-14	1.174205e-13	3.558834e-13	1.437884e-12	8.644953e-12	6.622255e-11	3.625653e-10	6.403621e-10	4.438934e-10	3.866037e-10	2.615018e-10	1.517185e-10	8.101491e-11	4.180565e-11	2.131926e-11	9.559610e-12	3.680729e-12	1.337162e-12	4.889557e-13	1.967037e-13	1.044336e-13	8.795214e-14	1.112726e-13	1.753121e-13	3.392870e-13	9.125447e-13	3.749934e-12	1.998748e-11	1.243606e-10	8.456046e-10	5.506616e-09	3.115195e-08	1.389855e-07	4.747091e-07	1.599442e-06	1.152664e-05	7.390240e-05	1.760339e-04	2.929312e-04	3.996777e-04	4.929677e-04	6.067945e-04	8.402268e-04	1.520090e-03	4.537104e-03	2.279747e-02	
R60	1.732468e-08	7.329058e-08	3.727770e-07	1.146492e-06	1.832887e-06	1.408817e-06	5.750283e-07	1.896141e-07	5.120861e-08	1.277706e-08	8.148836e-09	3.210589e-08	5.588528e-08	6.950777e-08	7.332767e-08	6.530596e-08	4.965926e-08	3.300835e-08	1.975967e-08	1.070222e-08	5.271262e-09	2.441241e-09	1.090738e-09	4.785145e-10	2.091853e-10	9.202433e-11	4.123417e-11	1.917119e-11	9.814692e-12	6.698555e-12	8.595998e-12	2.319580e-11	1.044725e-10	5.808300e-10	3.026609e-09	1.211050e-08	3.180115e-08	5.543596e-08	1.012870e-07	6.363360e-07	7.093381e-06	3.405922e-05	1.143903e-04	2.997746e-04	6.445809e-04	1.185057e-03	1.952664e-03	3.135438e-03	5.941948e-03	1.916132e-02	
R61	1.183767e-09	5.189284e-09	2.723935e-08	8.657021e-08	1.432164e-07	1.140867e-07	4.834140e-08	1.657860e-08	4.666022e-09	1.216010e-09	8.120672e-10	3.359635e-09	5.995422e-09	7.451768e-09	7.861290e-09	7.001301e-09	5.323854e-09	3.538749e-09	2.118388e-09	1.147361e-09	5.651198e-10	2.617198e-10	1.169355e-10	5.130043e-11	2.242627e-11	9.865716e-12	4.420620e-12	2.055299e-12	1.052210e-12	7.181366e-13	9.215571e-13	2.486768e-12	1.120025e-11	6.226944e-11	3.244758e-10	1.298339e-09	3.409328e-09	5.943161e-09	1.085875e-08	6.822011e-08	7.604650e-07	3.651411e-06	1.226352e-05	3.213814e-05	6.910403e-05	1.270472e-04	2.093406e-04	3.361430e-04	6.370225e-04	2.054240e-03	
R62	2.231487e-17	1.032188e-17	5.859755e-18	2.425286e-18	7.428038e-19	2.020515e-19	5.188661e-20	1.605946e-20	5.820168e-21	2.183806e-21	7.238381e-22	1.396446e-22	3.648698e-23	3.310224e-23	2.541807e-23	1.769967e-23	1.157319e-23	7.313237e-24	4.554729e-24	2.531009e-24	1.229194e-24	5.630152e-25	2.522092e-25	1.126577e-25	5.088911e-26	2.345211e-26	1.118407e-26	5.732100e-27	3.657586e-27	4.366299e-27	1.403863e-26	8.451817e-26	6.632869e-25	5.799839e-24	4.775444e-23	3.229858e-22	1.563584e-21	5.166047e-21	1.523159e-20	9.691495e-20	1.124308e-18	6.595282e-18	2.624020e-17	7.731725e-17	1.807275e-16	3.575748e-16	6.554101e-16	1.270687e-15	3.325746e-15	1.124198e-14	
R63	3.789101e-13	4.924779e-13	8.775944e-13	9.407555e-13	6.185733e-13	3.148300e-13	1.389690e-13	6.361702e-14	2.679409e-14	1.044995e-14	4.566700e-15	2.548917e-15	1.693128e-15	1.872033e-15	1.756496e-15	1.459374e-15	1.109513e-15	7.971734e-16	5.561387e-16	3.540600e-16	2.026493e-16	1.104183e-16	5.897384e-17	3.139536e-17	1.690535e-17	9.297226e-18	5.298472e-18	3.201038e-18	2.192165e-18	1.974520e-18	2.829316e-18	7.221854e-18	3.599393e-17	2.703370e-16	1.973047e-15	1.068327e-14	3.497970e-14	6.311015e-14	7.579147e-14	8.997650e-14	1.075357e-13	1.667747e-13	3.120501e-13	5.602983e-13	9.095211e-13	1.325969e-12	1.807241e-12	2.631782e-12	6.138272e-12	3.739241e-11	
R64	3.067578e-09	5.276175e-09	9.910284e-09	1.226904e-08	1.081978e-08	9.140116e-09	8.270669e-09	8.393928e-09	8.423893e-09	9.694757e-09	1.317959e-08	1.340013e-08	8.479987e-09	7.551693e-09	5.824554e-09	4.070881e-09	2.670408e-09	1.692993e-09	1.059064e-09	5.894643e-10	2.859156e-10	1.308437e-10	5.863841e-11	2.624997e-11	1.190850e-11	5.521129e-12	2.645603e-12	1.338615e-12	7.670579e-13	5.876831e-13	7.419388e-13	1.753196e-12	8.603340e-12	6.908412e-11	5.926405e-10	4.239895e-09	2.132569e-08	7.095023e-08	2.037635e-07	1.225850e-06	1.297159e-05	6.751129e-05	2.321182e-04	5.748465e-04	1.098466e-03	1.730974e-03	2.468578e-03	3.649323e-03	7.161414e-03	1.793030e-02	
R65	5.805657e-07	3.180651e-07	2.090278e-07	1.001227e-07	3.538904e-08	1.108031e-08	3.240533e-09	9.001384e-10	2.213677e-10	4.873822e-11	1.013441e-11	1.790248e-12	5.310518e-13	3.885549e-13	2.566539e-13	1.601321e-13	9.620087e-14	5.657368e-14	3.297261e-14	1.800259e-14	9.092956e-15	4.442660e-15	2.146837e-15	1.038775e-15	5.084724e-16	2.535477e-16	1.302952e-16	7.067502e-17	4.360378e-17	3.594338e-17	4.538728e-17	7.909668e-17	1.658405e-16	3.872603e-16	9.268935e-16	2.157471e-15	4.663188e-15	9.473403e-15	2.355604e-14	1.523750e-13	1.031826e-12	2.870288e-12	5.899082e-12	1.000764e-11	1.442317e-11	1.794017e-11	1.985068e-11	2.114471e-11	2.541797e-11	2.863562e-11	
R66	1.452374e-07	2.128751e-07	4.238037e-07	4.316084e-07	2.336192e-07	1.006256e-07	3.723795e-08	1.330592e-08	4.327084e-09	1.205440e-09	2.965417e-10	5.447328e-11	1.956526e-11	1.787856e-11	1.282525e-11	7.673101e-12	4.007369e-12	1.904697e-12	8.488419e-13	3.116734e-13	9.415801e-14	2.648250e-14	7.440861e-15	2.194314e-15	7.029210e-16	2.486742e-16	9.843842e-17	4.493233e-17	2.633527e-17	2.484768e-17	4.973974e-17	2.100356e-16	1.413955e-15	1.125284e-14	8.257723e-14	4.796141e-13	1.933908e-12	5.409038e-12	1.649219e-11	1.398673e-10	7.180545e-10	1.460984e-09	2.248357e-09	2.858692e-09	3.148640e-09	3.096109e-09	2.814052e-09	2.549031e-09	2.883130e-09	1.240871e-08	
R67	4.406579e-10	7.750989e-10	1.924252e-09	2.740242e-09	2.170046e-09	1.431260e-09	9.803871e-10	7.335779e-10	4.375722e-10	2.477276e-10	1.449628e-10	1.394640e-10	1.860783e-10	2.534084e-10	2.900477e-10	2.824915e-10	2.414521e-10	1.865344e-10	1.324867e-10	7.959991e-11	4.000674e-11	1.834066e-11	8.215214e-12	3.920571e-12	2.247808e-12	1.613269e-12	1.349468e-12	1.173194e-12	1.057282e-12	1.133342e-12	1.757997e-12	3.855955e-12	1.074231e-11	3.511794e-11	1.230328e-10	4.282317e-10	1.349885e-09	3.757301e-09	1.224479e-08	1.064811e-07	1.145533e-06	5.600577e-06	1.971028e-05	5.269490e-05	1.105571e-04	1.921428e-04	3.025994e-04	4.864047e-04	9.300264e-04	2.182554e-03	
R68	1.909675e-30	2.532074e-30	2.216711e-30	8.438180e-30	2.279894e-29	8.346334e-29	4.617707e-28	3.465524e-27	5.225691e-26	4.949474e-24	2.547617e-22	4.576698e-21	2.024010e-20	3.743931e-20	4.846916e-20	4.634015e-20	3.576709e-20	2.423918e-20	1.548439e-20	9.143928e-21	4.955847e-21	2.601583e-21	1.359459e-21	7.168472e-22	3.874433e-22	2.182312e-22	1.327925e-22	9.266876e-23	8.552269e-23	1.362435e-22	4.637254e-22	2.621216e-21	1.877757e-20	1.437489e-19	9.619810e-19	4.978897e-18	1.815786e-17	4.813827e-17	1.535954e-16	2.413617e-15	2.957041e-14	3.430350e-14	9.425512e-15	2.154451e-15	2.530903e-15	3.899166e-15	5.410304e-15	7.073816e-15	1.003916e-14	2.267614e-14	
R69	4.700345e-15	3.994676e-15	3.814493e-15	2.445011e-15	1.053974e-15	3.756178e-16	1.196360e-16	3.507136e-17	7.283189e-18	8.680073e-19	6.681849e-20	5.290449e-21	1.557599e-21	1.605010e-21	1.518817e-21	1.330392e-21	1.117173e-21	9.276850e-22	7.645956e-22	5.610277e-22	3.578436e-22	2.177548e-22	1.380355e-22	1.020063e-22	9.759974e-23	1.152275e-22	1.514826e-22	2.049793e-22	2.983102e-22	5.406453e-22	1.405555e-21	4.707417e-21	1.843964e-20	7.970486e-20	3.431311e-19	1.376420e-18	4.847348e-18	1.512915e-17	5.553459e-17	5.261849e-16	5.288901e-15	2.136948e-14	5.955617e-14	1.257930e-13	2.106454e-13	2.936265e-13	3.624654e-13	4.299983e-13	5.536370e-13	6.730636e-13	
R70	7.005949e-02	1.128096e-01	2.372246e-01	3.224083e-01	2.936054e-01	2.362187e-01	1.795664e-01	1.359584e-01	9.859494e-02	6.856929e-02	4.787613e-02	2.940161e-02	2.024671e-02	1.972419e-02	1.622215e-02	1.175089e-02	7.757631e-03	4.805782e-03	2.849640e-03	1.467564e-03	6.480684e-04	2.647986e-04	1.037613e-04	3.980852e-05	1.517938e-05	5.812386e-06	2.264632e-06	9.220554e-07	4.241701e-07	2.579241e-07	2.341686e-07	2.845620e-07	4.047054e-07	6.240777e-07	9.686027e-07	1.467209e-06	2.125234e-06	2.970470e-06	5.385871e-06	3.024419e-05	1.396173e-04	2.710979e-04	4.188371e-04	5.682901e-04	7.082540e-04	8.321513e-04	9.503991e-04	1.131509e-03	1.725110e-03	8.483573e-03	
R71	4.670633e-01	7.520641e-01	1.581497e+00	2.149388e+00	1.957369e+00	1.574791e+00	1.197109e+00	9.063895e-01	6.572996e-01	4.571286e-01	3.191742e-01	1.960107e-01	1.349781e-01	1.314946e-01	1.081477e-01	7.833926e-02	5.171754e-02	3.203855e-02	1.899760e-02	9.783760e-03	4.320456e-03	1.765324e-03	6.917422e-04	2.653901e-04	1.011959e-04	3.874924e-05	1.509755e-05	6.147036e-06	2.827801e-06	1.719494e-06	1.561124e-06	1.897080e-06	2.698036e-06	4.160518e-06	6.457351e-06	9.781391e-06	1.416823e-05	1.980314e-05	3.590581e-05	2.016279e-04	9.307817e-04	1.807319e-03	2.792248e-03	3.788601e-03	4.721693e-03	5.547676e-03	6.335994e-03	7.543396e-03	1.150074e-02	5.655715e-02	
R72	3.460243e-31	5.531984e-30	6.974121e-30	6.642347e-30	1.020125e-29	1.717686e-29	3.265400e-29	7.243390e-29	1.989474e-28	9.445896e-28	3.623363e-27	7.262538e-27	6.798717e-27	8.202637e-27	8.411416e-27	7.539933e-27	6.055370e-27	4.490780e-27	3.143016e-27	2.029940e-27	1.203279e-27	6.799812e-28	3.732986e-28	2.001937e-28	1.062640e-28	5.595287e-29	2.952169e-29	1.578970e-29	9.020613e-30	6.323641e-30	6.453461e-30	9.521163e-30	2.037281e-29	7.542085e-29	4.650572e-28	3.285185e-27	1.884106e-26	7.095426e-26	1.942146e-25	8.901835e-25	1.336714e-23	7.586742e-23	1.206038e-22	7.387813e-23	3.915734e-23	3.870717e-23	5.235225e-23	7.528586e-23	1.314146e-22	4.111497e-22	
R73	5.066096e-35	5.663906e-33	3.363380e-31	5.182307e-30	3.527125e-29	1.937133e-28	1.184838e-27	1.298782e-26	2.247145e-25	5.530401e-24	9.757290e-23	1.087184e-21	6.125482e-21	1.898214e-20	4.233955e-20	7.149925e-20	9.758811e-20	1.131610e-19	1.135184e-19	9.355898e-20	6.364345e-20	3.896495e-20	2.434895e-20	2.030496e-20	3.331996e-20	1.056403e-19	4.637367e-19	2.116744e-18	9.080779e-18	3.556972e-17	1.358285e-16	5.332287e-16	2.287273e-15	1.082065e-14	5.323456e-14	2.540981e-13	1.068023e-12	3.644950e-12	1.011575e-11	2.484587e-11	6.451952e-11	1.775161e-10	4.721295e-10	1.142646e-09	2.462260e-09	4.793502e-09	8.884717e-09	1.661735e-08	3.424546e-08	1.136648e-07	
R74	3.771094e-28	5.224369e-27	6.765848e-26	2.507405e-25	4.218905e-25	5.622825e-25	7.568028e-25	1.549847e-24	4.055606e-24	1.232645e-23	2.263994e-23	2.219582e-23	2.629644e-23	4.780222e-23	6.432359e-23	6.834590e-23	6.060530e-23	4.677006e-23	3.178732e-23	1.798701e-23	8.485165e-24	3.629538e-24	1.593141e-24	9.365538e-25	1.085628e-24	2.433131e-24	7.547620e-24	2.431536e-23	7.348348e-23	2.023038e-22	5.417512e-22	1.489183e-21	4.472368e-21	1.484041e-20	5.139958e-20	1.736586e-19	5.203351e-19	1.276782e-18	2.569925e-18	4.600547e-18	8.669602e-18	1.706702e-17	3.188688e-17	5.340489e-17	7.899881e-17	1.052969e-16	1.334790e-16	1.686981e-16	2.098799e-16	2.785047e-16	
R75	2.255256e-22	9.623040e-21	3.445293e-19	3.569715e-18	1.555877e-17	4.472414e-17	1.068123e-16	3.426671e-16	1.348843e-15	6.293952e-15	1.837475e-14	2.834363e-14	3.266561e-14	3.872601e-14	3.527377e-14	2.632356e-14	1.714633e-14	1.020608e-14	5.635900e-15	2.648271e-15	1.049093e-15	3.844042e-16	1.425080e-16	6.211574e-17	4.226288e-17	5.543824e-17	1.210580e-16	3.099854e-16	7.896892e-16	1.884399e-15	4.297437e-15	9.578992e-15	2.249049e-14	5.709953e-14	1.490737e-13	3.755318e-13	8.299319e-13	1.484666e-12	2.158068e-12	2.774742e-12	3.749949e-12	5.327157e-12	7.300091e-12	9.295888e-12	1.124549e-11	1.398628e-11	2.047246e-11	3.993493e-11	1.104363e-10	5.317546e-10	
R76	6.628252e-12	1.053828e-11	2.008160e-11	2.439827e-11	1.907127e-11	1.320345e-11	9.974049e-12	8.575433e-12	6.060887e-12	4.614740e-12	3.675075e-12	3.634591e-12	4.053408e-12	4.905547e-12	5.095023e-12	4.580374e-12	3.665137e-12	2.680313e-12	1.815598e-12	1.058976e-12	5.284747e-13	2.439289e-13	1.108303e-13	5.375568e-14	3.125231e-14	2.256822e-14	1.866536e-14	1.534940e-14	1.157773e-14	7.869885e-15	5.513919e-15	5.448772e-15	1.008996e-14	3.025170e-14	1.040433e-13	3.314538e-13	8.258147e-13	1.439002e-12	1.782910e-12	1.913654e-12	4.268414e-12	1.324897e-11	3.751268e-11	8.670403e-11	1.624998e-10	2.587364e-10	3.900559e-10	6.217306e-10	1.130416e-09	2.712181e-09	
R77	6.628252e-11	1.053828e-10	2.008160e-10	2.439827e-10	1.907127e-10	1.320345e-10	9.974049e-11	8.575433e-11	6.060887e-11	4.614740e-11	3.675075e-11	3.634591e-11	4.053408e-11	4.905547e-11	5.095023e-11	4.580374e-11	3.665137e-11	2.680313e-11	1.815598e-11	1.058976e-11	5.284747e-12	2.439289e-12	1.108303e-12	5.375568e-13	3.125231e-13	2.256822e-13	1.866536e-13	1.534940e-13	1.157773e-13	7.869885e-14	5.513919e-14	5.448772e-14	1.008996e-13	3.025170e-13	1.040433e-12	3.314538e-12	8.258147e-12	1.439002e-11	1.782910e-11	1.913654e-11	4.268414e-11	1.324897e-10	3.751268e-10	8.670403e-10	1.624998e-09	2.587364e-09	3.900559e-09	6.217306e-09	1.130416e-08	2.712181e-08	
R78	3.013013e-07	1.869986e-07	1.487947e-07	8.379764e-08	3.157571e-08	9.782986e-09	2.895029e-09	8.287587e-10	1.752195e-10	3.125114e-11	4.672548e-12	9.870315e-13	5.706589e-13	5.658866e-13	5.033446e-13	4.039475e-13	2.960231e-13	2.008070e-13	1.267316e-13	7.250996e-14	3.768126e-14	1.856896e-14	9.097230e-15	4.769261e-15	2.991758e-15	2.323609e-15	2.060982e-15	1.816919e-15	1.475548e-15	1.079141e-15	7.562413e-16	5.511381e-16	4.360609e-16	3.801968e-16	3.648265e-16	3.781350e-16	4.048520e-16	4.307719e-16	4.621035e-16	5.333029e-16	7.612259e-16	1.262888e-15	2.137408e-15	3.384176e-15	4.783666e-15	6.012118e-15	7.032170e-15	8.076546e-15	8.995274e-15	9.711171e-15	
R79	3.762855e-08	6.296154e-08	1.528220e-07	1.843384e-07	1.072032e-07	4.607377e-08	1.740642e-08	6.471373e-09	1.827952e-09	4.171413e-10	7.468808e-11	1.662579e-11	1.171989e-11	1.451190e-11	1.401839e-11	1.078778e-11	6.872592e-12	3.767948e-12	1.818331e-12	6.996438e-13	2.174665e-13	6.169049e-14	1.757308e-14	5.614910e-15	2.305050e-15	1.270132e-15	8.678105e-16	6.437886e-16	4.966859e-16	4.157762e-16	4.618962e-16	8.156609e-16	2.072080e-15	6.157186e-15	1.811472e-14	4.684987e-14	9.357585e-14	1.370806e-13	1.803142e-13	2.728294e-13	2.952427e-13	3.582611e-13	4.540282e-13	5.387700e-13	5.820197e-13	5.782715e-13	5.555980e-13	5.426423e-13	5.686596e-13	2.345343e-12	
R80	2.496625e-35	3.128808e-35	2.834186e-35	1.080714e-34	2.644091e-34	8.112112e-34	3.835445e-33	2.499037e-32	2.723230e-31	1.753479e-29	5.441560e-28	9.803489e-27	7.760310e-26	1.949966e-25	3.399421e-25	4.180478e-25	3.935975e-25	3.076835e-25	2.128372e-25	1.317096e-25	7.344467e-26	3.888698e-26	2.060148e-26	1.177004e-26	8.152473e-27	7.152243e-27	7.511752e-27	8.519717e-27	1.034982e-26	1.462840e-26	2.763180e-26	6.531711e-26	1.765704e-25	5.046987e-25	1.354083e-24	3.120736e-24	5.637676e-24	7.828056e-24	1.077550e-23	3.020999e-23	7.801651e-23	5.397592e-23	1.221321e-23	2.605433e-24	3.001910e-24	4.672989e-24	6.854214e-24	9.662728e-24	1.270553e-23	2.750149e-23	
R81	2.778418e-19	2.608716e-19	3.220142e-19	5.356140e-19	1.463202e-18	5.294816e-18	2.932249e-17	2.163296e-16	2.734759e-15	2.039738e-13	6.814039e-12	1.334145e-10	1.299928e-09	3.491840e-09	7.183276e-09	1.124773e-08	1.428639e-08	1.568640e-08	1.562248e-08	1.503583e-08	1.422787e-08	1.335604e-08	1.287007e-08	1.360675e-08	1.762774e-08	2.904737e-08	5.686788e-08	1.162058e-07	2.276880e-07	3.947381e-07	6.061910e-07	8.558528e-07	1.170542e-06	1.560449e-06	1.960404e-06	2.242229e-06	2.232024e-06	1.871419e-06	1.306157e-06	7.318913e-07	3.693985e-07	1.244290e-07	1.830635e-08	1.661297e-09	3.462349e-10	1.305812e-10	5.264179e-11	1.982298e-11	7.200636e-12	2.219167e-11	
R82	9.773581e-43	3.143631e-41	3.968930e-40	1.099242e-38	1.634636e-37	2.608070e-36	5.030951e-35	1.618807e-33	1.610851e-31	1.257500e-28	3.229231e-26	9.301343e-25	3.553102e-24	5.721497e-24	5.894514e-24	4.318139e-24	2.539942e-24	1.326227e-24	6.586963e-25	3.042164e-25	1.299567e-25	5.452691e-26	2.358233e-26	1.135740e-26	7.284641e-27	7.499280e-27	1.191254e-26	2.448526e-26	6.387731e-26	2.265310e-25	1.133580e-24	6.511644e-24	3.931340e-23	2.337266e-22	1.165592e-21	4.366175e-21	1.116376e-20	1.902143e-20	2.707023e-20	6.289535e-20	9.679990e-20	3.262881e-20	3.490923e-21	3.800659e-22	2.574348e-22	2.838245e-22	3.660359e-22	5.807763e-22	1.192103e-21	5.524784e-21	
R83	2.872480e-31	3.442620e-31	2.313372e-31	7.513096e-31	2.003666e-30	7.699535e-30	4.697862e-29	4.051154e-28	7.238194e-27	9.220021e-25	6.458679e-23	1.192740e-21	4.408971e-21	7.247602e-21	8.514170e-21	7.513685e-21	5.429288e-21	3.482927e-21	2.121982e-21	1.216484e-21	6.546497e-22	3.460079e-22	1.834027e-22	9.828825e-23	5.386804e-23	3.052864e-23	1.836738e-23	1.212425e-23	9.365133e-24	9.460697e-24	1.454464e-23	3.703988e-23	1.763727e-22	1.238299e-21	8.135037e-21	3.853695e-20	1.110838e-19	1.843638e-19	2.236435e-19	4.337699e-19	1.101834e-18	8.114984e-19	1.793867e-19	3.544927e-20	3.719990e-20	5.250555e-20	6.973976e-20	9.041870e-20	1.220226e-19	2.817881e-19	
R84	5.275292e-22	4.399554e-22	2.105349e-22	5.652391e-22	1.363164e-21	4.657728e-21	2.362313e-20	1.552383e-19	2.072997e-18	1.712052e-16	7.030932e-15	9.994926e-14	3.797491e-13	5.018432e-13	5.048859e-13	3.977486e-13	2.632146e-13	1.566280e-13	8.890751e-14	4.999765e-14	2.801831e-14	1.581037e-14	9.036250e-15	5.234317e-15	3.095332e-15	1.886709e-15	1.217353e-15	8.614516e-16	7.164330e-16	7.786898e-16	1.197388e-15	2.248863e-15	4.575311e-15	9.341481e-15	1.712236e-14	2.638961e-14	3.268857e-14	3.312788e-14	3.479348e-14	7.256071e-14	1.179491e-13	4.643039e-14	6.135234e-15	8.305249e-16	6.573271e-16	7.323301e-16	7.547005e-16	7.050394e-16	5.828384e-16	6.056300e-16	
R85	5.115964e-56	5.148034e-56	1.743195e-56	1.892729e-55	1.692334e-54	3.106341e-53	1.287881e-51	9.213186e-50	2.805021e-47	3.377104e-43	1.043958e-39	4.039961e-37	1.142285e-35	3.890529e-35	7.671423e-35	9.260891e-35	7.873717e-35	5.399306e-35	3.359265e-35	2.043207e-35	1.228626e-35	7.449065e-36	4.603844e-36	2.906231e-36	1.897637e-36	1.306554e-36	9.982215e-37	9.087898e-37	1.130571e-36	2.374797e-36	9.842983e-36	5.996152e-35	4.168065e-34	2.789861e-33	1.429768e-32	4.899889e-32	1.024101e-31	1.354388e-31	1.825320e-31	9.247436e-31	2.719636e-30	4.464580e-31	7.887089e-33	1.438543e-34	9.280288e-35	1.280611e-34	1.654955e-34	1.897713e-34	1.852122e-34	3.858647e-34	
R86	3.121605e-56	3.141174e-56	1.063644e-56	1.154885e-55	1.032611e-54	1.895394e-53	7.858258e-52	5.621605e-50	1.711538e-47	2.060606e-43	6.369912e-40	2.465061e-37	6.969873e-36	2.373882e-35	4.680869e-35	5.650713e-35	4.804302e-35	3.294492e-35	2.049721e-35	1.246703e-35	7.496704e-36	4.545192e-36	2.809125e-36	1.773294e-36	1.157880e-36	7.972191e-37	6.090843e-37	5.545158e-37	6.898401e-37	1.449029e-36	6.005888e-36	3.658669e-35	2.543226e-34	1.702288e-33	8.724008e-33	2.989763e-32	6.248753e-32	8.264065e-32	1.113755e-31	5.642503e-31	1.659439e-30	2.724150e-31	4.812461e-33	8.777548e-35	5.662549e-35	7.813897e-35	1.009803e-34	1.157927e-34	1.130109e-34	2.354429e-34	
R87	3.670220e-40	1.468598e-40	3.472145e-41	3.894257e-41	3.246949e-41	3.208783e-41	3.975019e-41	5.356975e-41	9.945157e-41	6.034251e-40	9.923102e-40	5.224736e-40	5.227300e-40	1.009426e-39	1.454895e-39	1.609129e-39	1.488444e-39	1.250652e-39	1.003917e-39	7.587168e-40	5.369217e-40	3.773528e-40	2.829181e-40	2.502916e-40	2.893140e-40	4.175249e-40	6.891786e-40	1.216622e-39	2.386714e-39	5.703467e-39	1.805633e-38	6.517309e-38	2.477213e-37	9.362213e-37	3.086561e-36	8.198224e-36	1.654620e-35	2.576221e-35	3.994294e-35	1.220133e-34	2.943979e-34	1.683263e-34	3.016160e-35	5.083448e-36	4.674699e-36	5.836554e-36	6.710373e-36	6.981670e-36	6.181776e-36	6.931669e-36	
R88	0.000000e+00	0.000000e+00	0.000000e+00	0.000000e+00	0.000000e+00	0.000000e+00	0.000000e+00	0.000000e+00	0.000000e+00	0.000000e+00	0.000000e+00	0.000000e+00	0.000000e+00	0.000000e+00	0.000000e+00	0.000000e+00	0.000000e+00	0.000000e+00	0.000000e+00	0.000000e+00	0.000000e+00	0.000000e+00	0.000000e+00	0.000000e+00	0.000000e+00	0.000000e+00	0.000000e+00	0.000000e+00	0.000000e+00	0.000000e+00	0.000000e+00	0.000000e+00	0.000000e+00	0.000000e+00	0.000000e+00	0.000000e+00	0.000000e+00	0.000000e+00	0.000000e+00	0.000000e+00	0.000000e+00	0.000000e+00	0.000000e+00	0.000000e+00	0.000000e+00	0.000000e+00	0.000000e+00	0.000000e+00	0.000000e+00	0.000000e+00	
R89	0.000000e+00	0.000000e+00	0.000000e+00	0.000000e+00	0.000000e+00	0.000000e+00	0.000000e+00	0.000000e+00	0.000000e+00	0.000000e+00	0.000000e+00	0.000000e+00	0.000000e+00	0.000000e+00	0.000000e+00	0.000000e+00	0.000000e+00	0.000000e+00	0.000000e+00	0.000000e+00	0.000000e+00	0.000000e+00	0.000000e+00	0.000000e+00	0.000000e+00	0.000000e+00	0.000000e+00	0.000000e+00	0.000000e+00	0.000000e+00	0.000000e+00	0.000000e+00	0.000000e+00	0.000000e+00	0.000000e+00	0.000000e+00	0.000000e+00	0.000000e+00	0.000000e+00	0.000000e+00	0.000000e+00	0.000000e+00	0.000000e+00	0.000000e+00	0.000000e+00	0.000000e+00	0.000000e+00	0.000000e+00	0.000000e+00	0.000000e+00	
R90	0.000000e+00	0.000000e+00	0.000000e+00	0.000000e+00	0.000000e+00	0.000000e+00	0.000000e+00	0.000000e+00	0.000000e+00	0.000000e+00	0.000000e+00	0.000000e+00	0.000000e+00	0.000000e+00	0.000000e+00	0.000000e+00	0.000000e+00	0.000000e+00	0.000000e+00	0.000000e+00	0.000000e+00	0.000000e+00	0.000000e+00	0.000000e+00	0.000000e+00	0.000000e+00	0.000000e+00	0.000000e+00	0.000000e+00	0.000000e+00	0.000000e+00	0.000000e+00	0.000000e+00	0.000000e+00	0.000000e+00	0.000000e+00	0.000000e+00	0.000000e+00	0.000000e+00	0.000000e+00	0.000000e+00	0.000000e+00	0.000000e+00	0.000000e+00	0.000000e+00	0.000000e+00	0.000000e+00	0.000000e+00	0.000000e+00	0.000000e+00	
R91	2.638965e-20	1.885488e-18	5.697781e-17	5.935725e-16	3.810455e-15	2.221204e-14	1.382512e-13	1.442085e-12	2.865952e-11	8.412098e-10	1.809065e-08	1.449171e-07	3.720503e-07	6.042812e-07	7.735733e-07	8.316224e-07	7.920562e-07	6.932247e-07	5.649854e-07	4.181134e-07	2.817961e-07	1.807587e-07	1.194123e-07	9.865234e-08	1.345330e-07	2.873571e-07	7.477306e-07	2.044897e-06	5.735713e-06	1.640383e-05	4.806468e-05	1.402350e-04	4.174522e-04	1.271170e-03	3.749445e-03	1.020266e-02	2.431694e-02	4.859037e-02	8.014339e-02	1.108983e-01	1.335412e-01	1.491849e-01	1.598786e-01	1.654589e-01	1.643278e-01	1.550219e-01	1.371449e-01	1.119268e-01	8.661266e-02	7.677010e-02	
R93	3.540823e-13	5.627743e-12	6.270948e-11	2.595866e-10	6.067050e-10	1.007488e-09	1.268368e-09	1.895664e-09	3.932381e-09	9.312828e-09	1.291653e-08	5.033289e-09	1.521233e-09	9.598298e-10	5.017700e-10	2.383784e-10	1.083497e-10	4.867813e-11	2.183895e-11	9.214432e-12	3.616535e-12	1.388387e-12	5.441336e-13	2.349657e-13	1.328559e-13	1.174084e-13	1.519724e-13	2.331535e-13	3.883453e-13	6.766049e-13	1.183974e-12	1.961373e-12	3.195841e-12	5.222526e-12	8.174703e-12	1.173968e-11	1.471188e-11	1.540937e-11	1.331166e-11	9.642527e-12	6.042926e-12	3.485621e-12	1.924665e-12	1.048013e-12	5.843228e-13	3.521599e-13	2.460388e-13	2.094223e-13	2.174642e-13	2.796243e-13	
R94	1.407310e-08	4.450754e-09	1.479301e-09	3.834403e-10	8.126340e-11	1.544396e-11	2.722068e-12	4.447364e-13	6.146632e-14	7.891678e-15	8.709671e-16	5.438006e-17	7.587209e-18	4.988610e-18	2.973717e-18	1.701860e-18	9.502711e-19	5.245188e-19	2.886615e-19	1.511795e-19	7.474870e-20	3.614819e-20	1.736302e-20	8.343106e-21	4.030924e-21	1.961046e-21	9.614090e-22	4.736882e-22	2.336071e-22	1.159395e-22	6.232951e-23	4.577619e-23	5.882698e-23	1.135268e-22	2.340914e-22	4.251412e-22	6.006329e-22	6.127991e-22	4.512294e-22	2.728553e-22	2.822208e-22	3.556864e-22	4.057940e-22	4.010659e-22	3.464400e-22	2.672981e-22	1.923362e-22	1.337744e-22	9.133031e-23	5.851712e-23	
R95	5.444014e-12	9.739193e-13	2.254098e-13	3.449254e-14	3.486630e-15	2.751344e-16	1.754044e-17	8.980343e-19	3.347843e-20	8.881841e-22	1.696540e-23	1.992126e-25	1.374590e-26	1.042385e-26	6.847592e-27	4.245642e-27	2.532231e-27	1.476555e-27	8.520328e-28	4.596576e-28	2.288904e-28	1.099393e-28	5.205959e-29	2.461318e-29	1.172726e-29	5.670381e-30	2.811575e-30	1.464489e-30	8.629159e-31	6.753656e-31	8.038343e-31	1.310352e-30	2.533376e-30	5.330805e-30	1.119715e-29	2.221796e-29	3.971350e-29	6.472140e-29	1.253529e-28	6.141244e-28	3.063694e-27	6.081815e-27	8.624531e-27	9.859617e-27	9.534037e-27	8.029294e-27	6.035556e-27	4.233344e-27	3.039394e-27	1.904778e-27	
R96	1.009010e-05	5.430485e-06	3.788184e-06	1.849831e-06	5.968914e-07	1.561344e-07	3.838143e-08	8.957350e-09	1.510257e-09	2.092747e-10	2.357444e-11	3.618647e-12	1.760203e-12	1.745357e-12	1.543954e-12	1.231315e-12	8.958374e-13	6.025499e-13	3.765016e-13	2.128512e-13	1.090504e-13	5.282954e-14	2.536238e-14	1.299201e-14	7.932953e-15	5.974406e-15	5.112984e-15	4.328477e-15	3.357198e-15	2.331187e-15	1.539827e-15	1.049710e-15	7.658350e-16	6.016965e-16	5.066911e-16	4.476979e-16	3.963973e-16	3.383518e-16	2.827160e-16	2.471131e-16	2.598553e-16	3.076464e-16	3.592672e-16	3.833191e-16	3.635432e-16	3.093552e-16	2.458161e-16	1.859031e-16	1.236629e-16	7.426575e-17	
R97	1.604069e-33	2.967438e-34	3.534860e-35	2.102739e-35	9.849334e-36	5.627274e-36	4.021061e-36	3.056482e-36	3.755454e-36	2.183779e-35	4.607603e-35	2.314543e-35	1.472754e-35	2.035531e-35	2.036653e-35	1.594437e-35	1.047534e-35	6.180710e-36	3.473563e-36	1.930113e-36	1.066346e-36	5.915425e-37	3.313018e-37	1.875168e-37	1.079370e-37	6.379569e-38	3.971656e-38	2.698889e-38	2.143650e-38	2.212169e-38	3.206278e-38	5.632829e-38	1.056729e-37	1.944194e-37	3.127341e-37	4.108903e-37	4.209060e-37	3.421916e-37	2.799393e-37	4.421586e-37	5.295020e-37	1.487455e-37	1.356176e-38	1.237129e-39	6.569488e-40	4.955546e-40	3.469368e-40	2.134170e-40	1.053727e-40	6.090866e-41	
R98	2.432180e-08	3.481446e-09	6.601649e-10	9.020180e-11	8.861262e-12	6.667551e-13	3.758479e-14	1.575793e-15	4.811791e-17	9.945149e-19	1.276346e-20	8.979053e-23	5.547849e-24	4.091596e-24	2.600782e-24	1.542640e-24	8.668770e-25	4.675503e-25	2.439018e-25	1.181928e-25	5.320410e-26	2.297247e-26	9.647991e-27	3.973135e-27	1.613467e-27	6.482950e-28	2.584280e-28	1.024595e-28	4.056545e-29	1.597858e-29	6.177498e-30	2.333160e-30	8.689743e-31	3.220456e-31	1.201429e-31	4.619856e-32	1.879625e-32	8.056528e-33	3.745288e-33	2.113954e-33	9.538788e-34	4.485133e-34	2.299323e-34	1.245066e-34	7.014372e-35	4.035208e-35	2.325297e-35	1.302498e-35	6.908621e-36	8.694259e-36	
R99	1.415483e-26	6.661522e-27	1.150170e-26	1.406835e-26	1.197243e-26	8.921969e-27	5.881888e-27	4.611326e-27	5.012428e-27	2.675373e-26	9.240307e-25	8.807125e-24	2.285209e-23	4.602177e-23	6.861978e-23	8.385235e-23	9.136037e-23	9.444180e-23	9.540624e-23	9.032197e-23	7.961706e-23	6.916992e-23	6.191468e-23	6.134149e-23	8.030967e-23	1.647477e-22	4.978444e-22	1.778275e-21	6.754048e-21	2.523855e-20	8.662802e-20	2.622732e-19	8.021424e-19	2.790515e-18	1.087304e-17	4.411462e-17	1.646320e-16	4.624748e-16	8.359538e-16	1.246864e-15	3.529200e-15	7.697564e-15	7.690033e-15	4.657595e-15	2.717900e-15	1.620395e-15	9.071874e-16	4.586423e-16	1.978487e-16	6.967382e-17	
R100	1.683741e-22	8.730100e-22	3.263335e-22	1.129715e-22	7.531750e-23	5.389723e-23	3.966473e-23	2.982846e-23	2.539457e-23	3.269723e-23	2.707821e-23	9.852888e-24	3.602613e-24	3.158694e-24	2.503369e-24	1.837476e-24	1.256115e-24	8.110479e-25	4.993808e-25	3.034852e-25	1.833796e-25	1.095089e-25	6.443445e-26	3.709097e-26	2.096779e-26	1.158513e-26	6.253793e-27	3.257089e-27	1.601447e-27	7.272336e-28	3.160364e-28	1.449165e-28	8.120434e-29	7.224878e-29	1.070827e-28	1.920246e-28	3.093357e-28	3.572412e-28	2.507100e-28	1.155031e-28	1.695325e-28	2.330049e-28	1.229069e-28	3.004682e-29	7.199020e-30	3.484299e-30	2.377761e-30	1.608766e-30	9.769639e-31	7.821933e-31	
R101	1.017015e-35	7.704482e-36	2.000884e-35	3.401656e-35	3.680962e-35	3.269447e-35	2.470299e-35	2.163624e-35	2.117304e-35	6.579156e-35	9.141137e-34	4.294419e-33	1.166629e-32	3.320084e-32	7.131045e-32	1.231084e-31	1.888474e-31	2.780042e-31	4.011330e-31	5.165108e-31	5.831870e-31	6.419009e-31	7.691652e-31	1.191104e-30	3.131526e-30	1.568554e-29	1.256732e-28	1.166161e-27	1.093956e-26	9.466163e-26	7.097018e-25	4.414532e-24	2.735523e-23	1.954846e-22	1.561133e-21	1.280458e-20	9.414913e-20	5.065132e-19	1.735192e-18	5.005384e-18	2.854516e-17	1.267215e-16	2.488030e-16	2.784161e-16	2.813486e-16	2.776355e-16	2.552598e-16	2.182697e-16	1.688525e-16	1.153499e-16	
R102	0.000000e+00	0.000000e+00	0.000000e+00	0.000000e+00	0.000000e+00	0.000000e+00	0.000000e+00	0.000000e+00	0.000000e+00	0.000000e+00	0.000000e+00	0.000000e+00	0.000000e+00	0.000000e+00	0.000000e+00	0.000000e+00	0.000000e+00	0.000000e+00	0.000000e+00	0.000000e+00	0.000000e+00	0.000000e+00	0.000000e+00	0.000000e+00	0.000000e+00	0.000000e+00	0.000000e+00	0.000000e+00	0.000000e+00	0.000000e+00	0.000000e+00	0.000000e+00	0.000000e+00	0.000000e+00	0.000000e+00	0.000000e+00	0.000000e+00	0.000000e+00	0.000000e+00	0.000000e+00	0.000000e+00	0.000000e+00	0.000000e+00	0.000000e+00	0.000000e+00	0.000000e+00	0.000000e+00	0.000000e+00	0.000000e+00	0.000000e+00	
R103	0.000000e+00	0.000000e+00	0.000000e+00	0.000000e+00	0.000000e+00	0.000000e+00	0.000000e+00	0.000000e+00	0.000000e+00	0.000000e+00	0.000000e+00	0.000000e+00	0.000000e+00	0.000000e+00	0.000000e+00	0.000000e+00	0.000000e+00	0.000000e+00	0.000000e+00	0.000000e+00	0.000000e+00	0.000000e+00	0.000000e+00	0.000000e+00	0.000000e+00	0.000000e+00	0.000000e+00	0.000000e+00	0.000000e+00	0.000000e+00	0.000000e+00	0.000000e+00	0.000000e+00	0.000000e+00	0.000000e+00	0.000000e+00	0.000000e+00	0.000000e+00	0.000000e+00	0.000000e+00	0.000000e+00	0.000000e+00	0.000000e+00	0.000000e+00	0.000000e+00	0.000000e+00	0.000000e+00	0.000000e+00	0.000000e+00	0.000000e+00	
R104	0.000000e+00	0.000000e+00	0.000000e+00	0.000000e+00	0.000000e+00	0.000000e+00	0.000000e+00	0.000000e+00	0.000000e+00	0.000000e+00	0.000000e+00	0.000000e+00	0.000000e+00	0.000000e+00	0.000000e+00	0.000000e+00	0.000000e+00	0.000000e+00	0.000000e+00	0.000000e+00	0.000000e+00	0.000000e+00	0.000000e+00	0.000000e+00	0.000000e+00	0.000000e+00	0.000000e+00	0.000000e+00	0.000000e+00	0.000000e+00	0.000000e+00	0.000000e+00	0.000000e+00	0.000000e+00	0.000000e+00	0.000000e+00	0.000000e+00	0.000000e+00	0.000000e+00	0.000000e+00	0.000000e+00	0.000000e+00	0.000000e+00	0.000000e+00	0.000000e+00	0.000000e+00	0.000000e+00	0.000000e+00	0.000000e+00	0.000000e+00	
R105	0.000000e+00	0.000000e+00	0.000000e+00	0.000000e+00	0.000000e+00	0.000000e+00	0.000000e+00	0.000000e+00	0.000000e+00	0.000000e+00	0.000000e+00	0.000000e+00	0.000000e+00	0.000000e+00	0.000000e+00	0.000000e+00	0.000000e+00	0.000000e+00	0.000000e+00	0.000000e+00	0.000000e+00	0.000000e+00	0.000000e+00	0.000000e+00	0.000000e+00	0.000000e+00	0.000000e+00	0.000000e+00	0.000000e+00	0.000000e+00	0.000000e+00	0.000000e+00	0.000000e+00	0.000000e+00	0.000000e+00	0.000000e+00	0.000000e+00	0.000000e+00	0.000000e+00	0.000000e+00	0.000000e+00	0.000000e+00	0.000000e+00	0.000000e+00	0.000000e+00	0.000000e+00	0.000000e+00	0.000000e+00	0.000000e+00	0.000000e+00	
R106	0.000000e+00	0.000000e+00	0.000000e+00	0.000000e+00	0.000000e+00	0.000000e+00	0.000000e+00	0.000000e+00	0.000000e+00	0.000000e+00	0.000000e+00	0.000000e+00	0.000000e+00	0.000000e+00	0.000000e+00	0.000000e+00	0.000000e+00	0.000000e+00	0.000000e+00	0.000000e+00	0.000000e+00	0.000000e+00	0.000000e+00	0.000000e+00	0.000000e+00	0.000000e+00	0.000000e+00	0.000000e+00	0.000000e+00	0.000000e+00	0.000000e+00	0.000000e+00	0.000000e+00	0.000000e+00	0.000000e+00	0.000000e+00	0.000000e+00	0.000000e+00	0.000000e+00	0.000000e+00	0.000000e+00	0.000000e+00	0.000000e+00	0.000000e+00	0.000000e+00	0.000000e+00	0.000000e+00	0.000000e+00	0.000000e+00	0.000000e+00	
R107	0.000000e+00	0.000000e+00	0.000000e+00	0.000000e+00	0.000000e+00	0.000000e+00	0.000000e+00	0.000000e+00	0.000000e+00	0.000000e+00	0.000000e+00	0.000000e+00	0.000000e+00	0.000000e+00	0.000000e+00	0.000000e+00	0.000000e+00	0.000000e+00	0.000000e+00	0.000000e+00	0.000000e+00	0.000000e+00	0.000000e+00	0.000000e+00	0.000000e+00	0.000000e+00	0.000000e+00	0.000000e+00	0.000000e+00	0.000000e+00	0.000000e+00	0.000000e+00	0.000000e+00	0.000000e+00	0.000000e+00	0.000000e+00	0.000000e+00	0.000000e+00	0.000000e+00	0.000000e+00	0.000000e+00	0.000000e+00	0.000000e+00	0.000000e+00	0.000000e+00	0.000000e+00	0.000000e+00	0.000000e+00	0.000000e+00	0.000000e+00	
R108	1.789890e-26	1.831861e-24	9.214276e-23	1.354964e-21	1.060482e-20	7.104650e-20	4.822519e-19	5.349135e-18	1.125184e-16	3.401726e-15	7.161091e-14	5.093301e-13	1.481107e-12	3.283302e-12	5.262267e-12	6.609283e-12	6.967588e-12	6.478722e-12	5.425900e-12	3.833164e-12	2.291020e-12	1.250151e-12	6.834148e-13	4.581592e-13	5.000195e-13	8.457947e-13	1.729394e-12	3.696945e-12	8.095800e-12	1.798866e-11	4.020582e-11	8.744723e-11	1.914904e-10	4.273172e-10	9.313350e-10	1.934648e-09	3.736614e-09	6.403660e-09	9.887581e-09	1.568235e-08	1.747471e-08	1.909495e-08	2.229466e-08	2.738425e-08	3.505290e-08	4.613375e-08	6.201104e-08	8.590324e-08	1.411601e-07	9.818096e-07	
R109	1.792797e-13	7.002793e-12	2.123704e-10	2.100008e-09	1.052544e-08	3.690692e-08	9.781801e-08	3.175428e-07	1.519625e-06	8.710612e-06	3.034268e-05	2.987683e-05	1.777131e-05	1.507131e-05	9.864182e-06	5.474948e-06	2.754478e-06	1.314722e-06	6.061096e-07	2.441276e-07	8.497116e-08	2.774974e-08	8.999658e-09	3.153540e-09	1.427000e-09	9.986819e-10	1.015777e-09	1.218143e-09	1.584074e-09	2.144242e-09	2.862134e-09	3.534556e-09	4.236531e-09	5.073553e-09	5.868078e-09	6.433242e-09	6.533150e-09	5.868781e-09	4.746131e-09	3.940598e-09	2.285213e-09	1.289314e-09	7.756228e-10	5.012593e-10	3.602058e-10	3.028660e-10	3.214978e-10	4.644974e-10	1.024244e-09	1.033463e-08	
R110	1.066966e-03	3.905404e-03	1.740975e-02	5.118896e-02	8.521551e-02	6.695987e-02	2.591984e-02	7.508629e-03	1.781618e-03	3.712393e-04	1.703231e-04	4.295843e-04	6.907945e-04	8.349047e-04	8.522614e-04	7.261276e-04	5.202274e-04	3.198465e-04	1.730921e-04	8.421110e-05	3.749479e-05	1.561005e-05	6.185793e-06	2.363739e-06	8.807111e-07	3.219601e-07	1.159808e-07	4.104444e-08	1.411898e-08	4.849750e-09	2.021535e-09	1.263877e-09	1.096600e-09	1.073773e-09	9.937702e-10	7.705934e-10	4.605901e-10	2.111692e-10	9.260697e-11	6.702928e-11	6.758340e-11	7.686274e-11	9.332383e-11	1.158420e-10	1.451204e-10	1.822497e-10	2.302118e-10	2.952098e-10	4.133065e-10	2.676408e-09	
R111	6.728135e-02	1.092148e-01	2.371263e-01	3.439915e-01	3.401495e-01	2.613714e-01	1.656773e-01	1.037690e-01	6.174018e-02	3.353178e-02	1.832945e-02	1.195498e-02	1.003264e-02	1.068661e-02	9.702305e-03	7.711690e-03	5.523931e-03	3.671076e-03	2.315280e-03	1.324022e-03	6.850534e-04	3.355500e-04	1.589488e-04	7.370428e-05	3.382590e-05	1.545879e-05	7.082758e-06	3.257008e-06	1.498728e-06	6.793955e-07	3.162200e-07	1.870110e-07	1.795554e-07	2.375155e-07	3.078861e-07	3.230655e-07	2.407746e-07	1.142513e-07	3.293313e-08	4.504328e-09	4.869254e-10	1.788686e-10	1.209903e-10	1.028995e-10	9.731651e-11	9.691336e-11	1.012603e-10	1.177620e-10	2.029142e-10	2.482181e-09	
R112	7.025435e-02	1.022510e-01	1.650459e-01	1.913749e-01	1.720218e-01	1.452753e-01	1.217889e-01	1.059558e-01	9.104368e-02	8.515521e-02	8.091655e-02	5.108263e-02	2.940274e-02	2.545507e-02	1.899740e-02	1.270209e-02	7.850496e-03	4.603619e-03	2.603433e-03	1.301605e-03	5.707168e-04	2.347863e-04	9.332193e-05	3.638813e-05	1.406973e-05	5.420679e-06	2.088238e-06	8.042428e-07	3.096574e-07	1.194010e-07	4.896430e-08	2.680726e-08	2.534194e-08	3.584002e-08	5.460689e-08	7.570853e-08	8.667653e-08	7.584365e-08	5.228086e-08	3.623613e-08	3.468220e-08	4.275471e-08	5.314215e-08	6.233753e-08	6.940073e-08	7.470412e-08	8.167206e-08	9.642095e-08	1.397876e-07	7.028151e-07	
R113	3.663708e-04	5.575819e-04	1.213218e-03	1.651688e-03	1.362027e-03	9.183589e-04	5.965880e-04	3.921660e-04	2.055205e-04	9.716976e-05	4.090425e-05	2.519182e-05	3.105138e-05	4.109209e-05	4.551013e-05	4.240327e-05	3.414742e-05	2.440116e-05	1.566764e-05	8.455547e-06	3.841698e-06	1.583223e-06	6.289668e-07	2.614493e-07	1.277601e-07	7.619735e-08	5.124192e-08	3.390851e-08	2.053296e-08	1.107728e-08	5.581320e-09	2.836359e-09	1.522220e-09	8.764482e-10	5.453613e-10	3.678543e-10	2.639382e-10	1.932185e-10	1.511384e-10	1.514203e-10	1.473426e-10	1.706270e-10	2.170852e-10	2.748992e-10	3.360247e-10	3.989196e-10	4.816172e-10	6.182500e-10	8.733180e-10	4.115531e-09	
R114	7.327415e-04	1.115164e-03	2.426437e-03	3.303376e-03	2.724054e-03	1.836718e-03	1.193176e-03	7.843319e-04	4.110410e-04	1.943395e-04	8.180849e-05	5.038364e-05	6.210276e-05	8.218418e-05	9.102025e-05	8.480653e-05	6.829483e-05	4.880232e-05	3.133527e-05	1.691109e-05	7.683396e-06	3.166447e-06	1.257934e-06	5.228986e-07	2.555202e-07	1.523947e-07	1.024838e-07	6.781703e-08	4.106591e-08	2.215455e-08	1.116264e-08	5.672717e-09	3.044441e-09	1.752896e-09	1.090723e-09	7.357085e-10	5.278764e-10	3.864369e-10	3.022769e-10	3.028407e-10	2.946852e-10	3.412539e-10	4.341703e-10	5.497984e-10	6.720493e-10	7.978391e-10	9.632343e-10	1.236500e-09	1.746636e-09	8.231062e-09	
R115	3.536825e-12	1.585801e-12	8.402063e-13	3.136009e-13	8.207550e-14	1.658945e-14	2.626410e-15	3.320502e-16	2.756784e-17	1.142637e-18	2.373767e-20	3.986456e-22	6.010315e-23	6.117909e-23	5.601860e-23	4.694201e-23	3.713944e-23	2.852595e-23	2.125451e-23	1.400882e-23	8.077396e-24	4.418583e-24	2.484205e-24	1.599017e-24	1.303986e-24	1.279315e-24	1.352114e-24	1.392633e-24	1.361810e-24	1.242145e-24	1.048950e-24	8.139541e-25	6.142150e-25	4.675953e-25	3.575292e-25	2.779304e-25	2.227911e-25	1.828838e-25	1.611296e-25	1.758888e-25	1.599094e-25	1.530372e-25	1.541885e-25	1.542586e-25	1.504959e-25	1.432995e-25	1.356090e-25	1.284757e-25	1.222054e-25	2.983355e-25	
R116	1.583925e-32	1.125486e-32	3.380580e-32	6.095696e-32	6.598366e-32	5.887563e-32	4.401799e-32	3.806811e-32	4.529113e-32	2.564428e-31	8.882618e-30	7.649075e-29	2.260297e-28	6.212109e-28	1.159644e-27	1.655569e-27	1.996588e-27	2.192722e-27	2.276226e-27	2.057126e-27	1.608067e-27	1.188460e-27	8.803050e-28	7.077296e-28	7.415323e-28	1.204665e-27	2.860530e-27	7.986830e-27	2.368321e-26	6.875781e-26	1.800219e-25	4.063008e-25	9.141042e-25	2.330425e-24	6.709560e-24	2.078141e-23	6.284744e-23	1.514154e-22	2.562174e-22	4.380358e-22	1.147294e-21	2.447660e-21	2.664052e-21	1.915034e-21	1.440292e-21	1.197983e-21	1.019038e-21	8.744874e-22	8.010653e-22	2.213649e-21	
R117	1.095965e-23	1.516014e-22	1.675086e-22	1.525216e-22	2.439163e-22	4.198637e-22	7.569792e-22	1.475150e-21	3.559707e-21	1.411466e-20	3.894883e-20	4.997544e-20	4.321981e-20	5.067123e-20	5.027806e-20	4.311537e-20	3.262407e-20	2.237917e-20	1.415952e-20	8.214536e-21	4.401767e-21	2.236119e-21	1.088769e-21	5.085801e-22	2.300875e-22	1.006760e-22	4.270459e-23	1.738535e-23	6.673709e-24	2.354561e-24	7.805167e-25	2.668025e-25	1.099769e-25	7.170664e-26	7.853088e-26	1.075047e-25	1.403401e-25	1.390022e-25	9.132216e-26	4.822387e-26	6.549825e-26	8.805233e-26	5.060216e-26	1.468221e-26	4.533864e-27	3.061424e-27	3.174241e-27	3.645444e-27	4.701013e-27	2.953463e-26	
R118	3.365609e-11	2.892787e-11	3.024639e-11	4.801422e-11	1.508343e-10	6.658053e-10	4.091938e-09	3.054756e-08	4.694882e-07	4.301603e-05	1.714620e-03	2.142953e-02	1.077653e-01	2.070776e-01	3.060994e-01	3.564764e-01	3.497207e-01	3.079137e-01	2.560169e-01	2.112090e-01	1.756015e-01	1.469194e-01	1.238507e-01	1.052644e-01	9.069689e-02	7.973615e-02	7.271144e-02	6.958502e-02	6.959691e-02	6.844482e-02	6.152061e-02	4.812213e-02	3.359921e-02	2.112808e-02	1.175901e-02	5.853206e-03	2.677378e-03	1.127252e-03	4.377245e-04	1.583860e-04	3.430261e-05	4.588975e-06	2.963840e-07	1.365053e-08	1.689951e-09	4.308833e-10	1.259706e-10	3.513420e-11	1.017638e-11	6.572104e-11	
R119	2.058128e-47	1.063304e-47	1.992599e-47	2.652402e-47	2.463648e-47	2.010097e-47	1.456166e-47	1.268238e-47	1.577485e-47	1.019474e-46	4.498715e-45	5.630642e-44	1.833290e-43	4.382663e-43	7.737317e-43	1.114490e-42	1.428460e-42	1.740002e-42	2.075324e-42	2.333364e-42	2.452455e-42	2.555882e-42	2.756795e-42	3.284836e-42	5.188331e-42	1.284854e-41	4.712270e-41	2.048302e-40	9.521771e-40	4.392235e-39	1.893369e-38	7.368490e-38	3.041568e-37	1.533626e-36	9.249741e-36	6.119410e-35	3.843457e-34	1.831832e-33	5.572864e-33	1.385133e-32	6.425025e-32	2.045036e-31	2.334780e-31	1.335681e-31	6.977525e-32	3.829433e-32	2.108410e-32	1.163416e-32	6.555199e-33	3.931073e-33	
R120	3.152855e-84	1.022173e-86	4.521444e-89	4.124209e-92	1.192695e-95	1.399701e-99	6.467058e-104	1.509204e-108	1.635991e-113	5.266734e-119	2.010341e-125	3.395661e-133	1.566646e-137	1.937830e-137	1.497054e-137	1.012908e-137	6.269108e-138	3.652344e-138	2.017134e-138	1.025099e-138	4.792274e-139	2.148318e-139	9.972224e-140	5.810031e-140	5.599515e-140	8.459471e-140	1.556531e-139	3.006760e-139	5.946679e-139	1.196663e-138	2.462191e-138	5.038250e-138	1.052273e-137	2.254081e-137	4.699647e-137	9.102441e-137	1.558295e-136	2.261749e-136	2.742793e-136	2.816634e-136	2.518852e-136	2.075526e-136	1.628354e-136	1.234468e-136	9.103320e-137	6.548636e-137	4.601524e-137	3.159050e-137	2.110923e-137	1.334430e-137	
R121	4.043957e-62	1.873183e-65	1.506246e-68	6.876661e-72	1.660435e-75	1.943753e-79	1.002882e-83	2.529712e-88	2.798850e-93	9.889041e-99	7.193876e-105	5.940810e-112	5.971418e-116	4.775295e-116	2.834819e-116	1.616840e-116	9.001045e-117	4.953086e-117	2.714393e-117	1.419585e-117	7.029433e-118	3.403375e-118	1.634583e-118	7.840326e-119	3.773560e-119	1.825833e-119	8.914385e-120	4.452457e-120	2.447410e-120	1.894690e-120	2.597592e-120	4.868352e-120	1.002644e-119	2.113213e-119	4.199274e-119	7.250117e-119	9.933431e-119	1.016777e-118	7.792069e-119	5.074228e-119	5.888354e-119	8.622665e-119	1.186328e-118	1.476708e-118	1.687725e-118	1.820962e-118	1.955752e-118	2.220787e-118	2.892426e-118	4.463436e-118	
R122	6.596780e-40	5.594692e-42	7.752911e-44	5.611372e-46	2.054911e-48	4.338021e-51	5.230559e-54	3.398191e-57	1.012360e-60	1.250800e-64	5.891057e-69	8.008177e-74	1.495585e-76	1.254415e-76	8.243075e-77	5.112291e-77	3.049853e-77	1.778753e-77	1.026610e-77	5.539522e-78	2.759098e-78	1.325607e-78	6.279275e-79	2.969941e-79	1.415732e-79	6.849157e-80	3.398313e-80	1.771498e-80	1.044789e-80	8.186182e-81	9.756471e-81	1.593002e-80	3.086322e-80	6.513366e-80	1.373661e-79	2.740900e-79	4.936465e-79	8.127490e-79	1.595793e-78	7.960605e-78	4.064097e-77	8.316798e-77	1.229086e-76	1.487374e-76	1.555674e-76	1.459190e-76	1.273824e-76	1.112236e-76	1.142220e-76	1.276971e-76	
R123	3.385302e-05	6.440737e-05	1.037611e-04	1.308821e-04	1.427576e-04	1.535476e-04	1.745183e-04	2.165521e-04	2.759149e-04	4.129614e-04	7.392071e-04	1.230464e-03	1.401066e-03	1.559602e-03	1.613845e-03	1.558939e-03	1.422161e-03	1.242656e-03	1.051332e-03	8.534039e-04	6.600184e-04	4.885283e-04	3.445070e-04	2.309544e-04	1.540814e-04	1.202381e-04	1.327814e-04	1.885117e-04	2.816778e-04	4.016800e-04	5.633288e-04	8.122764e-04	1.235957e-03	1.936975e-03	2.897983e-03	3.793909e-03	3.961920e-03	3.091595e-03	1.739284e-03	7.269817e-04	8.729559e-04	1.358936e-03	1.754678e-03	1.899137e-03	1.789426e-03	1.542424e-03	1.342601e-03	1.289224e-03	1.234268e-03	9.831640e-04	
R124	2.935162e-47	1.554799e-48	3.568833e-49	4.897127e-50	3.858367e-51	2.139647e-52	8.176136e-54	2.786631e-55	9.433492e-57	1.061992e-57	4.888725e-58	3.599257e-59	6.952159e-60	1.503082e-59	2.238672e-59	2.733289e-59	2.976260e-59	3.075554e-59	3.106454e-59	2.940729e-59	2.592130e-59	2.251966e-59	2.015732e-59	1.997043e-59	2.614524e-59	5.363303e-59	1.620650e-58	5.788523e-58	2.198321e-57	8.213481e-57	2.818571e-56	8.531106e-56	2.608317e-55	9.070766e-55	3.533544e-54	1.433846e-53	5.356161e-53	1.508389e-52	2.740219e-52	4.122429e-52	1.181951e-51	2.628336e-51	2.703950e-51	1.711576e-51	1.065821e-51	6.978777e-52	4.473640e-52	2.777009e-52	1.692108e-52	1.051956e-52	
R125	1.310397e-39	2.458784e-39	2.080389e-39	2.513065e-39	5.882728e-39	1.540885e-38	4.335759e-38	1.402152e-37	7.785829e-37	1.677773e-35	1.270568e-33	1.699391e-31	2.370179e-30	1.089653e-29	4.136812e-29	1.253000e-28	3.081824e-28	6.378537e-28	1.140257e-27	1.679534e-27	1.999734e-27	2.044516e-27	1.966837e-27	2.209873e-27	4.186962e-27	1.638352e-26	1.445299e-25	2.519161e-24	6.506439e-23	1.829037e-21	4.705001e-20	9.765566e-19	1.809250e-17	3.169089e-16	4.825044e-15	5.933481e-14	5.627277e-13	7.440334e-12	2.099737e-10	1.628999e-09	1.533839e-09	9.053817e-10	5.087745e-10	2.828559e-10	1.562359e-10	8.553023e-11	4.612792e-11	2.354865e-11	1.028215e-11	1.568647e-11	
R126	1.991971e-61	2.007718e-61	1.210977e-61	1.868524e-61	1.274498e-60	1.458740e-59	2.446321e-58	5.769872e-57	6.021669e-55	1.578416e-51	6.703366e-48	1.819140e-44	1.641578e-42	1.135594e-41	5.200980e-41	1.577614e-40	3.445059e-40	5.926759e-40	8.609723e-40	1.100199e-39	1.231672e-39	1.238745e-39	1.207872e-39	1.403083e-39	2.793270e-39	1.165384e-38	1.118657e-37	2.154962e-36	6.031586e-35	1.651622e-33	3.566511e-32	5.569442e-31	7.284928e-30	8.422340e-29	7.742016e-28	5.164035e-27	2.377484e-26	1.372255e-25	1.483316e-24	3.508065e-24	7.858189e-25	6.774020e-26	2.529155e-27	6.412640e-29	4.195756e-30	5.461284e-31	7.857254e-32	9.975792e-33	1.046687e-33	2.930878e-33	
R127	1.698697e-29	2.160191e-27	1.462891e-25	3.302428e-24	4.205627e-23	4.848135e-22	6.890669e-21	1.787599e-19	6.754195e-18	3.682786e-16	1.672289e-14	2.957131e-13	1.146393e-12	2.978176e-12	6.717878e-12	1.332289e-11	2.384580e-11	3.970567e-11	6.259074e-11	8.876448e-11	1.130933e-10	1.380754e-10	1.760186e-10	2.850602e-10	7.761297e-10	3.379902e-09	1.845198e-08	1.102517e-07	7.210607e-07	5.124050e-06	3.713512e-05	2.425683e-04	1.475984e-03	8.643410e-03	4.630347e-02	2.187312e-01	8.726290e-01	2.823240e+00	7.282004e+00	1.515072e+01	2.624241e+01	4.059248e+01	5.849032e+01	7.981162e+01	1.035308e+02	1.276566e+02	1.497251e+02	1.691819e+02	2.035614e+02	3.391216e+02	
R128	3.927936e-52	5.017354e-51	4.069644e-50	9.212267e-50	9.621963e-50	7.238564e-50	5.169777e-50	4.988569e-50	4.947490e-50	4.713133e-50	2.315120e-50	2.504668e-51	6.390886e-52	1.790853e-51	4.039630e-51	8.011393e-51	1.433908e-50	2.387602e-50	3.763739e-50	5.337633e-50	6.800584e-50	8.302823e-50	1.058444e-49	1.714139e-49	4.667064e-49	2.032421e-48	1.109564e-47	6.629714e-47	4.335920e-46	3.081221e-45	2.233029e-44	1.458624e-43	8.875467e-43	5.197501e-42	2.784345e-41	1.315286e-40	5.247339e-40	1.697686e-39	4.378853e-39	9.110508e-39	1.578022e-38	2.440928e-38	3.517171e-38	4.799275e-38	6.225568e-38	7.676312e-38	9.003351e-38	1.017333e-37	1.224066e-37	2.039224e-37	
R129	1.028496e-31	5.502476e-31	2.997004e-30	5.520378e-30	5.364369e-30	4.160047e-30	3.189895e-30	3.290565e-30	3.397354e-30	3.413483e-30	1.921907e-30	2.724618e-31	6.181832e-32	9.761946e-32	1.328432e-31	1.657650e-31	1.927564e-31	2.136028e-31	2.281292e-31	2.221242e-31	1.962576e-31	1.674082e-31	1.499048e-31	1.711396e-31	3.291502e-31	1.013265e-30	3.908990e-30	1.648469e-29	7.594892e-29	3.793326e-28	1.927867e-27	8.817626e-27	3.756510e-26	1.542982e-25	5.819191e-25	1.945758e-24	5.533696e-24	1.287230e-23	2.408001e-23	3.651503e-23	4.589812e-23	5.079824e-23	5.141835e-23	4.855327e-23	4.323539e-23	3.649969e-23	2.927840e-23	2.235556e-23	1.623852e-23	1.081547e-23	
R130	3.456192e-09	7.666811e-08	4.020290e-07	1.279833e-06	2.657733e-06	4.289011e-06	6.943083e-06	1.749805e-05	3.813647e-05	6.805148e-05	1.001257e-04	1.152907e-04	1.006925e-04	1.143195e-04	1.332314e-04	1.551456e-04	1.774943e-04	1.997306e-04	2.227093e-04	2.414272e-04	2.537687e-04	2.648051e-04	2.766621e-04	2.902682e-04	3.084155e-04	3.345888e-04	3.774667e-04	4.542774e-04	6.115146e-04	9.507514e-04	1.668615e-03	3.053887e-03	5.836511e-03	1.143343e-02	2.076669e-02	3.182340e-02	3.768866e-02	3.350314e-02	2.508253e-02	2.255486e-02	3.149287e-02	4.811169e-02	6.930471e-02	9.175898e-02	1.115005e-01	1.249731e-01	1.300435e-01	1.263965e-01	1.153123e-01	9.673608e-02	
R131	7.548258e-17	3.631049e-15	1.470903e-13	2.214639e-12	1.790728e-11	1.070831e-10	5.887417e-10	4.426350e-09	3.765838e-08	3.851016e-07	2.860475e-06	6.917592e-06	5.451452e-06	5.418887e-06	4.991601e-06	4.374655e-06	3.736701e-06	3.193867e-06	2.771463e-06	2.240879e-06	1.662643e-06	1.214877e-06	9.187973e-07	7.777468e-07	8.779929e-07	1.581925e-06	4.296027e-06	1.439993e-05	5.592513e-05	2.421073e-04	1.047866e-03	3.886354e-03	1.294389e-02	4.067866e-02	1.156440e-01	2.883090e-01	6.047747e-01	1.025621e+00	1.385544e+00	1.509051e+00	1.360317e+00	1.086439e+00	8.065908e-01	5.790916e-01	4.217120e-01	3.321961e-01	3.076971e-01	3.626162e-01	5.854723e-01	1.414956e+00	
R132	7.562030e-18	3.670189e-16	1.498519e-14	2.274803e-13	1.855177e-12	1.119328e-11	6.211889e-11	4.716354e-10	4.054189e-09	4.191247e-08	3.149224e-07	7.709446e-07	6.113420e-07	6.075863e-07	5.596774e-07	4.905031e-07	4.189732e-07	3.581086e-07	3.107470e-07	2.512559e-07	1.864219e-07	1.362167e-07	1.030191e-07	8.720394e-08	9.844392e-08	1.773715e-07	4.816870e-07	1.614575e-06	6.270539e-06	2.714600e-05	1.174907e-04	4.357529e-04	1.451318e-03	4.561046e-03	1.296645e-02	3.232631e-02	6.780965e-02	1.149966e-01	1.553524e-01	1.692005e-01	1.525239e-01	1.218157e-01	9.043804e-02	6.492996e-02	4.728396e-02	3.724710e-02	3.450017e-02	4.065791e-02	6.564539e-02	1.586502e-01	
R133	4.950517e-07	2.251519e-06	1.351305e-05	6.099467e-05	1.652176e-04	2.233864e-04	1.810631e-04	1.226754e-04	5.228474e-05	1.964904e-05	1.944536e-05	1.219354e-04	2.614004e-04	3.702428e-04	5.319150e-04	7.155951e-04	8.704279e-04	9.583296e-04	9.761706e-04	9.533697e-04	9.048757e-04	8.428852e-04	7.788964e-04	7.190017e-04	6.683301e-04	6.290011e-04	6.049859e-04	5.984210e-04	6.147884e-04	6.753736e-04	9.128249e-04	1.713969e-03	4.132311e-03	1.061836e-02	2.415482e-02	4.259358e-02	5.258673e-02	4.551560e-02	3.334377e-02	3.165897e-02	4.961854e-02	7.988275e-02	1.196977e-01	1.650598e-01	2.095483e-01	2.465480e-01	2.717462e-01	2.842400e-01	2.913840e-01	4.519504e-01	
R134	2.700282e-07	1.228102e-06	7.370756e-06	3.326982e-05	9.011869e-05	1.218471e-04	9.876169e-05	6.691384e-05	2.851895e-05	1.071766e-05	1.060656e-05	6.651021e-05	1.425820e-04	2.019506e-04	2.901354e-04	3.903246e-04	4.747789e-04	5.227252e-04	5.324567e-04	5.200198e-04	4.935686e-04	4.597555e-04	4.248526e-04	3.921828e-04	3.645437e-04	3.430915e-04	3.299923e-04	3.264114e-04	3.353391e-04	3.683856e-04	4.979045e-04	9.348920e-04	2.253988e-03	5.791833e-03	1.317536e-02	2.323286e-02	2.868367e-02	2.482669e-02	1.818751e-02	1.726853e-02	2.706466e-02	4.357241e-02	6.528966e-02	9.003263e-02	1.142991e-01	1.344807e-01	1.482252e-01	1.550400e-01	1.589367e-01	2.465184e-01	
R135	3.144248e-15	1.317290e-15	7.517612e-16	3.830876e-16	1.638818e-16	6.336391e-17	2.551758e-17	1.247931e-17	5.321518e-18	2.162341e-18	7.660199e-19	1.539018e-19	3.942185e-20	4.098876e-20	4.286187e-20	4.508518e-20	4.715631e-20	4.935770e-20	5.230736e-20	5.241255e-20	4.905113e-20	4.518892e-20	4.186726e-20	3.935047e-20	3.779539e-20	3.726360e-20	3.814538e-20	4.159351e-20	5.325958e-20	1.023365e-19	3.465533e-19	1.451770e-18	6.098833e-18	2.464782e-17	8.859626e-17	2.640704e-16	6.010474e-16	9.860096e-16	1.165629e-15	1.120870e-15	1.828226e-15	3.595885e-15	6.382900e-15	9.896398e-15	1.365794e-14	1.729351e-14	2.120329e-14	2.677811e-14	3.791230e-14	6.163999e-14	
R136	1.437762e-09	1.873461e-09	3.658340e-09	5.261692e-09	5.262526e-09	4.141356e-09	3.112999e-09	2.439067e-09	1.304813e-09	5.921298e-10	2.952831e-10	1.817177e-10	1.211991e-10	1.534855e-10	1.961201e-10	2.461398e-10	2.993407e-10	3.562416e-10	4.228925e-10	4.854728e-10	5.354517e-10	5.868125e-10	6.482156e-10	7.261077e-10	8.313516e-10	9.781441e-10	1.196573e-09	1.537975e-09	2.113601e-09	3.064257e-09	4.624591e-09	8.213779e-09	2.191397e-08	7.607022e-08	2.423738e-07	5.783454e-07	8.903282e-07	7.975696e-07	3.840449e-07	6.890331e-08	1.157829e-08	6.020730e-09	5.025993e-09	4.748611e-09	4.551140e-09	4.246158e-09	3.871265e-09	3.672296e-09	4.633228e-09	1.357531e-08	
R137	3.607718e-07	5.618117e-07	1.293314e-06	2.223330e-06	2.699607e-06	2.625270e-06	2.488505e-06	2.516764e-06	1.785528e-06	1.109033e-06	7.856350e-07	7.178422e-07	5.912471e-07	7.443668e-07	9.511342e-07	1.193717e-06	1.451728e-06	1.727684e-06	2.050924e-06	2.354423e-06	2.596808e-06	2.845895e-06	3.143686e-06	3.521443e-06	4.031850e-06	4.743757e-06	5.803086e-06	7.458797e-06	1.025044e-05	1.486089e-05	2.242812e-05	3.983480e-05	1.062774e-04	3.689218e-04	1.175453e-03	2.804832e-03	4.317872e-03	3.868016e-03	1.862523e-03	3.341640e-04	5.615182e-05	2.919905e-05	2.437482e-05	2.302959e-05	2.207190e-05	2.059282e-05	1.877468e-05	1.780973e-05	2.247001e-05	6.583688e-05	
R138	5.867975e-07	9.137900e-07	2.103583e-06	3.616259e-06	4.390927e-06	4.270018e-06	4.047569e-06	4.093531e-06	2.904172e-06	1.803849e-06	1.277840e-06	1.167575e-06	9.616670e-07	1.210717e-06	1.547025e-06	1.941588e-06	2.361245e-06	2.810088e-06	3.335840e-06	3.829484e-06	4.223724e-06	4.628866e-06	5.113223e-06	5.727648e-06	6.557828e-06	7.715749e-06	9.438754e-06	1.213178e-05	1.667240e-05	2.417133e-05	3.647948e-05	6.479154e-05	1.728608e-04	6.000535e-04	1.911882e-03	4.562077e-03	7.023045e-03	6.291351e-03	3.029404e-03	5.435198e-04	9.133128e-05	4.749243e-05	3.964580e-05	3.745777e-05	3.590009e-05	3.349434e-05	3.053712e-05	2.896763e-05	3.654761e-05	1.070841e-04	
R140	6.667498e-06	1.205778e-05	2.620328e-05	4.664343e-05	6.821987e-05	9.913426e-05	1.740184e-04	3.540881e-04	5.465124e-04	9.219097e-04	1.889598e-03	2.965818e-03	2.275805e-03	2.308947e-03	2.425232e-03	2.560468e-03	2.686745e-03	2.821386e-03	3.003204e-03	3.014124e-03	2.817270e-03	2.593145e-03	2.403576e-03	2.264019e-03	2.183902e-03	2.166172e-03	2.228071e-03	2.398444e-03	2.757995e-03	3.401124e-03	4.522469e-03	7.436017e-03	1.953325e-02	7.249416e-02	2.714908e-01	8.559602e-01	2.024198e+00	3.343789e+00	3.850380e+00	3.500772e+00	5.208353e+00	9.088894e+00	1.394191e+01	1.816832e+01	2.049791e+01	2.067136e+01	1.971965e+01	1.898959e+01	2.015821e+01	2.427556e+01	
R141	3.333749e-07	6.028888e-07	1.310164e-06	2.332171e-06	3.410994e-06	4.956713e-06	8.700919e-06	1.770440e-05	2.732562e-05	4.609548e-05	9.447992e-05	1.482909e-04	1.137902e-04	1.154473e-04	1.212616e-04	1.280234e-04	1.343373e-04	1.410693e-04	1.501602e-04	1.507062e-04	1.408635e-04	1.296572e-04	1.201788e-04	1.132009e-04	1.091951e-04	1.083086e-04	1.114035e-04	1.199222e-04	1.378998e-04	1.700562e-04	2.261234e-04	3.718009e-04	9.766626e-04	3.624708e-03	1.357454e-02	4.279801e-02	1.012099e-01	1.671894e-01	1.925190e-01	1.750386e-01	2.604176e-01	4.544447e-01	6.970954e-01	9.084161e-01	1.024896e+00	1.033568e+00	9.859826e-01	9.494797e-01	1.007910e+00	1.213778e+00	
R142	6.325357e-12	1.646269e-10	2.706423e-09	4.402903e-08	2.946810e-07	1.063701e-06	3.754115e-06	1.615917e-05	7.015837e-05	5.433783e-04	4.260218e-03	1.993197e-02	3.213157e-02	3.836396e-02	4.220055e-02	4.272947e-02	4.045430e-02	3.653907e-02	3.208800e-02	2.740600e-02	2.271784e-02	1.852647e-02	1.500169e-02	1.212843e-02	9.850457e-03	8.064648e-03	6.687409e-03	5.614667e-03	4.743462e-03	3.974177e-03	3.458938e-03	3.845182e-03	7.010814e-03	1.792476e-02	4.466359e-02	8.661295e-02	1.112724e-01	8.546135e-02	3.631803e-02	5.529701e-03	8.290020e-04	3.893252e-04	2.597280e-04	2.077349e-04	1.890246e-04	1.852984e-04	1.925871e-04	2.160419e-04	2.864439e-04	7.654971e-04	
R143	3.223092e-01	2.074126e-01	1.732264e-01	1.309729e-01	8.420296e-02	4.966086e-02	3.078279e-02	1.867135e-02	7.658568e-03	2.665017e-03	8.940477e-04	2.582627e-04	9.509691e-05	7.922397e-05	7.126449e-05	6.716514e-05	6.454500e-05	6.287189e-05	6.235201e-05	6.138657e-05	5.974897e-05	5.871537e-05	5.868260e-05	5.974581e-05	6.218394e-05	6.633754e-05	7.317580e-05	8.444512e-05	1.045500e-04	1.387180e-04	1.844915e-04	2.237190e-04	2.510920e-04	2.709957e-04	2.831576e-04	2.904546e-04	2.951666e-04	2.977321e-04	2.968344e-04	2.901849e-04	2.762791e-04	2.576883e-04	2.362829e-04	2.109255e-04	1.794810e-04	1.428695e-04	1.057456e-04	7.337360e-05	4.771212e-05	2.585372e-05	
R145	2.908461e-28	1.945764e-27	1.468939e-26	9.732053e-26	4.694937e-25	2.215361e-24	1.487120e-23	1.300837e-22	6.875708e-22	4.109425e-21	3.829477e-20	3.661179e-19	1.180392e-18	4.432915e-18	1.903627e-17	8.460601e-17	3.717884e-16	1.614613e-15	7.052686e-15	2.913652e-14	1.119346e-13	4.179119e-13	1.529365e-12	5.491541e-12	2.034605e-11	9.183884e-11	6.199861e-10	5.817353e-09	6.514725e-08	7.859311e-07	9.164059e-06	8.903258e-05	7.499019e-04	5.650504e-03	3.539831e-02	1.721649e-01	5.995682e-01	1.403944e+00	2.141162e+00	2.292761e+00	5.857870e+00	1.612200e+01	3.330098e+01	5.328112e+01	6.951218e+01	7.837803e+01	8.463158e+01	9.641024e+01	1.069154e+02	9.670748e+01	
R146	6.536333e-13	2.459100e-12	9.784307e-12	2.971530e-11	7.210132e-11	1.737864e-10	5.172709e-10	1.856239e-09	5.313695e-09	1.779486e-08	8.284143e-08	3.849255e-07	7.506693e-07	1.333620e-06	2.434321e-06	4.341681e-06	7.447633e-06	1.238502e-05	2.026987e-05	3.153297e-05	4.610348e-05	6.495147e-05	8.838834e-05	1.161580e-04	1.547240e-04	2.461715e-04	5.703824e-04	1.769334e-03	6.165051e-03	2.184802e-02	7.580132e-02	2.447691e-01	7.615456e-01	2.296003e+00	6.240359e+00	1.418047e+01	2.476359e+01	3.120911e+01	2.731978e+01	1.702254e+01	2.902577e+01	6.136468e+01	1.034539e+02	1.412617e+02	1.629102e+02	1.671175e+02	1.684320e+02	1.823776e+02	1.922008e+02	1.630001e+02	
R148	1.242476e-01	2.351311e-01	6.492135e-01	1.147336e+00	1.252186e+00	1.136919e+00	1.008767e+00	9.015435e-01	5.682418e-01	2.956855e-01	1.414729e-01	5.245431e-02	2.616888e-02	2.714238e-02	2.651566e-02	2.396335e-02	2.001954e-02	1.576083e-02	1.195185e-02	7.913147e-03	4.606741e-03	2.606027e-03	1.514414e-03	9.397141e-04	6.400716e-04	4.844418e-04	4.116374e-04	3.997410e-04	4.701636e-04	7.140210e-04	1.505417e-03	4.423323e-03	1.594002e-02	5.863173e-02	1.878321e-01	4.807687e-01	9.114467e-01	1.265758e+00	1.547396e+00	1.983301e+00	1.431562e+00	9.766207e-01	6.705393e-01	4.486174e-01	2.917372e-01	1.835864e-01	1.116170e-01	6.586040e-02	4.029612e-02	8.341694e-02	
R149	1.321223e-16	7.721257e-17	7.016225e-17	4.271971e-17	1.658775e-17	5.324381e-18	1.708343e-18	5.190833e-19	9.626306e-20	1.382300e-20	1.843729e-21	1.837355e-22	3.928823e-23	4.670983e-23	5.406763e-23	6.184215e-23	6.931515e-23	7.689478e-23	8.582187e-23	8.872550e-23	8.352149e-23	7.635530e-23	6.977169e-23	6.466449e-23	6.151358e-23	6.064056e-23	6.308357e-23	7.179082e-23	9.863289e-23	1.918121e-22	5.646693e-22	2.060794e-21	8.144105e-21	3.295665e-20	1.257254e-19	4.330821e-19	1.295770e-18	3.419120e-18	1.035587e-17	7.628401e-17	5.473971e-16	1.504606e-15	2.868784e-15	4.324192e-15	5.461403e-15	6.011687e-15	5.991028e-15	5.817978e-15	6.494859e-15	7.650267e-15	
R150	3.062445e-25	4.968811e-25	1.185834e-24	1.915935e-24	2.042870e-24	1.906334e-24	2.119789e-24	3.522204e-24	4.910409e-24	6.593193e-24	9.697190e-24	2.168362e-23	3.547898e-23	4.854965e-23	6.045639e-23	6.691844e-23	6.667971e-23	6.147245e-23	5.345700e-23	4.196072e-23	2.937578e-23	1.936389e-23	1.245729e-23	8.129489e-24	5.833445e-24	4.878894e-24	4.763129e-24	4.913103e-24	4.960640e-24	4.634395e-24	3.944285e-24	3.092675e-24	2.475593e-24	2.223704e-24	2.263053e-24	2.475216e-24	2.564162e-24	2.177504e-24	1.495937e-24	9.481901e-25	6.691194e-25	4.152203e-25	1.293432e-25	2.009364e-26	2.146053e-27	2.321756e-28	2.679052e-29	3.021433e-30	3.945885e-31	1.511753e-31	
R152	2.227785e-07	4.205311e-07	1.229972e-06	2.566412e-06	3.437662e-06	3.981239e-06	5.405342e-06	8.294027e-06	7.791444e-06	6.629424e-06	6.005767e-06	9.173564e-06	1.505549e-05	2.334959e-05	3.639559e-05	5.354575e-05	7.320972e-05	9.368178e-05	1.132200e-04	1.226606e-04	1.187989e-04	1.095412e-04	1.014807e-04	1.019035e-04	1.242293e-04	1.907482e-04	3.424962e-04	6.334795e-04	1.145632e-03	1.976646e-03	3.229345e-03	4.928679e-03	7.350109e-03	1.110561e-02	1.698531e-02	2.605350e-02	3.861314e-02	5.336416e-02	6.972962e-02	9.164056e-02	1.386129e-01	2.272250e-01	3.567753e-01	5.019035e-01	6.217249e-01	6.914985e-01	7.284658e-01	7.627635e-01	7.889276e-01	8.905033e-01	
R153	1.236283e-07	2.337845e-07	6.848529e-07	1.431334e-06	1.920528e-06	2.228189e-06	3.030884e-06	4.659765e-06	4.386446e-06	3.740380e-06	3.396315e-06	5.200417e-06	8.545463e-06	1.325273e-05	2.065736e-05	3.039142e-05	4.155227e-05	5.317177e-05	6.426127e-05	6.961951e-05	6.742773e-05	6.217326e-05	5.759825e-05	5.783826e-05	7.050990e-05	1.082646e-04	1.943935e-04	3.595494e-04	6.502360e-04	1.121902e-03	1.832907e-03	2.797413e-03	4.171764e-03	6.303308e-03	9.640497e-03	1.478741e-02	2.191599e-02	3.028836e-02	3.957704e-02	5.201322e-02	7.867370e-02	1.289681e-01	2.024980e-01	2.848697e-01	3.528777e-01	3.924797e-01	4.134616e-01	4.329282e-01	4.477784e-01	5.054306e-01	
R154	7.726770e-09	1.461153e-08	4.280330e-08	8.945836e-08	1.200330e-07	1.392618e-07	1.894303e-07	2.912353e-07	2.741529e-07	2.337738e-07	2.122697e-07	3.250260e-07	5.340914e-07	8.282955e-07	1.291085e-06	1.899464e-06	2.597017e-06	3.323236e-06	4.016329e-06	4.351220e-06	4.214233e-06	3.885829e-06	3.599891e-06	3.614891e-06	4.406869e-06	6.766538e-06	1.214960e-05	2.247184e-05	4.063975e-05	7.011889e-05	1.145567e-04	1.748383e-04	2.607353e-04	3.939567e-04	6.025310e-04	9.242129e-04	1.369749e-03	1.893022e-03	2.473565e-03	3.250826e-03	4.917106e-03	8.060504e-03	1.265612e-02	1.780435e-02	2.205486e-02	2.452998e-02	2.584135e-02	2.705801e-02	2.798615e-02	3.158941e-02	
R155	5.357670e-28	7.637214e-28	7.889410e-28	4.407586e-27	2.017745e-26	1.299359e-25	1.427572e-24	2.201338e-23	5.238499e-22	7.473093e-20	5.968779e-18	1.706587e-16	9.295066e-16	1.957998e-15	3.452001e-15	4.985434e-15	6.155273e-15	6.909395e-15	7.510542e-15	7.997444e-15	8.352631e-15	8.819143e-15	9.531399e-15	1.057530e-14	1.215344e-14	1.464524e-14	1.912902e-14	2.840024e-14	5.259705e-14	1.348683e-13	4.834851e-13	1.901636e-12	7.292250e-12	2.580145e-11	7.537807e-11	1.719279e-10	2.948011e-10	3.880523e-10	4.964440e-10	1.178989e-09	2.030856e-09	7.899286e-10	9.683509e-11	1.164700e-11	8.078175e-12	7.964617e-12	7.392456e-12	6.296104e-12	4.833538e-12	5.251285e-12	
R156	4.525307e-42	1.593941e-42	4.536137e-43	6.277830e-43	6.313785e-43	7.792967e-43	1.404065e-42	2.967466e-42	7.863063e-42	9.801190e-41	5.142041e-40	6.880453e-40	7.319377e-40	1.613485e-39	2.844616e-39	4.108240e-39	5.072244e-39	5.693677e-39	6.189051e-39	6.590282e-39	6.882974e-39	7.267402e-39	7.854336e-39	8.714557e-39	1.001502e-38	1.206839e-38	1.576324e-38	2.340318e-38	4.334253e-38	1.111380e-37	3.984152e-37	1.567041e-36	6.009168e-36	2.126165e-35	6.211519e-35	1.416769e-34	2.429304e-34	3.197739e-34	4.090939e-34	9.715438e-34	1.673524e-33	6.509396e-34	7.979682e-35	9.597696e-36	6.656808e-36	6.563231e-36	6.091743e-36	5.188296e-36	3.983070e-36	4.327314e-36	
R157	5.450664e+00	3.120263e+00	2.344974e+00	1.585372e+00	9.049995e-01	4.702062e-01	2.544988e-01	1.334280e-01	4.674904e-02	1.370284e-02	3.810018e-03	8.954059e-04	2.952863e-04	2.455491e-04	2.196692e-04	2.057382e-04	1.962876e-04	1.895822e-04	1.861484e-04	1.810834e-04	1.737637e-04	1.678680e-04	1.644058e-04	1.635534e-04	1.656966e-04	1.714028e-04	1.824293e-04	2.021626e-04	2.390421e-04	3.011333e-04	3.774980e-04	4.281920e-04	4.431469e-04	4.309811e-04	3.951955e-04	3.455758e-04	2.904214e-04	2.350031e-04	1.824955e-04	1.351212e-04	9.477484e-05	6.308244e-05	3.991069e-05	2.400842e-05	1.370694e-05	7.387482e-06	3.714585e-06	1.697179e-06	6.591446e-07	1.986858e-07	
R159	5.842441e-08	6.830319e-08	9.645444e-08	1.156746e-07	1.097953e-07	9.141646e-08	7.871861e-08	6.641095e-08	3.149947e-08	8.501017e-09	1.596375e-09	3.334199e-10	1.580769e-10	1.841199e-10	2.372737e-10	3.139526e-10	4.217187e-10	5.800446e-10	8.134814e-10	1.076320e-09	1.322931e-09	1.619180e-09	2.122852e-09	3.300894e-09	6.715499e-09	1.696191e-08	4.786527e-08	1.377962e-07	4.024267e-07	1.173938e-06	3.214466e-06	7.491107e-06	1.570773e-05	3.138073e-05	5.897626e-05	1.042564e-04	1.726264e-04	2.675180e-04	3.937261e-04	5.637913e-04	7.967570e-04	1.079399e-03	1.342126e-03	1.491670e-03	1.474784e-03	1.315610e-03	1.086356e-03	8.395056e-04	5.846981e-04	3.418939e-04	
R160	6.763238e-27	3.606641e-27	0.000000e+00	1.230467e-26	5.131008e-26	2.020712e-25	1.073326e-24	9.688651e-24	1.517958e-22	9.203536e-21	3.470699e-19	4.784635e-18	1.468180e-17	2.080505e-17	2.506537e-17	2.511759e-17	2.175986e-17	1.728189e-17	1.337412e-17	1.019022e-17	7.650135e-18	5.830905e-18	4.567794e-18	3.687016e-18	3.094975e-18	2.735291e-18	2.632479e-18	2.894293e-18	3.997056e-18	7.707145e-18	2.074994e-17	6.090972e-17	1.747209e-16	4.685091e-16	1.061965e-15	1.936513e-15	2.751072e-15	3.132525e-15	3.681961e-15	7.750782e-15	1.211809e-14	4.806201e-15	6.778755e-16	8.724943e-17	5.204056e-17	4.895180e-17	4.215484e-17	3.204454e-17	2.128418e-17	1.641682e-17	
R161	8.160602e-27	4.351815e-27	0.000000e+00	1.484696e-26	6.191133e-26	2.438215e-25	1.295088e-24	1.169044e-23	1.831586e-22	1.110509e-20	4.187786e-19	5.773196e-18	1.771523e-17	2.510362e-17	3.024416e-17	3.030717e-17	2.625570e-17	2.085252e-17	1.613737e-17	1.229563e-17	9.230742e-18	7.035637e-18	5.511553e-18	4.448797e-18	3.734433e-18	3.300434e-18	3.176380e-18	3.492288e-18	4.822894e-18	9.299531e-18	2.503712e-17	7.349438e-17	2.108203e-16	5.653084e-16	1.281379e-15	2.336618e-15	3.319475e-15	3.779741e-15	4.442696e-15	9.352184e-15	1.462182e-14	5.799217e-15	8.179324e-16	1.052762e-16	6.279274e-17	5.906580e-17	5.086452e-17	3.866531e-17	2.568173e-17	1.980873e-17	
R162	2.456934e+01	4.253190e+01	1.055371e+02	2.105078e+02	3.248073e+02	4.596822e+02	6.939159e+02	1.079528e+03	1.235457e+03	1.294139e+03	1.402105e+03	1.370431e+03	1.162263e+03	1.289417e+03	1.444189e+03	1.580252e+03	1.668794e+03	1.712365e+03	1.727735e+03	1.604447e+03	1.365326e+03	1.122056e+03	9.093602e+02	7.340945e+02	5.951892e+02	4.875781e+02	4.077808e+02	3.532285e+02	3.260845e+02	3.191508e+02	3.051834e+02	2.580546e+02	1.964587e+02	1.400194e+02	9.487115e+01	6.333082e+01	4.313018e+01	2.993195e+01	2.175995e+01	1.846687e+01	1.198591e+01	7.803429e+00	5.378771e+00	3.840234e+00	2.825770e+00	2.124739e+00	1.623241e+00	1.258886e+00	1.038233e+00	2.455757e+00	
R163	5.142849e-27	8.839349e-26	1.314939e-25	1.838037e-25	4.782839e-25	1.416634e-24	5.347969e-24	2.437476e-23	1.056530e-22	7.555535e-22	4.497219e-21	1.434648e-20	1.654046e-20	2.272577e-20	3.173622e-20	4.297282e-20	5.520585e-20	6.781483e-20	8.076151e-20	9.405511e-20	1.074366e-19	1.221143e-19	1.386524e-19	1.564578e-19	1.765867e-19	1.989220e-19	2.252895e-19	2.563558e-19	2.938982e-19	3.316209e-19	3.564476e-19	3.659277e-19	4.191350e-19	7.171527e-19	1.930481e-18	6.009714e-18	1.620506e-17	3.030114e-17	3.325482e-17	2.303571e-17	4.863411e-17	9.255191e-17	6.564016e-17	2.115798e-17	6.621123e-18	4.188566e-18	3.789511e-18	3.549868e-18	3.351909e-18	5.044024e-18	
R164	3.122346e-32	3.213226e-31	2.981174e-31	2.501991e-31	3.744728e-31	6.076105e-31	1.188545e-30	2.632988e-30	5.151480e-30	1.525399e-29	3.396786e-29	3.593959e-29	2.301798e-29	3.214679e-29	4.489256e-29	6.078731e-29	7.809158e-29	9.592765e-29	1.142414e-28	1.330459e-28	1.519748e-28	1.727371e-28	1.961312e-28	2.213178e-28	2.497912e-28	2.813857e-28	3.186839e-28	3.626288e-28	4.157344e-28	4.690952e-28	5.042139e-28	5.176241e-28	5.928885e-28	1.014450e-27	2.730767e-27	8.501057e-27	2.292290e-26	4.286255e-26	4.704069e-26	3.258522e-26	6.879551e-26	1.309196e-25	9.285146e-26	2.992908e-26	9.365927e-27	5.924947e-27	5.360463e-27	5.021476e-27	4.741452e-27	7.135038e-27	
R165	9.840581e-12	1.425575e-12	2.996852e-13	5.068352e-14	6.376988e-15	6.322148e-16	5.535125e-17	3.879889e-18	1.456732e-19	3.531544e-21	5.983468e-23	5.957194e-25	3.614705e-26	3.146820e-26	2.812059e-26	2.631475e-26	2.509112e-26	2.422539e-26	2.378272e-26	2.313419e-26	2.219850e-26	2.144502e-26	2.100247e-26	2.089328e-26	2.116666e-26	2.189500e-26	2.330259e-26	2.582163e-26	3.052920e-26	3.845349e-26	4.819470e-26	5.465174e-26	5.654192e-26	5.497077e-26	5.039475e-26	4.407348e-26	3.707507e-26	3.007551e-26	2.347304e-26	1.752958e-26	1.245462e-26	8.451817e-27	5.506476e-27	3.461880e-27	2.109139e-27	1.248444e-27	7.187674e-28	4.032224e-28	2.212022e-28	1.177088e-28	
R166	9.883249e-06	2.721467e-07	4.528860e-08	5.907268e-09	5.565867e-10	3.995978e-11	2.438248e-12	1.139779e-13	2.712059e-15	3.926742e-17	3.705014e-19	1.889946e-21	9.497780e-23	1.178819e-22	1.480001e-22	1.945237e-22	2.604405e-22	3.530001e-22	4.864013e-22	5.781278e-22	5.983851e-22	6.033095e-22	6.124395e-22	6.322258e-22	6.682904e-22	7.262921e-22	8.203854e-22	9.755329e-22	1.252809e-21	1.730492e-21	2.390125e-21	2.968258e-21	3.333752e-21	3.473075e-21	3.338101e-21	3.003471e-21	2.605516e-21	2.267094e-21	2.038560e-21	1.892579e-21	1.757434e-21	1.580575e-21	1.345512e-21	1.070044e-21	7.918859e-22	5.462307e-22	3.524225e-22	2.140360e-22	1.246903e-22	7.490603e-23	
R167	5.935608e-19	2.418178e-18	1.836509e-17	8.402834e-17	2.054061e-16	4.009668e-16	7.347240e-16	1.536496e-15	2.384823e-15	3.088690e-15	5.962615e-15	2.809877e-14	3.294934e-13	1.379969e-12	2.975460e-12	3.887472e-12	3.768443e-12	3.161599e-12	2.575919e-12	2.087908e-12	1.714375e-12	1.491379e-12	1.396573e-12	1.412552e-12	1.552146e-12	1.866966e-12	2.524513e-12	4.004996e-12	7.985812e-12	1.954694e-11	4.806937e-11	9.185226e-11	1.365718e-10	1.641550e-10	1.577838e-10	1.289210e-10	1.016571e-10	9.046503e-11	9.878965e-11	1.279500e-10	1.765099e-10	2.356418e-10	2.884404e-10	3.124230e-10	2.959168e-10	2.463636e-10	1.827312e-10	1.235678e-10	8.397190e-11	1.222698e-10	
R168	7.164225e-20	2.876491e-19	2.155377e-18	9.719004e-18	2.338416e-17	4.486418e-17	8.066379e-17	1.652040e-16	2.505647e-16	3.162944e-16	5.933175e-16	2.707081e-15	3.120091e-14	1.307370e-13	2.818922e-13	3.682954e-13	3.570187e-13	2.995268e-13	2.440401e-13	1.978064e-13	1.624182e-13	1.412918e-13	1.323100e-13	1.338238e-13	1.470489e-13	1.768746e-13	2.391699e-13	3.794295e-13	7.565682e-13	1.851858e-12	4.554045e-12	8.701995e-12	1.293868e-11	1.555189e-11	1.494829e-11	1.221386e-11	9.630893e-12	8.570570e-12	9.359237e-12	1.212186e-11	1.672238e-11	2.232447e-11	2.732656e-11	2.959866e-11	2.803488e-11	2.334025e-11	1.731178e-11	1.170669e-11	7.955417e-12	1.158372e-11	
R169	5.071559e-27	1.908469e-27	9.716245e-28	4.298641e-28	1.544110e-28	4.828131e-29	1.494727e-29	4.256890e-30	7.763315e-31	1.152027e-31	1.549910e-32	1.610841e-33	3.735445e-34	3.747128e-34	3.969132e-34	4.381885e-34	4.917999e-34	5.597171e-34	6.488643e-34	7.496408e-34	8.577075e-34	9.939778e-34	1.173041e-33	1.403474e-33	1.715373e-33	2.142090e-33	2.767047e-33	3.731481e-33	5.400244e-33	8.397798e-33	1.322138e-32	1.927740e-32	2.692645e-32	3.795584e-32	5.387357e-32	7.681669e-32	1.086480e-31	1.491614e-31	1.949547e-31	2.405365e-31	2.764884e-31	2.685601e-31	1.941745e-31	1.103291e-31	5.638891e-32	2.797663e-32	1.383419e-32	6.898806e-33	3.499603e-33	1.796361e-33	
R171	2.694271e-18	2.336644e-18	2.564665e-18	2.601420e-18	2.296559e-18	1.909617e-18	1.720268e-18	1.580928e-18	1.048609e-18	6.506478e-19	4.312329e-19	2.682145e-19	1.612664e-19	1.575416e-19	1.668754e-19	1.842290e-19	2.067689e-19	2.353236e-19	2.728040e-19	3.151738e-19	3.606086e-19	4.179012e-19	4.931853e-19	5.900668e-19	7.211997e-19	9.006054e-19	1.163358e-18	1.568838e-18	2.270441e-18	3.530712e-18	5.558706e-18	8.104857e-18	1.132077e-17	1.595789e-17	2.265023e-17	3.229628e-17	4.567921e-17	6.271239e-17	8.196541e-17	1.011295e-16	1.162449e-16	1.129115e-16	8.163740e-17	4.638599e-17	2.370776e-17	1.176230e-17	5.816350e-18	2.900486e-18	1.471349e-18	7.552496e-19	
R172	7.850787e-14	9.304296e-14	1.386641e-13	2.006796e-13	2.594019e-13	3.233211e-13	4.519556e-13	8.529879e-13	1.586950e-12	2.923723e-12	5.164089e-12	5.592981e-12	4.006885e-12	3.740364e-12	3.236011e-12	2.669942e-12	2.141801e-12	1.702329e-12	1.353857e-12	9.831101e-13	6.458533e-13	4.134614e-13	2.665503e-13	1.764849e-13	1.239296e-13	9.421514e-14	7.912553e-14	7.330242e-14	7.457648e-14	7.965692e-14	8.046711e-14	6.946024e-14	5.344028e-14	3.945113e-14	2.913633e-14	2.246622e-14	1.813046e-14	1.397855e-14	8.907278e-15	4.539726e-15	2.646673e-15	1.222496e-15	2.888160e-16	5.688216e-17	1.770110e-17	7.743304e-18	4.266220e-18	2.955472e-18	2.401620e-18	3.077468e-18	
R173	4.554497e-25	1.391228e-25	5.923642e-26	2.203502e-26	6.495436e-27	1.611360e-27	3.836771e-28	1.031070e-28	2.218991e-29	3.710049e-30	4.468159e-31	2.348641e-32	3.343344e-33	3.264526e-33	2.824335e-33	2.330280e-33	1.869327e-33	1.485764e-33	1.181623e-33	8.580416e-34	5.636897e-34	3.608620e-34	2.326405e-34	1.540330e-34	1.081636e-34	8.222935e-35	6.905940e-35	6.397709e-35	6.508907e-35	6.952319e-35	7.023031e-35	6.062370e-35	4.664176e-35	3.443227e-35	2.542969e-35	1.960813e-35	1.582396e-35	1.220024e-35	7.774119e-36	3.962195e-36	2.309970e-36	1.066973e-36	2.520736e-37	4.964577e-38	1.544921e-38	6.758222e-39	3.723483e-39	2.579485e-39	2.096093e-39	2.685961e-39	
R174	3.457235e-34	4.183622e-35	7.577896e-36	1.116718e-36	1.203162e-37	9.954545e-39	7.119182e-40	5.093999e-41	2.538642e-42	8.350514e-44	1.633052e-45	1.109566e-47	5.300118e-49	5.334822e-49	4.615471e-49	3.808095e-49	3.054817e-49	2.428005e-49	1.930985e-49	1.402194e-49	9.211702e-50	5.897133e-50	3.801763e-50	2.517176e-50	1.767588e-50	1.343775e-50	1.128555e-50	1.045501e-50	1.063672e-50	1.136134e-50	1.147690e-50	9.907002e-51	7.622102e-51	5.626851e-51	4.155668e-51	3.204321e-51	2.585919e-51	1.993739e-51	1.270431e-51	6.474938e-52	3.774907e-52	1.743626e-52	4.119336e-53	8.113010e-54	2.524679e-54	1.104415e-54	6.084841e-55	4.215343e-55	3.425392e-55	4.389343e-55	
R175	2.306490e-26	1.965934e-26	6.753312e-26	1.499356e-25	2.175058e-25	2.794460e-25	3.722095e-25	7.094825e-25	1.372593e-24	2.406871e-24	4.313016e-24	6.747629e-24	7.601210e-24	1.066134e-23	1.398272e-23	1.700842e-23	1.939728e-23	2.129876e-23	2.310660e-23	2.354397e-23	2.225747e-23	2.057979e-23	1.898285e-23	1.754343e-23	1.650308e-23	1.588406e-23	1.589512e-23	1.665054e-23	1.859466e-23	2.170541e-23	2.445321e-23	2.385742e-23	2.083344e-23	1.728163e-23	1.388363e-23	1.125258e-23	9.397610e-24	7.759996e-24	5.832969e-24	3.949549e-24	3.252097e-24	2.051035e-24	5.703228e-25	7.632448e-26	7.174810e-27	6.960914e-28	7.055184e-29	6.622855e-30	7.155113e-31	3.090833e-31	
R176	5.379263e-28	3.922533e-28	1.164932e-27	2.205733e-27	2.686940e-27	2.848036e-27	3.066748e-27	4.616220e-27	6.862554e-27	8.955648e-27	1.149982e-26	1.232285e-26	1.132804e-26	1.597885e-26	2.095681e-26	2.549163e-26	2.907198e-26	3.192184e-26	3.463137e-26	3.528689e-26	3.335872e-26	3.084427e-26	2.845084e-26	2.629349e-26	2.473425e-26	2.380648e-26	2.382305e-26	2.495525e-26	2.786903e-26	3.253132e-26	3.664962e-26	3.575668e-26	3.122444e-26	2.590111e-26	2.080830e-26	1.686497e-26	1.408481e-26	1.163041e-26	8.742252e-27	5.919447e-27	4.874131e-27	3.074020e-27	8.547801e-28	1.143925e-28	1.075336e-29	1.043278e-30	1.057407e-31	9.926105e-33	1.072384e-33	4.632433e-34	
R177	8.079005e-27	7.202036e-27	2.583129e-26	6.020038e-26	9.223380e-26	1.260386e-25	1.800212e-25	3.714808e-25	7.867482e-25	1.530263e-24	3.089783e-24	5.550429e-24	6.741559e-24	9.435693e-24	1.237523e-23	1.505310e-23	1.716733e-23	1.885021e-23	2.045021e-23	2.083731e-23	1.969870e-23	1.821389e-23	1.680054e-23	1.552660e-23	1.460585e-23	1.405799e-23	1.406778e-23	1.473636e-23	1.645698e-23	1.921011e-23	2.164201e-23	2.111472e-23	1.843838e-23	1.529490e-23	1.228753e-23	9.958957e-24	8.317240e-24	6.867890e-24	5.162398e-24	3.495500e-24	2.878229e-24	1.815243e-24	5.047573e-25	6.755006e-26	6.349978e-27	6.160672e-28	6.244105e-29	5.861477e-30	6.332546e-31	2.735504e-31	
R178	8.482724e-38	8.069084e-37	2.942747e-36	8.604643e-36	2.314479e-35	5.575871e-35	1.309644e-34	4.702886e-34	1.978460e-33	1.101515e-32	4.978613e-32	1.400328e-31	2.509715e-31	4.201347e-31	6.002718e-31	7.404850e-31	8.101216e-31	8.164668e-31	7.843467e-31	7.093558e-31	5.980139e-31	4.824094e-31	3.749307e-31	2.800122e-31	2.033950e-31	1.441962e-31	1.010832e-31	7.000925e-32	4.768274e-32	3.060198e-32	1.758853e-32	8.726554e-33	3.892544e-33	1.617394e-33	6.252134e-34	2.248049e-34	7.355094e-35	2.044489e-35	4.169669e-36	3.921529e-37	2.844622e-38	2.886864e-39	2.041676e-40	1.010771e-41	4.200794e-43	1.865004e-44	9.355845e-46	4.657917e-47	2.402589e-48	1.367265e-48	
R179	5.185668e-43	2.339606e-42	4.272063e-42	5.884925e-42	6.960160e-42	6.815524e-42	5.946296e-42	7.149332e-42	8.926373e-42	1.280936e-41	1.263452e-41	6.360752e-42	4.538301e-42	7.794682e-42	1.113673e-41	1.373808e-41	1.503004e-41	1.514776e-41	1.455184e-41	1.316055e-41	1.109484e-41	8.950054e-42	6.956022e-42	5.195015e-42	3.773550e-42	2.675245e-42	1.875378e-42	1.298869e-42	8.846492e-43	5.677529e-43	3.263168e-43	1.619022e-43	7.221766e-44	3.000722e-44	1.159947e-44	4.170764e-45	1.364577e-45	3.793103e-46	7.735911e-47	7.275542e-48	5.277575e-49	5.355946e-50	3.787884e-51	1.875264e-52	7.793657e-54	3.460107e-55	1.735773e-56	8.641749e-58	4.457479e-59	2.536662e-59	
R180	9.692242e-14	2.116620e-13	1.100751e-12	5.737345e-12	3.549627e-11	2.314592e-10	1.598820e-09	1.483816e-08	2.006959e-07	5.978488e-06	1.015111e-04	9.947185e-04	5.860081e-03	1.396771e-02	2.422503e-02	3.276791e-02	3.789100e-02	4.026003e-02	4.140849e-02	4.104042e-02	3.963088e-02	3.858474e-02	3.863066e-02	4.054337e-02	4.592421e-02	5.808508e-02	8.564218e-02	1.515893e-01	3.254228e-01	7.795381e-01	1.752964e+00	3.121570e+00	4.515803e+00	5.499595e+00	5.511629e+00	4.545543e+00	3.112327e+00	1.782463e+00	8.292249e-01	2.815340e-01	6.777532e-02	9.193982e-03	5.244920e-04	1.916031e-05	1.713699e-06	2.919126e-07	5.333904e-08	8.923899e-09	1.690579e-09	2.648219e-09	
R181	2.153832e-15	4.703601e-15	2.446113e-14	1.274966e-13	7.888061e-13	5.143538e-12	3.552933e-11	3.297369e-10	4.459908e-09	1.328553e-07	2.255803e-06	2.210486e-05	1.302240e-04	3.103935e-04	5.383341e-04	7.281758e-04	8.420221e-04	8.946674e-04	9.201886e-04	9.120093e-04	8.806862e-04	8.574387e-04	8.584590e-04	9.009639e-04	1.020538e-03	1.290780e-03	1.903160e-03	3.368651e-03	7.231618e-03	1.732307e-02	3.895476e-02	6.936821e-02	1.003512e-01	1.222132e-01	1.224806e-01	1.010121e-01	6.916283e-02	3.961029e-02	1.842722e-02	6.256312e-03	1.506118e-03	2.043107e-04	1.165538e-05	4.257847e-07	3.808220e-08	6.486946e-09	1.185312e-09	1.983089e-10	3.756842e-11	5.884932e-11	
R182	9.288399e-15	2.028428e-14	1.054886e-13	5.498289e-13	3.401726e-12	2.218151e-11	1.532202e-10	1.421990e-09	1.923335e-08	5.729384e-07	9.728150e-06	9.532719e-05	5.615911e-04	1.338572e-03	2.321566e-03	3.140258e-03	3.631220e-03	3.858253e-03	3.968313e-03	3.933040e-03	3.797959e-03	3.697704e-03	3.702105e-03	3.885407e-03	4.401070e-03	5.566487e-03	8.207376e-03	1.452731e-02	3.118635e-02	7.470573e-02	1.679924e-01	2.991504e-01	4.327644e-01	5.270445e-01	5.281978e-01	4.356145e-01	2.982647e-01	1.708194e-01	7.946738e-02	2.698035e-02	6.495134e-03	8.810899e-04	5.026382e-05	1.836197e-06	1.642295e-07	2.797495e-08	5.111658e-09	8.552070e-10	1.620138e-10	2.537877e-10	
R183	3.592717e-38	2.433382e-39	2.530453e-40	1.995247e-41	1.096902e-42	4.423738e-44	1.460604e-45	3.962528e-47	7.118935e-49	1.026415e-50	1.047211e-52	5.915342e-55	4.507040e-56	6.812944e-56	8.259983e-56	8.854684e-56	8.622314e-56	8.133046e-56	8.501090e-56	1.210516e-55	2.524528e-55	6.727811e-55	1.939264e-54	5.460994e-54	1.498544e-53	3.935494e-53	1.004432e-52	2.471155e-52	6.111775e-52	1.487640e-51	3.244460e-51	5.641448e-51	8.102745e-51	1.009909e-50	1.103856e-50	1.085857e-50	9.827294e-51	8.281570e-51	6.495416e-51	4.663144e-51	2.923068e-51	1.465458e-51	5.144250e-52	1.181183e-52	2.145171e-53	4.187828e-54	8.698252e-55	1.674465e-55	3.417477e-56	1.556359e-56	
R186	5.528678e-24	7.537758e-24	8.765608e-24	7.834964e-24	5.434934e-24	3.246258e-24	1.990211e-24	1.704612e-24	1.242133e-24	6.293823e-25	1.101078e-25	3.382459e-27	3.857289e-28	3.204365e-28	2.699889e-28	2.347649e-28	2.086320e-28	1.908364e-28	1.815493e-28	1.673377e-28	1.473119e-28	1.313010e-28	1.208728e-28	1.151301e-28	1.147003e-28	1.195881e-28	1.321229e-28	1.561412e-28	2.034738e-28	2.841718e-28	3.655355e-28	3.625678e-28	2.925264e-28	2.123875e-28	1.453982e-28	9.912744e-29	6.918051e-29	4.827521e-29	3.289797e-29	3.184049e-29	7.074230e-29	1.109916e-28	7.451149e-29	2.906033e-29	8.893708e-30	2.507893e-30	6.864820e-31	1.777208e-31	3.991251e-32	8.029877e-33	
R187	7.727967e-67	4.479451e-69	4.779732e-71	2.943428e-73	1.021171e-75	2.013418e-78	2.428908e-81	2.003028e-84	7.296811e-88	9.851769e-92	4.113582e-96	3.308372e-101	4.841265e-104	6.728337e-104	8.172610e-104	1.000448e-103	1.213891e-103	1.466462e-103	1.779185e-103	2.129708e-103	2.501111e-103	2.950599e-103	3.518027e-103	4.220946e-103	5.133588e-103	6.317244e-103	7.925818e-103	1.013869e-102	1.336546e-102	1.778148e-102	2.216397e-102	2.393362e-102	2.352243e-102	2.267753e-102	2.234915e-102	2.339056e-102	2.569644e-102	2.680583e-102	2.335140e-102	1.676428e-102	1.392124e-102	8.801638e-103	2.506094e-103	3.580719e-104	3.788478e-105	4.367372e-106	5.499394e-107	6.621923e-108	9.126058e-109	3.245722e-109	
R188	2.899652e-51	8.933562e-53	4.459015e-54	1.461848e-55	3.125408e-57	4.484985e-59	4.763226e-61	4.304839e-63	2.215210e-65	5.682466e-68	6.391332e-71	2.096927e-74	2.222473e-76	2.923182e-76	3.550659e-76	4.346528e-76	5.273849e-76	6.371167e-76	7.729817e-76	9.252695e-76	1.086629e-75	1.281912e-75	1.528436e-75	1.833825e-75	2.230330e-75	2.744580e-75	3.443438e-75	4.404838e-75	5.806737e-75	7.725311e-75	9.629324e-75	1.039816e-74	1.021952e-74	9.852444e-75	9.709776e-75	1.016223e-74	1.116403e-74	1.164602e-74	1.014521e-74	7.283382e-75	6.048200e-75	3.823945e-75	1.088794e-75	1.555673e-76	1.645936e-77	1.897442e-78	2.389258e-79	2.876950e-80	3.964892e-81	1.410131e-81	
R189	8.351186e-22	2.357520e-21	4.515845e-21	1.068513e-20	4.531284e-20	2.124982e-19	1.100774e-18	7.548088e-18	6.822480e-17	9.989056e-16	1.214908e-14	8.543947e-14	2.255676e-13	3.314740e-13	4.518350e-13	5.622753e-13	6.467866e-13	7.048655e-13	7.437550e-13	7.775618e-13	8.029719e-13	8.165309e-13	8.119812e-13	7.804979e-13	7.278917e-13	6.560492e-13	5.742412e-13	4.841671e-13	3.882599e-13	2.829378e-13	1.792172e-13	9.810116e-14	4.923778e-14	2.383555e-14	1.132671e-14	5.265972e-15	2.265102e-15	7.912337e-16	1.836533e-16	1.650845e-17	1.146979e-18	1.273535e-19	8.650109e-21	4.151795e-22	1.833845e-23	1.011114e-24	6.678105e-26	4.301888e-27	2.840222e-28	1.735438e-28	
R190	8.549090e-31	5.501703e-30	1.005276e-29	3.271733e-29	3.775994e-28	5.525762e-27	9.767999e-26	2.284302e-24	7.223612e-23	5.930699e-21	3.772961e-19	1.107431e-17	5.324337e-17	7.702442e-17	1.011210e-16	1.156895e-16	1.167662e-16	1.073430e-16	9.283319e-17	8.101958e-17	7.157428e-17	6.240745e-17	5.297727e-17	4.316153e-17	3.384743e-17	2.542161e-17	1.834630e-17	1.252007e-17	7.794411e-18	4.031241e-18	1.614656e-18	5.162197e-19	1.444185e-19	3.713595e-20	8.816024e-21	1.862329e-21	3.181045e-22	3.747869e-23	2.314818e-24	2.497160e-26	1.233306e-28	2.503527e-30	4.665622e-32	7.795862e-34	1.440679e-35	3.035916e-37	7.086261e-38	0.000000e+00	2.155828e-38	0.000000e+00	
R192	1.214390e-23	1.905882e-23	2.266835e-23	6.585331e-23	7.628858e-22	1.451928e-20	4.538998e-19	1.796862e-17	1.348805e-15	9.532689e-13	3.046855e-10	2.689460e-08	3.146442e-07	7.299083e-07	1.453632e-06	2.412146e-06	3.464366e-06	4.551006e-06	5.794412e-06	7.974877e-06	1.206308e-05	1.933217e-05	3.235210e-05	5.598502e-05	1.001846e-04	1.859520e-04	3.642578e-04	7.602262e-04	1.668780e-03	3.456907e-03	5.889360e-03	7.607487e-03	7.886241e-03	6.706794e-03	4.486826e-03	2.272373e-03	8.430035e-04	2.241591e-04	3.847551e-05	2.184503e-06	5.222421e-08	1.809140e-09	3.965422e-11	7.079346e-13	3.686378e-14	4.154174e-15	5.450801e-16	6.466192e-17	6.341371e-18	1.629725e-17	
R195	8.025000e-17	5.214526e-15	1.449826e-13	1.385963e-12	8.141463e-12	4.329801e-11	2.450920e-10	2.317265e-09	4.159431e-08	1.098536e-06	2.117286e-05	1.513685e-04	3.671008e-04	5.971996e-04	7.645542e-04	8.219833e-04	7.829383e-04	6.853090e-04	5.585964e-04	4.134407e-04	2.786920e-04	1.788026e-04	1.181481e-04	9.763494e-05	1.331895e-04	2.845975e-04	7.408932e-04	2.027306e-03	5.690041e-03	1.628564e-02	4.776230e-02	1.395067e-01	4.158832e-01	1.268962e+00	3.753612e+00	1.025504e+01	2.458013e+01	4.950771e+01	8.257056e+01	1.160223e+02	1.425671e+02	1.636888e+02	1.822270e+02	1.989520e+02	2.129630e+02	2.229389e+02	2.282076e+02	2.310257e+02	2.548943e+02	4.020078e+02	
R196	1.536473e-31	1.233187e-31	8.854572e-32	2.007714e-32	2.337270e-33	1.910197e-34	1.150405e-35	7.199431e-37	4.828364e-38	2.552551e-39	5.051159e-41	1.735109e-43	5.460424e-45	5.630955e-45	4.349026e-45	2.941939e-45	1.820543e-45	1.060516e-45	5.856597e-46	2.976092e-46	1.391204e-46	6.236068e-47	2.894412e-47	1.686147e-47	1.624823e-47	2.454294e-47	4.514960e-47	8.719493e-47	1.724018e-46	3.468073e-46	7.132699e-46	1.458778e-45	3.044743e-45	6.516296e-45	1.356985e-44	2.624171e-44	4.483801e-44	6.493185e-44	7.854300e-44	8.043710e-44	7.172772e-44	5.892488e-44	4.608115e-44	3.481587e-44	2.558294e-44	1.833616e-44	1.283687e-44	8.781498e-45	5.849082e-45	3.688084e-45	
R197	3.442223e-11	4.333753e-10	3.884988e-09	1.267473e-08	2.280831e-08	2.839438e-08	2.599033e-08	2.726000e-08	3.808233e-08	5.787200e-08	4.864441e-08	1.073015e-08	2.388583e-09	1.520077e-09	7.946984e-10	3.775675e-10	1.716288e-10	7.711469e-11	3.460058e-11	1.460087e-11	5.731562e-12	2.200778e-12	8.627286e-13	3.726431e-13	2.107720e-13	1.863370e-13	2.413048e-13	3.704081e-13	6.173577e-13	1.076430e-12	1.885351e-12	3.126725e-12	5.102002e-12	8.354418e-12	1.311430e-11	1.890912e-11	2.383056e-11	2.515929e-11	2.197762e-11	1.616584e-11	1.033813e-11	6.128656e-12	3.515347e-12	2.019370e-12	1.213492e-12	8.115655e-13	6.560621e-13	6.926915e-13	1.025551e-12	2.346433e-12	
R198	2.921472e-01	1.323288e-01	6.122721e-02	2.269279e-02	7.088110e-03	2.054777e-03	5.745428e-04	1.557890e-04	3.764946e-05	8.983101e-06	1.979244e-06	2.686008e-07	5.667888e-08	3.684216e-08	2.196299e-08	1.257031e-08	7.019469e-09	3.874883e-09	2.132725e-09	1.117113e-09	5.524314e-10	2.672061e-10	1.283773e-10	6.170364e-11	2.982159e-11	1.451383e-11	7.118752e-12	3.509341e-12	1.731806e-12	8.601540e-13	4.628476e-13	3.403012e-13	4.379518e-13	8.468928e-13	1.751270e-12	3.193320e-12	4.537007e-12	4.665798e-12	3.474082e-12	2.133212e-12	2.251531e-12	2.916397e-12	3.456312e-12	3.603787e-12	3.355107e-12	2.872591e-12	2.391645e-12	2.063404e-12	2.008532e-12	2.289868e-12	
R199	5.798646e-17	5.926409e-17	7.394085e-16	2.419606e-15	6.236035e-15	1.590401e-14	5.105455e-14	2.138243e-13	1.306564e-12	3.927170e-11	1.252094e-09	1.208611e-08	3.130471e-08	5.640362e-08	8.130336e-08	9.821923e-08	1.041532e-07	1.007735e-07	9.091808e-08	7.732077e-08	6.277060e-08	5.074435e-08	4.407234e-08	4.656521e-08	7.057071e-08	1.594015e-07	4.679618e-07	1.517452e-06	5.136544e-06	1.750590e-05	5.868248e-05	1.836195e-04	5.523469e-04	1.601553e-03	4.164839e-03	9.094303e-03	1.585479e-02	2.260418e-02	3.009386e-02	4.381626e-02	7.307305e-02	1.174011e-01	1.755894e-01	2.429207e-01	3.105305e-01	3.683223e-01	4.084369e-01	4.283410e-01	4.408077e-01	6.667191e-01	
R200	6.958376e-17	7.111691e-17	8.872902e-16	2.903527e-15	7.483241e-15	1.908481e-14	6.126545e-14	2.565891e-13	1.567877e-12	4.712604e-11	1.502512e-09	1.450333e-08	3.756566e-08	6.768435e-08	9.756403e-08	1.178631e-07	1.249838e-07	1.209283e-07	1.091017e-07	9.278493e-08	7.532472e-08	6.089322e-08	5.288681e-08	5.587825e-08	8.468485e-08	1.912818e-07	5.615542e-07	1.820942e-06	6.163853e-06	2.100708e-05	7.041897e-05	2.203433e-04	6.628163e-04	1.921864e-03	4.997807e-03	1.091316e-02	1.902575e-02	2.712501e-02	3.611264e-02	5.257951e-02	8.768766e-02	1.408813e-01	2.107073e-01	2.915048e-01	3.726366e-01	4.419867e-01	4.901243e-01	5.140092e-01	5.289692e-01	8.000629e-01	
R201	6.240966e-30	6.423980e-30	6.237155e-30	5.660388e-30	5.264743e-30	5.052956e-30	5.359926e-30	1.505585e-29	1.861663e-28	3.464739e-27	2.626423e-26	3.369205e-26	3.774272e-26	4.486349e-26	4.511301e-26	4.033859e-26	3.339204e-26	2.636953e-26	2.008505e-26	1.443673e-26	9.771066e-27	6.439501e-27	4.171930e-27	2.641084e-27	1.656559e-27	1.024438e-27	6.275266e-28	3.759115e-28	2.198546e-28	1.274817e-28	7.597224e-29	4.593854e-29	2.858232e-29	1.925999e-29	1.466386e-29	1.324618e-29	1.403346e-29	1.518541e-29	1.406368e-29	1.349438e-29	1.713412e-29	3.224330e-29	1.398901e-29	1.356288e-30	7.152565e-32	4.244958e-33	3.445959e-34	3.528126e-35	4.942033e-36	1.891125e-36	
R202	8.976406e-15	2.722725e-14	7.524403e-14	1.856139e-13	3.574262e-13	6.610759e-13	1.470064e-12	3.802995e-12	7.527805e-12	1.660139e-11	4.802573e-11	1.292779e-10	2.141391e-10	5.063733e-10	1.234157e-09	2.973568e-09	6.953823e-09	1.587503e-08	3.585541e-08	7.730790e-08	1.571319e-07	3.082865e-07	5.847788e-07	1.071458e-06	1.988968e-06	4.405200e-06	1.418100e-05	6.093566e-05	2.928545e-04	1.422945e-03	6.714296e-03	2.916904e-02	1.203667e-01	4.725663e-01	1.634672e+00	4.598154e+00	9.620669e+00	1.402448e+01	1.383044e+01	1.000182e+01	1.812873e+01	3.703434e+01	5.910142e+01	7.566025e+01	8.145311e+01	7.797390e+01	7.348183e+01	7.499664e+01	7.626359e+01	6.530572e+01	
R203	5.947168e+00	2.860260e+00	1.657547e+00	6.889834e-01	2.074844e-01	5.419049e-02	1.290027e-02	2.834307e-03	5.329431e-04	8.615799e-05	1.253565e-05	1.462690e-06	3.452732e-07	2.530239e-07	1.662255e-07	1.030702e-07	6.147916e-08	3.585213e-08	2.069046e-08	1.116366e-08	5.559940e-09	2.671043e-09	1.265119e-09	5.982994e-10	2.851614e-10	1.379349e-10	6.842473e-11	3.566046e-11	2.102565e-11	1.646841e-11	1.961908e-11	3.201693e-11	6.198936e-11	1.307045e-10	2.753232e-10	5.485057e-10	9.859760e-10	1.619659e-09	3.172085e-09	1.578068e-08	8.033450e-08	1.639005e-07	2.414408e-07	2.911865e-07	3.034750e-07	2.836111e-07	2.466725e-07	2.146163e-07	2.196942e-07	2.449851e-07	
R204	8.205493e-06	2.797449e-06	1.284454e-06	3.999777e-07	7.941997e-08	1.227801e-08	1.703624e-09	2.128959e-10	1.808679e-11	1.176627e-12	5.727432e-14	3.443691e-15	1.018634e-15	1.024148e-15	9.060233e-16	7.226100e-16	5.257737e-16	3.536743e-16	2.210171e-16	1.249665e-16	6.403461e-17	3.102771e-17	1.489930e-17	7.634355e-18	4.663093e-18	3.513193e-18	3.008036e-18	2.547892e-18	1.977439e-18	1.374153e-18	9.085089e-19	6.200205e-19	4.529997e-19	3.566320e-19	3.011783e-19	2.671820e-19	2.379053e-19	2.046865e-19	1.729442e-19	1.535007e-19	1.647152e-19	2.004214e-19	2.431296e-19	2.736635e-19	2.797353e-19	2.641487e-19	2.428617e-19	2.278300e-19	2.160809e-19	2.309027e-19	
R205	2.664387e-33	2.659371e-34	1.791898e-35	5.748432e-36	1.375805e-36	3.777329e-37	1.209168e-37	3.797972e-38	1.756026e-38	3.444719e-38	2.155771e-38	2.756279e-39	8.447696e-40	1.191618e-39	1.192348e-39	9.335193e-40	6.133647e-40	3.619344e-40	2.034300e-40	1.130527e-40	6.246933e-41	3.466090e-41	1.941694e-41	1.099302e-41	6.329808e-42	3.742652e-42	2.331102e-42	1.584936e-42	1.259682e-42	1.300940e-42	1.887293e-42	3.319283e-42	6.236014e-42	1.149644e-41	1.854542e-41	2.446409e-41	2.520225e-41	2.065242e-41	1.708443e-41	2.740146e-41	3.348501e-41	9.667567e-42	9.156242e-43	8.811549e-44	5.043171e-44	4.221468e-44	3.419636e-44	2.609361e-44	1.836901e-44	1.889298e-44	
R206	1.545758e+00	3.351115e-01	9.309746e-02	1.921423e-02	2.951239e-03	3.610580e-04	3.460447e-05	2.596716e-06	1.506012e-07	6.335692e-09	1.795366e-10	3.071525e-12	3.046202e-13	2.217359e-13	1.409527e-13	8.361114e-14	4.698852e-14	2.534566e-14	1.322326e-14	6.408743e-15	2.885342e-15	1.246078e-15	5.234528e-16	2.156224e-16	8.759190e-17	3.520826e-17	1.404148e-17	5.570100e-18	2.206719e-18	8.698829e-19	3.366158e-19	1.272758e-19	4.747165e-20	1.762889e-20	6.595434e-21	2.546333e-21	1.041859e-21	4.501252e-22	2.115951e-22	1.212760e-22	5.584185e-23	2.698562e-23	1.437094e-23	8.209437e-24	4.984765e-24	3.182157e-24	2.121738e-24	1.474233e-24	1.114892e-24	2.496535e-24	
R207	1.280478e-24	4.938599e-25	7.093078e-25	7.104355e-25	4.863360e-25	2.856827e-25	1.450552e-25	8.527696e-26	6.738855e-26	2.521910e-25	5.852018e-24	3.561847e-23	7.272297e-23	1.474449e-22	2.198580e-22	2.686818e-22	2.927626e-22	3.026654e-22	3.057903e-22	2.895334e-22	2.552594e-22	2.218085e-22	1.985901e-22	1.968060e-22	2.577479e-22	5.289499e-22	1.599154e-21	5.715218e-21	2.172093e-20	8.122884e-20	2.790639e-19	8.458215e-19	2.590611e-18	9.030572e-18	3.528740e-17	1.437450e-16	5.394802e-16	1.527555e-15	2.792068e-15	4.228847e-15	1.221423e-14	2.738001e-14	2.841427e-14	1.815542e-14	1.141860e-14	7.554400e-15	4.893658e-15	3.068926e-15	1.887548e-15	1.182764e-15	
R209	1.071108e-18	1.637851e-19	5.555783e-20	1.662827e-20	5.378496e-21	1.495263e-21	3.009369e-22	5.688957e-23	1.495030e-23	6.123958e-24	8.147385e-25	3.570118e-26	1.183524e-26	1.889025e-26	1.859447e-26	1.363504e-26	8.390638e-27	4.686530e-27	2.492417e-27	1.289226e-27	6.586653e-28	3.369896e-28	1.748814e-28	9.365518e-29	5.315211e-29	3.298640e-29	2.319230e-29	1.879947e-29	1.731948e-29	1.670984e-29	1.520606e-29	1.210814e-29	8.581593e-30	5.445495e-30	3.013417e-30	1.437328e-30	5.912662e-31	2.108088e-31	6.341470e-32	1.454060e-32	2.483307e-33	2.500463e-34	1.102074e-35	3.221278e-37	2.377456e-38	3.438261e-39	5.483070e-40	8.218724e-41	1.427722e-41	2.117270e-41	
R212	2.775673e-15	1.983104e-14	6.229945e-14	1.513033e-13	2.757645e-13	4.141061e-13	5.954643e-13	1.295333e-12	3.886742e-12	1.021136e-11	9.634922e-12	1.706299e-12	6.182055e-13	5.275709e-13	3.907399e-13	2.673242e-13	1.740086e-13	1.098642e-13	6.772324e-14	3.955752e-14	2.187250e-14	1.179973e-14	6.274050e-15	3.287301e-15	1.711057e-15	8.824551e-16	4.508438e-16	2.253711e-16	1.084666e-16	4.906624e-17	2.054046e-17	8.038594e-18	3.062982e-18	1.189438e-18	4.893422e-19	2.201640e-19	1.095096e-19	5.842875e-20	3.253137e-20	2.751659e-20	6.256108e-20	1.091213e-19	8.559492e-20	4.146242e-20	1.686178e-20	6.737596e-21	2.770762e-21	1.135195e-21	4.203925e-22	1.471038e-22	
R213	2.621687e-29	4.334521e-30	4.592190e-31	5.218110e-32	9.525441e-33	1.540489e-33	1.842834e-34	1.992971e-35	2.637535e-36	3.877068e-37	2.598956e-38	5.500068e-40	6.613622e-41	6.546464e-41	5.064590e-41	3.416659e-41	2.091534e-41	1.198198e-41	6.537416e-42	3.566951e-42	1.948841e-42	1.041402e-42	5.367875e-43	2.632865e-43	1.230242e-43	5.440660e-44	2.270886e-44	8.768341e-45	3.017549e-45	8.856677e-46	2.270222e-46	5.556782e-47	1.366395e-47	3.446487e-48	9.043319e-49	2.431608e-49	6.283918e-50	1.366526e-50	2.050979e-51	1.245096e-52	6.137045e-54	5.057927e-55	2.654230e-56	1.019310e-57	3.715229e-59	1.739126e-60	1.002482e-61	5.785671e-63	3.502719e-64	2.026172e-64	
R214	6.033740e-61	2.119968e-62	4.710198e-63	6.740312e-64	4.946402e-65	2.381479e-66	1.032270e-67	3.440808e-69	3.757361e-71	2.267486e-73	9.170461e-76	1.392615e-78	5.848076e-80	4.958516e-79	4.185785e-78	3.658753e-77	3.163115e-76	2.703265e-75	2.324058e-74	1.645520e-73	9.565332e-73	5.228525e-72	2.782223e-71	1.454294e-70	7.886328e-70	5.246184e-69	5.272074e-68	7.444956e-67	1.269921e-65	2.355451e-64	4.241927e-63	6.322087e-62	8.088391e-61	9.119063e-60	8.337693e-59	5.787403e-58	2.875127e-57	9.980958e-57	2.432090e-56	4.539480e-56	2.141510e-55	1.104971e-54	4.186549e-54	1.181358e-53	2.608119e-53	4.794959e-53	8.223013e-53	1.437968e-52	2.284386e-52	2.821662e-52	
R215	3.123200e-20	2.164490e-19	2.788788e-18	1.148696e-17	2.677467e-17	5.144252e-17	9.448868e-17	2.561486e-16	1.142046e-15	6.334795e-15	2.104098e-14	2.048864e-14	2.024056e-14	4.781569e-14	8.590469e-14	1.296005e-13	1.732184e-13	2.127521e-13	2.433298e-13	2.200198e-13	1.599482e-13	1.070765e-13	7.331919e-14	6.285541e-14	8.943410e-14	2.006957e-13	5.542313e-13	1.626429e-12	4.954736e-12	1.553741e-11	5.015966e-11	1.602293e-10	5.176247e-10	1.688427e-09	5.220080e-09	1.461559e-08	3.595809e-08	7.726250e-08	1.475576e-07	2.560224e-07	4.081540e-07	6.161040e-07	8.884057e-07	1.215488e-06	1.564789e-06	1.889275e-06	2.144646e-06	2.326570e-06	2.700573e-06	4.770509e-06	
R216	9.002531e-23	6.417761e-23	1.747460e-23	1.231877e-23	6.739340e-23	9.045455e-22	2.101921e-20	4.243381e-19	1.557461e-17	7.447836e-15	2.083196e-12	1.251602e-10	1.391002e-09	2.444847e-09	2.540904e-09	1.773426e-09	9.396702e-10	4.110206e-10	1.568737e-10	5.434884e-11	1.726203e-11	5.073404e-12	1.411256e-12	3.847176e-13	1.091683e-13	3.559461e-14	1.562370e-14	1.047723e-14	1.001524e-14	1.013737e-14	8.408268e-15	5.202423e-15	2.537531e-15	9.754109e-16	2.773234e-16	5.503763e-17	7.290795e-18	6.271015e-19	3.068677e-20	4.044927e-22	1.965482e-24	1.585163e-26	1.723106e-28	2.213343e-30	8.399877e-32	6.759065e-33	6.232456e-34	5.167077e-35	3.664408e-36	1.126834e-35	
R217	1.170750e-11	2.525666e-13	2.560794e-14	1.808248e-15	9.182963e-17	3.612961e-18	1.114820e-19	2.627836e-21	4.185281e-23	4.759906e-25	3.411075e-27	9.551934e-30	2.986268e-31	2.899372e-31	2.425538e-31	1.948038e-31	1.526437e-31	1.182372e-31	9.131455e-32	5.843241e-32	3.116314e-32	1.572804e-32	7.830456e-33	3.904416e-33	1.968213e-33	1.005997e-33	5.234163e-34	2.767257e-34	1.482219e-34	8.065993e-35	4.777662e-35	3.841656e-35	5.357694e-35	1.107568e-34	2.393805e-34	4.473313e-34	6.523640e-34	7.156981e-34	6.102172e-34	4.626778e-34	6.335645e-34	1.078921e-33	1.656226e-33	2.164061e-33	2.423070e-33	2.392716e-33	2.209175e-33	2.042434e-33	2.091619e-33	2.670845e-33	
R218	3.588587e-15	1.717319e-15	3.154608e-15	4.953051e-15	5.779335e-15	6.123823e-15	7.315949e-15	9.440915e-15	8.552467e-15	7.803660e-15	8.291749e-15	7.114400e-15	7.552579e-15	2.560999e-14	8.759245e-14	2.961482e-13	9.718025e-13	3.113077e-12	9.865967e-12	2.598724e-11	5.696487e-11	1.166172e-10	2.292294e-10	4.357126e-10	8.436238e-10	1.962277e-09	6.700854e-09	3.087985e-08	1.610811e-07	8.575308e-07	4.454076e-06	2.116201e-05	9.463193e-05	3.971772e-04	1.435972e-03	4.139521e-03	8.890078e-03	1.382517e-02	1.561206e-02	1.394131e-02	3.278386e-02	8.804959e-02	1.820054e-01	2.919832e-01	3.780481e-01	4.173942e-01	4.362076e-01	4.770736e-01	5.103884e-01	4.895187e-01	
R219	3.265416e-29	1.040363e-30	5.441955e-31	1.800019e-31	3.641755e-32	5.570713e-33	6.370535e-34	7.134185e-35	8.839728e-36	4.129965e-36	9.141394e-36	3.851288e-36	2.222076e-36	6.609466e-36	1.383046e-35	2.371741e-35	3.626334e-35	5.260608e-35	7.457728e-35	8.626466e-35	8.202049e-35	7.436764e-35	6.899763e-35	7.093513e-35	9.689782e-35	2.088368e-34	6.697479e-34	2.567050e-33	1.058934e-32	4.338800e-32	1.640812e-31	5.438904e-31	1.805225e-30	6.727206e-30	2.747470e-29	1.146984e-28	4.418488e-28	1.334684e-27	2.793496e-27	5.224493e-27	1.957748e-26	5.769714e-26	7.755697e-26	6.210037e-26	4.697319e-26	3.584223e-26	2.574808e-26	1.730326e-26	1.119643e-26	7.858036e-27	
R220	2.913181e-21	1.840417e-21	3.615323e-22	6.197938e-23	1.913404e-23	5.874474e-24	1.699879e-24	4.546562e-25	1.225651e-25	4.363288e-26	8.516847e-27	6.043150e-28	1.092864e-28	1.384005e-28	1.539356e-28	1.585627e-28	1.521131e-28	1.378305e-28	1.190937e-28	8.843092e-29	5.763607e-29	3.592059e-29	2.190715e-29	1.308586e-29	7.718377e-30	4.480392e-30	2.566779e-30	1.434473e-30	7.660282e-31	3.814226e-31	1.826269e-31	9.168592e-32	5.575533e-32	5.313835e-32	8.255216e-32	1.523206e-31	2.532893e-31	3.145423e-31	2.556022e-31	1.476541e-31	2.869199e-31	5.328355e-31	3.781780e-31	1.222244e-31	3.795921e-32	2.351347e-32	2.058938e-32	1.851713e-32	1.686755e-32	2.691446e-32	
R221	9.031846e-33	1.166549e-30	1.482230e-28	4.725053e-27	5.432094e-26	3.934555e-25	1.970460e-24	1.399445e-23	1.556492e-22	2.007747e-21	2.434830e-20	2.457189e-19	3.022636e-18	9.569414e-18	1.205729e-17	7.990598e-18	3.690259e-18	1.440134e-18	5.361230e-19	1.884783e-19	6.329938e-20	2.188219e-20	8.199965e-21	3.600055e-21	2.207802e-21	2.268704e-21	3.730849e-21	8.194136e-21	2.301562e-20	7.791390e-20	2.674582e-19	7.463997e-19	1.747263e-18	3.528877e-18	5.790052e-18	7.769569e-18	9.135605e-18	1.052330e-17	1.278355e-17	1.619823e-17	1.996564e-17	2.309851e-17	2.467641e-17	2.419391e-17	2.237907e-17	2.083435e-17	2.147168e-17	2.704958e-17	4.914746e-17	3.052722e-16	
R222	1.105228e-27	6.517878e-27	6.267380e-26	2.893036e-25	5.051824e-25	3.491114e-25	1.001818e-25	2.267244e-26	4.003343e-27	5.291981e-28	2.050996e-28	1.076384e-27	1.528085e-26	7.059772e-26	1.387333e-25	1.411340e-25	9.281755e-26	4.665839e-26	2.038966e-26	8.658308e-27	3.719788e-27	1.639289e-27	7.505865e-28	3.593599e-28	1.814633e-28	9.740294e-29	5.673026e-29	3.676872e-29	2.731933e-29	2.346821e-29	2.515745e-29	3.554355e-29	6.023037e-29	9.946177e-29	1.305846e-28	1.239401e-28	8.577262e-29	5.042594e-29	3.321811e-29	3.669352e-29	7.863502e-29	1.833835e-28	3.954061e-28	7.446102e-28	1.200712e-27	1.669612e-27	2.047552e-27	2.289431e-27	2.641126e-27	1.052844e-26	
R223	1.156624e-22	4.897961e-22	2.943333e-21	9.680212e-21	1.736466e-20	2.602272e-20	3.490020e-20	5.530649e-20	9.018981e-20	1.515399e-19	3.896521e-19	1.898428e-18	1.942201e-17	6.303460e-17	9.056343e-17	7.230105e-17	4.101898e-17	1.966702e-17	8.981110e-18	3.919168e-18	1.658131e-18	7.220627e-19	3.316194e-19	1.620096e-19	8.489695e-20	4.802580e-20	2.991297e-20	2.109902e-20	1.754684e-20	1.692074e-20	1.784497e-20	2.207798e-20	4.076225e-20	9.722161e-20	2.101379e-19	3.566006e-19	4.727009e-19	5.303879e-19	5.491929e-19	5.809215e-19	1.181771e-18	2.987304e-18	6.593876e-18	1.173447e-17	1.681611e-17	2.004214e-17	2.127314e-17	2.189873e-17	2.615993e-17	8.096618e-17	
R224	1.764746e-20	9.396102e-20	8.278492e-19	3.627121e-18	7.576366e-18	1.259135e-17	1.808605e-17	2.995917e-17	5.049347e-17	7.902418e-17	1.920895e-16	1.209053e-15	1.721832e-14	6.261862e-14	9.914414e-14	8.575117e-14	5.196569e-14	2.632103e-14	1.260298e-14	5.665149e-15	2.413897e-15	1.044041e-15	4.727064e-16	2.272253e-16	1.174249e-16	6.601994e-17	4.158885e-17	3.101214e-17	3.081466e-17	4.686008e-17	1.094119e-16	3.004579e-16	8.345591e-16	2.170366e-15	4.778618e-15	8.859902e-15	1.485907e-14	2.663173e-14	7.253337e-14	6.216091e-13	6.099098e-12	2.428406e-11	6.662644e-11	1.371462e-10	2.200140e-10	2.862211e-10	3.173686e-10	3.294621e-10	4.138895e-10	1.252971e-09	
R225	1.552173e-26	6.028273e-26	4.326214e-25	1.465061e-24	2.090298e-24	2.140225e-24	1.875204e-24	1.860746e-24	1.503488e-24	1.013598e-24	8.917145e-25	3.168624e-24	5.943406e-23	2.961337e-22	6.313813e-22	7.024150e-22	5.192429e-22	3.033713e-22	1.572939e-22	7.409369e-23	3.248227e-23	1.416998e-23	6.504425e-24	3.387610e-24	2.243502e-24	1.964652e-24	2.136140e-24	2.588861e-24	3.386054e-24	4.568455e-24	5.919677e-24	6.798184e-24	7.125589e-24	6.919038e-24	6.107537e-24	5.042408e-24	4.189017e-24	3.932312e-24	4.620426e-24	7.064555e-24	1.461100e-23	3.469509e-23	7.838929e-23	1.505956e-22	2.369505e-22	3.114654e-22	3.650775e-22	4.086360e-22	4.756255e-22	1.379791e-21	
R226	1.027287e-49	1.651962e-49	2.404155e-49	1.194876e-48	3.030423e-48	8.453796e-48	2.743244e-47	1.157472e-46	9.152490e-46	3.593776e-44	8.544393e-43	1.501368e-41	4.592082e-40	3.169749e-39	7.643952e-39	8.347873e-39	5.572541e-39	2.856035e-39	1.331877e-39	6.166397e-40	2.915152e-40	1.456204e-40	7.798055e-41	4.487462e-41	2.801596e-41	1.925422e-41	1.522898e-41	1.481502e-41	1.984333e-41	3.978819e-41	1.131282e-40	3.348065e-40	9.023867e-40	2.051877e-39	3.459727e-39	4.247393e-39	4.082349e-39	3.649998e-39	4.198934e-39	1.160141e-38	2.732497e-38	1.539585e-38	2.715807e-39	4.460776e-40	3.929857e-40	4.579179e-40	4.728994e-40	4.305491e-40	3.719609e-40	1.038598e-39	
R227	4.581580e-20	1.142556e-19	5.005892e-19	1.134540e-18	1.265469e-18	1.037262e-18	6.357380e-19	3.841130e-19	2.151619e-19	9.542238e-20	4.981493e-20	5.146343e-20	3.273933e-19	1.180635e-18	1.808759e-18	1.496611e-18	8.545123e-19	4.003403e-19	1.732924e-19	6.997057e-20	2.695155e-20	1.047900e-20	4.207995e-21	1.761854e-21	7.760167e-22	3.625627e-22	1.836177e-22	1.042187e-22	6.958134e-23	5.325372e-23	4.038854e-23	2.569731e-23	1.375029e-23	6.298036e-24	2.462865e-24	8.849136e-25	3.378096e-25	1.592381e-25	1.040966e-25	1.027789e-25	9.121391e-26	8.602229e-26	8.532155e-26	8.318855e-26	7.775169e-26	6.909361e-26	5.873172e-26	4.869078e-26	4.518939e-26	2.747115e-25	
R228	4.090820e-21	1.618622e-20	5.652444e-20	1.778329e-19	4.427988e-19	1.076018e-18	3.161319e-18	8.993250e-18	1.644524e-17	3.168103e-17	7.596975e-17	1.430114e-16	1.919032e-16	4.003953e-16	7.365454e-16	1.221087e-15	1.837933e-15	2.540798e-15	3.250490e-15	3.300181e-15	2.580595e-15	1.710064e-15	9.968562e-16	5.232799e-16	2.635652e-16	1.512124e-16	1.202111e-16	1.208175e-16	1.267610e-16	1.240827e-16	1.151507e-16	1.157029e-16	1.412670e-16	2.076127e-16	3.743513e-16	7.831368e-16	1.217791e-15	1.003225e-15	4.613482e-16	1.491461e-16	6.885320e-17	4.608908e-17	4.134372e-17	3.517724e-17	2.361369e-17	1.247472e-17	5.666440e-18	2.459266e-18	1.268318e-18	7.600394e-18	
R229	2.577237e-08	4.888677e-08	7.764561e-08	9.545023e-08	1.004806e-07	1.031889e-07	1.092143e-07	1.014124e-07	7.799981e-08	6.356537e-08	5.560726e-08	3.571041e-08	2.399441e-08	2.380789e-08	1.861593e-08	1.238490e-08	7.276815e-09	3.852012e-09	1.846437e-09	7.059179e-10	2.100769e-10	5.252982e-11	1.138690e-11	2.187652e-12	3.961457e-13	8.011022e-14	2.185837e-14	7.262790e-15	2.370913e-15	6.817546e-16	1.882542e-16	6.286968e-17	2.835446e-17	1.667356e-17	1.304354e-17	1.274891e-17	9.941162e-18	4.407772e-18	1.163445e-18	2.188602e-19	6.743067e-20	3.467264e-20	2.538567e-20	1.843326e-20	1.093807e-20	5.257118e-21	2.228905e-21	9.194820e-22	4.506428e-22	2.531938e-21	
R230	1.627845e+02	1.740509e+02	2.298369e+02	2.827730e+02	3.066279e+02	3.178215e+02	3.583358e+02	3.401232e+02	1.905354e+02	8.949721e+01	4.051747e+01	1.418470e+01	5.665590e+00	4.110937e+00	2.775933e+00	1.789057e+00	1.098688e+00	6.426424e-01	3.574524e-01	1.637630e-01	6.046551e-02	1.973351e-02	5.940728e-03	1.693637e-03	4.657134e-04	1.248397e-04	3.282816e-05	8.513553e-06	2.199076e-06	5.585286e-07	1.378300e-07	3.619955e-08	1.110071e-08	4.049469e-09	1.941095e-09	1.267434e-09	7.961139e-10	3.669538e-10	1.343713e-10	4.516237e-11	8.232987e-12	1.845440e-12	6.817529e-13	2.875542e-13	1.103300e-13	3.641453e-14	1.021163e-14	2.461055e-15	6.911530e-16	2.594167e-15	
R231	3.721999e-03	5.783814e-03	4.046981e-03	3.930249e-03	7.185110e-03	1.420733e-02	2.840749e-02	4.307250e-02	5.030293e-02	7.814165e-02	9.297835e-02	6.293875e-02	4.177199e-02	3.590394e-02	2.538994e-02	1.569308e-02	8.695160e-03	4.374434e-03	2.007364e-03	7.826195e-04	2.562710e-04	7.410127e-05	1.948857e-05	4.768750e-06	1.104089e-06	2.442918e-07	5.178942e-08	1.047545e-08	1.987968e-09	3.430326e-10	5.540792e-11	9.838553e-12	2.094057e-12	5.262504e-13	1.678387e-13	6.740652e-14	2.300134e-14	4.929140e-15	6.660453e-16	3.745138e-17	6.800214e-19	3.923246e-20	5.620834e-21	1.170089e-21	2.646564e-22	5.876989e-23	1.216018e-23	2.209828e-24	4.194179e-25	3.890691e-24	
R232	1.332723e-02	9.835980e-03	2.509755e-02	4.605002e-02	6.003775e-02	7.029036e-02	7.338726e-02	6.356553e-02	4.510468e-02	2.710487e-02	1.556558e-02	8.284201e-03	6.431392e-03	6.543387e-03	5.113469e-03	3.379664e-03	1.988049e-03	1.068600e-03	5.304065e-04	2.088852e-04	6.371554e-05	1.665231e-05	3.916405e-06	8.563399e-07	1.783034e-07	3.588006e-08	7.025746e-09	1.338774e-09	2.464839e-10	4.339636e-11	7.687120e-12	1.601286e-12	4.197743e-13	1.348672e-13	5.718062e-14	3.286737e-14	1.853799e-14	8.279889e-15	3.326525e-15	1.400101e-15	3.533782e-16	1.153983e-16	6.316974e-17	3.914252e-17	2.160417e-17	1.003136e-17	3.891510e-18	1.288523e-18	5.123313e-19	4.377842e-18	
R233	1.987079e-42	1.005020e-41	3.712731e-42	1.275588e-42	8.474641e-43	6.067000e-43	4.524531e-43	4.181137e-43	5.963005e-43	1.471222e-42	2.059473e-42	1.074246e-42	5.416259e-43	6.578140e-43	6.878696e-43	6.448372e-43	5.514212e-43	4.403141e-43	3.324230e-43	2.471504e-43	1.820621e-43	1.324973e-43	9.487138e-44	6.595432e-44	4.493778e-44	2.979402e-44	1.929813e-44	1.202095e-44	7.057875e-45	3.821760e-45	1.983790e-45	1.087652e-45	7.398384e-46	8.215123e-46	1.558168e-45	3.650724e-45	7.791970e-45	1.197590e-44	1.113906e-44	6.753955e-45	1.287514e-44	2.240609e-44	1.423164e-44	3.957284e-45	1.054667e-45	5.743457e-46	4.565230e-46	3.844344e-46	3.334743e-46	4.755915e-46	
R235	2.094171e-15	2.352170e-15	3.026462e-15	3.048956e-15	2.384136e-15	1.738032e-15	1.264251e-15	1.206189e-15	1.485922e-15	1.912980e-15	2.311547e-15	1.687216e-15	1.020014e-15	8.352163e-16	5.306082e-16	2.898182e-16	1.453399e-16	6.974141e-17	3.259606e-17	1.312663e-17	4.475049e-18	1.424346e-18	4.439745e-19	1.397047e-19	4.613744e-20	1.639496e-20	6.414561e-21	2.793180e-21	1.416091e-21	9.397208e-22	9.012921e-22	1.118101e-21	1.607000e-21	2.566784e-21	4.342359e-21	7.597769e-21	1.304109e-20	2.025032e-20	3.218269e-20	1.085320e-19	4.500366e-19	6.199652e-19	3.282938e-19	1.228762e-19	6.476372e-20	4.426928e-20	3.646242e-20	3.877735e-20	5.825132e-20	1.551909e-19	
R236	1.156521e-17	1.306633e-17	1.840112e-17	1.971055e-17	1.487077e-17	9.721883e-18	6.498087e-18	5.819210e-18	5.636020e-18	5.404969e-18	4.350590e-18	3.552975e-18	4.071561e-18	4.521658e-18	3.868238e-18	2.717652e-18	1.662468e-18	9.201884e-19	4.657128e-19	1.965339e-19	6.893502e-20	2.213002e-20	6.993424e-21	2.384307e-21	1.009100e-21	5.585156e-22	3.771675e-22	2.669257e-22	1.781321e-22	1.048768e-22	5.582304e-23	2.896042e-23	1.570703e-23	9.367346e-24	6.353368e-24	4.950051e-24	4.208709e-24	3.422906e-24	2.346827e-24	1.412016e-24	1.234175e-24	1.013978e-24	4.421680e-25	1.544581e-25	7.984608e-26	5.514741e-26	4.801546e-26	5.505842e-26	7.663038e-26	1.956379e-25	
R237	1.395594e-12	1.227599e-12	1.261001e-12	1.096253e-12	7.974330e-13	5.246736e-13	3.152354e-13	2.265270e-13	2.063859e-13	1.828105e-13	1.276273e-13	4.645948e-14	2.268459e-14	1.811774e-14	1.113732e-14	5.819522e-15	2.749663e-15	1.220422e-15	5.156611e-16	1.865306e-16	5.748517e-17	1.644791e-17	4.547102e-18	1.246284e-18	3.507983e-19	1.035884e-19	3.258348e-20	1.079955e-20	3.678914e-21	1.228680e-21	3.827826e-22	1.100216e-22	3.046237e-23	8.569479e-24	2.574880e-24	8.730739e-25	3.411044e-25	1.393068e-25	5.313906e-26	2.064607e-26	7.743480e-27	2.526679e-27	4.836908e-28	8.575127e-29	2.633203e-29	1.229509e-29	7.763316e-30	6.593444e-30	7.317299e-30	3.914669e-29	
R238	4.499974e-46	2.373709e-46	4.614654e-46	6.546912e-46	6.483753e-46	5.609395e-46	4.315029e-46	5.083912e-46	1.117823e-45	1.283793e-44	8.502826e-43	9.709215e-42	2.667399e-41	6.152067e-41	8.870996e-41	9.549583e-41	8.748352e-41	7.442046e-41	6.089372e-41	4.303274e-41	2.596948e-41	1.495088e-41	8.809227e-42	5.808774e-42	5.271226e-42	7.947018e-42	1.894950e-41	5.658464e-41	1.849157e-40	5.858834e-40	1.620482e-39	3.733652e-39	8.488964e-39	2.241650e-38	7.034873e-38	2.516816e-37	9.019381e-37	2.414121e-36	3.580612e-36	3.676271e-36	8.648995e-36	1.309105e-35	4.883626e-36	9.684036e-37	3.080175e-37	1.490503e-37	9.143493e-38	7.008993e-38	6.326142e-38	9.470621e-38	
R239	5.189442e-37	5.328921e-36	3.810956e-36	2.730193e-36	3.994658e-36	6.667108e-36	1.236762e-35	3.283384e-35	1.464276e-34	1.177671e-33	6.213917e-33	1.057257e-32	8.500689e-33	8.363580e-33	6.410248e-33	4.144936e-33	2.382455e-33	1.265906e-33	6.313273e-34	2.863980e-34	1.184773e-34	4.688412e-35	1.815889e-35	6.957052e-36	2.725985e-36	1.106911e-36	4.714923e-37	2.052845e-37	8.684589e-38	3.343858e-38	1.170981e-38	4.086249e-39	1.702195e-39	1.149585e-39	1.372307e-39	2.169965e-39	3.356754e-39	3.693681e-39	2.127029e-39	6.745416e-40	8.229421e-40	7.848975e-40	1.546028e-40	1.237428e-41	1.616003e-42	6.348257e-43	4.746903e-43	4.869690e-43	6.187444e-43	2.105959e-42	
R242	2.724905e-55	1.484859e-55	9.282409e-55	2.893892e-54	4.746794e-54	6.462334e-54	7.516151e-54	1.483524e-53	5.922528e-53	1.200016e-51	1.603449e-49	5.716339e-48	3.721686e-47	1.275095e-46	2.787258e-46	4.423539e-46	5.761178e-46	6.770589e-46	7.557164e-46	7.493762e-46	6.507713e-46	5.411228e-46	4.561876e-46	4.198699e-46	5.104167e-46	9.742452e-46	2.768013e-45	9.346129e-45	3.352613e-44	1.160858e-43	3.580841e-43	9.324904e-43	2.406413e-42	7.140298e-42	2.437517e-41	9.166356e-41	3.399449e-40	9.744991e-40	1.705003e-39	2.325673e-39	7.727735e-39	1.597068e-38	7.012376e-39	9.448601e-40	9.078392e-41	9.743078e-42	1.099513e-42	1.142082e-43	1.370485e-44	6.916458e-45	
R243	9.427212e-47	1.000042e-45	2.299729e-45	3.620432e-45	8.773538e-45	2.304263e-44	6.462778e-44	2.874349e-43	2.327439e-42	3.302458e-41	3.515431e-40	1.867393e-39	3.558173e-39	5.200377e-39	6.042281e-39	5.760027e-39	4.706858e-39	3.455070e-39	2.350510e-39	1.496209e-39	8.906793e-40	5.090685e-40	2.821085e-40	1.508609e-40	7.918773e-41	4.070973e-41	2.066171e-41	1.017210e-41	4.723677e-42	1.987636e-42	7.762685e-43	3.061658e-43	1.447592e-43	1.098527e-43	1.426474e-43	2.370933e-43	3.795531e-43	4.473044e-43	3.038524e-43	1.280180e-43	2.205856e-43	2.872653e-43	6.659806e-44	3.622033e-45	1.428884e-46	1.244913e-47	1.712458e-48	2.380478e-49	4.021314e-50	4.613988e-50	
R244	2.378008e-39	2.324311e-38	3.399447e-37	1.929645e-36	8.837128e-36	3.735665e-35	1.368934e-34	8.554783e-34	1.519172e-32	7.038854e-31	9.613706e-30	2.148578e-29	5.272038e-29	1.495560e-28	2.239215e-28	2.187490e-28	1.640543e-28	1.051228e-28	6.080367e-29	3.147571e-29	1.480442e-29	6.686505e-30	3.171851e-30	1.948827e-30	2.098981e-30	3.875070e-30	9.870787e-30	3.043172e-29	1.091698e-28	4.172750e-28	1.538043e-27	4.932878e-27	1.437105e-26	3.843650e-26	8.723203e-26	1.584622e-25	2.193528e-25	2.230475e-25	1.598399e-25	7.392010e-26	2.217058e-26	3.611728e-27	2.451693e-28	1.066285e-29	1.138851e-30	2.324808e-31	5.111624e-32	1.032250e-32	2.352226e-33	4.331725e-33	
R245	3.594236e-35	6.264341e-34	1.558700e-32	1.569466e-31	1.336535e-30	1.108292e-29	8.467925e-29	1.183377e-27	5.095573e-26	6.290785e-24	2.557452e-22	1.940063e-21	9.119436e-21	2.540657e-20	3.803978e-20	3.716107e-20	2.786955e-20	1.785825e-20	1.032933e-20	5.347093e-21	2.514974e-21	1.135903e-21	5.388340e-22	3.310667e-22	3.565749e-22	6.582968e-22	1.676849e-21	5.169740e-21	1.854577e-20	7.088666e-20	2.612827e-19	8.379971e-19	2.441354e-18	6.529592e-18	1.481898e-17	2.691956e-17	3.726364e-17	3.789131e-17	2.715361e-17	1.255755e-17	3.766337e-18	6.135602e-19	4.164936e-20	1.811405e-21	1.934679e-22	3.949384e-23	8.683626e-24	1.753586e-24	3.995961e-25	7.358733e-25	
R246	4.911335e-28	2.420121e-26	1.538210e-24	3.974671e-23	7.987942e-22	1.290512e-20	1.565125e-19	3.031000e-18	1.714291e-16	2.794451e-14	1.525544e-12	1.505966e-11	6.222377e-11	1.133758e-10	1.149050e-10	7.883878e-11	4.343202e-11	2.146592e-11	1.008790e-11	4.336514e-12	1.712799e-12	6.626704e-13	2.654970e-13	1.209494e-13	7.646244e-14	8.261997e-14	1.481484e-13	3.630351e-13	1.097819e-12	3.637079e-12	1.141668e-11	2.969161e-11	6.762566e-11	1.383860e-10	2.367441e-10	3.206550e-10	3.273890e-10	2.427007e-10	1.256006e-10	4.171933e-11	8.973562e-12	1.054908e-12	5.252232e-14	1.736780e-15	1.517002e-16	2.889584e-17	7.336309e-18	2.286594e-18	1.158195e-18	7.739291e-18	
R247	2.922934e-17	1.349683e-16	1.260997e-15	9.688501e-15	6.467153e-14	2.341364e-13	4.147272e-13	7.167114e-13	2.009846e-12	1.190973e-11	8.563363e-11	2.165354e-09	2.418720e-08	6.280672e-08	9.927750e-08	1.045617e-07	8.202834e-08	5.222242e-08	2.880891e-08	1.495868e-08	7.557983e-09	3.727717e-09	1.824858e-09	9.065775e-10	4.719083e-10	2.663544e-10	1.691549e-10	1.223220e-10	9.784953e-11	8.226182e-11	8.063639e-11	1.061705e-10	1.750448e-10	2.928819e-10	4.009307e-10	3.840904e-10	2.308108e-10	8.732801e-11	2.450731e-11	7.096427e-12	2.653861e-12	6.288854e-13	6.319546e-14	4.013732e-15	6.111723e-16	1.738808e-16	5.253239e-17	1.453238e-17	4.673588e-18	2.004281e-17	
R248	5.164975e-25	3.488106e-25	4.728624e-25	6.456822e-25	1.109727e-24	1.948766e-24	3.043162e-24	7.092181e-24	3.945441e-23	5.370494e-22	3.184036e-21	6.538208e-21	1.428418e-20	2.685850e-20	3.090133e-20	2.544701e-20	1.716597e-20	1.038950e-20	5.962953e-21	3.176615e-21	1.582572e-21	7.719764e-22	3.788972e-22	1.916560e-22	1.030868e-22	6.095241e-23	4.119825e-23	3.284134e-23	3.274374e-23	4.814845e-23	1.182527e-22	3.473730e-22	9.979310e-22	2.626099e-21	5.680393e-21	9.198276e-21	1.019028e-20	7.307553e-21	3.309319e-21	9.705003e-22	3.777128e-22	1.093508e-22	1.301714e-23	9.295689e-25	1.538729e-25	4.711192e-26	1.583305e-26	5.288454e-27	2.348888e-27	1.055912e-26	
R250	1.443454e-18	2.650297e-18	8.965770e-18	2.716606e-17	9.791273e-17	3.809845e-16	1.461501e-15	7.585246e-15	7.702989e-14	2.048898e-12	3.051191e-11	1.931146e-10	7.721219e-10	1.436167e-09	1.659714e-09	1.371817e-09	9.283870e-10	5.637363e-10	3.249805e-10	1.734061e-10	8.628134e-11	4.205065e-11	2.064803e-11	1.046710e-11	5.654201e-12	3.363356e-12	2.284230e-12	1.797623e-12	1.609526e-12	1.518967e-12	1.464841e-12	1.688934e-12	3.033907e-12	7.331782e-12	1.652312e-11	2.830181e-11	3.257649e-11	2.352359e-11	1.037662e-11	2.877254e-12	1.021424e-12	2.623620e-13	2.698943e-14	1.619919e-15	2.192101e-16	5.345528e-17	1.397766e-17	3.559906e-18	1.185518e-18	3.947376e-18	
R251	1.443454e-18	2.650297e-18	8.965770e-18	2.716606e-17	9.791273e-17	3.809845e-16	1.461501e-15	7.585246e-15	7.702989e-14	2.048898e-12	3.051191e-11	1.931146e-10	7.721219e-10	1.436167e-09	1.659714e-09	1.371817e-09	9.283870e-10	5.637363e-10	3.249805e-10	1.734061e-10	8.628134e-11	4.205065e-11	2.064803e-11	1.046710e-11	5.654201e-12	3.363356e-12	2.284230e-12	1.797623e-12	1.609526e-12	1.518967e-12	1.464841e-12	1.688934e-12	3.033907e-12	7.331782e-12	1.652312e-11	2.830181e-11	3.257649e-11	2.352359e-11	1.037662e-11	2.877254e-12	1.021424e-12	2.623620e-13	2.698943e-14	1.619919e-15	2.192101e-16	5.345528e-17	1.397766e-17	3.559906e-18	1.185518e-18	3.947376e-18	
R252	2.233927e-19	2.127102e-19	4.768043e-19	7.064140e-19	8.769460e-19	9.139936e-19	6.980935e-19	5.685427e-19	7.521361e-19	1.724164e-18	1.432111e-18	4.246600e-19	4.642935e-19	9.044227e-19	9.721091e-19	6.877919e-19	3.705861e-19	1.687039e-19	6.928515e-20	2.438850e-20	7.558137e-21	2.263901e-21	6.969443e-22	2.327420e-22	8.877674e-23	4.029528e-23	2.260779e-23	1.605020e-23	1.469894e-23	1.708320e-23	2.612188e-23	5.382121e-23	1.326322e-22	3.176668e-22	6.124059e-22	8.515878e-22	7.858058e-22	4.770327e-22	2.234015e-22	8.732441e-23	1.504002e-23	1.510249e-24	6.953897e-26	2.142827e-27	1.671380e-28	2.543283e-29	4.238362e-30	6.614236e-31	1.269556e-31	7.266512e-31	
R254	5.147039e-40	8.411016e-40	1.513102e-39	1.624847e-38	2.092025e-37	4.167034e-36	1.171810e-34	5.484597e-33	1.040904e-30	2.899777e-27	2.137506e-24	3.226196e-22	1.057162e-20	4.066339e-20	7.887719e-20	8.918266e-20	7.101505e-20	4.609502e-20	2.713591e-20	1.536225e-20	8.541068e-21	4.774995e-21	2.733870e-21	1.632448e-21	1.050601e-21	7.592366e-22	6.547928e-22	7.107090e-22	1.024865e-21	2.011111e-21	5.228759e-21	1.442116e-20	3.781723e-20	8.712666e-20	1.531731e-19	1.898049e-19	1.584094e-19	9.114975e-20	4.467072e-20	3.235374e-20	1.329797e-20	7.613394e-22	6.258997e-24	3.467313e-26	2.884461e-27	6.876810e-28	1.749542e-28	3.940898e-29	9.491216e-30	2.851053e-29	
R255	5.984006e-26	4.022985e-26	5.214299e-26	5.984171e-26	7.455601e-26	8.325006e-26	7.311498e-26	6.768504e-26	8.266414e-26	1.232204e-25	5.166544e-26	1.144084e-26	1.381050e-26	3.008483e-26	4.265654e-26	4.418724e-26	3.828083e-26	3.044604e-26	2.312470e-26	1.626674e-26	1.064343e-26	6.897586e-27	4.790672e-27	4.008980e-27	4.567434e-27	6.918480e-27	1.289102e-26	2.713079e-26	6.169462e-26	1.377294e-25	2.735141e-25	4.469657e-25	6.409099e-25	8.337300e-25	9.429099e-25	9.055646e-25	7.298181e-25	4.943945e-25	2.787420e-25	1.217275e-25	4.104757e-26	8.185175e-27	6.825284e-28	3.493873e-29	4.143194e-30	8.937266e-31	2.022848e-31	4.134303e-32	9.033246e-33	1.460449e-32	
R257	5.655152e-26	1.344283e-25	1.160555e-24	1.103963e-23	1.815625e-22	3.443403e-21	5.690984e-20	1.488451e-18	1.479084e-16	7.853695e-14	1.111291e-11	5.124455e-10	1.708181e-08	7.447308e-08	1.421110e-07	1.504904e-07	1.122333e-07	6.895581e-08	3.841007e-08	2.023943e-08	1.040412e-08	5.363457e-09	2.844697e-09	1.606755e-09	1.019208e-09	7.730860e-10	7.526303e-10	9.739147e-10	1.627930e-09	2.984326e-09	4.867112e-09	6.077549e-09	6.012372e-09	4.767826e-09	2.875413e-09	1.288337e-09	4.293583e-10	1.074901e-10	1.915613e-11	1.983483e-12	1.139358e-13	2.274976e-15	8.703493e-18	1.464415e-20	1.570973e-22	6.470795e-24	3.240884e-25	1.434038e-26	8.522654e-28	3.691274e-27	
R258	6.427716e-34	1.455865e-32	2.669426e-31	4.158826e-30	6.731558e-29	1.021605e-27	1.480029e-26	4.397649e-25	3.828244e-23	7.448915e-21	3.016742e-19	1.499960e-18	7.864741e-18	1.934989e-17	2.778225e-17	2.744900e-17	2.165377e-17	1.503874e-17	9.709528e-18	5.777423e-18	3.214215e-18	1.747174e-18	9.494594e-19	5.246784e-19	3.052410e-19	1.924073e-19	1.361131e-19	1.086199e-19	9.484902e-20	8.152537e-20	6.116467e-20	3.753766e-20	1.996450e-20	9.688597e-21	4.343998e-21	1.835929e-21	7.398182e-22	2.771674e-22	9.142315e-23	3.492020e-23	2.670362e-23	9.236377e-24	6.288784e-25	1.753584e-26	1.036563e-27	1.179668e-28	1.523614e-29	1.842734e-30	2.334653e-31	2.385942e-31	
R259	5.415348e-25	9.938220e-25	3.316853e-24	1.089257e-23	4.821993e-23	2.333994e-22	1.084300e-21	8.525461e-21	1.825888e-19	9.609456e-18	2.389113e-16	2.639772e-15	1.808850e-14	3.814171e-14	5.097325e-14	4.885091e-14	3.822818e-14	2.670458e-14	1.754668e-14	1.116670e-14	6.981083e-15	4.360715e-15	2.754364e-15	1.778516e-15	1.211324e-15	8.939415e-16	7.405534e-16	6.925521e-16	7.108696e-16	7.237607e-16	6.542807e-16	4.954298e-16	3.329748e-16	2.090277e-16	1.239651e-16	7.048599e-17	3.768997e-17	1.718682e-17	5.735438e-18	1.255743e-18	2.488199e-19	2.315554e-20	4.421507e-22	2.909713e-24	3.692472e-26	1.029303e-27	3.552642e-29	1.131380e-30	4.891487e-32	4.810077e-32	
R260	8.269537e-43	5.403137e-42	1.536875e-41	8.514035e-41	2.421480e-39	9.488491e-38	3.665482e-36	2.186418e-34	4.549201e-32	5.889241e-29	2.722097e-26	3.221877e-24	8.071194e-23	2.140626e-22	3.092025e-22	2.769443e-22	1.802773e-22	9.583155e-23	4.488459e-23	2.082642e-23	9.794151e-24	4.521722e-24	2.033442e-24	8.915890e-25	3.915481e-25	1.763618e-25	8.403896e-26	4.192733e-26	2.032400e-26	8.044257e-27	2.336772e-27	5.238757e-28	1.002240e-28	1.678118e-29	2.397348e-30	2.751304e-31	2.287402e-32	1.178069e-33	2.787343e-35	9.170274e-38	1.080682e-40	3.228968e-43	4.035547e-46	3.105732e-49	6.883981e-52	3.507784e-54	2.244263e-55	0.000000e+00	5.664893e-57	0.000000e+00	
R261	2.098635e-38	3.333156e-38	6.152976e-38	3.032770e-37	8.627461e-36	4.379792e-34	2.979602e-32	2.994696e-30	1.471500e-27	1.630506e-23	3.762323e-20	1.329600e-17	8.074036e-16	3.434201e-15	7.524904e-15	9.775677e-15	9.055087e-15	6.878399e-15	4.742948e-15	3.470513e-15	2.794558e-15	2.371335e-15	2.102275e-15	1.957874e-15	1.962029e-15	2.183973e-15	2.824789e-15	4.310012e-15	7.366648e-15	1.167831e-14	1.442944e-14	1.307013e-14	9.265399e-15	5.130833e-15	2.065583e-15	5.683379e-16	1.026236e-16	1.192855e-17	7.843375e-19	1.358106e-20	7.747185e-23	3.950286e-25	5.806673e-28	4.774610e-31	2.982066e-33	8.125922e-35	2.922549e-36	9.169334e-38	2.821017e-39	2.004564e-38	
R263	2.646481e-11	6.150615e-11	1.688219e-10	5.062897e-10	2.197212e-09	1.025470e-08	4.469805e-08	2.070623e-07	1.607180e-06	2.715467e-05	2.193321e-04	8.529557e-04	3.281243e-03	5.449585e-03	5.303440e-03	3.610259e-03	1.975601e-03	9.417794e-04	4.075633e-04	1.521088e-04	4.895209e-05	1.435095e-05	3.973310e-06	1.076351e-06	2.969754e-07	8.679736e-08	2.789533e-08	1.002717e-08	3.976930e-09	1.635555e-09	6.783332e-10	3.021447e-10	1.507201e-10	7.619526e-11	3.324676e-11	1.145259e-11	3.002492e-12	5.903513e-13	8.304339e-14	7.432137e-15	4.520203e-16	2.049323e-17	6.625675e-19	1.741758e-20	1.214779e-21	1.726126e-22	2.854143e-23	4.770715e-24	1.048478e-24	5.965733e-24	
R264	3.004110e+03	7.318285e+03	6.810502e+03	6.903885e+03	8.528554e+03	1.063972e+04	1.339110e+04	1.213965e+04	8.218146e+03	4.994686e+03	2.641394e+03	1.010938e+03	4.873769e+02	3.076474e+02	1.526910e+02	6.681802e+01	2.682888e+01	9.923235e+00	3.336344e+00	8.819346e-01	1.776899e-01	2.962390e-02	4.281487e-03	5.562678e-04	6.675807e-05	7.518150e-06	7.976401e-07	7.964559e-08	7.495246e-09	6.915281e-10	7.293577e-11	1.158850e-11	2.914890e-12	9.394231e-13	2.965679e-13	7.854228e-14	1.619831e-14	2.501372e-15	2.777334e-16	2.148447e-17	1.383507e-18	1.424196e-19	3.891279e-20	1.598223e-20	7.246887e-21	3.552330e-21	1.939161e-21	1.224424e-21	9.951070e-22	7.438358e-21	
R265	9.379632e-19	3.095375e-18	3.412923e-18	5.104290e-18	1.681763e-17	6.311043e-17	2.331132e-16	9.127643e-16	5.493855e-15	5.382939e-14	3.747271e-13	1.288027e-12	2.481666e-12	2.533236e-12	1.937587e-12	1.213463e-12	6.605600e-13	3.229753e-13	1.433916e-13	5.645022e-14	1.942790e-14	5.948749e-15	1.635891e-15	4.058763e-16	9.220056e-17	1.920288e-17	3.663753e-18	6.273260e-19	9.294168e-20	1.162805e-20	1.358431e-21	1.859962e-22	3.219012e-23	6.468601e-24	1.338323e-24	2.598869e-25	4.280283e-26	5.133136e-27	3.602629e-28	8.536447e-30	1.498408e-31	5.560393e-33	2.140429e-34	7.392804e-36	2.546323e-37	1.171138e-38	6.999578e-40	4.504804e-41	3.450359e-42	7.657853e-42	
R266	1.588733e-02	6.028628e-02	6.380790e-02	1.019160e-01	3.530132e-01	1.394188e+00	5.980083e+00	2.155083e+01	6.771371e+01	3.169049e+02	1.271959e+03	3.415679e+03	5.105578e+03	5.448696e+03	5.047185e+03	4.208859e+03	3.221951e+03	2.284584e+03	1.506084e+03	8.997152e+02	4.823847e+02	2.366327e+02	1.080416e+02	4.667782e+01	1.936362e+01	7.789359e+00	3.056569e+00	1.172168e+00	4.386635e-01	1.601579e-01	5.994804e-02	2.574480e-02	1.303468e-02	6.971636e-03	3.363384e-03	1.311712e-03	3.838198e-04	8.026469e-05	1.087600e-05	5.339608e-07	1.355615e-08	1.074694e-09	2.009330e-10	5.660145e-11	1.940233e-11	7.670967e-12	3.414325e-12	1.627110e-12	7.703621e-13	3.918072e-12	
R267	1.610086e+04	2.966208e+04	3.884687e+04	4.458282e+04	4.825321e+04	4.887844e+04	4.655938e+04	3.615481e+04	2.374461e+04	1.410735e+04	7.270766e+03	2.820296e+03	1.561890e+03	1.207377e+03	7.588019e+02	4.178565e+02	2.088225e+02	9.613522e+01	4.081260e+01	1.427182e+01	4.047483e+00	1.001592e+00	2.244748e-01	4.677321e-02	9.237301e-03	1.748628e-03	3.187732e-04	5.607599e-05	9.564040e-06	1.607071e-06	2.834276e-07	5.994662e-08	1.573688e-08	4.655826e-09	1.373456e-09	3.829520e-10	9.985944e-11	2.379229e-11	5.230003e-12	1.170004e-12	1.918530e-13	4.174490e-14	1.630743e-14	8.378268e-15	4.807405e-15	3.015342e-15	2.084611e-15	1.615200e-15	1.545361e-15	1.327720e-14	
R268	1.610148e-18	1.830036e-18	1.359665e-18	1.906476e-18	6.835726e-18	3.716170e-17	3.017682e-16	2.629977e-15	4.166476e-14	3.905067e-12	1.597189e-10	1.969600e-09	8.622413e-09	1.352941e-08	1.579366e-08	1.461614e-08	1.152078e-08	8.149579e-09	5.366369e-09	3.346608e-09	1.976704e-09	1.114208e-09	6.057044e-10	3.209991e-10	1.680686e-10	8.790312e-11	4.665125e-11	2.534171e-11	1.398524e-11	7.551807e-12	4.059332e-12	2.385297e-12	1.595762e-12	1.093100e-12	6.510521e-13	3.078140e-13	1.113591e-13	3.038775e-14	5.960221e-15	7.457434e-16	6.342716e-17	4.014369e-18	1.813414e-19	6.676792e-21	6.532061e-22	1.301583e-22	3.004647e-23	6.829220e-24	1.680228e-24	9.440835e-24	
R269	3.018132e-21	5.198392e-21	3.357343e-21	5.787269e-21	4.862922e-20	6.870867e-19	1.410769e-17	2.913268e-16	1.317604e-14	5.575831e-12	9.007411e-10	3.378185e-08	2.676495e-07	4.321935e-07	4.829692e-07	4.033340e-07	2.741313e-07	1.615676e-07	8.655393e-08	4.485784e-08	2.261348e-08	1.091233e-08	5.050036e-09	2.255680e-09	9.832215e-10	4.217106e-10	1.800629e-10	7.631756e-11	3.095071e-11	1.100746e-11	3.458675e-12	1.117519e-12	3.994643e-13	1.410210e-13	4.107525e-14	8.688987e-15	1.234234e-15	1.126725e-16	5.847749e-18	8.751997e-20	5.286034e-22	6.119988e-24	7.602429e-26	9.766749e-28	3.965831e-29	3.728002e-30	4.426522e-31	5.246251e-32	5.968688e-33	5.571804e-32	
R270	4.365437e-19	5.481176e-19	2.357300e-19	1.325285e-19	2.593999e-19	8.367066e-19	3.134654e-18	1.063592e-17	4.546422e-17	4.340083e-16	4.431728e-15	2.024586e-14	4.952647e-14	5.518061e-14	3.925251e-14	2.054529e-14	8.718997e-15	3.163852e-15	1.000747e-15	2.633631e-16	5.710677e-17	1.064989e-17	1.760367e-18	2.665605e-19	3.941996e-20	6.241277e-21	1.224118e-21	3.316293e-22	1.158080e-22	4.123655e-23	1.271663e-23	3.334205e-24	7.873966e-25	1.722866e-25	3.479404e-26	6.338879e-27	9.736148e-28	1.100120e-28	7.279799e-30	1.519211e-31	2.145391e-33	5.545827e-35	1.868090e-36	6.451270e-38	2.076776e-39	8.176281e-41	3.794948e-42	1.708477e-43	8.156928e-45	5.963598e-45	
R271	2.100590e-22	1.497478e-22	4.077406e-23	2.874381e-23	1.572513e-22	2.110606e-21	4.904483e-20	9.901223e-19	3.634076e-17	1.737828e-14	4.860790e-12	2.920404e-10	3.245672e-09	5.704642e-09	5.928776e-09	4.137994e-09	2.192564e-09	9.590481e-10	3.660386e-10	1.268140e-10	4.027806e-11	1.183794e-11	3.292932e-12	8.976744e-13	2.547261e-13	8.305408e-14	3.645530e-14	2.444688e-14	2.336889e-14	2.365386e-14	1.961929e-14	1.213899e-14	5.920906e-15	2.275959e-15	6.470879e-16	1.284211e-16	1.701186e-17	1.463237e-18	7.160247e-20	9.438163e-22	4.586124e-24	3.698714e-26	4.020580e-28	5.164466e-30	1.959971e-31	1.577115e-32	1.454240e-33	1.205651e-34	8.550284e-36	2.629279e-35	
R272	5.992074e+03	1.359339e+04	2.205063e+04	2.511529e+04	2.168709e+04	1.602057e+04	1.028552e+04	5.313550e+03	2.250828e+03	7.880611e+02	2.159680e+02	3.893280e+01	1.410180e+01	1.016175e+01	5.570293e+00	2.533492e+00	1.001612e+00	3.537827e-01	1.128816e-01	2.814325e-02	5.460264e-03	9.300928e-04	1.494677e-04	2.393934e-05	3.971822e-06	6.946498e-07	1.286592e-07	2.537296e-08	5.513550e-09	1.437544e-09	5.589967e-10	4.108401e-10	5.105137e-10	7.794932e-10	1.087230e-09	1.162349e-09	8.437432e-10	4.022751e-10	1.487019e-10	5.024048e-11	9.161763e-12	2.088887e-12	8.128265e-13	3.913306e-13	1.984435e-13	1.041700e-13	5.731170e-14	3.378590e-14	2.398113e-14	1.803211e-13	
R273	1.427798e-18	1.699483e-18	1.984144e-18	3.755128e-18	8.559786e-17	1.498634e-14	9.463679e-13	5.467425e-11	4.009519e-09	1.168337e-06	1.093269e-04	2.778595e-03	1.734072e-02	2.814939e-02	3.469975e-02	3.365434e-02	2.757562e-02	2.025633e-02	1.397821e-02	9.833837e-03	7.159795e-03	5.197223e-03	3.703545e-03	2.590289e-03	1.746888e-03	1.132352e-03	6.923022e-04	3.946557e-04	2.005323e-04	8.520230e-05	2.992797e-05	1.021123e-05	4.350236e-06	2.401302e-06	1.364855e-06	6.931240e-07	3.114306e-07	1.293775e-07	5.028431e-08	1.674682e-08	4.553283e-09	7.611341e-10	5.558893e-11	2.640955e-12	3.094913e-13	6.937498e-14	1.671961e-14	3.627431e-15	7.415576e-16	1.130140e-15	
R274	6.740863e-10	3.162515e-09	4.750214e-09	5.280767e-09	7.551546e-09	9.312677e-09	9.877518e-09	1.438381e-08	6.012884e-08	1.037910e-06	2.612533e-05	4.128711e-04	1.217319e-03	1.226543e-03	1.051044e-03	7.605514e-04	4.751593e-04	2.620425e-04	1.298168e-04	5.745390e-05	2.239550e-05	7.763321e-06	2.441978e-06	7.186064e-07	2.076066e-07	6.382573e-08	2.380729e-08	1.205627e-08	7.893617e-09	5.439778e-09	3.429033e-09	1.879681e-09	9.132730e-10	3.864547e-10	1.341451e-10	3.681141e-11	8.129869e-12	1.565391e-12	2.548706e-13	1.810700e-14	7.125006e-16	7.770408e-17	2.211575e-17	8.707580e-18	3.084944e-18	9.796573e-19	2.753487e-19	6.412484e-20	1.427066e-20	5.785110e-20	
R275	1.097598e-18	1.462106e-18	1.467390e-18	1.357488e-18	1.895942e-18	3.020520e-18	5.657767e-18	1.845666e-17	3.574428e-16	1.124658e-13	2.596536e-11	1.673780e-09	1.356734e-08	2.013447e-08	2.174330e-08	1.746094e-08	1.123242e-08	6.179748e-09	3.057969e-09	1.412831e-09	6.067080e-10	2.416628e-10	9.050706e-11	3.267046e-11	1.191275e-11	4.761780e-12	2.402204e-12	1.723178e-12	1.663740e-12	1.695722e-12	1.535049e-12	1.151352e-12	7.391615e-13	4.005851e-13	1.716663e-13	5.710882e-14	1.559383e-14	3.918030e-15	9.233875e-16	1.671851e-16	2.203916e-17	1.918877e-18	1.319527e-19	6.790610e-21	6.866171e-22	1.098922e-22	1.601927e-23	1.779310e-24	2.057730e-25	9.215537e-25	
R276	1.606723e-88	6.105610e-87	6.761253e-86	3.719356e-85	1.872970e-80	1.086354e-79	3.819030e-79	2.510267e-78	2.451210e-77	2.370184e-76	9.932638e-76	6.522880e-76	6.908222e-76	6.305236e-75	4.057215e-74	2.069995e-73	8.882655e-73	3.403876e-72	1.208504e-71	3.846371e-71	1.100714e-70	3.040219e-70	8.839327e-70	3.273541e-69	2.054822e-68	2.071621e-67	2.631565e-66	3.632117e-65	5.338844e-64	7.928172e-63	1.068576e-61	1.136888e-60	1.029758e-59	8.551352e-59	6.281411e-58	3.932241e-57	1.955504e-56	6.970355e-56	1.547165e-55	1.497391e-55	5.222532e-56	3.220332e-56	2.295510e-56	1.152901e-56	4.591908e-57	2.011872e-57	1.037389e-57	5.762341e-58	3.627487e-58	7.030150e-58	
R277	2.475425e-42	1.992904e-40	4.922507e-39	8.316435e-38	1.634758e-32	3.810827e-31	4.513779e-30	9.284632e-29	4.083694e-27	2.276045e-25	6.807135e-24	4.505658e-23	9.732869e-23	1.970292e-22	2.938231e-22	3.591062e-22	3.913309e-22	4.046136e-22	4.088415e-22	3.871380e-22	3.412839e-22	2.964043e-22	2.649424e-22	2.616200e-22	3.410407e-22	6.977355e-22	2.101460e-21	7.447348e-21	2.787909e-20	1.015032e-19	3.303297e-19	8.913091e-19	2.161836e-18	5.009729e-18	1.075225e-17	2.046299e-17	3.196544e-17	3.688716e-17	2.742215e-17	9.240090e-18	1.166025e-18	2.681130e-19	7.323724e-20	1.467820e-20	2.512780e-21	5.381100e-22	1.652782e-22	6.915014e-23	3.754665e-23	5.623483e-23	
R278	4.791146e-43	3.857233e-41	9.527433e-40	1.609633e-38	3.164048e-33	7.375794e-32	8.736346e-31	1.797026e-29	7.903924e-28	4.405248e-26	1.317510e-24	8.720628e-24	1.883781e-23	3.813468e-23	5.686899e-23	6.950443e-23	7.574146e-23	7.831231e-23	7.913061e-23	7.492994e-23	6.605495e-23	5.736858e-23	5.127918e-23	5.063612e-23	6.600788e-23	1.350456e-22	4.067343e-22	1.441422e-21	5.395952e-21	1.964578e-20	6.393479e-20	1.725114e-19	4.184198e-19	9.696249e-19	2.081080e-18	3.960579e-18	6.186859e-18	7.139451e-18	5.307513e-18	1.788405e-18	2.256822e-19	5.189283e-20	1.417495e-20	2.840941e-21	4.863445e-22	1.041503e-22	3.198932e-23	1.338390e-23	7.267094e-24	1.088416e-23	
R279	1.345007e-32	2.836416e-32	2.717808e-32	4.639840e-32	1.578419e-27	8.632178e-27	3.058664e-26	1.914734e-25	2.311112e-24	3.365829e-23	3.915898e-22	2.267785e-21	5.577150e-21	1.140502e-20	1.930759e-20	2.832199e-20	3.779257e-20	4.785082e-20	5.904995e-20	6.929368e-20	7.705072e-20	8.437134e-20	9.238835e-20	1.012963e-19	1.123479e-19	1.257768e-19	1.427930e-19	1.646182e-19	2.031796e-19	3.283320e-19	8.360322e-19	2.547972e-18	7.794992e-18	2.322935e-17	6.303801e-17	1.434305e-16	2.431121e-16	2.713815e-16	1.765438e-16	5.252166e-17	1.199247e-17	6.790927e-18	4.435143e-18	1.919612e-18	6.227797e-19	2.143732e-19	8.715780e-20	3.907838e-20	1.860612e-20	1.874718e-20	
R281	5.305972e-53	5.994283e-52	2.782761e-51	2.088207e-50	2.474550e-45	4.604692e-44	6.745574e-43	1.637864e-41	4.548991e-40	1.509368e-38	5.783395e-37	1.550155e-35	1.387861e-34	1.061068e-33	7.376689e-33	4.572079e-32	2.563215e-31	1.346559e-30	6.849105e-30	3.313741e-29	1.512567e-28	6.712283e-28	2.903197e-27	1.216075e-26	5.202699e-26	2.666642e-25	1.996501e-24	1.980616e-23	2.137967e-22	2.169151e-21	1.901794e-20	1.344214e-19	8.245100e-19	4.581084e-18	2.166667e-17	8.044313e-17	2.086215e-16	3.324079e-16	2.789743e-16	9.241971e-17	3.305528e-17	2.619176e-17	1.990532e-17	8.890623e-18	2.726672e-18	8.358035e-19	2.992664e-19	1.210326e-19	4.513762e-20	2.530207e-20	
R282	7.523611e-30	2.332732e-29	3.752155e-29	8.139399e-29	2.699633e-24	1.331907e-23	4.141481e-23	1.802490e-22	1.078675e-21	6.470887e-21	3.392760e-20	1.204524e-19	2.779242e-19	6.477426e-19	1.213828e-18	1.936143e-18	2.768584e-18	3.715303e-18	4.828559e-18	5.846147e-18	6.538661e-18	7.105016e-18	7.673347e-18	8.296067e-18	9.112971e-18	1.020098e-17	1.176913e-17	1.416068e-17	1.875284e-17	3.067055e-17	6.789065e-17	1.802579e-16	5.187704e-16	1.547977e-15	4.458337e-15	1.172344e-14	2.612093e-14	4.690038e-14	7.817025e-14	1.781475e-13	1.789550e-13	1.416149e-13	9.934599e-14	4.180268e-14	1.241128e-14	3.714040e-15	1.227346e-15	4.231474e-16	1.588577e-16	1.159612e-16	
R283	7.506163e-34	1.139791e-33	7.742402e-34	8.033522e-34	1.392596e-29	3.296183e-29	4.309326e-29	6.738067e-29	1.068898e-28	9.636458e-29	4.189185e-29	1.275589e-29	1.181211e-29	2.828507e-29	5.901085e-29	1.088878e-28	1.866013e-28	3.104711e-28	5.070253e-28	7.856427e-28	1.147335e-27	1.669104e-27	2.586353e-27	4.691377e-27	1.102122e-26	3.160937e-26	9.892609e-26	3.011028e-25	8.476069e-25	2.079472e-24	4.281412e-24	7.258855e-24	1.108428e-23	1.632852e-23	2.316806e-23	3.126439e-23	3.855055e-23	4.065157e-23	3.292393e-23	1.458569e-23	2.885557e-24	1.125461e-24	5.148825e-25	1.597476e-25	3.712812e-26	9.004088e-27	2.465475e-27	6.764031e-28	1.584283e-28	5.741032e-29	
R284	1.587355e-60	2.324748e-60	5.687277e-60	1.752107e-59	7.438242e-55	4.412329e-54	1.474255e-53	8.078758e-53	8.833867e-52	4.863439e-50	1.446346e-47	8.372467e-46	8.984784e-45	5.894399e-44	2.507093e-43	7.881541e-43	2.058799e-42	4.897910e-42	1.114397e-41	2.367721e-41	4.687801e-41	9.213637e-41	1.880960e-40	4.261482e-40	1.286273e-39	6.108727e-39	4.295266e-38	3.544039e-37	3.025273e-36	2.362375e-35	1.508008e-34	7.436387e-34	3.385547e-33	1.670159e-32	8.923153e-32	4.797723e-31	2.231858e-30	6.907459e-30	1.074462e-29	7.454945e-30	4.248902e-30	3.694289e-30	1.825765e-30	4.070124e-31	7.292476e-32	1.544870e-32	3.802320e-33	9.448963e-34	2.131358e-34	8.742586e-35	
R287	1.796415e-44	1.786774e-46	4.399025e-48	1.387050e-49	5.982887e-47	2.705945e-48	4.825508e-50	6.845043e-52	7.395086e-54	3.902283e-56	7.190991e-59	3.324516e-62	7.422971e-64	1.973722e-63	4.011682e-63	7.353096e-63	1.255980e-62	2.059288e-62	3.304145e-62	4.599281e-62	5.656088e-62	6.778145e-62	8.132304e-62	9.793174e-62	1.195361e-61	1.475145e-61	1.847952e-61	2.323281e-61	2.875908e-61	3.340874e-61	3.469615e-61	3.134773e-61	2.563952e-61	1.969610e-61	1.429204e-61	9.816418e-62	6.341607e-62	3.754709e-62	1.857905e-62	5.336359e-63	6.936898e-64	1.796164e-64	5.625806e-65	1.248952e-65	2.172800e-66	4.074470e-67	8.717145e-68	1.879539e-68	3.682273e-69	1.370875e-69	
R288	9.903220e-75	2.848653e-76	5.103128e-78	1.148530e-79	3.460526e-77	1.066828e-78	1.261390e-80	1.157350e-82	7.996390e-85	2.723332e-87	3.234109e-90	9.279160e-94	1.479740e-95	3.349502e-95	5.743847e-95	8.843035e-95	1.266209e-94	1.743225e-94	2.353212e-94	3.183919e-94	4.328299e-94	5.961974e-94	8.315844e-94	1.160642e-93	1.638080e-93	2.322757e-93	3.327606e-93	4.744428e-93	6.618295e-93	8.655627e-93	1.024661e-92	1.086915e-92	1.105601e-92	1.149178e-92	1.231440e-92	1.340380e-92	1.411790e-92	1.318882e-92	9.485850e-93	3.620885e-93	5.826474e-94	1.629353e-94	4.334433e-95	6.875063e-96	8.260255e-97	1.114123e-97	1.826867e-98	3.234306e-99	5.517533e-100	1.755163e-100	
R289	5.237066e-44	1.068005e-43	9.825098e-44	1.586481e-43	5.019327e-39	2.539324e-38	8.686381e-38	7.961149e-37	3.261328e-35	1.909945e-33	4.086921e-32	1.316623e-31	3.545800e-31	9.697105e-31	2.048678e-30	3.605616e-30	5.626713e-30	8.175569e-30	1.135054e-29	1.488013e-29	1.848303e-29	2.256659e-29	2.738944e-29	3.287612e-29	3.960106e-29	4.765950e-29	5.762637e-29	6.907909e-29	8.144582e-29	9.344709e-29	1.041621e-28	1.077600e-28	1.050952e-28	1.013058e-28	9.840310e-29	9.842110e-29	9.942943e-29	9.194825e-29	6.532655e-29	3.007178e-29	6.494107e-30	5.128664e-30	2.445895e-30	3.674799e-31	3.210860e-32	3.165650e-33	4.511278e-34	8.614693e-35	1.778151e-35	6.717202e-36	
R291	7.743671e-39	2.266101e-38	2.873937e-38	6.022683e-38	2.539740e-33	1.723347e-32	7.575800e-32	6.110480e-31	9.792926e-30	1.688400e-28	2.192252e-27	1.538969e-26	5.356955e-26	1.255998e-25	2.469834e-25	4.216326e-25	6.526737e-25	9.537954e-25	1.347497e-24	1.888985e-24	2.635789e-24	3.695925e-24	5.208250e-24	7.289593e-24	1.023757e-23	1.430518e-23	1.990486e-23	2.692055e-23	3.420710e-23	3.827370e-23	3.587158e-23	2.818092e-23	2.016977e-23	1.433852e-23	1.066837e-23	8.523393e-24	6.973019e-24	4.949693e-24	2.372766e-24	5.270092e-25	6.126415e-26	1.115159e-26	1.168253e-27	4.659685e-29	1.158948e-30	3.632098e-32	1.516589e-33	6.483221e-35	3.004754e-36	6.622694e-37	
R292	9.383697e-48	4.811165e-47	6.062151e-47	1.748031e-46	1.972066e-41	3.979440e-40	4.950752e-39	1.047269e-37	5.591584e-36	5.177990e-34	2.996915e-32	6.967893e-31	5.579148e-30	1.664980e-29	3.674219e-29	6.376277e-29	9.357414e-29	1.233585e-28	1.515706e-28	1.855759e-28	2.276964e-28	2.752098e-28	3.234572e-28	3.626966e-28	3.905899e-28	3.997426e-28	3.880500e-28	3.459200e-28	2.673826e-28	1.638709e-28	7.804784e-29	3.108130e-29	1.136045e-29	4.055196e-30	1.454853e-30	5.163315e-31	1.653918e-31	3.931263e-32	5.021335e-33	1.396426e-34	1.358196e-36	4.341724e-38	1.085024e-39	1.453786e-41	1.509525e-43	2.262641e-45	4.955465e-47	1.133298e-48	2.516264e-50	9.528197e-51	
R293	8.837848e-45	8.740218e-45	4.344804e-45	6.575490e-45	4.295863e-40	6.308324e-39	8.113905e-38	1.665346e-36	9.343099e-35	2.981619e-32	3.236659e-30	7.464483e-29	6.836296e-28	3.196498e-27	1.076587e-26	2.760803e-26	5.866617e-26	1.118915e-25	2.039079e-25	3.954786e-25	8.327875e-25	1.852962e-24	4.305123e-24	1.031136e-23	2.559388e-23	6.577799e-23	1.776180e-22	5.023202e-22	1.446288e-21	3.825676e-21	8.383781e-21	1.432848e-20	2.024432e-20	2.463336e-20	2.544111e-20	2.198339e-20	1.546783e-20	8.365849e-21	2.986237e-21	4.385231e-22	2.066664e-23	1.126773e-24	3.304439e-26	4.719776e-28	1.392001e-29	9.039446e-31	7.646598e-32	6.175918e-33	4.404763e-34	4.222566e-34	
R294	9.758937e-54	2.741448e-53	2.116177e-53	7.383410e-53	2.239661e-47	1.802675e-45	1.328011e-43	1.588325e-41	6.882081e-39	2.998360e-35	4.431467e-32	1.252092e-29	4.366623e-28	2.058122e-27	6.635643e-27	1.535554e-26	2.813597e-26	4.471091e-26	6.628842e-26	1.068449e-25	1.920249e-25	3.657759e-25	7.234635e-25	1.460451e-24	3.017856e-24	6.360455e-24	1.381801e-23	3.049064e-23	6.451384e-23	1.123937e-22	1.439768e-22	1.353037e-22	1.021434e-22	6.405382e-23	3.235176e-23	1.250757e-23	3.455404e-24	6.252115e-25	5.905383e-26	1.037308e-27	3.471538e-30	3.462318e-32	2.792226e-34	1.391557e-36	1.703416e-38	5.218474e-40	2.270570e-41	9.562620e-43	3.153773e-44	5.022955e-44	
R295	2.918377e-33	6.199998e-33	2.119258e-32	9.353613e-32	5.858280e-27	5.307018e-26	2.794995e-25	2.093289e-24	2.289184e-23	2.408738e-22	2.252133e-21	1.743623e-20	9.136800e-20	3.405193e-19	1.005686e-18	2.484995e-18	5.444615e-18	1.112129e-17	2.194717e-17	4.118826e-17	7.333733e-17	1.283563e-16	2.239837e-16	3.908024e-16	6.911702e-16	1.242554e-15	2.291408e-15	4.309851e-15	8.163728e-15	1.489761e-14	2.493132e-14	3.653235e-14	4.811228e-14	5.843935e-14	6.499001e-14	6.629811e-14	6.236397e-14	5.387440e-14	3.950127e-14	1.703714e-14	3.331511e-15	1.287807e-15	5.972465e-16	1.942693e-16	4.898819e-17	1.319831e-17	4.035995e-18	1.245300e-18	3.580520e-19	2.861968e-19	
R296	4.291747e-53	3.308928e-52	2.924329e-51	2.294481e-50	1.330474e-49	7.688667e-49	6.494085e-48	8.252181e-47	8.973758e-46	1.606147e-44	5.463291e-43	2.238813e-41	3.150057e-40	2.799091e-39	2.281768e-38	1.626713e-37	1.022840e-36	6.083371e-36	3.967384e-35	3.365327e-34	3.941639e-33	5.694954e-32	8.604843e-31	1.226956e-29	1.727255e-28	2.776571e-27	6.304657e-26	1.842034e-24	6.051130e-23	1.977787e-21	5.624221e-20	1.173618e-18	1.920164e-17	2.589977e-16	2.693000e-15	2.043668e-14	1.059192e-13	3.561171e-13	7.569034e-13	1.092467e-12	3.479023e-12	1.000661e-11	1.563393e-11	1.273722e-11	6.900873e-12	3.590666e-12	1.982334e-12	1.098793e-12	6.115330e-13	5.726317e-13	
R297	1.853043e-38	7.671552e-38	2.830719e-37	9.584132e-37	2.619200e-36	7.158987e-36	2.479498e-35	1.188591e-34	6.397862e-34	5.826470e-33	8.926279e-32	1.589065e-30	1.229357e-29	4.859771e-29	1.605101e-28	4.426170e-28	1.056360e-27	2.354977e-27	5.661585e-27	1.786592e-26	7.890873e-26	4.269869e-25	2.383211e-24	1.235714e-23	6.211144e-23	3.491135e-22	2.693712e-21	2.568336e-20	2.580154e-19	2.420451e-18	1.985171e-17	1.320579e-16	7.551879e-16	3.792024e-15	1.559113e-14	4.913804e-14	1.100942e-13	1.658182e-13	1.633285e-13	1.127838e-13	1.790352e-13	2.680429e-13	2.284743e-13	1.058259e-13	3.362520e-14	1.050697e-14	3.534924e-15	1.225443e-15	4.592956e-16	3.339494e-16	
R298	7.959395e-48	4.113812e-48	7.724531e-48	1.033652e-47	9.708462e-48	8.083028e-48	6.073557e-48	6.217502e-48	1.239172e-47	1.748486e-46	1.925139e-44	6.785229e-43	6.005776e-42	2.039879e-41	4.121962e-41	5.765249e-41	6.411113e-41	6.472388e-41	6.960440e-41	9.645616e-41	1.847873e-40	4.428615e-40	1.166697e-39	3.271983e-39	1.160295e-38	6.042897e-38	4.378891e-37	3.472503e-36	2.758682e-35	1.991810e-34	1.189408e-33	5.520147e-33	2.343045e-32	1.044608e-31	4.851727e-31	2.214403e-30	8.899473e-30	2.603586e-29	4.753152e-29	6.874152e-29	1.738869e-28	2.856690e-28	1.583455e-28	3.660665e-29	6.795159e-30	1.467432e-30	3.393621e-31	7.228819e-32	1.638712e-32	8.718810e-33	
R300	1.750766e-49	3.939707e-50	6.590586e-51	7.970712e-52	7.359322e-53	5.279252e-54	3.155347e-55	4.064158e-56	1.526361e-56	4.653426e-57	1.485544e-58	1.276154e-61	2.746296e-63	2.458864e-63	1.715119e-63	1.089348e-63	6.604676e-64	3.949117e-64	2.358597e-64	1.305418e-64	6.622990e-65	3.297746e-65	1.649582e-65	8.290267e-66	4.259491e-66	2.231789e-66	1.203852e-66	6.662368e-67	3.851833e-67	2.344598e-67	1.441930e-67	8.008760e-68	4.090606e-68	2.075852e-68	1.097877e-68	6.460277e-69	4.347933e-69	3.147232e-69	2.280146e-69	2.949546e-69	1.002006e-68	4.679218e-68	4.786523e-68	1.266746e-68	1.932356e-69	2.805236e-70	4.950303e-71	1.089696e-71	2.487360e-72	5.384249e-73	
R301	3.569664e-29	3.548979e-29	3.334077e-29	2.917022e-29	2.604741e-29	2.388630e-29	2.407576e-29	6.384968e-29	7.398257e-28	1.278897e-26	8.910585e-26	1.037470e-25	1.102738e-25	1.312713e-25	1.320014e-25	1.180314e-25	9.770564e-26	7.715767e-26	5.876917e-26	4.224209e-26	2.859029e-26	1.884208e-26	1.220713e-26	7.727853e-27	4.847117e-27	2.997521e-27	1.836153e-27	1.099923e-27	6.432982e-28	3.730136e-28	2.222960e-28	1.344169e-28	8.363234e-29	5.635504e-29	4.290670e-29	3.875854e-29	4.106213e-29	4.443276e-29	4.115057e-29	3.948478e-29	5.013470e-29	9.434442e-29	4.093207e-29	3.968521e-30	2.092852e-31	1.242081e-32	1.008293e-33	1.032335e-34	1.446047e-35	5.533463e-36	
R302	4.453541e-38	9.356348e-38	1.040066e-37	1.515817e-37	4.466120e-37	1.534388e-36	5.649978e-36	5.217755e-35	2.763386e-33	3.657997e-31	1.695003e-29	1.029513e-28	3.212892e-28	4.835134e-28	5.456255e-28	4.959629e-28	3.892227e-28	2.772756e-28	1.836773e-28	1.153074e-28	6.862512e-29	3.898417e-29	2.106481e-29	1.068360e-29	5.138381e-30	2.327384e-30	9.946176e-31	3.927108e-31	1.397166e-31	4.437567e-32	1.343881e-32	4.119236e-33	1.308843e-33	4.428525e-34	1.625792e-34	6.523825e-35	2.706160e-35	9.805639e-36	2.419685e-36	2.907021e-37	3.088254e-38	1.020612e-38	1.056294e-39	3.440262e-41	7.574144e-43	2.149943e-44	9.154240e-46	5.014098e-47	3.364716e-48	2.212034e-48	
R303	2.969027e-38	6.237565e-38	6.933773e-38	1.010545e-37	2.977413e-37	1.022925e-36	3.766652e-36	3.478503e-35	1.842257e-33	2.438665e-31	1.130002e-29	6.863421e-29	2.141928e-28	3.223422e-28	3.637503e-28	3.306419e-28	2.594818e-28	1.848504e-28	1.224515e-28	7.687163e-29	4.575008e-29	2.598945e-29	1.404321e-29	7.122403e-30	3.425587e-30	1.551589e-30	6.630784e-31	2.618072e-31	9.314439e-32	2.958378e-32	8.959206e-33	2.746157e-33	8.725620e-34	2.952350e-34	1.083861e-34	4.349216e-35	1.804107e-35	6.537092e-36	1.613123e-36	1.938014e-37	2.058836e-38	6.804078e-39	7.041963e-40	2.293508e-41	5.049429e-43	1.433295e-44	6.102826e-46	3.342732e-47	2.243144e-48	1.474689e-48	
R304	3.066354e-21	6.402593e-21	5.971639e-21	8.033113e-21	2.123221e-20	6.456642e-20	2.283764e-19	1.575359e-18	3.457443e-17	1.691131e-15	3.390452e-14	1.164443e-13	2.372353e-13	3.750531e-13	5.125664e-13	6.203751e-13	6.846556e-13	7.073214e-13	6.957424e-13	6.627720e-13	6.144947e-13	5.592486e-13	5.017202e-13	4.431003e-13	3.891766e-13	3.404636e-13	2.992482e-13	2.646287e-13	2.378134e-13	2.204214e-13	2.138777e-13	2.056220e-13	1.911316e-13	1.721277e-13	1.473492e-13	1.187473e-13	8.751363e-14	5.529489e-14	2.634364e-14	6.557643e-15	1.007597e-15	7.113894e-16	3.576044e-16	9.498985e-17	2.081332e-17	5.078513e-18	1.610359e-18	6.531322e-19	2.709233e-19	4.081545e-19	
R305	3.066354e-22	6.402593e-22	5.971639e-22	8.033113e-22	2.123221e-21	6.456642e-21	2.283764e-20	1.575359e-19	3.457443e-18	1.691131e-16	3.390452e-15	1.164443e-14	2.372353e-14	3.750531e-14	5.125664e-14	6.203751e-14	6.846556e-14	7.073214e-14	6.957424e-14	6.627720e-14	6.144947e-14	5.592486e-14	5.017202e-14	4.431003e-14	3.891766e-14	3.404636e-14	2.992482e-14	2.646287e-14	2.378134e-14	2.204214e-14	2.138777e-14	2.056220e-14	1.911316e-14	1.721277e-14	1.473492e-14	1.187473e-14	8.751363e-15	5.529489e-15	2.634364e-15	6.557643e-16	1.007597e-16	7.113894e-17	3.576044e-17	9.498985e-18	2.081332e-18	5.078513e-19	1.610359e-19	6.531322e-20	2.709233e-20	4.081545e-20	
R306	8.107768e-33	4.441218e-33	2.576224e-33	2.671825e-33	6.356614e-33	2.288010e-32	1.300790e-31	1.815710e-30	1.653224e-28	1.306808e-25	2.105860e-23	2.550163e-22	1.322996e-21	3.087170e-21	5.316982e-21	7.141739e-21	8.115525e-21	8.364236e-21	8.217907e-21	8.172320e-21	8.347331e-21	8.729266e-21	9.324226e-21	1.010129e-20	1.119768e-20	1.273664e-20	1.514057e-20	1.896551e-20	2.513368e-20	3.445385e-20	4.800942e-20	6.315446e-20	7.756784e-20	8.946591e-20	9.455149e-20	9.237512e-20	8.416962e-20	6.939695e-20	4.785755e-20	3.036052e-20	1.562814e-20	8.808890e-21	1.069867e-21	3.714488e-23	2.322839e-24	2.856536e-25	4.697780e-26	9.087342e-27	1.958850e-27	3.260199e-27	
R307	5.700809e-37	1.920750e-37	7.127463e-38	4.564365e-38	6.442920e-38	1.315013e-37	4.025782e-37	2.851597e-36	1.230191e-34	4.253361e-32	2.729188e-30	1.177239e-29	3.526047e-29	8.354529e-29	1.438887e-28	1.932704e-28	2.196231e-28	2.263538e-28	2.223938e-28	2.211601e-28	2.258963e-28	2.362322e-28	2.523331e-28	2.733620e-28	3.030327e-28	3.446801e-28	4.097355e-28	5.132463e-28	6.801701e-28	9.323934e-28	1.299235e-27	1.709092e-27	2.099148e-27	2.421135e-27	2.558761e-27	2.499864e-27	2.277806e-27	1.878027e-27	1.295126e-27	8.216194e-28	4.229301e-28	2.383870e-28	2.895285e-29	1.005218e-30	6.286090e-32	7.730385e-33	1.271318e-33	2.459225e-34	5.301060e-35	8.822781e-35	
R308	1.021744e-23	7.663076e-24	2.013794e-23	3.870008e-23	5.382597e-23	6.955346e-23	8.930876e-23	2.358869e-22	2.020842e-21	2.338030e-20	1.304976e-19	1.896624e-19	3.247155e-19	6.132733e-19	9.262000e-19	1.198727e-18	1.404502e-18	1.550282e-18	1.649423e-18	1.587165e-18	1.370770e-18	1.127598e-18	9.046276e-19	7.139115e-19	5.639012e-19	4.486583e-19	3.642367e-19	3.034396e-19	2.645551e-19	2.501914e-19	2.662306e-19	3.002672e-19	3.437642e-19	3.957906e-19	4.504071e-19	5.195025e-19	6.328284e-19	8.333723e-19	1.180493e-18	2.199580e-18	4.697911e-18	1.877422e-17	3.605886e-17	2.851070e-17	1.524395e-17	7.777542e-18	4.623824e-18	3.416925e-18	2.969279e-18	4.120582e-18	
R309	8.889708e-25	6.320642e-25	1.584311e-24	2.898428e-24	3.829600e-24	4.690241e-24	5.693720e-24	1.417866e-23	1.141757e-22	1.237479e-21	6.446217e-21	8.706974e-21	1.436040e-20	2.714952e-20	4.100274e-20	5.306747e-20	6.217708e-20	6.863075e-20	7.301971e-20	7.026354e-20	6.068380e-20	4.991861e-20	4.004773e-20	3.160476e-20	2.496382e-20	1.986204e-20	1.612470e-20	1.343322e-20	1.171182e-20	1.107594e-20	1.178599e-20	1.329278e-20	1.521839e-20	1.752159e-20	1.993945e-20	2.299830e-20	2.801522e-20	3.689327e-20	5.226025e-20	9.737510e-20	2.079758e-19	8.311319e-19	1.596320e-18	1.262165e-18	6.748472e-19	3.443106e-19	2.046960e-19	1.512668e-19	1.314496e-19	1.824176e-19	
R310	5.366057e-80	1.338698e-78	1.868830e-77	1.653750e-76	7.395516e-76	2.434893e-75	9.831472e-75	6.921061e-74	3.514542e-73	1.488914e-72	2.878793e-72	8.376348e-73	6.236419e-73	5.736735e-72	5.033556e-71	4.224572e-70	3.336645e-69	2.526877e-68	1.879535e-67	1.253091e-66	7.354926e-66	4.093566e-65	2.201187e-64	1.144456e-63	6.099398e-63	3.924155e-62	3.740462e-61	4.848784e-60	7.222584e-59	1.089291e-57	1.469267e-56	1.543215e-55	1.367200e-54	1.102714e-53	7.815768e-53	4.690596e-52	2.223871e-51	7.604185e-51	1.774322e-50	4.467729e-50	7.274080e-49	9.806641e-48	4.431353e-47	9.519209e-47	1.399529e-46	1.755575e-46	2.198769e-46	2.895175e-46	3.188420e-46	2.423157e-46	
R311	1.226134e-40	2.660012e-38	1.799137e-36	3.876710e-35	4.345711e-34	3.960754e-33	3.756001e-32	8.743860e-31	5.036472e-29	3.647876e-27	7.185104e-26	1.063025e-25	1.078503e-25	1.680755e-25	1.893463e-25	1.725779e-25	1.369055e-25	9.916506e-26	6.648201e-26	3.886269e-26	1.978255e-26	9.421325e-27	4.579040e-27	2.752569e-27	2.719004e-27	4.171522e-27	7.721317e-27	1.468034e-26	2.751193e-26	4.930491e-26	8.360247e-26	1.317833e-25	2.064061e-25	3.378358e-25	5.700156e-25	9.767277e-25	1.634819e-24	2.487668e-24	3.299553e-24	5.629010e-24	2.247544e-23	6.342510e-23	7.662324e-23	5.522772e-23	3.250237e-23	1.833203e-23	1.039421e-23	5.737309e-24	2.787070e-24	1.211060e-24	
R312	1.324489e-29	1.410199e-28	6.463879e-28	2.392750e-27	7.000846e-27	1.789083e-26	4.716138e-26	2.568457e-25	2.779129e-24	3.364928e-23	1.539521e-22	1.041301e-22	6.495473e-23	6.778927e-23	5.868362e-23	4.508732e-23	3.217215e-23	2.201076e-23	1.464247e-23	8.808468e-24	4.749337e-24	2.442842e-24	1.228462e-24	6.079473e-25	2.999044e-25	1.473616e-25	7.237640e-26	3.558027e-26	1.853213e-26	1.277699e-26	1.443578e-26	2.084178e-26	3.218941e-26	5.183839e-26	8.336193e-26	1.273306e-25	1.705655e-25	1.830398e-25	1.534217e-25	1.659754e-25	8.599464e-25	4.312673e-24	9.136685e-24	1.081294e-23	9.862543e-24	8.343203e-24	7.230624e-24	6.601318e-24	6.250427e-24	6.629966e-24	
R313	5.915900e-28	1.100110e-26	1.017008e-25	6.017456e-25	2.228402e-24	5.962673e-24	1.424058e-23	5.642522e-23	3.220883e-22	1.674913e-21	3.735587e-21	2.367389e-21	2.050605e-21	2.652503e-21	2.805823e-21	2.572141e-21	2.134019e-21	1.660034e-21	1.237012e-21	8.525551e-22	5.417471e-22	3.314783e-22	1.987463e-22	1.172221e-22	6.893204e-23	4.041986e-23	2.372393e-23	1.374755e-23	7.684983e-24	3.997752e-24	2.012964e-24	1.232175e-24	1.208592e-24	1.671784e-24	2.383035e-24	2.914021e-24	2.640128e-24	1.547125e-24	5.282031e-25	1.066157e-25	5.690862e-26	7.545400e-26	7.517697e-26	5.421579e-26	3.434128e-26	2.140613e-26	1.379487e-26	9.459775e-27	7.981888e-27	1.525776e-26	
R314	4.666825e-34	4.103407e-33	1.561896e-32	3.893547e-32	6.532660e-32	8.984812e-32	1.234104e-31	2.716319e-31	8.126907e-31	2.358359e-30	2.592601e-30	3.847616e-31	1.071605e-31	1.150605e-31	1.000496e-31	7.715358e-32	5.523101e-32	3.791044e-32	2.533101e-32	1.526309e-32	8.219183e-33	4.223830e-33	2.125011e-33	1.053931e-33	5.221477e-34	2.581123e-34	1.273797e-34	6.182005e-35	2.891594e-35	1.279490e-35	5.676257e-36	3.216574e-36	3.106397e-36	4.594013e-36	7.697039e-36	1.243606e-35	1.730819e-35	1.870335e-35	1.527026e-35	1.561955e-35	7.381728e-35	3.284490e-34	6.013247e-34	5.981331e-34	4.459947e-34	3.004934e-34	2.026226e-34	1.410531e-34	1.001377e-34	7.867456e-35	
R315	2.288185e-22	1.621792e-21	5.064753e-21	1.223942e-20	2.222209e-20	3.328798e-20	4.782769e-20	1.041771e-19	3.138827e-19	8.311960e-19	7.941607e-19	1.431722e-19	5.255365e-20	4.504892e-20	3.354677e-20	2.309384e-20	1.514030e-20	9.639805e-21	6.001139e-21	3.547074e-21	1.989052e-21	1.091307e-21	5.920088e-22	3.173622e-22	1.696500e-22	9.019670e-23	4.773689e-23	2.483647e-23	1.250787e-23	5.954739e-24	2.642276e-24	1.104260e-24	4.556493e-25	1.959598e-25	9.160355e-26	4.815295e-26	2.879927e-26	1.900298e-26	1.343298e-26	1.477390e-26	4.468082e-26	1.062594e-25	1.162879e-25	7.923693e-26	4.456090e-26	2.369851e-26	1.239843e-26	6.219025e-27	2.704519e-27	9.561004e-28	
R316	2.929785e-31	2.778763e-30	1.346125e-29	3.834817e-29	6.341431e-29	8.062942e-29	9.716873e-29	1.795048e-28	4.354448e-28	8.986149e-28	6.905768e-28	9.425571e-29	3.047935e-29	3.685678e-29	3.531801e-29	2.950654e-29	2.256220e-29	1.636025e-29	1.146206e-29	7.114210e-30	3.858293e-30	1.969317e-30	9.767409e-31	4.766449e-31	2.328778e-31	1.144131e-31	5.710633e-32	2.929987e-32	1.637429e-32	1.142582e-32	1.122219e-32	1.411512e-32	2.050797e-32	3.306961e-32	5.644017e-32	9.963141e-32	1.754379e-31	3.028251e-31	6.503185e-31	5.389335e-30	1.228448e-28	8.609472e-28	1.959212e-27	2.254160e-27	1.881573e-27	1.383755e-27	9.747356e-28	6.842833e-28	5.108723e-28	3.925893e-28	
R317	2.844017e-22	1.204259e-21	2.323598e-21	3.312845e-21	3.367321e-21	2.659622e-21	1.880760e-21	1.861687e-21	2.322388e-21	2.281828e-21	7.104897e-22	3.576338e-23	6.594563e-24	5.734402e-24	4.246867e-24	2.905288e-24	1.890980e-24	1.193799e-24	7.358081e-25	4.297319e-25	2.375727e-25	1.281401e-25	6.811737e-26	3.568037e-26	1.856569e-26	9.571307e-27	4.887686e-27	2.441958e-27	1.174507e-27	5.308975e-28	2.220438e-28	8.680188e-29	3.302688e-29	1.279926e-29	5.250710e-30	2.352935e-30	1.163764e-30	6.160155e-31	3.391818e-31	2.825308e-31	6.294890e-31	1.068324e-30	8.067026e-31	3.704111e-31	1.397649e-31	5.032686e-32	1.788696e-32	5.907886e-33	1.534490e-33	3.017653e-34	
R319	6.285462e-21	3.382529e-21	3.564371e-21	2.622587e-21	1.290359e-21	4.586999e-22	1.343317e-22	5.003793e-23	2.102290e-23	6.111646e-24	4.834240e-25	5.157608e-27	4.915842e-28	6.166664e-28	6.409363e-28	6.153190e-28	5.620255e-28	4.979229e-28	4.306788e-28	3.073238e-28	1.832618e-28	1.031599e-28	5.684045e-29	3.089552e-29	1.677322e-29	9.084857e-30	4.923570e-30	2.639567e-30	1.378859e-30	6.834001e-31	3.149184e-31	1.347863e-31	5.565532e-32	2.310438e-32	9.934797e-33	4.580825e-33	2.338748e-33	1.331193e-33	8.487062e-34	8.864410e-34	2.614735e-33	5.996018e-33	6.092075e-33	3.698074e-33	1.808730e-33	8.335526e-34	3.801397e-34	1.668956e-34	6.502335e-35	2.548430e-35	
R320	6.817559e-34	1.320184e-32	1.028221e-31	6.124818e-31	2.981783e-30	1.303690e-29	6.062754e-29	6.267565e-28	1.382145e-26	3.190186e-25	2.775318e-24	4.145899e-24	5.042295e-24	5.979914e-24	6.013090e-24	5.376578e-24	4.450522e-24	3.514325e-24	2.676478e-24	1.923430e-24	1.301392e-24	8.571656e-25	5.547245e-25	3.504427e-25	2.189052e-25	1.342513e-25	8.081467e-26	4.660757e-26	2.499209e-26	1.193046e-26	4.961454e-27	1.846445e-27	6.671746e-28	2.563067e-28	1.130068e-28	6.061007e-29	3.918741e-29	2.674144e-29	1.651698e-29	1.334027e-29	3.518929e-29	5.672772e-29	1.927787e-29	2.102462e-30	1.470144e-31	1.132299e-32	1.007809e-33	8.772555e-35	8.085445e-36	1.876079e-36	
R321	2.087685e-42	7.175306e-41	5.619091e-40	4.665656e-39	6.162982e-38	8.137446e-37	1.089178e-35	3.008336e-34	2.255962e-32	2.861317e-30	1.138262e-28	5.795789e-28	1.646499e-27	2.484350e-27	2.803451e-27	2.548219e-27	1.999717e-27	1.424471e-27	9.435146e-28	5.921985e-28	3.523315e-28	2.000337e-28	1.079693e-28	5.464558e-29	2.617447e-29	1.175718e-29	4.937608e-30	1.876922e-30	6.122339e-31	1.600871e-31	3.383119e-32	6.382316e-33	1.177692e-33	2.271775e-34	4.829736e-35	1.150691e-35	2.912981e-36	6.656355e-37	1.095450e-37	1.107802e-38	2.444917e-39	6.921795e-40	5.611247e-41	2.055748e-42	6.001141e-44	2.210635e-45	1.032031e-46	4.805927e-48	2.122018e-49	8.459119e-50	
R322	5.298593e-26	1.959488e-24	1.385432e-23	1.149571e-22	1.485102e-21	1.907231e-20	2.719008e-19	6.285000e-18	2.214795e-16	1.193711e-14	2.402320e-13	8.248062e-13	1.680400e-12	2.656620e-12	3.630619e-12	4.394144e-12	4.849253e-12	5.009462e-12	4.926903e-12	4.692524e-12	4.349296e-12	3.955962e-12	3.545166e-12	3.124436e-12	2.732944e-12	2.371037e-12	2.047974e-12	1.743582e-12	1.436607e-12	1.096220e-12	7.422569e-13	4.392013e-13	2.370878e-13	1.217277e-13	6.034461e-14	2.887437e-14	1.298650e-14	5.174614e-15	1.644152e-15	3.445039e-16	1.099690e-16	6.651168e-17	2.618844e-17	7.825066e-18	2.273390e-18	7.198781e-19	2.502797e-19	8.630139e-20	2.355480e-20	2.151742e-20	
R323	8.228070e-27	3.042846e-25	2.151407e-24	1.785144e-23	2.306182e-22	2.961697e-21	4.222288e-20	9.759840e-19	3.439306e-17	1.853687e-15	3.730511e-14	1.280824e-13	2.609456e-13	4.125407e-13	5.637909e-13	6.823571e-13	7.530299e-13	7.779084e-13	7.650880e-13	7.286917e-13	6.753926e-13	6.143128e-13	5.505211e-13	4.851868e-13	4.243929e-13	3.681931e-13	3.180254e-13	2.707571e-13	2.230876e-13	1.702296e-13	1.152635e-13	6.820261e-14	3.681684e-14	1.890283e-14	9.370782e-15	4.483839e-15	2.016646e-15	8.035545e-16	2.553167e-16	5.349725e-17	1.707685e-17	1.032845e-17	4.066745e-18	1.215137e-18	3.530298e-19	1.117883e-19	3.886539e-20	1.340155e-20	3.657774e-21	3.341394e-21	
R324	5.887326e-27	2.177209e-25	1.539369e-24	1.277301e-23	1.650113e-22	2.119145e-21	3.021120e-20	6.983334e-19	2.460883e-17	1.326345e-15	2.669245e-14	9.164514e-14	1.867111e-13	2.951800e-13	4.034021e-13	4.882383e-13	5.388059e-13	5.566069e-13	5.474336e-13	5.213915e-13	4.832551e-13	4.395514e-13	3.939074e-13	3.471595e-13	3.036604e-13	2.634485e-13	2.275526e-13	1.937314e-13	1.596230e-13	1.218022e-13	8.247299e-14	4.880014e-14	2.634309e-14	1.352530e-14	6.704956e-15	3.208264e-15	1.442945e-15	5.749571e-16	1.826835e-16	3.827821e-17	1.221878e-17	7.390186e-18	2.909826e-18	8.694518e-19	2.525989e-19	7.998645e-20	2.780885e-20	9.589043e-21	2.617200e-21	2.390825e-21	
R325	1.018942e-45	1.539512e-44	6.026774e-44	4.857351e-43	1.357535e-41	5.504172e-40	3.275436e-38	3.731295e-36	1.602042e-33	6.486490e-30	4.270215e-27	1.621349e-25	1.545725e-24	3.710385e-24	6.117231e-24	7.414446e-24	7.264715e-24	6.237953e-24	4.985578e-24	4.119493e-24	3.590020e-24	3.212171e-24	2.917723e-24	2.658535e-24	2.443428e-24	2.260243e-24	2.124312e-24	1.998854e-24	1.784766e-24	1.326602e-24	7.540375e-25	3.356856e-25	1.279354e-25	4.335534e-26	1.297616e-26	3.367806e-27	7.353032e-28	1.279014e-28	1.556559e-29	9.942506e-31	7.550364e-32	6.669105e-33	1.744675e-34	2.377467e-36	8.181978e-38	6.160116e-39	5.713305e-40	4.899526e-41	3.213419e-42	5.387877e-42	
R326	2.564133e-30	3.069664e-29	5.569365e-28	5.980773e-27	3.661705e-26	1.787841e-25	8.217679e-25	6.406121e-24	7.688528e-23	8.460127e-22	4.040543e-21	4.932166e-21	7.711353e-21	1.460070e-20	2.205049e-20	2.853798e-20	3.343550e-20	3.690352e-20	3.925911e-20	3.777002e-20	3.260982e-20	2.680924e-20	2.148463e-20	1.691986e-20	1.330975e-20	1.050186e-20	8.378367e-21	6.719867e-21	5.371564e-21	4.182146e-21	3.105486e-21	2.155682e-21	1.433244e-21	9.407773e-22	6.199817e-22	4.245798e-22	3.156351e-22	2.621289e-22	2.476353e-22	3.883909e-22	1.723341e-21	5.899774e-21	8.875679e-21	7.894082e-21	5.596454e-21	3.705507e-21	2.415390e-21	1.517522e-21	8.676948e-22	7.301417e-22	
R327	5.485221e-39	6.197722e-38	4.009727e-37	2.050371e-36	7.832706e-36	2.846835e-35	1.292022e-34	1.045379e-33	8.839848e-33	7.515658e-32	3.361556e-31	3.262107e-31	3.214262e-31	7.478917e-31	1.716663e-30	3.839760e-30	8.363436e-30	1.808050e-29	3.956160e-29	8.080989e-29	1.506602e-28	2.726620e-28	4.860379e-28	8.524152e-28	1.555545e-27	3.471134e-27	1.159377e-26	5.309886e-26	2.810624e-25	1.512848e-24	7.318145e-24	2.777020e-23	8.920800e-23	2.609357e-22	6.719549e-22	1.467759e-21	2.535888e-21	3.162712e-21	2.706700e-21	2.519786e-21	1.417733e-20	6.642579e-20	1.082816e-19	8.519053e-20	4.561437e-20	2.058798e-20	9.128368e-21	4.255702e-21	1.755140e-21	5.637619e-22	
R328	1.559297e-26	2.234448e-26	2.455129e-26	1.675542e-26	7.729814e-27	2.975702e-27	1.048624e-27	5.027129e-28	2.692101e-28	1.060339e-28	1.414758e-29	3.271421e-31	3.324188e-32	2.418751e-32	1.496491e-32	8.614322e-33	4.785759e-33	2.642850e-33	1.477580e-33	7.552818e-34	3.450373e-34	1.529019e-34	6.805685e-35	3.080751e-35	1.443468e-35	7.034641e-36	3.620700e-36	2.011233e-36	1.306057e-36	1.133236e-36	1.384016e-36	1.972869e-36	2.973558e-36	4.671141e-36	7.325110e-36	1.133220e-35	1.682104e-35	2.364058e-35	4.018007e-35	2.573192e-34	4.066221e-33	1.902717e-32	2.863051e-32	2.122055e-32	1.099965e-32	4.846737e-33	1.983333e-33	7.882315e-34	3.272463e-34	1.368819e-34	
R329	6.772742e-48	9.461886e-48	3.087479e-47	6.179782e-47	8.028821e-47	8.787495e-47	8.544269e-47	1.456061e-46	4.489775e-46	5.814677e-45	1.833909e-43	3.448830e-43	3.843801e-43	7.686949e-43	1.079477e-42	1.224674e-42	1.242890e-42	1.216788e-42	1.190965e-42	1.068306e-42	8.639171e-43	6.924757e-43	5.826292e-43	5.526761e-43	7.115510e-43	1.471216e-42	4.614919e-42	1.757934e-41	7.358432e-41	3.048411e-40	1.073644e-39	2.842442e-39	6.777287e-39	1.760119e-38	5.120181e-38	1.619646e-37	5.019454e-37	1.215978e-36	1.928796e-36	3.760647e-36	3.371704e-35	1.733493e-34	1.837593e-34	7.215823e-35	2.257163e-35	7.040777e-36	2.145868e-36	6.147123e-37	1.533376e-37	3.604116e-38	
R330	4.423558e-42	9.947064e-41	1.005899e-40	8.478410e-41	1.341827e-40	2.306634e-40	4.340861e-40	1.316431e-39	6.383799e-39	4.395454e-38	8.182191e-38	1.650880e-38	4.535234e-39	3.887398e-39	2.901680e-39	1.977370e-39	1.259115e-39	7.699419e-40	4.593196e-40	2.644846e-40	1.466148e-40	8.077883e-41	4.467634e-41	2.462325e-41	1.368837e-41	7.622880e-42	4.271445e-42	2.372434e-42	1.285567e-42	6.472082e-43	2.886024e-43	1.157222e-43	5.055272e-44	3.357756e-44	3.715475e-44	5.194639e-44	6.949174e-44	6.920861e-44	4.262225e-44	2.566833e-44	1.193403e-43	3.866290e-43	2.164005e-43	3.429916e-44	4.405180e-45	1.115517e-45	4.144146e-46	1.588735e-46	5.578980e-47	2.981289e-47	
R331	1.114213e-52	1.185335e-51	1.395832e-50	1.371892e-49	1.022266e-48	7.713969e-48	8.669152e-47	1.741876e-45	3.019399e-44	6.441496e-43	2.012550e-41	5.170091e-40	3.591820e-39	2.680967e-38	2.189550e-37	1.782518e-36	1.396578e-35	1.063809e-34	8.052901e-34	5.742201e-33	3.787314e-32	2.422302e-31	1.513934e-30	9.197478e-30	5.738649e-29	4.322539e-28	4.824883e-27	7.329613e-26	1.283379e-24	2.292721e-23	3.726227e-22	4.828879e-21	5.406175e-20	5.640414e-19	5.287941e-18	4.269529e-17	2.686059e-16	1.117921e-15	2.639053e-15	3.809044e-15	1.606934e-14	5.828793e-14	7.386609e-14	3.744807e-14	1.181976e-14	3.631684e-15	1.215518e-15	4.214302e-16	1.583796e-16	1.158187e-16	
R332	1.809954e-52	1.951359e-51	2.325211e-50	2.313625e-49	1.746262e-48	1.335502e-47	1.522078e-46	3.103630e-45	5.463813e-44	1.184815e-42	3.766230e-41	9.853996e-40	6.910100e-39	5.156442e-38	4.211274e-37	3.428408e-36	2.686110e-35	2.046078e-34	1.548856e-33	1.104427e-32	7.284335e-32	4.658938e-31	2.911827e-30	1.768998e-29	1.103744e-28	8.313762e-28	9.279946e-27	1.409742e-25	2.468388e-24	4.409709e-23	7.166844e-22	9.287631e-21	1.039797e-19	1.084850e-18	1.017057e-17	8.211805e-17	5.166235e-16	2.150155e-15	5.075826e-15	7.326131e-15	3.090699e-14	1.121082e-13	1.420705e-13	7.202580e-14	2.273355e-14	6.985005e-15	2.337868e-15	8.105584e-16	3.046196e-16	2.227600e-16	
R333	9.623468e-41	9.876197e-39	4.134719e-37	5.647485e-36	4.924301e-35	4.015960e-34	3.641837e-33	7.553279e-32	4.238269e-30	3.801899e-28	2.334109e-26	4.254353e-25	1.828580e-24	4.208099e-24	7.314263e-24	1.027740e-23	1.244859e-23	1.362777e-23	1.372386e-23	1.249720e-23	1.030829e-23	8.074562e-24	6.493942e-24	6.470458e-24	1.059287e-23	2.691592e-23	8.256046e-23	2.606333e-22	8.150314e-22	2.461680e-21	7.171937e-21	1.992066e-20	5.631430e-20	1.699882e-19	5.388819e-19	1.755046e-18	5.468029e-18	1.408586e-17	2.606188e-17	3.496743e-17	4.985145e-17	5.290021e-17	2.551385e-17	6.271541e-18	1.154284e-18	2.329133e-19	5.160141e-20	1.109860e-20	3.047624e-21	3.187235e-21	
R334	1.735510e-28	7.267450e-27	1.940065e-25	1.882677e-24	1.109179e-23	4.986124e-23	1.854828e-22	1.179075e-21	1.569823e-20	2.769842e-19	2.899235e-18	7.471319e-18	6.610067e-18	5.818728e-18	4.130102e-18	2.564547e-18	1.482446e-18	8.330507e-19	4.618041e-19	2.397587e-19	1.151678e-19	5.399051e-20	2.576036e-20	1.341588e-20	9.106527e-21	9.573558e-21	1.460759e-20	2.586945e-20	4.803878e-20	8.839110e-20	1.537941e-19	2.425462e-19	3.753047e-19	6.079707e-19	1.022788e-18	1.757997e-18	2.879898e-18	3.888705e-18	3.768404e-18	2.646773e-18	1.963797e-18	1.075969e-18	2.673792e-19	3.458102e-20	3.573070e-21	4.606044e-22	8.058841e-23	1.807773e-23	6.661235e-24	1.010611e-23	
R335	1.169297e-22	2.455967e-21	2.496052e-20	2.456885e-19	1.125875e-18	2.875136e-18	6.474269e-18	2.227965e-17	1.436542e-16	1.830419e-15	1.940285e-14	9.357016e-14	1.672385e-13	1.768817e-13	1.499273e-13	1.075563e-13	6.891231e-14	4.092170e-14	2.295794e-14	1.259051e-14	6.756796e-15	3.535243e-15	1.805984e-15	8.983115e-16	4.386921e-16	2.095630e-16	9.763625e-17	4.331044e-17	1.749532e-17	6.230021e-18	2.179809e-18	1.030411e-18	8.728296e-19	1.150300e-18	1.696125e-18	2.267694e-18	2.275163e-18	1.391327e-18	4.241322e-19	4.164436e-20	5.138705e-21	1.655573e-21	3.696876e-22	5.326496e-23	6.876788e-24	1.103181e-24	2.165799e-25	4.624623e-26	1.399360e-26	2.347611e-26	
R336	5.050158e-39	1.036603e-38	2.441782e-37	1.465182e-36	7.386808e-36	3.924461e-35	2.839273e-34	3.821419e-33	1.121127e-31	1.858416e-29	3.273368e-27	1.511865e-25	9.749155e-25	2.461389e-24	4.817011e-24	7.605424e-24	1.025586e-23	1.241057e-23	1.383361e-23	1.447447e-23	1.437888e-23	1.419187e-23	1.500219e-23	1.911165e-23	3.475963e-23	9.336355e-23	3.229489e-22	1.208182e-21	4.556557e-21	1.638770e-20	5.457158e-20	1.623806e-19	4.631974e-19	1.328674e-18	3.702963e-18	9.638892e-18	2.184309e-17	3.982962e-17	5.882547e-17	8.178326e-17	1.582423e-16	2.349726e-16	1.522540e-16	4.742389e-17	1.042365e-17	2.383105e-18	5.719570e-19	1.274396e-19	3.264053e-20	3.273629e-20	
R337	1.502616e-39	3.123409e-39	7.434465e-38	4.506234e-37	2.293872e-36	1.229817e-35	8.972426e-35	1.216697e-33	3.592359e-32	5.984363e-30	1.057399e-27	4.888002e-26	3.150124e-25	7.953387e-25	1.556501e-24	2.457510e-24	3.313933e-24	4.010176e-24	4.469997e-24	4.677077e-24	4.646189e-24	4.585762e-24	4.847597e-24	6.175470e-24	1.123174e-23	3.016818e-23	1.043532e-22	3.903950e-22	1.472342e-21	5.295291e-21	1.763349e-20	5.246939e-20	1.496711e-19	4.293291e-19	1.196523e-18	3.114576e-18	7.058071e-18	1.286998e-17	1.900804e-17	2.642629e-17	5.113220e-17	7.592575e-17	4.919721e-17	1.532389e-17	3.368151e-18	7.700431e-19	1.848141e-19	4.117905e-20	1.054700e-20	1.057794e-20	
R338	1.890568e-39	1.034954e-38	4.892490e-38	1.988579e-37	6.668239e-37	2.262956e-36	9.868619e-36	7.039824e-35	5.648604e-34	5.691353e-33	7.369140e-32	7.488620e-31	2.721145e-30	9.048397e-30	2.994105e-29	9.428278e-29	2.803823e-28	8.005479e-28	2.233919e-27	5.925949e-27	1.473876e-26	3.530482e-26	8.150941e-26	1.800691e-25	4.011494e-25	1.056521e-24	4.007355e-24	1.986628e-23	1.063764e-22	5.454430e-22	2.556738e-21	1.056246e-20	4.133216e-20	1.605342e-19	5.951264e-19	1.995579e-18	5.427332e-18	1.011887e-17	1.107009e-17	7.644268e-18	1.607535e-17	3.035131e-17	2.098436e-17	6.048227e-18	1.119569e-18	2.065818e-19	4.213529e-20	9.136591e-21	2.312347e-21	1.313002e-21	
R339	5.685918e-39	3.112644e-38	1.471426e-37	5.980690e-37	2.005485e-36	6.805884e-36	2.968006e-35	2.117240e-34	1.698828e-33	1.711685e-32	2.216283e-31	2.252217e-30	8.183894e-30	2.721322e-29	9.004828e-29	2.835572e-28	8.432550e-28	2.407663e-27	6.718554e-27	1.782240e-26	4.432708e-26	1.061799e-25	2.451411e-25	5.415613e-25	1.206464e-24	3.177507e-24	1.205220e-23	5.974822e-23	3.199290e-22	1.640430e-21	7.689436e-21	3.176681e-20	1.243072e-19	4.828096e-19	1.789854e-18	6.001740e-18	1.632280e-17	3.043269e-17	3.329349e-17	2.299028e-17	4.834692e-17	9.128212e-17	6.311086e-17	1.819016e-17	3.367124e-18	6.212987e-19	1.267227e-19	2.747847e-20	6.954427e-21	3.948878e-21	
R340	3.553699e-38	1.945403e-37	9.196410e-37	3.737931e-36	1.253428e-35	4.253677e-35	1.855004e-34	1.323275e-33	1.061768e-32	1.069803e-31	1.385177e-30	1.407635e-29	5.114934e-29	1.700827e-28	5.628018e-28	1.772233e-27	5.270344e-27	1.504789e-26	4.199096e-26	1.113900e-25	2.770443e-25	6.636245e-25	1.532132e-24	3.384758e-24	7.540402e-24	1.985942e-23	7.532623e-23	3.734264e-22	1.999556e-21	1.025269e-20	4.805898e-20	1.985426e-19	7.769203e-19	3.017560e-18	1.118659e-17	3.751088e-17	1.020175e-16	1.902043e-16	2.080843e-16	1.436893e-16	3.021682e-16	5.705133e-16	3.944429e-16	1.136885e-16	2.104452e-17	3.883117e-18	7.920167e-19	1.717404e-19	4.346517e-20	2.468049e-20	
R341	1.947427e-38	1.066081e-37	5.039633e-37	2.048386e-36	6.868788e-36	2.331015e-35	1.016542e-34	7.251548e-34	5.818486e-33	5.862521e-32	7.590768e-31	7.713842e-30	2.802984e-29	9.320529e-29	3.084154e-28	9.711835e-28	2.888148e-27	8.246245e-27	2.301105e-26	6.104173e-26	1.518203e-25	3.636662e-25	8.396082e-25	1.854847e-24	4.132140e-24	1.088296e-23	4.127877e-23	2.046377e-22	1.095757e-21	5.618473e-21	2.633632e-20	1.088013e-19	4.257523e-19	1.653623e-18	6.130250e-18	2.055596e-17	5.590560e-17	1.042319e-16	1.140302e-16	7.874171e-17	1.655882e-16	3.126413e-16	2.161547e-16	6.230129e-17	1.153240e-17	2.127948e-18	4.340252e-19	9.411375e-20	2.381891e-20	1.352491e-20	
R342	1.990071e-38	1.089425e-37	5.149990e-37	2.093241e-36	7.019199e-36	2.382059e-35	1.038802e-34	7.410341e-34	5.945899e-33	5.990897e-32	7.756990e-31	7.882758e-30	2.864363e-29	9.524629e-29	3.151690e-28	9.924503e-28	2.951393e-27	8.426820e-27	2.351494e-26	6.237841e-26	1.551448e-25	3.716297e-25	8.579938e-25	1.895464e-24	4.222625e-24	1.112127e-23	4.218269e-23	2.091188e-22	1.119751e-21	5.741505e-21	2.691303e-20	1.111838e-19	4.350754e-19	1.689833e-18	6.264489e-18	2.100609e-17	5.712981e-17	1.065144e-16	1.165272e-16	8.046598e-17	1.692142e-16	3.194874e-16	2.208880e-16	6.366555e-17	1.178493e-17	2.174545e-18	4.435294e-19	9.617464e-20	2.434049e-20	1.382107e-20	
R346	1.520506e-19	2.393833e-19	4.456449e-19	5.799479e-19	5.489879e-19	4.649196e-19	4.169253e-19	5.303654e-19	7.687047e-19	1.120241e-18	1.431794e-18	2.358433e-18	4.391383e-18	6.029301e-18	7.241681e-18	7.548518e-18	6.984399e-18	5.875969e-18	4.536717e-18	3.155955e-18	1.978857e-18	1.170665e-18	6.842036e-19	4.227074e-19	3.098529e-19	2.775989e-19	2.800510e-19	2.736713e-19	2.366463e-19	1.735399e-19	1.139772e-19	7.396945e-20	5.124871e-20	3.991428e-20	3.612482e-20	3.820285e-20	4.421691e-20	4.865611e-20	4.560624e-20	3.865186e-20	4.812046e-20	5.411531e-20	2.844061e-20	7.207430e-21	1.266758e-21	2.305656e-22	4.588050e-23	9.144426e-24	2.158516e-24	1.529489e-24	
R347	1.287558e-39	1.554912e-39	1.038565e-39	3.685458e-39	1.217889e-38	5.877981e-38	4.389329e-37	5.801104e-36	2.214106e-34	5.660518e-32	6.726402e-30	2.207836e-28	1.412169e-27	2.630914e-27	3.574113e-27	3.657181e-27	3.055726e-27	2.255128e-27	1.566017e-27	1.070739e-27	7.239889e-28	4.904424e-28	3.343994e-28	2.282706e-28	1.577384e-28	1.109074e-28	8.139183e-29	6.384480e-29	5.653572e-29	6.161507e-29	8.879605e-29	1.485101e-28	2.645803e-28	4.825438e-28	8.342266e-28	1.311846e-27	1.756666e-27	1.841131e-27	1.689601e-27	2.587611e-27	3.668699e-27	9.789458e-28	4.016833e-29	8.703245e-31	8.564764e-32	1.381895e-32	2.422783e-33	3.927763e-34	6.881611e-35	4.693353e-35	
R348	9.279355e-11	1.296347e-10	1.988601e-10	2.399931e-10	2.535410e-10	2.538523e-10	2.444977e-10	3.040941e-10	5.168343e-10	8.906640e-10	1.304665e-09	1.314404e-09	1.235928e-09	1.214612e-09	1.048265e-09	8.126801e-10	5.807908e-10	3.918115e-10	2.525528e-10	1.505940e-10	8.296495e-11	4.374473e-11	2.236632e-11	1.110859e-11	5.415558e-12	2.588559e-12	1.216367e-12	5.566843e-13	2.457205e-13	1.022169e-13	3.929354e-14	1.412830e-14	4.997088e-15	1.835822e-15	7.360766e-16	3.387673e-16	1.801736e-16	9.955871e-17	5.191843e-17	2.841401e-17	1.517937e-17	6.779631e-18	1.564170e-18	2.011753e-19	2.100336e-20	2.584434e-21	3.729569e-22	5.505660e-23	1.036262e-23	1.538696e-23	
R350	4.221341e-38	5.863058e-37	5.386357e-37	4.540084e-37	8.039452e-37	1.668910e-36	3.967154e-36	1.420133e-35	8.931945e-35	1.020032e-33	7.904873e-33	2.478747e-32	3.083136e-32	3.755403e-32	4.041067e-32	3.876866e-32	3.370510e-32	2.722070e-32	2.070967e-32	1.548668e-32	1.145261e-32	8.351634e-33	5.982460e-33	4.153345e-33	2.818641e-33	1.852637e-33	1.178888e-33	7.087452e-34	3.885096e-34	1.863213e-34	8.050997e-35	3.514531e-35	1.870223e-35	1.649483e-35	2.627532e-35	5.639413e-35	1.187556e-34	1.768060e-34	1.391912e-34	6.217768e-35	1.080482e-34	1.410586e-34	3.348606e-35	1.944396e-36	8.633309e-38	8.937558e-39	1.527399e-39	2.723510e-40	5.868953e-41	5.544191e-41	
R351	5.385093e-38	7.446894e-37	6.806715e-37	5.699706e-37	1.000947e-36	2.056542e-36	4.826986e-36	1.701396e-35	1.050173e-34	1.172316e-33	8.838201e-33	2.680482e-32	3.272184e-32	3.987783e-32	4.291125e-32	4.116762e-32	3.579074e-32	2.890509e-32	2.199116e-32	1.644498e-32	1.216129e-32	8.868425e-33	6.352649e-33	4.410349e-33	2.993056e-33	1.967276e-33	1.251837e-33	7.526017e-34	4.125502e-34	1.978507e-34	8.549185e-35	3.732007e-35	1.985950e-35	1.751551e-35	2.790121e-35	5.988374e-35	1.261041e-34	1.877465e-34	1.478042e-34	6.602517e-35	1.147341e-34	1.497872e-34	3.555815e-35	2.064713e-36	9.167529e-38	9.490605e-39	1.621913e-39	2.892038e-40	6.232118e-41	5.887260e-41	
R352	2.171420e-38	3.058771e-37	2.845065e-37	2.428847e-37	4.357889e-37	9.170221e-37	2.210636e-36	8.029031e-36	5.126153e-35	5.945623e-34	4.682234e-33	1.492834e-32	1.872316e-32	2.280052e-32	2.453491e-32	2.353797e-32	2.046369e-32	1.652676e-32	1.257365e-32	9.402573e-33	6.953329e-33	5.070605e-33	3.632186e-33	2.521658e-33	1.711308e-33	1.124809e-33	7.157493e-34	4.303070e-34	2.358794e-34	1.131230e-34	4.888076e-35	2.133810e-35	1.135486e-35	1.001466e-35	1.595278e-35	3.423909e-35	7.210118e-35	1.073458e-34	8.450845e-35	3.775051e-35	6.560029e-35	8.564223e-35	2.033070e-35	1.180519e-36	5.241620e-38	5.426342e-39	9.273437e-40	1.653550e-40	3.563272e-41	3.366096e-41	
R353	1.179483e-41	6.296603e-41	7.295759e-41	1.476778e-40	1.202460e-39	1.286267e-38	1.503654e-37	2.924323e-36	1.434540e-34	2.033892e-32	1.846878e-30	5.939355e-29	3.270843e-28	4.187782e-28	4.236430e-28	3.433987e-28	2.345553e-28	1.417640e-28	7.832305e-29	4.389183e-29	2.510306e-29	1.404298e-29	7.520722e-30	3.769774e-30	1.777564e-30	7.789835e-31	3.158623e-31	1.138862e-31	3.390048e-32	7.452072e-33	1.199918e-33	1.631264e-34	2.120214e-35	2.810272e-36	3.947961e-37	5.749819e-38	7.669922e-39	7.195152e-40	3.187804e-41	2.217670e-43	9.014986e-46	1.255406e-47	7.831079e-50	2.357177e-52	6.180598e-55	2.131380e-57	9.397320e-59	0.000000e+00	1.241939e-60	0.000000e+00	
R354	3.142573e-37	3.368755e-37	2.123443e-37	3.158612e-37	2.089514e-36	2.307828e-35	3.705066e-34	9.234406e-33	7.904201e-31	6.851221e-28	2.131644e-25	1.339808e-23	1.426444e-22	2.947441e-22	4.523080e-22	5.317767e-22	5.168602e-22	4.463966e-22	3.630922e-22	3.208772e-22	3.142311e-22	3.230907e-22	3.411093e-22	3.631713e-22	3.907703e-22	4.232015e-22	4.657783e-22	5.136043e-22	5.390670e-22	4.746213e-22	3.250581e-22	1.785468e-22	8.599006e-23	3.769553e-23	1.492315e-23	5.210728e-24	1.509634e-24	3.196194e-25	3.935324e-26	1.440869e-27	2.835223e-29	6.737911e-31	4.943366e-33	1.589800e-35	1.174585e-37	2.166092e-39	5.368691e-41	1.212284e-42	2.713254e-44	4.377379e-44	
R355	1.004050e-60	1.833776e-59	2.105628e-58	2.790464e-57	5.441751e-56	1.192227e-54	3.693705e-53	1.891167e-51	1.057930e-49	1.170179e-47	1.566709e-45	1.275211e-43	1.990283e-42	1.892114e-41	1.734155e-40	1.435168e-39	1.066008e-38	7.325091e-38	4.822534e-37	3.003360e-36	1.741858e-35	9.602952e-35	5.005734e-34	2.436378e-33	1.165654e-32	6.430752e-32	5.007848e-31	5.014281e-30	5.340814e-29	5.226229e-28	4.316338e-27	2.835477e-26	1.621139e-25	8.492867e-25	3.839223e-24	1.376993e-23	3.391911e-23	4.727164e-23	2.973364e-23	5.373429e-24	1.896661e-24	1.208203e-24	3.652443e-25	6.220269e-26	8.196352e-27	1.204487e-27	2.114529e-28	3.922064e-29	7.061262e-30	8.871365e-30	
R356	9.236733e-49	1.663503e-46	6.929595e-45	1.304458e-43	3.048303e-42	7.407220e-41	1.905000e-39	1.038622e-37	1.946542e-35	9.405419e-33	2.582152e-30	1.564377e-28	1.549647e-27	4.538912e-27	8.853475e-27	1.264625e-26	1.452197e-26	1.434116e-26	1.256057e-26	9.989685e-27	7.245659e-27	4.892214e-27	3.281552e-27	2.619516e-27	3.288392e-27	6.119868e-27	1.309623e-26	2.725006e-26	5.183666e-26	8.575883e-26	1.269675e-25	1.787695e-25	2.580828e-25	3.911760e-25	5.979438e-25	8.650681e-25	1.055285e-24	9.102967e-25	4.487617e-25	7.538921e-26	8.992480e-27	1.675825e-27	1.928077e-28	1.592077e-29	1.223305e-30	1.180588e-31	1.371905e-32	1.578582e-33	2.076608e-34	3.731092e-34	
R357	2.228409e-36	1.540371e-34	3.884969e-33	4.935240e-32	7.405869e-31	9.435954e-30	9.481890e-29	1.511897e-27	6.431120e-26	5.865616e-24	2.646231e-22	2.197260e-21	4.424434e-21	4.958640e-21	3.949778e-21	2.493206e-21	1.366322e-21	6.926275e-22	3.339331e-22	1.514196e-22	6.395747e-23	2.584477e-23	1.028470e-23	4.291151e-24	2.233528e-24	1.719788e-24	1.830719e-24	2.136946e-24	2.413923e-24	2.432902e-24	2.151120e-24	1.719701e-24	1.358918e-24	1.105363e-24	8.966461e-25	6.846189e-25	4.391216e-25	1.985516e-25	5.126680e-26	4.508488e-27	2.798769e-28	2.693021e-29	1.596411e-30	6.935796e-32	2.991799e-33	1.844594e-34	1.692793e-35	2.031476e-36	3.586053e-37	9.347048e-37	
R358	2.957343e-25	1.889653e-24	6.924938e-24	2.585704e-23	1.274069e-22	3.596836e-22	5.220666e-22	7.349052e-22	1.534083e-21	5.037423e-21	2.966941e-20	6.262084e-19	3.397897e-18	5.427595e-18	6.742846e-18	6.533562e-18	5.098775e-18	3.329400e-18	1.884275e-18	1.032032e-18	5.576343e-19	2.872612e-19	1.396754e-19	6.355266e-20	2.723702e-20	1.095491e-20	4.130173e-21	1.422684e-21	4.251188e-22	1.087249e-22	3.002028e-23	1.215015e-23	6.950079e-24	4.622362e-24	3.000337e-24	1.620329e-24	6.116961e-25	1.411610e-25	1.976510e-26	1.515278e-27	1.635457e-28	3.172164e-29	3.795296e-30	3.167077e-31	2.381600e-32	2.193188e-33	2.395037e-34	2.551045e-35	2.859198e-36	4.782893e-36	
R359	3.549939e-31	1.339511e-29	1.381890e-28	1.912411e-27	2.395797e-26	1.859162e-25	1.210521e-24	1.115969e-23	2.447613e-22	1.709245e-20	8.233470e-19	1.338878e-17	5.549390e-17	7.469124e-17	7.104682e-17	5.181264e-17	3.147192e-17	1.685909e-17	8.225965e-18	3.940063e-18	1.859316e-18	8.385456e-19	3.572776e-19	1.423750e-19	5.331514e-20	1.865384e-20	6.063262e-21	1.772765e-21	4.356177e-22	8.496844e-23	1.510760e-23	3.620106e-24	1.565996e-24	1.036299e-24	7.367929e-25	4.375899e-25	1.718986e-25	3.520058e-26	2.859118e-27	3.514978e-29	3.628911e-31	2.053244e-32	1.093715e-33	5.293614e-35	2.853176e-36	2.189130e-37	2.254247e-38	2.575113e-39	3.732877e-40	1.075893e-39	
R360	5.905553e-48	2.033267e-47	4.570862e-46	3.612938e-45	4.647427e-44	6.972449e-43	1.348921e-41	4.473519e-40	4.080881e-38	3.365039e-35	2.424812e-32	3.367679e-30	4.744228e-29	1.526765e-28	3.353103e-28	5.381809e-28	6.880240e-28	7.510646e-28	7.281057e-28	6.653769e-28	5.812228e-28	4.944840e-28	4.359651e-28	4.449491e-28	6.205419e-28	1.220777e-27	2.946010e-27	7.264339e-27	1.666578e-26	3.283155e-26	5.555829e-26	8.380118e-26	1.220766e-25	1.758320e-25	2.362883e-25	2.732217e-25	2.424260e-25	1.480239e-25	5.825075e-26	1.013996e-26	1.641536e-27	4.280699e-28	6.616724e-29	6.923299e-30	6.352839e-31	6.946616e-32	8.744842e-33	1.042388e-33	1.279018e-34	2.203826e-34	
R361	8.870481e-48	3.054085e-47	6.865699e-46	5.426840e-45	6.980703e-44	1.047302e-42	2.026158e-41	6.719483e-40	6.129719e-38	5.054482e-35	3.642208e-32	5.058447e-30	7.126104e-29	2.293289e-28	5.036554e-28	8.083788e-28	1.033452e-27	1.128142e-27	1.093657e-27	9.994344e-28	8.730302e-28	7.427434e-28	6.548447e-28	6.683391e-28	9.320898e-28	1.833677e-27	4.425077e-27	1.091146e-26	2.503296e-26	4.931488e-26	8.345175e-26	1.258742e-25	1.833661e-25	2.641099e-25	3.549187e-25	4.103947e-25	3.641379e-25	2.223404e-25	8.749598e-26	1.523080e-26	2.465682e-27	6.429857e-28	9.938701e-29	1.039919e-29	9.542331e-31	1.043422e-31	1.313526e-32	1.565727e-33	1.921158e-34	3.310274e-34	
R362	5.899831e-47	5.549747e-46	2.560163e-45	1.404251e-44	1.233396e-43	1.216360e-42	1.463704e-41	2.663249e-40	6.903402e-39	3.610266e-37	2.005470e-35	6.465076e-34	5.280929e-33	2.236549e-32	8.305222e-32	2.658595e-31	7.495440e-31	1.930580e-30	4.685343e-30	1.085520e-29	2.374069e-29	4.901867e-29	9.438862e-29	1.670576e-28	2.853757e-28	5.504932e-28	1.456710e-27	4.759871e-27	1.550418e-26	4.354493e-26	1.037250e-25	2.172181e-25	4.340796e-25	8.465681e-25	1.513272e-24	2.254093e-24	2.400305e-24	1.498554e-24	4.368195e-25	3.776787e-26	6.645125e-27	2.203382e-27	3.634001e-28	3.518511e-29	2.719029e-30	2.399590e-31	2.567139e-32	2.977996e-33	3.610665e-34	3.522315e-34	
R363	2.479829e-32	1.118297e-31	2.346315e-31	5.028608e-31	1.867309e-30	7.782400e-30	3.373668e-29	2.003661e-28	2.184512e-27	4.832797e-26	9.793659e-25	1.077050e-23	4.405308e-23	8.872548e-23	1.400472e-22	1.799021e-22	1.979917e-22	1.952736e-22	1.775682e-22	1.549146e-22	1.289407e-22	1.004600e-22	7.193342e-23	4.659598e-23	2.861685e-23	1.945766e-23	1.767196e-23	1.909004e-23	1.934714e-23	1.596219e-23	1.131357e-23	7.874647e-24	5.812837e-24	4.536014e-24	3.517802e-24	2.448190e-24	1.307280e-24	4.392699e-25	7.349487e-26	3.697562e-27	4.341847e-28	1.105902e-28	1.488683e-29	1.230092e-30	8.402886e-32	6.746710e-33	6.737036e-34	7.428480e-35	8.559126e-36	7.828585e-36	
R364	2.256254e-24	6.259848e-24	1.069179e-23	1.821392e-23	4.840219e-23	1.377575e-22	3.860439e-22	1.394044e-21	8.711844e-21	9.330889e-20	8.151332e-19	4.069541e-18	9.311268e-18	1.199359e-17	1.200490e-17	9.889802e-18	7.111833e-18	4.679164e-18	2.901596e-18	1.682290e-18	9.015278e-19	4.557934e-19	2.191491e-19	1.001129e-19	4.390965e-20	1.849868e-20	7.543268e-21	2.989447e-21	1.194612e-21	5.408554e-22	3.252683e-22	2.558785e-22	2.399167e-22	2.512869e-22	2.735328e-22	2.885689e-22	2.640023e-22	1.857331e-22	1.075204e-22	6.395129e-23	3.160225e-23	1.046515e-23	1.593228e-24	1.453257e-25	1.087199e-26	9.366797e-28	9.248480e-29	9.145873e-30	1.116268e-30	1.418067e-30	
R365	5.391049e-25	1.495716e-24	2.554676e-24	4.351999e-24	1.156513e-23	3.291550e-23	9.224058e-23	3.330901e-22	2.081591e-21	2.229505e-20	1.947663e-19	9.723682e-19	2.224816e-18	2.865726e-18	2.868428e-18	2.363050e-18	1.699287e-18	1.118030e-18	6.933016e-19	4.019630e-19	2.154093e-19	1.089064e-19	5.236307e-20	2.392078e-20	1.049169e-20	4.420040e-21	1.802374e-21	7.142925e-22	2.854382e-22	1.292309e-22	7.771897e-23	6.113910e-23	5.732522e-23	6.004200e-23	6.535740e-23	6.895009e-23	6.308018e-23	4.437870e-23	2.569072e-23	1.528040e-23	7.550980e-24	2.500524e-24	3.806828e-25	3.472385e-26	2.597733e-27	2.238084e-28	2.209814e-29	2.185297e-30	2.667190e-31	3.388302e-31	
R366	1.604285e-29	3.463977e-29	5.116225e-29	7.187718e-29	1.399966e-28	2.651043e-28	4.930197e-28	1.170165e-27	3.884593e-27	2.008813e-26	7.215547e-26	2.347866e-25	7.639424e-25	1.345284e-24	1.813276e-24	1.921418e-24	1.685450e-24	1.279147e-24	8.589265e-25	5.218564e-25	2.877313e-25	1.467237e-25	7.152166e-26	3.540031e-26	1.989788e-26	1.305665e-26	9.189520e-27	5.918998e-27	3.113463e-27	1.250627e-27	4.174031e-28	1.373168e-28	4.858526e-29	1.900041e-29	8.291894e-30	3.895283e-30	1.765260e-30	6.504566e-31	1.624485e-31	1.723841e-32	1.795613e-33	3.546278e-34	4.445991e-35	3.784875e-36	2.777135e-37	2.417574e-38	2.523318e-39	2.690523e-40	3.042494e-41	3.703817e-41	
R367	4.899508e-39	3.716846e-40	1.917889e-41	9.993694e-43	7.814775e-44	5.010276e-45	2.174610e-46	7.705519e-48	2.968814e-49	1.106724e-50	1.599209e-52	6.013616e-55	2.874847e-56	2.919486e-56	2.258487e-56	1.523509e-56	9.325527e-57	5.341904e-57	2.914240e-57	1.589857e-57	8.684942e-58	4.640061e-58	2.391138e-58	1.172494e-58	5.476833e-59	2.421155e-59	1.010101e-59	3.898071e-60	1.340622e-60	3.931797e-61	1.006907e-61	2.461868e-62	6.044937e-63	1.521640e-63	3.981306e-64	1.066227e-64	2.739905e-65	5.911198e-66	8.773722e-67	5.245252e-68	2.533586e-69	2.031694e-70	1.026352e-71	3.736184e-73	1.263492e-74	5.329890e-76	2.655256e-77	1.235400e-78	5.245739e-80	1.705352e-80	
R368	5.998419e-19	1.439942e-18	2.155545e-18	3.510526e-18	9.714296e-18	2.826432e-17	7.511786e-17	2.383031e-16	1.308414e-15	1.170333e-14	7.354785e-14	2.350566e-13	4.968481e-13	6.218938e-13	6.023196e-13	4.746910e-13	3.216162e-13	1.957264e-13	1.097230e-13	5.714253e-14	2.768209e-14	1.258128e-14	5.365104e-15	2.134803e-15	7.980419e-16	2.793853e-16	9.159078e-17	2.762863e-17	7.418512e-18	1.690374e-18	3.302099e-19	6.018559e-20	1.087101e-20	2.005380e-21	3.877059e-22	7.926402e-23	1.650604e-23	3.054158e-24	4.243695e-25	2.907975e-26	1.299775e-27	1.019507e-28	5.611059e-30	2.424248e-31	1.056631e-32	6.218448e-34	4.706888e-35	3.717244e-36	3.351779e-37	8.550415e-37	
R369	8.853755e-19	2.125375e-18	3.181616e-18	5.181588e-18	1.433844e-17	4.171856e-17	1.108751e-16	3.517389e-16	1.931238e-15	1.727428e-14	1.085577e-13	3.469470e-13	7.333552e-13	9.179244e-13	8.890326e-13	7.006510e-13	4.747102e-13	2.888950e-13	1.619528e-13	8.434321e-14	4.085917e-14	1.857016e-14	7.918973e-15	3.151001e-15	1.177922e-15	4.123768e-16	1.351893e-16	4.078026e-17	1.094983e-17	2.495017e-18	4.873947e-19	8.883482e-20	1.604578e-20	2.959970e-21	5.722597e-22	1.169949e-22	2.436315e-23	4.507983e-24	6.263757e-25	4.292214e-26	1.918487e-27	1.504807e-28	8.282006e-30	3.578226e-31	1.559603e-32	9.178521e-34	6.947435e-35	5.486708e-36	4.947275e-37	1.262054e-36	
R370	1.421302e-19	3.014883e-19	4.020897e-19	5.770722e-19	1.389846e-18	3.470006e-18	7.785622e-18	2.046242e-17	9.105994e-17	6.433956e-16	3.098243e-15	7.316817e-15	1.314463e-14	1.652763e-14	1.600742e-14	1.261553e-14	8.547365e-15	5.201681e-15	2.916032e-15	1.518636e-15	7.356872e-16	3.343638e-16	1.425846e-16	5.673514e-17	2.120899e-17	7.425025e-18	2.434143e-18	7.342664e-19	1.971565e-19	4.492387e-20	8.775754e-21	1.599510e-21	2.889112e-22	5.329556e-23	1.030379e-23	2.106544e-24	4.386692e-25	8.116819e-26	1.127817e-26	7.728319e-28	3.454319e-29	2.709471e-30	1.491211e-31	6.442752e-33	2.808134e-34	1.652633e-35	1.250916e-36	9.879057e-38	8.907785e-39	2.272383e-38	
R371	5.250902e-55	6.625471e-55	1.661958e-54	3.871230e-54	1.263572e-53	4.133656e-53	1.184848e-52	5.102553e-52	5.487111e-51	5.045394e-49	2.320205e-46	1.736471e-44	1.766815e-43	6.414007e-43	1.457186e-42	2.365944e-42	3.107999e-42	3.625166e-42	3.935522e-42	4.004097e-42	3.798416e-42	3.473579e-42	3.157021e-42	3.022188e-42	3.642304e-42	6.510177e-42	1.617888e-41	4.396918e-41	1.132576e-40	2.448226e-40	4.245985e-40	6.203611e-40	9.201470e-40	1.593332e-39	3.217348e-39	6.940213e-39	1.325649e-38	1.607586e-38	8.685281e-39	1.572741e-39	4.409546e-40	1.604393e-40	1.720741e-41	8.315515e-43	3.754143e-44	2.289705e-45	1.683817e-46	1.200220e-47	8.801563e-49	6.282998e-49	
R372	4.814354e-56	5.894408e-56	1.438018e-55	3.250147e-55	1.026644e-54	3.240550e-54	8.931497e-54	3.683953e-53	3.777035e-52	3.293565e-50	1.427358e-47	9.992305e-46	9.810752e-45	3.565100e-44	8.099484e-44	1.315063e-43	1.727520e-43	2.014977e-43	2.187482e-43	2.225599e-43	2.111275e-43	1.930720e-43	1.754768e-43	1.679824e-43	2.024503e-43	3.618554e-43	8.992712e-43	2.443941e-42	6.295201e-42	1.360798e-41	2.360048e-41	3.448155e-41	5.114457e-41	8.856225e-41	1.788300e-40	3.857581e-40	7.368360e-40	8.935454e-40	4.827543e-40	8.741770e-41	2.450959e-41	8.917702e-42	9.564403e-43	4.622016e-44	2.086667e-45	1.272688e-46	9.359169e-48	6.671185e-49	4.892176e-50	3.492281e-50	
R373	3.521046e-56	4.310960e-56	1.051715e-55	2.377042e-55	7.508506e-55	2.370023e-54	6.532178e-54	2.694311e-53	2.762389e-52	2.408796e-50	1.043919e-47	7.308015e-46	7.175234e-45	2.607387e-44	5.923673e-44	9.617903e-44	1.263447e-43	1.473683e-43	1.599847e-43	1.627724e-43	1.544111e-43	1.412060e-43	1.283375e-43	1.228563e-43	1.480649e-43	2.646481e-43	6.576949e-43	1.787411e-42	4.604085e-42	9.952394e-42	1.726055e-41	2.521858e-41	3.740531e-41	6.477126e-41	1.307898e-40	2.821297e-40	5.388955e-40	6.535072e-40	3.530692e-40	6.393419e-41	1.792544e-41	6.522089e-42	6.995063e-43	3.380377e-44	1.526113e-45	9.307984e-47	6.844962e-48	4.879066e-49	3.577963e-50	2.554130e-50	
R374	1.280628e-46	3.052293e-45	2.739261e-45	3.126325e-45	1.458973e-44	8.884121e-44	5.904743e-43	5.487973e-42	1.141235e-40	6.968982e-39	2.406076e-37	2.509784e-36	7.211783e-36	1.117936e-35	1.350001e-35	1.316601e-35	1.085166e-35	7.905942e-36	5.231195e-36	3.416585e-36	2.221728e-36	1.396538e-36	8.343447e-37	4.640650e-37	2.414929e-37	1.162567e-37	5.161094e-38	2.045138e-38	6.819607e-39	1.791450e-39	3.933695e-40	8.704665e-41	2.365530e-41	1.047601e-41	8.046549e-42	7.671682e-42	6.325398e-42	3.153489e-42	6.614799e-43	3.699771e-44	5.379154e-45	1.233292e-45	6.984048e-47	1.362289e-48	2.525190e-50	1.250310e-51	1.120752e-52	1.069111e-53	1.103694e-54	1.791245e-54	
R375	1.015132e-47	2.419501e-46	2.171366e-46	2.478184e-46	1.156503e-45	7.042291e-45	4.680589e-44	4.350222e-43	9.046377e-42	5.524193e-40	1.907255e-38	1.989463e-37	5.716657e-37	8.861691e-37	1.070123e-36	1.043647e-36	8.601922e-37	6.266905e-37	4.146679e-37	2.708268e-37	1.761126e-37	1.107012e-37	6.613708e-38	3.678564e-38	1.914273e-38	9.215470e-39	4.091111e-39	1.621146e-39	5.405786e-40	1.420052e-40	3.118173e-41	6.900039e-42	1.875115e-42	8.304155e-43	6.378362e-43	6.081211e-43	5.014035e-43	2.499717e-43	5.243438e-44	2.932745e-45	4.263964e-46	9.776093e-47	5.536136e-48	1.079863e-49	2.001675e-51	9.910992e-53	8.884014e-54	8.474662e-55	8.748793e-56	1.419889e-55	
R376	6.239528e-55	4.540515e-54	4.145622e-54	8.981679e-54	1.488901e-52	3.515470e-51	8.389493e-50	2.986952e-48	3.280161e-46	1.605486e-43	3.963779e-41	2.419693e-39	2.277210e-38	3.741871e-38	4.247977e-38	3.500389e-38	2.266678e-38	1.235846e-38	5.938291e-39	2.906441e-39	1.461696e-39	7.048303e-40	3.148251e-40	1.264271e-40	4.571239e-41	1.467236e-41	4.150601e-42	9.863879e-43	1.786107e-43	2.150618e-44	1.759733e-45	1.212699e-46	8.049317e-48	5.357234e-49	3.628930e-50	2.347767e-51	1.226221e-52	3.851931e-54	4.547164e-56	3.960787e-59	1.347118e-62	3.294538e-65	4.902402e-68	4.957024e-71	5.426146e-74	8.949604e-77	2.069691e-78	0.000000e+00	7.010230e-81	0.000000e+00	
R377	1.223585e-48	1.932472e-48	1.031280e-48	1.774748e-48	2.601194e-47	6.954703e-46	2.521953e-44	1.286215e-42	2.787474e-40	9.564563e-37	9.429609e-34	1.336695e-31	2.666444e-30	7.052970e-30	1.214615e-29	1.451674e-29	1.337642e-29	1.042177e-29	7.372435e-30	5.690350e-30	4.900065e-30	4.342823e-30	3.824068e-30	3.261810e-30	2.691241e-30	2.134721e-30	1.639135e-30	1.191317e-30	7.606180e-31	3.668222e-31	1.276669e-31	3.554701e-32	8.742784e-33	1.924440e-33	3.673571e-34	5.697987e-35	6.463561e-36	4.582409e-37	1.503320e-38	6.891775e-41	1.134619e-43	4.735412e-46	8.287665e-49	8.953511e-52	2.761643e-54	2.435802e-56	3.166592e-58	3.825290e-60	4.101519e-62	1.136834e-61	
R378	9.873912e-35	1.343571e-33	4.410468e-33	2.115914e-32	2.634731e-31	2.140727e-30	9.703832e-30	4.225639e-29	2.770470e-28	4.524713e-27	1.218955e-25	9.232520e-24	8.416319e-23	1.326429e-22	1.587094e-22	1.413816e-22	9.680987e-23	5.332502e-23	2.473520e-23	1.130957e-23	5.227618e-24	2.309077e-24	9.584317e-25	3.696209e-25	1.332037e-25	4.464503e-26	1.387778e-26	3.869166e-27	8.975708e-28	1.629200e-28	2.844543e-29	6.724188e-30	2.143935e-30	7.574101e-31	2.456047e-31	6.026689e-32	9.034732e-33	7.032214e-34	2.620081e-35	2.410626e-37	1.849491e-39	6.558354e-41	2.152936e-42	6.254383e-44	1.967755e-45	6.925692e-47	2.672845e-47	0.000000e+00	2.282463e-47	0.000000e+00	
R379	2.925449e-36	1.412527e-35	1.838100e-35	3.480611e-35	2.019728e-34	1.231400e-33	6.838235e-33	4.678100e-32	5.402420e-31	1.552866e-29	3.212639e-28	3.837624e-27	1.402100e-26	1.961859e-26	2.087783e-26	1.735043e-26	1.187833e-26	7.072348e-27	3.823160e-27	2.054719e-27	1.103667e-27	5.735513e-28	2.845797e-28	1.331774e-28	5.911707e-29	2.477008e-29	9.793028e-30	3.547828e-30	1.100953e-30	2.637294e-31	5.141636e-32	1.149696e-32	4.056418e-33	1.935937e-33	8.792685e-34	2.919610e-34	5.457480e-35	4.396462e-36	1.076675e-37	1.871872e-40	1.539768e-43	1.763575e-45	3.225300e-47	6.419669e-49	1.524790e-50	4.255600e-52	1.358520e-52	0.000000e+00	1.294865e-52	0.000000e+00	
R380	7.801768e-34	4.221273e-33	5.017395e-33	9.492664e-33	6.382375e-32	5.573392e-31	5.471418e-30	7.155463e-29	1.698908e-27	1.245459e-25	6.949165e-24	1.317426e-22	4.298752e-22	4.852916e-22	4.245268e-22	2.967810e-22	1.753092e-22	9.210222e-23	4.464429e-23	2.097671e-23	9.548491e-24	4.167621e-24	1.735125e-24	6.828071e-25	2.553582e-25	9.019990e-26	2.998439e-26	9.097697e-27	2.362262e-27	4.813315e-28	8.267840e-29	1.711468e-29	5.945449e-30	3.033668e-30	1.619494e-30	7.105253e-31	2.040250e-31	3.030833e-32	1.774986e-33	1.563826e-35	1.138938e-37	4.377683e-39	1.471157e-40	4.038772e-42	1.129244e-43	3.406608e-45	1.137892e-45	0.000000e+00	9.263634e-46	0.000000e+00	
R381	4.538409e-33	2.716682e-32	4.206781e-32	9.328805e-32	6.354476e-31	5.286387e-30	4.705806e-29	5.355943e-28	1.073227e-26	5.850120e-25	2.398452e-23	4.423244e-22	1.726736e-21	2.193534e-21	2.114639e-21	1.601580e-21	1.010540e-21	5.608563e-22	2.850534e-22	1.379659e-22	6.324872e-23	2.741876e-23	1.125380e-23	4.357436e-24	1.607070e-24	5.641876e-25	1.896835e-25	6.084404e-26	1.887572e-26	6.065197e-27	2.306523e-27	1.059766e-27	5.538608e-28	3.081451e-28	1.675693e-28	8.032365e-29	2.918136e-29	6.924443e-30	1.066657e-30	7.613868e-32	2.674541e-33	1.619210e-34	6.763661e-36	2.147765e-37	6.722483e-39	2.213588e-40	7.724142e-41	0.000000e+00	6.668780e-41	0.000000e+00	
R382	2.441136e-37	1.381134e-36	2.212910e-36	4.915666e-36	3.032047e-35	2.113935e-34	1.608118e-33	1.589038e-32	2.301052e-31	8.527087e-30	2.107730e-28	3.898197e-27	2.723872e-26	4.700433e-26	6.101973e-26	5.944449e-26	4.575270e-26	2.929088e-26	1.612034e-26	8.176189e-27	3.856458e-27	1.686199e-27	7.016589e-28	2.943588e-28	1.391267e-28	7.607525e-29	4.414604e-29	2.301465e-29	9.398299e-30	2.679295e-30	5.654584e-31	1.086498e-31	2.142760e-32	4.451202e-33	9.704375e-34	2.071390e-34	3.727652e-35	4.632791e-36	3.078778e-37	3.920867e-39	2.903174e-41	1.048236e-42	3.605797e-44	1.068623e-45	3.280547e-47	1.091476e-48	4.026064e-49	0.000000e+00	3.472453e-49	0.000000e+00	
R383	2.034280e-37	1.150945e-36	1.844091e-36	4.096388e-36	2.526706e-35	1.761612e-34	1.340098e-33	1.324198e-32	1.917544e-31	7.105906e-30	1.756441e-28	3.248498e-27	2.269894e-26	3.917028e-26	5.084978e-26	4.953708e-26	3.812725e-26	2.440907e-26	1.343362e-26	6.813491e-27	3.213715e-27	1.405166e-27	5.847157e-28	2.452990e-28	1.159389e-28	6.339605e-29	3.678836e-29	1.917887e-29	7.831916e-30	2.232746e-30	4.712153e-31	9.054146e-32	1.785634e-32	3.709335e-33	8.086979e-34	1.726158e-34	3.106377e-35	3.860659e-36	2.565648e-37	3.267389e-39	2.419311e-41	8.735302e-43	3.004831e-44	8.905192e-46	2.733789e-47	9.095634e-49	3.355053e-49	0.000000e+00	2.893711e-49	0.000000e+00	
R384	7.640481e-58	3.258561e-57	1.841119e-57	1.093234e-56	2.300660e-55	8.903066e-54	5.470380e-52	5.421603e-50	1.984684e-47	1.230428e-43	2.675243e-40	9.238997e-38	2.139806e-36	5.015516e-36	7.364399e-36	7.042623e-36	4.894859e-36	2.748921e-36	1.360714e-36	6.783314e-37	3.450199e-37	1.727438e-37	8.385794e-38	3.887095e-38	1.731930e-38	7.432320e-39	3.137425e-39	1.312921e-39	5.490483e-40	2.326195e-40	1.077244e-40	5.334214e-41	2.705118e-41	1.315902e-41	5.480043e-42	1.739350e-42	3.621381e-43	4.286749e-44	2.789178e-45	6.418726e-47	5.412443e-49	4.636985e-51	1.245329e-53	3.155465e-56	5.423831e-58	1.599679e-59	5.198824e-60	0.000000e+00	2.707131e-60	0.000000e+00	
R385	1.175343e-36	4.228247e-36	3.340345e-36	4.348550e-36	1.934362e-35	9.844796e-35	4.809286e-34	2.636387e-33	1.936642e-32	2.274974e-31	1.157323e-30	2.882149e-30	5.753738e-30	7.459228e-30	8.005818e-30	7.014313e-30	5.304023e-30	3.649835e-30	2.330950e-30	1.443849e-30	8.642669e-31	5.016039e-31	2.953908e-31	1.918906e-31	1.513559e-31	1.361420e-31	1.241626e-31	1.007496e-31	6.643938e-32	3.202368e-32	1.132738e-32	3.323370e-33	9.215686e-34	2.531234e-34	6.781190e-35	1.668142e-35	3.353838e-36	4.673911e-37	3.498564e-38	4.854530e-40	3.358380e-42	1.002120e-43	2.729822e-45	6.391630e-47	1.566069e-48	4.179118e-50	1.208310e-50	0.000000e+00	5.179233e-51	0.000000e+00	
R387	2.215629e-64	2.868943e-63	1.987703e-63	4.622661e-63	1.592660e-61	8.743345e-60	5.157904e-58	4.392016e-56	1.139711e-53	2.022018e-50	1.602914e-47	2.357555e-45	3.013315e-44	4.914342e-44	5.373304e-44	4.070605e-44	2.312828e-44	1.063725e-44	4.189213e-45	1.711647e-45	7.363958e-46	3.044710e-46	1.160942e-46	3.951508e-47	1.201408e-47	3.213397e-48	7.494846e-49	1.441639e-49	2.026590e-50	1.731843e-51	8.960752e-53	3.606708e-54	1.334384e-55	4.717454e-57	1.596413e-58	4.692784e-60	9.733036e-62	1.031230e-63	3.239337e-66	3.386251e-70	8.186885e-75	3.660443e-78	1.494495e-81	5.260739e-85	2.409315e-88	1.518767e-91	1.241272e-92	0.000000e+00	3.007403e-93	0.000000e+00	
R389	9.382683e-34	1.977918e-31	8.040417e-30	1.645514e-28	4.121611e-27	1.076578e-25	3.290583e-24	1.693872e-22	1.704645e-20	4.059586e-18	6.655354e-16	3.277032e-14	2.572053e-13	7.871535e-13	1.859485e-12	3.536637e-12	5.711142e-12	8.179238e-12	1.063716e-11	1.283755e-11	1.450562e-11	1.569081e-11	1.747458e-11	2.429007e-11	5.568361e-11	2.001558e-10	8.809380e-10	4.105394e-09	1.972644e-08	9.523819e-08	4.517735e-07	1.995124e-06	8.426116e-06	3.399283e-05	1.211620e-04	3.520426e-04	7.629840e-04	1.147666e-03	1.092336e-03	3.802176e-04	6.559590e-05	2.611554e-05	1.459371e-05	9.828181e-06	7.515640e-06	6.234925e-06	5.395701e-06	4.597259e-06	3.738315e-06	1.539190e-05	
R390	9.227354e-22	3.469328e-20	4.305224e-19	3.051090e-18	2.808095e-17	2.743148e-16	2.963713e-15	4.801817e-14	1.301232e-12	7.267714e-11	2.541455e-09	2.469267e-08	6.272079e-08	1.112568e-07	1.585553e-07	1.897429e-07	1.990677e-07	1.897353e-07	1.671774e-07	1.385223e-07	1.085443e-07	8.203267e-08	6.417188e-08	6.288158e-08	1.018282e-07	2.587427e-07	8.047259e-07	2.646862e-06	8.959413e-06	3.040177e-05	1.011332e-04	3.127292e-04	9.247219e-04	2.616641e-03	6.565935e-03	1.350374e-02	2.086325e-02	2.256342e-02	1.557553e-02	3.951406e-03	4.947080e-04	1.409234e-04	5.531982e-05	2.578140e-05	1.353371e-05	7.687023e-06	4.549686e-06	2.619460e-06	1.285902e-06	2.116717e-06	
R391	3.190476e-20	1.414509e-18	2.049064e-17	1.721621e-16	1.911919e-15	2.299525e-14	3.130632e-13	6.565634e-12	2.376323e-10	1.839129e-08	9.308897e-07	1.379227e-05	4.398105e-05	7.752167e-05	1.104784e-04	1.322094e-04	1.387067e-04	1.322041e-04	1.164861e-04	9.651978e-05	7.563169e-05	5.715885e-05	4.471379e-05	4.381473e-05	7.095203e-05	1.802872e-04	5.607182e-04	1.844285e-03	6.242754e-03	2.118340e-02	7.046777e-02	2.179040e-01	6.443292e-01	1.823227e+00	4.575023e+00	9.409161e+00	1.453713e+01	1.572178e+01	1.085274e+01	2.753267e+00	3.447034e-01	9.819281e-02	3.854583e-02	1.796400e-02	9.430038e-03	5.356176e-03	3.170137e-03	1.825191e-03	8.959931e-04	1.474890e-03	
R392	9.066992e-31	1.840150e-30	1.672639e-30	2.187906e-30	5.602636e-30	1.635047e-29	5.370033e-29	2.829294e-28	4.999243e-27	2.311183e-25	6.806729e-24	4.505490e-23	9.733496e-23	1.970289e-22	2.938218e-22	3.591052e-22	3.913308e-22	4.046140e-22	4.088388e-22	3.871350e-22	3.412833e-22	2.964049e-22	2.649443e-22	2.616260e-22	3.410620e-22	6.978132e-22	2.101750e-21	7.448418e-21	2.788287e-20	1.015149e-19	3.303603e-19	8.913823e-19	2.162015e-18	5.010183e-18	1.075339e-17	2.046563e-17	3.197025e-17	3.689336e-17	2.743702e-17	9.235601e-18	1.151689e-18	2.572483e-19	6.677623e-20	1.666941e-20	4.634905e-21	1.518798e-21	5.689597e-22	2.243511e-22	8.034757e-23	1.029990e-22	
R393	4.305991e-20	3.555361e-18	8.927876e-17	1.261829e-15	2.084245e-14	2.943282e-13	3.641275e-12	5.709911e-11	1.367240e-09	6.492788e-08	1.864792e-06	1.356528e-05	2.255399e-05	2.638068e-05	2.544880e-05	2.138960e-05	1.648414e-05	1.211837e-05	8.675442e-06	5.969363e-06	3.927946e-06	2.542895e-06	1.680099e-06	1.220667e-06	1.160248e-06	1.725508e-06	3.777777e-06	9.876355e-06	2.818064e-05	8.288435e-05	2.348056e-04	5.887692e-04	1.361060e-03	2.946698e-03	5.573692e-03	8.546919e-03	9.739714e-03	7.679301e-03	3.828179e-03	6.975409e-04	6.262965e-05	1.287436e-05	3.706822e-06	1.313473e-06	5.638704e-07	2.988474e-07	2.042412e-07	1.814927e-07	1.980404e-07	1.182896e-06	
R394	4.305991e-20	3.555361e-18	8.927876e-17	1.261829e-15	2.084245e-14	2.943282e-13	3.641275e-12	5.709911e-11	1.367240e-09	6.492788e-08	1.864792e-06	1.356528e-05	2.255399e-05	2.638068e-05	2.544880e-05	2.138960e-05	1.648414e-05	1.211837e-05	8.675442e-06	5.969363e-06	3.927946e-06	2.542895e-06	1.680099e-06	1.220667e-06	1.160248e-06	1.725508e-06	3.777777e-06	9.876355e-06	2.818064e-05	8.288435e-05	2.348056e-04	5.887692e-04	1.361060e-03	2.946698e-03	5.573692e-03	8.546919e-03	9.739714e-03	7.679301e-03	3.828179e-03	6.975409e-04	6.262965e-05	1.287436e-05	3.706822e-06	1.313473e-06	5.638704e-07	2.988474e-07	2.042412e-07	1.814927e-07	1.980404e-07	1.182896e-06	
R395	5.896737e-20	4.744243e-18	1.162763e-16	1.600201e-15	2.566752e-14	3.509058e-13	4.187912e-12	6.309269e-11	1.444530e-09	6.522452e-08	1.769399e-06	1.206134e-05	1.936390e-05	2.267145e-05	2.187059e-05	1.838213e-05	1.416641e-05	1.041448e-05	7.455641e-06	5.130047e-06	3.375661e-06	2.185354e-06	1.443870e-06	1.049036e-06	9.971128e-07	1.482894e-06	3.246607e-06	8.487701e-06	2.421833e-05	7.123048e-05	2.017910e-04	5.059860e-04	1.169690e-03	2.532381e-03	4.790009e-03	7.345188e-03	8.370272e-03	6.599560e-03	3.289922e-03	5.994639e-04	5.382367e-05	1.106418e-05	3.185628e-06	1.128793e-06	4.845879e-07	2.568283e-07	1.755241e-07	1.559741e-07	1.701951e-07	1.016576e-06	
R396	7.359146e-10	1.405520e-09	1.224071e-09	1.552757e-09	3.913826e-09	1.134035e-08	3.637243e-08	1.488810e-07	8.292804e-07	8.605751e-06	7.916291e-05	4.073500e-04	6.900288e-04	8.178175e-04	8.955999e-04	9.034585e-04	8.525766e-04	7.675343e-04	6.710593e-04	5.722167e-04	4.749317e-04	3.876533e-04	3.137655e-04	2.531188e-04	2.046984e-04	1.665833e-04	1.374760e-04	1.169170e-04	1.099910e-04	1.435856e-04	3.182647e-04	9.013971e-04	2.628300e-03	7.317508e-03	1.750052e-02	3.208387e-02	3.967135e-02	3.025738e-02	1.319921e-02	2.123424e-03	3.449733e-04	1.746392e-04	1.202215e-04	9.199551e-05	7.484521e-05	6.376079e-05	5.768181e-05	5.492973e-05	5.255852e-05	2.111941e-04	
R397	4.362757e-12	6.228821e-12	4.146765e-12	3.931814e-12	7.221940e-12	1.481522e-11	3.254990e-11	8.786554e-11	3.088662e-10	1.921459e-09	9.973742e-09	2.695000e-08	3.236910e-08	3.873245e-08	4.241629e-08	4.278847e-08	4.037867e-08	3.635100e-08	3.178187e-08	2.710061e-08	2.249312e-08	1.835955e-08	1.486017e-08	1.198790e-08	9.694670e-09	7.889509e-09	6.510967e-09	5.537276e-09	5.209257e-09	6.800320e-09	1.507325e-08	4.269084e-08	1.244783e-07	3.465627e-07	8.288377e-07	1.519516e-06	1.878865e-06	1.433012e-06	6.251245e-07	1.005669e-07	1.633819e-08	8.271043e-09	5.693781e-09	4.356976e-09	3.544725e-09	3.019759e-09	2.731854e-09	2.601513e-09	2.489211e-09	1.000231e-08	
R398	1.882966e-09	3.577141e-09	3.098316e-09	3.904828e-09	9.767205e-09	2.804629e-08	8.900452e-08	3.597999e-07	1.974922e-06	2.014312e-05	1.815451e-04	9.118080e-04	1.523958e-03	1.806867e-03	1.978718e-03	1.996080e-03	1.883663e-03	1.695772e-03	1.482623e-03	1.264242e-03	1.049303e-03	8.564724e-04	6.932263e-04	5.592349e-04	4.522559e-04	3.680452e-04	3.037363e-04	2.583137e-04	2.430116e-04	3.172346e-04	7.031667e-04	1.991526e-03	5.806906e-03	1.616713e-02	3.866524e-02	7.088536e-02	8.764896e-02	6.684996e-02	2.916203e-02	4.691444e-03	7.621760e-04	3.858438e-04	2.656146e-04	2.032528e-04	1.653613e-04	1.408716e-04	1.274409e-04	1.213605e-04	1.161216e-04	4.666073e-04	
R399	1.051307e-10	2.007885e-10	1.748673e-10	2.218225e-10	5.591180e-10	1.620050e-09	5.196061e-09	2.126871e-08	1.184686e-07	1.229393e-06	1.130899e-05	5.819286e-05	9.857554e-05	1.168311e-04	1.279428e-04	1.290655e-04	1.217967e-04	1.096478e-04	9.586562e-05	8.174524e-05	6.784739e-05	5.537905e-05	4.482364e-05	3.615983e-05	2.924263e-05	2.379761e-05	1.963943e-05	1.670243e-05	1.571300e-05	2.051222e-05	4.546638e-05	1.287710e-04	3.754714e-04	1.045358e-03	2.500074e-03	4.583410e-03	5.667335e-03	4.322483e-03	1.885602e-03	3.033463e-04	4.928190e-05	2.494846e-05	1.717450e-05	1.314222e-05	1.069217e-05	9.108684e-06	8.240259e-06	7.847104e-06	7.508360e-06	3.017058e-05	
R400	1.676130e-09	3.126410e-09	2.655545e-09	3.268172e-09	7.943545e-09	2.203826e-08	6.712244e-08	2.583771e-07	1.337935e-06	1.273151e-05	1.056347e-04	4.805732e-04	7.601600e-04	9.026777e-04	9.885313e-04	9.972053e-04	9.410436e-04	8.471769e-04	7.406914e-04	6.315924e-04	5.242127e-04	4.278779e-04	3.463232e-04	2.793835e-04	2.259388e-04	1.838687e-04	1.517411e-04	1.290488e-04	1.214042e-04	1.584846e-04	3.512892e-04	9.949299e-04	2.901024e-03	8.076805e-03	1.931645e-02	3.541303e-02	4.378782e-02	3.339702e-02	1.456882e-02	2.343759e-03	3.807692e-04	1.927605e-04	1.326962e-04	1.015414e-04	8.261147e-05	7.037688e-05	6.366713e-05	6.062947e-05	5.801222e-05	2.331085e-04	
R401	3.601488e-09	1.096746e-08	1.765366e-08	3.246017e-08	9.279094e-08	2.487943e-07	6.288307e-07	1.598885e-06	3.925158e-06	1.424480e-05	5.044671e-05	1.851538e-04	3.754648e-04	5.538420e-04	7.411260e-04	8.920376e-04	9.787825e-04	1.001877e-03	9.811943e-04	9.585552e-04	9.376254e-04	9.104117e-04	8.785715e-04	8.447001e-04	8.143053e-04	7.908175e-04	7.799221e-04	7.818585e-04	7.894223e-04	7.775574e-04	7.681016e-04	9.223342e-04	1.707954e-03	4.084382e-03	8.658610e-03	1.270812e-02	1.062785e-02	4.426350e-03	7.864961e-04	2.360742e-05	3.951179e-07	5.288250e-08	1.712036e-08	7.983311e-09	4.510514e-09	2.831350e-09	1.904651e-09	1.362361e-09	1.161646e-09	8.411932e-09	
R402	1.380443e-08	4.267804e-08	5.728189e-08	9.534245e-08	2.836642e-07	9.690476e-07	3.808992e-06	1.607959e-05	6.944601e-05	5.405673e-04	4.254270e-03	1.992990e-02	3.213287e-02	3.836565e-02	4.220204e-02	4.272979e-02	4.045360e-02	3.653781e-02	3.208633e-02	2.740461e-02	2.271683e-02	1.852574e-02	1.500119e-02	1.212807e-02	9.850219e-03	8.064484e-03	6.687304e-03	5.614598e-03	4.743404e-03	3.974110e-03	3.458845e-03	3.844996e-03	7.010353e-03	1.792358e-02	4.466093e-02	8.660793e-02	1.112649e-01	8.545277e-02	3.631018e-02	5.523094e-03	8.184516e-04	3.676072e-04	2.186873e-04	1.406505e-04	9.354610e-05	6.347120e-05	4.467576e-05	3.243997e-05	2.327299e-05	6.926688e-05	
R403	1.440611e-08	4.318731e-08	5.633715e-08	9.091417e-08	2.615290e-07	8.611275e-07	3.250719e-06	1.312485e-05	5.395517e-05	3.975268e-04	2.941725e-03	1.285663e-02	1.997349e-02	2.387238e-02	2.625950e-02	2.658789e-02	2.517157e-02	2.273503e-02	1.996518e-02	1.705205e-02	1.413516e-02	1.152733e-02	9.334236e-03	7.546487e-03	6.129132e-03	5.017989e-03	4.161062e-03	3.493589e-03	2.951503e-03	2.472823e-03	2.152208e-03	2.392484e-03	4.362074e-03	1.115265e-02	2.778951e-02	5.389032e-02	6.923272e-02	5.317154e-02	2.259340e-02	3.436652e-03	5.092677e-04	2.287374e-04	1.360745e-04	8.751743e-05	5.820748e-05	3.949388e-05	2.779874e-05	2.018522e-05	1.448122e-05	4.310014e-05	
R404	1.380443e-09	4.267804e-09	5.728189e-09	9.534245e-09	2.836642e-08	9.690476e-08	3.808992e-07	1.607959e-06	6.944601e-06	5.405673e-05	4.254270e-04	1.992990e-03	3.213287e-03	3.836565e-03	4.220204e-03	4.272979e-03	4.045360e-03	3.653781e-03	3.208633e-03	2.740461e-03	2.271683e-03	1.852574e-03	1.500119e-03	1.212807e-03	9.850219e-04	8.064484e-04	6.687304e-04	5.614598e-04	4.743404e-04	3.974110e-04	3.458845e-04	3.844996e-04	7.010353e-04	1.792358e-03	4.466093e-03	8.660793e-03	1.112649e-02	8.545277e-03	3.631018e-03	5.523094e-04	8.184516e-05	3.676072e-05	2.186873e-05	1.406505e-05	9.354610e-06	6.347120e-06	4.467576e-06	3.243997e-06	2.327299e-06	6.926688e-06	
R405	2.892053e-09	8.669934e-09	1.130979e-08	1.825119e-08	5.250243e-08	1.728730e-07	6.525879e-07	2.634839e-06	1.083160e-05	7.980425e-05	5.905568e-04	2.580993e-03	4.009716e-03	4.792425e-03	5.271645e-03	5.337569e-03	5.053240e-03	4.564101e-03	4.008047e-03	3.423232e-03	2.837661e-03	2.314132e-03	1.873865e-03	1.514971e-03	1.230435e-03	1.007371e-03	8.353410e-04	7.013445e-04	5.925198e-04	4.964238e-04	4.320597e-04	4.802956e-04	8.756945e-04	2.238915e-03	5.578796e-03	1.081858e-02	1.389860e-02	1.067429e-02	4.535667e-03	6.899143e-04	1.022364e-04	4.591946e-05	2.731720e-05	1.756929e-05	1.168526e-05	7.928471e-06	5.580649e-06	4.052221e-06	2.907133e-06	8.652435e-06	
R406	3.891623e-03	4.732976e-03	2.678178e-03	2.093087e-03	3.052522e-03	4.766509e-03	7.535817e-03	1.094321e-02	1.471467e-02	2.817194e-02	4.417511e-02	4.752193e-02	4.137553e-02	4.043159e-02	3.808806e-02	3.442635e-02	2.984894e-02	2.500760e-02	2.046074e-02	1.714239e-02	1.479739e-02	1.288357e-02	1.124897e-02	9.830027e-03	8.614429e-03	7.585402e-03	6.745670e-03	6.071546e-03	5.522761e-03	4.978354e-03	4.333785e-03	3.552989e-03	2.767794e-03	2.057878e-03	1.430660e-03	9.026469e-04	4.983199e-04	2.336945e-04	8.597547e-05	1.406142e-05	1.333448e-06	3.201130e-07	1.138332e-07	5.015235e-08	2.515765e-08	1.347358e-08	7.358185e-09	3.849817e-09	1.691860e-09	2.265765e-09	
R407	1.549373e-35	1.185038e-34	3.810624e-34	1.578056e-33	9.993723e-33	6.872932e-32	6.117840e-31	6.236889e-30	4.874517e-29	6.614224e-28	1.070465e-26	1.250172e-25	5.256242e-25	2.354058e-24	1.058671e-23	4.512444e-23	1.789063e-22	6.682632e-22	2.408180e-21	8.466407e-21	2.884582e-20	9.541849e-20	3.050550e-19	9.401669e-19	2.932864e-18	1.092721e-17	5.947071e-17	4.352249e-16	3.580897e-15	2.934952e-14	2.239972e-13	1.471308e-12	8.601395e-12	4.464863e-11	1.861034e-10	5.567340e-10	1.053278e-09	1.146664e-09	6.453175e-10	1.156050e-10	2.941924e-11	2.083968e-11	1.669388e-11	1.318254e-11	1.013855e-11	7.691324e-12	6.127796e-12	5.263650e-12	3.944933e-12	8.818921e-12	
R408	1.937018e-31	2.178139e-30	9.997891e-30	6.088852e-29	5.865154e-28	6.374974e-27	9.370324e-26	1.659024e-24	2.387440e-23	6.386200e-22	2.208070e-20	6.061704e-19	4.022198e-18	1.778652e-17	7.998986e-17	3.409460e-16	1.351759e-15	5.049186e-15	1.819545e-14	6.396950e-14	2.179499e-13	7.209520e-13	2.304899e-12	7.103605e-12	2.215979e-11	8.256253e-11	4.493419e-10	3.288422e-09	2.705612e-08	2.217557e-07	1.692452e-06	1.111674e-05	6.498942e-05	3.373509e-04	1.406138e-03	4.206507e-03	7.958238e-03	8.663831e-03	4.875815e-03	8.734747e-04	2.222825e-04	1.574580e-04	1.261337e-04	9.960310e-05	7.660372e-05	5.811322e-05	4.629969e-05	3.977047e-05	2.980667e-05	6.663298e-05	
R409	1.863778e-17	1.004727e-16	2.097517e-16	4.991338e-16	2.032692e-15	9.337023e-15	4.944044e-14	2.857220e-13	1.729427e-12	1.956953e-11	2.468426e-10	2.311722e-09	7.680828e-09	1.615249e-08	3.087712e-08	5.281389e-08	8.173870e-08	1.169110e-07	1.578574e-07	2.089806e-07	2.709766e-07	3.382333e-07	4.021069e-07	4.535650e-07	5.086852e-07	6.680364e-07	1.247863e-06	3.019101e-06	7.728799e-06	1.860837e-05	4.225820e-05	9.225520e-05	1.992232e-04	4.137833e-04	7.482745e-04	1.045860e-03	9.921967e-04	5.813631e-04	1.877936e-04	1.957591e-05	3.324721e-06	1.809132e-06	1.182843e-06	7.971315e-07	5.419298e-07	3.740318e-07	2.781481e-07	2.270989e-07	1.617462e-07	3.390181e-07	
R411	3.106297e-16	1.674545e-15	3.495862e-15	8.318896e-15	3.387821e-14	1.556171e-13	8.240074e-13	4.762033e-12	2.882378e-11	3.261588e-10	4.114044e-09	3.852870e-08	1.280138e-07	2.692081e-07	5.146186e-07	8.802315e-07	1.362312e-06	1.948517e-06	2.630957e-06	3.483010e-06	4.516276e-06	5.637222e-06	6.701782e-06	7.559417e-06	8.478086e-06	1.113394e-05	2.079772e-05	5.031835e-05	1.288133e-04	3.101394e-04	7.043034e-04	1.537587e-03	3.320387e-03	6.896388e-03	1.247124e-02	1.743100e-02	1.653661e-02	9.689384e-03	3.129893e-03	3.262651e-04	5.541201e-05	3.015220e-05	1.971404e-05	1.328552e-05	9.032164e-06	6.233863e-06	4.635801e-06	3.784982e-06	2.695771e-06	5.650301e-06	
R412	1.889664e-16	1.018681e-15	2.126650e-15	5.060662e-15	2.060924e-14	9.466704e-14	5.012712e-13	2.896903e-12	1.753447e-11	1.984133e-10	2.502710e-09	2.343829e-08	7.787506e-08	1.637683e-07	3.130597e-07	5.354742e-07	8.287395e-07	1.185348e-06	1.600499e-06	2.118831e-06	2.747401e-06	3.429310e-06	4.076917e-06	4.598645e-06	5.157502e-06	6.773147e-06	1.265194e-05	3.061033e-05	7.836144e-05	1.886682e-04	4.284512e-04	9.353652e-04	2.019902e-03	4.195303e-03	7.586672e-03	1.060386e-02	1.005977e-02	5.894375e-03	1.904018e-03	1.984779e-04	3.370897e-05	1.834259e-05	1.199271e-05	8.082027e-06	5.494567e-06	3.792266e-06	2.820112e-06	2.302531e-06	1.639927e-06	3.437267e-06	
R413	3.683855e-04	1.153509e-03	1.905164e-03	3.035476e-03	6.464234e-03	1.315619e-02	2.475160e-02	4.310765e-02	7.073947e-02	1.562636e-01	2.605776e-01	2.575411e-01	2.537481e-01	3.102662e-01	3.174245e-01	2.751167e-01	2.073684e-01	1.404161e-01	8.784726e-02	4.949594e-02	2.555471e-02	1.280812e-02	6.502351e-03	3.463102e-03	1.986091e-03	1.240747e-03	8.499526e-04	6.437627e-04	5.562929e-04	5.739661e-04	7.920822e-04	1.573483e-03	3.935609e-03	9.972692e-03	2.125692e-02	3.346557e-02	3.446629e-02	2.225338e-02	1.003885e-02	2.152609e-03	1.547607e-04	2.717421e-05	7.235746e-06	2.389245e-06	9.159373e-07	3.877984e-07	1.739646e-07	7.740107e-08	3.200526e-08	1.637451e-07	
R414	2.003904e-11	6.941496e-11	1.223632e-10	2.399481e-10	7.244565e-10	2.351867e-09	8.320384e-09	3.016262e-08	1.077109e-07	6.054928e-07	3.365013e-06	1.454674e-05	2.719424e-05	3.656947e-05	4.433015e-05	4.862704e-05	4.917457e-05	4.692006e-05	4.320311e-05	3.800954e-05	3.173213e-05	2.570216e-05	2.051771e-05	1.632147e-05	1.307271e-05	1.063723e-05	8.921134e-06	7.918444e-06	7.992821e-06	1.056027e-05	2.034845e-05	5.020786e-05	1.377179e-04	3.839252e-04	9.744898e-04	2.064696e-03	3.355946e-03	4.117025e-03	4.601432e-03	5.670664e-03	4.053002e-03	2.867329e-03	2.120220e-03	1.577296e-03	1.174362e-03	8.697326e-04	6.395225e-04	4.682939e-04	3.533065e-04	1.028524e-03	
R415	1.008151e-07	3.343642e-07	5.682440e-07	1.074825e-06	3.132460e-06	9.825964e-06	3.363426e-05	1.181846e-04	4.100369e-04	2.246311e-03	1.221431e-02	5.192903e-02	9.651742e-02	1.298092e-01	1.573570e-01	1.726095e-01	1.745531e-01	1.665503e-01	1.533564e-01	1.349210e-01	1.126383e-01	9.123397e-02	7.283091e-02	5.793569e-02	4.640368e-02	3.775857e-02	3.166700e-02	2.810779e-02	2.837181e-02	3.748539e-02	7.223012e-02	1.782209e-01	4.888519e-01	1.362804e+00	3.459109e+00	7.328971e+00	1.191247e+01	1.461404e+01	1.633352e+01	2.012894e+01	1.438678e+01	1.017805e+01	7.526062e+00	5.598868e+00	4.168588e+00	3.087256e+00	2.270088e+00	1.662285e+00	1.254119e+00	3.650913e+00	
R416	4.119017e-08	1.366117e-07	2.321683e-07	4.391429e-07	1.279834e-06	4.014608e-06	1.374200e-05	4.828686e-05	1.675294e-04	9.177787e-04	4.990418e-03	2.121672e-02	3.943426e-02	5.303634e-02	6.429158e-02	7.052332e-02	7.131740e-02	6.804770e-02	6.265704e-02	5.512486e-02	4.602080e-02	3.727559e-02	2.975663e-02	2.367087e-02	1.895922e-02	1.542707e-02	1.293823e-02	1.148404e-02	1.159191e-02	1.531546e-02	2.951116e-02	7.281597e-02	1.997309e-01	5.568029e-01	1.413293e+00	2.994408e+00	4.867095e+00	5.970880e+00	6.673411e+00	8.224108e+00	5.878029e+00	4.158459e+00	3.074934e+00	2.287537e+00	1.703166e+00	1.261365e+00	9.274931e-01	6.791621e-01	5.123970e-01	1.491659e+00	
R417	9.281671e-29	1.906809e-28	2.130006e-28	2.382560e-28	3.726855e-28	5.722296e-28	9.636775e-28	2.160053e-27	5.234573e-27	1.910042e-26	5.965936e-26	2.043754e-25	4.921222e-25	8.003976e-25	1.043790e-24	1.108022e-24	9.961285e-25	7.898624e-25	5.666708e-25	3.785265e-25	2.350172e-25	1.372563e-25	7.714045e-26	4.320817e-26	2.610530e-26	1.802171e-26	1.418422e-26	1.141132e-26	8.464968e-27	5.372809e-27	2.993055e-27	1.586648e-27	8.815270e-28	5.454938e-28	3.693672e-28	2.484896e-28	1.398433e-28	5.521249e-29	1.399681e-29	1.484243e-30	1.043247e-31	1.666259e-32	2.012963e-33	1.543392e-34	9.717342e-36	7.073188e-37	6.022057e-38	5.121164e-39	4.519970e-40	4.279846e-40	
R418	2.017448e-35	4.664001e-35	4.780762e-35	7.406908e-35	2.946689e-34	1.319326e-33	6.032482e-33	3.491022e-32	2.613461e-31	4.412409e-30	4.588811e-29	3.319098e-28	1.484264e-27	2.910233e-27	4.389519e-27	5.088568e-27	4.718797e-27	3.651139e-27	2.420380e-27	1.468534e-27	8.228987e-28	4.256683e-28	2.093375e-28	1.038152e-28	5.790785e-29	3.725388e-29	2.540278e-29	1.568945e-29	7.825195e-30	2.899284e-30	8.454161e-31	2.240670e-31	5.906083e-32	1.590267e-32	4.329866e-33	1.116159e-33	2.357931e-34	3.354319e-35	2.491543e-36	3.597258e-38	2.722154e-40	8.962245e-42	2.977199e-43	8.400874e-45	2.319166e-46	7.969799e-48	3.479130e-49	1.579623e-50	6.710523e-52	9.678424e-52	
R419	5.272049e-11	1.652656e-10	2.906124e-10	5.506298e-10	1.453139e-09	3.820087e-09	1.117458e-08	3.408982e-08	8.547193e-08	3.183255e-07	1.043562e-06	4.449371e-06	1.480240e-05	2.704361e-05	4.414542e-05	6.228641e-05	7.683449e-05	8.456524e-05	8.431704e-05	7.773636e-05	6.677111e-05	5.454854e-05	4.414768e-05	3.805027e-05	3.905652e-05	4.949952e-05	7.165304e-05	1.033662e-04	1.373404e-04	1.609916e-04	1.721578e-04	1.776408e-04	1.838721e-04	1.913908e-04	1.947614e-04	1.837498e-04	1.479440e-04	9.505912e-05	4.583517e-05	1.007774e-05	1.518284e-06	6.405986e-07	3.900792e-07	2.708342e-07	1.977749e-07	1.479979e-07	1.150373e-07	9.082625e-08	6.348836e-08	1.771123e-07	
R420	1.882874e-11	5.902341e-11	1.037901e-10	1.966535e-10	5.189784e-10	1.364317e-09	3.990922e-09	1.217494e-08	3.052569e-08	1.136877e-07	3.727007e-07	1.589061e-06	5.286572e-06	9.658433e-06	1.576622e-05	2.224515e-05	2.744089e-05	3.020187e-05	3.011323e-05	2.776298e-05	2.384682e-05	1.948162e-05	1.576703e-05	1.358938e-05	1.394876e-05	1.767840e-05	2.559037e-05	3.691650e-05	4.905015e-05	5.749699e-05	6.148492e-05	6.344316e-05	6.566861e-05	6.835386e-05	6.955764e-05	6.562493e-05	5.283713e-05	3.394969e-05	1.636970e-05	3.599193e-06	5.422442e-07	2.287852e-07	1.393140e-07	9.672652e-08	7.063388e-08	5.285641e-08	4.108475e-08	3.243795e-08	2.267441e-08	6.325438e-08	
R421	8.652239e-45	1.150689e-43	6.921026e-43	4.124363e-42	7.019949e-41	1.824442e-39	6.820766e-38	4.430493e-36	1.164253e-33	3.789955e-30	3.263957e-27	2.547601e-25	2.553094e-24	6.908980e-24	1.187826e-23	1.423534e-23	1.325997e-23	1.050502e-23	7.521714e-24	5.406980e-24	3.983665e-24	2.961632e-24	2.348281e-24	2.378987e-24	4.047946e-24	1.096687e-23	3.711418e-23	1.349173e-22	4.949035e-22	1.635836e-21	4.568045e-21	1.062761e-20	2.218660e-20	4.143765e-20	6.277723e-20	7.003039e-20	5.252356e-20	2.479706e-20	6.556383e-21	5.070506e-22	1.510234e-23	6.282760e-25	1.638640e-26	3.482818e-28	2.165703e-29	2.924731e-30	4.617863e-31	6.612197e-32	7.799984e-33	2.356612e-32	
R422	2.709052e-31	6.401498e-31	3.969552e-31	2.010480e-30	1.810227e-29	2.641378e-28	6.240798e-27	1.909534e-25	1.210313e-23	7.541125e-21	2.174582e-18	1.731286e-16	1.909102e-15	4.737527e-15	8.747054e-15	1.211505e-14	1.349550e-14	1.302959e-14	1.168469e-14	1.058826e-14	9.807389e-15	9.174574e-15	8.662342e-15	8.249261e-15	7.982201e-15	7.939463e-15	8.360370e-15	9.681041e-15	1.317252e-14	2.294764e-14	5.384550e-14	1.431838e-13	3.810989e-13	9.289166e-13	1.805629e-12	2.533152e-12	2.359637e-12	1.444070e-12	6.817197e-13	2.708564e-13	4.647105e-14	4.652343e-15	2.211795e-16	1.312960e-17	5.368341e-18	3.561094e-18	2.438778e-18	1.566201e-18	8.125988e-19	2.181889e-18	
R423	4.723731e-02	4.813511e-02	2.315978e-02	1.520066e-02	1.835876e-02	2.336773e-02	2.957596e-02	3.367485e-02	3.465092e-02	4.933405e-02	5.562659e-02	4.136640e-02	2.953519e-02	2.887963e-02	2.705664e-02	2.430250e-02	2.091935e-02	1.737809e-02	1.407729e-02	1.165375e-02	9.917513e-03	8.488698e-03	7.262890e-03	6.201487e-03	5.289940e-03	4.516751e-03	3.875620e-03	3.349767e-03	2.910018e-03	2.490582e-03	2.043595e-03	1.567179e-03	1.125739e-03	7.542313e-04	4.601603e-04	2.474981e-04	1.129948e-04	4.250944e-05	1.218152e-05	1.508922e-06	1.054169e-07	1.805951e-08	4.431135e-09	1.315572e-09	4.427730e-10	1.605568e-10	5.956725e-11	2.052187e-11	5.386485e-12	4.012801e-12	
R424	3.189960e-10	6.659679e-10	6.026444e-10	7.009215e-10	1.402956e-09	2.844532e-09	5.675335e-09	1.026372e-08	1.404785e-08	1.799418e-08	1.330023e-08	8.461690e-09	8.495995e-09	1.164332e-08	1.571365e-08	1.993990e-08	2.416579e-08	2.858833e-08	3.307732e-08	3.724356e-08	4.059794e-08	4.402418e-08	5.042373e-08	6.729620e-08	1.152759e-07	2.403288e-07	5.467514e-07	1.227648e-06	2.634091e-06	5.220473e-06	9.356462e-06	1.474174e-05	2.145488e-05	2.952787e-05	3.692302e-05	4.014711e-05	3.611271e-05	2.601882e-05	1.413079e-05	3.385200e-06	4.765033e-07	1.661508e-07	8.012018e-08	4.394877e-08	2.561485e-08	1.537383e-08	9.366824e-09	5.458027e-09	2.569089e-09	3.712744e-09	
R425	1.016897e-29	7.103569e-30	0.000000e+00	8.383820e-30	5.321928e-29	3.590571e-28	3.018976e-27	3.859529e-26	1.109213e-24	1.940336e-22	1.661446e-20	3.783577e-19	1.778715e-18	2.992456e-18	3.775586e-18	3.628437e-18	2.836070e-18	1.937320e-18	1.236889e-18	8.020030e-19	5.339721e-19	3.605910e-19	2.467769e-19	1.709688e-19	1.208370e-19	8.814900e-20	6.839387e-20	5.864917e-20	5.950686e-20	7.795449e-20	1.373734e-19	2.726292e-19	5.428006e-19	1.002698e-18	1.512213e-18	1.696112e-18	1.308994e-18	6.929662e-19	3.005621e-19	1.058509e-19	1.648378e-20	1.682694e-21	9.204101e-23	5.846816e-24	2.055835e-24	1.301087e-24	8.267046e-25	4.738588e-25	2.127097e-25	4.054858e-25	
R426	7.982805e-03	2.290773e-02	3.412107e-02	6.170036e-02	1.872462e-01	6.004540e-01	1.949259e+00	6.017212e+00	1.834168e+01	8.391457e+01	3.282399e+02	8.933433e+02	1.533916e+03	2.004719e+03	2.351449e+03	2.467569e+03	2.351067e+03	2.074950e+03	1.727205e+03	1.364958e+03	1.030118e+03	7.500575e+02	5.310498e+02	3.679553e+02	2.511882e+02	1.698476e+02	1.145197e+02	7.737067e+01	5.247570e+01	3.489352e+01	2.183976e+01	1.248529e+01	6.597328e+00	3.239228e+00	1.460287e+00	5.995849e-01	2.218289e-01	7.157375e-02	1.920057e-02	2.726110e-03	1.762361e-04	2.953180e-05	7.894339e-06	2.781735e-06	1.206658e-06	6.104424e-07	3.441020e-07	2.012253e-07	1.121570e-07	6.556515e-07	
R427	7.982805e-03	2.290773e-02	3.412107e-02	6.170036e-02	1.872462e-01	6.004540e-01	1.949259e+00	6.017212e+00	1.834168e+01	8.391457e+01	3.282399e+02	8.933433e+02	1.533916e+03	2.004719e+03	2.351449e+03	2.467569e+03	2.351067e+03	2.074950e+03	1.727205e+03	1.364958e+03	1.030118e+03	7.500575e+02	5.310498e+02	3.679553e+02	2.511882e+02	1.698476e+02	1.145197e+02	7.737067e+01	5.247570e+01	3.489352e+01	2.183976e+01	1.248529e+01	6.597328e+00	3.239228e+00	1.460287e+00	5.995849e-01	2.218289e-01	7.157375e-02	1.920057e-02	2.726110e-03	1.762361e-04	2.953180e-05	7.894339e-06	2.781735e-06	1.206658e-06	6.104424e-07	3.441020e-07	2.012253e-07	1.121570e-07	6.556515e-07	
R428	2.131609e-03	6.878604e-02	2.533818e-01	8.593913e-01	4.113987e+00	1.769546e+01	7.006656e+01	2.646490e+02	5.553722e+02	5.864209e+02	5.902516e+02	7.380889e+02	8.107346e+02	6.998762e+02	5.420032e+02	3.855823e+02	2.589667e+02	1.678952e+02	1.069473e+02	6.477775e+01	3.708926e+01	2.067771e+01	1.138079e+01	6.237752e+00	3.433578e+00	1.911486e+00	1.085256e+00	6.326289e-01	3.814835e-01	2.382237e-01	1.532239e-01	9.850245e-02	6.227082e-02	3.812530e-02	2.211984e-02	1.219426e-02	6.597392e-03	3.712575e-03	2.285356e-03	1.563966e-03	8.406538e-04	3.747411e-04	1.330340e-04	4.157520e-05	1.265855e-05	3.912608e-06	1.236364e-06	3.817992e-07	1.024830e-07	9.814915e-08	
R429	1.679866e-60	2.669662e-61	8.340786e-62	2.269011e-62	7.016970e-63	1.747460e-63	3.271541e-64	5.460420e-65	9.229478e-66	8.249359e-66	2.806320e-65	1.216546e-65	7.003157e-66	2.858843e-65	7.865876e-65	1.700537e-64	3.141460e-64	5.313855e-64	8.565878e-64	1.322477e-63	1.954403e-63	2.863322e-63	4.320740e-63	7.202484e-63	1.585160e-62	5.472327e-62	2.797051e-61	1.702507e-60	1.107726e-59	6.987744e-59	3.882931e-58	1.779402e-57	7.721093e-57	3.558563e-56	1.675550e-55	7.258902e-55	2.463357e-54	5.209068e-54	5.433471e-54	2.038606e-54	8.266929e-55	6.425902e-55	3.347419e-55	1.319324e-55	5.927822e-56	3.107891e-56	1.702048e-56	8.983500e-57	4.072249e-57	6.661565e-57	
R430	7.864341e-40	1.112537e-39	2.617156e-39	6.348025e-39	2.119193e-38	7.080585e-38	2.280554e-37	8.718003e-37	4.702077e-36	1.975289e-34	4.983121e-32	2.754908e-30	2.110527e-29	8.016895e-29	2.205784e-28	4.768722e-28	8.809421e-28	1.490135e-27	2.402082e-27	3.708548e-27	5.480625e-27	8.029456e-27	1.211641e-26	2.019753e-26	4.445177e-26	1.534574e-25	7.843616e-25	4.774246e-24	3.106334e-23	1.959534e-22	1.088869e-21	4.989878e-21	2.165183e-20	9.979080e-20	4.698651e-19	2.035574e-18	6.907855e-18	1.460750e-17	1.523678e-17	5.716749e-18	2.318249e-18	1.801980e-18	9.386980e-19	3.699707e-19	1.662306e-19	8.715286e-20	4.772960e-20	2.519193e-20	1.141958e-20	1.868066e-20	
R431	4.224335e-30	1.203594e-28	1.074770e-28	1.361966e-28	6.970526e-28	4.678131e-27	3.797904e-26	3.434744e-25	3.965390e-24	1.238552e-22	2.661629e-21	2.364280e-20	5.518707e-20	8.932462e-20	1.306349e-19	1.696404e-19	1.966255e-19	2.077441e-19	2.041097e-19	2.022874e-19	2.049253e-19	2.063665e-19	2.047007e-19	1.982589e-19	1.884060e-19	1.751824e-19	1.599510e-19	1.419568e-19	1.195687e-19	9.166072e-20	6.448744e-20	4.475843e-20	3.558305e-20	4.194280e-20	7.512114e-20	1.438407e-19	2.107075e-19	1.831767e-19	7.418282e-20	8.596946e-21	1.807830e-21	8.854874e-22	2.435538e-22	3.874582e-23	7.147789e-24	3.042265e-24	2.030859e-24	1.434501e-24	9.154115e-25	3.404532e-24	
R432	9.652947e-35	1.662924e-33	9.308583e-34	7.093837e-34	2.083003e-33	7.601779e-33	3.155798e-32	1.359533e-31	6.885711e-31	8.568213e-30	6.546924e-29	1.805693e-28	2.252670e-28	3.710315e-28	5.426239e-28	7.046427e-28	8.167317e-28	8.629155e-28	8.478193e-28	8.402498e-28	8.512073e-28	8.571933e-28	8.502741e-28	8.235168e-28	7.825900e-28	7.276627e-28	6.643955e-28	5.896523e-28	4.966576e-28	3.807351e-28	2.678643e-28	1.859150e-28	1.478029e-28	1.742196e-28	3.120339e-28	5.974775e-28	8.752247e-28	7.608690e-28	3.081364e-28	3.570951e-29	7.509261e-30	3.678088e-30	1.011660e-30	1.609402e-31	2.969008e-32	1.263679e-32	8.435668e-33	5.958550e-33	3.802385e-33	1.414155e-32	
R433	5.667940e+02	6.294126e+02	3.281157e+02	2.350895e+02	3.126032e+02	4.423559e+02	6.294359e+02	8.161751e+02	9.709184e+02	1.626513e+03	2.203350e+03	2.018071e+03	1.611562e+03	1.570964e+03	1.471888e+03	1.322154e+03	1.138188e+03	9.456030e+02	7.660803e+02	6.342773e+02	5.398668e+02	4.621789e+02	3.955319e+02	3.378221e+02	2.882612e+02	2.462235e+02	2.113713e+02	1.827918e+02	1.588978e+02	1.360990e+02	1.117759e+02	8.581270e+01	6.173003e+01	4.144227e+01	2.535629e+01	1.369274e+01	6.286776e+00	2.383979e+00	6.908017e-01	8.689156e-02	6.194529e-03	1.090673e-03	2.779915e-04	8.706976e-05	3.158410e-05	1.270913e-05	5.455723e-06	2.331510e-06	8.725261e-07	1.156603e-06	
R434	2.352037e-23	1.537826e-22	6.804156e-22	2.732330e-21	1.268185e-20	5.397690e-20	2.039201e-19	8.078316e-19	3.172611e-18	1.695157e-17	1.108468e-16	1.353729e-15	3.092966e-14	1.527651e-13	3.449531e-13	4.322199e-13	3.780233e-13	2.727801e-13	1.833553e-13	1.264736e-13	9.209817e-14	7.098434e-14	5.807074e-14	5.041293e-14	4.664137e-14	4.630694e-14	5.048073e-14	6.246220e-14	9.150433e-14	1.521675e-13	2.449344e-13	3.164254e-13	3.265519e-13	2.703970e-13	1.729263e-13	8.690682e-14	3.722793e-14	1.540260e-14	6.206721e-15	1.344884e-15	1.847939e-16	6.349671e-17	3.014278e-17	1.611371e-17	8.997290e-18	5.039763e-18	2.758108e-18	1.406358e-18	6.458923e-19	2.324350e-18	
R435	3.125062e-21	3.532548e-21	1.884456e-21	1.385314e-21	1.893992e-21	2.759628e-21	4.082853e-21	6.649549e-21	1.347937e-20	4.375178e-20	1.005363e-19	1.312129e-19	1.434597e-19	1.937498e-19	2.395019e-19	2.747472e-19	2.958395e-19	3.039291e-19	3.018787e-19	3.057339e-19	3.171942e-19	3.308664e-19	3.444931e-19	3.552425e-19	3.652276e-19	3.742038e-19	3.852715e-19	3.982700e-19	4.131529e-19	4.216423e-19	4.132446e-19	3.789173e-19	3.304070e-19	2.762753e-19	2.157039e-19	1.515821e-19	9.169163e-20	4.590774e-20	1.743543e-20	2.842401e-21	2.579071e-22	5.594499e-23	1.652903e-23	5.581712e-24	2.089666e-24	8.525907e-25	3.684308e-25	1.579793e-25	5.923021e-26	7.859984e-26	
R436	1.339312e-21	1.513949e-21	8.076242e-22	5.937059e-22	8.117109e-22	1.182698e-21	1.749794e-21	2.849807e-21	5.776874e-21	1.875076e-20	4.308699e-20	5.623412e-20	6.148273e-20	8.303561e-20	1.026437e-19	1.177488e-19	1.267884e-19	1.302553e-19	1.293766e-19	1.310288e-19	1.359404e-19	1.417999e-19	1.476399e-19	1.522468e-19	1.565261e-19	1.603731e-19	1.651164e-19	1.706872e-19	1.770655e-19	1.807039e-19	1.771048e-19	1.623931e-19	1.416030e-19	1.184037e-19	9.244454e-20	6.496377e-20	3.929641e-20	1.967475e-20	7.472326e-21	1.218172e-21	1.105316e-22	2.397642e-23	7.083871e-24	2.392162e-24	8.955711e-25	3.653960e-25	1.578989e-25	6.770541e-26	2.538438e-26	3.368564e-26	
R437	1.328094e-28	9.942364e-29	3.598566e-29	1.735089e-29	1.498786e-29	1.323569e-29	1.122873e-29	8.294284e-30	5.424272e-30	4.899837e-30	3.455295e-30	1.524054e-30	8.966439e-31	1.052954e-30	1.168041e-30	1.236673e-30	1.252280e-30	1.225832e-30	1.172388e-30	1.152652e-30	1.169609e-30	1.200903e-30	1.238122e-30	1.271447e-30	1.308440e-30	1.348664e-30	1.404497e-30	1.477246e-30	1.570697e-30	1.659454e-30	1.710073e-30	1.685723e-30	1.634281e-30	1.587021e-30	1.498755e-30	1.314444e-30	1.009972e-30	6.446533e-31	3.109145e-31	6.417739e-32	7.347708e-33	1.836948e-33	5.150815e-34	1.444438e-34	4.352033e-35	1.452732e-35	5.300401e-36	1.993063e-36	6.832841e-37	8.668268e-37	
R438	2.000573e-26	1.957119e-26	9.058323e-27	5.694573e-27	6.555615e-27	7.909456e-27	9.431267e-27	1.011567e-26	9.974182e-27	1.419312e-26	1.660013e-26	1.290885e-26	1.026911e-26	1.195860e-26	1.326566e-26	1.404513e-26	1.422238e-26	1.392200e-26	1.331503e-26	1.309088e-26	1.328347e-26	1.363887e-26	1.406158e-26	1.444006e-26	1.486019e-26	1.531703e-26	1.595114e-26	1.677736e-26	1.783870e-26	1.884673e-26	1.942162e-26	1.914508e-26	1.856084e-26	1.802410e-26	1.702164e-26	1.492839e-26	1.147044e-26	7.321448e-27	3.531113e-27	7.288745e-28	8.344929e-29	2.086256e-29	5.849876e-30	1.640475e-30	4.942685e-31	1.649894e-31	6.019764e-32	2.263559e-32	7.760185e-33	9.844714e-33	
R439	9.071746e-16	1.932544e-15	1.863076e-15	2.650702e-15	7.359750e-15	2.288338e-14	7.643337e-14	3.214341e-13	1.810752e-12	1.680358e-11	1.256822e-10	4.535796e-10	7.240760e-10	7.941373e-10	7.195204e-10	5.693329e-10	4.120623e-10	2.816933e-10	1.848252e-10	1.142135e-10	6.654357e-11	3.774302e-11	2.125690e-11	1.208015e-11	7.142344e-12	4.481850e-12	3.034532e-12	2.192605e-12	1.638896e-12	1.189307e-12	7.863699e-13	4.589282e-13	2.450682e-13	1.246333e-13	6.124356e-14	2.904605e-14	1.273407e-14	4.564598e-15	1.073304e-15	9.151689e-17	5.314297e-18	6.317908e-19	5.788625e-20	5.626724e-21	1.032213e-21	3.037994e-22	1.235006e-22	6.451261e-23	3.542888e-23	1.122026e-22	
R440	1.808943e-47	5.098069e-46	6.082487e-45	1.589034e-43	1.162720e-41	3.576680e-40	6.778204e-39	1.928018e-37	1.764302e-35	7.723059e-33	1.167330e-30	4.088821e-29	5.448035e-28	1.526922e-27	2.318492e-27	2.191092e-27	1.501465e-27	8.357804e-28	4.074732e-28	1.957045e-28	9.483432e-29	4.498252e-29	2.075984e-29	9.351046e-30	4.233864e-30	1.980724e-30	9.934682e-31	5.344169e-31	2.923167e-31	1.406560e-31	5.346988e-32	1.588391e-32	3.948750e-33	8.400857e-34	1.477587e-34	2.026856e-35	1.962976e-36	1.151575e-37	3.059480e-39	1.222494e-41	1.702663e-44	5.204748e-47	1.205528e-49	2.588788e-52	6.284079e-55	1.831247e-57	6.998745e-60	3.420469e-62	2.024190e-64	2.781274e-64	
R441	8.021251e-17	2.999378e-16	9.647521e-16	4.708854e-15	5.935545e-14	9.113636e-13	1.412087e-11	2.723868e-10	1.032935e-08	1.422790e-06	9.296549e-05	2.725527e-03	3.377866e-02	9.474655e-02	1.720894e-01	2.232389e-01	2.329037e-01	2.128451e-01	1.806068e-01	1.523294e-01	1.304555e-01	1.125314e-01	9.842592e-02	8.866274e-02	8.455980e-02	8.827909e-02	1.049348e-01	1.448663e-01	2.284832e-01	3.718470e-01	5.473160e-01	6.589282e-01	6.616218e-01	5.550883e-01	3.701368e-01	1.877584e-01	6.983936e-02	1.859591e-02	3.192322e-03	1.813256e-04	4.347842e-06	1.518051e-07	3.358534e-09	6.055344e-11	3.192716e-12	3.659064e-13	4.933186e-14	6.223417e-15	7.967925e-16	3.084749e-15	
R443	8.864932e-35	9.457097e-34	1.037280e-33	3.060488e-33	6.947234e-32	2.303603e-30	8.757126e-29	4.063575e-27	3.422624e-25	1.227314e-22	2.818945e-20	2.303941e-18	2.242623e-17	3.821923e-17	5.254683e-17	5.765413e-17	5.250161e-17	4.151246e-17	2.961852e-17	2.199770e-17	1.723460e-17	1.331404e-17	9.873753e-18	6.904518e-18	4.558934e-18	2.826257e-18	1.644354e-18	8.752268e-19	4.003177e-19	1.406634e-19	3.687740e-20	7.971038e-21	1.547793e-21	2.741834e-22	4.330821e-23	5.627111e-24	5.221557e-25	2.860201e-26	6.518782e-28	1.176495e-30	5.787465e-34	3.023780e-36	2.185424e-38	1.802252e-40	1.963397e-42	2.783699e-44	4.794184e-45	0.000000e+00	7.432572e-46	0.000000e+00	
R444	2.357735e-30	4.741543e-30	2.668936e-30	5.432453e-30	9.353292e-29	2.970871e-27	1.428633e-25	7.761033e-24	1.032021e-21	2.024317e-18	1.406770e-15	1.953487e-13	3.411261e-12	9.401784e-12	1.960866e-11	3.120530e-11	4.043595e-11	4.568785e-11	4.799079e-11	5.620820e-11	7.540337e-11	1.070638e-10	1.565249e-10	2.324860e-10	3.502893e-10	5.366582e-10	8.475086e-10	1.379575e-09	2.224891e-09	3.131255e-09	3.491699e-09	3.049369e-09	2.194061e-09	1.285435e-09	5.721700e-10	1.782366e-10	3.592096e-11	4.440756e-12	2.812693e-13	2.671681e-15	6.361767e-18	5.672291e-20	4.821742e-22	4.248474e-24	1.304155e-25	9.887934e-27	9.572962e-28	8.563013e-29	5.675402e-30	3.604822e-29	
R445	1.932801e-11	4.184035e-11	1.444789e-10	5.296367e-10	2.764683e-09	1.503105e-08	8.180663e-08	4.614034e-07	2.708685e-06	2.389385e-05	2.105447e-04	1.752645e-03	6.984598e-03	1.504555e-02	2.874448e-02	4.884453e-02	7.568331e-02	1.099182e-01	1.536831e-01	2.095783e-01	2.785387e-01	3.633889e-01	4.687166e-01	6.017198e-01	7.759620e-01	1.014033e+00	1.359341e+00	1.886115e+00	2.723150e+00	4.014396e+00	5.848126e+00	7.963521e+00	9.995883e+00	1.134325e+01	1.111734e+01	9.138024e+00	6.270614e+00	3.701175e+00	1.819753e+00	4.244251e-01	5.905058e-02	2.040654e-02	9.975487e-03	5.736715e-03	3.627663e-03	2.418842e-03	1.645846e-03	1.078576e-03	6.232172e-04	1.986628e-03	
R446	7.748846e-04	4.346494e-03	2.436676e-03	2.846042e-03	1.196280e-02	7.001869e-02	6.523646e-01	4.444363e+00	1.426200e+01	6.332510e+01	2.770544e+02	8.488452e+02	7.596963e+02	4.907271e+02	3.296145e+02	2.220608e+02	1.433567e+02	8.603870e+01	4.723375e+01	2.306605e+01	9.793311e+00	3.659490e+00	1.229344e+00	3.802246e-01	1.106674e-01	3.077776e-02	8.253696e-03	2.143205e-03	5.401211e-04	1.337591e-04	3.457100e-05	1.030322e-05	3.579294e-06	1.338828e-06	4.831923e-07	1.537013e-07	3.955943e-08	7.590336e-09	9.731802e-10	4.869681e-11	1.360344e-12	1.073833e-13	1.401660e-14	2.374144e-15	4.793944e-16	1.112715e-16	2.908225e-17	8.207254e-18	2.334234e-18	6.761792e-18	
R447	6.522087e-33	3.149143e-31	4.132273e-29	1.553573e-29	0.000000e+00	0.000000e+00	0.000000e+00	5.375602e-31	6.537723e-29	9.248499e-26	6.152112e-23	8.071431e-21	1.202581e-19	3.184982e-19	6.128749e-19	8.913467e-19	1.066489e-18	1.133390e-18	1.139353e-18	1.189536e-18	1.307868e-18	1.477781e-18	1.704760e-18	1.998614e-18	2.389139e-18	1.963689e-17	1.231826e-16	3.497286e-16	1.818268e-15	1.209990e-14	9.451182e-14	7.104962e-13	4.519068e-12	2.443437e-11	1.098725e-10	3.966174e-10	1.088641e-09	2.198543e-09	3.328279e-09	4.318142e-09	1.006869e-08	2.946849e-08	7.877691e-08	1.817657e-07	3.647910e-07	6.566163e-07	1.126571e-06	1.979253e-06	3.978144e-06	1.596245e-05	
R448	1.029041e-22	4.918286e-21	6.305728e-19	2.274220e-19	0.000000e+00	0.000000e+00	0.000000e+00	3.970225e-21	2.361185e-19	1.352374e-16	3.698274e-14	2.736962e-12	3.562542e-11	7.665277e-11	1.268829e-10	1.653430e-10	1.817642e-10	1.797670e-10	1.691123e-10	1.734782e-10	1.983692e-10	2.390887e-10	2.975275e-10	3.778466e-10	4.894518e-10	4.352875e-09	2.942416e-08	8.841158e-08	4.444403e-07	2.042270e-06	6.265004e-06	1.363314e-05	2.316669e-05	3.345138e-05	4.372510e-05	5.431994e-05	6.656904e-05	8.266249e-05	1.055365e-04	1.392021e-04	1.894612e-04	2.629516e-04	3.631133e-04	4.823842e-04	5.969068e-04	6.754563e-04	6.995949e-04	6.752901e-04	6.233876e-04	8.336601e-04	
R449	5.773758e-21	2.759512e-19	3.537895e-17	1.275944e-17	0.000000e+00	0.000000e+00	0.000000e+00	2.226838e-19	1.323570e-17	7.569793e-15	2.065001e-12	1.523218e-10	1.974671e-09	4.228560e-09	6.961164e-09	9.014458e-09	9.838333e-09	9.647925e-09	8.986011e-09	9.108211e-09	1.026800e-08	1.216629e-08	1.483603e-08	1.840987e-08	2.321283e-08	2.001786e-07	1.305612e-06	3.767197e-06	1.808617e-05	7.890820e-05	2.281617e-04	4.644238e-04	7.277157e-04	9.468754e-04	1.086169e-03	1.150290e-03	1.165780e-03	1.161286e-03	1.154845e-03	1.153658e-03	1.156773e-03	1.145704e-03	1.091647e-03	9.772606e-04	8.113560e-04	6.216371e-04	4.373986e-04	2.780104e-04	1.532827e-04	1.140291e-04	
R450	2.174782e-20	1.039416e-18	1.332607e-16	4.806057e-17	0.000000e+00	0.000000e+00	0.000000e+00	8.387757e-19	4.985446e-17	2.851289e-14	7.778169e-12	5.737456e-10	7.437927e-09	1.592758e-08	2.622039e-08	3.395446e-08	3.705772e-08	3.634052e-08	3.384731e-08	3.430760e-08	3.867612e-08	4.582634e-08	5.588238e-08	6.934383e-08	8.743499e-08	7.540061e-07	4.917805e-06	1.418977e-05	6.812458e-05	2.972209e-04	8.594090e-04	1.749330e-03	2.741063e-03	3.566564e-03	4.091237e-03	4.332758e-03	4.391103e-03	4.374178e-03	4.349915e-03	4.345447e-03	4.357178e-03	4.315485e-03	4.111869e-03	3.681015e-03	3.056108e-03	2.341500e-03	1.647535e-03	1.047172e-03	5.773647e-04	4.295096e-04	
R451	1.443440e-21	6.898780e-20	8.844737e-18	3.189861e-18	0.000000e+00	0.000000e+00	0.000000e+00	5.567095e-20	3.308924e-18	1.892448e-15	5.162502e-13	3.808046e-11	4.936677e-10	1.057140e-09	1.740291e-09	2.253615e-09	2.459583e-09	2.411981e-09	2.246503e-09	2.277053e-09	2.566999e-09	3.041571e-09	3.709008e-09	4.602466e-09	5.803207e-09	5.004465e-08	3.264030e-07	9.417992e-07	4.521543e-06	1.972705e-05	5.704042e-05	1.161059e-04	1.819289e-04	2.367188e-04	2.715423e-04	2.875724e-04	2.914449e-04	2.903215e-04	2.887112e-04	2.884146e-04	2.891932e-04	2.864260e-04	2.729117e-04	2.443152e-04	2.028390e-04	1.554093e-04	1.093496e-04	6.950259e-05	3.832067e-05	2.850728e-05	
R452	7.745919e-32	5.429401e-30	9.650358e-28	4.448061e-28	0.000000e+00	0.000000e+00	0.000000e+00	1.048926e-29	5.090566e-28	1.532466e-25	1.515678e-23	4.950509e-22	6.370064e-21	1.930413e-20	4.577810e-20	8.374990e-20	1.286906e-19	1.797186e-19	2.390841e-19	3.296031e-19	4.759480e-19	7.144648e-19	1.166315e-18	2.262132e-18	5.727806e-18	1.206063e-16	2.085621e-15	1.563328e-14	1.853764e-13	1.872854e-12	1.182857e-11	4.946721e-11	1.570445e-10	4.197523e-10	9.868660e-10	2.112819e-09	4.218817e-09	8.048485e-09	1.516914e-08	2.930674e-08	5.920746e-08	1.193553e-07	2.235021e-07	3.696707e-07	5.314896e-07	6.740049e-07	7.788160e-07	8.372448e-07	8.278268e-07	1.194636e-06	
R453	3.614762e-31	2.533720e-29	4.503500e-27	2.075762e-27	0.000000e+00	0.000000e+00	0.000000e+00	4.894988e-29	2.375597e-27	7.151509e-25	7.073162e-23	2.310238e-21	2.972697e-20	9.008596e-20	2.136312e-19	3.908329e-19	6.005562e-19	8.386870e-19	1.115726e-18	1.538148e-18	2.221090e-18	3.334169e-18	5.442803e-18	1.055662e-17	2.672976e-17	5.628294e-16	9.732899e-15	7.295533e-14	8.650899e-13	8.739984e-12	5.520000e-11	2.308470e-10	7.328745e-10	1.958844e-09	4.605375e-09	9.859821e-09	1.968781e-08	3.755960e-08	7.078934e-08	1.367648e-07	2.763015e-07	5.569912e-07	1.043010e-06	1.725130e-06	2.480285e-06	3.145356e-06	3.634475e-06	3.907143e-06	3.863192e-06	5.574969e-06	
R454	1.878287e-20	9.145704e-19	1.192869e-16	4.382964e-17	0.000000e+00	0.000000e+00	0.000000e+00	8.396173e-19	5.138435e-17	3.034710e-14	8.578466e-12	6.586098e-10	8.716761e-09	1.863079e-08	3.063673e-08	3.963960e-08	4.323683e-08	4.238502e-08	3.947067e-08	4.000498e-08	4.509783e-08	5.343452e-08	6.515928e-08	8.085427e-08	1.019465e-07	8.791239e-07	5.733622e-06	1.654270e-05	7.941326e-05	3.464211e-04	1.001458e-03	2.037911e-03	3.192199e-03	4.152137e-03	4.761855e-03	5.043669e-03	5.116526e-03	5.109566e-03	5.106766e-03	5.145534e-03	5.226258e-03	5.277393e-03	5.178118e-03	4.844669e-03	4.292215e-03	3.611725e-03	2.909784e-03	2.270824e-03	1.768509e-03	2.322540e-03	
R455	1.786666e-16	8.539198e-15	1.094787e-12	3.948360e-13	0.000000e+00	0.000000e+00	0.000000e+00	6.890885e-15	4.095774e-13	2.342502e-10	6.390396e-08	4.713955e-06	6.111354e-05	1.308753e-04	2.154634e-04	2.790367e-04	3.045635e-04	2.986972e-04	2.782355e-04	2.820571e-04	3.180240e-04	3.768926e-04	4.597062e-04	5.706020e-04	7.197041e-04	6.208856e-03	4.051440e-02	1.169636e-01	5.619006e-01	2.453391e+00	7.100462e+00	1.446898e+01	2.270446e+01	2.960209e+01	3.405372e+01	3.620896e+01	3.690425e+01	3.705499e+01	3.726198e+01	3.779885e+01	3.867557e+01	3.936873e+01	3.896629e+01	3.680048e+01	3.292982e+01	2.799720e+01	2.279359e+01	1.797099e+01	1.412722e+01	1.870005e+01	
R456	3.639504e-18	1.972318e-17	1.238902e-15	2.043341e-16	0.000000e+00	0.000000e+00	0.000000e+00	6.340670e-20	1.022088e-18	1.351791e-16	7.066355e-15	7.986140e-14	4.487660e-13	1.393176e-12	3.218693e-12	5.849278e-12	8.958637e-12	1.232867e-11	1.611414e-11	1.995644e-11	2.426679e-11	3.000788e-11	3.792877e-11	4.883916e-11	6.425171e-11	5.821246e-10	4.029418e-09	1.247568e-08	6.505221e-08	3.111988e-07	9.914105e-07	2.209441e-06	3.757095e-06	5.236651e-06	6.296364e-06	6.861078e-06	7.177719e-06	7.688474e-06	8.853191e-06	1.108952e-05	1.472106e-05	1.970080e-05	2.525720e-05	2.989189e-05	3.216907e-05	3.154434e-05	2.847972e-05	2.406164e-05	1.989985e-05	2.950330e-05	
R457	8.740211e-44	4.178013e-42	5.358526e-40	1.933853e-40	0.000000e+00	0.000000e+00	0.000000e+00	3.428213e-42	2.114715e-40	1.324040e-37	4.159097e-35	3.619155e-33	5.581438e-32	1.420834e-31	2.769484e-31	4.227430e-31	5.427597e-31	6.271848e-31	6.896871e-31	8.302297e-31	1.115980e-30	1.586199e-30	2.330798e-30	3.478451e-30	5.291318e-30	5.508433e-29	4.360403e-28	1.531050e-27	8.996555e-27	4.845285e-26	1.759525e-25	4.603785e-25	9.736072e-25	1.836132e-24	3.260257e-24	5.630024e-24	9.602853e-24	1.622979e-23	2.716413e-23	4.521946e-23	7.430579e-23	1.073980e-22	1.169434e-22	9.888433e-23	7.349459e-23	5.183540e-23	3.586835e-23	2.488273e-23	1.791933e-23	2.270038e-23	
R458	5.261240e-18	2.559752e-16	3.336215e-14	1.224849e-14	0.000000e+00	0.000000e+00	0.000000e+00	2.337188e-16	1.428920e-14	8.432871e-12	2.382651e-09	1.828411e-07	2.420942e-06	5.181435e-06	8.530327e-06	1.104723e-05	1.205785e-05	1.182560e-05	1.101551e-05	1.116682e-05	1.259076e-05	1.492141e-05	1.820005e-05	2.259048e-05	2.849352e-05	2.458124e-04	1.603990e-03	4.630661e-03	2.224599e-02	9.713122e-02	2.811116e-01	5.728357e-01	8.988833e-01	1.171964e+00	1.348208e+00	1.433535e+00	1.461062e+00	1.467029e+00	1.475225e+00	1.496479e+00	1.531189e+00	1.558631e+00	1.542699e+00	1.456954e+00	1.303712e+00	1.108426e+00	9.024118e-01	7.114823e-01	5.593050e-01	7.403465e-01	
R459	2.009232e-42	9.639705e-41	1.242520e-38	4.522429e-39	0.000000e+00	0.000000e+00	0.000000e+00	1.025043e-40	1.018369e-38	1.400074e-35	1.104351e-32	2.725634e-30	1.147105e-28	4.148416e-28	9.255187e-28	1.371801e-27	1.528079e-27	1.463467e-27	1.451027e-27	2.152873e-27	5.274730e-27	1.724080e-26	6.187722e-26	2.173482e-25	7.422964e-25	1.625146e-23	2.541753e-22	1.628211e-21	1.635057e-20	1.378334e-19	6.933680e-19	2.163515e-18	4.704782e-18	7.845314e-18	1.072732e-17	1.277997e-17	1.394810e-17	1.447011e-17	1.453355e-17	1.407751e-17	1.261500e-17	9.410893e-18	4.975174e-18	1.700033e-18	4.489792e-19	1.246013e-19	3.621533e-20	9.698462e-21	2.810032e-21	3.158290e-21	
R460	3.146205e-42	1.509457e-40	1.945630e-38	7.081557e-39	0.000000e+00	0.000000e+00	0.000000e+00	1.605089e-40	1.594639e-38	2.192341e-35	1.729275e-32	4.268002e-30	1.796222e-28	6.495900e-28	1.449246e-27	2.148069e-27	2.392780e-27	2.291606e-27	2.272127e-27	3.371129e-27	8.259566e-27	2.699693e-26	9.689198e-26	3.403400e-25	1.162343e-24	2.544774e-23	3.980066e-22	2.549575e-21	2.560294e-20	2.158298e-19	1.085727e-18	3.387793e-18	7.367099e-18	1.228478e-17	1.679764e-17	2.001184e-17	2.184098e-17	2.265837e-17	2.275772e-17	2.204362e-17	1.975351e-17	1.473628e-17	7.790499e-18	2.662039e-18	7.030451e-19	1.951100e-19	5.670867e-20	1.518658e-20	4.400158e-21	4.945486e-21	
R461	1.035812e-42	1.338927e-40	2.990173e-38	1.622647e-38	0.000000e+00	0.000000e+00	0.000000e+00	1.417468e-39	2.167595e-37	2.719675e-34	6.105977e-32	7.983399e-31	4.214465e-30	8.974824e-30	1.391517e-29	1.672968e-29	1.700745e-29	1.579528e-29	1.425384e-29	1.368920e-29	1.415775e-29	1.547704e-29	1.774023e-29	2.107705e-29	2.613419e-29	2.271526e-28	1.537897e-27	4.732219e-27	2.503863e-26	1.211083e-25	3.593250e-25	6.395802e-25	7.812840e-25	7.589153e-25	6.499417e-25	5.366457e-25	4.516494e-25	3.879893e-25	3.385870e-25	4.421436e-25	1.404314e-24	3.278566e-24	3.314713e-24	1.923877e-24	8.562167e-25	3.432254e-25	1.314698e-25	4.734799e-26	1.509563e-26	7.495276e-27	
R462	2.041930e-42	1.346173e-40	2.303312e-38	1.045890e-38	0.000000e+00	0.000000e+00	0.000000e+00	8.204110e-40	1.291268e-37	2.101685e-34	1.511279e-31	2.318695e-29	4.796882e-28	1.457373e-27	3.257484e-27	5.513506e-27	7.652738e-27	9.386763e-27	1.080283e-26	1.347359e-26	1.858953e-26	2.689733e-26	3.993085e-26	5.975986e-26	9.045745e-26	9.279748e-25	7.134645e-24	2.376337e-23	1.271935e-22	5.860570e-22	1.684940e-21	3.265074e-21	4.858531e-21	6.266704e-21	7.726011e-21	9.792947e-21	1.297387e-20	1.666110e-20	1.858630e-20	1.800310e-20	2.137183e-20	2.010649e-20	8.621821e-21	1.833268e-21	2.820620e-22	4.622421e-23	8.144993e-24	1.364352e-24	2.669343e-25	2.342982e-25	
R463	2.062881e-50	2.336894e-48	3.901902e-46	2.390968e-46	0.000000e+00	0.000000e+00	0.000000e+00	1.004772e-45	5.108863e-43	4.315960e-39	1.331465e-35	6.480395e-33	3.013725e-31	1.166174e-30	2.925179e-30	5.033077e-30	6.622918e-30	7.328285e-30	7.334952e-30	7.990043e-30	9.693639e-30	1.208990e-29	1.496947e-29	1.794827e-29	2.083249e-29	1.565294e-28	8.396024e-28	1.843201e-27	6.001428e-27	1.514656e-26	2.212929e-26	2.173751e-26	1.651856e-26	1.069842e-26	6.359882e-27	3.580983e-27	1.857529e-27	7.987858e-28	2.374269e-28	2.879519e-29	2.860029e-30	4.725357e-31	4.833640e-32	3.452571e-33	2.217653e-34	1.738203e-35	1.606498e-36	1.439635e-37	1.349350e-38	2.034782e-38	
R464	8.070022e-43	3.302571e-41	3.883347e-39	2.340215e-39	0.000000e+00	0.000000e+00	0.000000e+00	9.637734e-38	1.391205e-34	1.222918e-29	2.435260e-25	4.727561e-22	5.286080e-20	3.139263e-19	1.201808e-18	3.055630e-18	5.822106e-18	9.320288e-18	1.383615e-17	2.387533e-17	4.971228e-17	1.141364e-16	2.793663e-16	7.154738e-16	1.914058e-15	3.611562e-14	5.388551e-13	3.752982e-12	4.551715e-11	4.958145e-10	3.333078e-09	1.405107e-08	4.127421e-08	9.112348e-08	1.559426e-07	2.137801e-07	2.435846e-07	2.383456e-07	1.979858e-07	1.267924e-07	6.102066e-08	1.719521e-08	2.064104e-09	1.571674e-10	2.867421e-11	9.737006e-12	3.475865e-12	1.100041e-12	3.311995e-13	1.264394e-12	
R465	5.445289e-52	3.502344e-50	3.702360e-48	2.844736e-48	0.000000e+00	0.000000e+00	0.000000e+00	5.131148e-45	2.240174e-41	9.480241e-36	8.011187e-31	5.127921e-27	1.083438e-24	6.613609e-24	2.423725e-23	5.560891e-23	9.136256e-23	1.218596e-22	1.471746e-22	2.110544e-22	3.750602e-22	7.372025e-22	1.536099e-21	3.315727e-21	7.384677e-21	1.142659e-19	1.371653e-18	7.453776e-18	6.643351e-17	4.766143e-16	1.872889e-15	4.341434e-15	6.813968e-15	7.752926e-15	6.488446e-15	3.979784e-15	1.780464e-15	5.828249e-16	1.281067e-16	9.813466e-18	3.353845e-19	1.728830e-20	5.706875e-22	1.516198e-23	1.148119e-24	1.839252e-25	3.377097e-26	5.573116e-27	7.759104e-28	4.921293e-27	
R466	5.445289e-52	3.502344e-50	3.702360e-48	2.844736e-48	0.000000e+00	0.000000e+00	0.000000e+00	5.131148e-45	2.240174e-41	9.480241e-36	8.011187e-31	5.127921e-27	1.083438e-24	6.613609e-24	2.423725e-23	5.560891e-23	9.136256e-23	1.218596e-22	1.471746e-22	2.110544e-22	3.750602e-22	7.372025e-22	1.536099e-21	3.315727e-21	7.384677e-21	1.142659e-19	1.371653e-18	7.453776e-18	6.643351e-17	4.766143e-16	1.872889e-15	4.341434e-15	6.813968e-15	7.752926e-15	6.488446e-15	3.979784e-15	1.780464e-15	5.828249e-16	1.281067e-16	9.813466e-18	3.353845e-19	1.728830e-20	5.706875e-22	1.516198e-23	1.148119e-24	1.839252e-25	3.377097e-26	5.573116e-27	7.759104e-28	4.921293e-27	
R467	2.339169e-52	1.898285e-50	6.322931e-48	5.291564e-48	0.000000e+00	0.000000e+00	0.000000e+00	4.060173e-47	8.431444e-44	3.705351e-39	1.007115e-34	3.801560e-31	2.971433e-29	1.251417e-28	3.213457e-28	5.236108e-28	6.014087e-28	5.349278e-28	3.946275e-28	2.734043e-28	1.805868e-28	1.115100e-28	6.895101e-29	5.242166e-29	6.727730e-29	1.017144e-27	1.792209e-26	2.070004e-25	5.323272e-24	1.347114e-22	2.124583e-21	2.036162e-20	1.368704e-19	7.114143e-19	2.856367e-18	8.920321e-18	2.205991e-17	4.456276e-17	7.324826e-17	9.157947e-17	8.768078e-17	7.120213e-17	6.679585e-17	5.317480e-17	3.035497e-17	1.403777e-17	5.136418e-18	1.412513e-18	4.797414e-19	1.710627e-18	
R468	2.792496e-32	1.825803e-32	7.453960e-33	7.644064e-33	3.402267e-32	2.484350e-31	2.587582e-30	3.941751e-29	1.951095e-27	1.064955e-24	2.137602e-22	7.656798e-21	4.727396e-20	8.566660e-20	1.131759e-19	1.143347e-19	9.579496e-20	7.168270e-20	5.092933e-20	3.767588e-20	2.940185e-20	2.360780e-20	1.936771e-20	1.615328e-20	1.372615e-20	1.191005e-20	1.069514e-20	1.005268e-20	1.024863e-20	1.303225e-20	2.424894e-20	5.167147e-20	1.063707e-19	1.954708e-19	2.822436e-19	2.806640e-19	1.684677e-19	5.609115e-20	9.372106e-21	4.596254e-22	1.776432e-23	1.313339e-24	6.006932e-26	2.096325e-27	2.020291e-28	4.092128e-29	9.875662e-30	2.338887e-30	5.377700e-31	3.966201e-30	
R469	3.290046e-29	4.684530e-29	3.888292e-29	7.086168e-29	5.195207e-28	6.458336e-27	1.237990e-25	3.056349e-24	1.943228e-22	1.402192e-19	4.566408e-17	3.082112e-15	2.677957e-14	4.835714e-14	6.417059e-14	6.506742e-14	5.469269e-14	4.106028e-14	2.930150e-14	2.171147e-14	1.692209e-14	1.357533e-14	1.114196e-14	9.313029e-15	7.947729e-15	6.937799e-15	6.259987e-15	5.808790e-15	5.318162e-15	4.340215e-15	3.171014e-15	2.652122e-15	3.413893e-15	5.761113e-15	8.666900e-15	9.116341e-15	5.685399e-15	1.906127e-15	3.102276e-16	1.438509e-17	5.071296e-19	3.326458e-20	1.314792e-21	3.856526e-23	3.038354e-24	4.901568e-25	9.203693e-26	1.662054e-26	2.865289e-27	1.565242e-26	
R470	1.625922e-26	2.471592e-26	2.586182e-26	5.330829e-26	3.808985e-25	4.324083e-24	7.175474e-23	1.465011e-21	7.429822e-20	3.743940e-17	8.351894e-15	5.067148e-13	5.049751e-12	1.027294e-11	1.502311e-11	1.650322e-11	1.481736e-11	1.175158e-11	8.793121e-12	6.711451e-12	5.268217e-12	4.197616e-12	3.396431e-12	2.793294e-12	2.350828e-12	2.039539e-12	1.861232e-12	1.825849e-12	1.997238e-12	2.570423e-12	4.157734e-12	7.718403e-12	1.494716e-11	2.750340e-11	4.214747e-11	4.843699e-11	3.821869e-11	2.046762e-11	8.761999e-12	3.291715e-12	5.597073e-13	5.782740e-14	2.841008e-15	9.638874e-17	8.501057e-18	1.496933e-18	2.936325e-19	5.347383e-20	9.694516e-21	5.179986e-20	
R471	1.743294e-31	2.595543e-31	2.904117e-31	6.214062e-31	4.179520e-30	4.148227e-29	6.161763e-28	1.149395e-26	4.457078e-25	1.625731e-22	2.345454e-20	1.544386e-18	2.873544e-17	7.931689e-17	1.561965e-16	2.207034e-16	2.417193e-16	2.211333e-16	1.791712e-16	1.433088e-16	1.157385e-16	9.301242e-17	7.630038e-17	6.798919e-17	7.332864e-17	9.908982e-17	1.560774e-16	2.488447e-16	3.583049e-16	4.091263e-16	3.672626e-16	2.851171e-16	2.083574e-16	1.431481e-16	8.794717e-17	4.500624e-17	1.759069e-17	4.934039e-18	9.112423e-19	6.107679e-20	2.189081e-21	1.348860e-22	5.457190e-24	1.727991e-25	1.494744e-26	2.659481e-27	5.514571e-28	1.082827e-28	1.818835e-29	9.312952e-29	
R472	2.464776e-55	2.352720e-55	7.993621e-56	3.888116e-55	7.480776e-54	3.400099e-52	3.304187e-50	4.902265e-48	3.718396e-45	1.706061e-40	1.573788e-36	1.351226e-33	6.879466e-32	2.593042e-31	5.775695e-31	8.011207e-31	7.923204e-31	6.358433e-31	4.633691e-31	3.642755e-31	3.172484e-31	2.919447e-31	2.793901e-31	2.750769e-31	2.796789e-31	2.966034e-31	3.398504e-31	4.349395e-31	6.413280e-31	1.088301e-30	2.143662e-30	4.288754e-30	8.059119e-30	1.296576e-29	1.521614e-29	1.157881e-29	5.235857e-30	1.398795e-30	2.529285e-31	3.063438e-32	1.250398e-33	1.828141e-35	5.774549e-38	1.563314e-40	7.571688e-42	1.194212e-42	2.181737e-43	3.484592e-44	4.344425e-45	2.141058e-44	
R473	1.384410e-33	1.450304e-33	8.242101e-33	3.000752e-32	7.343625e-32	2.148351e-31	8.586455e-31	1.138715e-29	3.505303e-28	2.158298e-26	1.766963e-24	8.338673e-23	5.338369e-22	1.207121e-21	1.949428e-21	2.355993e-21	2.265868e-21	1.824086e-21	1.265935e-21	7.235754e-22	3.360763e-22	1.354985e-22	5.256889e-23	2.457460e-23	1.918826e-23	2.612305e-23	5.593143e-23	1.823017e-22	8.229918e-22	4.168595e-21	2.046004e-20	8.666479e-20	3.289287e-19	1.125478e-18	3.195004e-18	7.252656e-18	1.335501e-17	2.123540e-17	2.990550e-17	3.470307e-17	3.217900e-17	2.558405e-17	2.361455e-17	1.855791e-17	1.047957e-17	4.796049e-18	1.734832e-18	4.711623e-19	1.595925e-19	5.249397e-19	
R474	1.814586e-48	1.260979e-47	1.193880e-46	9.223123e-46	5.434929e-45	4.249746e-44	6.305878e-43	3.726050e-41	4.141574e-39	1.189453e-36	6.185005e-34	1.655546e-31	2.357217e-30	1.085435e-29	4.126273e-29	1.250875e-28	3.078252e-28	6.373344e-28	1.140035e-27	1.679890e-27	2.000227e-27	2.044746e-27	1.966258e-27	2.206689e-27	4.168032e-27	1.617801e-26	1.406290e-25	2.417578e-24	6.219560e-23	1.751518e-21	4.503771e-20	9.202062e-19	1.626648e-17	2.545960e-16	3.073751e-15	2.539432e-14	1.289203e-13	3.780951e-13	6.094752e-13	5.432345e-13	9.213481e-13	1.501533e-12	2.271156e-12	2.450805e-12	1.683204e-12	8.764382e-13	3.712072e-13	1.321450e-13	5.805727e-14	1.339221e-13	
R475	6.461345e-31	1.602743e-30	2.783735e-30	6.033024e-30	2.352435e-29	1.336209e-28	1.191602e-27	3.272839e-26	1.997050e-24	3.908674e-22	8.355138e-20	6.506461e-18	4.091985e-17	7.786738e-17	1.137938e-16	1.286098e-16	1.165066e-16	8.778447e-17	5.632405e-17	3.187074e-17	1.589123e-17	7.088449e-18	3.075294e-18	1.608831e-18	1.396836e-18	2.090957e-18	4.846967e-18	1.676956e-17	7.803365e-17	3.873800e-16	1.733725e-15	6.259947e-15	1.929034e-14	5.162840e-14	1.102504e-13	1.748636e-13	1.948050e-13	1.486184e-13	7.039302e-14	1.091294e-14	7.279822e-16	1.022541e-16	2.470226e-17	6.521756e-18	1.509224e-18	3.303270e-19	6.373014e-20	9.499537e-21	1.535939e-21	5.484557e-21	
R477	1.927699e-35	1.459647e-33	1.671831e-31	4.887896e-30	6.442522e-29	7.150723e-28	7.934288e-27	1.563857e-25	6.143324e-24	3.460562e-22	1.579459e-20	3.291062e-19	2.170681e-18	7.936206e-18	2.071760e-17	4.213555e-17	7.223794e-17	1.105348e-16	1.554897e-16	1.895536e-16	1.995148e-16	1.950685e-16	1.942707e-16	2.413033e-16	4.974804e-16	1.626318e-15	6.611342e-15	2.902568e-14	1.353072e-13	6.665336e-13	3.467412e-12	1.796389e-11	9.344323e-11	4.819413e-10	2.283581e-09	9.496232e-09	3.401872e-08	1.066502e-07	3.018117e-07	7.863512e-07	1.885762e-06	4.249577e-06	9.073335e-06	1.818847e-05	3.394019e-05	5.887477e-05	9.552538e-05	1.482947e-04	2.526229e-04	9.581167e-04	
R478	1.927699e-35	1.459647e-33	1.671831e-31	4.887896e-30	6.442522e-29	7.150723e-28	7.934288e-27	1.563857e-25	6.143324e-24	3.460562e-22	1.579459e-20	3.291062e-19	2.170681e-18	7.936206e-18	2.071760e-17	4.213555e-17	7.223794e-17	1.105348e-16	1.554897e-16	1.895536e-16	1.995148e-16	1.950685e-16	1.942707e-16	2.413033e-16	4.974804e-16	1.626318e-15	6.611342e-15	2.902568e-14	1.353072e-13	6.665336e-13	3.467412e-12	1.796389e-11	9.344323e-11	4.819413e-10	2.283581e-09	9.496232e-09	3.401872e-08	1.066502e-07	3.018117e-07	7.863512e-07	1.885762e-06	4.249577e-06	9.073335e-06	1.818847e-05	3.394019e-05	5.887477e-05	9.552538e-05	1.482947e-04	2.526229e-04	9.581167e-04	
R479	2.753509e-32	1.617222e-31	2.631223e-30	1.167208e-29	2.314232e-29	3.641180e-29	4.957721e-29	9.652683e-29	2.851850e-28	9.186663e-28	1.859170e-27	1.315111e-27	1.100683e-27	2.393957e-27	3.770198e-27	4.824588e-27	5.373777e-27	5.472311e-27	5.215425e-27	4.365220e-27	3.186269e-27	2.176532e-27	1.522586e-27	1.333197e-27	1.941570e-27	4.486853e-27	1.288928e-26	3.993883e-26	1.311560e-25	4.540946e-25	1.656590e-24	6.009460e-24	2.188608e-23	7.917487e-23	2.641088e-22	7.774039e-22	1.985276e-21	4.474944e-21	9.184578e-21	1.744104e-20	3.035257e-20	4.894026e-20	7.340380e-20	1.018277e-19	1.304372e-19	1.549147e-19	1.719051e-19	1.803328e-19	1.854562e-19	2.812067e-19	
R480	9.046772e-32	5.879929e-31	1.051150e-29	5.167292e-29	1.146383e-28	2.040624e-28	3.183426e-28	7.205985e-28	2.517525e-27	9.782207e-27	2.444681e-26	2.196043e-26	2.089224e-26	4.527812e-26	7.130766e-26	9.124987e-26	1.016370e-25	1.035006e-25	9.864196e-26	8.256161e-26	6.026350e-26	4.116585e-26	2.879743e-26	2.521543e-26	3.672190e-26	8.486211e-26	2.437815e-25	7.553833e-25	2.480619e-24	8.588519e-24	3.133192e-23	1.136599e-22	4.139425e-22	1.497474e-21	4.995222e-21	1.470343e-20	3.754853e-20	8.463688e-20	1.737126e-19	3.298713e-19	5.740735e-19	9.256318e-19	1.388323e-18	1.925919e-18	2.467025e-18	2.929980e-18	3.251328e-18	3.410725e-18	3.507626e-18	5.318603e-18	
R481	4.574256e-22	8.936328e-21	4.393883e-19	6.436907e-18	4.658959e-17	2.998291e-16	1.901338e-15	2.001547e-14	3.799660e-13	9.617477e-12	1.937505e-10	1.806489e-09	5.970028e-09	1.249816e-08	1.968312e-08	2.518778e-08	2.805494e-08	2.856935e-08	2.722823e-08	2.278955e-08	1.663459e-08	1.136304e-08	7.948980e-09	6.960239e-09	1.013638e-08	2.342456e-08	6.729123e-08	2.085091e-07	6.847275e-07	2.370697e-06	8.648578e-06	3.137365e-05	1.142609e-04	4.133492e-04	1.378836e-03	4.058601e-03	1.036456e-02	2.336239e-02	4.795003e-02	9.105466e-02	1.584620e-01	2.555030e-01	3.832200e-01	5.316130e-01	6.809751e-01	8.087650e-01	8.974669e-01	9.414655e-01	9.682132e-01	1.468099e+00	
R482	4.368189e-25	8.411592e-24	4.108808e-22	6.016965e-21	4.385170e-20	2.866237e-19	1.865031e-18	2.039344e-17	4.080777e-16	1.108245e-14	2.447775e-13	2.569381e-12	9.098901e-12	1.901082e-11	2.993977e-11	3.831286e-11	4.267406e-11	4.345654e-11	4.141656e-11	3.466494e-11	2.530269e-11	1.728420e-11	1.209111e-11	1.058714e-11	1.541834e-11	3.563085e-11	1.023560e-10	3.171610e-10	1.041532e-09	3.606041e-09	1.315526e-08	4.772213e-08	1.738010e-07	6.287409e-07	2.097332e-06	6.173494e-06	1.576541e-05	3.553628e-05	7.293627e-05	1.385023e-04	2.410349e-04	3.886428e-04	5.829119e-04	8.086308e-04	1.035824e-03	1.230204e-03	1.365127e-03	1.432053e-03	1.472739e-03	2.233109e-03	
R483	1.241040e-11	2.192932e-10	2.538292e-09	1.393219e-08	4.076574e-08	8.844210e-08	1.606193e-07	4.567816e-07	1.596879e-06	4.746911e-06	1.192173e-05	2.920508e-05	5.936449e-05	9.403124e-05	1.268245e-04	1.514533e-04	1.659690e-04	1.716248e-04	1.707729e-04	1.591359e-04	1.381865e-04	1.154745e-04	9.425134e-05	7.584296e-05	6.101925e-05	4.969376e-05	4.174597e-05	3.691538e-05	3.541971e-05	3.817375e-05	4.809122e-05	6.980852e-05	1.140535e-04	1.967772e-04	3.161253e-04	4.264580e-04	4.535112e-04	3.906507e-04	3.208821e-04	3.613372e-04	6.985291e-04	1.554676e-03	3.318447e-03	6.454575e-03	1.128264e-02	1.779064e-02	2.560953e-02	3.419762e-02	4.417150e-02	8.436077e-02	
R485	2.145367e-22	6.199891e-21	4.281367e-19	8.417293e-18	7.104777e-17	4.127361e-16	1.788176e-15	1.031509e-14	9.218788e-14	9.845857e-13	7.436021e-12	2.145007e-11	2.893920e-11	4.047721e-11	4.315044e-11	3.878215e-11	3.173070e-11	2.492305e-11	1.929916e-11	1.341371e-11	8.221959e-12	4.811064e-12	2.842538e-12	1.845452e-12	1.577504e-12	2.133659e-12	4.314711e-12	1.062662e-11	2.941670e-11	8.827841e-11	2.742610e-10	8.067642e-10	2.297041e-09	6.357897e-09	1.598688e-08	3.508622e-08	6.608756e-08	1.086023e-07	1.609694e-07	2.195458e-07	2.740067e-07	3.188185e-07	3.507310e-07	3.699262e-07	3.875240e-07	4.294559e-07	5.502820e-07	8.909570e-07	2.036675e-06	1.120582e-05	
R486	2.145367e-22	6.199891e-21	4.281367e-19	8.417293e-18	7.104777e-17	4.127361e-16	1.788176e-15	1.031509e-14	9.218788e-14	9.845857e-13	7.436021e-12	2.145007e-11	2.893920e-11	4.047721e-11	4.315044e-11	3.878215e-11	3.173070e-11	2.492305e-11	1.929916e-11	1.341371e-11	8.221959e-12	4.811064e-12	2.842538e-12	1.845452e-12	1.577504e-12	2.133659e-12	4.314711e-12	1.062662e-11	2.941670e-11	8.827841e-11	2.742610e-10	8.067642e-10	2.297041e-09	6.357897e-09	1.598688e-08	3.508622e-08	6.608756e-08	1.086023e-07	1.609694e-07	2.195458e-07	2.740067e-07	3.188185e-07	3.507310e-07	3.699262e-07	3.875240e-07	4.294559e-07	5.502820e-07	8.909570e-07	2.036675e-06	1.120582e-05	
R487	5.107177e-12	1.383053e-11	1.403915e-10	8.207065e-10	2.300852e-09	2.995293e-09	1.895326e-09	9.756442e-10	4.323268e-10	1.678490e-10	1.669630e-10	1.233680e-09	4.499620e-09	8.969258e-09	1.491272e-08	2.057429e-08	2.397141e-08	2.425318e-08	2.204573e-08	1.850808e-08	1.451225e-08	1.082547e-08	7.815121e-09	5.533041e-09	3.894394e-09	2.751439e-09	1.970604e-09	1.432225e-09	1.048774e-09	7.986566e-10	7.748460e-10	1.153922e-09	2.378299e-09	5.382373e-09	1.082964e-08	1.681094e-08	1.863682e-08	1.563081e-08	1.256340e-08	1.493783e-08	3.241414e-08	7.602572e-08	1.688014e-07	3.419626e-07	6.245054e-07	1.033701e-06	1.576140e-06	2.264979e-06	3.287384e-06	1.160810e-05	
R488	2.757542e-15	1.314593e-15	2.308392e-15	2.915104e-15	2.614838e-15	2.104455e-15	1.540691e-15	1.452134e-15	1.803358e-15	2.380912e-15	3.056178e-15	3.067715e-15	2.891838e-15	4.141682e-15	5.012194e-15	5.406713e-15	5.416798e-15	5.210157e-15	4.927239e-15	4.244021e-15	3.281231e-15	2.420763e-15	1.752155e-15	1.263066e-15	9.186072e-16	6.798851e-16	5.182486e-16	4.152141e-16	3.789624e-16	5.047643e-16	1.226987e-15	4.076745e-15	1.464071e-14	5.211190e-14	1.656790e-13	4.347201e-13	8.884773e-13	1.412357e-12	1.831871e-12	2.205911e-12	4.981527e-12	1.427432e-11	3.754485e-11	8.551780e-11	1.697771e-10	3.024256e-10	5.129520e-10	8.900224e-10	1.784050e-09	6.603510e-09	
R489	1.877797e-09	2.603497e-09	1.469716e-08	4.894295e-08	9.529105e-08	1.438731e-07	1.797176e-07	2.457075e-07	3.427610e-07	4.466859e-07	7.024957e-07	1.845811e-06	4.164661e-06	7.281850e-06	1.076816e-05	1.385938e-05	1.614473e-05	1.765643e-05	1.870394e-05	1.845736e-05	1.681785e-05	1.475985e-05	1.273738e-05	1.094308e-05	9.487202e-06	8.379457e-06	7.633046e-06	7.208718e-06	7.061285e-06	7.096525e-06	7.687865e-06	1.082982e-05	2.470012e-05	7.551539e-05	2.128140e-04	4.470330e-04	6.179455e-04	5.364069e-04	2.833863e-04	6.367005e-05	1.481287e-05	1.122176e-05	1.388087e-05	1.926675e-05	2.656298e-05	3.486535e-05	4.397326e-05	5.730877e-05	1.023700e-04	6.828485e-04	
R490	5.044229e-11	5.431648e-11	1.996386e-10	4.602437e-10	6.966983e-10	9.747825e-10	1.335828e-09	2.065127e-09	3.313894e-09	5.775204e-09	1.189803e-08	2.200486e-08	2.872804e-08	4.101901e-08	4.986197e-08	5.398563e-08	5.426111e-08	5.236218e-08	4.973761e-08	4.291042e-08	3.313413e-08	2.442341e-08	1.768542e-08	1.277660e-08	9.332189e-09	6.948690e-09	5.322118e-09	4.209547e-09	3.450256e-09	2.949443e-09	2.815172e-09	3.671263e-09	8.244217e-09	2.694764e-08	8.926200e-08	2.477438e-07	5.260777e-07	8.420958e-07	1.063892e-06	1.211312e-06	2.495125e-06	6.343369e-06	1.441830e-05	2.760282e-05	4.479846e-05	6.355707e-05	8.387490e-05	1.109676e-04	1.667778e-04	4.572366e-04	
R491	3.649033e-02	2.299301e-02	5.128393e-02	8.217777e-02	9.316109e-02	9.434420e-02	8.577443e-02	7.884244e-02	7.186367e-02	5.984603e-02	5.138204e-02	4.981297e-02	5.444590e-02	6.285470e-02	6.543336e-02	6.324302e-02	5.821496e-02	5.211006e-02	4.611694e-02	3.902876e-02	3.138249e-02	2.469683e-02	1.928309e-02	1.505749e-02	1.186693e-02	9.503405e-03	7.806076e-03	6.618968e-03	5.841061e-03	5.372298e-03	5.128797e-03	4.932735e-03	4.732793e-03	4.498730e-03	4.157666e-03	3.754372e-03	3.425896e-03	3.348561e-03	3.662840e-03	4.484116e-03	5.910848e-03	8.031811e-03	1.091274e-02	1.431125e-02	1.751789e-02	1.961753e-02	2.008653e-02	1.914829e-02	1.762888e-02	2.174726e-02	
R492	9.041130e-19	1.750668e-18	1.029759e-17	3.500690e-17	7.501999e-17	1.464297e-16	2.814711e-16	6.228399e-16	1.471595e-15	3.938780e-15	1.383164e-14	5.481601e-14	1.530525e-13	3.845115e-13	8.122695e-13	1.485672e-12	2.441105e-12	3.730422e-12	5.448252e-12	7.285719e-12	8.800086e-12	9.928293e-12	1.055501e-11	1.063875e-11	1.073035e-11	1.281604e-11	2.211198e-11	5.039897e-11	1.251701e-10	3.074932e-10	7.657944e-10	1.961272e-09	5.216471e-09	1.385148e-08	3.329869e-08	6.661101e-08	1.044520e-07	1.275587e-07	1.225116e-07	9.559224e-08	2.256741e-07	6.950779e-07	1.736380e-06	3.483127e-06	5.778402e-06	8.339172e-06	1.162688e-05	1.729649e-05	2.580759e-05	4.982709e-05	
R493	3.010483e-04	4.438535e-04	2.649497e-03	7.891160e-03	1.183392e-02	1.404930e-02	1.356097e-02	1.321506e-02	1.285771e-02	1.067470e-02	8.302468e-03	6.194797e-03	6.980577e-03	1.010972e-02	1.142979e-02	1.059318e-02	8.476881e-03	6.132735e-03	4.150067e-03	2.361950e-03	1.135954e-03	5.146102e-04	2.336265e-04	1.111862e-04	5.734543e-05	3.258153e-05	2.061532e-05	1.470972e-05	1.233181e-05	1.298220e-05	1.964744e-05	4.578715e-05	1.410534e-04	4.569517e-04	1.294796e-03	2.917463e-03	4.966474e-03	6.683337e-03	8.964273e-03	1.438801e-02	1.437878e-02	1.429074e-02	1.453904e-02	1.429008e-02	1.336796e-02	1.183464e-02	9.953663e-03	8.069091e-03	6.989874e-03	3.294168e-02	
R494	3.113368e-28	6.075830e-28	2.762790e-27	6.136165e-27	4.605052e-27	4.115174e-27	4.609126e-27	7.618429e-27	2.568665e-26	3.013406e-25	1.712043e-24	3.262570e-24	6.328440e-24	1.723329e-23	3.224915e-23	4.491534e-23	5.086936e-23	5.090709e-23	4.832620e-23	4.357477e-23	3.722998e-23	3.127605e-23	2.629686e-23	2.232167e-23	1.940794e-23	1.757551e-23	1.717587e-23	1.901883e-23	2.623868e-23	5.087536e-23	1.404602e-22	4.413163e-22	1.387614e-21	4.042021e-21	9.752185e-21	1.853400e-20	2.786353e-20	3.692369e-20	5.853396e-20	1.518566e-19	3.103298e-19	2.016217e-19	5.664330e-20	1.315640e-20	7.589782e-21	9.078217e-21	1.142148e-20	1.334728e-20	1.522456e-20	3.319610e-20	
R495	2.597233e-21	1.117919e-21	2.094428e-21	2.050442e-21	1.044472e-21	4.189466e-22	1.399457e-22	4.445757e-23	1.223364e-23	2.703238e-24	5.677896e-25	1.109437e-25	5.304808e-26	8.808602e-26	1.179997e-25	1.384111e-25	1.485996e-25	1.514884e-25	1.508779e-25	1.340842e-25	1.042732e-25	7.633896e-26	5.449594e-26	3.873724e-26	2.790287e-26	2.064908e-26	1.599555e-26	1.337526e-26	1.309806e-26	1.765716e-26	3.731221e-26	1.080033e-25	3.648763e-25	1.300434e-24	4.387952e-24	1.330598e-23	3.574804e-23	9.140386e-23	3.037440e-22	2.801903e-21	2.783696e-20	1.114703e-19	3.149322e-19	6.973825e-19	1.267025e-18	1.962089e-18	2.704964e-18	3.608942e-18	5.704051e-18	1.529592e-17	
R496	6.896017e-12	6.548829e-12	2.543525e-11	5.477920e-11	6.564345e-11	6.684431e-11	6.184042e-11	6.013348e-11	5.686968e-11	4.943486e-11	4.788251e-11	5.210659e-11	6.222748e-11	1.007310e-10	1.349389e-10	1.582804e-10	1.699316e-10	1.732350e-10	1.725368e-10	1.533323e-10	1.192420e-10	8.729763e-11	6.231899e-11	4.429808e-11	3.190840e-11	2.361331e-11	1.829176e-11	1.529532e-11	1.497832e-11	2.019190e-11	4.266848e-11	1.235075e-10	4.172553e-10	1.487115e-09	5.017855e-09	1.521609e-08	4.087977e-08	1.045251e-07	3.473474e-07	3.204124e-06	3.183303e-05	1.274722e-04	3.601416e-04	7.974938e-04	1.448910e-03	2.243752e-03	3.093270e-03	4.127016e-03	6.522884e-03	1.749170e-02	
R498	2.680310e-36	2.907412e-36	1.074661e-35	3.107723e-35	8.701241e-35	2.273667e-34	5.343324e-34	1.735991e-33	7.745743e-33	4.951884e-32	2.426747e-31	1.343373e-30	6.926763e-30	1.608279e-29	2.680674e-29	3.323028e-29	3.271552e-29	2.704548e-29	1.939275e-29	1.188541e-29	6.203908e-30	2.900636e-30	1.275639e-30	5.652956e-31	2.835738e-31	1.659162e-31	1.044974e-31	6.080167e-32	2.942032e-32	1.112197e-32	3.556603e-33	1.105830e-33	3.590047e-34	1.235825e-34	4.473056e-35	1.650298e-35	5.762537e-36	1.708562e-36	3.773361e-37	4.077895e-38	4.289464e-39	7.993625e-40	1.014587e-40	8.521727e-42	5.740639e-43	4.125015e-44	3.376150e-45	2.792930e-46	2.485612e-47	3.302258e-47	
R499	2.630525e-13	2.961916e-13	1.467502e-12	3.972198e-12	5.516290e-12	6.162096e-12	6.543607e-12	7.643495e-12	7.480729e-12	6.590028e-12	6.014593e-12	1.085188e-11	3.033885e-11	6.621694e-11	1.194492e-10	1.802198e-10	2.360203e-10	2.775421e-10	2.993243e-10	2.787566e-10	2.230377e-10	1.646932e-10	1.191953e-10	9.180010e-11	8.474088e-11	9.767626e-11	1.305960e-10	1.774831e-10	2.287817e-10	2.736308e-10	3.208945e-10	3.884402e-10	4.952074e-10	6.589899e-10	8.914634e-10	1.203743e-09	1.601956e-09	2.145314e-09	3.075599e-09	5.061723e-09	1.060020e-08	2.531533e-08	5.889860e-08	1.217243e-07	2.169053e-07	3.393943e-07	4.946072e-07	7.115228e-07	1.041938e-06	2.677477e-06	
R500	3.799960e-33	3.225304e-33	5.635140e-33	4.077270e-32	1.931841e-31	1.197800e-30	1.027365e-29	1.203631e-28	2.977945e-27	4.388849e-25	3.523405e-23	1.187063e-21	1.100005e-20	3.261030e-20	6.653625e-20	9.854467e-20	1.165415e-19	1.202172e-19	1.166119e-19	1.067392e-19	9.209620e-20	7.787127e-20	6.574843e-20	5.594988e-20	4.868787e-20	4.404310e-20	4.283704e-20	4.673037e-20	6.168655e-20	1.096474e-19	2.821524e-19	8.801847e-19	2.885411e-18	8.991520e-18	2.323421e-17	4.665164e-17	7.182859e-17	9.161871e-17	1.285983e-16	3.824485e-16	9.120995e-16	5.168542e-16	9.388490e-17	1.658915e-17	1.655152e-17	2.295784e-17	2.947765e-17	3.449241e-17	3.749062e-17	9.272750e-17	
R501	9.831986e-01	5.526778e-01	1.109342e+00	1.585664e+00	1.587545e+00	1.403809e+00	1.100039e+00	8.584609e-01	6.526508e-01	4.438772e-01	3.036103e-01	2.277552e-01	2.165872e-01	2.497863e-01	2.586093e-01	2.483891e-01	2.269938e-01	2.014706e-01	1.765300e-01	1.476180e-01	1.170213e-01	9.053287e-02	6.926813e-02	5.285108e-02	4.054364e-02	3.148378e-02	2.495221e-02	2.031728e-02	1.712344e-02	1.495324e-02	1.345560e-02	1.210522e-02	1.070980e-02	9.173496e-03	7.440162e-03	5.727320e-03	4.321997e-03	3.388872e-03	2.887387e-03	2.677162e-03	2.599823e-03	2.521020e-03	2.363414e-03	2.088628e-03	1.715351e-03	1.300619e-03	9.046945e-04	5.678935e-04	3.122668e-04	2.142878e-04	
R502	8.448084e-10	8.779311e-10	3.025506e-09	6.968277e-09	1.046827e-08	1.328787e-08	1.471573e-08	1.626071e-08	1.456650e-08	7.840258e-09	3.067940e-09	1.703030e-09	2.114524e-09	3.424869e-09	5.107845e-09	6.930983e-09	8.917785e-09	1.127168e-08	1.410652e-08	1.604408e-08	1.629133e-08	1.596786e-08	1.635495e-08	1.950468e-08	3.004696e-08	5.697138e-08	1.197148e-07	2.532300e-07	5.271285e-07	1.065944e-06	2.095126e-06	3.872515e-06	6.941608e-06	1.221385e-05	2.030303e-05	3.159542e-05	4.697602e-05	7.054197e-05	1.139095e-04	2.042596e-04	3.996591e-04	7.887928e-04	1.453306e-03	2.372922e-03	3.374844e-03	4.235395e-03	4.838124e-03	5.136602e-03	5.065121e-03	6.742717e-03	
R503	1.374117e-28	5.244389e-29	0.000000e+00	5.583643e-28	2.943904e-27	1.388857e-26	7.316849e-26	6.530712e-25	1.423649e-23	1.232911e-21	6.713966e-20	1.640023e-18	1.064541e-17	2.110185e-17	2.942189e-17	3.023550e-17	2.508988e-17	1.831161e-17	1.264578e-17	8.282573e-18	5.136846e-18	3.135421e-18	1.918864e-18	1.187930e-18	7.550711e-19	5.009494e-19	3.590052e-19	2.900205e-19	2.854817e-19	3.815850e-19	7.374398e-19	1.716888e-18	4.210173e-18	9.942968e-18	1.993434e-17	3.199999e-17	4.082059e-17	4.503992e-17	5.808358e-17	1.531151e-16	3.314410e-16	1.915099e-16	4.002413e-17	7.568009e-18	6.493453e-18	8.592979e-18	1.023671e-17	1.069091e-17	1.005364e-17	1.765392e-17	
R504	3.141319e-04	3.237918e-04	1.358879e-03	3.510365e-03	5.605912e-03	7.638857e-03	9.002205e-03	1.064035e-02	1.266056e-02	1.370082e-02	1.492014e-02	1.718376e-02	2.479488e-02	3.871252e-02	5.017955e-02	5.630824e-02	5.695760e-02	5.370790e-02	4.835753e-02	3.860235e-02	2.713752e-02	1.785997e-02	1.130785e-02	7.001225e-03	4.298254e-03	2.643266e-03	1.646148e-03	1.047727e-03	6.894054e-04	4.677351e-04	3.210531e-04	2.153146e-04	1.401305e-04	8.796150e-05	5.271479e-05	3.097784e-05	1.894371e-05	1.273926e-05	1.016105e-05	1.079871e-05	9.703970e-06	9.204095e-06	9.400727e-06	9.860142e-06	1.043703e-05	1.104046e-05	1.166816e-05	1.243236e-05	1.451669e-05	7.817065e-05	
R505	1.723395e-04	1.997583e-03	2.073262e-02	1.004561e-01	2.530562e-01	4.625208e-01	6.648307e-01	9.615055e-01	7.876239e-01	1.967159e-01	5.512384e-02	2.916952e-02	2.692526e-02	2.776770e-02	2.376370e-02	1.807759e-02	1.288996e-02	8.928725e-03	6.151921e-03	3.763926e-03	2.007484e-03	1.011601e-03	4.978954e-04	2.438529e-04	1.207148e-04	6.111860e-05	3.205102e-05	1.760118e-05	1.029705e-05	6.560863e-06	4.627820e-06	3.490139e-06	2.717504e-06	2.127087e-06	1.640578e-06	1.294424e-06	1.157550e-06	1.357647e-06	2.484844e-06	1.272849e-05	9.510262e-05	2.399624e-04	3.254835e-04	3.027767e-04	2.249558e-04	1.453883e-04	8.613555e-05	4.846484e-05	2.725298e-05	2.404241e-05	
R506	3.980377e-41	2.092532e-41	1.431196e-40	5.130908e-40	9.353319e-40	1.382673e-39	1.689822e-39	2.596878e-39	5.769922e-39	6.087159e-38	4.571375e-36	1.153247e-34	7.729506e-34	3.503628e-33	1.065291e-32	2.462740e-32	4.830010e-32	8.729111e-32	1.522025e-31	2.373626e-31	3.267587e-31	4.326993e-31	5.838923e-31	8.697432e-31	1.721456e-30	5.404848e-30	2.551637e-29	1.463156e-28	9.235883e-28	5.944592e-27	3.622585e-26	1.947506e-25	1.040814e-24	6.132755e-24	3.838674e-23	2.380133e-22	1.335070e-21	5.884106e-21	1.824868e-20	5.124975e-20	2.888873e-19	1.271028e-18	2.529796e-18	2.967895e-18	3.254001e-18	3.567286e-18	3.662832e-18	3.522462e-18	3.345071e-18	5.040536e-18	
R507	1.618443e-43	7.236349e-44	4.261923e-43	1.299339e-42	1.985934e-42	2.422122e-42	2.397708e-42	2.922003e-42	5.023493e-42	3.984745e-41	2.175270e-39	3.832029e-38	2.120295e-37	9.662276e-37	2.937850e-36	6.791724e-36	1.332016e-35	2.407307e-35	4.197429e-35	6.545965e-35	9.011324e-35	1.193294e-34	1.610253e-34	2.398571e-34	4.747416e-34	1.490544e-33	7.036884e-33	4.035080e-32	2.547064e-31	1.639395e-30	9.990336e-30	5.370815e-29	2.870349e-28	1.691286e-27	1.058626e-26	6.563909e-26	3.681845e-25	1.622714e-24	5.032606e-24	1.413361e-23	7.966911e-23	3.505230e-22	6.976651e-22	8.184837e-22	8.973855e-22	9.837832e-22	1.010133e-21	9.714215e-22	9.225010e-22	1.390075e-21	
R509	5.263309e-36	4.492554e-35	9.595925e-35	1.460266e-34	3.269650e-34	7.657111e-34	1.827567e-33	5.045137e-33	1.780278e-32	1.008841e-31	4.520242e-31	1.237466e-30	2.056192e-30	3.994179e-30	6.455191e-30	8.963764e-30	1.103024e-29	1.245138e-29	1.323251e-29	1.324713e-29	1.250079e-29	1.137847e-29	1.009306e-29	8.735148e-30	7.465279e-30	6.312924e-30	5.323953e-30	4.451299e-30	3.637411e-30	2.845097e-30	2.195143e-30	1.787344e-30	1.750115e-30	2.637346e-30	6.279352e-30	1.720841e-29	4.166633e-29	7.549520e-29	9.090467e-29	7.885539e-29	2.304998e-28	6.390459e-28	6.715820e-28	3.180173e-28	1.431604e-28	1.274084e-28	1.594607e-28	2.052251e-28	2.743571e-28	9.399107e-28	
R512	7.952702e+03	4.452331e+03	8.903431e+03	1.267488e+04	1.263414e+04	1.111833e+04	8.666663e+03	6.724299e+03	5.079550e+03	3.430188e+03	2.327663e+03	1.730567e+03	1.637913e+03	1.889327e+03	1.956182e+03	1.879004e+03	1.717291e+03	1.524342e+03	1.335788e+03	1.117163e+03	8.857533e+02	6.853924e+02	5.245290e+02	4.003225e+02	3.072006e+02	2.386460e+02	1.892247e+02	1.541600e+02	1.300102e+02	1.136196e+02	1.023341e+02	9.216573e+01	8.165905e+01	7.008706e+01	5.700632e+01	4.405891e+01	3.343627e+01	2.642628e+01	2.276779e+01	2.143628e+01	2.124251e+01	2.117038e+01	2.061675e+01	1.922108e+01	1.701391e+01	1.431533e+01	1.152154e+01	8.971214e+00	7.033359e+00	8.588118e+00	
R513	3.961819e-22	1.253386e-21	2.057392e-20	1.590299e-19	5.371684e-19	1.383990e-18	2.797143e-18	6.501189e-18	1.597739e-17	3.412543e-17	1.117222e-16	1.117977e-15	3.054489e-14	1.784686e-13	4.453395e-13	5.966877e-13	5.540451e-13	4.271525e-13	3.105656e-13	2.163884e-13	1.467824e-13	1.022559e-13	7.480696e-14	5.803108e-14	4.828409e-14	4.359809e-14	4.389895e-14	5.117160e-14	7.272736e-14	1.234006e-13	2.178305e-13	3.301307e-13	4.196206e-13	4.442146e-13	3.776548e-13	2.716402e-13	1.923338e-13	1.658534e-13	1.987130e-13	3.222949e-13	6.155764e-13	1.197243e-12	2.171545e-12	3.455435e-12	4.708084e-12	5.514325e-12	5.658045e-12	5.256621e-12	5.057561e-12	1.676532e-11	
R515	6.851186e-28	2.048362e-28	2.320817e-28	1.794297e-28	9.252371e-29	3.982746e-29	1.436322e-29	5.778157e-30	2.815701e-30	1.261048e-30	4.414981e-31	1.236906e-31	7.910167e-32	1.289180e-31	1.761062e-31	2.160281e-31	2.469547e-31	2.710673e-31	2.912239e-31	2.979287e-31	2.879273e-31	2.714646e-31	2.527550e-31	2.329047e-31	2.153431e-31	2.006616e-31	1.908227e-31	1.858335e-31	1.870258e-31	1.947484e-31	2.093200e-31	2.251612e-31	2.418178e-31	2.585042e-31	2.683037e-31	2.698502e-31	2.698056e-31	2.815470e-31	3.179298e-31	3.879614e-31	4.893191e-31	6.007955e-31	6.782152e-31	6.817248e-31	6.227933e-31	5.313214e-31	4.304727e-31	3.363144e-31	2.641551e-31	3.228990e-31	
R516	1.295092e-24	5.007362e-25	7.212055e-25	7.250213e-25	4.987768e-25	2.949681e-25	1.511536e-25	8.983485e-26	6.767309e-26	4.941047e-26	3.003129e-26	1.574458e-26	1.410021e-26	2.276539e-26	3.109828e-26	3.814802e-26	4.360929e-26	4.786729e-26	5.142670e-26	5.261071e-26	5.084456e-26	4.793745e-26	4.463356e-26	4.112823e-26	3.802705e-26	3.543447e-26	3.369704e-26	3.281600e-26	3.302656e-26	3.439027e-26	3.696344e-26	3.976082e-26	4.270218e-26	4.564880e-26	4.737927e-26	4.765237e-26	4.764449e-26	4.971789e-26	5.614266e-26	6.850941e-26	8.640798e-26	1.060934e-25	1.197648e-25	1.203846e-25	1.099780e-25	9.382511e-26	7.601641e-26	5.938916e-26	4.664667e-26	5.702015e-26	
R517	1.866214e-24	1.038315e-24	2.071862e-24	2.953295e-24	2.959757e-24	2.631628e-24	2.085249e-24	1.668283e-24	1.344512e-24	1.031027e-24	8.448741e-25	7.876313e-25	9.188366e-25	1.258609e-24	1.542883e-24	1.746791e-24	1.877897e-24	1.964016e-24	2.031773e-24	2.017790e-24	1.907250e-24	1.770017e-24	1.631894e-24	1.497479e-24	1.385895e-24	1.299179e-24	1.249664e-24	1.238250e-24	1.277298e-24	1.376905e-24	1.556064e-24	1.799471e-24	2.148696e-24	2.667580e-24	3.348948e-24	4.203645e-24	5.338754e-24	7.102322e-24	1.018471e-23	1.573600e-23	2.504321e-23	3.543819e-23	3.796690e-23	3.169202e-23	2.330067e-23	1.626340e-23	1.112519e-23	7.622115e-24	5.474269e-24	6.397150e-24	
R519	2.375773e-18	1.676517e-18	4.225839e-18	7.920646e-18	1.059661e-17	1.271681e-17	1.387750e-17	1.989933e-17	3.849124e-17	7.326140e-17	1.300647e-16	1.659883e-16	2.023196e-16	2.657940e-16	2.661253e-16	2.251753e-16	1.730220e-16	1.263743e-16	8.968774e-17	5.598398e-17	3.038373e-17	1.557667e-17	7.845065e-18	3.983850e-18	2.118290e-18	1.208901e-18	7.560179e-19	5.146170e-19	3.731811e-19	2.763128e-19	2.003585e-19	1.371739e-19	9.022016e-20	5.865934e-20	3.831831e-20	2.600993e-20	1.884803e-20	1.408137e-20	9.844618e-21	6.283213e-21	5.071683e-21	3.412842e-21	1.194739e-21	3.456804e-22	1.547439e-22	9.523161e-23	7.258318e-23	6.908238e-23	7.947866e-23	2.318596e-22	
R520	7.182082e-28	5.329735e-28	4.391549e-27	1.841329e-26	4.159911e-26	8.023836e-26	1.354942e-25	3.338971e-25	1.206221e-24	4.179477e-24	1.550397e-23	6.426266e-23	1.895814e-22	3.697582e-22	5.612317e-22	7.000956e-22	7.647819e-22	7.716921e-22	7.470861e-22	6.543587e-22	5.110429e-22	3.784034e-22	2.726801e-22	1.932789e-22	1.376734e-22	9.947318e-23	7.412312e-23	5.705170e-23	4.541303e-23	3.674684e-23	2.971664e-23	2.299498e-23	1.716605e-23	1.254114e-23	8.911462e-24	6.358223e-24	4.768139e-24	3.815212e-24	3.146430e-24	2.667928e-24	3.041515e-24	2.794579e-24	1.151455e-24	2.263795e-25	3.061247e-26	4.178261e-27	5.858354e-28	7.555446e-29	1.155679e-29	1.136532e-29	
R521	2.444376e-45	4.563606e-44	2.699813e-42	1.859185e-40	1.393520e-38	3.768336e-37	5.749958e-36	1.504829e-34	1.417323e-32	4.312542e-30	6.059183e-28	3.490321e-26	8.066730e-25	2.647000e-24	4.441565e-24	4.488512e-24	3.265435e-24	1.942056e-24	1.024138e-24	4.968604e-25	2.242786e-25	9.615439e-26	3.968333e-26	1.597270e-26	6.503827e-27	2.767227e-27	1.281982e-27	6.496677e-28	3.447539e-28	1.692594e-28	7.056307e-29	2.459074e-29	7.529455e-30	2.047925e-30	4.788354e-31	9.400751e-32	1.504877e-32	1.840018e-33	1.453487e-34	4.347251e-36	8.416325e-38	1.456230e-39	1.288731e-41	8.237644e-44	4.879480e-46	2.973230e-48	2.130466e-50	1.897124e-52	2.351969e-54	2.976827e-54	
R522	1.785206e-18	2.417247e-18	2.207124e-17	1.551500e-16	1.038227e-15	6.839350e-15	3.887689e-14	2.904917e-13	4.355555e-12	1.439459e-10	2.660592e-09	3.360651e-08	3.533776e-07	1.183809e-06	2.376105e-06	3.296042e-06	3.650760e-06	3.564630e-06	3.271709e-06	2.787395e-06	2.223648e-06	1.733725e-06	1.356047e-06	1.091542e-06	9.362183e-07	8.889140e-07	9.759517e-07	1.269286e-06	1.942186e-06	3.225076e-06	5.205801e-06	7.352470e-06	9.092743e-06	9.752895e-06	8.645233e-06	6.276538e-06	3.858934e-06	2.141551e-06	1.093078e-06	4.647380e-07	1.548990e-07	3.061242e-08	2.587711e-09	1.388758e-10	1.786789e-11	4.281863e-12	1.082338e-12	2.487827e-13	6.672780e-14	2.379637e-13	
R523	6.503222e-22	1.174786e-21	4.816604e-21	1.231065e-20	2.082115e-20	3.035986e-20	4.006411e-20	7.914450e-20	2.034331e-19	4.112496e-19	3.251506e-19	6.337592e-20	3.010127e-20	3.432723e-20	3.347246e-20	2.984815e-20	2.540788e-20	2.135708e-20	1.813094e-20	1.436550e-20	1.044745e-20	7.457153e-21	5.363047e-21	3.917867e-21	2.955564e-21	2.313255e-21	1.903088e-21	1.652528e-21	1.534941e-21	1.486017e-21	1.372096e-21	1.079418e-21	7.445011e-22	4.760714e-22	2.882677e-22	1.730090e-22	1.084192e-22	7.331154e-23	5.481361e-23	6.643507e-23	2.043603e-22	4.671157e-22	4.646655e-22	2.662348e-22	1.172092e-22	4.649747e-23	1.760708e-23	6.262449e-24	1.991227e-24	9.120235e-25	
R524	2.064168e-36	7.909608e-36	2.444373e-35	1.030312e-34	1.230718e-33	1.734082e-32	2.393064e-31	4.251894e-30	1.397933e-28	1.185709e-26	7.581959e-25	2.622313e-23	2.145013e-22	4.367100e-22	6.635155e-22	7.784779e-22	7.526146e-22	6.358024e-22	4.906783e-22	3.681162e-22	2.686566e-22	1.875899e-22	1.244057e-22	7.773661e-23	4.616039e-23	2.602595e-23	1.398612e-23	7.013032e-24	3.111963e-24	1.115706e-24	3.207766e-25	8.133979e-26	1.945319e-26	4.405607e-27	9.250766e-28	1.720280e-28	2.638519e-29	3.012316e-30	2.041287e-31	2.757604e-33	1.885629e-35	5.576410e-37	1.539907e-38	3.780039e-40	1.004880e-41	2.979051e-43	9.619296e-44	0.000000e+00	5.692377e-44	0.000000e+00	
R525	3.141303e-31	2.720364e-31	5.100975e-31	1.778449e-30	1.962868e-29	3.286028e-28	7.263443e-27	1.959007e-25	1.355248e-23	8.653982e-21	2.393177e-18	2.102595e-16	3.824494e-15	1.251733e-14	2.884980e-14	4.909469e-14	6.753952e-14	8.153325e-14	9.263640e-14	1.095968e-13	1.369549e-13	1.757650e-13	2.297904e-13	3.049856e-13	4.132600e-13	5.758150e-13	8.399171e-13	1.288015e-12	2.015250e-12	2.893858e-12	3.538910e-12	3.625671e-12	3.213046e-12	2.406605e-12	1.424042e-12	6.348936e-13	2.114942e-13	5.449431e-14	1.026243e-14	7.296539e-16	2.415104e-17	1.218858e-18	3.958706e-20	1.038255e-21	7.777238e-23	1.232967e-23	2.238026e-24	3.647549e-25	5.064557e-26	2.963180e-25	
R526	1.201128e-14	9.159793e-15	8.753389e-14	4.495841e-13	1.209103e-12	2.729607e-12	5.258326e-12	1.104419e-11	2.454130e-11	4.948329e-11	1.168333e-10	3.942025e-10	1.290138e-09	3.322141e-09	7.013874e-09	1.274474e-08	2.096520e-08	3.253212e-08	4.919924e-08	6.777241e-08	8.390366e-08	9.893958e-08	1.141215e-07	1.309138e-07	1.518258e-07	1.804454e-07	2.234237e-07	2.920467e-07	4.090725e-07	6.153012e-07	9.830102e-07	1.570335e-06	2.427718e-06	3.522094e-06	4.588888e-06	5.398398e-06	6.123069e-06	7.532557e-06	1.101157e-05	1.922392e-05	3.717842e-05	7.272318e-05	1.358289e-04	2.325107e-04	3.587830e-04	5.002212e-04	6.381413e-04	7.619631e-04	9.223440e-04	2.708316e-03	
R527	1.544591e-05	4.515880e-05	9.065833e-05	1.790319e-04	4.171947e-04	1.077502e-03	3.747755e-03	1.177374e-02	2.045696e-02	3.113741e-02	5.797214e-02	1.333108e-01	1.568130e-01	1.608957e-01	1.767471e-01	1.989137e-01	2.208992e-01	2.379760e-01	2.481723e-01	2.430380e-01	2.196628e-01	1.870748e-01	1.527290e-01	1.214091e-01	9.545229e-02	7.513800e-02	5.991465e-02	4.877918e-02	4.082023e-02	3.509447e-02	3.082771e-02	2.696602e-02	2.320471e-02	1.946036e-02	1.571036e-02	1.229379e-02	9.594482e-03	7.846394e-03	6.985508e-03	6.753329e-03	6.790114e-03	6.804813e-03	6.630922e-03	6.177251e-03	5.463216e-03	4.593307e-03	3.694841e-03	2.875930e-03	2.253560e-03	2.734607e-03	
R528	1.379943e-04	1.715145e-04	1.222407e-04	9.714644e-05	1.556681e-04	4.097575e-04	1.779076e-03	5.842394e-03	8.469505e-03	1.515851e-02	5.211706e-02	2.122368e-01	4.349310e-01	5.870363e-01	6.851652e-01	7.021533e-01	6.470380e-01	5.462985e-01	4.285999e-01	2.939037e-01	1.728207e-01	9.133726e-02	4.485668e-02	2.118634e-02	1.010206e-02	5.263147e-03	3.416492e-03	3.107939e-03	3.853645e-03	5.500630e-03	7.818894e-03	9.999658e-03	1.143340e-02	1.154325e-02	9.866269e-03	7.091388e-03	4.413546e-03	2.515340e-03	1.332256e-03	6.029841e-04	2.400116e-04	1.052307e-04	9.226441e-05	1.084879e-04	1.189411e-04	1.180068e-04	1.071696e-04	9.112968e-05	7.867772e-05	1.624013e-04	
R533	1.621748e+03	8.474437e+03	5.309038e+03	4.657773e+03	7.356164e+03	1.412342e+04	3.970656e+04	8.195155e+04	7.859337e+04	6.567710e+04	5.787078e+04	4.482030e+04	2.023500e+04	1.027942e+04	5.475032e+03	3.023798e+03	1.659024e+03	8.725902e+02	4.290582e+02	1.840656e+02	6.711260e+01	2.149107e+01	6.210718e+00	1.661526e+00	4.202155e-01	1.018237e-01	2.376723e-02	5.348055e-03	1.160045e-03	2.470053e-04	5.574927e-05	1.537946e-05	5.338199e-06	2.110025e-06	8.384962e-07	3.113234e-07	1.036045e-07	3.001889e-08	7.365362e-09	1.498877e-09	2.749976e-10	6.322245e-11	2.356301e-11	1.075224e-11	5.154836e-12	2.569850e-12	1.352231e-12	7.653921e-13	4.914330e-13	9.514599e-13	
R534	9.963793e-42	1.497605e-42	5.355287e-44	1.869466e-45	8.190973e-47	3.190835e-48	1.283381e-49	3.911592e-51	5.448947e-53	4.152517e-55	1.652262e-57	2.345764e-60	3.736219e-62	2.687607e-62	1.965766e-62	1.528437e-62	1.199216e-62	9.242882e-63	6.900439e-63	5.047815e-63	3.575330e-63	2.439471e-63	1.608315e-63	1.025584e-63	6.402839e-64	3.917526e-64	2.357024e-64	1.379845e-64	7.746000e-65	4.083162e-65	2.008726e-65	9.420386e-66	4.405502e-66	2.162340e-66	1.167917e-66	7.157666e-67	4.858284e-67	3.264677e-67	1.900274e-67	9.460487e-68	5.654790e-68	2.668556e-68	5.873967e-69	6.709990e-70	5.853226e-71	5.724519e-72	6.287631e-73	6.780621e-74	8.564583e-75	2.865756e-75	
R535	1.842715e-19	1.271929e-18	9.223453e-19	1.164087e-18	4.770707e-18	2.673867e-17	2.134928e-16	1.835637e-15	1.503874e-14	1.937990e-13	2.138878e-12	1.406764e-11	2.463518e-11	2.025471e-11	1.662530e-11	1.314077e-11	9.774565e-12	6.796126e-12	4.412698e-12	2.819272e-12	1.755910e-12	1.032706e-12	5.678540e-13	2.901028e-13	1.388791e-13	6.223566e-14	2.612359e-14	1.008005e-14	3.442189e-15	9.938903e-16	2.484686e-16	5.906811e-17	1.410686e-17	3.476737e-18	9.054680e-19	2.465062e-19	6.551132e-20	1.474125e-20	2.286234e-21	1.425127e-22	7.127098e-24	5.906663e-25	3.101518e-26	1.190162e-27	4.334229e-29	2.027391e-30	1.168003e-31	6.738497e-33	4.077500e-34	2.343989e-34	
R536	1.874271e-12	4.569411e-12	2.285429e-12	2.773417e-12	1.271334e-11	1.063663e-10	1.929384e-09	3.828266e-08	8.591718e-07	1.107219e-04	7.545386e-03	1.882900e-01	7.719091e-01	9.747503e-01	1.221111e+00	1.426234e+00	1.536141e+00	1.545224e+00	1.488076e+00	1.506052e+00	1.609837e+00	1.742935e+00	1.894554e+00	2.067407e+00	2.281150e+00	2.567091e+00	2.997326e+00	3.669182e+00	4.667217e+00	5.816296e+00	6.690403e+00	6.825832e+00	6.301438e+00	5.294019e+00	3.969098e+00	2.630848e+00	1.535796e+00	7.863466e-01	3.408219e-01	1.121837e-01	2.718454e-02	3.842537e-03	2.367743e-04	9.685651e-06	1.001873e-06	2.030324e-07	4.517828e-08	9.204967e-09	1.789213e-09	2.603892e-09	
R537	2.206885e-21	8.531706e-21	3.867953e-21	6.038278e-21	6.814847e-20	1.563832e-18	7.608465e-17	3.817067e-15	2.627758e-13	1.656082e-10	4.873916e-08	4.090293e-06	3.202129e-05	4.155076e-05	4.982853e-05	5.251814e-05	4.877464e-05	4.087865e-05	3.202710e-05	2.693766e-05	2.457503e-05	2.277815e-05	2.107789e-05	1.938590e-05	1.780759e-05	1.643379e-05	1.543765e-05	1.474497e-05	1.378304e-05	1.131277e-05	7.606655e-06	4.267309e-06	2.104921e-06	9.113719e-07	3.341508e-07	9.909752e-08	2.271390e-08	3.890628e-09	4.462109e-10	1.756846e-11	3.023173e-13	7.816954e-15	1.324574e-16	1.890590e-18	8.116764e-20	7.759897e-21	8.881474e-22	9.435968e-23	8.481228e-24	2.050665e-23	
R538	5.347764e-25	2.127059e-24	2.516731e-24	3.488946e-24	7.320467e-24	2.421948e-23	1.725790e-22	3.375997e-21	8.001885e-20	3.656180e-18	2.315588e-16	7.288974e-15	1.657991e-14	1.494320e-14	1.255649e-14	9.398846e-15	6.102340e-15	3.410617e-15	1.632198e-15	6.632416e-16	2.248951e-16	6.548571e-17	1.798248e-17	5.825307e-18	3.083494e-18	2.780381e-18	3.833773e-18	7.782868e-18	2.099121e-17	6.077253e-17	1.640047e-16	3.803943e-16	8.036119e-16	1.589474e-15	2.795869e-15	4.221674e-15	5.348884e-15	5.653986e-15	4.849162e-15	3.116093e-15	1.502191e-15	6.118984e-16	2.946648e-16	1.260225e-16	4.078747e-17	1.125677e-17	2.567456e-18	4.545500e-19	9.966790e-20	1.354789e-19	
R540	8.532295e-55	5.423221e-55	3.608716e-55	4.328436e-55	1.199148e-54	5.004055e-54	3.128709e-53	2.918560e-52	9.929825e-51	5.322347e-48	5.233912e-45	4.223467e-42	1.995809e-40	1.343592e-39	6.428245e-39	2.160789e-38	5.472224e-38	1.129906e-37	2.017562e-37	3.102285e-37	4.069239e-37	4.780517e-37	5.475593e-37	7.546639e-37	1.804646e-36	9.181270e-36	1.095418e-34	2.704550e-33	1.030089e-31	4.282705e-30	1.582094e-28	4.493072e-27	1.099915e-25	2.467475e-24	4.638030e-23	6.914365e-22	8.107547e-21	1.398812e-19	5.714144e-18	1.129780e-16	3.563786e-16	1.679411e-16	2.280153e-17	1.656909e-18	2.611982e-19	7.206666e-20	2.015791e-20	4.908099e-21	1.113654e-21	1.876965e-21	
R541	2.408430e-19	6.582067e-19	1.586794e-19	7.505692e-20	1.957676e-19	1.027691e-18	9.337367e-18	7.579529e-17	4.628959e-16	6.188505e-15	1.096400e-13	1.090690e-12	3.058794e-12	3.316046e-12	2.891920e-12	2.081430e-12	1.284715e-12	7.000548e-13	3.419610e-13	1.529824e-13	6.198910e-14	2.262471e-14	7.483693e-15	2.271593e-15	6.595297e-16	1.956135e-16	6.684269e-17	2.881869e-17	1.458158e-17	6.990142e-18	2.827804e-18	9.828677e-19	3.118913e-19	9.253859e-20	2.551607e-20	6.380387e-21	1.352248e-21	2.120482e-22	1.956519e-23	5.709727e-25	1.130425e-26	4.098662e-28	1.936459e-29	9.379207e-31	4.234180e-32	2.337183e-33	1.520175e-34	9.581166e-36	6.387785e-37	6.246315e-37	
R542	7.646956e-61	1.357486e-60	1.293260e-60	1.591413e-60	3.883594e-60	1.068226e-59	2.888211e-59	1.144910e-58	1.391591e-57	7.281685e-56	1.128959e-53	2.329585e-51	4.627148e-50	2.029085e-49	6.360725e-49	1.446913e-48	2.530638e-48	3.611704e-48	4.348163e-48	4.220640e-48	3.225770e-48	2.058592e-48	1.192781e-48	7.696254e-49	7.985000e-49	1.617710e-48	6.938706e-48	5.399930e-47	5.521426e-46	5.318755e-45	4.270230e-44	2.825795e-43	1.789574e-42	1.177712e-41	7.689795e-41	4.708518e-40	2.513462e-39	1.905810e-38	2.785763e-37	1.043080e-36	6.790507e-37	1.876209e-37	2.170720e-38	1.479707e-39	8.212385e-41	5.230056e-42	3.787562e-43	2.611283e-44	1.844515e-45	1.227972e-45	
R543	2.320462e+03	3.746581e+03	1.129704e+03	4.333643e+02	3.940299e+02	5.952686e+02	1.494819e+03	2.594606e+03	1.877114e+03	1.665353e+03	2.413062e+03	3.025809e+03	2.585937e+03	2.119552e+03	1.518833e+03	9.612114e+02	5.446634e+02	2.794484e+02	1.305280e+02	5.186945e+01	1.731932e+01	5.108630e+00	1.377164e+00	3.510673e-01	8.861399e-02	2.388836e-02	7.799486e-03	3.454732e-03	2.012296e-03	1.295599e-03	7.912432e-04	4.248271e-04	2.044823e-04	8.932347e-05	3.511752e-05	1.260850e-05	4.230866e-06	1.318088e-06	3.809104e-07	1.049498e-07	1.941050e-08	4.126639e-09	1.978561e-09	1.425501e-09	1.072070e-09	8.070079e-10	6.071600e-10	4.607074e-10	3.836828e-10	1.452378e-09	
R544	2.590378e-16	1.777960e-16	2.157770e-17	6.976342e-18	1.404333e-17	7.340019e-17	9.720867e-16	1.117361e-14	1.089221e-13	7.987824e-12	4.464065e-10	7.909575e-09	3.467956e-08	5.839555e-08	7.772558e-08	8.266542e-08	7.388094e-08	5.824436e-08	4.219777e-08	2.990451e-08	2.079635e-08	1.397267e-08	9.136468e-09	5.923749e-09	3.964088e-09	2.952520e-09	2.806384e-09	3.838601e-09	7.234690e-09	1.496877e-08	2.786263e-08	4.156134e-08	5.098056e-08	5.156185e-08	4.092837e-08	2.491764e-08	1.160020e-08	4.139104e-09	1.067291e-09	1.644688e-10	1.577767e-11	9.756856e-13	5.409542e-14	2.793063e-15	3.581477e-16	8.564710e-17	2.151649e-17	4.789272e-18	1.025676e-18	2.539120e-18	
R545	7.696092e-23	9.993389e-23	1.293954e-23	6.421532e-24	3.856525e-23	6.817931e-22	3.047269e-20	1.140355e-18	4.509818e-17	2.207044e-14	7.541323e-12	6.646560e-10	6.858330e-09	1.179810e-08	1.503258e-08	1.442743e-08	1.111839e-08	7.303075e-09	4.304559e-09	2.535147e-09	1.504686e-09	8.654930e-10	4.817758e-10	2.632711e-10	1.466699e-10	8.958513e-11	6.850794e-11	7.311296e-11	1.012637e-10	1.379924e-10	1.501448e-10	1.231501e-10	8.071373e-11	4.207124e-11	1.633134e-11	4.448572e-12	8.131494e-13	9.706412e-14	6.622808e-15	1.220771e-16	8.316308e-19	9.407540e-21	1.434329e-22	2.584020e-24	1.375242e-25	1.551493e-26	2.004811e-27	2.326914e-28	2.304378e-29	9.477670e-29	
R546	1.005915e-25	2.700330e-24	2.514195e-23	6.729341e-23	9.543443e-23	1.181279e-22	2.961477e-22	7.807452e-21	2.418666e-19	3.089709e-17	6.046504e-15	3.734675e-13	1.948288e-12	3.042582e-12	3.662878e-12	3.474748e-12	2.710159e-12	1.799743e-12	1.034640e-12	5.099083e-13	2.141792e-13	7.971564e-14	2.881505e-14	1.258298e-14	9.125641e-15	1.123220e-14	2.068718e-14	5.506901e-14	1.996764e-13	8.159167e-13	3.227318e-12	1.106766e-11	3.475051e-11	1.024451e-10	2.646471e-10	5.717357e-10	1.011123e-09	1.477780e-09	1.755505e-09	1.551793e-09	1.062721e-09	7.257816e-10	8.521821e-10	1.114556e-09	1.134274e-09	9.329489e-10	6.331938e-10	3.562422e-10	2.313228e-10	6.869531e-10	
R547	1.562737e-22	2.330204e-22	2.543102e-22	2.109288e-22	1.202208e-22	6.497222e-23	8.256823e-23	7.933884e-22	3.747375e-21	5.774224e-20	2.581018e-18	9.723038e-17	4.498703e-16	1.013784e-15	2.323465e-15	4.939578e-15	9.458943e-15	1.638288e-14	2.609742e-14	3.746747e-14	4.745357e-14	5.401020e-14	5.604488e-14	5.426314e-14	5.355167e-14	6.832051e-14	1.555981e-13	6.504460e-13	4.038452e-12	2.801437e-11	1.782825e-10	9.093578e-10	3.952281e-09	1.499192e-08	4.528975e-08	1.007379e-07	1.555167e-07	1.645037e-07	1.155486e-07	5.256821e-08	5.310301e-08	6.452725e-08	1.086099e-07	1.665609e-07	1.704800e-07	1.282251e-07	8.011950e-08	4.544421e-08	2.719739e-08	4.385262e-08	
R548	2.101590e-09	1.442701e-09	6.898359e-10	2.146879e-10	4.950278e-11	1.077544e-11	4.679912e-12	1.385135e-11	2.580857e-11	1.566520e-10	2.358702e-09	2.770943e-08	6.119290e-08	6.566624e-08	6.397148e-08	5.457589e-08	4.079617e-08	2.705658e-08	1.614910e-08	8.730435e-09	4.208162e-09	1.807317e-09	6.973873e-10	2.471235e-10	8.768087e-11	3.942909e-11	3.082071e-11	4.259414e-11	8.228295e-11	1.676728e-10	3.175060e-10	5.382657e-10	8.641588e-10	1.311586e-09	1.719021e-09	1.786460e-09	1.382949e-09	7.873386e-10	3.174290e-10	8.403171e-11	5.665230e-11	5.288069e-11	7.264630e-11	9.507767e-11	8.602310e-11	5.886470e-11	3.433086e-11	1.850893e-11	1.052680e-11	1.591394e-11	
R549	3.560651e-32	6.636275e-33	3.689682e-33	1.210955e-33	2.375189e-34	3.915662e-35	1.081246e-35	2.222527e-35	3.894266e-35	9.316843e-34	3.000033e-31	2.243480e-29	1.189302e-28	2.302664e-28	3.228749e-28	3.481580e-28	3.106424e-28	2.436490e-28	1.736172e-28	1.094600e-28	6.013294e-29	3.031277e-29	1.484664e-29	7.774893e-30	5.413355e-30	6.399208e-30	1.368717e-29	4.758814e-29	2.336510e-28	1.247467e-27	5.780137e-27	2.056921e-26	6.635443e-26	2.234786e-25	7.626323e-25	2.456566e-24	6.802576e-24	1.397693e-23	1.819620e-23	1.733773e-23	2.790899e-23	3.721332e-23	4.073185e-23	3.117723e-23	1.864252e-23	9.690581e-24	4.162154e-24	1.450606e-24	5.250906e-25	6.195389e-25	
R551	1.540291e-15	3.044363e-16	9.957835e-17	2.636695e-17	7.228026e-18	1.850933e-18	7.490827e-19	2.100414e-18	6.090308e-18	9.565243e-17	1.320117e-15	6.907453e-15	2.009088e-14	2.960130e-14	2.739986e-14	1.772830e-14	8.933314e-15	3.785522e-15	1.419914e-15	4.890557e-16	1.556926e-16	4.621005e-17	1.311857e-17	3.712448e-18	1.120119e-18	4.004231e-19	1.991772e-19	1.570667e-19	1.869376e-19	2.574918e-19	3.160266e-19	2.954531e-19	2.205505e-19	1.352167e-19	6.534723e-20	2.464699e-20	7.480891e-21	1.935424e-21	4.146839e-22	5.981706e-23	5.693518e-24	3.410026e-25	1.585189e-26	5.550499e-28	3.894726e-29	4.425488e-30	4.679298e-31	3.897982e-32	3.985219e-33	1.112805e-32	
R552	1.165736e-38	8.126398e-40	2.950629e-41	9.667697e-43	4.419905e-44	1.740564e-45	9.744428e-47	3.141708e-47	7.779666e-48	6.097429e-48	4.667599e-48	9.834982e-49	2.754394e-49	2.611398e-49	1.899774e-49	1.130851e-49	5.668598e-50	2.463746e-50	9.480707e-51	3.444447e-51	1.172661e-51	3.635227e-52	1.025035e-52	2.656748e-53	6.599751e-54	1.681237e-54	4.964602e-55	1.864872e-55	8.291046e-56	3.474203e-56	1.201070e-56	3.451659e-57	8.939427e-58	2.178527e-58	4.992166e-59	1.061438e-59	2.023923e-60	3.193732e-61	3.414144e-62	1.303883e-63	3.581813e-65	1.755913e-66	9.718556e-68	4.470988e-69	1.549327e-70	5.698317e-72	2.177845e-73	6.985257e-75	2.488898e-76	2.710894e-76	
R553	4.813539e-17	7.411163e-18	4.719778e-19	3.173837e-20	3.103719e-21	2.792761e-22	4.245625e-23	3.208803e-23	1.166430e-23	1.378458e-23	2.200705e-23	1.540672e-23	7.250043e-24	7.033370e-24	6.196741e-24	4.911529e-24	3.462228e-24	2.182263e-24	1.246923e-24	6.874362e-25	3.645975e-25	1.810732e-25	8.477126e-26	3.825961e-26	1.735617e-26	8.539604e-27	5.186399e-27	4.363340e-27	4.900086e-27	5.991976e-27	6.637111e-27	5.982557e-27	4.532739e-27	2.940091e-27	1.571006e-27	6.708453e-28	2.272596e-28	6.253364e-29	1.290639e-29	1.021279e-30	4.057726e-32	4.249676e-33	1.142420e-33	4.286425e-34	1.478281e-34	4.673715e-35	1.330250e-35	3.159343e-36	6.958428e-37	1.736806e-36	
R554	9.357031e-17	1.553877e-15	4.406033e-15	1.118469e-14	2.892554e-14	8.648667e-14	3.382820e-13	2.073214e-12	1.555016e-11	2.314232e-10	1.666725e-08	1.438292e-06	4.981130e-06	3.703492e-06	2.922553e-06	2.182127e-06	1.484063e-06	9.200059e-07	5.314083e-07	3.152632e-07	1.889599e-07	1.114054e-07	6.756907e-08	4.522527e-08	3.507617e-08	3.143514e-08	3.154117e-08	3.467116e-08	4.203859e-08	5.541582e-08	7.305922e-08	8.672331e-08	9.429715e-08	9.723771e-08	9.538514e-08	9.012147e-08	8.297747e-08	7.533319e-08	6.842276e-08	6.293226e-08	5.811300e-08	5.213866e-08	4.350947e-08	3.279755e-08	2.207838e-08	1.322034e-08	7.154199e-09	4.793436e-09	6.276790e-09	4.658084e-09	
R555	4.902782e-42	1.548221e-41	3.576196e-42	9.470271e-43	4.600006e-43	2.407606e-43	1.227917e-43	6.852140e-44	4.548733e-44	6.741195e-44	2.565198e-43	5.326311e-43	2.961459e-43	2.783395e-43	2.300262e-43	1.647124e-43	1.010689e-43	5.388965e-44	2.568020e-44	1.296494e-44	6.891656e-45	3.599893e-45	1.907438e-45	1.095791e-45	7.155825e-46	5.293390e-46	4.281881e-46	3.671067e-46	3.270239e-46	2.928774e-46	2.527350e-46	2.028272e-46	1.530730e-46	1.087405e-46	7.097218e-47	4.124460e-47	2.063005e-47	8.707800e-48	2.918503e-48	4.490831e-49	4.130481e-50	9.538226e-51	3.086881e-51	1.148425e-51	4.557408e-52	1.836053e-52	7.331089e-53	3.703790e-53	3.277726e-53	6.011714e-53	
R556	1.618425e-42	2.155705e-42	1.627073e-42	7.226335e-43	2.198603e-43	5.912521e-44	1.347611e-44	3.618642e-45	1.206947e-45	5.599804e-46	8.113974e-46	1.013929e-45	5.716526e-46	6.385121e-46	5.831295e-46	4.465040e-46	2.908713e-46	1.657037e-46	8.541122e-47	4.355733e-47	2.156767e-47	1.018292e-47	4.824939e-48	2.476869e-48	1.454618e-48	9.786151e-49	7.311722e-49	5.905554e-49	5.103784e-49	4.663776e-49	4.413578e-49	4.155252e-49	3.862423e-49	3.507833e-49	3.043538e-49	2.531419e-49	2.092877e-49	1.841177e-49	1.834767e-49	2.113255e-49	2.701790e-49	3.531467e-49	4.366787e-49	4.835780e-49	4.682816e-49	3.944791e-49	2.953114e-49	2.718402e-49	5.039765e-49	8.514623e-49	
R557	1.299670e-14	2.737037e-13	1.250726e-13	8.280237e-14	1.754714e-13	8.012860e-13	7.705892e-12	8.084089e-11	6.140051e-10	1.303642e-08	2.243742e-06	4.760566e-04	2.348377e-03	1.277646e-03	6.450553e-04	2.785615e-04	1.016544e-04	3.150972e-05	8.425645e-06	2.138986e-06	5.030518e-07	1.064498e-07	2.147564e-08	4.539083e-09	1.095993e-09	3.232259e-10	1.266092e-10	7.116648e-11	5.444504e-11	4.721249e-11	3.975326e-11	2.996297e-11	2.059831e-11	1.301849e-11	7.410011e-12	3.765519e-12	1.708271e-12	6.962166e-13	2.513703e-13	7.506032e-14	1.975093e-14	5.786545e-15	3.358913e-15	2.555052e-15	1.757931e-15	1.053813e-15	5.616032e-16	3.681580e-16	4.868148e-16	5.781628e-16	
R558	2.247171e-14	1.010245e-14	3.034678e-15	1.662985e-15	3.695217e-15	1.808270e-14	1.566596e-13	1.250844e-12	1.496686e-11	1.463526e-09	9.478776e-08	1.693394e-06	9.855395e-06	1.685718e-05	1.830140e-05	1.415512e-05	8.698239e-06	4.566434e-06	2.142281e-06	8.930780e-07	3.323522e-07	1.140988e-07	3.728249e-08	1.205871e-08	4.110213e-09	1.634205e-09	8.915702e-10	7.662858e-10	9.967661e-10	1.531869e-09	2.173622e-09	2.445829e-09	2.232719e-09	1.665315e-09	9.681768e-10	4.294490e-10	1.448890e-10	3.725212e-11	6.889020e-12	7.591465e-13	5.194538e-14	2.290199e-15	9.052929e-17	3.332722e-18	3.047345e-19	5.197745e-20	9.318000e-21	1.481493e-21	2.272092e-22	4.205397e-22	
R559	1.094659e+00	1.976653e+00	9.448475e-02	1.035572e-02	8.724442e-03	2.335901e-02	1.968170e-01	8.571425e-01	6.756699e-01	8.766722e-01	3.499669e+00	1.332982e+01	1.492763e+01	1.060091e+01	6.840123e+00	3.953342e+00	2.040759e+00	9.375165e-01	3.815724e-01	1.302532e-01	3.637827e-02	8.617020e-03	1.801847e-03	3.503949e-04	6.869190e-05	1.568832e-05	5.339035e-06	3.380056e-06	3.710003e-06	5.025373e-06	6.355706e-06	6.507427e-06	5.502799e-06	3.866218e-06	2.167852e-06	9.519822e-07	3.251153e-07	8.583851e-08	1.647241e-08	1.932863e-09	1.583452e-10	1.556120e-11	6.404831e-12	5.173104e-12	4.029615e-12	2.845006e-12	1.839322e-12	1.113825e-12	6.858701e-13	9.952013e-13	
R560	2.200399e+00	5.036904e+00	8.881154e+00	1.564716e+01	2.755600e+01	4.802992e+01	9.579815e+01	1.739864e+02	2.052474e+02	2.199303e+02	2.444977e+02	2.357916e+02	1.740845e+02	1.577048e+02	1.394923e+02	1.212925e+02	1.029128e+02	8.484148e+01	6.779459e+01	4.759087e+01	2.877102e+01	1.592968e+01	8.325383e+00	4.190636e+00	2.064690e+00	1.006234e+00	4.897712e-01	2.408140e-01	1.226637e-01	6.591921e-02	3.769646e-02	2.394502e-02	1.746691e-02	1.356107e-02	9.832973e-03	6.234700e-03	3.358173e-03	1.510491e-03	5.546580e-04	1.627690e-04	4.148822e-05	1.277889e-05	6.160715e-06	3.516268e-06	2.044649e-06	1.201499e-06	7.247916e-07	4.580714e-07	3.209045e-07	6.603849e-07	
R561	1.553299e+04	2.164046e+04	3.988462e+04	5.182198e+04	4.914162e+04	4.041820e+04	2.913874e+04	1.938200e+04	1.234891e+04	7.172245e+03	3.602464e+03	1.416241e+03	9.009660e+02	8.529138e+02	6.787596e+02	4.703632e+02	2.925665e+02	1.676426e+02	8.986491e+01	4.157142e+01	1.659509e+01	6.095533e+00	2.118425e+00	7.079180e-01	2.300694e-01	7.320762e-02	2.293132e-02	7.106645e-03	2.196693e-03	6.722528e-04	1.982513e-04	5.581808e-05	1.529283e-05	4.153409e-06	1.144927e-06	3.360916e-07	1.108106e-07	4.073490e-08	1.772753e-08	1.146892e-08	4.788818e-09	2.202468e-09	1.230131e-09	7.905762e-10	5.740403e-10	4.607150e-10	4.033746e-10	3.835246e-10	4.319791e-10	4.265877e-09	
R562	1.101148e-26	3.648559e-27	1.036621e-27	4.264404e-28	3.408537e-28	3.895164e-28	1.242855e-27	3.119302e-26	1.005695e-24	5.556297e-22	2.924692e-19	4.478784e-17	5.831807e-16	1.159455e-15	1.861278e-15	2.342846e-15	2.416223e-15	2.148036e-15	1.726883e-15	1.395795e-15	1.142295e-15	9.104877e-16	7.065602e-16	5.423817e-16	4.283302e-16	3.753253e-16	4.184502e-16	6.688721e-16	1.463470e-15	3.431995e-15	6.922348e-15	1.055251e-14	1.269996e-14	1.232547e-14	9.238515e-15	5.296690e-15	2.402515e-15	9.168471e-16	2.867474e-16	5.982432e-17	8.163966e-18	6.951048e-19	4.574451e-20	2.264723e-21	2.244330e-22	3.593640e-23	5.323381e-24	6.045045e-25	6.931165e-26	1.913652e-25	
R563	1.800202e-06	2.535976e-07	2.350927e-08	1.440776e-09	6.298956e-11	2.478075e-12	3.425672e-13	1.820768e-12	3.584034e-12	5.303687e-11	3.270291e-09	1.368004e-07	4.042487e-07	2.789374e-07	1.810772e-07	1.024389e-07	4.955667e-08	2.047705e-08	7.285367e-09	2.303499e-09	6.361027e-10	1.518228e-10	3.211799e-11	6.314265e-12	1.249888e-12	2.884419e-13	9.950085e-14	6.413656e-14	7.180915e-14	9.636847e-14	1.128629e-13	9.764394e-14	6.611875e-14	3.661326e-14	1.611089e-14	5.665146e-15	1.695949e-15	4.819184e-16	1.299597e-16	2.701814e-17	4.368789e-18	7.992473e-19	4.574212e-19	3.364804e-19	1.554887e-19	4.897741e-20	1.097094e-20	1.724836e-21	3.039006e-22	5.477924e-22	
R564	2.138867e-07	3.011302e-08	2.792931e-09	1.713260e-10	7.498803e-12	2.953463e-13	4.086909e-14	2.173965e-13	4.279048e-13	6.326721e-12	3.897112e-10	1.628422e-08	4.805811e-08	3.310656e-08	2.144767e-08	1.210070e-08	5.832666e-09	2.398099e-09	8.473581e-10	2.653912e-10	7.233687e-11	1.695952e-11	3.501838e-12	6.664100e-13	1.263633e-13	2.758237e-14	8.868938e-15	5.245322e-15	5.305336e-15	6.345459e-15	6.560244e-15	4.989810e-15	2.976787e-15	1.463824e-15	5.791646e-16	1.859034e-16	5.161539e-17	1.380998e-17	3.553745e-18	7.129319e-19	1.122444e-19	2.013371e-20	1.135785e-20	8.267826e-21	3.791792e-21	1.187892e-21	2.650502e-22	4.155438e-23	7.306870e-24	1.315209e-23	
R565	1.031921e-04	1.573404e-04	1.364180e-04	1.049083e-04	8.551310e-05	7.646551e-05	7.266638e-05	9.227368e-05	1.721372e-04	5.895609e-04	7.630804e-03	9.818855e-02	1.465660e-01	9.766086e-02	6.138133e-02	3.486400e-02	1.770613e-02	8.096573e-03	3.393147e-03	1.283468e-03	4.389362e-04	1.418970e-04	4.622705e-05	1.637858e-05	6.638504e-06	3.065763e-06	1.556020e-06	8.400544e-07	4.744451e-07	2.759867e-07	1.620817e-07	9.408775e-08	5.431515e-08	3.119759e-08	1.766174e-08	9.890609e-09	5.615861e-09	3.386074e-09	2.277196e-09	1.746656e-09	1.484509e-09	1.299743e-09	1.085426e-09	8.203801e-10	5.480782e-10	3.213543e-10	1.683104e-10	1.082676e-10	1.367689e-10	1.076232e-10	
R566	7.847932e-12	1.322512e-11	5.596990e-11	8.888837e-11	6.688865e-11	3.505149e-11	1.349617e-11	7.525201e-12	1.227948e-11	5.013632e-11	3.513391e-10	2.349620e-09	5.821676e-09	7.007515e-09	6.635833e-09	5.134693e-09	3.405722e-09	2.006714e-09	1.075311e-09	4.807256e-10	1.745529e-10	5.469114e-11	1.538402e-11	4.045324e-12	1.051035e-12	2.938737e-13	1.012469e-13	4.830234e-14	3.068144e-14	2.157346e-14	1.491365e-14	9.590525e-15	5.739164e-15	3.104796e-15	1.432690e-15	5.626860e-16	2.054063e-16	8.243217e-17	3.990500e-17	2.122064e-17	1.160708e-17	7.165034e-18	7.791673e-18	9.131626e-18	7.894474e-18	5.242035e-18	2.762368e-18	1.172143e-18	5.464729e-19	2.040636e-18	
R567	6.915636e-07	1.957240e-06	4.897499e-06	6.005598e-06	4.366439e-06	2.376464e-06	1.172098e-06	8.601840e-07	1.350051e-06	5.335588e-06	3.719885e-05	2.111213e-04	3.074579e-04	2.629671e-04	2.151731e-04	1.623545e-04	1.124232e-04	7.208404e-05	4.328554e-05	2.251150e-05	9.894384e-06	3.871204e-06	1.393867e-06	4.778886e-07	1.639743e-07	6.107443e-08	2.825759e-08	1.834725e-08	1.635034e-08	1.658483e-08	1.597215e-08	1.295019e-08	9.065308e-09	5.568318e-09	2.905022e-09	1.296062e-09	5.268967e-10	2.182141e-10	9.628135e-11	4.088605e-11	1.615251e-11	6.844127e-12	5.022822e-12	4.006989e-12	2.408122e-12	1.136616e-12	4.329698e-13	1.337238e-13	4.403430e-14	7.222751e-14	
R568	9.546045e-34	1.635216e-33	1.802453e-33	2.118506e-33	4.136712e-33	8.281052e-33	1.471529e-32	3.021291e-32	1.034284e-31	5.524910e-31	1.972073e-30	3.374914e-30	5.135564e-30	6.486849e-30	6.282674e-30	4.951407e-30	3.354714e-30	2.041582e-30	1.144499e-30	5.960422e-31	2.887463e-31	1.312328e-31	5.596232e-32	2.226770e-32	8.324215e-33	2.914212e-33	9.553650e-34	2.881886e-34	7.738101e-35	1.763195e-35	3.444353e-36	6.277838e-37	1.133933e-37	2.091771e-38	4.044083e-39	8.267870e-40	1.721711e-40	3.185731e-41	4.426513e-42	3.033250e-43	1.355769e-44	1.063427e-45	5.852783e-47	2.528684e-48	1.102151e-49	6.486338e-51	4.909660e-52	3.877383e-53	3.496173e-54	8.918766e-54	
R569	3.259477e+03	1.288055e+04	1.135596e+04	1.127934e+04	1.560750e+04	2.433090e+04	5.177076e+04	9.152682e+04	8.515465e+04	6.956367e+04	5.973619e+04	4.688955e+04	2.431756e+04	1.512828e+04	1.020312e+04	7.091166e+03	4.842378e+03	3.170085e+03	1.968208e+03	1.116984e+03	5.732678e+02	2.724820e+02	1.221085e+02	5.239038e+01	2.180443e+01	8.881095e+00	3.561924e+00	1.412025e+00	5.550878e-01	2.152597e-01	8.124038e-02	2.983389e-02	1.080743e-02	3.921519e-03	1.456206e-03	5.692249e-04	2.395131e-04	1.070740e-04	5.201148e-05	3.060975e-05	1.430038e-05	6.949224e-06	3.703013e-06	2.113720e-06	1.282346e-06	8.180170e-07	5.451215e-07	3.786253e-07	2.861909e-07	6.368705e-07	
R570	8.036348e-12	4.006292e-11	7.402664e-11	1.921350e-10	1.066033e-09	7.656934e-09	7.455163e-08	7.862752e-07	8.645679e-06	2.008505e-04	2.703029e-03	2.127155e-02	7.663006e-02	1.024239e-01	1.069679e-01	9.190096e-02	6.871822e-02	4.658314e-02	2.948242e-02	1.785719e-02	1.040004e-02	5.856243e-03	3.242069e-03	1.808421e-03	1.051505e-03	6.612518e-04	4.675473e-04	3.787347e-04	3.462259e-04	3.286126e-04	2.916515e-04	2.255544e-04	1.552624e-04	9.626687e-05	5.287480e-05	2.553492e-05	1.080222e-05	3.985194e-06	1.238778e-06	2.916604e-07	5.053917e-08	5.117225e-09	2.256789e-10	6.591318e-12	4.860525e-13	7.024082e-14	1.119529e-14	1.677482e-15	2.912571e-16	4.292396e-16	
R571	8.036348e-12	4.006292e-11	7.402664e-11	1.921350e-10	1.066033e-09	7.656934e-09	7.455163e-08	7.862752e-07	8.645679e-06	2.008505e-04	2.703029e-03	2.127155e-02	7.663006e-02	1.024239e-01	1.069679e-01	9.190096e-02	6.871822e-02	4.658314e-02	2.948242e-02	1.785719e-02	1.040004e-02	5.856243e-03	3.242069e-03	1.808421e-03	1.051505e-03	6.612518e-04	4.675473e-04	3.787347e-04	3.462259e-04	3.286126e-04	2.916515e-04	2.255544e-04	1.552624e-04	9.626687e-05	5.287480e-05	2.553492e-05	1.080222e-05	3.985194e-06	1.238778e-06	2.916604e-07	5.053917e-08	5.117225e-09	2.256789e-10	6.591318e-12	4.860525e-13	7.024082e-14	1.119529e-14	1.677482e-15	2.912571e-16	4.292396e-16	
R572	6.740635e+01	1.936363e+02	1.064681e+02	7.801350e+01	9.252813e+01	1.316875e+02	2.708264e+02	4.771039e+02	4.470341e+02	3.804898e+02	3.610975e+02	3.487703e+02	1.673066e+02	7.606088e+01	4.092859e+01	2.432674e+01	1.499924e+01	9.239293e+00	5.581471e+00	3.317944e+00	1.920164e+00	1.072860e+00	5.809969e-01	3.071847e-01	1.597479e-01	8.216004e-02	4.193295e-02	2.126492e-02	1.070632e-02	5.343133e-03	2.643040e-03	1.301654e-03	6.407892e-04	3.171694e-04	1.593556e-04	8.160926e-05	4.241537e-05	2.216436e-05	1.155857e-05	5.985927e-06	3.061261e-06	1.550580e-06	7.809789e-07	3.925500e-07	1.971819e-07	9.901912e-08	4.972696e-08	2.498397e-08	1.256157e-08	6.288805e-09	
R573	1.431065e-10	1.088885e-10	4.981646e-11	2.161214e-11	1.687722e-11	1.965579e-11	2.813043e-11	3.965427e-11	5.594497e-11	1.104969e-10	2.848259e-10	4.487043e-10	5.122594e-10	4.475192e-10	2.836712e-10	1.460577e-10	6.538106e-11	2.629951e-11	9.564942e-12	2.882087e-12	7.107013e-13	1.537623e-13	3.047357e-14	5.759712e-15	1.110804e-15	2.401218e-16	6.750560e-17	2.774637e-17	1.592821e-17	1.035443e-17	6.283574e-18	3.250076e-18	1.502949e-18	6.549213e-19	2.743020e-19	1.124972e-19	4.413053e-20	1.489126e-20	3.698285e-21	6.164014e-22	1.040389e-22	1.531390e-23	2.162422e-24	2.223036e-25	1.714188e-26	1.411051e-27	1.248632e-28	1.050754e-29	1.047188e-30	4.456332e-31	
R574	4.462597e-04	2.505307e-04	3.135739e-04	2.911960e-04	3.437423e-04	5.448437e-04	9.540796e-04	1.278121e-03	1.262399e-03	1.565730e-03	3.000458e-03	5.403604e-03	9.466572e-03	1.313891e-02	1.250849e-02	9.322037e-03	5.906335e-03	3.320799e-03	1.687051e-03	6.805296e-04	2.141394e-04	5.782807e-05	1.419198e-05	3.343873e-06	8.121202e-07	2.258648e-07	8.415465e-08	4.810382e-08	4.116558e-08	4.364528e-08	4.729296e-08	4.562585e-08	3.882344e-08	2.890581e-08	1.809558e-08	9.476003e-09	4.274123e-09	1.755216e-09	6.667322e-10	2.157929e-10	6.126684e-11	1.915116e-11	1.197160e-11	1.003666e-11	7.846588e-12	5.552628e-12	3.598424e-12	2.185643e-12	1.351315e-12	2.085463e-12	
R575	2.453120e+01	2.221150e+01	1.583424e+01	1.090284e+01	1.189922e+01	1.866924e+01	3.972717e+01	6.610183e+01	5.889612e+01	6.584216e+01	1.159092e+02	1.619404e+02	1.589470e+02	1.569633e+02	1.291215e+02	9.383436e+01	6.206772e+01	3.797496e+01	2.161912e+01	1.014508e+01	3.864198e+00	1.303074e+00	4.093505e-01	1.257547e-01	4.033480e-02	1.494337e-02	7.477088e-03	5.816793e-03	6.983713e-03	1.068144e-02	1.612416e-02	1.961308e-02	1.952222e-02	1.650355e-02	1.168075e-02	6.948416e-03	3.490277e-03	1.479169e-03	5.121149e-04	1.323595e-04	2.714211e-05	5.823660e-06	2.456803e-06	1.402040e-06	7.619689e-07	3.832778e-07	1.795517e-07	7.937956e-08	3.466413e-08	2.349854e-08	
R576	2.180551e+00	1.974356e+00	1.407488e+00	9.691413e-01	1.057708e+00	1.659488e+00	3.531304e+00	5.875718e+00	5.235211e+00	5.852636e+00	1.030304e+01	1.439471e+01	1.412862e+01	1.395229e+01	1.147747e+01	8.340832e+00	5.517130e+00	3.375552e+00	1.921700e+00	9.017846e-01	3.434843e-01	1.158288e-01	3.638671e-02	1.117820e-02	3.585315e-03	1.328299e-03	6.646301e-04	5.170483e-04	6.207745e-04	9.494612e-04	1.433259e-03	1.743385e-03	1.735308e-03	1.466982e-03	1.038289e-03	6.176370e-04	3.102469e-04	1.314817e-04	4.552133e-05	1.176529e-05	2.412632e-06	5.176587e-07	2.183825e-07	1.246257e-07	6.773057e-08	3.406914e-08	1.596015e-08	7.055961e-09	3.081256e-09	2.088759e-09	
R577	6.615584e+02	6.374681e+02	2.398512e+02	9.502386e+01	7.274660e+01	8.169210e+01	1.096937e+02	9.110441e+01	4.658196e+01	2.953671e+01	2.473497e+01	1.371471e+01	8.790068e+00	6.048410e+00	2.791881e+00	1.021072e+00	3.196201e-01	8.773591e-02	2.101594e-02	3.713667e-03	4.714133e-04	4.786731e-05	4.158347e-06	3.297336e-07	2.576105e-08	2.205441e-09	2.405366e-10	3.800131e-11	8.429296e-12	2.213414e-12	6.162430e-13	1.874963e-13	6.435323e-14	2.258289e-14	6.958973e-15	1.729055e-15	3.325535e-16	4.838523e-17	5.065300e-18	3.450982e-19	1.787866e-20	1.282058e-21	3.065255e-22	1.258782e-22	5.334638e-23	2.238404e-23	9.489101e-24	4.191239e-24	2.123290e-24	5.228242e-24	
R578	2.005125e-02	3.108645e-02	1.370657e-02	8.837895e-03	1.965175e-02	7.260203e-02	3.465409e-01	1.198463e+00	2.993824e+00	1.547600e+01	1.048410e+02	4.382386e+02	9.048908e+02	1.051577e+03	9.059272e+02	6.313758e+02	3.768001e+02	1.982859e+02	9.312962e+01	3.719052e+01	1.256299e+01	3.753464e+00	1.030096e+00	2.716129e-01	7.335118e-02	2.243090e-02	9.048344e-03	5.490189e-03	4.842811e-03	5.032244e-03	4.972183e-03	4.088987e-03	2.824938e-03	1.645181e-03	7.747437e-04	2.834683e-04	7.735349e-05	1.524122e-05	1.947183e-06	8.419537e-08	1.719692e-09	9.496938e-11	1.553768e-11	4.376243e-12	1.402064e-12	4.744997e-13	1.640124e-13	5.467489e-14	1.613597e-14	2.703408e-14	
R579	1.339266e+03	2.768161e+03	7.011482e+02	2.404079e+02	2.352989e+02	4.066500e+02	1.219717e+03	2.306331e+03	1.670556e+03	1.456462e+03	2.032210e+03	2.280174e+03	1.368553e+03	7.578581e+02	3.754062e+02	1.732794e+02	7.411657e+01	2.893115e+01	1.013504e+01	2.906501e+00	6.676892e-01	1.302226e-01	2.262034e-02	3.693325e-03	6.080835e-04	1.120120e-04	2.687720e-05	9.568943e-06	4.892284e-06	2.964765e-06	1.766371e-06	9.331206e-07	4.419510e-07	1.902117e-07	7.378250e-08	2.570090e-08	7.976302e-09	2.177511e-09	5.037354e-10	9.028494e-11	1.332643e-11	2.134227e-12	6.960432e-13	3.175731e-13	1.422982e-13	6.072453e-14	2.481381e-14	9.824845e-15	3.932196e-15	2.507843e-15	
R596	3.387541e-05	6.444739e-05	1.038258e-04	1.309613e-04	1.428364e-04	1.536143e-04	1.745445e-04	2.163767e-04	2.746345e-04	4.002567e-04	6.327329e-04	7.365545e-04	5.979475e-04	5.812732e-04	5.182411e-04	4.354595e-04	3.522551e-04	2.790241e-04	2.189052e-04	1.626816e-04	1.137710e-04	7.764786e-05	5.255487e-05	3.554616e-05	2.415609e-05	1.652145e-05	1.138328e-05	7.880667e-06	5.460382e-06	3.807356e-06	2.875837e-06	2.967821e-06	5.361754e-06	1.458597e-05	1.163000e-04	1.603342e-03	1.019258e-02	9.562478e-02	5.769857e-01	2.055897e+00	4.825411e+00	8.216360e+00	1.093134e+01	1.201995e+01	1.138430e+01	9.556649e+00	7.254808e+00	5.413181e+00	6.237242e+00	1.151397e+01	
R597	2.484197e-04	4.726142e-04	7.613891e-04	9.603832e-04	1.047467e-03	1.126505e-03	1.279993e-03	1.586763e-03	2.013986e-03	2.935215e-03	4.640041e-03	5.401400e-03	4.384948e-03	4.262670e-03	3.800435e-03	3.193370e-03	2.583204e-03	2.046177e-03	1.605305e-03	1.192998e-03	8.343207e-04	5.694176e-04	3.854024e-04	2.606718e-04	1.771446e-04	1.211573e-04	8.347742e-05	5.779156e-05	4.004280e-05	2.792061e-05	2.108947e-05	2.176402e-05	3.931953e-05	1.069638e-04	8.528666e-04	1.175784e-02	7.474559e-02	7.012484e-01	4.231228e+00	1.507658e+01	3.538635e+01	6.025331e+01	8.016318e+01	8.814627e+01	8.348486e+01	7.008209e+01	5.320192e+01	3.969666e+01	4.573977e+01	8.443575e+01	
R598	4.170331e-09	7.933983e-09	1.278177e-08	1.612237e-08	1.758427e-08	1.891111e-08	2.148778e-08	2.663759e-08	3.380934e-08	4.927348e-08	7.789032e-08	9.066765e-08	7.360224e-08	7.154607e-08	6.378389e-08	5.359162e-08	4.334825e-08	3.433328e-08	2.693278e-08	2.001267e-08	1.399355e-08	9.548620e-09	6.461317e-09	4.368987e-09	2.968051e-09	2.029201e-09	1.397472e-09	9.669435e-10	6.695468e-10	4.664978e-10	3.520392e-10	3.628982e-10	6.546787e-10	1.777365e-09	1.413134e-08	1.940386e-07	1.226577e-06	1.141652e-05	6.812294e-05	2.390400e-04	5.498147e-04	9.109009e-04	1.166641e-03	1.215990e-03	1.068560e-03	8.083485e-04	5.303484e-04	3.190159e-04	2.578100e-04	2.674660e-04	
R599	2.050413e-08	3.900875e-08	6.284371e-08	7.926831e-08	8.645600e-08	9.297964e-08	1.056482e-07	1.309681e-07	1.662292e-07	2.422613e-07	3.829608e-07	4.457826e-07	3.618777e-07	3.517682e-07	3.136041e-07	2.634921e-07	2.131289e-07	1.688053e-07	1.324195e-07	9.839564e-08	6.880163e-08	4.694738e-08	3.176814e-08	2.148085e-08	1.459292e-08	9.976905e-09	6.870902e-09	4.754139e-09	3.291938e-09	2.293614e-09	1.730859e-09	1.784250e-09	3.218837e-09	8.738710e-09	6.947907e-08	9.540230e-07	6.030670e-06	5.613122e-05	3.349378e-04	1.175280e-03	2.703256e-03	4.478596e-03	5.735984e-03	5.978619e-03	5.253756e-03	3.974380e-03	2.607547e-03	1.568495e-03	1.267566e-03	1.315041e-03	
R608	3.927936e-52	5.017354e-51	4.069644e-50	9.212267e-50	9.621963e-50	7.238564e-50	5.169777e-50	4.988569e-50	4.947490e-50	4.713133e-50	2.315120e-50	2.504668e-51	6.390886e-52	1.790853e-51	4.039630e-51	8.011393e-51	1.433908e-50	2.387602e-50	3.763739e-50	5.337633e-50	6.800584e-50	8.302823e-50	1.058444e-49	1.714139e-49	4.667064e-49	2.032421e-48	1.109564e-47	6.629716e-47	4.335923e-46	3.081224e-45	2.233032e-44	1.458627e-43	8.875490e-43	5.197518e-42	2.784356e-41	1.315292e-40	5.247363e-40	1.697694e-39	4.378873e-39	9.110549e-39	1.578030e-38	2.440944e-38	3.517201e-38	4.799332e-38	6.225674e-38	7.676512e-38	9.003778e-38	1.017475e-37	1.224947e-37	2.038116e-37	
R611	7.212277e-79	1.668055e-80	1.759885e-81	9.543060e-83	2.760882e-84	5.116139e-86	5.903623e-88	7.041825e-90	9.801119e-92	3.934904e-93	4.646661e-94	5.123214e-96	3.866387e-97	1.235014e-96	2.500230e-96	3.993316e-96	5.533290e-96	7.154454e-96	8.930534e-96	1.040336e-95	1.122326e-95	1.190690e-95	1.297522e-95	1.550399e-95	2.436769e-95	5.946590e-95	2.118274e-94	8.734114e-94	3.698390e-93	1.459528e-92	4.981159e-92	1.435697e-91	4.169894e-91	1.438007e-90	6.021979e-90	2.924280e-89	1.426585e-88	5.166338e-88	1.047567e-87	1.515025e-87	5.076919e-87	1.051835e-86	4.729066e-87	6.803109e-88	7.356933e-89	9.381747e-90	1.315348e-90	1.752547e-91	2.682716e-92	1.114688e-92	
R617	4.966137e-32	5.438604e-29	2.713899e-26	2.042391e-24	5.410563e-23	8.088163e-22	7.880943e-21	1.248583e-19	4.488023e-18	2.538946e-16	6.133659e-15	1.512666e-14	8.412826e-15	6.391577e-15	3.440467e-15	1.529459e-15	6.223939e-16	2.474544e-16	9.811230e-17	3.440727e-17	1.044178e-17	3.031917e-18	9.175932e-19	3.371515e-19	2.124224e-19	3.269710e-19	1.079889e-18	5.011219e-18	2.741527e-17	1.641445e-16	9.916883e-16	5.371629e-15	2.816723e-14	1.487411e-13	7.218137e-13	2.955380e-12	9.244327e-12	2.029273e-11	3.049596e-11	3.249474e-11	2.617196e-11	1.811420e-11	1.173711e-11	7.627678e-12	5.424632e-12	4.778373e-12	6.149768e-12	1.350158e-11	5.828482e-11	6.008872e-10	
R618	4.184470e-10	5.829642e-10	7.601673e-10	7.207037e-10	5.583317e-10	4.363945e-10	3.796611e-10	3.811624e-10	3.845720e-10	4.965868e-10	7.514539e-10	6.275064e-10	2.946557e-10	2.339603e-10	1.637461e-10	1.056368e-10	6.487362e-11	3.893257e-11	2.322744e-11	1.255054e-11	6.044498e-12	2.785047e-12	1.266056e-12	5.760169e-13	2.649789e-13	1.236089e-13	5.856386e-14	2.802905e-14	1.344287e-14	6.531035e-15	3.724275e-15	3.964867e-15	1.293274e-14	9.524243e-14	8.020764e-13	5.252071e-12	2.087952e-11	4.348810e-11	4.748275e-11	3.525816e-11	7.735412e-11	2.555977e-10	7.070103e-10	1.513750e-09	2.583951e-09	3.730400e-09	5.092571e-09	7.465315e-09	1.393071e-08	3.565927e-08	
R639	2.688682e-42	8.285575e-42	6.338031e-41	6.148072e-40	6.010544e-39	5.847687e-38	6.987633e-37	2.384321e-35	1.255029e-33	6.289234e-32	6.218180e-31	2.865101e-31	1.591393e-31	1.891995e-31	1.937865e-31	1.773519e-31	1.488803e-31	1.180884e-31	8.998830e-32	6.052950e-32	3.575230e-32	2.012436e-32	1.110608e-32	6.026077e-33	3.276829e-33	1.782550e-33	9.768576e-34	5.324920e-34	2.860754e-34	1.438108e-34	6.106412e-35	2.037039e-35	5.819219e-36	1.604029e-36	4.661274e-37	1.546260e-37	6.055941e-38	2.653834e-38	1.239098e-38	1.358131e-38	9.532474e-38	3.832016e-37	3.134965e-37	9.640163e-38	2.031824e-38	3.997241e-39	8.074255e-40	1.576162e-40	2.467277e-41	3.345107e-42	
R640	3.557763e-24	1.013787e-23	1.772962e-23	3.095565e-23	8.440070e-23	2.467395e-22	7.111276e-22	2.644676e-21	1.704713e-20	1.886431e-19	1.705843e-18	8.834139e-18	2.059392e-17	2.651289e-17	2.653790e-17	2.186228e-17	1.572133e-17	1.034370e-17	6.414232e-18	3.718849e-18	1.992906e-18	1.007571e-18	4.844484e-19	2.213083e-19	9.706615e-20	4.089297e-20	1.667506e-20	6.608434e-21	2.640794e-21	1.195608e-21	7.190341e-22	5.656418e-22	5.303569e-22	5.554917e-22	6.046684e-22	6.379069e-22	5.836002e-22	4.105793e-22	2.376834e-22	1.413699e-22	6.985955e-23	2.313414e-23	3.521971e-24	3.212553e-25	2.403350e-26	2.070613e-27	2.044458e-28	2.021776e-29	2.467609e-30	3.134762e-30	
R641	1.171722e-33	1.522652e-33	2.557967e-33	4.449327e-33	7.882188e-33	1.580709e-32	4.410656e-32	3.551432e-31	6.081567e-30	1.690915e-28	1.861504e-27	1.106423e-27	8.755354e-28	1.031032e-27	9.272610e-28	6.923384e-28	4.560094e-28	2.762083e-28	1.564916e-28	7.845027e-29	3.483999e-29	1.458901e-29	5.893237e-30	2.301050e-30	8.831443e-31	3.320017e-31	1.222260e-31	4.304802e-32	1.405113e-32	4.056742e-33	1.004821e-33	2.179448e-34	4.462331e-35	9.424462e-36	2.227025e-36	6.287051e-37	2.171030e-37	8.647148e-38	3.778553e-38	3.997183e-38	2.796940e-37	1.155057e-36	9.981525e-37	3.328255e-37	7.802852e-38	1.752483e-38	4.154215e-39	9.790594e-40	1.901656e-40	3.316255e-41	
R642	7.114905e-62	5.585859e-62	4.718856e-62	4.662490e-62	5.828317e-62	9.625365e-62	2.370910e-61	4.224637e-60	6.026372e-58	2.465972e-55	1.278847e-53	1.859161e-54	1.029671e-54	1.098282e-54	5.635386e-55	1.818315e-55	4.399650e-56	8.784498e-57	1.484804e-57	2.001633e-58	2.176280e-59	2.075325e-60	1.791846e-61	1.400821e-62	1.020150e-63	6.835967e-65	4.149105e-66	2.125744e-67	8.214538e-69	2.187496e-70	4.328360e-72	8.018556e-74	1.588987e-75	3.789597e-77	1.270607e-78	6.670723e-80	5.654601e-81	6.846902e-82	1.076552e-82	1.082170e-82	5.251755e-81	9.718456e-80	8.531601e-80	1.195950e-80	8.815099e-82	6.312196e-83	5.320738e-84	4.671865e-85	2.918694e-86	1.566698e-87	
R643	1.872344e-62	1.469963e-62	1.241804e-62	1.226971e-62	1.533768e-62	2.532991e-62	6.239236e-62	1.111747e-60	1.585887e-58	6.489400e-56	3.365386e-54	4.892528e-55	2.709662e-55	2.890216e-55	1.482996e-55	4.785039e-56	1.157803e-56	2.311710e-57	3.907379e-58	5.267455e-59	5.727053e-60	5.461381e-61	4.715384e-62	3.686371e-63	2.684604e-64	1.798939e-65	1.091870e-66	5.594064e-68	2.161721e-69	5.756568e-71	1.139042e-72	2.110146e-74	4.181546e-76	9.972623e-78	3.343703e-79	1.755453e-80	1.488053e-81	1.801816e-82	2.833032e-83	2.847817e-83	1.382041e-81	2.557489e-80	2.245158e-80	3.147237e-81	2.319763e-82	1.661104e-83	1.400194e-84	1.229438e-85	7.680774e-87	4.122889e-88	
R644	1.099133e-30	1.377321e-29	2.601714e-28	2.913287e-27	1.862924e-26	9.516959e-26	4.585776e-25	3.755466e-24	4.745818e-23	5.512312e-22	2.786667e-21	3.611584e-21	5.820756e-21	1.101188e-20	1.663054e-20	2.152342e-20	2.521714e-20	2.783273e-20	2.960932e-20	2.848624e-20	2.459441e-20	2.021960e-20	1.620376e-20	1.276100e-20	1.003825e-20	7.920528e-21	6.318985e-21	5.068141e-21	4.051247e-21	3.154185e-21	2.342166e-21	1.625821e-21	1.080956e-21	7.095366e-22	4.675918e-22	3.202191e-22	2.380528e-22	1.976982e-22	1.867671e-22	2.929254e-22	1.299748e-21	4.449624e-21	6.694059e-21	5.953737e-21	4.220859e-21	2.794703e-21	1.821693e-21	1.144519e-21	6.544176e-22	5.506747e-22	
R645	1.200190e-11	1.160029e-10	2.999580e-10	8.931149e-10	4.425722e-09	2.620376e-08	1.964285e-07	1.794261e-06	1.898471e-05	4.014547e-04	4.117633e-03	2.364488e-02	7.606592e-02	9.654617e-02	9.422431e-02	7.438970e-02	5.144396e-02	3.327313e-02	2.117038e-02	1.338607e-02	8.443523e-03	5.409053e-03	3.544620e-03	2.383136e-03	1.655672e-03	1.198398e-03	9.202142e-04	7.598408e-04	6.756809e-04	6.240436e-04	5.764127e-04	5.070227e-04	4.235257e-04	3.320978e-04	2.378750e-04	1.589764e-04	1.063403e-04	7.808664e-05	6.957845e-05	1.213486e-04	2.185161e-04	7.776625e-05	6.670150e-06	2.724596e-07	2.367597e-08	3.688209e-09	6.044529e-10	8.902599e-11	1.241803e-11	1.313869e-11	
M2	2.908460e-28	1.945763e-27	1.468938e-26	9.732050e-26	4.694936e-25	2.215360e-24	1.487119e-23	1.300837e-22	6.875706e-22	4.109424e-21	3.829477e-20	3.661180e-19	1.180393e-18	4.432917e-18	1.903628e-17	8.460604e-17	3.717885e-16	1.614614e-15	7.052687e-15	2.913652e-14	1.119347e-13	4.179120e-13	1.529365e-12	5.491541e-12	2.034605e-11	9.183881e-11	6.199853e-10	5.817324e-09	6.514598e-08	7.858746e-07	9.161830e-06	8.896853e-05	7.484715e-04	5.624791e-03	3.506236e-02	1.692234e-01	5.836233e-01	1.353306e+00	2.052083e+00	2.210310e+00	5.727052e+00	1.601637e+01	3.338393e+01	5.356627e+01	7.006802e+01	7.958873e+01	8.770284e+01	1.019844e+02	1.097352e+02	8.623408e+01	
M3	5.974137e-07	1.112817e-06	2.670925e-06	3.797977e-06	3.321903e-06	2.614279e-06	2.095048e-06	1.804866e-06	1.488682e-06	1.238359e-06	1.199964e-06	1.148382e-06	8.520354e-07	8.483115e-07	7.152960e-07	5.365413e-07	3.717742e-07	2.456917e-07	1.585778e-07	8.915503e-08	4.251906e-08	1.876191e-08	7.990208e-09	3.362139e-09	1.421021e-09	6.102744e-10	2.713053e-10	1.307917e-10	7.924286e-11	8.330290e-11	1.998016e-10	8.902009e-10	5.539125e-09	4.053063e-08	2.925833e-07	1.860595e-06	9.463550e-06	3.947239e-05	2.300657e-04	8.523708e-03	3.265456e-01	1.988949e+00	6.264083e+00	1.313843e+01	2.047385e+01	2.555128e+01	2.753264e+01	2.961314e+01	4.400308e+01	7.746707e+01	
M4	2.336594e-17	2.234121e-17	2.561161e-17	4.079810e-17	1.178604e-16	4.863498e-16	3.005464e-15	2.429605e-14	4.032519e-13	4.185329e-11	2.186688e-09	4.010712e-08	2.054394e-07	3.795356e-07	5.329494e-07	5.855639e-07	5.399303e-07	4.471124e-07	3.526711e-07	2.750451e-07	2.132837e-07	1.660728e-07	1.305594e-07	1.037320e-07	8.382129e-08	6.955228e-08	6.079407e-08	5.800688e-08	6.469873e-08	9.376762e-08	1.908909e-07	4.711294e-07	1.242117e-06	3.213555e-06	7.274884e-06	1.346723e-05	1.946846e-05	2.238570e-05	2.598196e-05	5.848567e-05	1.002895e-04	4.053867e-05	5.180478e-06	3.601495e-07	5.469488e-08	1.458589e-08	3.973067e-09	9.908450e-10	2.773441e-10	6.366908e-10	
M5	1.132658e-16	4.570660e-16	1.627302e-15	5.265803e-15	1.357320e-14	3.437911e-14	1.074421e-13	4.023800e-13	1.193241e-12	4.103112e-12	1.940018e-11	9.027964e-11	1.795495e-10	3.330447e-10	6.289743e-10	1.151609e-09	2.014373e-09	3.397132e-09	5.614199e-09	8.793869e-09	1.291640e-08	1.824186e-08	2.483829e-08	3.260163e-08	4.329092e-08	6.851583e-08	1.574978e-07	4.830163e-07	1.656221e-06	5.740320e-06	1.931869e-05	5.985576e-05	1.761642e-04	4.933715e-04	1.217729e-03	2.444838e-03	3.652325e-03	3.802644e-03	2.679041e-03	1.384373e-03	1.793173e-03	2.618245e-03	2.987001e-03	2.734115e-03	2.104928e-03	1.441137e-03	9.713350e-04	7.089392e-04	5.153636e-04	3.152757e-04	
M6	2.830384e+00	1.776381e+00	1.294786e+00	6.834862e-01	2.635894e-01	8.870511e-02	2.728034e-02	7.725045e-03	1.855687e-03	3.770473e-04	6.731951e-05	9.352428e-06	2.026713e-06	1.073673e-06	5.100985e-07	2.278030e-07	9.757178e-08	4.076971e-08	1.683210e-08	6.489886e-09	2.307923e-09	7.912481e-10	2.673471e-10	9.016886e-11	3.064389e-11	1.056793e-11	3.737327e-12	1.388516e-12	5.836171e-13	3.258770e-13	2.767746e-13	3.220346e-13	4.446048e-13	6.686224e-13	1.004834e-12	1.428715e-12	1.833598e-12	2.151190e-12	3.009763e-12	1.069880e-11	3.892120e-11	5.675589e-11	5.976814e-11	5.153945e-11	3.841231e-11	2.567414e-11	1.597077e-11	9.936768e-12	7.271600e-12	5.792867e-12	
M7	2.690982e-17	7.263033e-16	1.761214e-14	1.635745e-13	9.224625e-13	4.869904e-12	3.049794e-11	3.166367e-10	4.187098e-09	7.127909e-08	9.426970e-07	4.607323e-06	6.614203e-06	9.042991e-06	1.096854e-05	1.187558e-05	1.164641e-05	1.058039e-05	9.019195e-06	6.843405e-06	4.616486e-06	2.956594e-06	1.961517e-06	1.642246e-06	2.298426e-06	5.119256e-06	1.422841e-05	4.309633e-05	1.422912e-04	5.084796e-04	1.846820e-03	6.031602e-03	1.833754e-02	5.372900e-02	1.445007e-01	3.444781e-01	6.983717e-01	1.157918e+00	1.543811e+00	1.668405e+00	1.494513e+00	1.178735e+00	8.502358e-01	5.721202e-01	3.630373e-01	2.183941e-01	1.248351e-01	6.792208e-02	3.515658e-02	1.668551e-02	
M9	2.868649e-06	3.051852e-06	4.113470e-06	5.314274e-06	6.244213e-06	7.263033e-06	9.763892e-06	1.796570e-05	3.310854e-05	6.834579e-05	1.487890e-04	2.303182e-04	1.753102e-04	1.768360e-04	1.849135e-04	1.945000e-04	2.034272e-04	2.129124e-04	2.256194e-04	2.260493e-04	2.115207e-04	1.948256e-04	1.804523e-04	1.695356e-04	1.627427e-04	1.603244e-04	1.639339e-04	1.784714e-04	2.280253e-04	4.367926e-04	1.472789e-03	6.132696e-03	2.554786e-02	1.020519e-01	3.609503e-01	1.052206e+00	2.323259e+00	3.657695e+00	4.092578e+00	3.660485e+00	5.437434e+00	9.503856e+00	1.458997e+01	1.901476e+01	2.144440e+01	2.160857e+01	2.059316e+01	1.981442e+01	2.102652e+01	2.529483e+01	
M10	5.758470e+00	9.732564e+00	2.264403e+01	4.171401e+01	5.864753e+01	7.471509e+01	1.003861e+02	1.374862e+02	1.369868e+02	1.234602e+02	1.135968e+02	9.291114e+01	6.052023e+01	4.775273e+01	3.811242e+01	2.971701e+01	2.236230e+01	1.635099e+01	1.175597e+01	7.779286e+00	4.717189e+00	2.762447e+00	1.595319e+00	9.176883e-01	5.301887e-01	3.094937e-01	1.844448e-01	1.138485e-01	7.489175e-02	5.223140e-02	3.559006e-02	2.144428e-02	1.163331e-02	5.908158e-03	2.852529e-03	1.356885e-03	6.584779e-04	3.256315e-04	1.686867e-04	1.020113e-04	4.717998e-05	2.188791e-05	1.075063e-05	5.469412e-06	2.867819e-06	1.536570e-06	8.364924e-07	4.622716e-07	2.716675e-07	4.578890e-07	
M11	1.241631e-36	9.726321e-37	3.423357e-36	8.143107e-36	1.215361e-35	1.557116e-35	1.999954e-35	3.256990e-35	5.486967e-35	4.312985e-34	2.413774e-32	3.751077e-31	1.054021e-30	2.428333e-30	4.558597e-30	7.338214e-30	1.072433e-29	1.504887e-29	2.097509e-29	2.713941e-29	3.224868e-29	3.802156e-29	4.682199e-29	6.482608e-29	1.207909e-28	3.601110e-28	1.627360e-27	9.052077e-27	5.713675e-26	3.781124e-25	2.287802e-24	1.105193e-23	4.924159e-23	2.347820e-22	1.184091e-21	5.943620e-21	2.645977e-20	8.576552e-20	1.727688e-19	2.761198e-19	8.011285e-19	1.724158e-18	1.650394e-18	9.392148e-19	5.101272e-19	2.832795e-19	1.498347e-19	7.473922e-20	3.572360e-20	1.684974e-20	
M12	8.200264e+04	8.288900e+04	1.039651e+05	1.220960e+05	1.266668e+05	1.258950e+05	1.381948e+05	1.571210e+05	1.289709e+05	9.687141e+04	7.663764e+04	5.796105e+04	3.401598e+04	2.500108e+04	1.962114e+04	1.567592e+04	1.239811e+04	9.656762e+03	7.456476e+03	5.580921e+03	4.046270e+03	2.910835e+03	2.098988e+03	1.524274e+03	1.120083e+03	8.364683e+02	6.405493e+02	5.094907e+02	4.316750e+02	3.892185e+02	3.489735e+02	2.829984e+02	2.093929e+02	1.456629e+02	9.562250e+01	5.994189e+01	3.618028e+01	2.108024e+01	1.182737e+01	6.354595e+00	3.250524e+00	1.589388e+00	7.467657e-01	3.388570e-01	1.491132e-01	6.378275e-02	2.654063e-02	1.075685e-02	4.258158e-03	1.631607e-03	
M13	5.919041e-07	1.127978e-06	3.362844e-06	9.105925e-06	2.000928e-05	4.215241e-05	1.137337e-04	3.478700e-04	5.905500e-04	9.023908e-04	1.664385e-03	3.100017e-03	3.007582e-03	3.814673e-03	5.786268e-03	9.494483e-03	1.590043e-02	2.674243e-02	4.539222e-02	7.364137e-02	1.130094e-01	1.708636e-01	2.584517e-01	3.937110e-01	6.092455e-01	9.662942e-01	1.600721e+00	2.844927e+00	5.711891e+00	1.294282e+01	2.892372e+01	5.277020e+01	8.001691e+01	1.070928e+02	1.274734e+02	1.381874e+02	1.387319e+02	1.296600e+02	1.122901e+02	8.912754e+01	6.410118e+01	4.210841e+01	2.552949e+01	1.443091e+01	7.668837e+00	3.849824e+00	1.828834e+00	8.244119e-01	3.547604e-01	1.432224e-01	
M14	5.774656e-23	1.222308e-21	1.342459e-20	1.140180e-19	6.913067e-19	3.596297e-18	2.174735e-17	2.295381e-16	2.731349e-15	3.006886e-14	1.481912e-13	1.599567e-13	1.286928e-13	1.259475e-13	1.192958e-13	1.087211e-13	9.567625e-14	8.245255e-14	7.039063e-14	5.633672e-14	4.206099e-14	3.082485e-14	2.256101e-14	1.652271e-14	1.223930e-14	9.171253e-15	7.004117e-15	5.449287e-15	4.355455e-15	3.486236e-15	2.570069e-15	1.602923e-15	8.883814e-16	4.718117e-16	2.505005e-16	1.388642e-16	8.192291e-17	5.003157e-17	3.069761e-17	2.739661e-17	6.256512e-17	1.047641e-16	7.579289e-17	3.269746e-17	1.148267e-17	3.850955e-18	1.293011e-18	4.213417e-19	1.212531e-19	3.193593e-20	
M15	2.053356e-15	3.067644e-15	5.368654e-15	8.348836e-15	1.192034e-14	1.685952e-14	2.755158e-14	6.399710e-14	1.534400e-13	3.675183e-13	8.756344e-13	1.612643e-12	1.453415e-12	1.195637e-12	1.037114e-12	9.064423e-13	7.850990e-13	6.769296e-13	5.860830e-13	5.005740e-13	4.194135e-13	3.529696e-13	3.001958e-13	2.568968e-13	2.228345e-13	1.955571e-13	1.749641e-13	1.595961e-13	1.500166e-13	1.423046e-13	1.264669e-13	9.736435e-14	6.822153e-14	4.688883e-14	3.294250e-14	2.457802e-14	1.924772e-14	1.431283e-14	8.887718e-15	4.548159e-15	2.692119e-15	1.213216e-15	2.462203e-16	2.507508e-17	1.890936e-18	1.553698e-19	1.394411e-20	1.196698e-21	1.175450e-22	2.979534e-23	
M16	4.932260e-08	1.593687e-07	2.844676e-07	6.986725e-07	3.032773e-06	1.460889e-05	8.604295e-05	5.339047e-04	2.490258e-03	1.733477e-02	1.220702e-01	6.811902e-01	1.193993e+00	1.306548e+00	1.541723e+00	1.824400e+00	2.106300e+00	2.374756e+00	2.653458e+00	3.001322e+00	3.442041e+00	3.996948e+00	4.703392e+00	5.610649e+00	6.809609e+00	8.447707e+00	1.083739e+01	1.458354e+01	2.105030e+01	3.189979e+01	4.613285e+01	5.644030e+01	5.905282e+01	5.421859e+01	4.281062e+01	2.848381e+01	1.551104e+01	6.732508e+00	2.149862e+00	2.853206e-01	2.043095e-02	3.453417e-03	8.118261e-04	2.264526e-04	7.093461e-05	2.395683e-05	8.396637e-06	2.853982e-06	8.299770e-07	8.281132e-07	
M17	2.473326e-15	2.463179e-15	3.165232e-15	7.013523e-15	3.245638e-14	2.221416e-13	2.562848e-12	3.989207e-11	9.757220e-10	1.418748e-07	1.065176e-05	2.865501e-04	1.511487e-03	2.440764e-03	3.644862e-03	4.805892e-03	5.734680e-03	6.472896e-03	7.247756e-03	8.583536e-03	1.087434e-02	1.454593e-02	2.042638e-02	2.995156e-02	4.596841e-02	7.427323e-02	1.290726e-01	2.463886e-01	5.251553e-01	1.178457e+00	2.450209e+00	4.105890e+00	5.681862e+00	6.687160e+00	6.524038e+00	5.266299e+00	3.548177e+00	2.010963e+00	9.300901e-01	3.147636e-01	7.554970e-02	1.020013e-02	5.796133e-04	2.114171e-05	1.890856e-06	3.219775e-07	5.855031e-08	9.494944e-09	1.435389e-09	1.582681e-09	
M18	9.717155e-09	1.173425e-08	6.115325e-08	2.228280e-07	5.297838e-07	1.131442e-06	2.530540e-06	6.306397e-06	1.207890e-05	2.098873e-05	4.357545e-05	1.093859e-04	1.664650e-04	2.178949e-04	2.845665e-04	3.604820e-04	4.421889e-04	5.329587e-04	6.443921e-04	7.364592e-04	7.869178e-04	8.260530e-04	8.693493e-04	9.267494e-04	1.011599e-03	1.141379e-03	1.352492e-03	1.714605e-03	2.401099e-03	3.712637e-03	5.888190e-03	8.451011e-03	1.089059e-02	1.278341e-02	1.341818e-02	1.277753e-02	1.150103e-02	1.040439e-02	9.878345e-03	9.813214e-03	9.767710e-03	9.345227e-03	8.393796e-03	6.969384e-03	5.327220e-03	3.762024e-03	2.472125e-03	1.530988e-03	9.327325e-04	8.572552e-04	
M19	4.451332e-26	9.848514e-26	7.762181e-25	6.734804e-24	1.009631e-22	1.744757e-21	2.627581e-20	6.265494e-19	5.683037e-17	2.760043e-14	3.583473e-12	1.523334e-10	4.125140e-09	1.278456e-08	1.739695e-08	1.313468e-08	6.982815e-09	3.057948e-09	1.214006e-09	4.558963e-10	1.670121e-10	6.135501e-11	2.318967e-11	9.333726e-12	4.219019e-12	2.280427e-12	1.582005e-12	1.458757e-12	1.737532e-12	2.269746e-12	2.637763e-12	2.347069e-12	1.654535e-12	9.349386e-13	4.017864e-13	1.282794e-13	3.046347e-14	5.434501e-15	6.901294e-16	5.091942e-17	2.084238e-18	2.965485e-20	8.084339e-23	9.692754e-26	7.409412e-28	2.174726e-29	7.761443e-31	2.447212e-32	1.036377e-33	3.198537e-33	
M20	2.560012e-34	7.799443e-34	2.423467e-33	1.020903e-32	1.120620e-31	1.485218e-30	1.784482e-29	3.333946e-28	2.133882e-26	5.348643e-24	5.185081e-22	1.633208e-20	2.172252e-19	4.836770e-19	5.930818e-19	4.639788e-19	2.711955e-19	1.322311e-19	5.754359e-20	2.403385e-20	9.821362e-21	3.897377e-21	1.503020e-21	5.662070e-22	2.144563e-22	8.379804e-23	3.492306e-23	1.549165e-23	6.950233e-24	2.781491e-24	9.160086e-25	2.518446e-25	6.187225e-26	1.395205e-26	2.852842e-27	5.150304e-28	7.704462e-29	8.403412e-30	5.335952e-31	1.044391e-32	1.235958e-34	1.441691e-36	4.686306e-39	7.392015e-42	2.793985e-44	2.657360e-46	3.431597e-48	4.169983e-50	6.159904e-52	7.421616e-52	
M21	9.551434e-14	1.004228e-13	6.752173e-14	8.532965e-14	2.745209e-13	1.332600e-12	9.611361e-12	7.396686e-11	1.028092e-09	8.393972e-08	2.966955e-06	3.133741e-05	1.068266e-04	1.191686e-04	9.912894e-05	6.537086e-05	3.671697e-05	1.850773e-05	8.684226e-06	3.859116e-06	1.624265e-06	6.523999e-07	2.527203e-07	9.543656e-08	3.560652e-08	1.327026e-08	5.018460e-09	1.942563e-09	7.639081e-10	2.939369e-10	1.125874e-10	4.714220e-11	2.247332e-11	1.096961e-11	4.655636e-12	1.568497e-12	4.043457e-13	7.862439e-14	1.098886e-14	9.797421e-16	5.937854e-17	2.677957e-18	8.620159e-20	2.261612e-21	1.576640e-22	2.238650e-23	3.682475e-24	5.964162e-25	1.045631e-25	4.186516e-25	
M22	1.565625e-69	2.935790e-68	2.862913e-67	4.349918e-66	9.518325e-61	3.245486e-59	1.000532e-57	5.532250e-56	2.654333e-54	1.473040e-52	1.061288e-50	5.518561e-49	6.955344e-48	8.499448e-47	1.039261e-45	1.186680e-44	1.248987e-43	1.247378e-42	1.226453e-41	1.136596e-40	9.803618e-40	8.277501e-39	6.906258e-38	5.668775e-37	4.840210e-36	5.055800e-35	7.937709e-34	1.719465e-32	4.324855e-31	1.089393e-29	2.359781e-28	3.728263e-27	4.662159e-26	4.958302e-25	4.225935e-24	2.692064e-23	1.150815e-22	2.916750e-22	3.763930e-22	1.857193e-22	9.495605e-23	1.030012e-22	1.022414e-22	5.723660e-23	2.132863e-23	7.757548e-24	3.247952e-24	1.496622e-24	5.905887e-25	3.038097e-25	
M23	6.328567e-30	1.940653e-29	3.325799e-29	9.543689e-29	4.826232e-24	3.763558e-23	2.085534e-22	1.672140e-21	1.415158e-20	1.145912e-19	8.361991e-19	4.246023e-18	9.664668e-18	1.822666e-17	3.315114e-17	5.692599e-17	9.279475e-17	1.469876e-16	2.316395e-16	3.603740e-16	5.534808e-16	8.619895e-16	1.372020e-15	2.224123e-15	3.701744e-15	6.317004e-15	1.114772e-14	2.033427e-14	3.850665e-14	7.223319e-14	1.200013e-13	1.579809e-13	1.734265e-13	1.704331e-13	1.526981e-13	1.260905e-13	9.412380e-14	5.979350e-14	2.847363e-14	6.988154e-15	7.032976e-16	1.329731e-16	2.965621e-17	4.678980e-18	5.844612e-19	7.975781e-20	1.256318e-20	2.010515e-21	2.909415e-22	7.278986e-23	
M24	3.075252e-22	6.408909e-22	5.987493e-22	9.780496e-22	3.107934e-17	1.545328e-16	4.788140e-16	1.998188e-15	1.168965e-14	6.808553e-14	3.202184e-13	1.022765e-12	2.125555e-12	3.364463e-12	4.597871e-12	5.564772e-12	6.141106e-12	6.343988e-12	6.239464e-12	5.942639e-12	5.507949e-12	5.009826e-12	4.489594e-12	3.956779e-12	3.460996e-12	3.002677e-12	2.593551e-12	2.208070e-12	1.819319e-12	1.388255e-12	9.399949e-13	5.561944e-13	3.002313e-13	1.541363e-13	7.639564e-14	3.653320e-14	1.640007e-14	6.490309e-15	1.999465e-15	3.315256e-16	2.367597e-17	3.323276e-18	5.727009e-19	7.230289e-20	7.453152e-21	8.635457e-22	1.187185e-22	1.702186e-23	2.258764e-24	5.350019e-25	
M25	2.881496e-58	1.705057e-57	2.084096e-57	7.902192e-57	1.152225e-47	4.187054e-46	6.026369e-45	1.608737e-43	8.654265e-42	4.749866e-40	1.757795e-38	3.121157e-37	2.614665e-36	1.405642e-35	5.780438e-35	1.929752e-34	5.580841e-34	1.481920e-33	3.750658e-33	9.364115e-33	2.321347e-32	5.771472e-32	1.437113e-31	3.532209e-31	8.632321e-31	2.074144e-30	4.896816e-30	1.107114e-29	2.303721e-29	4.037097e-29	5.475310e-29	5.585294e-29	4.682145e-29	3.514671e-29	2.439735e-29	1.567199e-29	8.831912e-30	3.855595e-30	1.017536e-30	7.765445e-32	1.098037e-33	5.992588e-35	4.926501e-36	2.172681e-37	6.385925e-39	2.370674e-40	1.238861e-41	7.040974e-43	3.427332e-44	5.314893e-45	
M26	1.181402e-33	6.149815e-33	6.466805e-33	1.723268e-32	1.759827e-27	3.201065e-26	3.938630e-25	6.491805e-24	1.521985e-22	5.623859e-21	1.556285e-19	2.325889e-18	1.103937e-17	2.450101e-17	4.666243e-17	7.683665e-17	1.129978e-16	1.539413e-16	2.001369e-16	2.649623e-16	3.608961e-16	4.979726e-16	6.924351e-16	9.634264e-16	1.350097e-15	1.901688e-15	2.705526e-15	3.849113e-15	5.355187e-15	6.824897e-15	7.421351e-15	6.605438e-15	5.032943e-15	3.407353e-15	2.031175e-15	1.031639e-15	4.183559e-16	1.235613e-16	2.171244e-17	8.915016e-19	8.936609e-21	4.348883e-22	3.761473e-23	2.928996e-24	2.156814e-25	1.980259e-26	2.301513e-27	2.777238e-28	2.716107e-29	1.679454e-29	
M27	1.098409e-18	1.707436e-18	3.126785e-18	3.997118e-18	3.710876e-18	3.076484e-18	2.695180e-18	3.341232e-18	4.706229e-18	6.643296e-18	8.192989e-18	1.296304e-17	2.240208e-17	2.726603e-17	2.853656e-17	2.554154e-17	2.008424e-17	1.425597e-17	9.216732e-18	5.310282e-18	2.715805e-18	1.286670e-18	5.908982e-19	2.817851e-19	1.569730e-19	1.054990e-19	7.901016e-20	5.684426e-20	3.595361e-20	1.918764e-20	9.134789e-21	4.283955e-21	2.139588e-21	1.198932e-21	7.795170e-22	5.914739e-22	4.907002e-22	3.867234e-22	2.594374e-22	1.572838e-22	1.400062e-22	1.125310e-22	4.225530e-23	7.648740e-24	9.599845e-25	1.247483e-25	1.771975e-26	2.520608e-27	4.245825e-28	2.146628e-28	
M28	1.949122e-27	5.526437e-27	1.044795e-26	1.912253e-26	4.949400e-26	1.273662e-25	3.301767e-25	1.124592e-24	5.539666e-24	4.418857e-23	2.561928e-22	1.419534e-21	6.019837e-21	1.011014e-20	1.297374e-20	1.292633e-20	1.050225e-20	7.254843e-21	4.351061e-21	2.317574e-21	1.102381e-21	4.792468e-22	1.975725e-22	8.212624e-23	3.840016e-23	2.067254e-23	1.172985e-23	5.976229e-24	2.441217e-24	7.490958e-25	1.883569e-25	4.615841e-26	1.205636e-26	3.456030e-27	1.099419e-27	3.748568e-28	1.228810e-28	3.266577e-29	5.873290e-30	4.479550e-31	3.349230e-32	4.742802e-33	4.259736e-34	2.596016e-35	1.362818e-36	8.483823e-38	6.329579e-39	4.822565e-40	3.895647e-41	3.386851e-41	
M29	1.659492e-51	1.472628e-50	1.611247e-50	4.248006e-50	8.719634e-49	2.600219e-47	8.016511e-46	3.784594e-44	5.680045e-42	3.936075e-39	1.434287e-36	1.357852e-34	1.582060e-33	2.456844e-33	2.621735e-33	2.000215e-33	1.178452e-33	5.736297e-34	2.415460e-34	1.019588e-34	4.370602e-35	1.782099e-35	6.683850e-36	2.232210e-36	6.619247e-37	1.712105e-37	3.829444e-38	7.064559e-39	9.768856e-40	8.859184e-41	5.398590e-42	2.745953e-43	1.335799e-44	6.479933e-46	3.185578e-47	1.490683e-48	5.616626e-50	1.270160e-51	1.077648e-53	6.737538e-57	1.643033e-60	2.878586e-63	3.066402e-66	2.218304e-69	1.736433e-72	2.047188e-75	3.382943e-77	0.000000e+00	5.845500e-80	0.000000e+00	
M31	2.015527e+00	3.165659e+00	2.248060e+00	2.236642e+00	4.218600e+00	8.670461e+00	1.840162e+01	3.667582e+01	6.940628e+01	1.924670e+02	4.521346e+02	7.588895e+02	7.552902e+02	5.873191e+02	4.329045e+02	2.992773e+02	1.946878e+02	1.204458e+02	7.183696e+01	4.340772e+01	2.678971e+01	1.655034e+01	1.018538e+01	6.239989e+00	3.812362e+00	2.328553e+00	1.428085e+00	8.817334e-01	5.469930e-01	3.342539e-01	1.958185e-01	1.072266e-01	5.501774e-02	2.634933e-02	1.150362e-02	4.434000e-03	1.453577e-03	3.936880e-04	8.149884e-05	7.325018e-06	3.731833e-07	4.696353e-08	8.557173e-09	1.916366e-09	4.971194e-10	1.430655e-10	4.392427e-11	1.342356e-11	3.591189e-12	3.400846e-12	
M32	4.095120e-18	1.096489e-17	1.241560e-17	1.895216e-17	5.792448e-17	2.032313e-16	7.872549e-16	4.031034e-15	2.886005e-14	3.421228e-13	3.377320e-12	2.017804e-11	4.027283e-11	3.953877e-11	3.635332e-11	3.077130e-11	2.424010e-11	1.809592e-11	1.299714e-11	9.490653e-12	7.079937e-12	5.296694e-12	3.946725e-12	2.906103e-12	2.127018e-12	1.543657e-12	1.115277e-12	7.946161e-13	5.494698e-13	3.545230e-13	2.064370e-13	1.075502e-13	5.234834e-14	2.480461e-14	1.160284e-14	5.327861e-15	2.267927e-15	7.844734e-16	1.798383e-16	1.540302e-17	9.084641e-19	1.054114e-19	8.299363e-21	4.172733e-22	1.855522e-23	1.026031e-24	6.796008e-26	4.398825e-27	2.920663e-28	1.830060e-28	
M33	2.814315e-26	1.329735e-25	1.514399e-25	3.216507e-25	2.655559e-24	2.792358e-23	3.077787e-22	4.143748e-21	9.875279e-20	6.257266e-18	2.727063e-16	5.314700e-15	2.459502e-14	3.167205e-14	3.343822e-14	2.929371e-14	2.218659e-14	1.510721e-14	9.519447e-15	6.113331e-15	4.032530e-15	2.612153e-15	1.629312e-15	9.640500e-16	5.424078e-16	2.889168e-16	1.458841e-16	6.861067e-17	2.889716e-17	1.022386e-17	3.028153e-18	8.003733e-19	1.990891e-19	4.739853e-20	1.069678e-20	2.182990e-21	3.639959e-22	4.217717e-23	2.577182e-24	2.764663e-26	1.364660e-28	2.781547e-30	5.225433e-32	8.827384e-34	1.639057e-35	4.335579e-37	1.506501e-38	5.217387e-40	1.659782e-41	1.786973e-41	
M34	1.474194e-12	8.651418e-12	1.008983e-11	2.471017e-11	2.347821e-10	2.890146e-09	4.191839e-08	6.014328e-07	8.884691e-06	3.288912e-04	1.046872e-02	2.105297e-01	8.566804e-01	1.095410e+00	1.349641e+00	1.528415e+00	1.589652e+00	1.539857e+00	1.418384e+00	1.364527e+00	1.387306e+00	1.426897e+00	1.466587e+00	1.501384e+00	1.534116e+00	1.570776e+00	1.624488e+00	1.704926e+00	1.807995e+00	1.861398e+00	1.761953e+00	1.457368e+00	1.058345e+00	6.694056e-01	3.516754e-01	1.439193e-01	4.257575e-02	8.591711e-03	1.012396e-03	2.247846e-05	1.603230e-07	6.974877e-09	6.358851e-10	8.754235e-11	1.616548e-11	3.673257e-12	9.499315e-13	2.434614e-13	4.784983e-14	1.179941e-13	
M35	3.225793e-20	5.452575e-20	4.288051e-20	8.790807e-20	8.174672e-19	1.296758e-17	3.295159e-16	1.043844e-14	6.985468e-13	4.564937e-10	1.275699e-07	9.872947e-06	1.066855e-04	2.010959e-04	3.122134e-04	3.923555e-04	4.201600e-04	4.060161e-04	3.735505e-04	3.751446e-04	4.201763e-04	4.965827e-04	6.076906e-04	7.631116e-04	9.841459e-04	1.310139e-03	1.832506e-03	2.724276e-03	4.260245e-03	6.486951e-03	8.818045e-03	9.979769e-03	9.576205e-03	7.757342e-03	5.031292e-03	2.496129e-03	9.129747e-04	2.404096e-04	4.100548e-05	2.320303e-06	5.544123e-08	1.925604e-09	4.241529e-11	7.632322e-13	4.022380e-14	4.606501e-15	6.178443e-16	7.552356e-17	7.713508e-18	2.101340e-17	
M36	9.499711e-24	4.129510e-22	4.733656e-20	1.516127e-20	0.000000e+00	0.000000e+00	0.000000e+00	1.523301e-22	7.711780e-21	3.717293e-18	8.448467e-16	5.126056e-14	5.091387e-13	7.816413e-13	9.219974e-13	8.541801e-13	6.662136e-13	4.665166e-13	3.100988e-13	2.242327e-13	1.802888e-13	1.523293e-13	1.324458e-13	1.171755e-13	1.053345e-13	6.476173e-13	3.011548e-12	6.195732e-12	2.121066e-11	6.599460e-11	1.361040e-10	1.976341e-10	2.209900e-10	2.053145e-10	1.683049e-10	1.275211e-10	9.261381e-11	6.626413e-11	4.748211e-11	3.432219e-11	2.502451e-11	1.815150e-11	1.280214e-11	8.615471e-12	5.493473e-12	3.328161e-12	1.930787e-12	1.084740e-12	6.076344e-13	5.731399e-13	
M37	1.614105e-21	2.878638e-20	1.304123e-18	1.754121e-17	1.161219e-16	6.806340e-16	3.912930e-15	3.715235e-14	6.325129e-13	1.426665e-11	2.542855e-10	2.080613e-09	6.352221e-09	1.293865e-08	1.965227e-08	2.403087e-08	2.528254e-08	2.397689e-08	2.092897e-08	1.574860e-08	1.014052e-08	6.006416e-09	3.594931e-09	2.668695e-09	3.272198e-09	6.313830e-09	1.495860e-08	3.760329e-08	9.831973e-08	2.659800e-07	7.452338e-07	2.045822e-06	5.570149e-06	1.491800e-05	3.655792e-05	7.857772e-05	1.458420e-04	2.380463e-04	3.527730e-04	4.826005e-04	6.039638e-04	6.992947e-04	7.523000e-04	7.478449e-04	6.859438e-04	5.829716e-04	4.626831e-04	3.469915e-04	2.550196e-04	2.762540e-04	
M38	3.016870e-10	2.464217e-10	7.055193e-10	1.501904e-09	2.357491e-09	3.462972e-09	4.853461e-09	9.246953e-09	2.470912e-08	7.545364e-08	2.437115e-07	6.797693e-07	1.088661e-06	1.504079e-06	1.773832e-06	1.852775e-06	1.782720e-06	1.629878e-06	1.446465e-06	1.151293e-06	8.080824e-07	5.310490e-07	3.361443e-07	2.086397e-07	1.291940e-07	8.079049e-08	5.166099e-08	3.437311e-08	2.567951e-08	2.750239e-08	5.274022e-08	1.357479e-07	3.716297e-07	9.948186e-07	2.352705e-06	4.552116e-06	6.813601e-06	7.889982e-06	7.423584e-06	6.463639e-06	1.052712e-05	2.171114e-05	4.103553e-05	6.707946e-05	9.547383e-05	1.218227e-04	1.479071e-04	1.835971e-04	2.631574e-04	6.962279e-04	
M39	1.007821e+02	7.118045e+01	1.729437e+02	3.049630e+02	3.848979e+02	4.397998e+02	4.581939e+02	4.913452e+02	5.334570e+02	5.421395e+02	5.846692e+02	7.373498e+02	8.107244e+02	7.000106e+02	5.421164e+02	3.856663e+02	2.590234e+02	1.679321e+02	1.069729e+02	6.479291e+01	3.709735e+01	2.068261e+01	1.138400e+01	6.239895e+00	3.435100e+00	1.912605e+00	1.086136e+00	6.333666e-01	3.821475e-01	2.388421e-01	1.537991e-01	9.901002e-02	6.269559e-02	3.845876e-02	2.235876e-02	1.235386e-02	6.703874e-03	3.789384e-03	2.335292e-03	1.572899e-03	1.115066e-03	7.950624e-04	5.540124e-04	3.696193e-04	2.341540e-04	1.410071e-04	8.122268e-05	4.525537e-05	2.537855e-05	2.215052e-05	
M40	7.950905e-37	4.001145e-34	5.757629e-32	2.611252e-30	5.568009e-29	7.812828e-28	9.084337e-27	2.205241e-25	1.217799e-23	8.202566e-22	1.464757e-20	1.809908e-20	1.267532e-20	1.286171e-20	9.660285e-21	6.056038e-21	3.429432e-21	1.842998e-21	9.529562e-22	4.318388e-22	1.688443e-22	6.151485e-23	2.195657e-23	8.271429e-24	3.939982e-24	2.829339e-24	2.877745e-24	3.325087e-24	3.948419e-24	4.548277e-24	4.819771e-24	4.485406e-24	3.975260e-24	3.587592e-24	3.277890e-24	3.001583e-24	2.651538e-24	2.102324e-24	1.437975e-24	1.257446e-24	2.568512e-24	3.730047e-24	2.356479e-24	9.205696e-25	3.158029e-25	1.184566e-25	5.527195e-26	3.355700e-26	2.582168e-26	2.901312e-26	
M41	1.215806e-36	1.586417e-35	2.131314e-34	1.892585e-33	1.342503e-32	8.701773e-32	4.930710e-31	4.628488e-30	7.793685e-29	1.939102e-27	4.310644e-26	8.028410e-25	5.301184e-24	9.396779e-24	1.196827e-23	1.168148e-23	9.517154e-24	6.945110e-24	4.779332e-24	3.051582e-24	1.790918e-24	1.001402e-24	5.402214e-25	2.816154e-25	1.439471e-25	7.244558e-26	3.626517e-26	1.789173e-26	8.490721e-27	3.715509e-27	1.514684e-27	5.909416e-28	2.239505e-28	8.159339e-29	2.780904e-29	8.782504e-30	2.576007e-30	6.930562e-31	1.549528e-31	1.823882e-32	1.830982e-33	2.706284e-34	2.835466e-35	2.061919e-36	1.232589e-37	7.697938e-39	5.341853e-40	3.653687e-41	2.668165e-42	3.456710e-42	
M42	2.176759e-19	2.208525e-19	7.458103e-19	1.726667e-18	2.957479e-18	4.711211e-18	7.103232e-18	1.498613e-17	4.524291e-17	1.376071e-16	4.120213e-16	1.140289e-15	2.086197e-15	2.624405e-15	2.822292e-15	2.672476e-15	2.315910e-15	1.899419e-15	1.508266e-15	1.131815e-15	7.972756e-16	5.449933e-16	3.663140e-16	2.427225e-16	1.606825e-16	1.065563e-16	7.138563e-17	4.807100e-17	3.233745e-17	2.133814e-17	1.365331e-17	8.358935e-18	5.018528e-18	3.044057e-18	1.895040e-18	1.246650e-18	8.779065e-19	6.334019e-19	4.320342e-19	2.771504e-19	2.273445e-19	1.493888e-19	4.495992e-20	6.731317e-21	7.306874e-22	8.451261e-23	1.049835e-23	1.238456e-24	1.723086e-25	9.947685e-26	
M43	8.843185e-28	1.556521e-27	5.188876e-27	1.641286e-26	7.462365e-26	3.504845e-25	1.481406e-24	8.111801e-24	8.065097e-23	1.300771e-21	1.711407e-20	1.543483e-19	6.653110e-19	1.146487e-18	1.494925e-18	1.552046e-18	1.365642e-18	1.071685e-18	7.769834e-19	5.295402e-19	3.383208e-19	2.042472e-19	1.166950e-19	6.287484e-20	3.229105e-20	1.582880e-20	7.452288e-21	3.327044e-21	1.367880e-21	4.962982e-22	1.618799e-22	5.036910e-23	1.547666e-23	4.722303e-24	1.419709e-24	4.154212e-25	1.146719e-25	2.773129e-26	5.044117e-27	4.054503e-28	2.784475e-29	3.215097e-30	2.309391e-31	1.162006e-32	5.268001e-34	2.915233e-35	1.900075e-36	1.199480e-37	7.996999e-39	7.933666e-39	
M44	4.201778e-14	3.024345e-14	2.697415e-13	1.286953e-12	3.197511e-12	6.626339e-12	1.163147e-11	2.207176e-11	4.388202e-11	7.829350e-11	1.615387e-10	4.696242e-10	1.240410e-09	2.409756e-09	3.798324e-09	5.104147e-09	6.163127e-09	6.978834e-09	7.666818e-09	7.644484e-09	6.831282e-09	5.801798e-09	4.811426e-09	3.962790e-09	3.295977e-09	2.806805e-09	2.488282e-09	2.327338e-09	2.331427e-09	2.506899e-09	2.862046e-09	3.266223e-09	3.606380e-09	3.735892e-09	3.474836e-09	2.917763e-09	2.361817e-09	2.073256e-09	2.162426e-09	2.693211e-09	3.715479e-09	5.183888e-09	6.905592e-09	8.430402e-09	9.276991e-09	9.223231e-09	8.389994e-09	7.143033e-09	6.164920e-09	1.290634e-08	
M45	4.009821e-01	4.353724e+00	1.742986e+00	1.243451e+00	2.332893e+00	6.329917e+00	3.605679e+01	1.517444e+02	1.822846e+02	1.828287e+02	2.313549e+02	3.086833e+02	1.020526e+02	3.004078e+01	1.234490e+01	6.170912e+00	3.311786e+00	1.770854e+00	9.095499e-01	4.519933e-01	2.127742e-01	9.333605e-02	3.845560e-02	1.510150e-02	5.737154e-03	2.131917e-03	7.802501e-04	2.819644e-04	1.004604e-04	3.517955e-05	1.210807e-05	4.132724e-06	1.410554e-06	4.872756e-07	1.736902e-07	6.442473e-08	2.465211e-08	9.550168e-09	3.689715e-09	1.407578e-09	5.242936e-10	1.918242e-10	6.949154e-11	2.510475e-11	9.067872e-12	3.276133e-12	1.184075e-12	4.281140e-13	1.547442e-13	5.529570e-14	
M46	1.280713e-03	3.996823e-03	8.971742e-04	4.392917e-04	1.166793e-03	6.241070e-03	6.372949e-02	4.607555e-01	1.421772e+00	8.792601e+00	8.707778e+01	6.573358e+02	1.203128e+03	9.855215e+02	7.514157e+02	5.179711e+02	3.225325e+02	1.824972e+02	9.464968e+01	4.589875e+01	2.068234e+01	8.628329e+00	3.379620e+00	1.273714e+00	4.814396e-01	1.965902e-01	9.847413e-02	6.776956e-02	6.172662e-02	6.153792e-02	5.684075e-02	4.415749e-02	2.921123e-02	1.643832e-02	7.531442e-03	2.695175e-03	7.231565e-04	1.409067e-04	1.788636e-05	7.706711e-07	1.572543e-08	8.679778e-10	1.419314e-10	3.995179e-11	1.279068e-11	4.324652e-12	1.492708e-12	4.964090e-13	1.457784e-13	2.327736e-13	
M47	1.002803e-04	1.165798e-04	7.747521e-05	5.697673e-05	8.372413e-05	1.998966e-04	7.768215e-04	2.246353e-03	2.810259e-03	4.233009e-03	1.187013e-02	3.790596e-02	6.039329e-02	6.366819e-02	5.680540e-02	4.375036e-02	2.989330e-02	1.851993e-02	1.057792e-02	5.249777e-03	2.224552e-03	8.445726e-04	2.972805e-04	1.004687e-04	3.423785e-05	1.273783e-05	5.900928e-06	3.829250e-06	3.385944e-06	3.445809e-06	3.491614e-06	3.182874e-06	2.593750e-06	1.866270e-06	1.136777e-06	5.822598e-07	2.582424e-07	1.048779e-07	3.958382e-08	1.276662e-08	3.621097e-09	1.131322e-09	7.068270e-10	5.922355e-10	4.626777e-10	3.271045e-10	2.116820e-10	1.282640e-10	7.890945e-11	1.160644e-10	
M48	2.763110e-01	9.455221e-02	3.279211e-02	8.773535e-03	1.758124e-03	3.191167e-04	1.190062e-04	2.818473e-04	2.891375e-04	7.331546e-04	3.934524e-03	1.630296e-02	1.455722e-02	8.488860e-03	5.237562e-03	3.150029e-03	1.780707e-03	9.401792e-04	4.676935e-04	2.171340e-04	9.290783e-05	3.721856e-05	1.424195e-05	5.344337e-06	2.053989e-06	8.731142e-07	4.689502e-07	3.605882e-07	3.928616e-07	5.039668e-07	6.078064e-07	5.774947e-07	4.492361e-07	3.014200e-07	1.724987e-07	8.533794e-08	3.792108e-08	1.599290e-08	6.374063e-09	2.148310e-09	6.106543e-10	1.770604e-10	8.745733e-11	4.737761e-11	1.975049e-11	6.613388e-12	1.817868e-12	4.080054e-13	9.474951e-14	6.818567e-14	
M49	9.093560e-05	5.822706e-05	1.367281e-05	3.798583e-06	1.744809e-06	8.528552e-07	8.312952e-07	4.873530e-06	1.713646e-05	2.536477e-04	6.884428e-03	1.180574e-01	2.670559e-01	1.843145e-01	1.203895e-01	7.017662e-02	3.615403e-02	1.657321e-02	6.860851e-03	2.732189e-03	1.044266e-03	3.730465e-04	1.254367e-04	4.061314e-05	1.320419e-05	4.652483e-06	2.022183e-06	1.216878e-06	9.770321e-07	8.538605e-07	6.757203e-07	4.350360e-07	2.353672e-07	1.089941e-07	4.157177e-08	1.266931e-08	3.062685e-09	6.012975e-10	8.853780e-11	4.997753e-12	1.416387e-13	1.058011e-14	2.028452e-15	5.427644e-16	1.334828e-16	3.009266e-17	6.107183e-18	1.034178e-18	1.623990e-19	2.889892e-19	
M50	9.514623e-05	2.578877e-05	1.989385e-05	9.286051e-06	2.666727e-06	6.660631e-07	2.875038e-07	8.006537e-07	1.390183e-06	6.295259e-06	6.307854e-05	6.240391e-04	1.525074e-03	1.489612e-03	1.266282e-03	9.229271e-04	5.875776e-04	3.341138e-04	1.730911e-04	7.995600e-05	3.228352e-05	1.163158e-05	3.834744e-06	1.196116e-06	3.714707e-07	1.248702e-07	5.205815e-08	3.040288e-08	2.424515e-08	2.202622e-08	1.940265e-08	1.483091e-08	9.979237e-09	5.955125e-09	3.039310e-09	1.332914e-09	5.350355e-10	2.197813e-10	9.653656e-11	4.090410e-11	1.615314e-11	6.844148e-12	5.022846e-12	4.007022e-12	2.408139e-12	1.136622e-12	4.329703e-13	1.337225e-13	4.403053e-14	7.223257e-14	
M51	1.622657e-01	2.962691e-01	1.074642e-01	5.626083e-02	7.359088e-02	1.681308e-01	7.719583e-01	2.717082e+00	3.037475e+00	4.144955e+00	1.094243e+01	2.850433e+01	2.508872e+01	1.728572e+01	1.251121e+01	8.963296e+00	6.176873e+00	4.062375e+00	2.555118e+00	1.457496e+00	7.415177e-01	3.496721e-01	1.570197e-01	6.905379e-02	3.104665e-02	1.538142e-02	9.570172e-03	8.455361e-03	1.049529e-02	1.541845e-02	2.178127e-02	2.505298e-02	2.389994e-02	1.953988e-02	1.346604e-02	7.840459e-03	3.875145e-03	1.625127e-03	5.593761e-04	1.441464e-04	2.954568e-05	6.339223e-06	2.674118e-06	1.525822e-06	8.289938e-07	4.167599e-07	1.950312e-07	8.604525e-08	3.740133e-08	2.417161e-08	
M52	4.092559e+02	3.015182e+03	9.366788e+02	5.602430e+02	9.964765e+02	2.618414e+03	1.468761e+04	5.233110e+04	4.650545e+04	3.321650e+04	2.851772e+04	2.232882e+04	4.853486e+03	1.086974e+03	3.044731e+02	9.804980e+01	3.262631e+01	1.041878e+01	3.054423e+00	7.658697e-01	1.579568e-01	2.750334e-02	4.172282e-03	5.699017e-04	7.210631e-05	8.611498e-06	9.791697e-07	1.063324e-07	1.106963e-08	1.139362e-09	1.265390e-10	1.726355e-11	2.929867e-12	5.771366e-13	1.222607e-13	2.638345e-14	5.503242e-15	1.042518e-15	1.724664e-16	2.549041e-17	3.666859e-18	5.981488e-19	1.109024e-19	2.168351e-20	4.363522e-21	9.100329e-22	2.003649e-22	4.785692e-23	1.315303e-23	1.033532e-23	
M53	2.478455e-01	5.267041e+00	8.645261e-01	3.648697e-01	7.476722e-01	2.747404e+00	3.154610e+01	1.995299e+02	1.698489e+02	1.074137e+02	9.305173e+01	7.661760e+01	8.403482e+00	8.562189e-01	1.295565e-01	2.490503e-02	5.130319e-03	1.012626e-03	1.798287e-04	2.686176e-05	3.211544e-06	3.128520e-07	2.572879e-08	1.859745e-09	1.224609e-10	7.527309e-12	4.371463e-13	2.409205e-14	1.263829e-15	6.498347e-17	3.574286e-18	2.404930e-19	2.012890e-20	1.967271e-21	2.100354e-22	2.330207e-23	2.538052e-24	2.526162e-25	2.192757e-26	1.689740e-27	1.252290e-28	1.043038e-29	9.825662e-31	9.747173e-32	9.951231e-33	1.053033e-33	1.176601e-34	1.426456e-35	1.989698e-36	7.889245e-37	
M54	1.174852e+03	6.248511e+03	1.625267e+03	8.781178e+02	1.593078e+03	4.356507e+03	2.584448e+04	8.374523e+04	5.923062e+04	3.250933e+04	2.053599e+04	1.030792e+04	1.754365e+03	3.858683e+02	9.431468e+01	2.473722e+01	6.337377e+00	1.467522e+00	2.907091e-01	4.240292e-02	4.304713e-03	3.264184e-04	1.959489e-05	9.835136e-07	4.318372e-08	1.708741e-09	6.172401e-11	2.047147e-12	6.300470e-14	1.922208e-15	6.930629e-17	3.795839e-18	3.213208e-19	3.617254e-20	4.561239e-21	5.733053e-22	6.523923e-23	6.046879e-24	4.285186e-25	2.454492e-26	1.363907e-27	9.920886e-29	9.415232e-30	9.963621e-31	1.117137e-31	1.344952e-32	1.803973e-33	2.846457e-34	5.948637e-35	1.027877e-34	
M55	2.383388e-02	5.793441e-01	3.089831e-02	7.097855e-03	1.866428e-02	1.138293e-01	3.341249e+00	2.982727e+01	1.288232e+01	3.419457e+00	1.236707e+00	2.913432e-01	7.928020e-03	3.624296e-04	2.065995e-05	1.355919e-06	8.433644e-08	4.234232e-09	1.529516e-10	2.932369e-12	2.656511e-14	1.306541e-16	3.915776e-19	7.984764e-22	1.215632e-24	1.471899e-27	1.461143e-30	1.209420e-33	8.580406e-37	5.991152e-40	5.845769e-43	1.294191e-45	6.660640e-48	5.961222e-50	6.679662e-52	7.467674e-54	6.884623e-56	4.245523e-58	1.548838e-60	3.747278e-63	8.608863e-66	3.326638e-68	2.132574e-70	1.682084e-72	1.483117e-74	1.501797e-76	1.878993e-78	3.239774e-80	9.765621e-82	1.975197e-81	
M56	3.352725e-14	1.165507e-13	4.289316e-13	1.194217e-12	2.628334e-12	5.673528e-12	1.489248e-11	4.625608e-11	1.120302e-10	3.088023e-10	1.145053e-09	4.079385e-09	6.364394e-09	9.627462e-09	1.482550e-08	2.213885e-08	3.144774e-08	4.264469e-08	5.588023e-08	6.828982e-08	7.705095e-08	8.247853e-08	8.418600e-08	8.212099e-08	8.052512e-08	9.370514e-08	1.579956e-07	3.552439e-07	8.944369e-07	2.284901e-06	5.703494e-06	1.323020e-05	2.953379e-05	6.382318e-05	1.242359e-04	2.020554e-04	2.524036e-04	2.274387e-04	1.422958e-04	6.334726e-05	7.715300e-05	1.164789e-04	1.401987e-04	1.366501e-04	1.124740e-04	8.233477e-05	5.920913e-05	4.573941e-05	3.438635e-05	2.080139e-05	
M57	2.124730e-04	4.194378e-04	1.165393e-03	2.380638e-03	3.444383e-03	4.641214e-03	7.164108e-03	1.224993e-02	1.532986e-02	1.836294e-02	2.622571e-02	3.765555e-02	3.083502e-02	2.931292e-02	2.750913e-02	2.486189e-02	2.152673e-02	1.810159e-02	1.508132e-02	1.150015e-02	7.911981e-03	5.250130e-03	3.464514e-03	2.310158e-03	1.576823e-03	1.113168e-03	8.281075e-04	6.732446e-04	6.603045e-04	9.162033e-04	1.923723e-03	5.006111e-03	1.410409e-02	4.068382e-02	1.106209e-01	2.715752e-01	5.790716e-01	1.088900e+00	2.350272e+00	1.233719e+01	6.308566e+01	1.235642e+02	1.678830e+02	1.803228e+02	1.622876e+02	1.272952e+02	9.039632e+01	6.255395e+01	4.976056e+01	4.176618e+01	
M58	7.887299e-06	1.292673e-05	2.516801e-05	3.959871e-05	5.048305e-05	6.295959e-05	9.299747e-05	1.549173e-04	1.884163e-04	2.382449e-04	3.443884e-04	3.553164e-04	1.858163e-04	1.392847e-04	1.070843e-04	8.231959e-05	6.263971e-05	4.754883e-05	3.649460e-05	2.635801e-05	1.770127e-05	1.169175e-05	7.768630e-06	5.241309e-06	3.618845e-06	2.567799e-06	1.888526e-06	1.453036e-06	1.193841e-06	1.051614e-06	9.985785e-07	1.172267e-06	2.198158e-06	5.822569e-06	1.556078e-05	3.500577e-05	5.906086e-05	6.959891e-05	5.716698e-05	3.707225e-05	3.933670e-05	4.895451e-05	5.355039e-05	4.976119e-05	4.003134e-05	2.878426e-05	1.957778e-05	1.344132e-05	1.017245e-05	8.733279e-06	
M73	7.514292e-13	2.865586e-12	9.631183e-12	2.945652e-11	7.190718e-11	1.729985e-10	5.156727e-10	1.852241e-09	5.306426e-09	1.779297e-08	8.301638e-08	3.869998e-07	7.579161e-07	1.348838e-06	2.463104e-06	4.389811e-06	7.519094e-06	1.247966e-05	2.037948e-05	3.164122e-05	4.617468e-05	6.490482e-05	8.807014e-05	1.153047e-04	1.528239e-04	2.415319e-04	5.546073e-04	1.699395e-03	5.822765e-03	2.016770e-02	6.782872e-02	2.100139e-01	6.176203e-01	1.728028e+00	4.259709e+00	8.538580e+00	1.273076e+01	1.322446e+01	9.293216e+00	4.789019e+00	6.185441e+00	9.004146e+00	1.023929e+01	9.340563e+00	7.165490e+00	4.887876e+00	3.282339e+00	2.387138e+00	1.729758e+00	1.055484e+00	
M85	7.643289e-43	1.780939e-40	7.415097e-39	2.030448e-37	3.484401e-36	4.575995e-35	6.307223e-34	2.318230e-32	1.929200e-30	1.501626e-28	1.894720e-27	1.096733e-27	8.724570e-28	1.033914e-27	9.288034e-28	6.924763e-28	4.555953e-28	2.757943e-28	1.562058e-28	7.825581e-29	3.472182e-29	1.453496e-29	5.871107e-30	2.291426e-30	8.793948e-31	3.304643e-31	1.216325e-31	4.280130e-32	1.394729e-32	4.012310e-33	9.880112e-34	2.125487e-34	4.333437e-35	9.174715e-36	2.179933e-36	6.194107e-37	2.150949e-37	8.594058e-38	3.738994e-38	3.754335e-38	2.723570e-37	1.162867e-36	1.004118e-36	3.306533e-37	7.674377e-38	1.719562e-38	4.081094e-39	9.613661e-40	1.850235e-40	3.179317e-41	
M86	1.312699e-24	2.673756e-23	2.625141e-22	1.609183e-21	6.127160e-21	1.937501e-20	6.342219e-20	3.522441e-19	2.889796e-18	2.314133e-17	8.114524e-17	6.127396e-17	4.939435e-17	5.816565e-17	5.565266e-17	4.639638e-17	3.537156e-17	2.554197e-17	1.779106e-17	1.095335e-17	5.873877e-18	2.951708e-18	1.432875e-18	6.789864e-19	3.187817e-19	1.484802e-19	6.907347e-20	3.235420e-20	1.611245e-20	9.752838e-21	8.076653e-21	8.326111e-21	9.653252e-21	1.212784e-20	1.580080e-20	2.093915e-20	2.731511e-20	3.457390e-20	5.402628e-20	3.239233e-19	5.319345e-18	2.677536e-17	4.366464e-17	3.594387e-17	2.144132e-17	1.125953e-17	5.660069e-18	2.834397e-18	1.509022e-18	8.267733e-19	
M88	1.117250e-03	1.677404e-03	3.627891e-03	4.906979e-03	3.993100e-03	2.624547e-03	1.629943e-03	9.809192e-04	3.981173e-04	1.266052e-04	3.480934e-05	6.891885e-06	2.100755e-06	1.597461e-06	1.130956e-06	7.372617e-07	4.427675e-07	2.499611e-07	1.356823e-07	6.422044e-08	2.670257e-08	1.078168e-08	4.469871e-09	1.978072e-09	9.606540e-10	5.183193e-10	3.139314e-10	2.172825e-10	1.821353e-10	1.971224e-10	2.961747e-10	6.201490e-10	1.592522e-09	4.174205e-09	9.529097e-09	1.738026e-08	2.347945e-08	2.323497e-08	2.024074e-08	1.848618e-08	9.508283e-09	4.622220e-09	2.261421e-09	1.078117e-09	4.995900e-10	2.240240e-10	9.705471e-11	4.080776e-11	1.779155e-11	2.624441e-11	
M89	1.180358e+02	8.753299e+01	2.275286e+02	4.303063e+02	5.840282e+02	7.196911e+02	8.111199e+02	9.440959e+02	1.116584e+03	1.240993e+03	1.469902e+03	2.045475e+03	2.734980e+03	3.183850e+03	3.343341e+03	3.246096e+03	2.990709e+03	2.670580e+03	2.350539e+03	1.972175e+03	1.567361e+03	1.214939e+03	9.310015e+02	7.112436e+02	5.462136e+02	4.245820e+02	3.368311e+02	2.745426e+02	2.316395e+02	2.025305e+02	1.825066e+02	1.644662e+02	1.458202e+02	1.252724e+02	1.020168e+02	7.897051e+01	6.004705e+01	4.756599e+01	4.108493e+01	3.878835e+01	3.854791e+01	3.853350e+01	3.764668e+01	3.521775e+01	3.128493e+01	2.641956e+01	2.134200e+01	1.667713e+01	1.311686e+01	1.605741e+01	
M90	6.065216e-26	3.132939e-25	3.957282e-25	9.386521e-25	8.721816e-24	1.041210e-22	1.315764e-21	2.053505e-20	5.744078e-19	4.332578e-17	2.284107e-15	5.484606e-14	3.293380e-13	5.761799e-13	8.308701e-13	9.991309e-13	1.042775e-12	9.814692e-13	8.569683e-13	7.640979e-13	7.009081e-13	6.322098e-13	5.496838e-13	4.537755e-13	3.564699e-13	2.652753e-13	1.872357e-13	1.231474e-13	7.256193e-14	3.592800e-14	1.489653e-14	5.513118e-15	1.920632e-15	6.405257e-16	2.025222e-16	5.791399e-17	1.353310e-17	2.197853e-18	1.882486e-19	2.830965e-21	1.959109e-23	5.598797e-25	1.474804e-26	3.493609e-28	9.096843e-30	3.374581e-31	1.644516e-32	7.987964e-34	3.564223e-35	5.382422e-35	
P1	9.489237e-19	1.526469e-18	1.815930e-18	3.482085e-18	1.445371e-17	8.588081e-17	7.656541e-16	9.427859e-15	3.043132e-13	7.366881e-11	8.311468e-09	3.277829e-07	3.961207e-06	1.368420e-05	3.545988e-05	7.003695e-05	1.131355e-04	1.601900e-04	2.109812e-04	2.860424e-04	4.086381e-04	5.989872e-04	8.958513e-04	1.367462e-03	2.147553e-03	3.507093e-03	6.066603e-03	1.122105e-02	2.190980e-02	4.232751e-02	7.568705e-02	1.192895e-01	1.680831e-01	2.117570e-01	2.320119e-01	2.185051e-01	1.772937e-01	1.247982e-01	7.424907e-02	3.379873e-02	1.156984e-02	2.376264e-03	2.188306e-04	1.362585e-05	2.156388e-06	6.648555e-07	2.225301e-07	6.758321e-08	2.061898e-08	6.636784e-08
P2	0.000000e+00	0.000000e+00	0.000000e+00	0.000000e+00	0.000000e+00	0.000000e+00	0.000000e+00	0.000000e+00	0.000000e+00	3.991985e-298	4.931598e-221	9.987845e-160	5.302771e-114	1.535682e-83	8.123422e-61	1.407974e-45	5.843807e-31	2.661202e-23	1.992675e-16	2.038029e-15	1.654314e-10	2.647605e-09	2.542155e-08	1.766105e-07	1.198999e-06	8.530765e-06	5.774060e-05	3.493429e-04	1.859577e-03	8.298151e-03	2.953224e-02	8.105497e-02	1.771190e-01	3.148178e-01	4.530051e-01	5.333269e-01	5.255302e-01	4.441740e-01	3.175269e-01	1.743009e-01	7.168421e-02	1.737937e-02	1.833193e-03	1.263566e-04	2.148677e-05	6.963753e-06	2.413916e-06	7.492396e-07	2.191186e-07	4.951723e-07
P3	5.326952e-21	7.396052e-21	6.186584e-21	1.289875e-20	1.168211e-19	1.757668e-18	3.822296e-17	9.887890e-16	6.524817e-14	4.264363e-11	1.137353e-08	8.234745e-07	1.051787e-05	2.226736e-05	3.636585e-05	4.683257e-05	5.091813e-05	4.980221e-05	4.630302e-05	4.687698e-05	5.280548e-05	6.253878e-05	7.624137e-05	9.457626e-05	1.190881e-04	1.522853e-04	1.997031e-04	2.679335e-04	3.542813e-04	4.148755e-04	4.014435e-04	3.254356e-04	2.319647e-04	1.442560e-04	7.478584e-05	3.074225e-05	9.616012e-06	2.233946e-06	3.479596e-07	1.872444e-08	4.456708e-10	1.608252e-11	3.822178e-13	7.662232e-15	4.620642e-16	6.204154e-17	9.970950e-18	1.487265e-18	1.877488e-19	6.421544e-19
P4	2.132501e-20	3.304531e-20	2.941607e-20	6.349187e-20	5.887853e-19	9.048458e-18	2.012848e-16	5.339309e-15	3.618096e-13	2.427410e-10	6.630556e-08	4.898221e-06	6.355314e-05	1.360967e-04	2.240594e-04	2.901689e-04	3.167141e-04	3.106138e-04	2.893358e-04	2.933099e-04	3.307115e-04	3.919261e-04	4.780207e-04	5.931723e-04	7.470816e-04	9.554957e-04	1.253156e-03	1.681439e-03	2.223434e-03	2.603797e-03	2.519533e-03	2.042499e-03	1.455848e-03	9.053642e-04	4.693567e-04	1.929359e-04	6.034848e-05	1.401968e-05	2.183676e-06	1.175064e-07	2.796781e-09	1.009223e-10	2.398443e-12	4.807913e-14	2.899248e-15	3.892674e-16	6.255841e-17	9.330714e-18	1.177563e-18	4.021115e-18
P5	1.141610e-12	3.045877e-12	1.246741e-11	4.748762e-11	2.232147e-10	1.092569e-09	4.967119e-09	2.877861e-08	3.309888e-07	8.857283e-06	1.205885e-04	9.070790e-04	5.812453e-03	1.355266e-02	2.025125e-02	2.203413e-02	1.979021e-02	1.594572e-02	1.213337e-02	8.928159e-03	6.462863e-03	4.671799e-03	3.418718e-03	2.578103e-03	2.058308e-03	1.795738e-03	1.774004e-03	2.019786e-03	2.612970e-03	3.539430e-03	4.521515e-03	5.053717e-03	5.027358e-03	4.477413e-03	3.477384e-03	2.327785e-03	1.343867e-03	6.724255e-04	2.838729e-04	9.134660e-05	2.189349e-05	3.093704e-06	1.913561e-07	7.849321e-09	8.129962e-10	1.650011e-10	3.692695e-11	7.767752e-12	1.893676e-12	3.941024e-12
P6	7.581144e+03	3.959826e+03	8.960832e+03	1.316503e+04	1.327622e+04	1.180043e+04	9.196315e+03	7.007475e+03	5.124512e+03	2.835629e+03	1.039638e+03	2.633190e+02	1.628768e+02	2.883530e+02	4.403174e+02	6.090686e+02	7.785017e+02	9.364615e+02	1.076356e+03	1.040421e+03	8.638403e+02	6.795865e+02	5.233670e+02	4.004071e+02	3.077845e+02	2.395839e+02	1.904377e+02	1.553337e+02	1.305516e+02	1.129196e+02	9.980740e+01	8.849937e+01	7.770480e+01	6.664374e+01	5.504326e+01	4.385645e+01	3.448554e+01	2.784451e+01	2.390793e+01	2.198225e+01	2.112770e+01	2.049904e+01	1.953079e+01	1.794190e+01	1.575917e+01	1.322193e+01	1.062753e+01	8.264327e+00	6.619193e+00	7.106847e+00
P7	8.780591e-15	4.448563e-14	3.108509e-13	1.317374e-12	3.266718e-12	6.652877e-12	1.148957e-11	2.200845e-11	4.392154e-11	8.056829e-11	2.081858e-10	1.357218e-09	2.330258e-08	9.116127e-08	1.648902e-07	1.699978e-07	1.262619e-07	7.955382e-08	4.762369e-08	2.851966e-08	1.749362e-08	1.127131e-08	7.701158e-09	5.589947e-09	4.325548e-09	3.586591e-09	3.248007e-09	3.313392e-09	3.980527e-09	5.508576e-09	7.694735e-09	9.227975e-09	9.434501e-09	8.292500e-09	6.176708e-09	4.096318e-09	2.723420e-09	2.117412e-09	2.098265e-09	2.575703e-09	3.537561e-09	4.919449e-09	6.528995e-09	7.940675e-09	8.709770e-09	8.639564e-09	7.848569e-09	6.673044e-09	5.835534e-09	1.128885e-08
P8	6.680719e-19	1.521645e-18	1.942654e-18	3.199691e-18	1.040315e-17	3.787812e-17	1.333095e-16	5.782358e-16	4.420575e-15	5.722287e-14	5.502339e-13	2.983894e-12	8.264637e-12	1.095007e-11	1.211630e-11	1.161120e-11	1.005279e-11	8.122417e-12	6.239246e-12	4.787501e-12	3.675924e-12	2.759246e-12	1.997230e-12	1.375379e-12	9.021815e-13	5.600476e-13	3.281039e-13	1.778104e-13	8.588283e-14	3.537749e-14	1.272696e-14	4.371971e-15	1.508781e-15	5.340974e-16	1.966814e-16	7.421952e-17	2.691793e-17	8.215127e-18	1.730380e-18	1.474230e-19	1.019774e-20	1.179506e-21	8.686588e-23	4.681663e-24	2.394757e-25	1.573215e-26	1.272661e-27	1.030786e-28	8.758099e-30	7.111276e-30
P9	2.966729e-27	1.465097e-26	1.692818e-26	3.620676e-26	3.000163e-25	3.162501e-24	3.493554e-23	4.715413e-22	1.123586e-20	7.095989e-19	3.081508e-17	5.984344e-16	2.762719e-15	3.551123e-15	3.742377e-15	3.272351e-15	2.473257e-15	1.679904e-15	1.055166e-15	6.748126e-16	4.427526e-16	2.847454e-16	1.758484e-16	1.025999e-16	5.657611e-17	2.926075e-17	1.413174e-17	6.197982e-18	2.323863e-18	6.793378e-19	1.545278e-19	3.100215e-20	5.963182e-21	1.121224e-21	2.062586e-22	3.536350e-23	5.092892e-24	5.242258e-25	2.938115e-26	3.004003e-28	1.477067e-30	3.123258e-32	6.310856e-34	1.184035e-35	2.533891e-37	6.361898e-39	1.818757e-39	0.000000e+00	8.952349e-40	0.000000e+00
P10	2.398310e-26	1.163846e-25	1.337299e-25	2.849167e-25	2.354229e-24	2.475523e-23	2.727467e-22	3.670008e-21	8.744838e-20	5.541742e-18	2.414881e-16	4.702898e-15	2.175667e-14	2.800578e-14	2.954229e-14	2.584811e-14	1.954412e-14	1.327847e-14	8.341841e-15	5.335506e-15	3.500970e-15	2.251686e-15	1.390613e-15	8.113841e-16	4.474255e-16	2.314083e-16	1.117618e-16	4.901747e-17	1.837863e-17	5.372668e-18	1.222114e-18	2.451872e-19	4.716118e-20	8.867465e-21	1.631245e-21	2.796808e-22	4.027838e-23	4.145969e-24	2.323681e-25	2.375791e-27	1.168176e-29	2.470107e-31	4.991099e-33	9.364237e-35	2.003991e-36	5.031467e-38	1.438410e-38	0.000000e+00	7.080190e-39	0.000000e+00
P11	1.875939e-16	4.788588e-16	7.571880e-16	1.063629e-15	1.274149e-15	1.363280e-15	1.432311e-15	1.787320e-15	3.510709e-15	1.067692e-14	3.811227e-14	1.463718e-13	4.852739e-13	7.494289e-13	8.707681e-13	8.132752e-13	6.528837e-13	4.881653e-13	3.901271e-13	4.226147e-13	6.725983e-13	1.348238e-12	2.867452e-12	5.842970e-12	1.136403e-11	2.068589e-11	3.554066e-11	5.652396e-11	8.471145e-11	1.173198e-10	1.463552e-10	1.609000e-10	1.600926e-10	1.469509e-10	1.252705e-10	1.005782e-10	7.711359e-11	5.700627e-11	4.072557e-11	2.782895e-11	1.748238e-11	9.235913e-12	3.580568e-12	9.464111e-13	2.048484e-13	4.906310e-14	1.282504e-14	3.178243e-15	8.512173e-16	5.231775e-16
P12	0.000000e+00	0.000000e+00	0.000000e+00	0.000000e+00	8.483890e-50	1.156117e-47	4.484730e-46	2.248707e-44	3.669277e-42	1.820367e-39	5.595332e-37	4.881556e-35	5.410200e-34	8.088015e-34	8.381345e-34	6.256105e-34	3.627439e-34	1.745486e-34	7.290208e-35	3.058970e-35	1.305657e-35	5.308095e-36	1.986902e-36	6.628717e-37	1.964784e-37	5.084098e-38	1.138395e-38	2.105949e-39	2.930984e-40	2.701222e-41	1.692381e-42	8.849503e-44	4.365626e-45	2.121480e-46	1.041573e-47	4.899324e-49	1.897153e-50	4.705900e-52	5.624785e-54	3.161908e-56	1.671713e-58	8.821374e-61	4.651324e-63	2.452117e-65	1.292685e-67	6.814595e-70	3.592412e-72	1.893742e-74	9.982478e-77	5.224760e-79
P13	0.000000e+00	0.000000e+00	0.000000e+00	0.000000e+00	8.561433e-50	1.249501e-47	5.235813e-46	2.900495e-44	5.186137e-42	2.773836e-39	9.247469e-37	8.746015e-35	1.040996e-33	1.647897e-33	1.783276e-33	1.374392e-33	8.156824e-34	3.991415e-34	1.687229e-34	7.140684e-35	3.066570e-35	1.252151e-35	4.701583e-36	1.572023e-36	4.666916e-37	1.208976e-37	2.709227e-38	5.014743e-39	6.982184e-40	6.436719e-41	4.033597e-42	2.109490e-43	1.040761e-44	5.057966e-46	2.483419e-47	1.168189e-48	4.523676e-50	1.122124e-51	1.341254e-53	7.539810e-56	3.986374e-58	2.103571e-60	1.109180e-62	5.847507e-65	3.082665e-67	1.625090e-69	8.566968e-72	4.516120e-74	2.380598e-76	1.245997e-78
P14	2.128673e-19	2.225675e-19	7.461305e-19	1.725855e-18	2.957856e-18	4.711439e-18	7.102346e-18	1.498748e-17	4.524602e-17	1.376349e-16	4.128770e-16	1.153734e-15	2.141826e-15	2.699351e-15	2.893688e-15	2.724671e-15	2.347735e-15	1.916566e-15	1.516697e-15	1.135894e-15	7.992294e-16	5.458911e-16	3.667057e-16	2.428849e-16	1.607466e-16	1.065810e-16	7.139461e-17	4.807410e-17	3.233813e-17	2.133819e-17	1.365323e-17	8.359412e-18	5.019113e-18	3.044418e-18	1.895273e-18	1.246769e-18	8.779128e-19	6.333412e-19	4.320024e-19	2.772347e-19	2.272690e-19	1.493059e-19	4.501413e-20	6.764168e-21	7.363460e-22	8.511667e-23	1.056618e-23	1.247080e-24	1.733774e-25	9.950253e-26
P15	8.341745e-29	1.464295e-27	7.052277e-27	2.828804e-26	1.159041e-25	4.435801e-25	1.541163e-24	8.351007e-24	7.997322e-23	1.208572e-21	1.505128e-20	1.290114e-19	5.331863e-19	8.897613e-19	1.130756e-18	1.150852e-18	9.973908e-19	7.737785e-19	5.561716e-19	3.765982e-19	2.394746e-19	1.440804e-19	8.211693e-20	4.417395e-20	2.265895e-20	1.109829e-20	5.220543e-21	2.329266e-21	9.575997e-22	3.481530e-22	1.139039e-22	3.554831e-23	1.092799e-23	3.327730e-24	9.988394e-25	2.920229e-25	8.068072e-26	1.961933e-26	3.635165e-27	3.243676e-28	2.344885e-29	2.481414e-30	1.904828e-31	1.060061e-32	5.107492e-34	2.704421e-35	1.663139e-36	1.041977e-37	6.931060e-39	5.294375e-39
P16	8.271963e-37	3.740451e-32	7.061791e-30	1.307304e-28	1.162394e-27	6.888791e-27	3.218119e-26	2.362316e-25	3.327622e-24	7.546057e-23	1.336848e-21	1.512724e-20	7.701086e-20	1.495230e-19	2.119074e-19	2.333938e-19	2.142374e-19	1.733373e-19	1.284952e-19	8.900416e-20	5.754135e-20	3.503725e-20	2.014365e-20	1.090663e-20	5.623580e-21	2.767101e-21	1.307567e-21	5.862715e-22	2.423601e-22	8.866972e-23	2.921470e-23	9.187146e-24	2.846254e-24	8.732333e-25	2.639045e-25	7.762029e-26	2.155597e-26	5.265019e-27	9.792838e-28	8.768561e-29	6.359977e-30	6.753132e-31	5.202430e-32	2.905812e-33	1.405050e-34	7.464185e-36	4.603484e-37	2.892249e-38	1.937133e-39	1.528430e-39
P17	5.938822e-37	2.685442e-32	5.069992e-30	9.385761e-29	8.345384e-28	4.945796e-27	2.310443e-26	1.696021e-25	2.389061e-24	5.417681e-23	9.597879e-22	1.086058e-20	5.528984e-20	1.073498e-19	1.521386e-19	1.675647e-19	1.538115e-19	1.244473e-19	9.225295e-20	6.390041e-20	4.131173e-20	2.515495e-20	1.446211e-20	7.830400e-21	4.037442e-21	1.986636e-21	9.387659e-22	4.209128e-22	1.740021e-22	6.366030e-23	2.097465e-23	6.595899e-24	2.043464e-24	6.269366e-25	1.894699e-25	5.572738e-26	1.547608e-26	3.780013e-27	7.030754e-28	6.295376e-29	4.566136e-30	4.848402e-31	3.735077e-32	2.086224e-33	1.008754e-34	5.358901e-36	3.305065e-37	2.076486e-38	1.390762e-39	1.097334e-39
P18	5.567460e-38	1.580202e-36	3.745321e-35	1.313045e-33	6.633647e-32	1.287981e-30	1.510684e-29	2.903937e-28	1.952835e-26	4.417380e-24	4.170966e-22	1.305001e-20	1.728186e-19	3.843577e-19	4.709082e-19	3.682013e-19	2.151410e-19	1.048780e-19	4.563569e-20	1.905859e-20	7.787870e-21	3.090454e-21	1.191882e-21	4.490666e-22	1.701045e-22	6.647486e-23	2.770169e-23	1.228688e-23	5.511764e-24	2.207174e-24	7.281661e-25	2.008083e-25	4.945654e-26	1.116890e-26	2.288003e-27	4.141650e-28	6.225490e-29	6.863067e-30	4.483961e-31	1.015022e-32	1.413071e-34	1.748176e-36	1.132040e-38	5.530712e-41	2.637307e-43	1.360987e-45	8.634277e-48	7.036253e-50	7.928675e-52	5.856280e-52
P19	1.391865e-38	3.951522e-37	9.376390e-36	3.292800e-34	1.665901e-32	3.237299e-31	3.799612e-30	7.312397e-29	4.928725e-27	1.118987e-24	1.061622e-22	3.339242e-21	4.444916e-20	9.929805e-20	1.220925e-19	9.572579e-20	5.604789e-20	2.736386e-20	1.191997e-20	4.982026e-21	2.036953e-21	8.086517e-22	3.119600e-22	1.175619e-22	4.453853e-23	1.740698e-23	7.254459e-24	3.217836e-24	1.443542e-24	5.780793e-25	1.907171e-25	5.259532e-26	1.295369e-26	2.925387e-27	5.992825e-28	1.084801e-28	1.630615e-29	1.797616e-30	1.174469e-31	2.658616e-33	3.701222e-35	4.578964e-37	2.965138e-39	1.448655e-41	6.907894e-44	3.564839e-46	2.261584e-48	1.843016e-50	2.076774e-52	1.533950e-52
P20	1.927880e+03	3.912388e+03	9.121772e+03	1.405645e+04	1.479423e+04	1.330143e+04	1.042655e+04	7.835536e+03	5.661836e+03	3.606960e+03	1.943554e+03	8.180844e+02	5.277824e+02	4.964284e+02	3.968463e+02	2.777675e+02	1.753603e+02	1.026451e+02	5.677813e+01	2.762963e+01	1.197129e+01	5.002430e+00	2.117027e+00	9.414524e-01	4.511442e-01	2.352150e-01	1.337883e-01	8.351424e-02	5.916606e-02	5.079210e-02	6.082068e-02	1.121488e-01	2.778742e-01	7.473868e-01	1.855374e+00	3.854454e+00	6.161093e+00	7.475141e+00	8.292585e+00	1.007350e+01	7.239001e+00	5.144239e+00	3.829509e+00	2.876849e+00	2.166473e+00	1.624345e+00	1.209564e+00	8.973507e-01	7.065249e-01	1.943125e+00
P21	1.750080e+03	3.445259e+03	7.869712e+03	1.196792e+04	1.246493e+04	1.109394e+04	8.601404e+03	6.387492e+03	4.576347e+03	2.901558e+03	1.556787e+03	6.527224e+02	4.197136e+02	3.937712e+02	3.141873e+02	2.196094e+02	1.385068e+02	8.101597e+01	4.479133e+01	2.178871e+01	9.438129e+00	3.943182e+00	1.668536e+00	7.419375e-01	3.555131e-01	1.853467e-01	1.054201e-01	6.580447e-02	4.661870e-02	4.002012e-02	4.792142e-02	8.836302e-02	2.189385e-01	5.888679e-01	1.461851e+00	3.036922e+00	4.854316e+00	5.889648e+00	6.533707e+00	7.936885e+00	5.703586e+00	4.053129e+00	3.017258e+00	2.266659e+00	1.706957e+00	1.279816e+00	9.530114e-01	7.070194e-01	5.566684e-01	1.530981e+00
P22	3.877210e-03	7.303799e-03	1.569090e-02	2.602919e-02	3.399219e-02	3.697876e-02	3.558352e-02	3.548485e-02	3.463906e-02	3.247016e-02	3.293065e-02	4.501485e-02	5.579313e-02	6.367145e-02	6.676307e-02	6.503177e-02	5.985840e-02	5.302419e-02	4.595137e-02	3.879415e-02	3.185841e-02	2.579811e-02	2.075774e-02	1.666667e-02	1.342653e-02	1.088309e-02	8.912354e-03	7.363731e-03	6.095730e-03	4.995721e-03	4.282149e-03	4.772958e-03	8.755523e-03	2.222446e-02	5.487225e-02	1.062724e-01	1.379380e-01	1.079556e-01	4.717141e-02	8.021223e-03	1.341904e-03	7.268641e-04	6.578848e-04	6.979377e-04	7.746239e-04	8.610795e-04	9.615253e-04	1.146792e-03	1.861903e-03	7.247787e-03
P23	4.283982e-04	8.593085e-04	1.892764e-03	3.155806e-03	4.099857e-03	4.420544e-03	4.221839e-03	4.195668e-03	4.101426e-03	3.867632e-03	3.958632e-03	5.468182e-03	6.845401e-03	7.877652e-03	8.314196e-03	8.138501e-03	7.518323e-03	6.677602e-03	5.797992e-03	4.901680e-03	4.029332e-03	3.265163e-03	2.628556e-03	2.111267e-03	1.701259e-03	1.379237e-03	1.129630e-03	9.334314e-04	7.727504e-04	6.333334e-04	5.428885e-04	6.051277e-04	1.110067e-03	2.817756e-03	6.957109e-03	1.347408e-02	1.748899e-02	1.368759e-02	5.980836e-03	1.017008e-03	1.701397e-04	9.215902e-05	8.341318e-05	8.849153e-05	9.821460e-05	1.091763e-04	1.219119e-04	1.454019e-04	2.360710e-04	9.189480e-04
P24	3.795714e-22	2.173284e-22	0.000000e+00	4.841440e-22	1.766608e-21	6.184849e-21	2.597167e-20	1.766577e-19	2.850921e-18	1.902980e-16	7.238468e-15	1.004335e-13	3.795557e-13	5.016047e-13	5.044861e-13	3.974446e-13	2.630813e-13	1.565995e-13	8.891275e-14	4.999947e-14	2.801967e-14	1.580910e-14	9.032660e-15	5.230886e-15	3.091555e-15	1.883211e-15	1.213699e-15	8.580029e-16	7.138633e-16	7.782009e-16	1.190059e-15	2.192408e-15	4.324295e-15	8.479255e-15	1.489396e-14	2.204416e-14	2.640467e-14	2.626756e-14	2.801738e-14	5.589846e-14	8.700950e-14	3.594704e-14	5.497135e-15	7.944606e-16	5.487486e-16	6.150036e-16	6.486616e-16	6.199618e-16	5.299012e-16	5.430131e-16
P25	1.100079e-18	1.709251e-18	3.125054e-18	3.994730e-18	3.710486e-18	3.077264e-18	2.696475e-18	3.343760e-18	4.723209e-18	6.831937e-18	9.899135e-18	2.179761e-17	4.299592e-17	5.377873e-17	5.507407e-17	4.740344e-17	3.580530e-17	2.459952e-17	1.563086e-17	9.029102e-18	4.708748e-18	2.294283e-18	1.075376e-18	5.031142e-19	2.540485e-19	1.463942e-19	9.568145e-20	6.344651e-20	3.858856e-20	2.037955e-20	9.851285e-21	4.847529e-21	2.668000e-21	1.752435e-21	1.382013e-21	1.226868e-21	1.071598e-21	7.950399e-22	4.956377e-22	2.977492e-22	2.091876e-22	1.352192e-22	4.566967e-23	7.966461e-24	9.852997e-25	1.270052e-25	1.794929e-26	2.545181e-27	4.277371e-28	2.177189e-28
P26	2.525742e-27	5.714430e-27	1.099173e-26	2.143582e-26	5.378256e-26	1.343492e-25	3.311150e-25	1.134462e-24	5.600393e-24	4.437231e-23	2.570469e-22	1.422487e-21	6.020253e-21	1.011034e-20	1.297218e-20	1.292411e-20	1.050055e-20	7.254016e-21	4.351069e-21	2.317917e-21	1.102839e-21	4.796026e-22	1.977849e-22	8.224656e-23	3.844890e-23	2.068782e-23	1.173085e-23	5.977789e-24	2.446243e-24	7.545300e-25	1.909849e-25	4.699813e-26	1.227420e-26	3.508509e-27	1.112678e-27	3.785184e-28	1.241120e-28	3.317914e-29	6.060751e-30	4.957384e-31	3.749806e-32	4.996568e-33	4.640562e-34	2.979174e-35	1.615646e-36	9.832376e-38	7.125064e-39	5.394231e-40	4.363486e-41	3.383119e-41
P27	9.343031e-22	4.167665e-21	9.135952e-21	1.163659e-20	6.469824e-21	4.539638e-21	4.324880e-21	5.950199e-21	1.668387e-20	1.732675e-19	7.981752e-19	1.003981e-18	1.257135e-18	2.395547e-18	3.352411e-18	3.673451e-18	3.380642e-18	2.795761e-18	2.202453e-18	1.716369e-18	1.331283e-18	1.037240e-18	8.161281e-19	6.491198e-19	5.254150e-19	4.372377e-19	3.845010e-19	3.727353e-19	4.347801e-19	6.876927e-19	1.502622e-18	3.736221e-18	9.449788e-18	2.285614e-17	4.831594e-17	8.466532e-17	1.195198e-16	1.428026e-16	1.872389e-16	3.676494e-16	5.402640e-16	2.509773e-16	5.159306e-17	9.159233e-18	4.253642e-18	4.308945e-18	4.799754e-18	5.133153e-18	5.321815e-18	6.771758e-18
P28	2.002078e-22	8.930710e-22	1.957704e-21	2.493554e-21	1.386391e-21	9.727796e-22	9.267600e-22	1.275043e-21	3.575116e-21	3.712875e-20	1.710376e-19	2.151389e-19	2.693860e-19	5.133314e-19	7.183738e-19	7.871680e-19	7.244233e-19	5.990916e-19	4.719541e-19	3.677934e-19	2.852748e-19	2.222657e-19	1.748846e-19	1.390971e-19	1.125889e-19	9.369378e-20	8.239306e-20	7.987186e-20	9.316717e-20	1.473627e-19	3.219905e-19	8.006188e-19	2.024955e-18	4.897745e-18	1.035342e-17	1.814257e-17	2.561138e-17	3.060055e-17	4.012263e-17	7.878202e-17	1.157708e-16	5.378086e-17	1.105566e-17	1.962693e-18	9.114947e-19	9.233453e-19	1.028519e-18	1.099961e-18	1.140389e-18	1.451091e-18
P29	2.002078e-22	8.930710e-22	1.957704e-21	2.493554e-21	1.386391e-21	9.727796e-22	9.267600e-22	1.275043e-21	3.575116e-21	3.712875e-20	1.710376e-19	2.151389e-19	2.693860e-19	5.133314e-19	7.183738e-19	7.871680e-19	7.244233e-19	5.990916e-19	4.719541e-19	3.677934e-19	2.852748e-19	2.222657e-19	1.748846e-19	1.390971e-19	1.125889e-19	9.369378e-20	8.239306e-20	7.987186e-20	9.316717e-20	1.473627e-19	3.219905e-19	8.006188e-19	2.024955e-18	4.897745e-18	1.035342e-17	1.814257e-17	2.561138e-17	3.060055e-17	4.012263e-17	7.878202e-17	1.157708e-16	5.378086e-17	1.105566e-17	1.962693e-18	9.114947e-19	9.233453e-19	1.028519e-18	1.099961e-18	1.140389e-18	1.451091e-18
P30	1.548850e-13	3.939421e-12	1.150303e-11	2.934340e-11	8.205264e-11	2.700424e-10	1.053465e-09	6.348946e-09	6.683185e-08	1.558062e-06	1.671451e-04	2.212380e-02	1.213258e-01	8.870739e-02	6.108446e-02	3.706613e-02	1.973940e-02	9.337798e-03	4.009371e-03	1.772320e-03	7.984373e-04	3.501928e-04	1.554664e-04	7.484918e-05	4.095241e-05	2.533508e-05	1.704513e-05	1.206196e-05	8.821874e-06	6.583362e-06	4.937253e-06	3.684153e-06	2.759210e-06	2.084203e-06	1.586944e-06	1.218836e-06	9.475686e-07	7.527288e-07	6.215472e-07	5.431791e-07	5.011383e-07	4.706137e-07	4.284084e-07	3.651596e-07	2.867622e-07	2.060446e-07	1.374490e-07	1.164378e-07	1.971283e-07	1.951070e-07
P31	3.971562e-24	1.100265e-23	3.473126e-23	8.488112e-23	1.833695e-22	5.126955e-22	2.170918e-21	3.062946e-20	1.049027e-18	8.031687e-17	7.799523e-15	3.726087e-13	1.931522e-12	3.027449e-12	3.647154e-12	3.461194e-12	2.700994e-12	1.794950e-12	1.032966e-12	5.099993e-13	2.149579e-13	8.035582e-14	2.916831e-14	1.277469e-14	9.284960e-15	1.161511e-14	2.237701e-14	6.384970e-14	2.437042e-13	1.006951e-12	3.911369e-12	1.311134e-11	4.002890e-11	1.137255e-10	2.828622e-10	5.920351e-10	1.023672e-09	1.467587e-09	1.709429e-09	1.501340e-09	1.001072e-09	5.690836e-10	3.843537e-10	2.308654e-10	1.049499e-10	4.067805e-11	1.302745e-11	3.237923e-12	9.968529e-13	1.913493e-12
P32	0.000000e+00	0.000000e+00	0.000000e+00	0.000000e+00	0.000000e+00	0.000000e+00	0.000000e+00	0.000000e+00	0.000000e+00	0.000000e+00	0.000000e+00	0.000000e+00	0.000000e+00	0.000000e+00	0.000000e+00	0.000000e+00	0.000000e+00	0.000000e+00	0.000000e+00	0.000000e+00	0.000000e+00	0.000000e+00	0.000000e+00	0.000000e+00	2.821212e-204	4.779709e-144	1.114739e-105	1.167959e-75	3.197048e-53	4.317416e-38	7.832219e-24	2.587400e-16	1.294707e-09	3.071186e-08	4.755409e-04	9.608747e-03	6.407513e-02	6.124854e-01	3.704319e+00	1.319065e+01	3.090615e+01	5.247600e+01	6.950184e+01	7.588466e+01	7.111162e+01	5.878772e+01	4.365854e+01	3.159558e+01	3.537258e+01	6.215580e+01
P33	0.000000e+00	0.000000e+00	0.000000e+00	0.000000e+00	0.000000e+00	0.000000e+00	0.000000e+00	0.000000e+00	0.000000e+00	0.000000e+00	0.000000e+00	0.000000e+00	0.000000e+00	0.000000e+00	0.000000e+00	0.000000e+00	0.000000e+00	0.000000e+00	0.000000e+00	0.000000e+00	0.000000e+00	0.000000e+00	0.000000e+00	0.000000e+00	3.646933e-204	6.178648e-144	1.441004e-105	1.509800e-75	4.132769e-53	5.581050e-38	1.012458e-23	3.344688e-16	1.673646e-09	3.970070e-08	6.147237e-04	1.242106e-02	8.282883e-02	7.917494e-01	4.788510e+00	1.705133e+01	3.995185e+01	6.783483e+01	8.984385e+01	9.809481e+01	9.192478e+01	7.599389e+01	5.643665e+01	4.084307e+01	4.572554e+01	8.034774e+01
P34	0.000000e+00	0.000000e+00	0.000000e+00	0.000000e+00	0.000000e+00	0.000000e+00	0.000000e+00	0.000000e+00	0.000000e+00	0.000000e+00	0.000000e+00	0.000000e+00	0.000000e+00	0.000000e+00	0.000000e+00	0.000000e+00	0.000000e+00	0.000000e+00	0.000000e+00	0.000000e+00	0.000000e+00	0.000000e+00	0.000000e+00	0.000000e+00	4.128603e-205	6.994696e-145	1.631325e-106	1.709208e-76	4.678607e-54	6.318170e-39	1.146178e-24	3.786439e-17	1.894693e-10	4.494418e-09	6.959136e-05	1.406158e-03	9.376849e-03	8.963201e-02	5.420954e-01	1.930339e+00	4.522851e+00	7.679415e+00	1.017100e+01	1.110507e+01	1.040658e+01	8.603081e+00	6.389054e+00	4.623744e+00	5.176476e+00	9.095970e+00
P35	0.000000e+00	0.000000e+00	0.000000e+00	0.000000e+00	0.000000e+00	0.000000e+00	0.000000e+00	0.000000e+00	0.000000e+00	0.000000e+00	0.000000e+00	0.000000e+00	0.000000e+00	0.000000e+00	0.000000e+00	0.000000e+00	0.000000e+00	0.000000e+00	0.000000e+00	0.000000e+00	0.000000e+00	0.000000e+00	0.000000e+00	0.000000e+00	0.000000e+00	0.000000e+00	0.000000e+00	0.000000e+00	0.000000e+00	0.000000e+00	0.000000e+00	0.000000e+00	0.000000e+00	0.000000e+00	0.000000e+00	0.000000e+00	0.000000e+00	0.000000e+00	0.000000e+00	0.000000e+00	0.000000e+00	0.000000e+00	0.000000e+00	4.673567e-241	7.218676e-165	1.838633e-105	1.903279e-67	1.143578e-37	3.940998e-16	3.275951e+00
P36	8.992779e-04	2.102786e+00	2.591404e+01	1.061772e+02	2.252208e+02	3.514196e+02	4.926938e+02	7.217204e+02	1.247167e+03	2.273590e+03	3.760105e+03	5.555019e+03	7.146091e+03	8.001924e+03	8.145831e+03	7.645114e+03	6.719953e+03	5.613022e+03	4.510641e+03	3.518716e+03	2.681083e+03	2.006397e+03	1.483152e+03	1.089789e+03	8.015363e+02	5.942607e+02	4.471209e+02	3.440235e+02	2.732915e+02	2.257893e+02	1.930674e+02	1.675403e+02	1.440986e+02	1.208626e+02	9.825907e+01	7.749525e+01	5.953944e+01	4.478822e+01	3.314544e+01	2.422769e+01	1.754540e+01	1.261741e+01	9.025567e+00	6.430431e+00	4.567816e+00	3.237742e+00	2.291730e+00	1.621057e+00	1.146878e+00	8.121941e-01
P37	0.000000e+00	0.000000e+00	0.000000e+00	0.000000e+00	0.000000e+00	0.000000e+00	0.000000e+00	0.000000e+00	0.000000e+00	0.000000e+00	0.000000e+00	0.000000e+00	0.000000e+00	0.000000e+00	1.322442e-270	8.752986e-195	3.245301e-135	2.227040e-97	1.407385e-67	1.616916e-45	9.503490e-31	1.087536e-22	2.919805e-15	1.721310e-08	1.359548e-07	5.492530e-03	4.081981e-02	1.195991e-01	5.802342e-01	2.540364e+00	7.351676e+00	1.496310e+01	2.343164e+01	3.046727e+01	3.495872e+01	3.711985e+01	3.785076e+01	3.808880e+01	3.843026e+01	3.913014e+01	4.014006e+01	4.090674e+01	4.049196e+01	3.822932e+01	3.419571e+01	2.906327e+01	2.365418e+01	1.864015e+01	1.460566e+01	1.914676e+01
P38	0.000000e+00	0.000000e+00	0.000000e+00	0.000000e+00	0.000000e+00	0.000000e+00	0.000000e+00	0.000000e+00	0.000000e+00	0.000000e+00	0.000000e+00	0.000000e+00	0.000000e+00	0.000000e+00	0.000000e+00	0.000000e+00	0.000000e+00	0.000000e+00	0.000000e+00	0.000000e+00	0.000000e+00	0.000000e+00	0.000000e+00	0.000000e+00	0.000000e+00	0.000000e+00	0.000000e+00	0.000000e+00	0.000000e+00	0.000000e+00	0.000000e+00	0.000000e+00	0.000000e+00	0.000000e+00	0.000000e+00	0.000000e+00	0.000000e+00	0.000000e+00	0.000000e+00	0.000000e+00	0.000000e+00	0.000000e+00	0.000000e+00	0.000000e+00	0.000000e+00	0.000000e+00	0.000000e+00	0.000000e+00	0.000000e+00	0.000000e+00
P39	0.000000e+00	0.000000e+00	0.000000e+00	0.000000e+00	0.000000e+00	0.000000e+00	0.000000e+00	0.000000e+00	0.000000e+00	0.000000e+00	0.000000e+00	0.000000e+00	0.000000e+00	0.000000e+00	0.000000e+00	0.000000e+00	0.000000e+00	0.000000e+00	0.000000e+00	0.000000e+00	0.000000e+00	0.000000e+00	0.000000e+00	0.000000e+00	0.000000e+00	0.000000e+00	0.000000e+00	0.000000e+00	0.000000e+00	0.000000e+00	0.000000e+00	0.000000e+00	0.000000e+00	0.000000e+00	0.000000e+00	0.000000e+00	0.000000e+00	0.000000e+00	0.000000e+00	0.000000e+00	0.000000e+00	0.000000e+00	0.000000e+00	0.000000e+00	0.000000e+00	0.000000e+00	0.000000e+00	0.000000e+00	0.000000e+00	0.000000e+00
P40	8.372941e-07	4.389428e-06	1.901597e-05	5.460869e-05	9.913128e-05	1.369034e-04	1.682493e-04	2.083084e-04	2.292509e-04	1.705537e-04	8.362922e-05	4.565842e-05	4.870721e-05	6.519484e-05	8.247984e-05	9.673595e-05	1.084619e-04	1.193189e-04	1.287788e-04	1.302400e-04	1.225848e-04	1.131323e-04	1.096358e-04	1.235187e-04	1.782828e-04	3.123664e-04	5.937988e-04	1.105751e-03	1.957964e-03	3.251624e-03	5.095352e-03	7.511170e-03	1.091510e-02	1.606630e-02	2.356564e-02	3.405972e-02	4.798073e-02	6.581779e-02	8.963156e-02	1.250176e-01	1.823106e-01	2.687575e-01	3.805826e-01	4.997055e-01	6.004857e-01	6.662922e-01	6.989908e-01	7.048820e-01	7.044068e-01	8.467451e-01
P41	0.000000e+00	0.000000e+00	0.000000e+00	0.000000e+00	0.000000e+00	0.000000e+00	0.000000e+00	0.000000e+00	0.000000e+00	0.000000e+00	0.000000e+00	0.000000e+00	0.000000e+00	0.000000e+00	0.000000e+00	0.000000e+00	0.000000e+00	0.000000e+00	0.000000e+00	0.000000e+00	0.000000e+00	0.000000e+00	0.000000e+00	0.000000e+00	1.628827e-302	8.026976e-220	8.044837e-160	2.114868e-115	1.944649e-85	4.433222e-69	1.295008e-53	1.171190e-39	6.309705e-32	2.411923e-25	9.908974e-24	1.431539e-19	4.264985e-18	6.202272e-17	8.305674e-16	5.820207e-15	2.363570e-14	6.266649e-14	1.165376e-13	1.619826e-13	1.833464e-13	1.810665e-13	1.628019e-13	1.370082e-13	1.099994e-13	8.538322e-14
P42	2.772986e-15	1.982871e-14	6.229689e-14	1.513007e-13	2.757316e-13	4.139523e-13	5.950043e-13	1.293563e-12	3.878025e-12	1.018841e-11	9.767326e-12	1.888062e-12	7.494156e-13	6.534725e-13	5.100625e-13	3.760900e-13	2.697289e-13	1.923502e-13	1.381179e-13	9.589467e-14	6.394481e-14	4.263429e-14	2.884097e-14	1.981508e-14	1.395356e-14	1.005641e-14	7.456904e-15	5.676742e-15	4.463953e-15	3.529889e-15	2.582700e-15	1.609881e-15	8.942070e-16	4.752768e-16	2.523751e-16	1.397643e-16	8.229478e-17	5.019828e-17	3.105634e-17	2.849974e-17	6.306573e-17	1.031162e-16	7.509440e-17	3.290429e-17	1.166828e-17	3.922376e-18	1.315669e-18	4.284624e-19	1.239920e-19	3.337516e-20
P43	0.000000e+00	0.000000e+00	0.000000e+00	0.000000e+00	0.000000e+00	0.000000e+00	0.000000e+00	0.000000e+00	0.000000e+00	0.000000e+00	0.000000e+00	0.000000e+00	0.000000e+00	0.000000e+00	0.000000e+00	0.000000e+00	0.000000e+00	1.817204e-270	2.608453e-196	4.277161e-150	1.006510e-112	3.164540e-83	5.904514e-68	3.141181e-53	2.233995e-45	3.459609e-38	2.039921e-31	5.762798e-30	9.525370e-26	3.571406e-25	1.972730e-24	1.001486e-23	2.932040e-23	5.598669e-23	8.209563e-23	1.079284e-22	1.413377e-22	1.964985e-22	3.165978e-22	8.333820e-22	4.911428e-21	1.800055e-20	2.450989e-20	1.719166e-20	8.632485e-21	3.743696e-21	1.515301e-21	5.988216e-22	3.198404e-22	3.303667e-22
P44	9.655471e-149	3.696260e-67	6.129365e-37	6.674647e-23	3.107678e-17	1.545253e-16	4.787900e-16	1.998027e-15	1.168618e-14	6.791642e-14	3.168285e-13	1.011126e-12	2.101850e-12	3.326996e-12	4.546685e-12	5.502852e-12	6.072817e-12	6.273503e-12	6.170223e-12	5.876797e-12	5.447050e-12	4.954539e-12	4.439967e-12	3.912692e-12	3.421051e-12	2.965110e-12	2.554335e-12	2.165375e-12	1.783692e-12	1.400911e-12	1.042026e-12	7.448940e-13	5.313452e-13	3.943157e-13	3.153623e-13	2.788241e-13	2.672196e-13	2.507403e-13	2.033134e-13	1.415352e-13	1.195272e-13	8.033845e-14	2.529498e-14	4.134875e-15	5.153935e-16	7.186820e-17	1.122720e-17	1.719555e-18	3.115102e-19	1.604896e-19
P45	2.530843e+04	5.085338e+04	6.759575e+04	7.637016e+04	7.821825e+04	7.527161e+04	7.003877e+04	5.362054e+04	3.417403e+04	1.985636e+04	1.012059e+04	3.874752e+03	2.067616e+03	1.526951e+03	9.170988e+02	4.865045e+02	2.359336e+02	1.058987e+02	4.394875e+01	1.503959e+01	4.180692e+00	1.016158e+00	2.240858e-01	4.597565e-02	8.920894e-03	1.650877e-03	2.910519e-04	4.857560e-05	7.564340e-06	1.086759e-06	1.523969e-07	2.512916e-08	5.300225e-09	1.414235e-09	5.254380e-10	2.785134e-10	1.475239e-10	5.941568e-11	1.974639e-11	6.291793e-12	1.142444e-12	2.669620e-13	1.070551e-13	5.077648e-14	2.259774e-14	8.900735e-15	3.061662e-15	9.291931e-16	3.373226e-16	1.721353e-15
P46	2.650191e+02	2.403380e+02	1.001935e+02	3.006647e+01	6.962874e+00	1.427471e+00	5.440580e-01	1.337253e+00	2.146799e+00	9.863899e+00	9.150679e+01	6.706415e+02	1.217310e+03	9.966132e+02	7.588584e+02	5.225995e+02	3.252415e+02	1.840252e+02	9.551030e+01	4.636053e+01	2.091921e+01	8.746791e+00	3.437340e+00	1.301806e+00	4.952072e-01	2.038692e-01	1.030000e-01	7.151731e-02	6.591697e-02	6.712327e-02	6.455843e-02	5.404568e-02	4.058318e-02	2.795219e-02	1.740098e-02	9.807746e-03	5.157834e-03	2.667544e-03	1.354219e-03	6.072721e-04	2.412960e-04	1.023540e-04	7.700349e-05	6.580907e-05	4.463797e-05	2.502024e-05	1.183336e-05	4.692938e-06	1.982724e-06	2.772649e-06
P47	9.966714e+04	3.891333e+04	1.215446e+04	3.019206e+03	6.244253e+02	1.213913e+02	4.391819e+01	9.787755e+01	1.317946e+02	4.812952e+02	3.532526e+03	2.096967e+04	3.200353e+04	2.294809e+04	1.585224e+04	1.017269e+04	6.017463e+03	3.283137e+03	1.660274e+03	7.910997e+02	3.522868e+02	1.459215e+02	5.696213e+01	2.147016e+01	8.139335e+00	3.342558e+00	1.685690e+00	1.168861e+00	1.076209e+00	1.095001e+00	1.052451e+00	8.805760e-01	6.609185e-01	4.550378e-01	2.831814e-01	1.595674e-01	8.389644e-02	4.338062e-02	2.201759e-02	9.870047e-03	3.919768e-03	1.661422e-03	1.248664e-03	1.065889e-03	7.221124e-04	4.042918e-04	1.910125e-04	7.564364e-05	3.172326e-05	4.256417e-05
P48	1.690312e+02	6.404840e+01	2.061542e+01	5.400863e+00	1.188056e+00	2.449618e-01	9.322937e-02	2.166470e-01	2.937984e-01	1.047426e+00	7.480417e+00	4.330808e+01	6.472105e+01	4.565827e+01	3.116299e+01	1.982401e+01	1.165316e+01	6.329539e+00	3.190625e+00	1.516843e+00	6.743785e-01	2.790147e-01	1.088274e-01	4.099529e-02	1.553485e-02	6.377763e-03	3.215698e-03	2.229437e-03	2.052496e-03	2.088174e-03	2.006923e-03	1.679108e-03	1.260224e-03	8.676385e-04	5.399454e-04	3.042460e-04	1.599636e-04	8.271254e-05	4.198013e-05	1.881881e-05	7.473643e-06	3.167754e-06	2.380765e-06	2.032276e-06	1.376814e-06	7.708419e-07	3.641933e-07	1.442257e-07	6.048502e-08	8.115479e-08
P49	2.853759e+02	3.156837e+02	1.771288e+02	8.912797e+01	7.390325e+01	8.703739e+01	1.218983e+02	1.266217e+02	9.593267e+01	9.634257e+01	1.359925e+02	1.458496e+02	1.557088e+02	1.504188e+02	1.066083e+02	6.231808e+01	3.201732e+01	1.485499e+01	6.256554e+00	2.179769e+00	6.223799e-01	1.558270e-01	3.577927e-02	7.897862e-03	1.785474e-03	4.562805e-04	1.529694e-04	7.654653e-05	5.538317e-05	4.789947e-05	4.107645e-05	3.136091e-05	2.146540e-05	1.327024e-05	7.278611e-06	3.514374e-06	1.488456e-06	5.511203e-07	1.731506e-07	4.241519e-08	8.659481e-09	1.935424e-09	8.852759e-10	5.672764e-10	3.570230e-10	2.139699e-10	1.227701e-10	6.824241e-11	3.834913e-11	3.453830e-11
P50	9.550165e-06	9.686925e-05	1.178166e-04	9.509719e-05	7.939420e-05	7.322695e-05	7.065397e-05	8.653093e-05	1.536443e-04	3.301027e-04	7.459512e-04	1.749757e-03	2.173932e-03	1.845011e-03	1.471998e-03	1.109847e-03	7.931063e-04	5.435035e-04	3.632076e-04	2.398498e-04	1.587221e-04	1.060144e-04	7.165762e-05	4.904060e-05	3.386935e-05	2.358087e-05	1.652899e-05	1.167578e-05	8.331355e-06	6.039443e-06	4.480554e-06	3.416664e-06	2.663667e-06	2.098914e-06	1.656418e-06	1.305522e-06	1.032676e-06	8.300392e-07	6.909143e-07	6.067905e-07	5.608324e-07	5.256891e-07	4.755779e-07	4.013050e-07	3.112281e-07	2.203727e-07	1.426727e-07	1.142808e-07	2.079567e-07	2.038458e-07
P51	1.852494e+01	7.472798e+01	2.756168e+01	1.307554e+01	1.564413e+01	3.163635e+01	1.137994e+02	3.076405e+02	3.736958e+02	5.982550e+02	1.656120e+03	4.291807e+03	5.702468e+03	5.698481e+03	5.176416e+03	4.296689e+03	3.285923e+03	2.327905e+03	1.532418e+03	9.154473e+02	4.914772e+02	2.418899e+02	1.114946e+02	4.944774e+01	2.198422e+01	1.053835e+01	6.162182e+00	4.912347e+00	5.154965e+00	6.008710e+00	6.767413e+00	6.857868e+00	6.315563e+00	5.301153e+00	3.974650e+00	2.636899e+00	1.542522e+00	7.932963e-01	3.477894e-01	1.192223e-01	3.414802e-02	1.071238e-02	6.877271e-03	6.184813e-03	5.462009e-03	4.592023e-03	3.694031e-03	2.875881e-03	2.258487e-03	2.729005e-03
P52	1.629185e+03	8.471098e+03	5.314677e+03	4.662028e+03	7.361654e+03	1.414106e+04	3.975323e+04	8.217244e+04	7.887947e+04	6.589047e+04	5.791313e+04	4.435545e+04	1.958586e+04	9.819622e+03	5.157908e+03	2.807940e+03	1.518988e+03	7.883260e+02	3.827360e+02	1.614534e+02	5.753353e+01	1.792569e+01	5.020146e+00	1.296521e+00	3.153234e-01	7.318952e-02	1.629705e-02	3.487712e-03	7.206196e-04	1.484846e-04	3.329991e-05	9.212068e-06	3.170195e-06	1.258667e-06	5.290596e-07	2.220731e-07	8.870892e-08	3.198443e-08	1.008448e-08	2.858711e-09	7.982169e-10	2.550091e-10	9.305873e-11	3.586063e-11	1.422443e-11	5.846701e-12	2.536592e-12	1.193624e-12	6.464056e-13	1.006581e-12
P53	4.090240e+02	3.009888e+03	9.358232e+02	5.598816e+02	9.957330e+02	2.615695e+03	1.465606e+04	5.213154e+04	4.633560e+04	3.310908e+04	2.842466e+04	2.225220e+04	4.845083e+03	1.086118e+03	3.043436e+02	9.802491e+01	3.262118e+01	1.041777e+01	3.054244e+00	7.658431e-01	1.579537e-01	2.750306e-02	4.172262e-03	5.699010e-04	7.210638e-05	8.611519e-06	9.791734e-07	1.063330e-07	1.106970e-08	1.139371e-09	1.265401e-10	1.726368e-11	2.929885e-12	5.771394e-13	1.222612e-13	2.638355e-14	5.503265e-15	1.042523e-15	1.724675e-16	2.549060e-17	3.666887e-18	5.981526e-19	1.109029e-19	2.168362e-20	4.363541e-21	9.100386e-22	2.003651e-22	4.785698e-23	1.315317e-23	1.033533e-23
P54	1.175191e+03	6.252376e+03	1.626160e+03	8.784974e+02	1.593824e+03	4.359290e+03	2.586929e+04	8.388483e+04	5.937471e+04	3.260992e+04	2.062657e+04	1.038395e+04	1.762755e+03	3.867242e+02	9.444429e+01	2.476215e+01	6.342516e+00	1.468537e+00	2.908898e-01	4.243001e-02	4.307970e-03	3.267370e-04	1.962114e-05	9.854127e-07	4.330855e-08	1.716395e-09	6.216705e-11	2.071496e-12	6.427875e-14	1.987568e-15	7.289398e-17	4.036883e-18	3.414802e-19	3.814221e-20	4.771532e-21	5.966394e-22	6.778142e-23	6.299993e-24	4.504953e-25	2.623829e-26	1.489349e-27	1.096508e-28	1.039860e-29	1.093908e-30	1.216726e-31	1.450339e-32	1.921730e-33	2.989222e-34	6.147883e-35	1.035758e-34
P56	8.030552e-17	5.343675e-15	1.450412e-13	1.386571e-12	8.145184e-12	4.332747e-11	2.452279e-10	2.318719e-09	4.162314e-08	1.099383e-06	2.119108e-05	1.515146e-04	3.674759e-04	5.978089e-04	7.653342e-04	8.228219e-04	7.837371e-04	6.860082e-04	5.591663e-04	4.138626e-04	2.789764e-04	1.789852e-04	1.182688e-04	9.773482e-05	1.333261e-04	2.848913e-04	7.416680e-04	2.029487e-03	5.696582e-03	1.630746e-02	4.784855e-02	1.398934e-01	4.177911e-01	1.278931e+00	3.803855e+00	1.048455e+01	2.547847e+01	5.238226e+01	8.993713e+01	1.312904e+02	1.689531e+02	2.044461e+02	2.409014e+02	2.789664e+02	3.167133e+02	3.508274e+02	3.781701e+02	4.004438e+02	4.587032e+02	7.414648e+02
P57	7.327979e-14	2.806956e-12	7.440442e-11	7.564535e-10	4.512650e-09	2.004434e-08	7.127279e-08	3.209012e-07	2.161891e-06	1.806305e-05	9.693820e-05	1.630132e-04	1.277656e-04	1.151980e-04	8.641912e-05	5.846278e-05	3.764949e-05	2.388729e-05	1.510272e-05	8.968096e-06	4.949487e-06	2.670410e-06	1.470360e-06	8.918203e-07	7.081956e-07	8.789036e-07	1.597612e-06	3.442081e-06	8.051817e-06	1.970358e-05	4.843330e-05	1.127267e-04	2.581419e-04	5.932131e-04	1.306815e-03	2.644312e-03	4.676780e-03	6.929179e-03	8.494432e-03	8.768411e-03	7.869250e-03	6.546744e-03	5.269832e-03	4.248276e-03	3.582629e-03	3.362458e-03	3.814577e-03	5.652093e-03	1.174343e-02	3.770628e-02
P58	1.698442e-12	1.706017e-10	1.647969e-09	5.961967e-09	1.336064e-08	2.565081e-08	4.844037e-08	1.282195e-07	5.139722e-07	2.487161e-06	1.042232e-05	2.801028e-05	4.207760e-05	5.893115e-05	7.066597e-05	7.487417e-05	7.240056e-05	6.568568e-05	5.705670e-05	4.589225e-05	3.412661e-05	2.436553e-05	1.704593e-05	1.183944e-05	8.263681e-06	5.862112e-06	4.300505e-06	3.362509e-06	3.046964e-06	4.081316e-06	9.981362e-06	3.354916e-05	1.218023e-04	4.389291e-04	1.441147e-03	3.983744e-03	8.515787e-03	1.333366e-02	1.540624e-02	1.496885e-02	2.571850e-02	5.542118e-02	1.115980e-01	2.022007e-01	3.344530e-01	5.192531e-01	7.982711e-01	1.294888e+00	2.470133e+00	6.432278e+00
P59	2.123053e-12	2.132521e-10	2.059962e-09	7.452459e-09	1.670080e-08	3.206351e-08	6.055046e-08	1.602744e-07	6.424652e-07	3.108951e-06	1.302790e-05	3.501285e-05	5.259700e-05	7.366394e-05	8.833246e-05	9.359271e-05	9.050069e-05	8.210710e-05	7.132087e-05	5.736532e-05	4.265826e-05	3.045691e-05	2.130741e-05	1.479930e-05	1.032960e-05	7.327641e-06	5.375631e-06	4.203136e-06	3.808705e-06	5.101646e-06	1.247670e-05	4.193645e-05	1.522529e-04	5.486614e-04	1.801434e-03	4.979680e-03	1.064473e-02	1.666707e-02	1.925780e-02	1.871106e-02	3.214812e-02	6.927647e-02	1.394975e-01	2.527509e-01	4.180663e-01	6.490664e-01	9.978388e-01	1.618610e+00	3.087666e+00	8.040348e+00
P60	4.246106e-13	4.265041e-11	4.119923e-10	1.490492e-09	3.340160e-09	6.412703e-09	1.211009e-08	3.205488e-08	1.284930e-07	6.217902e-07	2.605579e-06	7.002569e-06	1.051940e-05	1.473279e-05	1.766649e-05	1.871854e-05	1.810014e-05	1.642142e-05	1.426417e-05	1.147306e-05	8.531651e-06	6.091383e-06	4.261482e-06	2.959860e-06	2.065920e-06	1.465528e-06	1.075126e-06	8.406272e-07	7.617411e-07	1.020329e-06	2.495340e-06	8.387290e-06	3.045058e-05	1.097323e-04	3.602868e-04	9.959359e-04	2.128947e-03	3.333415e-03	3.851560e-03	3.742213e-03	6.429625e-03	1.385529e-02	2.789949e-02	5.055017e-02	8.361326e-02	1.298133e-01	1.995678e-01	3.237220e-01	6.175332e-01	1.608070e+00
P61	2.823198e-04	5.371085e-04	8.652905e-04	1.091440e-03	1.190407e-03	1.280231e-03	1.454665e-03	1.803297e-03	2.288821e-03	3.335764e-03	5.273235e-03	6.138491e-03	4.983331e-03	4.844367e-03	4.319054e-03	3.629147e-03	2.935715e-03	2.325404e-03	1.824370e-03	1.355798e-03	9.481745e-04	6.471220e-04	4.379955e-04	2.962438e-04	2.013183e-04	1.376908e-04	9.486897e-05	6.567795e-05	4.550715e-05	3.173073e-05	2.396739e-05	2.473394e-05	4.467664e-05	1.212525e-04	3.518941e-04	9.005127e-04	1.795558e-03	2.591404e-03	2.707858e-03	2.333425e-03	3.456295e-03	6.282777e-03	1.044936e-02	1.528998e-02	1.997675e-02	2.400286e-02	2.804504e-02	3.395579e-02	4.638508e-02	7.421295e-02
P62	0.000000e+00	0.000000e+00	0.000000e+00	0.000000e+00	0.000000e+00	0.000000e+00	0.000000e+00	0.000000e+00	0.000000e+00	0.000000e+00	0.000000e+00	0.000000e+00	0.000000e+00	0.000000e+00	0.000000e+00	0.000000e+00	0.000000e+00	0.000000e+00	0.000000e+00	0.000000e+00	5.939109e-286	1.244038e-203	1.588805e-150	6.829136e-106	4.667662e-76	3.751873e-54	2.494784e-39	3.921468e-31	1.703863e-23	7.653808e-17	1.403760e-14	3.261643e-11	4.356735e-09	1.706011e-07	1.675205e-06	2.593719e-05	2.042970e-04	1.654506e-03	1.107233e-02	5.105115e-02	1.652644e-01	4.034188e-01	7.936240e-01	1.313014e+00	1.865007e+00	2.307222e+00	2.542385e+00	2.694809e+00	3.949665e+00	9.882314e+00
P63	0.000000e+00	0.000000e+00	0.000000e+00	0.000000e+00	0.000000e+00	0.000000e+00	0.000000e+00	0.000000e+00	0.000000e+00	0.000000e+00	0.000000e+00	0.000000e+00	0.000000e+00	0.000000e+00	0.000000e+00	0.000000e+00	0.000000e+00	0.000000e+00	0.000000e+00	0.000000e+00	1.315097e-285	2.754655e-203	3.518068e-150	1.512166e-105	1.033554e-75	8.307719e-54	5.524166e-39	8.683251e-31	3.772840e-23	1.694772e-16	3.108326e-14	7.222210e-11	9.647056e-09	3.777595e-07	3.709382e-06	5.743235e-05	4.523718e-04	3.663550e-03	2.451731e-02	1.130418e-01	3.659426e-01	8.932844e-01	1.757310e+00	2.907388e+00	4.129659e+00	5.108849e+00	5.629568e+00	5.967076e+00	8.745688e+00	2.188227e+01
P64	0.000000e+00	0.000000e+00	0.000000e+00	0.000000e+00	0.000000e+00	0.000000e+00	0.000000e+00	0.000000e+00	0.000000e+00	0.000000e+00	0.000000e+00	0.000000e+00	0.000000e+00	0.000000e+00	0.000000e+00	0.000000e+00	0.000000e+00	0.000000e+00	0.000000e+00	0.000000e+00	1.145397e-285	2.399215e-203	3.064124e-150	1.317048e-105	9.001920e-76	7.235755e-54	4.811370e-39	7.562832e-31	3.286022e-23	1.476092e-16	2.707251e-14	6.290312e-11	8.402274e-09	3.290163e-07	3.230752e-06	5.002173e-05	3.940013e-04	3.190834e-03	2.135379e-02	9.845580e-02	3.187242e-01	7.780219e-01	1.530561e+00	2.532241e+00	3.596800e+00	4.449642e+00	4.903172e+00	5.197131e+00	7.617212e+00	1.905875e+01
P65	0.000000e+00	0.000000e+00	0.000000e+00	0.000000e+00	0.000000e+00	0.000000e+00	0.000000e+00	0.000000e+00	0.000000e+00	0.000000e+00	0.000000e+00	0.000000e+00	0.000000e+00	0.000000e+00	0.000000e+00	0.000000e+00	0.000000e+00	0.000000e+00	0.000000e+00	0.000000e+00	9.332706e-286	1.954916e-203	2.496693e-150	1.073150e-105	7.334898e-76	5.895801e-54	3.920376e-39	6.162307e-31	2.677500e-23	1.202741e-16	2.205909e-14	5.125439e-11	6.846298e-09	2.680874e-07	2.632464e-06	4.075844e-05	3.210381e-04	2.599939e-03	1.739938e-02	8.022324e-02	2.597012e-01	6.339438e-01	1.247123e+00	2.063307e+00	2.930726e+00	3.625635e+00	3.995177e+00	4.234699e+00	6.206617e+00	1.552935e+01
P66	0.000000e+00	0.000000e+00	0.000000e+00	0.000000e+00	0.000000e+00	0.000000e+00	0.000000e+00	0.000000e+00	0.000000e+00	0.000000e+00	0.000000e+00	0.000000e+00	0.000000e+00	0.000000e+00	0.000000e+00	0.000000e+00	0.000000e+00	0.000000e+00	0.000000e+00	0.000000e+00	2.545511e-286	5.331589e-204	6.809164e-151	2.926772e-106	2.000427e-76	1.607946e-54	1.069193e-39	1.680629e-31	7.302272e-24	3.280203e-17	6.016114e-15	1.397847e-11	1.867172e-09	7.311474e-08	7.179448e-07	1.111594e-05	8.755584e-05	7.090742e-04	4.745286e-03	2.187907e-02	7.082760e-02	1.728938e-01	3.401246e-01	5.627202e-01	7.992888e-01	9.888094e-01	1.089594e+00	1.154918e+00	1.692714e+00	4.235277e+00
P67	5.907916e-62	6.256378e-62	5.139557e-62	4.904826e-62	6.185457e-62	1.122009e-61	4.016873e-61	1.037727e-59	1.162432e-57	2.618912e-55	1.276237e-53	1.868836e-54	1.030472e-54	1.097732e-54	5.635529e-55	1.819991e-55	4.408525e-56	8.812781e-57	1.491997e-57	2.016975e-58	2.202211e-59	2.108878e-60	1.829656e-61	1.441148e-62	1.057866e-63	7.172016e-65	4.419441e-66	2.329403e-67	9.528820e-69	2.845502e-70	6.659381e-72	1.444093e-73	3.091120e-75	6.995088e-77	1.985921e-78	8.628716e-80	6.441444e-81	7.376022e-82	1.158326e-82	2.048602e-82	6.557075e-81	9.602528e-80	8.434102e-80	1.256759e-80	9.940739e-82	7.219853e-83	5.962363e-84	5.193277e-85	3.400767e-86	1.909710e-87
P68	3.323092e-39	1.788156e-38	1.374256e-37	1.240441e-36	1.181967e-35	1.121923e-34	1.176449e-33	3.467119e-32	2.240836e-30	1.519800e-28	1.891180e-27	1.097072e-27	8.726875e-28	1.033543e-27	9.284688e-28	6.922329e-28	4.554370e-28	2.756884e-28	1.561255e-28	7.821578e-29	3.470960e-29	1.452905e-29	5.867177e-30	2.289292e-30	8.779234e-31	3.295574e-31	1.210417e-31	4.244987e-32	1.374540e-32	3.907719e-33	9.426823e-34	1.973917e-34	3.877731e-35	7.816792e-36	1.760377e-36	4.739954e-37	1.565279e-37	5.992940e-38	2.539235e-38	2.637859e-38	1.843317e-37	7.718917e-37	6.846881e-37	2.364141e-37	5.770356e-38	1.352570e-38	3.346330e-39	8.213196e-40	1.654479e-40	2.980166e-41
P69	4.298942e-22	1.095528e-21	2.540545e-21	6.168553e-21	1.498193e-20	3.548714e-20	8.740786e-20	4.309354e-19	3.157874e-18	2.341224e-17	8.032805e-17	6.137929e-17	4.959173e-17	5.810548e-17	5.559736e-17	4.635990e-17	3.535408e-17	2.553449e-17	1.776742e-17	1.094548e-17	5.886862e-18	2.964409e-18	1.441121e-18	6.845445e-19	3.219197e-19	1.503449e-19	7.009574e-20	3.298420e-20	1.653417e-20	1.006101e-20	8.302895e-21	8.529550e-21	9.884265e-21	1.241792e-20	1.619529e-20	2.157009e-20	2.969120e-20	5.162451e-20	1.831281e-19	1.154630e-18	7.498260e-18	2.685404e-17	4.120318e-17	3.467577e-17	2.137871e-17	1.146838e-17	5.825770e-18	2.933598e-18	1.551460e-18	8.638021e-19
P70	1.374058e-26	4.097936e-26	8.023418e-26	1.546403e-25	2.830550e-25	5.120691e-25	1.045721e-24	5.073978e-24	5.427318e-23	1.079927e-21	1.436394e-20	1.800449e-20	1.275705e-20	1.283262e-20	9.653935e-21	6.060879e-21	3.435941e-21	1.847488e-21	9.551304e-22	4.337752e-22	1.704237e-22	6.232192e-23	2.230866e-23	8.431894e-24	4.012158e-24	2.870794e-24	2.908799e-24	3.356458e-24	3.974890e-24	4.550114e-24	4.787656e-24	4.463212e-24	3.971050e-24	3.583741e-24	3.271493e-24	2.985813e-24	2.623642e-24	2.080993e-24	1.471811e-24	1.379639e-24	2.577729e-24	3.544889e-24	2.311942e-24	9.546998e-25	3.376537e-25	1.262353e-25	5.766702e-26	3.432839e-26	2.632749e-26	2.838351e-26
P71	2.343562e-10	2.371988e-10	2.472874e-10	2.602958e-10	2.693468e-10	2.726396e-10	2.718309e-10	3.424056e-10	5.693182e-10	9.816242e-10	1.459613e-09	1.306413e-09	1.023390e-09	8.682539e-10	6.139819e-10	3.921366e-10	2.376692e-10	1.404425e-10	8.147440e-11	4.348562e-11	2.126254e-11	1.005508e-11	4.720856e-12	2.240160e-12	1.106719e-12	5.795947e-13	3.258395e-13	1.940379e-13	1.189088e-13	7.179570e-14	4.119112e-14	2.231382e-14	1.180375e-14	6.371835e-15	3.646608e-15	2.282177e-15	1.552846e-15	1.045981e-15	6.048211e-16	2.921562e-16	1.695752e-16	8.158996e-17	2.089945e-17	4.621809e-18	1.665548e-18	8.680808e-19	5.857850e-19	5.102247e-19	5.335384e-19	9.083172e-19
P72	0.000000e+00	0.000000e+00	0.000000e+00	0.000000e+00	0.000000e+00	0.000000e+00	0.000000e+00	0.000000e+00	0.000000e+00	0.000000e+00	0.000000e+00	0.000000e+00	0.000000e+00	0.000000e+00	0.000000e+00	0.000000e+00	0.000000e+00	0.000000e+00	0.000000e+00	0.000000e+00	0.000000e+00	0.000000e+00	0.000000e+00	0.000000e+00	9.559137e-209	1.701477e-148	4.211410e-110	4.780921e-80	1.440404e-57	2.174687e-42	4.233920e-28	1.574051e-20	8.237078e-14	2.397004e-12	3.377980e-08	8.387670e-07	5.727644e-06	5.978130e-05	4.313364e-04	1.974264e-03	6.245081e-03	1.455087e-02	2.624811e-02	3.824763e-02	4.679838e-02	4.978854e-02	4.765771e-02	4.668744e-02	8.404887e-02	2.974160e-01
P73	0.000000e+00	0.000000e+00	0.000000e+00	0.000000e+00	0.000000e+00	0.000000e+00	0.000000e+00	0.000000e+00	0.000000e+00	0.000000e+00	0.000000e+00	0.000000e+00	0.000000e+00	0.000000e+00	0.000000e+00	0.000000e+00	0.000000e+00	0.000000e+00	0.000000e+00	0.000000e+00	0.000000e+00	0.000000e+00	0.000000e+00	0.000000e+00	0.000000e+00	0.000000e+00	0.000000e+00	0.000000e+00	0.000000e+00	0.000000e+00	0.000000e+00	0.000000e+00	0.000000e+00	0.000000e+00	4.050067e-284	1.027049e-201	5.200974e-148	2.703158e-103	2.501842e-73	4.636317e-51	5.000948e-36	2.342696e-27	3.063925e-19	3.771868e-13	2.396638e-09	2.061703e-06	2.047510e-04	5.501631e-03	5.595224e-02	3.096010e-01
T1	4.771308e-24	7.694712e-25	8.526415e-26	2.091763e-26	1.925654e-26	2.465742e-26	3.699084e-26	5.160040e-26	1.377857e-25	2.618676e-24	1.385326e-23	1.264912e-23	1.330994e-23	2.118182e-23	2.458506e-23	2.254781e-23	1.747667e-23	1.219125e-23	8.084582e-24	5.837401e-24	4.689061e-24	3.959452e-24	3.441073e-24	3.042660e-24	2.730676e-24	2.488638e-24	2.325785e-24	2.223704e-24	2.095326e-24	1.748501e-24	1.205619e-24	6.964394e-25	3.537276e-25	1.567500e-25	5.790532e-26	1.696133e-26	3.780459e-27	6.258168e-28	6.945896e-29	2.663379e-30	4.517117e-32	1.161505e-33	1.966955e-35	2.809651e-37	1.207291e-38	1.155062e-39	1.322738e-40	1.405832e-41	1.264231e-42	3.075897e-42	
T2	1.112539e-33	3.136050e-35	2.227511e-36	1.205271e-37	5.972214e-39	2.108620e-40	4.354126e-42	6.614886e-44	1.054154e-45	1.887612e-47	7.478594e-50	6.192772e-53	2.473467e-54	4.233159e-54	4.198335e-54	3.095225e-54	1.912088e-54	1.070935e-54	5.706750e-55	2.956029e-55	1.511751e-55	7.740038e-56	4.018759e-56	2.152972e-56	1.222193e-56	7.586377e-57	5.334585e-57	4.324571e-57	3.984387e-57	3.844320e-57	3.498475e-57	2.785800e-57	1.974459e-57	1.252918e-57	6.933434e-58	3.307104e-58	1.360432e-58	4.850473e-59	1.459104e-59	3.345641e-60	5.713835e-61	5.753316e-62	2.535764e-63	7.411846e-65	5.470295e-66	7.911108e-67	1.261602e-67	1.891050e-68	3.285051e-69	4.871636e-69	
T3	6.608853e-32	5.210066e-33	7.870707e-34	5.709270e-35	1.800182e-36	3.252660e-38	3.257068e-40	2.199095e-42	8.648518e-45	1.599459e-47	1.921216e-50	2.337067e-53	3.363999e-54	9.842808e-54	1.204510e-53	8.531237e-54	4.401066e-54	1.940980e-54	8.177121e-55	3.459122e-55	1.502705e-55	6.869510e-56	3.334357e-56	1.720891e-56	9.474330e-57	5.591700e-57	3.605544e-57	2.619487e-57	2.241522e-57	2.209788e-57	2.199121e-57	1.879019e-57	1.368772e-57	8.572306e-58	4.549656e-58	2.149963e-58	1.018526e-58	5.642688e-59	3.984429e-59	3.485208e-59	3.410867e-59	3.379917e-59	3.196429e-59	2.770165e-59	2.165133e-59	1.530381e-59	9.906683e-60	6.001945e-60	3.740064e-60	5.155592e-60	
T4	2.678438e-41	1.670564e-43	1.464602e-45	8.789258e-48	3.445318e-50	8.347736e-53	1.174937e-55	9.921639e-59	5.567225e-62	1.883050e-65	2.755549e-69	1.385995e-73	8.610599e-76	8.626245e-76	5.935715e-76	3.449492e-76	1.787546e-76	8.863494e-77	4.790494e-77	3.560102e-77	3.928128e-77	5.501094e-77	8.219071e-77	1.181022e-76	1.623763e-76	2.092396e-76	2.546543e-76	2.869138e-76	3.045290e-76	2.985431e-76	2.634878e-76	2.048657e-76	1.441583e-76	9.361886e-77	5.650229e-77	3.214528e-77	1.747858e-77	9.169705e-78	4.650493e-78	2.254782e-78	1.002702e-78	3.731339e-79	1.011972e-79	1.859162e-80	2.786212e-81	4.617951e-82	8.371148e-83	1.443777e-83	2.702017e-84	1.164948e-84	
T5	3.377722e-58	1.542181e-60	5.905624e-63	1.826449e-65	6.582119e-68	1.458222e-70	1.572889e-73	9.474503e-77	3.994617e-80	9.737873e-84	5.015016e-88	3.264129e-93	5.208515e-96	5.814811e-96	4.498555e-96	3.034802e-96	1.857777e-96	1.064283e-96	5.806772e-97	3.168298e-97	1.731032e-97	9.250114e-98	4.767944e-98	2.338607e-98	1.092746e-98	4.832595e-99	2.017085e-99	7.788359e-100	2.680298e-100	7.866825e-101	2.016494e-101	4.935737e-102	1.213683e-102	3.061296e-103	8.032607e-104	2.159843e-104	5.581607e-105	1.213799e-105	1.821755e-106	1.105940e-107	5.451147e-109	4.492636e-110	2.357584e-111	9.053889e-113	3.300002e-114	1.544756e-115	8.904418e-117	5.139046e-118	3.111243e-119	1.799720e-119	
T6	1.176391e-27	1.922318e-27	7.718877e-28	5.342314e-28	1.328207e-27	3.853625e-27	1.059503e-26	3.156150e-26	1.456064e-25	1.527240e-24	9.082105e-24	1.912749e-23	2.685639e-23	3.520086e-23	3.680792e-23	3.203687e-23	2.414862e-23	1.637703e-23	1.027748e-23	6.569430e-24	4.308997e-24	2.770726e-24	1.710905e-24	9.981642e-25	5.503840e-25	2.846445e-25	1.374681e-25	6.029049e-26	2.260495e-26	6.608073e-27	1.503117e-27	3.015616e-28	5.800440e-29	1.090622e-29	2.006287e-30	3.439821e-31	4.953871e-32	5.099157e-33	2.857911e-34	2.921999e-36	1.436746e-38	3.037997e-40	6.138577e-42	1.151712e-43	2.464719e-45	6.188225e-47	1.769107e-47	0.000000e+00	8.707959e-48	0.000000e+00	
T7	0.000000e+00	0.000000e+00	0.000000e+00	0.000000e+00	1.201147e-48	1.767311e-47	6.101437e-47	2.172227e-46	1.857085e-45	3.407016e-44	2.698088e-43	3.973022e-43	4.124640e-43	4.433847e-43	3.174164e-43	1.653502e-43	6.736885e-44	2.288342e-44	6.767252e-45	2.014629e-45	6.109192e-46	1.766135e-46	4.703931e-47	1.117119e-47	2.357766e-48	4.345170e-49	6.930390e-50	9.133359e-51	9.056215e-52	5.946586e-53	2.654583e-54	9.890531e-56	3.476629e-57	1.203837e-58	4.211529e-60	1.411597e-61	3.894965e-63	6.884486e-65	5.863588e-67	2.348751e-69	8.848711e-72	3.327250e-74	1.250136e-76	4.696272e-79	1.764154e-81	6.626977e-84	2.489392e-86	9.351041e-89	3.512444e-91	1.309994e-93	
T8	2.226820e-32	2.935514e-34	5.207991e-36	6.836092e-38	6.195965e-40	3.666171e-42	1.343737e-44	3.638014e-47	6.969558e-50	6.712966e-53	2.388160e-56	1.866489e-60	8.296840e-63	5.514581e-63	2.707793e-63	1.211144e-63	5.170400e-64	2.160264e-64	8.883625e-65	3.366709e-65	1.170175e-65	3.936605e-66	1.315457e-66	4.444322e-67	1.563651e-67	5.832800e-68	2.335925e-68	9.910175e-69	4.326880e-69	1.861420e-69	7.609359e-70	2.937153e-70	1.107102e-70	4.258455e-71	1.736601e-71	7.744370e-72	3.754851e-72	1.802256e-72	7.425892e-73	2.556037e-73	1.057170e-73	3.624517e-74	6.615752e-75	1.042528e-75	2.677097e-76	9.942564e-77	4.780881e-77	2.967308e-77	2.211049e-77	2.682266e-77	
T9	1.033390e-37	1.591161e-39	1.012368e-40	3.272433e-42	5.534256e-44	5.838902e-46	3.689806e-48	1.921891e-50	7.737481e-53	1.535204e-55	1.299278e-58	3.780584e-62	4.358645e-64	4.292842e-64	3.195446e-64	2.107134e-64	1.278852e-64	7.381626e-65	4.140833e-65	2.202001e-65	1.101355e-65	5.351335e-66	2.558547e-66	1.206554e-66	5.686752e-67	2.685667e-67	1.281564e-67	6.147884e-68	2.946426e-68	1.385235e-68	6.315385e-69	2.755169e-69	1.178730e-69	5.094618e-70	2.259969e-70	1.059357e-70	5.315395e-71	2.732437e-71	1.328091e-71	6.073224e-72	3.547665e-72	1.660773e-72	3.567904e-73	3.820409e-74	2.963526e-75	2.441028e-76	2.159272e-77	1.815998e-78	1.799057e-79	7.357296e-80	
T10	4.294332e-45	1.097022e-45	1.071117e-46	6.813614e-48	3.314882e-49	1.062039e-50	2.013183e-52	3.556507e-54	5.987477e-56	7.835526e-58	3.806085e-60	5.050678e-63	1.525806e-64	1.768845e-64	1.434354e-64	9.592081e-65	5.584676e-65	2.958726e-65	1.469698e-65	6.936979e-66	3.094077e-66	1.311612e-66	5.283861e-67	2.013621e-67	7.328378e-68	2.549253e-68	8.521655e-69	2.702846e-69	7.900179e-70	2.042082e-70	4.749655e-71	1.053746e-71	2.302796e-72	4.985530e-73	1.064134e-73	2.212915e-74	4.349855e-75	7.527345e-76	9.926771e-77	6.305154e-78	3.244681e-79	2.444173e-80	1.335511e-81	5.290138e-83	1.814254e-84	6.838401e-86	2.993991e-87	1.335458e-88	6.316497e-90	3.403015e-90	
T11	9.879474e-45	2.075619e-45	1.673270e-46	8.553609e-48	3.241743e-49	7.805413e-51	1.066543e-52	1.293624e-54	1.412031e-56	1.119476e-58	3.037851e-61	2.042354e-64	4.250699e-66	4.979558e-66	4.037915e-66	2.700311e-66	1.572168e-66	8.329244e-67	4.137415e-67	1.952861e-67	8.710278e-68	3.692379e-68	1.487484e-68	5.668635e-69	2.063045e-69	7.176518e-70	2.398970e-70	7.608905e-71	2.224015e-71	5.748758e-72	1.337097e-72	2.966448e-73	6.482705e-74	1.403499e-74	2.995692e-75	6.229677e-76	1.224548e-76	2.119057e-77	2.794531e-78	1.774993e-79	9.134250e-81	6.880703e-82	3.759659e-83	1.489251e-84	5.107389e-86	1.925110e-87	8.428521e-89	3.759509e-90	1.778186e-91	9.579984e-92	
T12	2.042751e-35	4.914853e-35	1.251240e-34	4.271763e-34	1.812152e-33	2.436073e-33	1.560315e-33	1.233379e-33	2.449064e-33	1.120079e-32	1.385942e-32	3.421537e-33	3.291491e-33	7.232918e-33	8.352680e-33	6.261894e-33	3.551896e-33	1.695799e-33	7.271901e-34	3.005915e-34	1.219456e-34	4.814518e-35	1.850091e-35	6.952713e-36	2.628845e-36	1.025984e-36	4.271555e-37	1.893363e-37	8.489415e-38	3.398424e-38	1.120901e-38	3.090610e-39	7.610851e-40	1.718629e-40	3.520475e-41	6.372338e-42	9.578226e-43	1.055892e-43	6.898511e-45	1.561574e-46	2.173931e-48	2.689443e-50	1.741546e-52	8.508447e-55	4.057199e-57	2.093708e-59	1.328266e-61	1.082424e-63	1.219702e-65	9.008919e-66	
T13	2.355138e-34	7.300301e-34	2.290288e-33	9.875446e-33	5.442016e-32	9.815548e-32	8.756507e-32	1.006923e-31	3.060567e-31	2.275389e-30	4.916096e-30	2.309273e-30	2.655519e-30	4.099299e-30	3.373292e-30	1.802046e-30	7.283706e-31	2.477984e-31	7.571885e-32	2.230307e-32	6.447424e-33	1.813865e-33	4.966800e-34	1.330054e-34	3.583538e-35	9.965973e-36	2.956631e-36	9.338497e-37	2.983684e-37	8.511080e-38	2.000351e-38	3.930206e-39	6.896620e-40	1.109730e-40	1.619826e-41	2.089286e-42	2.237774e-43	1.757851e-44	8.183695e-46	1.320044e-47	1.309495e-49	1.154390e-51	5.326685e-54	1.854404e-56	6.301043e-59	2.317044e-61	1.047454e-63	6.082465e-66	4.883914e-68	2.570507e-68	
T14	5.803372e-32	3.888892e-34	4.439062e-36	2.260148e-38	4.966628e-41	5.480624e-44	2.862654e-47	7.083644e-51	7.447567e-55	2.674549e-59	2.673494e-64	5.570247e-70	4.410644e-73	3.383267e-73	1.875848e-73	9.190330e-74	4.085909e-74	1.690956e-74	6.630436e-75	2.291091e-75	7.056682e-76	2.097759e-76	6.318762e-77	2.000707e-77	6.827838e-78	2.535641e-78	1.027417e-78	4.569109e-79	2.306278e-79	1.410658e-79	1.203584e-79	1.581352e-79	2.791885e-79	5.350755e-79	9.465091e-79	1.401142e-78	1.595897e-78	1.379732e-78	1.090673e-78	9.440952e-79	4.834424e-79	2.448040e-79	1.298590e-79	6.951483e-80	3.730314e-80	1.992977e-80	1.057511e-80	5.590490e-81	3.136513e-81	6.146845e-81	
T15	2.053560e-47	3.747370e-49	6.343388e-51	4.957635e-53	1.195325e-55	2.338708e-58	3.624396e-61	4.274906e-64	4.883029e-67	8.827446e-70	2.669157e-73	7.033895e-78	2.252307e-80	3.172223e-80	2.911225e-80	2.143373e-80	1.348675e-80	7.720663e-81	4.246860e-81	2.324905e-81	1.272128e-81	7.012733e-82	3.912119e-82	2.209314e-82	1.271049e-82	7.523543e-83	4.708403e-83	3.249445e-83	2.699140e-83	3.040739e-83	4.732839e-83	8.383653e-83	1.510710e-82	2.603404e-82	3.921243e-82	4.896030e-82	4.924828e-82	4.192806e-82	3.917291e-82	5.480842e-82	5.739110e-82	1.899762e-82	2.782806e-83	3.520288e-84	1.164952e-84	8.409032e-85	6.674558e-85	5.086469e-85	3.757689e-85	3.407155e-85	
T16	2.952075e-36	2.105817e-37	1.255310e-38	3.839022e-40	4.080657e-42	4.030866e-44	3.682765e-46	3.061103e-48	3.030130e-50	6.043652e-52	2.679388e-54	1.451722e-57	2.335054e-59	3.144319e-59	2.885617e-59	2.124519e-59	1.336811e-59	7.652749e-60	4.209503e-60	2.304454e-60	1.260938e-60	6.951047e-61	3.877707e-61	2.189880e-61	1.259868e-61	7.457364e-62	4.666986e-62	3.220861e-62	2.675397e-62	3.013991e-62	4.691207e-62	8.309908e-62	1.497422e-61	2.580504e-61	3.886750e-61	4.852963e-61	4.881508e-61	4.155925e-61	3.882834e-61	5.432631e-61	5.688627e-61	1.883052e-61	2.758328e-62	3.489323e-63	1.154704e-63	8.335063e-64	6.615846e-64	5.041726e-64	3.724635e-64	3.377184e-64	
T17	2.325898e-17	2.260654e-17	1.277682e-17	4.079156e-17	1.178545e-16	4.863406e-16	3.005435e-15	2.429589e-14	4.032498e-13	4.185310e-11	2.186681e-09	4.010702e-08	2.054390e-07	3.795351e-07	5.329489e-07	5.855635e-07	5.399300e-07	4.471123e-07	3.526710e-07	2.750450e-07	2.132836e-07	1.660728e-07	1.305593e-07	1.037320e-07	8.382127e-08	6.955225e-08	6.079405e-08	5.800686e-08	6.469885e-08	9.376933e-08	1.909022e-07	4.711768e-07	1.242267e-06	3.213948e-06	7.275794e-06	1.346917e-05	1.947238e-05	2.239336e-05	2.599663e-05	5.851379e-05	1.003467e-04	4.065724e-05	5.403884e-06	7.298086e-07	5.861764e-07	6.885828e-07	7.827816e-07	8.382294e-07	8.280993e-07	1.195268e-06	
T18	1.187560e-19	3.426528e-20	6.309397e-21	5.974436e-21	4.603675e-21	4.490332e-21	5.712642e-21	8.109925e-21	1.966111e-20	2.403738e-19	1.148279e-18	1.424897e-18	1.732934e-18	3.332177e-18	4.679094e-18	5.141030e-18	4.740385e-18	3.925480e-18	3.096321e-18	2.414793e-18	1.872551e-18	1.458057e-18	1.146262e-18	9.107283e-19	7.359196e-19	6.106430e-19	5.337492e-19	5.092787e-19	5.680319e-19	8.232600e-19	1.676051e-18	4.136758e-18	1.090664e-17	2.821727e-17	6.387877e-17	1.182543e-16	1.709603e-16	1.966054e-16	2.282408e-16	5.137294e-16	8.810066e-16	3.569555e-16	4.744409e-17	6.407449e-18	5.146411e-18	6.045502e-18	6.872532e-18	7.359343e-18	7.270405e-18	1.049401e-17	
T19	8.331577e-37	3.928238e-39	2.584417e-41	1.015744e-43	2.231663e-46	2.627439e-49	1.570924e-52	4.396574e-56	4.243930e-60	9.849746e-65	4.936224e-70	7.621316e-76	6.635411e-79	5.692606e-79	4.163580e-79	2.986549e-79	2.134910e-79	1.543606e-79	1.119378e-79	7.729593e-80	5.026505e-80	3.232912e-80	2.196995e-80	1.743176e-80	1.776867e-80	2.202130e-80	2.963292e-80	3.906719e-80	4.896340e-80	5.752780e-80	6.374561e-80	6.642753e-80	6.824081e-80	7.103418e-80	7.371472e-80	7.536519e-80	7.497265e-80	7.233010e-80	6.883506e-80	6.656832e-80	6.673942e-80	6.711146e-80	6.447080e-80	5.733188e-80	4.677395e-80	3.542509e-80	2.552988e-80	1.767548e-80	1.128853e-80	6.249012e-81	
T20	2.350508e-35	1.198006e-37	8.469548e-40	3.598602e-42	8.605750e-45	1.111392e-47	7.353794e-51	2.301017e-54	2.512777e-58	6.689329e-63	3.908232e-68	7.171866e-74	6.847294e-77	5.859328e-77	4.285521e-77	3.074017e-77	2.197437e-77	1.588815e-77	1.152162e-77	7.955974e-78	5.173719e-78	3.327596e-78	2.261340e-78	1.794229e-78	1.828907e-78	2.266625e-78	3.050080e-78	4.021137e-78	5.039742e-78	5.921265e-78	6.561256e-78	6.837303e-78	7.023942e-78	7.311460e-78	7.587364e-78	7.757245e-78	7.716841e-78	7.444847e-78	7.085107e-78	6.851794e-78	6.869405e-78	6.907699e-78	6.635899e-78	5.901099e-78	4.814384e-78	3.646261e-78	2.627759e-78	1.819315e-78	1.161915e-78	6.432031e-79	
T21	1.205432e-50	1.245847e-53	2.073641e-56	1.828461e-59	7.865967e-63	1.552953e-66	1.303673e-70	4.174687e-75	3.635758e-80	5.766205e-86	1.422818e-92	7.321001e-100	1.225172e-103	1.558718e-103	1.599894e-103	1.610505e-103	1.615623e-103	1.639325e-103	1.668296e-103	1.616669e-103	1.475362e-103	1.331663e-103	1.269983e-103	1.414095e-103	2.022835e-103	3.518166e-103	6.643790e-103	1.229197e-102	2.161967e-102	3.564702e-102	5.543240e-102	8.106428e-102	1.168675e-101	1.707202e-101	2.486220e-101	3.567173e-101	4.979942e-101	6.742314e-101	9.004676e-101	1.222064e-100	1.719400e-100	2.426382e-100	3.271097e-100	4.082203e-100	4.673803e-100	4.967586e-100	5.024018e-100	4.881368e-100	4.374979e-100	3.398739e-100	
T22	5.014822e-52	3.730592e-55	4.566055e-58	2.874560e-61	8.537848e-65	1.120003e-68	5.978105e-73	1.156722e-77	5.736519e-83	4.832403e-89	5.832731e-96	1.330497e-103	1.437513e-107	1.851326e-107	1.900232e-107	1.912834e-107	1.918913e-107	1.947064e-107	1.981474e-107	1.920155e-107	1.752322e-107	1.581647e-107	1.508389e-107	1.679554e-107	2.402568e-107	4.178608e-107	7.890985e-107	1.459946e-106	2.567818e-106	4.233880e-106	6.583836e-106	9.628194e-106	1.388062e-105	2.027683e-105	2.952942e-105	4.236815e-105	5.914794e-105	8.008004e-105	1.069506e-104	1.451474e-104	2.042171e-104	2.881870e-104	3.885159e-104	4.848528e-104	5.551186e-104	5.900119e-104	5.967143e-104	5.797715e-104	5.196265e-104	4.036762e-104	
T23	1.620372e-34	2.182599e-36	0.000000e+00	4.102005e-39	2.990333e-40	1.506252e-41	6.174270e-43	2.604214e-44	1.538569e-45	2.046813e-46	7.657041e-48	4.535128e-50	2.644314e-51	3.663249e-51	3.515172e-51	2.679826e-51	1.733820e-51	1.015840e-51	5.704552e-52	3.183419e-52	1.774439e-52	9.973918e-53	5.683495e-53	3.285133e-53	1.938965e-53	1.179983e-53	7.599607e-54	5.369793e-54	4.466148e-54	4.867460e-54	7.442220e-54	1.370885e-53	2.703684e-53	5.301156e-53	9.311148e-53	1.378074e-52	1.650630e-52	1.642031e-52	1.751394e-52	3.494234e-52	5.438958e-52	2.247034e-52	3.436219e-53	4.966097e-54	3.430163e-54	3.844304e-54	4.054685e-54	3.875277e-54	3.312317e-54	3.394270e-54	
T24	6.592121e-38	7.029169e-40	0.000000e+00	8.426760e-43	4.763790e-44	1.818057e-45	5.498324e-47	1.659486e-48	6.771320e-50	5.969241e-51	1.409348e-52	4.971604e-55	2.198230e-56	3.068809e-56	2.944761e-56	2.244968e-56	1.452471e-56	8.509988e-57	4.778868e-57	2.666842e-57	1.486499e-57	8.355439e-58	4.761228e-58	2.752051e-58	1.624327e-58	9.885061e-59	6.366410e-59	4.498431e-59	3.741421e-59	4.077612e-59	6.234563e-59	1.148430e-58	2.264954e-58	4.440931e-58	7.800217e-58	1.154452e-57	1.382780e-57	1.375577e-57	1.467193e-57	2.927221e-57	4.556372e-57	1.882405e-57	2.878620e-58	4.160242e-59	2.873547e-59	3.220484e-59	3.396726e-59	3.246432e-59	2.774823e-59	2.843478e-59	
T25	1.726399e-27	1.691294e-27	1.410243e-27	3.448426e-28	3.640538e-29	2.010740e-30	5.926476e-32	1.382605e-33	2.794632e-35	3.713273e-37	1.505326e-39	7.878068e-43	6.858440e-45	4.777283e-45	2.497570e-45	1.186615e-45	5.393934e-46	2.423553e-46	1.087423e-46	4.588747e-47	1.801309e-47	6.916584e-48	2.711375e-48	1.171139e-48	6.624120e-49	5.856183e-49	7.583707e-49	1.164114e-48	1.940226e-48	3.382993e-48	5.925262e-48	9.826639e-48	1.603452e-47	2.625618e-47	4.121550e-47	5.942739e-47	7.489445e-47	7.907036e-47	6.907106e-47	5.080583e-47	3.249056e-47	1.926108e-47	1.104800e-47	6.346455e-48	3.813749e-48	2.550580e-48	2.061866e-48	2.176984e-48	3.223092e-48	7.374345e-48	
T26	1.483665e-41	3.264371e-44	1.106591e-46	2.402501e-49	3.161439e-52	2.354915e-55	9.230314e-59	2.168883e-62	2.831178e-66	1.555195e-70	2.434176e-75	6.364830e-81	4.046222e-84	3.072922e-84	1.823747e-84	1.039958e-84	5.788591e-85	3.184978e-85	1.745292e-85	9.126973e-86	4.519123e-86	2.187797e-86	1.050655e-86	5.038902e-87	2.424889e-87	1.173084e-87	5.726276e-88	2.859412e-88	1.571299e-88	1.216017e-88	1.666433e-88	3.121592e-88	6.424716e-88	1.352880e-87	2.685150e-87	4.628753e-87	6.329662e-87	6.464331e-87	4.941423e-87	3.209081e-87	3.713324e-87	5.421216e-87	7.434712e-87	9.223098e-87	1.050357e-86	1.129128e-86	1.208248e-86	1.367111e-86	1.774852e-86	2.731863e-86	
T27	5.737869e-12	3.972853e-13	3.224903e-14	1.801609e-15	7.142046e-17	2.160368e-18	5.036643e-20	8.792799e-22	1.013445e-23	8.119057e-26	3.970537e-28	7.306065e-31	1.543706e-32	1.069844e-32	6.377740e-33	3.650237e-33	2.038353e-33	1.125211e-33	6.193128e-34	3.243938e-34	1.604182e-34	7.759284e-35	3.727892e-35	1.791785e-35	8.659764e-36	4.214609e-36	2.067184e-36	1.019062e-36	5.028917e-37	2.497764e-37	1.344043e-37	9.881860e-38	1.271750e-37	2.459255e-37	5.085437e-37	9.272945e-37	1.317482e-36	1.354881e-36	1.008824e-36	6.194542e-37	6.538124e-37	8.468800e-37	1.003664e-36	1.046488e-36	9.742749e-37	8.341595e-37	6.944995e-37	5.991830e-37	5.832490e-37	6.649449e-37	
T28	8.364751e-50	1.853872e-53	7.616545e-57	1.637087e-60	1.691345e-64	7.598634e-69	1.317525e-73	7.640392e-79	1.246004e-84	4.622855e-91	3.001011e-98	2.453215e-106	1.001434e-110	9.411481e-111	6.742944e-111	4.834778e-111	3.469879e-111	2.493416e-111	1.794364e-111	1.293861e-111	9.350316e-112	6.776189e-112	4.926315e-112	3.591611e-112	2.628421e-112	1.930792e-112	1.425271e-112	1.057045e-112	7.881717e-113	5.910790e-113	4.464427e-113	3.397199e-113	2.621487e-113	2.068801e-113	1.675040e-113	1.394550e-113	1.194865e-113	1.052971e-113	9.526265e-114	8.826431e-114	8.366304e-114	8.128424e-114	8.081036e-114	8.100010e-114	7.981695e-114	7.569943e-114	6.862398e-114	5.986768e-114	5.009652e-114	3.606485e-114	
T29	6.729297e-57	7.592846e-59	1.476820e-59	5.317361e-61	1.016739e-62	1.228955e-64	1.119992e-66	7.382983e-69	3.584689e-71	3.853939e-73	1.716868e-75	7.574169e-79	9.454688e-81	1.976153e-80	2.848538e-80	3.441201e-80	3.649102e-80	3.530694e-80	3.185398e-80	2.709005e-80	2.199225e-80	1.777875e-80	1.544115e-80	1.631455e-80	2.472509e-80	5.584778e-80	1.639548e-79	5.316529e-79	1.799635e-78	6.133352e-78	2.055994e-77	6.433275e-77	1.935198e-76	5.611187e-76	1.459190e-75	3.186272e-75	5.554872e-75	7.919580e-75	1.054366e-74	1.535142e-74	2.560180e-74	4.113254e-74	6.151936e-74	8.510949e-74	1.087972e-73	1.290451e-73	1.430996e-73	1.500732e-73	1.544410e-73	2.335911e-73	
T30	1.665714e-34	2.309515e-35	8.463671e-37	1.371579e-38	1.065344e-40	4.108987e-43	8.218363e-46	1.297340e-48	1.163855e-51	3.914752e-55	3.704228e-59	8.505284e-64	2.318887e-66	1.910727e-66	1.263839e-66	7.978344e-67	4.857456e-67	2.873343e-67	1.656667e-67	9.372799e-68	5.212363e-68	2.858201e-68	1.547843e-68	8.286613e-69	4.411443e-69	2.348267e-69	1.263282e-69	6.962477e-70	4.022160e-70	2.518648e-70	1.788814e-70	1.463938e-70	1.370730e-70	1.399100e-70	1.403176e-70	1.243605e-70	8.848589e-71	4.896880e-71	2.370579e-71	1.439651e-71	1.426056e-71	1.617086e-71	1.799701e-71	1.906513e-71	1.911703e-71	1.819148e-71	1.652087e-71	1.438634e-71	1.203509e-71	9.558206e-72	
T31	2.590852e-11	6.906100e-12	2.352223e-12	5.205866e-13	6.160931e-14	2.895172e-15	5.415453e-17	5.723952e-19	3.489635e-21	1.267023e-23	6.528373e-26	1.137352e-27	1.255046e-28	1.690286e-28	1.934153e-28	1.979576e-28	1.798278e-28	1.460580e-28	1.079588e-28	7.722321e-29	5.441981e-29	3.738302e-29	2.512840e-29	1.661055e-29	1.085625e-29	7.035579e-30	4.528429e-30	2.878710e-30	1.781126e-30	1.105933e-30	8.488857e-31	1.000215e-30	1.657983e-30	3.115202e-30	5.491273e-30	7.859092e-30	8.180879e-30	6.186188e-30	4.112401e-30	3.700661e-30	5.774333e-30	9.683602e-30	1.573232e-29	2.435959e-29	3.581237e-29	5.020264e-29	6.777182e-29	8.912716e-29	1.175755e-28	2.422837e-28	
T32	2.829321e+00	1.772484e+00	1.277378e+00	6.322156e-01	1.780736e-01	2.137008e-02	1.105999e-03	3.545315e-05	7.286427e-07	1.008443e-08	2.287204e-10	2.079372e-11	4.641253e-12	4.327800e-12	3.528821e-12	2.573612e-12	1.665941e-12	9.641846e-13	5.078377e-13	2.588491e-13	1.299834e-13	6.362638e-14	3.047608e-14	1.435522e-14	6.685560e-15	3.087377e-15	1.416020e-15	6.414337e-16	2.828007e-16	1.251258e-16	6.843828e-17	5.746126e-17	6.787253e-17	9.087240e-17	1.141434e-16	1.164078e-16	8.634593e-17	4.652608e-17	2.203943e-17	1.413241e-17	1.571342e-17	1.877750e-17	2.173831e-17	2.398473e-17	2.512638e-17	2.509894e-17	2.414405e-17	2.262575e-17	2.126873e-17	3.123065e-17	
T33	8.336101e-44	1.979015e-46	8.893088e-49	1.944499e-51	1.944757e-54	8.620463e-58	1.633051e-61	1.383931e-65	4.336996e-70	4.210879e-75	1.173738e-80	9.109743e-87	5.134269e-90	6.931553e-90	7.054402e-90	6.735599e-90	6.117574e-90	5.370868e-90	4.626492e-90	3.889922e-90	3.185502e-90	2.574511e-90	2.068684e-90	1.659375e-90	1.335867e-90	1.082283e-90	8.859947e-91	7.318630e-91	6.057333e-91	4.963633e-91	4.254265e-91	4.741578e-91	8.697566e-91	2.207663e-90	5.450601e-90	1.055614e-89	1.370135e-89	1.072312e-89	4.685459e-90	7.967316e-91	1.332881e-91	7.219756e-92	6.534591e-92	6.932418e-92	7.694114e-92	8.552848e-92	9.550543e-92	1.139074e-91	1.849372e-91	7.199006e-91	
T34	2.387982e-48	3.839838e-51	1.204118e-53	1.782763e-56	1.166870e-59	3.256356e-63	3.715363e-67	1.802059e-71	3.046710e-76	1.489471e-81	1.927313e-87	6.304455e-94	2.240227e-97	3.063504e-97	3.117800e-97	2.976900e-97	2.703754e-97	2.373736e-97	2.044748e-97	1.719210e-97	1.407881e-97	1.137844e-97	9.142860e-98	7.333859e-98	5.904065e-98	4.783312e-98	3.915787e-98	3.234579e-98	2.677130e-98	2.193753e-98	1.880237e-98	2.095612e-98	3.844021e-98	9.757101e-98	2.408976e-97	4.665444e-97	6.055520e-97	4.739243e-97	2.070810e-97	3.521276e-98	5.890871e-99	3.190880e-99	2.888061e-99	3.063887e-99	3.400530e-99	3.780061e-99	4.221007e-99	5.034310e-99	8.173579e-99	3.181709e-98	
T35	9.374039e-49	1.367549e-51	3.919852e-54	5.264981e-57	3.099784e-60	7.706262e-64	7.746563e-68	3.268439e-72	4.736474e-77	1.950842e-82	2.083973e-88	5.493581e-95	1.739641e-98	2.386594e-98	2.428893e-98	2.319126e-98	2.106334e-98	1.849237e-98	1.592942e-98	1.339334e-98	1.096796e-98	8.864267e-99	7.122659e-99	5.713374e-99	4.599507e-99	3.726394e-99	3.050557e-99	2.519868e-99	2.085593e-99	1.709022e-99	1.464781e-99	1.632567e-99	2.994648e-99	7.601178e-99	1.876690e-98	3.634570e-98	4.717496e-98	3.692063e-98	1.613245e-98	2.743217e-99	4.589228e-100	2.485825e-100	2.249917e-100	2.386892e-100	2.649151e-100	2.944821e-100	3.288336e-100	3.921932e-100	6.367550e-100	2.478681e-99	
T36	7.793093e-10	1.919803e-09	2.778849e-09	3.555704e-09	1.731809e-09	3.776279e-10	5.611481e-11	7.267963e-12	9.283373e-13	1.539410e-13	1.520004e-14	5.301277e-16	7.428533e-17	8.311779e-17	7.282217e-17	5.609567e-17	3.966301e-17	2.642803e-17	1.684116e-17	1.053487e-17	6.483838e-18	3.899380e-18	2.296795e-18	1.329706e-18	7.593505e-19	4.280858e-19	2.375511e-19	1.281776e-19	6.521708e-20	3.088369e-20	1.526516e-20	1.064889e-20	1.334912e-20	2.495623e-20	4.818589e-20	7.584169e-20	8.215012e-20	5.512259e-20	2.125690e-20	3.067476e-21	4.578364e-22	2.239718e-22	1.620029e-22	1.454906e-22	1.533078e-22	1.790580e-22	2.279345e-22	3.214843e-22	5.485139e-22	1.947484e-21	
T37	6.610447e-12	1.707860e-11	2.591983e-11	3.503185e-11	1.817568e-11	4.263526e-12	6.893718e-13	9.846036e-14	1.408842e-14	2.666434e-15	3.072906e-16	1.285101e-17	1.989946e-18	2.220310e-18	1.945285e-18	1.498473e-18	1.059511e-18	7.059671e-19	4.498748e-19	2.814160e-19	1.732016e-19	1.041634e-19	6.135384e-20	3.552018e-20	2.028439e-20	1.143538e-20	6.345659e-21	3.423984e-21	1.742132e-21	8.249901e-22	4.077755e-22	2.844617e-22	3.565925e-22	6.666510e-22	1.287181e-21	2.025945e-21	2.194461e-21	1.472479e-21	5.678317e-22	8.194091e-23	1.223010e-23	5.982917e-24	4.327554e-24	3.886464e-24	4.095283e-24	4.783143e-24	6.088771e-24	8.587749e-24	1.465235e-23	5.202277e-23	
T38	1.505457e-08	4.501582e-08	7.810050e-08	1.218864e-07	7.385232e-08	2.049194e-08	3.976835e-09	6.932123e-10	1.234106e-10	2.971867e-11	4.473565e-12	2.520784e-13	4.572284e-14	5.079231e-14	4.450078e-14	3.427940e-14	2.423760e-14	1.614986e-14	1.029144e-14	6.437736e-15	3.962198e-15	2.382865e-15	1.403544e-15	8.125676e-16	4.640302e-16	2.615982e-16	1.451647e-16	7.832783e-17	3.985340e-17	1.887266e-17	9.328363e-18	6.507410e-18	8.157489e-18	1.525046e-17	2.944583e-17	4.634597e-17	5.020098e-17	3.368477e-17	1.298985e-17	1.874499e-18	2.797785e-19	1.368665e-19	9.899809e-20	8.890763e-20	9.368462e-20	1.094203e-19	1.392881e-19	1.964553e-19	3.351904e-19	1.190085e-18	
T40	1.777286e-46	4.006963e-47	8.280255e-49	1.243506e-50	2.733893e-52	4.723267e-54	5.874945e-56	4.953612e-58	2.938875e-60	1.513261e-62	2.605839e-65	9.060115e-69	8.091879e-71	7.867267e-71	6.235445e-71	4.577142e-71	3.129225e-71	2.020667e-71	1.244310e-71	7.562973e-72	4.570632e-72	2.729984e-72	1.606689e-72	9.251281e-73	5.231540e-73	2.891652e-73	1.561672e-73	8.137912e-74	4.003839e-74	1.819573e-74	7.914657e-75	3.633226e-75	2.038824e-75	1.817653e-75	2.701702e-75	4.864259e-75	7.880269e-75	9.173181e-75	6.509760e-75	3.045410e-75	4.561340e-75	6.443102e-75	3.530485e-75	9.105265e-76	2.351269e-76	1.262828e-76	9.971364e-77	8.368638e-77	7.245912e-77	1.032267e-76	
T41	4.138613e-58	6.440188e-60	2.261498e-62	4.436115e-65	5.466505e-68	4.075799e-71	1.634928e-74	4.001753e-78	5.799263e-82	5.336120e-86	5.310206e-90	1.185934e-94	1.484119e-97	1.204531e-97	7.570830e-98	4.300480e-98	2.184276e-98	9.989212e-99	4.186869e-99	1.819225e-99	8.095829e-100	3.519911e-100	1.552912e-100	7.442879e-101	4.058780e-101	2.504623e-101	1.681652e-101	1.187912e-101	8.673569e-102	6.461564e-102	4.836922e-102	3.601944e-102	2.691695e-102	2.028450e-102	1.540690e-102	1.180188e-102	9.147860e-103	7.240376e-103	5.949772e-103	5.164960e-103	4.720822e-103	4.376350e-103	3.915340e-103	3.262707e-103	2.489414e-103	1.724602e-103	1.098424e-103	8.772569e-104	1.377791e-103	1.240165e-103	
T42	4.336744e-27	1.945021e-29	7.836699e-32	2.187636e-34	6.990534e-37	2.012341e-39	3.972692e-42	3.031173e-45	7.904635e-49	1.145026e-52	8.564992e-57	1.504549e-61	3.611438e-64	2.605934e-64	1.216665e-64	4.793165e-65	1.687242e-65	5.426595e-66	1.597431e-66	3.912240e-67	7.883936e-68	1.397084e-68	2.274886e-69	3.566062e-70	5.730750e-71	1.041769e-71	2.485658e-72	8.855506e-73	4.562744e-73	2.810718e-73	1.717012e-73	9.339051e-74	4.554230e-74	2.006026e-74	7.839760e-75	2.697172e-75	8.139738e-76	2.147528e-76	4.807705e-77	8.391878e-78	1.220829e-78	1.944310e-79	6.337166e-80	2.893601e-80	1.297681e-80	5.541821e-81	2.265796e-81	8.974519e-82	3.593695e-82	2.306300e-82	
T43	2.764200e-01	9.467244e-02	3.287181e-02	9.058348e-03	1.130883e-02	6.145681e-02	6.773057e-02	4.395528e-02	1.356206e-02	2.015995e-03	1.482527e-04	5.661089e-06	7.266191e-07	4.463284e-07	2.366029e-07	1.168845e-07	5.486286e-08	2.468982e-08	1.069065e-08	4.418412e-09	1.742016e-09	6.527097e-10	2.317819e-10	7.856756e-11	2.498155e-11	7.403779e-12	1.979651e-12	4.677869e-13	9.415086e-14	1.603445e-14	2.424788e-15	3.999095e-16	9.101243e-17	2.966841e-17	1.133552e-17	4.464935e-18	1.794500e-18	7.649863e-19	3.599316e-19	1.898772e-19	1.097589e-19	6.627664e-20	3.991180e-20	2.351838e-20	1.351767e-20	7.586605e-21	4.169956e-21	2.253812e-21	1.203005e-21	6.356940e-22	
T44	1.731816e-07	2.507648e-08	3.914876e-09	4.516904e-10	2.177775e-10	4.168408e-10	1.455924e-10	2.651104e-11	1.992352e-12	6.112859e-14	7.631145e-16	3.918968e-18	1.717003e-19	1.086734e-19	5.760878e-20	2.845940e-20	1.335817e-20	6.011553e-21	2.602992e-21	1.075808e-21	4.241514e-22	1.589237e-22	5.643495e-23	1.912987e-23	6.082583e-24	1.802694e-24	4.820115e-25	1.138982e-25	2.292414e-26	3.904117e-27	5.903948e-28	9.737117e-29	2.215998e-29	7.223753e-30	2.760007e-30	1.087136e-30	4.369302e-31	1.862612e-31	8.763722e-32	4.623188e-32	2.672443e-32	1.613724e-32	9.717846e-33	5.726327e-33	3.291323e-33	1.847209e-33	1.015313e-33	5.487651e-34	2.929112e-34	1.547807e-34	
T46	3.714618e+04	1.077568e+04	3.904137e+03	1.070872e+03	2.232812e+02	3.797986e+01	5.200469e+00	5.751208e-01	5.094606e-02	3.412090e-03	1.615720e-04	4.890897e-06	6.558803e-07	4.734422e-07	3.009570e-07	1.785234e-07	1.003281e-07	5.411711e-08	2.823381e-08	1.368371e-08	6.160675e-09	2.660580e-09	1.117657e-09	4.603890e-10	1.870229e-10	7.517537e-11	2.998085e-11	1.189306e-11	4.711705e-12	1.857341e-12	7.187295e-13	2.717546e-13	1.013597e-13	3.764053e-14	1.408232e-14	5.436836e-15	2.224539e-15	9.610904e-16	4.517900e-16	2.589439e-16	1.192314e-16	5.761868e-17	3.068429e-17	1.752848e-17	1.064328e-17	6.794423e-18	4.530256e-18	3.147727e-18	2.380476e-18	5.330508e-18	
T47	6.586113e-08	1.014227e-08	2.282987e-09	3.246969e-10	2.716644e-11	1.613827e-12	7.738734e-14	2.956009e-15	6.652442e-17	9.690013e-19	8.654051e-21	7.523725e-23	9.315083e-24	1.359172e-23	1.687403e-23	1.888649e-23	1.928476e-23	1.820484e-23	1.596530e-23	1.266814e-23	9.109658e-24	6.194482e-24	4.174359e-24	3.001682e-24	2.572968e-24	2.720385e-24	3.268733e-24	3.885484e-24	4.231900e-24	4.127008e-24	3.829107e-24	3.667265e-24	3.760125e-24	4.154250e-24	4.923388e-24	6.129367e-24	7.659146e-24	9.247705e-24	1.096527e-23	1.365814e-23	2.056756e-23	3.512056e-23	5.978926e-23	9.444310e-23	1.354779e-22	1.795303e-22	2.316415e-22	3.049553e-22	4.058912e-22	6.086818e-22	
T48	1.296094e-06	8.991625e-07	1.922891e-07	2.087558e-08	1.260285e-09	4.503501e-11	9.823069e-13	1.408162e-14	7.136626e-17	6.902450e-20	3.766256e-23	1.575317e-26	2.075607e-28	1.042630e-28	4.375890e-29	1.759699e-29	6.971035e-30	2.762235e-30	1.102785e-30	4.096434e-31	1.399217e-31	4.626788e-32	1.510919e-32	4.923268e-33	1.612643e-33	5.336823e-34	1.792221e-34	6.134257e-35	2.160684e-35	7.998849e-36	3.180825e-36	1.352449e-36	6.035002e-37	2.794622e-37	1.345593e-37	6.975036e-38	4.173397e-38	3.144716e-38	3.392125e-38	9.370982e-38	3.587636e-37	4.612116e-37	3.261808e-37	1.652564e-37	7.043211e-38	2.747071e-38	1.026780e-38	3.767430e-39	1.372097e-39	5.033588e-40	
T49	5.304138e-06	4.022808e-06	9.323229e-07	1.102222e-07	7.285431e-09	2.867537e-10	6.936232e-12	1.111175e-13	6.348608e-16	6.992177e-19	4.395415e-22	2.147083e-25	3.068210e-27	1.537784e-27	6.454038e-28	2.595396e-28	1.028164e-28	4.074045e-29	1.626508e-29	6.041867e-30	2.063717e-30	6.824091e-31	2.228468e-31	7.261372e-32	2.378501e-32	7.871328e-33	2.643363e-33	9.047470e-34	3.186812e-34	1.179757e-34	4.691427e-35	1.994739e-35	8.901077e-36	4.121813e-36	1.984627e-36	1.028754e-36	6.155380e-37	4.638169e-37	5.003075e-37	1.382134e-36	5.291436e-36	6.802450e-36	4.810869e-36	2.437382e-36	1.038809e-36	4.051679e-37	1.514407e-37	5.556615e-38	2.023718e-38	7.424083e-39	
T50	5.136676e-28	3.513758e-29	3.423906e-30	1.911952e-31	6.136614e-33	1.336570e-34	2.237696e-36	3.662224e-38	4.441543e-40	3.356173e-42	1.423980e-44	4.622494e-47	2.334338e-48	2.175087e-48	1.537233e-48	9.224259e-49	4.891371e-49	2.370477e-49	1.065894e-49	4.366549e-50	1.617329e-50	5.602367e-51	1.868155e-51	6.220899e-52	2.236567e-52	9.178457e-53	4.272937e-53	2.018417e-53	8.745863e-54	3.290834e-54	1.133417e-54	3.973896e-55	1.558441e-55	7.293930e-56	4.098754e-56	2.592753e-56	1.613694e-56	8.531105e-57	3.789736e-57	1.622276e-57	8.121576e-58	3.740876e-58	9.003132e-59	1.119083e-59	9.862711e-61	9.059007e-62	9.123003e-63	9.218086e-64	1.103902e-64	4.003881e-65	
T51	2.980035e-31	1.673186e-32	1.393091e-33	6.513508e-35	1.710226e-36	2.966696e-38	3.834975e-40	4.673859e-42	4.045699e-44	2.075043e-46	5.628695e-49	1.086945e-51	4.905887e-53	6.495187e-53	6.442030e-53	5.424785e-53	4.036915e-53	2.745509e-53	1.732483e-53	9.960045e-54	5.177134e-54	2.516695e-54	1.177716e-54	5.503629e-55	2.776809e-55	1.599196e-55	1.044784e-55	6.925942e-56	4.211518e-56	2.223873e-56	1.074885e-56	5.288792e-57	2.910706e-57	1.911779e-57	1.507634e-57	1.338361e-57	1.168964e-57	8.672690e-58	5.406622e-58	3.247954e-58	2.281883e-58	1.475008e-58	4.981758e-59	8.689989e-60	1.074784e-60	1.385395e-61	1.957938e-62	2.776322e-63	4.665814e-64	2.374904e-64	
T52	1.354209e-34	1.294305e-35	1.449191e-36	1.420120e-37	1.487889e-38	1.230451e-39	7.400554e-41	4.212667e-42	2.169916e-43	1.067419e-44	2.178515e-46	2.224148e-48	3.043251e-49	4.791524e-49	5.496500e-49	5.054635e-49	3.879944e-49	2.574896e-49	1.501348e-49	7.839871e-50	3.677868e-50	1.583542e-50	6.484332e-51	2.682897e-51	1.249725e-51	6.707137e-52	3.796315e-52	1.932015e-52	7.898933e-53	2.434777e-53	6.159956e-54	1.515352e-54	3.956601e-55	1.130779e-55	3.585683e-56	1.219695e-56	3.998991e-57	1.069007e-57	1.952653e-58	1.597116e-59	1.208033e-60	1.609639e-61	1.494908e-62	9.596821e-64	5.204338e-65	3.167129e-66	2.295010e-67	1.737458e-68	1.405427e-69	1.089639e-69	
T53	9.209168e-05	2.082723e-05	3.809882e-06	3.011588e-07	1.286971e-08	3.361642e-10	5.443371e-12	9.174876e-14	3.155048e-15	1.932500e-16	1.188078e-17	3.384178e-19	2.929255e-20	1.675243e-20	7.779851e-21	3.182261e-21	1.172677e-21	3.952576e-22	1.227263e-22	3.331084e-23	7.746107e-24	1.592615e-24	2.972326e-25	5.199989e-26	8.939604e-27	1.633780e-27	3.604583e-28	1.071795e-28	4.098995e-29	1.674594e-29	6.526357e-30	2.366160e-30	8.114829e-31	2.597134e-31	7.481563e-32	1.930454e-32	4.715057e-33	1.215667e-33	3.468355e-34	9.946960e-35	2.787805e-35	8.767961e-36	4.971455e-36	3.173273e-36	1.573693e-36	6.306140e-37	2.096525e-37	5.801260e-38	1.751713e-38	2.720124e-38	
T54	9.060403e+03	3.537463e+03	1.104910e+03	2.744610e+02	5.676291e+01	1.103487e+01	3.992250e+00	8.897101e+00	1.197989e+01	4.374750e+01	3.210769e+02	1.905859e+03	2.908430e+03	2.085202e+03	1.440156e+03	9.239287e+02	5.463282e+02	2.979213e+02	1.505476e+02	7.166073e+01	3.186597e+01	1.317315e+01	5.128210e+00	1.925641e+00	7.262539e-01	2.961745e-01	1.479795e-01	1.013645e-01	9.188297e-02	9.169097e-02	8.610569e-02	7.015438e-02	5.115322e-02	3.418428e-02	2.066488e-02	1.133665e-02	5.822291e-03	2.951932e-03	1.474648e-03	6.528944e-04	2.568395e-04	1.080909e-04	8.081038e-05	6.871609e-05	4.642310e-05	2.593849e-05	1.223709e-05	4.840993e-06	2.028684e-06	2.720494e-06	
T55	9.060674e+04	3.537586e+04	1.104955e+04	2.744745e+03	5.676624e+02	1.103565e+02	3.992594e+01	8.898045e+01	1.198147e+02	4.375477e+02	3.211449e+03	1.906381e+04	2.909510e+04	2.086289e+04	1.441208e+04	9.248760e+03	5.471135e+03	2.985215e+03	1.509726e+03	7.194390e+02	3.204208e+02	1.327483e+02	5.183392e+01	1.954452e+01	7.413081e+00	3.046384e+00	1.537710e+00	1.067497e+00	9.843264e-01	1.003310e+00	9.663456e-01	8.104216e-01	6.097653e-01	4.208536e-01	2.625165e-01	1.482307e-01	7.807415e-02	4.042869e-02	2.054295e-02	9.217153e-03	3.662928e-03	1.553332e-03	1.167854e-03	9.971727e-04	6.756893e-04	3.783533e-04	1.787754e-04	7.080265e-05	2.969457e-05	3.984367e-05	
T56	9.229434e+03	3.601512e+03	1.125525e+03	2.798619e+02	5.795097e+01	1.127983e+01	4.085479e+00	9.113748e+00	1.227369e+01	4.479493e+01	3.285573e+02	1.949167e+03	2.973151e+03	2.130861e+03	1.471319e+03	9.437527e+02	5.579813e+02	3.042508e+02	1.537383e+02	7.317757e+01	3.254035e+01	1.345217e+01	5.237037e+00	1.966636e+00	7.417888e-01	3.025522e-01	1.511952e-01	1.035939e-01	9.393546e-02	9.377915e-02	8.811262e-02	7.183349e-02	5.241345e-02	3.505191e-02	2.120482e-02	1.164089e-02	5.982255e-03	3.034644e-03	1.516628e-03	6.717132e-04	2.643131e-04	1.112587e-04	8.319115e-05	7.074837e-05	4.779992e-05	2.670933e-05	1.260129e-05	4.985219e-06	2.089169e-06	2.801649e-06	
T57	4.567378e-86	1.492204e-90	1.029846e-94	3.235507e-99	4.172778e-104	1.954852e-109	2.902154e-115	1.372613e-121	1.881668e-128	4.843059e-136	1.310516e-144	2.401607e-154	1.240086e-159	1.212147e-159	8.120422e-160	5.265743e-160	3.344372e-160	2.099906e-160	1.307250e-160	8.119491e-161	5.025360e-161	3.109102e-161	1.920677e-161	1.177485e-161	7.203772e-162	4.387580e-162	2.671968e-162	1.621794e-162	9.827235e-163	5.945548e-163	3.602678e-163	2.184859e-163	1.344767e-163	8.504662e-164	5.510547e-164	3.641197e-164	2.435859e-164	1.633041e-164	1.086815e-164	7.152344e-165	4.622315e-165	2.891580e-165	1.701956e-165	9.317439e-166	4.882799e-166	2.513907e-166	1.284967e-166	6.546594e-167	3.330284e-167	1.692847e-167	
T58	2.973479e-31	1.050551e-33	5.377487e-36	1.776623e-38	3.591258e-41	4.156436e-44	2.512304e-47	5.951894e-51	4.954603e-55	1.411108e-59	1.153551e-64	1.923389e-70	1.115737e-73	6.002106e-74	2.300270e-74	8.036783e-75	2.626537e-75	8.076013e-76	2.322736e-76	5.553713e-77	1.084898e-77	1.860611e-78	2.903364e-79	4.223598e-80	5.818994e-81	7.653733e-82	9.597385e-83	1.139825e-83	1.263506e-84	1.292500e-85	1.290737e-86	1.515855e-87	2.277372e-88	4.328674e-89	1.145714e-89	4.326589e-90	1.632763e-90	4.685219e-91	1.109365e-91	2.518131e-92	3.256615e-93	5.418350e-94	1.546497e-94	5.219098e-95	1.652425e-95	4.630320e-96	1.133245e-96	2.446928e-97	6.301334e-98	2.239084e-97	
T59	7.607847e-30	2.535364e-32	1.229623e-34	3.831734e-37	7.268337e-40	7.848280e-43	4.396477e-46	9.579565e-50	7.269571e-54	1.867993e-58	1.361049e-63	1.993580e-69	1.079165e-72	5.816549e-73	2.229156e-73	7.788323e-74	2.545337e-74	7.826340e-75	2.250927e-75	5.382018e-76	1.051358e-76	1.803089e-77	2.813605e-78	4.093024e-79	5.639097e-80	7.417115e-81	9.300679e-82	1.104587e-82	1.224445e-83	1.252542e-84	1.250833e-85	1.468992e-86	2.206966e-87	4.194852e-88	1.110294e-88	4.192831e-89	1.582286e-89	4.540374e-90	1.075068e-90	2.440282e-91	3.155935e-92	5.250839e-93	1.498687e-93	5.057748e-94	1.601340e-94	4.487172e-95	1.098210e-95	2.371281e-96	6.106526e-97	2.169862e-96	
T60	1.749750e-55	1.466053e-57	2.684808e-59	2.941673e-61	1.951183e-63	1.038077e-65	4.684354e-68	3.544003e-70	2.885566e-72	2.079205e-74	6.659229e-77	3.073043e-80	2.699153e-82	3.172998e-82	2.512977e-82	1.605465e-82	8.578460e-83	3.950440e-83	1.588621e-83	5.512868e-84	1.639833e-84	4.338442e-85	1.116762e-85	3.473290e-86	1.794494e-86	1.596843e-86	2.189448e-86	4.447745e-86	1.208934e-85	3.557829e-85	9.844614e-85	2.350985e-84	5.113732e-84	1.035151e-83	1.834497e-83	2.735873e-83	3.370721e-83	3.443372e-83	2.857938e-83	1.788567e-83	8.498011e-84	3.442350e-84	1.656677e-84	7.090778e-85	2.296920e-85	6.343849e-86	1.447709e-86	2.563999e-87	5.624866e-88	7.693748e-88	
T91	7.082770e-54	5.602723e-55	1.106670e-55	2.258121e-56	3.872697e-57	4.878186e-58	4.601304e-59	7.597881e-60	1.585390e-60	1.865999e-61	2.002785e-63	4.457645e-67	4.246782e-69	3.494620e-69	2.031470e-69	1.007885e-69	4.502604e-70	1.877379e-70	7.397496e-71	2.596880e-71	8.115259e-72	2.400438e-72	6.866566e-73	1.901140e-73	5.179646e-74	1.382546e-74	3.612891e-75	9.018983e-76	2.079385e-76	4.210112e-77	7.234311e-78	1.079124e-78	1.510307e-79	2.169133e-80	3.480577e-81	6.677594e-82	1.571256e-82	4.286566e-83	1.294168e-83	9.579893e-84	4.770147e-83	1.423349e-82	8.996470e-83	2.213489e-83	3.849741e-84	6.430042e-85	1.133570e-85	1.982522e-86	2.845728e-87	3.652580e-88	
T92	5.997097e-44	1.160775e-45	3.923369e-47	1.183788e-48	2.703166e-50	4.166093e-52	4.221118e-54	4.937717e-56	4.530576e-58	2.037133e-60	1.858766e-63	1.444755e-67	6.901647e-70	5.767215e-70	3.585215e-70	1.994243e-70	1.034088e-70	5.148282e-71	2.493334e-71	1.076419e-71	4.076828e-72	1.450626e-72	4.995123e-73	1.683494e-73	5.623805e-74	1.867181e-74	6.191929e-75	2.073056e-75	7.394823e-76	3.202223e-76	1.880623e-76	1.374841e-76	1.133783e-76	1.013729e-76	9.410196e-77	8.921949e-77	8.743697e-77	1.082521e-76	2.734582e-76	1.227897e-75	5.679014e-75	1.448473e-74	1.582737e-74	9.485817e-75	4.164931e-75	1.591206e-75	5.757075e-76	2.064599e-76	7.761976e-77	3.037680e-77	
T93	4.306492e-50	2.969429e-52	3.869477e-54	4.155993e-56	3.086579e-58	1.396238e-60	3.692347e-63	9.848569e-66	1.761891e-68	1.286547e-71	1.537116e-75	1.211122e-80	1.704651e-83	1.473727e-83	9.161488e-84	5.095994e-84	2.642460e-84	1.315568e-84	6.371349e-85	2.750631e-85	1.041773e-85	3.706862e-86	1.276430e-86	4.301921e-87	1.437081e-87	4.771305e-88	1.582256e-88	5.297388e-89	1.889638e-89	8.182809e-90	4.805655e-90	3.513203e-90	2.897215e-90	2.590435e-90	2.404637e-90	2.279873e-90	2.234323e-90	2.766224e-90	6.987820e-90	3.137710e-89	1.451188e-88	3.701360e-88	4.044450e-88	2.423961e-88	1.064287e-88	4.066092e-89	1.471136e-89	5.275778e-90	1.983459e-90	7.762343e-91	
