117.500000	3.404557e-03
118.500000	6.239195e-04
119.500000	1.629268e-03
120.500000	2.212905e-02
121.500000	1.539172e-01
122.500000	1.962296e-02
123.500000	2.965426e-03
124.500000	3.440268e-03
125.500000	8.510777e-04
126.500000	9.244558e-04
127.500000	4.000851e-04
128.500000	8.715807e-04
129.500000	1.194649e-03
130.500000	2.911005e-03
131.500000	7.238902e-04
132.500000	4.198717e-04
133.500000	5.720007e-03
134.500000	5.468884e-04
135.500000	3.569398e-04
136.500000	5.776935e-04
137.500000	1.822217e-04
138.500000	3.128716e-04
139.500000	3.258053e-03
140.500000	2.983570e-03
141.500000	6.894342e-04
142.500000	2.178463e-04
143.500000	7.778646e-05
144.500000	6.400297e-04
145.500000	6.788185e-04
146.500000	3.145796e-04
147.500000	1.068503e-03
148.500000	7.208382e-04
149.500000	9.302337e-04
150.500000	9.659526e-04
151.500000	1.663123e-03
152.500000	1.382958e-03
153.500000	1.146363e-03
154.500000	9.563139e-03
155.500000	7.351683e-03
156.500000	2.504831e-03
157.500000	1.633193e-03
158.500000	7.045076e-04
159.500000	1.271544e-03
160.500000	1.400337e-03
161.500000	7.788415e-04
162.500000	6.826239e-04
163.500000	4.032959e-03
164.500000	5.833188e-03
165.500000	3.833465e-03
166.500000	2.985493e-03
167.500000	9.584387e-04
168.500000	2.330262e-04
169.500000	1.008104e-03
170.500000	6.041723e-04
171.500000	7.821366e-04
172.500000	5.890192e-04
173.500000	1.027316e-03
174.500000	1.000510e-03
175.500000	1.225912e-03
176.500000	5.216672e-04
177.500000	4.455930e-04
178.500000	4.751374e-04
179.500000	1.400413e-04
180.500000	1.838543e-03
181.500000	4.642606e-03
182.500000	1.136337e-03
183.500000	3.061570e-04
184.500000	4.737023e-04
185.500000	9.082610e-04
186.500000	6.254613e-04
187.500000	4.239980e-04
188.500000	3.598886e-04
189.500000	1.220882e-03
190.500000	7.433429e-04
191.500000	8.991455e-04
192.500000	6.541078e-04
193.500000	9.214224e-04
194.500000	4.837087e-04
195.500000	7.576318e-04
196.500000	8.504655e-04
197.500000	8.975805e-04
198.500000	1.192122e-03
199.500000	2.197962e-03
200.500000	2.139126e-03
201.500000	2.359705e-03
202.500000	1.844211e-03
203.500000	1.081409e-03
204.500000	7.230175e-04
205.500000	1.546139e-03
206.500000	0.000000e+00
207.500000	1.530653e-03
208.500000	7.696330e-04
209.500000	4.092408e-04
210.500000	1.368009e-03
211.500000	1.201648e-03
212.500000	9.976605e-04
213.500000	5.340529e-05
214.500000	1.526456e-03
215.500000	1.012110e-03
216.500000	1.299482e-03
217.500000	4.595672e-04
218.500000	7.359839e-06
219.500000	0.000000e+00
220.500000	1.202793e-03
221.500000	2.182518e-03
222.500000	2.235548e-03
223.500000	1.144583e-03
224.500000	1.401493e-03
225.500000	2.861797e-03
226.500000	2.854991e-03
227.500000	2.744917e-03
228.500000	2.224204e-03
229.500000	2.881777e-03
230.500000	3.511146e-03
231.500000	2.764068e-03
232.500000	3.689303e-03
233.500000	5.937367e-03
234.500000	7.989352e-03
235.500000	7.052324e-03
236.500000	7.073237e-03
237.500000	7.749347e-03
238.500000	9.957501e-03
239.500000	8.018110e-03
240.500000	8.261050e-03
241.500000	5.754861e-03
242.500000	3.079882e-03
243.500000	3.643777e-03
244.500000	3.566166e-03
245.500000	3.428321e-03
246.500000	3.506279e-03
247.500000	5.139461e-03
248.500000	6.066909e-03
249.500000	4.921642e-03
250.500000	4.553505e-03
251.500000	5.034082e-03
252.500000	4.672248e-03
253.500000	5.045973e-03
254.500000	4.942247e-03
255.500000	3.586677e-03
256.500000	3.938815e-03
257.500000	4.097429e-03
258.500000	5.913562e-03
259.500000	8.478537e-03
260.500000	1.095582e-02
261.500000	1.296254e-02
262.500000	1.502848e-02
263.500000	8.746251e-03
264.500000	2.658404e-03
265.500000	2.342764e-03
266.500000	2.965554e-03
267.500000	2.744223e-03
268.500000	2.435646e-03
269.500000	2.634997e-03
270.500000	2.856495e-03
271.500000	3.855228e-03
272.500000	4.934330e-03
273.500000	6.908587e-03
274.500000	8.509570e-03
275.500000	7.850376e-03
276.500000	5.102925e-03
277.500000	3.908960e-03
278.500000	7.528711e-03
279.500000	3.405508e-02
280.500000	3.382247e-02
281.500000	6.630567e-03
282.500000	3.346991e-03
283.500000	3.586370e-03
284.500000	4.915425e-03
285.500000	6.131050e-03
286.500000	4.251814e-03
287.500000	4.369842e-03
288.500000	4.316359e-03
289.500000	3.352205e-03
290.500000	3.432717e-03
291.500000	4.081815e-03
292.500000	5.680267e-03
293.500000	5.506720e-03
294.500000	5.213743e-03
295.500000	5.639857e-03
296.500000	5.339248e-03
297.500000	5.527286e-03
298.500000	5.663950e-03
299.500000	5.014663e-03
300.500000	4.667764e-03
301.500000	4.698794e-03
302.500000	4.462412e-03
303.500000	4.279053e-03
304.500000	4.468578e-03
305.500000	5.290878e-03
306.500000	5.050796e-03
307.500000	4.314872e-03
308.500000	4.502761e-03
309.500000	4.859080e-03
310.500000	5.051740e-03
311.500000	4.936209e-03
312.500000	5.263535e-03
313.500000	5.252803e-03
314.500000	5.335605e-03
315.500000	5.822599e-03
316.500000	5.658190e-03
317.500000	6.184106e-03
318.500000	7.130072e-03
319.500000	7.903680e-03
320.500000	7.215666e-03
321.500000	6.808949e-03
322.500000	6.829469e-03
323.500000	6.506690e-03
324.500000	6.057333e-03
325.500000	8.033457e-03
326.500000	6.858946e-03
327.500000	7.872978e-03
328.500000	1.044005e-02
329.500000	1.030785e-02
330.500000	1.014746e-02
331.500000	8.391473e-03
332.500000	8.278199e-03
333.500000	8.278042e-03
334.500000	8.277885e-03
335.500000	8.277728e-03
336.500000	8.277572e-03
337.500000	8.277415e-03
338.500000	8.277258e-03
339.500000	8.277101e-03
340.500000	8.276944e-03
341.500000	8.276787e-03
342.500000	8.276630e-03
343.500000	8.276473e-03
344.500000	8.276317e-03
345.500000	8.276160e-03
346.500000	8.276003e-03
347.500000	8.275846e-03
348.500000	8.275689e-03
349.500000	8.275532e-03
350.500000	8.275375e-03
351.500000	8.275218e-03
352.500000	8.275062e-03
353.500000	8.274905e-03
354.500000	8.274748e-03
355.500000	8.274591e-03
356.500000	8.274434e-03
357.500000	8.274277e-03
358.500000	8.274120e-03
359.500000	6.630924e-03
360.500000	6.940497e-03
361.500000	8.321669e-03
362.500000	1.056445e-02
363.500000	1.053631e-02
364.500000	1.081449e-02
365.500000	1.036312e-02
366.500000	9.873920e-03
367.500000	9.012254e-03
368.500000	1.091515e-02
369.500000	1.457483e-02
370.500000	1.642902e-02
371.500000	1.420572e-02
372.500000	1.376084e-02
373.500000	1.402279e-02
374.500000	1.706548e-02
375.500000	1.930502e-02
376.500000	2.400598e-02
377.500000	2.600846e-02
378.500000	2.406118e-02
379.500000	2.415752e-02
380.500000	2.405685e-02
381.500000	2.169392e-02
382.500000	2.317901e-02
383.500000	2.664609e-02
384.500000	2.726515e-02
385.500000	2.317360e-02
386.500000	2.301556e-02
387.500000	2.660596e-02
388.500000	3.336353e-02
389.500000	3.435611e-02
390.500000	3.012059e-02
391.500000	2.917671e-02
392.500000	5.135773e-02
393.500000	5.768233e-02
394.500000	5.166081e-02
395.500000	3.604794e-02
396.500000	6.321351e-02
397.500000	6.898282e-02
398.500000	5.105790e-02
399.500000	4.587309e-02
400.500000	4.915283e-02
401.500000	5.100377e-02
402.500000	4.849255e-02
403.500000	4.721529e-02
404.500000	5.146922e-02
405.500000	5.490050e-02
406.500000	5.615611e-02
407.500000	5.634012e-02
408.500000	5.979305e-02
409.500000	6.437170e-02
410.500000	6.289960e-02
411.500000	5.957657e-02
412.500000	5.930596e-02
413.500000	6.004201e-02
414.500000	6.150328e-02
415.500000	6.510775e-02
416.500000	6.625512e-02
417.500000	6.510795e-02
418.500000	6.363565e-02
419.500000	6.121102e-02
420.500000	5.540924e-02
421.500000	4.179357e-02
422.500000	3.072566e-02
423.500000	3.326178e-02
424.500000	4.149144e-02
425.500000	4.576485e-02
426.500000	4.764826e-02
427.500000	5.337428e-02
428.500000	5.340675e-02
429.500000	5.613446e-02
430.500000	5.961986e-02
431.500000	6.351659e-02
432.500000	7.775045e-02
433.500000	1.032415e-01
434.500000	1.043997e-01
435.500000	8.233992e-02
436.500000	7.559643e-02
437.500000	7.420010e-02
438.500000	7.349653e-02
439.500000	7.548818e-02
440.500000	8.300020e-02
441.500000	8.714588e-02
442.500000	8.904012e-02
443.500000	9.579444e-02
444.500000	9.703923e-02
445.500000	9.742890e-02
446.500000	1.014339e-01
447.500000	1.148884e-01
448.500000	1.168800e-01
449.500000	1.194887e-01
450.500000	1.223788e-01
451.500000	1.256801e-01
452.500000	1.205278e-01
453.500000	1.186552e-01
454.500000	1.205819e-01
455.500000	1.344261e-01
456.500000	1.469606e-01
457.500000	1.481183e-01
458.500000	1.414298e-01
459.500000	1.417649e-01
460.500000	1.524483e-01
461.500000	1.586291e-01
462.500000	1.500346e-01
463.500000	1.378574e-01
464.500000	1.361039e-01
465.500000	1.443628e-01
466.500000	1.438757e-01
467.500000	1.387883e-01
468.500000	1.408339e-01
469.500000	1.490930e-01
470.500000	1.506949e-01
471.500000	1.495692e-01
472.500000	1.500563e-01
473.500000	1.541808e-01
474.500000	1.567457e-01
475.500000	1.456617e-01
476.500000	1.262755e-01
477.500000	1.145637e-01
478.500000	1.226385e-01
479.500000	1.311897e-01
480.500000	1.317309e-01
481.500000	1.282238e-01
482.500000	1.323154e-01
483.500000	1.369482e-01
484.500000	1.431072e-01
485.500000	1.598089e-01
486.500000	1.628181e-01
487.500000	1.503702e-01
488.500000	1.495692e-01
489.500000	1.570596e-01
490.500000	1.668339e-01
491.500000	1.737722e-01
492.500000	1.816850e-01
493.500000	1.903334e-01
494.500000	1.875731e-01
495.500000	1.636732e-01
496.500000	1.444494e-01
497.500000	1.499481e-01
498.500000	1.551545e-01
499.500000	1.464627e-01
500.500000	1.375760e-01
501.500000	1.403903e-01
502.500000	1.478049e-01
503.500000	1.559447e-01
504.500000	1.572869e-01
505.500000	1.621037e-01
506.500000	1.687498e-01
507.500000	1.693126e-01
508.500000	1.659030e-01
509.500000	1.602744e-01
510.500000	1.678189e-01
511.500000	1.717805e-01
512.500000	1.703409e-01
513.500000	1.660978e-01
514.500000	1.697348e-01
515.500000	1.792168e-01
516.500000	1.620604e-01
517.500000	1.395027e-01
518.500000	1.378898e-01
519.500000	1.464735e-01
520.500000	1.512794e-01
521.500000	1.736748e-01
522.500000	2.136487e-01
523.500000	2.238451e-01
524.500000	2.198726e-01
525.500000	2.045347e-01
526.500000	1.955397e-01
527.500000	2.043074e-01
528.500000	2.309133e-01
529.500000	2.398650e-01
530.500000	2.416077e-01
531.500000	2.378949e-01
532.500000	2.282831e-01
533.500000	2.276769e-01
534.500000	2.379166e-01
535.500000	2.453528e-01
536.500000	2.526159e-01
537.500000	2.638722e-01
538.500000	2.738426e-01
539.500000	2.692419e-01
540.500000	2.636025e-01
541.500000	2.678564e-01
542.500000	2.729546e-01
543.500000	2.723376e-01
544.500000	2.473115e-01
545.500000	2.198072e-01
546.500000	2.114080e-01
547.500000	2.291598e-01
548.500000	2.391830e-01
549.500000	2.331543e-01
550.500000	2.201649e-01
551.500000	2.172531e-01
552.500000	2.214421e-01
553.500000	2.236719e-01
554.500000	2.258367e-01
555.500000	2.360439e-01
556.500000	2.463378e-01
557.500000	2.535684e-01
558.500000	2.465002e-01
559.500000	2.291923e-01
560.500000	2.235528e-01
561.500000	2.290732e-01
562.500000	2.299175e-01
563.500000	2.320932e-01
564.500000	2.455260e-01
565.500000	2.568157e-01
566.500000	2.574652e-01
567.500000	2.579522e-01
568.500000	2.656699e-01
569.500000	2.744157e-01
570.500000	2.835191e-01
571.500000	2.902626e-01
572.500000	2.954695e-01
573.500000	3.039552e-01
574.500000	3.179618e-01
575.500000	3.142058e-01
576.500000	3.024507e-01
577.500000	2.972875e-01
578.500000	3.131771e-01
579.500000	3.325961e-01
580.500000	3.338409e-01
581.500000	3.122894e-01
582.500000	2.952850e-01
583.500000	2.973200e-01
584.500000	2.847206e-01
585.500000	2.580064e-01
586.500000	2.330574e-01
587.500000	2.028569e-01
588.500000	1.499805e-01
589.500000	1.256368e-01
590.500000	1.499697e-01
591.500000	1.863824e-01
592.500000	2.034631e-01
593.500000	2.177619e-01
594.500000	2.272439e-01
595.500000	2.259666e-01
596.500000	2.250685e-01
597.500000	2.311619e-01
598.500000	2.454710e-01
599.500000	2.581904e-01
600.500000	2.637973e-01
601.500000	2.680945e-01
602.500000	2.818197e-01
603.500000	2.927522e-01
604.500000	3.010002e-01
605.500000	3.062166e-01
606.500000	3.111966e-01
607.500000	3.166629e-01
608.500000	3.251813e-01
609.500000	3.270650e-01
610.500000	3.313081e-01
611.500000	3.241857e-01
612.500000	3.268589e-01
613.500000	3.303447e-01
614.500000	3.178319e-01
615.500000	2.697507e-01
616.500000	2.219725e-01
617.500000	2.069052e-01
618.500000	2.060068e-01
619.500000	2.018503e-01
620.500000	2.005622e-01
621.500000	1.913079e-01
622.500000	1.774091e-01
623.500000	1.762942e-01
624.500000	1.894240e-01
625.500000	2.053898e-01
626.500000	2.179784e-01
627.500000	2.283155e-01
628.500000	2.421272e-01
629.500000	2.640030e-01
630.500000	2.893966e-01
631.500000	3.140871e-01
632.500000	3.327587e-01
633.500000	3.498283e-01
634.500000	3.629798e-01
635.500000	3.554359e-01
636.500000	3.394147e-01
637.500000	3.254964e-01
638.500000	3.240017e-01
639.500000	3.502505e-01
640.500000	3.906357e-01
641.500000	4.110069e-01
642.500000	4.136155e-01
643.500000	4.171226e-01
644.500000	4.258901e-01
645.500000	4.441182e-01
646.500000	4.657666e-01
647.500000	4.702046e-01
648.500000	4.589474e-01
649.500000	4.537518e-01
650.500000	4.739931e-01
651.500000	5.106872e-01
652.500000	5.415363e-01
653.500000	5.650248e-01
654.500000	5.584221e-01
655.500000	5.993377e-01
656.500000	6.003118e-01
657.500000	5.689216e-01
658.500000	5.070070e-01
659.500000	5.126356e-01
660.500000	5.065740e-01
661.500000	4.963992e-01
662.500000	4.779980e-01
663.500000	4.599216e-01
664.500000	4.395301e-01
665.500000	4.153366e-01
666.500000	4.056056e-01
667.500000	4.006373e-01
668.500000	3.831561e-01
669.500000	3.743344e-01
670.500000	3.756116e-01
671.500000	3.568199e-01
672.500000	3.374887e-01
673.500000	3.411798e-01
674.500000	3.427601e-01
675.500000	3.437992e-01
676.500000	3.512355e-01
677.500000	3.533245e-01
678.500000	3.429338e-01
679.500000	3.357893e-01
680.500000	3.436044e-01
681.500000	3.466568e-01
682.500000	3.482047e-01
683.500000	3.517767e-01
684.500000	3.504453e-01
685.500000	3.368392e-01
686.500000	3.083282e-01
687.500000	3.037496e-01
688.500000	3.174747e-01
689.500000	3.313297e-01
690.500000	3.520256e-01
691.500000	3.728409e-01
692.500000	4.036139e-01
693.500000	4.428842e-01
694.500000	4.725859e-01
695.500000	4.918530e-01
696.500000	5.034350e-01
697.500000	5.193466e-01
698.500000	5.268141e-01
699.500000	5.347170e-01
700.500000	5.529017e-01
701.500000	5.776892e-01
702.500000	6.157885e-01
703.500000	6.666644e-01
704.500000	6.775968e-01
705.500000	6.045361e-01
706.500000	5.302791e-01
707.500000	5.235680e-01
708.500000	4.895800e-01
709.500000	4.471923e-01
710.500000	4.563927e-01
711.500000	4.803794e-01
712.500000	4.421155e-01
713.500000	3.897481e-01
714.500000	3.839896e-01
715.500000	4.042417e-01
716.500000	4.172200e-01
717.500000	4.270375e-01
718.500000	4.446594e-01
719.500000	4.428193e-01
720.500000	4.469321e-01
721.500000	4.742075e-01
722.500000	5.078729e-01
723.500000	5.232433e-01
724.500000	5.486803e-01
725.500000	5.841837e-01
726.500000	6.076723e-01
727.500000	6.267230e-01
728.500000	6.467478e-01
729.500000	6.699116e-01
730.500000	6.912378e-01
731.500000	7.168888e-01
732.500000	7.504439e-01
733.500000	7.719841e-01
734.500000	7.864886e-01
735.500000	7.939573e-01
736.500000	8.162552e-01
737.500000	8.449419e-01
738.500000	8.587945e-01
739.500000	8.591188e-01
740.500000	8.646379e-01
741.500000	8.813089e-01
742.500000	8.973287e-01
743.500000	9.094519e-01
744.500000	9.144326e-01
745.500000	9.164876e-01
746.500000	9.236316e-01
747.500000	9.309917e-01
748.500000	9.385690e-01
749.500000	9.511251e-01
750.500000	9.622717e-01
751.500000	9.698511e-01
752.500000	9.715829e-01
753.500000	9.814334e-01
754.500000	9.956119e-01
755.500000	1.001674e+00
756.500000	9.989695e-01
757.500000	9.930149e-01
758.500000	9.672161e-01
759.500000	9.550188e-01
760.500000	9.428214e-01
761.500000	9.306241e-01
762.500000	9.184267e-01
763.500000	9.062293e-01
764.500000	8.940320e-01
765.500000	8.818346e-01
766.500000	8.696372e-01
767.500000	8.574399e-01
768.500000	8.452425e-01
769.500000	8.330452e-01
770.500000	8.208478e-01
771.500000	8.086504e-01
772.500000	7.964531e-01
773.500000	7.842557e-01
774.500000	7.720584e-01
775.500000	7.613857e-01
776.500000	7.746902e-01
777.500000	7.850815e-01
778.500000	7.871381e-01
779.500000	7.948233e-01
780.500000	8.258888e-01
781.500000	8.426664e-01
782.500000	8.303267e-01
783.500000	8.210179e-01
784.500000	8.359574e-01
785.500000	8.544648e-01
786.500000	8.640971e-01
787.500000	8.752473e-01
788.500000	8.925661e-01
789.500000	9.011172e-01
790.500000	8.907259e-01
791.500000	8.878034e-01
792.500000	9.053387e-01
793.500000	9.235234e-01
794.500000	9.332652e-01
795.500000	9.469037e-01
796.500000	9.700676e-01
797.500000	9.784022e-01
798.500000	9.786187e-01
799.500000	9.818680e-01
800.500000	9.966968e-01
801.500000	1.015638e+00
802.500000	1.034039e+00
803.500000	1.044428e+00
804.500000	1.057530e+00
805.500000	1.069975e+00
806.500000	1.080475e+00
807.500000	1.085454e+00
808.500000	1.090758e+00
809.500000	1.097361e+00
810.500000	1.103422e+00
811.500000	1.102556e+00
812.500000	1.084371e+00
813.500000	1.062182e+00
814.500000	1.032199e+00
815.500000	1.006109e+00
816.500000	9.937726e-01
817.500000	9.540477e-01
818.500000	8.960298e-01
819.500000	9.046892e-01
820.500000	1.001241e+00
821.500000	1.057527e+00
822.500000	1.013364e+00
823.500000	1.026678e+00
824.500000	1.103413e+00
825.500000	1.099274e+00
826.500000	1.112678e+00
827.500000	1.088506e+00
828.500000	1.072482e+00
829.500000	1.068707e+00
830.500000	1.062559e+00
831.500000	1.070832e+00
832.500000	1.052543e+00
833.500000	1.068909e+00
834.500000	1.086276e+00
835.500000	1.084363e+00
836.500000	1.086350e+00
837.500000	1.059953e+00
838.500000	1.028615e+00
839.500000	1.075273e+00
840.500000	1.100048e+00
841.500000	1.083885e+00
842.500000	1.054713e+00
843.500000	1.008479e+00
844.500000	1.027668e+00
845.500000	1.015846e+00
846.500000	9.980980e-01
847.500000	1.010542e+00
848.500000	1.030583e+00
849.500000	1.011002e+00
850.500000	1.007233e+00
851.500000	9.850321e-01
852.500000	1.001414e+00
853.500000	9.715829e-01
854.500000	9.649264e-01
855.500000	1.032075e+00
856.500000	1.039594e+00
857.500000	1.045828e+00
858.500000	1.051660e+00
859.500000	1.056630e+00
860.500000	1.053572e+00
861.500000	1.049111e+00
862.500000	1.055107e+00
863.500000	1.056998e+00
864.500000	1.055453e+00
865.500000	1.020518e+00
866.500000	1.002444e+00
867.500000	1.039015e+00
868.500000	1.016022e+00
869.500000	1.020451e+00
870.500000	1.049799e+00
871.500000	1.037896e+00
872.500000	1.054927e+00
873.500000	1.061174e+00
874.500000	1.079478e+00
875.500000	1.087393e+00
876.500000	1.091784e+00
877.500000	1.095673e+00
878.500000	1.109790e+00
879.500000	1.101332e+00
880.500000	1.080428e+00
881.500000	1.121390e+00
882.500000	1.102715e+00
883.500000	1.141300e+00
884.500000	1.133715e+00
885.500000	1.121623e+00
886.500000	1.066438e+00
887.500000	1.055691e+00
888.500000	1.079198e+00
889.500000	1.078132e+00
890.500000	1.097393e+00
891.500000	1.095704e+00
892.500000	1.099850e+00
893.500000	1.090721e+00
894.500000	1.073322e+00
895.500000	1.064268e+00
896.500000	1.048119e+00
897.500000	1.052539e+00
898.500000	1.020769e+00
899.500000	1.021130e+00
900.500000	1.036900e+00
901.500000	1.030554e+00
902.500000	1.044953e+00
903.500000	1.110852e+00
904.500000	1.131543e+00
905.500000	1.123919e+00
906.500000	1.094720e+00
907.500000	1.075929e+00
908.500000	1.068356e+00
909.500000	1.084821e+00
910.500000	1.098442e+00
911.500000	1.110138e+00
912.500000	1.105632e+00
913.500000	1.090479e+00
914.500000	1.115973e+00
915.500000	1.097037e+00
916.500000	1.131556e+00
917.500000	1.116633e+00
918.500000	1.145466e+00
919.500000	1.160683e+00
920.500000	1.155595e+00
921.500000	1.140279e+00
922.500000	1.147917e+00
923.500000	1.128558e+00
924.500000	1.131348e+00
925.500000	1.138341e+00
926.500000	1.154906e+00
927.500000	1.154782e+00
928.500000	1.155591e+00
929.500000	1.156400e+00
930.500000	1.157210e+00
931.500000	1.158019e+00
932.500000	1.158828e+00
933.500000	1.159638e+00
934.500000	1.160447e+00
935.500000	1.161257e+00
936.500000	1.162066e+00
937.500000	1.162875e+00
938.500000	1.163685e+00
939.500000	1.164494e+00
940.500000	1.165304e+00
941.500000	1.166113e+00
942.500000	1.166922e+00
943.500000	1.167732e+00
944.500000	1.168541e+00
945.500000	1.169350e+00
946.500000	1.170160e+00
947.500000	1.170969e+00
948.500000	1.171779e+00
949.500000	1.172588e+00
950.500000	1.173397e+00
951.500000	1.174207e+00
952.500000	1.175016e+00
953.500000	1.175825e+00
954.500000	1.176635e+00
955.500000	1.177444e+00
956.500000	1.178254e+00
957.500000	1.179063e+00
958.500000	1.179872e+00
959.500000	1.180682e+00
960.500000	1.181491e+00
961.500000	1.182300e+00
962.500000	1.183110e+00
963.500000	1.183919e+00
964.500000	1.184729e+00
965.500000	1.185538e+00
966.500000	1.186347e+00
967.500000	1.187157e+00
968.500000	1.187966e+00
969.500000	1.188776e+00
970.500000	1.189585e+00
971.500000	1.190196e+00
972.500000	1.189907e+00
973.500000	1.188739e+00
974.500000	1.191273e+00
975.500000	1.184046e+00
976.500000	1.174140e+00
977.500000	1.166301e+00
978.500000	1.161677e+00
979.500000	1.163108e+00
980.500000	1.174850e+00
981.500000	1.184233e+00
982.500000	1.173075e+00
983.500000	1.162263e+00
984.500000	1.165373e+00
985.500000	1.169883e+00
986.500000	1.169444e+00
987.500000	1.169018e+00
988.500000	1.165708e+00
989.500000	1.141392e+00
990.500000	1.101439e+00
991.500000	1.069094e+00
992.500000	1.055110e+00
993.500000	1.065262e+00
994.500000	1.093258e+00
995.500000	1.116469e+00
996.500000	1.122012e+00
997.500000	1.125749e+00
998.500000	1.131869e+00
999.500000	1.134272e+00
1000.500000	1.139431e+00
1001.500000	1.154847e+00
1002.500000	1.179101e+00
1003.500000	1.200841e+00
1004.500000	1.211119e+00
1005.500000	1.200167e+00
1006.500000	1.169230e+00
1007.500000	1.140245e+00
1008.500000	1.129725e+00
1009.500000	1.130916e+00
1010.500000	1.131947e+00
1011.500000	1.127963e+00
1012.500000	1.119808e+00
1013.500000	1.106955e+00
1014.500000	1.093403e+00
1015.500000	1.084039e+00
1016.500000	1.075525e+00
1017.500000	1.070379e+00
1018.500000	1.070805e+00
1019.500000	1.073636e+00
1020.500000	1.074287e+00
1021.500000	1.072905e+00
1022.500000	1.069661e+00
1023.500000	1.061897e+00
1024.500000	1.055860e+00
1025.500000	1.052260e+00
1026.500000	1.050029e+00
1027.500000	1.050115e+00
1028.500000	1.053159e+00
1029.500000	1.056720e+00
1030.500000	1.055979e+00
1031.500000	1.054315e+00
1032.500000	1.048375e+00
1033.500000	1.033312e+00
1034.500000	1.020508e+00
1035.500000	1.022849e+00
1036.500000	1.044740e+00
1037.500000	1.067955e+00
1038.500000	1.071800e+00
1039.500000	1.063689e+00
1040.500000	1.062606e+00
1041.500000	1.067705e+00
1042.500000	1.074551e+00
1043.500000	1.083801e+00
1044.500000	1.094099e+00
1045.500000	1.099783e+00
1046.500000	1.095017e+00
1047.500000	1.082337e+00
1048.500000	1.068631e+00
1049.500000	1.059374e+00
1050.500000	1.056052e+00
1051.500000	1.054930e+00
1052.500000	1.054604e+00
1053.500000	1.056264e+00
1054.500000	1.056938e+00
1055.500000	1.049477e+00
1056.500000	1.042230e+00
1057.500000	1.043737e+00
1058.500000	1.043761e+00
1059.500000	1.040930e+00
1060.500000	1.039717e+00
1061.500000	1.039144e+00
1062.500000	1.036101e+00
1063.500000	1.034083e+00
1064.500000	1.034383e+00
1065.500000	1.027654e+00
1066.500000	1.022504e+00
1067.500000	1.033714e+00
1068.500000	1.050265e+00
1069.500000	1.055579e+00
1070.500000	1.049350e+00
1071.500000	1.039187e+00
1072.500000	1.026760e+00
1073.500000	1.020343e+00
1074.500000	1.023636e+00
1075.500000	1.025318e+00
1076.500000	1.021063e+00
1077.500000	1.019524e+00
1078.500000	1.018885e+00
1079.500000	1.016047e+00
1080.500000	1.016947e+00
1081.500000	1.024547e+00
1082.500000	1.025008e+00
1083.500000	1.019204e+00
1084.500000	1.021154e+00
1085.500000	1.026786e+00
1086.500000	1.030250e+00
1087.500000	1.033077e+00
1088.500000	1.033993e+00
1089.500000	1.028487e+00
1090.500000	1.027491e+00
1091.500000	1.037898e+00
1092.500000	1.038051e+00
1093.500000	1.031822e+00
1094.500000	1.033773e+00
1095.500000	1.031116e+00
1096.500000	1.019851e+00
1097.500000	1.011992e+00
1098.500000	1.014785e+00
1099.500000	1.008434e+00
1100.500000	1.000189e+00
1101.500000	1.002439e+00
1102.500000	9.991743e-01
1103.500000	9.879918e-01
1104.500000	9.830566e-01
1105.500000	9.813096e-01
1106.500000	9.749364e-01
1107.500000	9.724084e-01
1108.500000	9.823505e-01
1109.500000	9.853118e-01
1110.500000	9.816107e-01
1111.500000	9.859649e-01
1112.500000	9.890316e-01
1113.500000	9.912240e-01
1114.500000	9.989322e-01
1115.500000	1.002487e+00
1116.500000	9.868212e-01
1117.500000	9.717960e-01
1118.500000	9.763211e-01
1119.500000	9.824944e-01
1120.500000	9.832418e-01
1121.500000	9.835660e-01
1122.500000	9.728031e-01
1123.500000	9.562716e-01
1124.500000	9.493021e-01
1125.500000	9.508759e-01
1126.500000	9.461946e-01
1127.500000	9.412948e-01
1128.500000	9.520516e-01
1129.500000	9.450534e-01
1130.500000	9.448885e-01
1131.500000	9.833518e-01
1132.500000	1.032356e+00
1133.500000	1.028958e+00
1134.500000	9.622609e-01
1135.500000	8.939821e-01
1136.500000	8.626723e-01
1137.500000	8.557840e-01
1138.500000	8.546530e-01
1139.500000	8.416933e-01
1140.500000	8.349167e-01
1141.500000	8.603099e-01
1142.500000	9.078619e-01
1143.500000	9.487207e-01
1144.500000	9.620237e-01
1145.500000	9.618211e-01
1146.500000	9.473563e-01
1147.500000	9.387749e-01
1148.500000	9.508369e-01
1149.500000	9.652893e-01
1150.500000	9.697723e-01
1151.500000	9.735116e-01
1152.500000	9.763477e-01
1153.500000	9.742673e-01
1154.500000	9.805424e-01
1155.500000	9.854046e-01
1156.500000	9.857528e-01
1157.500000	9.829484e-01
1158.500000	9.806144e-01
1159.500000	9.810558e-01
1160.500000	9.837823e-01
1161.500000	9.842702e-01
1162.500000	9.818978e-01
1163.500000	9.764577e-01
1164.500000	9.737478e-01
1165.500000	9.760930e-01
1166.500000	9.814240e-01
1167.500000	9.850209e-01
1168.500000	9.788581e-01
1169.500000	9.666791e-01
1170.500000	9.563715e-01
1171.500000	9.544464e-01
1172.500000	9.596566e-01
1173.500000	9.701036e-01
1174.500000	9.790683e-01
1175.500000	9.764758e-01
1176.500000	9.607538e-01
1177.500000	9.376405e-01
1178.500000	9.248171e-01
1179.500000	9.276129e-01
1180.500000	9.406060e-01
1181.500000	9.520206e-01
1182.500000	9.533418e-01
1183.500000	9.475762e-01
1184.500000	9.418430e-01
1185.500000	9.414644e-01
1186.500000	9.433119e-01
1187.500000	9.440498e-01
1188.500000	9.397597e-01
1189.500000	9.333636e-01
1190.500000	9.283411e-01
1191.500000	9.264152e-01
1192.500000	9.272129e-01
1193.500000	9.287925e-01
1194.500000	9.305204e-01
1195.500000	9.264434e-01
1196.500000	9.154708e-01
1197.500000	9.040397e-01
1198.500000	8.975506e-01
1199.500000	8.989707e-01
1200.500000	9.068944e-01
1201.500000	9.173842e-01
1202.500000	9.241909e-01
1203.500000	9.229587e-01
1204.500000	9.160305e-01
1205.500000	9.091567e-01
1206.500000	9.077790e-01
1207.500000	9.137441e-01
1208.500000	9.220115e-01
1209.500000	9.233959e-01
1210.500000	9.169001e-01
1211.500000	9.064792e-01
1212.500000	8.988447e-01
1213.500000	8.975288e-01
1214.500000	9.014419e-01
1215.500000	9.056739e-01
1216.500000	9.064011e-01
1217.500000	9.041102e-01
1218.500000	9.005351e-01
1219.500000	8.968608e-01
1220.500000	8.953786e-01
1221.500000	8.973960e-01
1222.500000	8.981586e-01
1223.500000	8.966005e-01
1224.500000	8.927294e-01
1225.500000	8.886500e-01
1226.500000	8.880992e-01
1227.500000	8.902337e-01
1228.500000	8.924990e-01
1229.500000	8.906323e-01
1230.500000	8.861257e-01
1231.500000	8.789275e-01
1232.500000	8.718426e-01
1233.500000	8.691485e-01
1234.500000	8.713606e-01
1235.500000	8.752270e-01
1236.500000	8.757885e-01
1237.500000	8.723482e-01
1238.500000	8.643774e-01
1239.500000	8.575014e-01
1240.500000	8.546419e-01
1241.500000	8.552323e-01
1242.500000	8.553804e-01
1243.500000	8.525316e-01
1244.500000	8.488009e-01
1245.500000	8.463269e-01
1246.500000	8.484414e-01
1247.500000	8.521989e-01
1248.500000	8.563876e-01
1249.500000	8.576727e-01
1250.500000	8.545238e-01
1251.500000	8.475919e-01
1252.500000	8.394493e-01
1253.500000	8.360481e-01
1254.500000	8.429616e-01
1255.500000	8.554045e-01
1256.500000	8.639383e-01
1257.500000	8.660682e-01
1258.500000	8.623960e-01
1259.500000	8.582631e-01
1260.500000	8.582926e-01
1261.500000	8.619420e-01
1262.500000	8.650462e-01
1263.500000	8.639507e-01
1264.500000	8.580579e-01
1265.500000	8.492105e-01
1266.500000	8.454251e-01
1267.500000	8.472486e-01
1268.500000	8.486590e-01
1269.500000	8.454807e-01
1270.500000	8.398267e-01
1271.500000	8.371855e-01
1272.500000	8.378510e-01
1273.500000	8.404640e-01
1274.500000	8.426684e-01
1275.500000	8.458646e-01
1276.500000	8.507373e-01
1277.500000	8.553110e-01
1278.500000	8.553110e-01
1279.500000	8.515078e-01
1280.500000	8.482035e-01
1281.500000	8.450766e-01
1282.500000	8.393885e-01
1283.500000	8.357252e-01
1284.500000	8.374036e-01
1285.500000	8.372785e-01
1286.500000	8.359193e-01
1287.500000	8.346072e-01
1288.500000	8.331076e-01
1289.500000	8.301356e-01
1290.500000	8.251784e-01
1291.500000	8.201537e-01
1292.500000	8.152122e-01
1293.500000	8.176456e-01
1294.500000	8.223474e-01
1295.500000	8.247631e-01
1296.500000	8.254755e-01
1297.500000	8.246883e-01
1298.500000	8.204885e-01
1299.500000	8.149272e-01
1300.500000	8.143917e-01
1301.500000	8.173987e-01
1302.500000	8.209178e-01
1303.500000	8.242843e-01
1304.500000	8.238457e-01
1305.500000	8.177548e-01
1306.500000	8.134705e-01
1307.500000	8.136673e-01
1308.500000	8.154759e-01
1309.500000	8.165484e-01
1310.500000	8.146509e-01
1311.500000	8.051478e-01
1312.500000	7.886879e-01
1313.500000	7.810779e-01
1314.500000	7.819348e-01
1315.500000	7.875296e-01
1316.500000	7.986708e-01
1317.500000	8.118567e-01
1318.500000	8.181600e-01
1319.500000	8.161234e-01
1320.500000	8.151119e-01
1321.500000	8.154385e-01
1322.500000	8.151039e-01
1323.500000	8.183977e-01
1324.500000	8.188941e-01
1325.500000	8.143095e-01
1326.500000	8.137657e-01
1327.500000	8.156353e-01
1328.500000	8.138622e-01
1329.500000	8.088499e-01
1330.500000	8.061117e-01
1331.500000	7.987008e-01
1332.500000	7.853373e-01
1333.500000	7.789438e-01
1334.500000	7.768234e-01
1335.500000	7.731025e-01
1336.500000	7.729327e-01
1337.500000	7.753692e-01
1338.500000	7.749756e-01
1339.500000	7.730273e-01
1340.500000	7.725192e-01
1341.500000	7.712738e-01
1342.500000	7.744651e-01
1343.500000	7.826411e-01
1344.500000	7.848078e-01
1345.500000	7.824133e-01
1346.500000	7.874758e-01
1347.500000	7.885000e-01
1348.500000	7.842647e-01
1349.500000	7.828871e-01
1350.500000	7.845264e-01
1351.500000	7.831544e-01
1352.500000	7.821909e-01
1353.500000	7.881612e-01
1354.500000	7.850726e-01
1355.500000	7.840760e-01
1356.500000	7.836117e-01
1357.500000	7.831474e-01
1358.500000	7.826832e-01
1359.500000	7.822189e-01
1360.500000	7.817546e-01
1361.500000	7.812904e-01
1362.500000	7.808261e-01
1363.500000	7.803618e-01
1364.500000	7.798976e-01
1365.500000	7.794333e-01
1366.500000	7.789690e-01
1367.500000	7.785048e-01
1368.500000	7.780405e-01
1369.500000	7.775762e-01
1370.500000	7.771119e-01
1371.500000	7.766477e-01
1372.500000	7.761834e-01
1373.500000	7.757191e-01
1374.500000	7.752549e-01
1375.500000	7.747906e-01
1376.500000	7.743263e-01
1377.500000	7.738621e-01
1378.500000	7.733978e-01
1379.500000	7.729335e-01
1380.500000	7.724693e-01
1381.500000	7.720050e-01
1382.500000	7.715407e-01
1383.500000	7.710765e-01
1384.500000	7.706122e-01
1385.500000	7.701479e-01
1386.500000	7.696837e-01
1387.500000	7.692194e-01
1388.500000	7.687551e-01
1389.500000	7.682909e-01
1390.500000	7.678266e-01
1391.500000	7.673623e-01
1392.500000	7.668980e-01
1393.500000	7.664338e-01
1394.500000	7.659695e-01
1395.500000	7.655052e-01
1396.500000	7.650410e-01
1397.500000	7.645767e-01
1398.500000	7.641124e-01
1399.500000	7.636482e-01
1400.500000	7.631839e-01
1401.500000	7.627196e-01
1402.500000	7.622554e-01
1403.500000	7.617911e-01
1404.500000	7.613268e-01
1405.500000	7.608626e-01
1406.500000	7.603983e-01
1407.500000	7.599340e-01
1408.500000	7.594698e-01
1409.500000	7.590055e-01
1410.500000	7.585412e-01
1411.500000	7.580770e-01
1412.500000	7.576127e-01
1413.500000	7.571484e-01
1414.500000	7.566841e-01
1415.500000	7.562199e-01
1416.500000	7.557556e-01
1417.500000	7.552913e-01
1418.500000	7.548271e-01
1419.500000	7.543628e-01
1420.500000	7.538985e-01
1421.500000	7.534343e-01
1422.500000	7.529700e-01
1423.500000	7.525057e-01
1424.500000	7.520415e-01
1425.500000	7.515772e-01
1426.500000	7.511129e-01
1427.500000	7.506487e-01
1428.500000	7.501844e-01
1429.500000	7.497201e-01
1430.500000	7.492559e-01
1431.500000	7.487916e-01
1432.500000	7.483273e-01
1433.500000	7.478631e-01
1434.500000	7.473988e-01
1435.500000	7.469345e-01
1436.500000	7.464702e-01
1437.500000	7.460875e-01
1438.500000	7.461942e-01
1439.500000	7.464418e-01
1440.500000	7.486432e-01
1441.500000	7.517920e-01
1442.500000	7.532723e-01
1443.500000	7.530841e-01
1444.500000	7.519271e-01
1445.500000	7.479638e-01
1446.500000	7.440754e-01
1447.500000	7.425225e-01
1448.500000	7.415772e-01
1449.500000	7.419022e-01
1450.500000	7.428434e-01
1451.500000	7.430223e-01
1452.500000	7.420904e-01
1453.500000	7.412124e-01
1454.500000	7.405939e-01
1455.500000	7.399602e-01
1456.500000	7.389279e-01
1457.500000	7.377805e-01
1458.500000	7.345126e-01
1459.500000	7.297893e-01
1460.500000	7.259878e-01
1461.500000	7.235292e-01
1462.500000	7.216242e-01
1463.500000	7.219479e-01
1464.500000	7.224872e-01
1465.500000	7.226256e-01
1466.500000	7.226219e-01
1467.500000	7.221738e-01
1468.500000	7.214209e-01
1469.500000	7.207829e-01
1470.500000	7.203821e-01
1471.500000	7.197541e-01
1472.500000	7.181642e-01
1473.500000	7.164530e-01
1474.500000	7.144745e-01
1475.500000	7.124038e-01
1476.500000	7.107780e-01
1477.500000	7.095972e-01
1478.500000	7.084328e-01
1479.500000	7.073023e-01
1480.500000	7.064862e-01
1481.500000	7.075504e-01
1482.500000	7.089847e-01
1483.500000	7.113120e-01
1484.500000	7.139474e-01
1485.500000	7.158556e-01
1486.500000	7.170364e-01
1487.500000	7.175380e-01
1488.500000	7.166394e-01
1489.500000	7.156512e-01
1490.500000	7.143804e-01
1491.500000	7.130575e-01
1492.500000	7.115652e-01
1493.500000	7.099908e-01
1494.500000	7.090153e-01
1495.500000	7.086389e-01
1496.500000	7.083064e-01
1497.500000	7.081015e-01
1498.500000	7.077646e-01
1499.500000	7.065870e-01
1500.500000	7.052799e-01
1501.500000	7.043229e-01
1502.500000	7.035356e-01
1503.500000	7.031420e-01
1504.500000	7.031420e-01
1505.500000	7.027730e-01
1506.500000	7.013348e-01
1507.500000	6.998392e-01
1508.500000	6.984384e-01
1509.500000	6.970809e-01
1510.500000	6.963839e-01
1511.500000	6.960074e-01
1512.500000	6.947473e-01
1513.500000	6.921997e-01
1514.500000	6.898069e-01
1515.500000	6.878940e-01
1516.500000	6.862724e-01
1517.500000	6.870631e-01
1518.500000	6.884660e-01
1519.500000	6.906989e-01
1520.500000	6.933343e-01
1521.500000	6.952837e-01
1522.500000	6.962333e-01
1523.500000	6.967571e-01
1524.500000	6.955651e-01
1525.500000	6.940866e-01
1526.500000	6.916778e-01
1527.500000	6.890476e-01
1528.500000	6.870434e-01
1529.500000	6.854690e-01
1530.500000	6.843797e-01
1531.500000	6.839973e-01
1532.500000	6.834049e-01
1533.500000	6.819265e-01
1534.500000	6.803274e-01
1535.500000	6.785004e-01
1536.500000	6.766205e-01
1537.500000	6.750384e-01
1538.500000	6.736608e-01
1539.500000	6.718500e-01
1540.500000	6.694081e-01
1541.500000	6.672954e-01
1542.500000	6.665561e-01
1543.500000	6.661787e-01
1544.500000	6.677703e-01
1545.500000	6.698410e-01
1546.500000	6.719118e-01
1547.500000	6.739825e-01
1548.500000	6.756424e-01
1549.500000	6.764554e-01
1550.500000	6.771347e-01
1551.500000	6.773709e-01
1552.500000	6.775153e-01
1553.500000	6.769671e-01
1554.500000	6.761819e-01
1555.500000	6.756391e-01
1556.500000	6.752626e-01
1557.500000	6.754475e-01
1558.500000	6.767899e-01
1559.500000	6.779872e-01
1560.500000	6.784440e-01
1561.500000	6.787858e-01
1562.500000	6.785809e-01
1563.500000	6.781968e-01
1564.500000	6.789334e-01
1565.500000	6.804394e-01
1566.500000	6.817783e-01
1567.500000	6.827728e-01
1568.500000	6.834102e-01
1569.500000	6.826230e-01
1570.500000	6.816887e-01
1571.500000	6.808638e-01
1572.500000	6.800843e-01
1573.500000	6.802135e-01
1574.500000	6.809665e-01
1575.500000	6.819194e-01
1576.500000	6.832845e-01
1577.500000	6.845157e-01
1578.500000	6.851456e-01
1579.500000	6.856228e-01
1580.500000	6.847212e-01
1581.500000	6.833476e-01
1582.500000	6.824536e-01
1583.500000	6.818889e-01
1584.500000	6.820718e-01
1585.500000	6.837962e-01
1586.500000	6.856214e-01
1587.500000	6.876681e-01
1588.500000	6.896544e-01
1589.500000	6.903104e-01
1590.500000	6.905005e-01
1591.500000	6.899082e-01
1592.500000	6.887787e-01
1593.500000	6.874438e-01
1594.500000	6.856855e-01
1595.500000	6.841655e-01
1596.500000	6.836772e-01
1597.500000	6.832911e-01
1598.500000	6.827531e-01
1599.500000	6.821505e-01
1600.500000	6.801194e-01
1601.500000	6.771074e-01
1602.500000	6.739886e-01
1603.500000	6.706497e-01
1604.500000	6.677372e-01
1605.500000	6.666032e-01
1606.500000	6.657309e-01
1607.500000	6.659460e-01
1608.500000	6.665326e-01
1609.500000	6.666597e-01
1610.500000	6.664714e-01
1611.500000	6.655875e-01
1612.500000	6.632695e-01
1613.500000	6.606889e-01
1614.500000	6.572096e-01
1615.500000	6.537054e-01
1616.500000	6.513432e-01
1617.500000	6.493831e-01
1618.500000	6.483620e-01
1619.500000	6.479855e-01
1620.500000	6.470996e-01
1621.500000	6.451635e-01
1622.500000	6.432109e-01
1623.500000	6.413215e-01
1624.500000	6.395150e-01
1625.500000	6.389051e-01
1626.500000	6.387084e-01
1627.500000	6.385167e-01
1628.500000	6.383284e-01
1629.500000	6.386414e-01
1630.500000	6.399876e-01
1631.500000	6.414222e-01
1632.500000	6.430911e-01
1633.500000	6.447533e-01
1634.500000	6.459114e-01
1635.500000	6.469036e-01
1636.500000	6.488703e-01
1637.500000	6.515057e-01
1638.500000	6.543685e-01
1639.500000	6.576999e-01
1640.500000	6.603417e-01
1641.500000	6.600898e-01
1642.500000	6.594087e-01
1643.500000	6.568930e-01
1644.500000	6.537501e-01
1645.500000	6.513038e-01
1646.500000	6.493358e-01
1647.500000	6.476311e-01
1648.500000	6.463101e-01
1649.500000	6.452298e-01
1650.500000	6.451241e-01
1651.500000	6.451543e-01
1652.500000	6.454630e-01
1653.500000	6.458307e-01
1654.500000	6.451635e-01
1655.500000	6.437859e-01
1656.500000	6.420513e-01
1657.500000	6.397967e-01
1658.500000	6.376611e-01
1659.500000	6.360318e-01
1660.500000	6.344930e-01
1661.500000	6.332834e-01
1662.500000	6.321605e-01
1663.500000	6.318202e-01
1664.500000	6.320170e-01
1665.500000	6.320579e-01
1666.500000	6.318715e-01
1667.500000	6.309726e-01
1668.500000	6.271559e-01
1669.500000	6.229915e-01
1670.500000	6.185359e-01
1671.500000	6.140587e-01
1672.500000	6.112020e-01
1673.500000	6.091312e-01
1674.500000	6.079789e-01
1675.500000	6.081643e-01
1676.500000	6.094662e-01
1677.500000	6.139692e-01
1678.500000	6.188187e-01
1679.500000	6.249911e-01
1680.500000	6.313741e-01
1681.500000	6.340928e-01
1682.500000	6.350341e-01
1683.500000	6.343189e-01
1684.500000	6.311904e-01
1685.500000	6.276075e-01
1686.500000	6.227672e-01
1687.500000	6.178972e-01
1688.500000	6.133291e-01
1689.500000	6.088861e-01
1690.500000	6.069048e-01
1691.500000	6.061176e-01
1692.500000	6.066652e-01
1693.500000	6.085477e-01
1694.500000	6.100171e-01
1695.500000	6.102898e-01
1696.500000	6.104385e-01
1697.500000	6.102984e-01
1698.500000	6.101099e-01
1699.500000	6.099159e-01
1700.500000	6.097191e-01
1701.500000	6.082430e-01
1702.500000	6.054878e-01
1703.500000	6.027709e-01
1704.500000	6.001330e-01
1705.500000	5.974826e-01
1706.500000	5.947423e-01
1707.500000	5.919076e-01
1708.500000	5.878216e-01
1709.500000	5.833037e-01
1710.500000	5.801591e-01
1711.500000	5.783878e-01
1712.500000	5.774354e-01
1713.500000	5.781714e-01
1714.500000	5.786474e-01
1715.500000	5.778445e-01
1716.500000	5.769191e-01
1717.500000	5.762427e-01
1718.500000	5.756571e-01
1719.500000	5.756420e-01
1720.500000	5.760185e-01
1721.500000	5.758335e-01
1722.500000	5.744911e-01
1723.500000	5.732199e-01
1724.500000	5.723853e-01
1725.500000	5.716914e-01
1726.500000	5.718582e-01
1727.500000	5.722299e-01
1728.500000	5.720311e-01
1729.500000	5.714407e-01
1730.500000	5.713943e-01
1731.500000	5.721406e-01
1732.500000	5.730416e-01
1733.500000	5.745502e-01
1734.500000	5.758884e-01
1735.500000	5.750422e-01
1736.500000	5.736544e-01
1737.500000	5.719335e-01
1738.500000	5.700510e-01
1739.500000	5.678948e-01
1740.500000	5.653397e-01
1741.500000	5.625779e-01
1742.500000	5.592268e-01
1743.500000	5.560784e-01
1744.500000	5.551453e-01
1745.500000	5.547596e-01
1746.500000	5.546336e-01
1747.500000	5.546336e-01
1748.500000	5.524687e-01
1749.500000	5.481390e-01
1750.500000	5.440987e-01
1751.500000	5.408966e-01
1752.500000	5.379289e-01
1753.500000	5.360536e-01
1754.500000	5.343301e-01
1755.500000	5.316469e-01
1756.500000	5.284980e-01
1757.500000	5.266283e-01
1758.500000	5.260379e-01
1759.500000	5.259378e-01
1760.500000	5.268483e-01
1761.500000	5.274504e-01
1762.500000	5.260183e-01
1763.500000	5.242559e-01
1764.500000	5.226332e-01
1765.500000	5.210601e-01
1766.500000	5.196384e-01
1767.500000	5.183206e-01
1768.500000	5.167318e-01
1769.500000	5.145839e-01
1770.500000	5.130922e-01
1771.500000	5.143674e-01
1772.500000	5.158760e-01
1773.500000	5.167770e-01
1774.500000	5.175084e-01
1775.500000	5.157057e-01
1776.500000	5.121632e-01
1777.500000	5.091406e-01
1778.500000	5.068752e-01
1779.500000	5.048459e-01
1780.500000	5.037597e-01
1781.500000	5.026337e-01
1782.500000	5.001975e-01
1783.500000	4.974560e-01
1784.500000	4.951662e-01
1785.500000	4.930955e-01
1786.500000	4.913852e-01
1787.500000	4.901999e-01
1788.500000	4.889226e-01
1789.500000	4.873659e-01
1790.500000	4.861295e-01
1791.500000	4.869210e-01
1792.500000	4.880594e-01
1793.500000	4.894914e-01
1794.500000	4.910658e-01
1795.500000	4.910658e-01
1796.500000	4.894914e-01
1797.500000	4.884208e-01
1798.500000	4.883893e-01
1799.500000	4.880941e-01
1800.500000	4.860276e-01
1801.500000	4.835507e-01
1802.500000	4.792576e-01
1803.500000	4.743592e-01
1804.500000	4.720306e-01
1805.500000	4.714658e-01
1806.500000	4.717748e-01
1807.500000	4.738848e-01
1808.500000	4.755182e-01
1809.500000	4.749672e-01
1810.500000	4.743786e-01
1811.500000	4.756261e-01
1812.500000	4.773256e-01
1813.500000	4.796512e-01
1814.500000	4.824064e-01
1815.500000	4.842052e-01
1816.500000	4.846106e-01
1817.500000	4.847233e-01
1818.500000	4.840219e-01
1819.500000	4.830296e-01
1820.500000	4.798283e-01
1821.500000	4.760495e-01
1822.500000	4.709721e-01
1823.500000	4.652648e-01
1824.500000	4.623170e-01
1825.500000	4.621288e-01
1826.500000	4.618902e-01
1827.500000	4.615058e-01
1828.500000	4.606694e-01
1829.500000	4.571761e-01
1830.500000	4.535276e-01
1831.500000	4.544106e-01
1832.500000	4.568578e-01
1833.500000	4.601479e-01
1834.500000	4.642808e-01
1835.500000	4.671540e-01
1836.500000	4.674296e-01
1837.500000	4.670823e-01
1838.500000	4.645007e-01
1839.500000	4.615648e-01
1840.500000	4.568613e-01
1841.500000	4.515544e-01
1842.500000	4.470604e-01
1843.500000	4.431243e-01
1844.500000	4.414685e-01
1845.500000	4.431346e-01
1846.500000	4.443467e-01
1847.500000	4.435770e-01
1848.500000	4.421307e-01
1849.500000	4.364192e-01
1850.500000	4.297814e-01
1851.500000	4.268447e-01
1852.500000	4.257032e-01
1853.500000	4.247858e-01
1854.500000	4.240925e-01
1855.500000	4.233992e-01
1856.500000	4.227059e-01
1857.500000	4.220126e-01
1858.500000	4.213193e-01
1859.500000	4.206260e-01
1860.500000	4.199327e-01
1861.500000	4.192394e-01
1862.500000	4.185461e-01
1863.500000	4.178528e-01
1864.500000	4.171595e-01
1865.500000	4.164662e-01
1866.500000	4.157730e-01
1867.500000	4.150797e-01
1868.500000	4.143864e-01
1869.500000	4.136931e-01
1870.500000	4.129998e-01
1871.500000	4.123065e-01
1872.500000	4.116132e-01
1873.500000	4.109199e-01
1874.500000	4.102266e-01
1875.500000	4.095333e-01
1876.500000	4.088400e-01
1877.500000	4.081467e-01
1878.500000	4.074534e-01
1879.500000	4.067601e-01
1880.500000	4.060668e-01
1881.500000	4.053735e-01
1882.500000	4.046802e-01
1883.500000	4.039869e-01
1884.500000	4.032936e-01
1885.500000	4.026003e-01
1886.500000	4.019070e-01
1887.500000	4.012137e-01
1888.500000	4.005204e-01
1889.500000	3.998271e-01
1890.500000	3.991338e-01
1891.500000	3.984405e-01
1892.500000	3.977472e-01
1893.500000	3.970539e-01
1894.500000	3.963606e-01
1895.500000	3.956673e-01
1896.500000	3.949740e-01
1897.500000	3.942807e-01
1898.500000	3.935874e-01
1899.500000	3.928941e-01
1900.500000	3.922008e-01
1901.500000	3.915075e-01
1902.500000	3.908142e-01
1903.500000	3.901209e-01
1904.500000	3.894276e-01
1905.500000	3.887343e-01
1906.500000	3.880410e-01
1907.500000	3.873477e-01
1908.500000	3.866544e-01
1909.500000	3.859611e-01
1910.500000	3.852678e-01
1911.500000	3.845745e-01
1912.500000	3.838812e-01
1913.500000	3.831879e-01
1914.500000	3.824946e-01
1915.500000	3.818013e-01
1916.500000	3.811080e-01
1917.500000	3.804147e-01
1918.500000	3.797214e-01
1919.500000	3.790281e-01
1920.500000	3.783348e-01
1921.500000	3.776415e-01
1922.500000	3.769482e-01
1923.500000	3.762549e-01
1924.500000	3.755616e-01
1925.500000	3.748683e-01
1926.500000	3.741750e-01
1927.500000	3.734817e-01
1928.500000	3.727884e-01
1929.500000	3.720951e-01
1930.500000	3.714018e-01
1931.500000	3.707085e-01
1932.500000	3.700152e-01
1933.500000	3.693219e-01
1934.500000	3.686286e-01
1935.500000	3.679353e-01
1936.500000	3.672420e-01
1937.500000	3.665487e-01
1938.500000	3.658554e-01
1939.500000	3.651621e-01
1940.500000	3.644688e-01
1941.500000	3.637755e-01
1942.500000	3.630822e-01
1943.500000	3.623889e-01
1944.500000	3.616956e-01
1945.500000	3.610023e-01
1946.500000	3.603090e-01
1947.500000	3.596157e-01
1948.500000	3.589224e-01
1949.500000	3.582291e-01
1950.500000	3.575358e-01
1951.500000	3.568425e-01
1952.500000	3.561493e-01
1953.500000	3.554560e-01
1954.500000	3.547627e-01
1955.500000	3.540694e-01
1956.500000	3.533761e-01
1957.500000	3.526828e-01
1958.500000	3.519895e-01
1959.500000	3.512962e-01
1960.500000	3.506029e-01
1961.500000	3.499096e-01
1962.500000	3.492163e-01
1963.500000	3.485230e-01
1964.500000	3.478297e-01
1965.500000	3.471364e-01
1966.500000	3.464431e-01
1967.500000	3.457498e-01
1968.500000	3.450565e-01
1969.500000	3.443632e-01
1970.500000	3.436699e-01
1971.500000	3.429766e-01
1972.500000	3.422833e-01
1973.500000	3.415900e-01
1974.500000	3.408967e-01
1975.500000	3.402034e-01
1976.500000	3.395101e-01
1977.500000	3.388168e-01
1978.500000	3.381235e-01
1979.500000	3.374302e-01
1980.500000	3.367369e-01
1981.500000	3.360436e-01
1982.500000	3.353503e-01
1983.500000	3.346570e-01
1984.500000	3.339637e-01
1985.500000	3.332704e-01
1986.500000	3.325771e-01
1987.500000	3.318838e-01
1988.500000	3.311905e-01
1989.500000	3.304972e-01
1990.500000	3.298039e-01
1991.500000	3.291106e-01
1992.500000	3.284173e-01
1993.500000	3.277240e-01
1994.500000	3.270307e-01
1995.500000	3.278254e-01
1996.500000	3.316879e-01
1997.500000	3.358599e-01
1998.500000	3.409200e-01
1999.500000	3.457535e-01
2000.500000	3.476084e-01
2001.500000	3.487032e-01
2002.500000	3.457181e-01
2003.500000	3.399320e-01
2004.500000	3.344003e-01
2005.500000	3.292392e-01
2006.500000	3.250629e-01
2007.500000	3.249218e-01
2008.500000	3.253274e-01
2009.500000	3.267520e-01
2010.500000	3.283890e-01
2011.500000	3.288477e-01
2012.500000	3.287347e-01
2013.500000	3.276871e-01
2014.500000	3.252780e-01
2015.500000	3.226788e-01
2016.500000	3.195628e-01
2017.500000	3.166075e-01
2018.500000	3.148138e-01
2019.500000	3.132521e-01
2020.500000	3.129541e-01
2021.500000	3.132690e-01
2022.500000	3.135300e-01
2023.500000	3.137370e-01
2024.500000	3.139030e-01
2025.500000	3.139499e-01
2026.500000	3.140778e-01
2027.500000	3.147371e-01
2028.500000	3.154869e-01
2029.500000	3.162671e-01
2030.500000	3.170577e-01
2031.500000	3.177974e-01
2032.500000	3.184863e-01
2033.500000	3.190176e-01
2034.500000	3.192243e-01
2035.500000	3.192567e-01
2036.500000	3.186145e-01
2037.500000	3.179110e-01
2038.500000	3.173940e-01
2039.500000	3.169426e-01
2040.500000	3.166422e-01
2041.500000	3.164454e-01
2042.500000	3.161530e-01
2043.500000	3.157212e-01
2044.500000	3.154830e-01
2045.500000	3.160459e-01
2046.500000	3.167263e-01
2047.500000	3.176921e-01
2048.500000	3.187207e-01
2049.500000	3.189527e-01
2050.500000	3.186378e-01
2051.500000	3.177730e-01
2052.500000	3.161069e-01
2053.500000	3.142166e-01
2054.500000	3.116964e-01
2055.500000	3.091806e-01
2056.500000	3.070736e-01
2057.500000	3.051207e-01
2058.500000	3.049599e-01
2059.500000	3.056684e-01
2060.500000	3.065215e-01
2061.500000	3.075192e-01
2062.500000	3.079976e-01
2063.500000	3.069712e-01
2064.500000	3.058180e-01
2065.500000	3.044753e-01
2066.500000	3.031231e-01
2067.500000	3.024959e-01
2068.500000	3.022204e-01
2069.500000	3.017382e-01
2070.500000	3.010494e-01
2071.500000	3.003461e-01
2072.500000	2.996128e-01
2073.500000	2.989581e-01
2074.500000	2.987803e-01
2075.500000	2.986730e-01
2076.500000	2.984260e-01
2077.500000	2.981341e-01
2078.500000	2.982273e-01
2079.500000	2.985850e-01
2080.500000	2.988849e-01
2081.500000	2.990656e-01
2082.500000	2.990513e-01
2083.500000	2.982509e-01
2084.500000	2.974091e-01
2085.500000	2.969717e-01
2086.500000	2.966375e-01
2087.500000	2.968516e-01
2088.500000	2.974420e-01
2089.500000	2.978924e-01
2090.500000	2.981388e-01
2091.500000	2.982687e-01
2092.500000	2.979261e-01
2093.500000	2.974947e-01
2094.500000	2.967138e-01
2095.500000	2.958479e-01
2096.500000	2.949819e-01
2097.500000	2.941160e-01
2098.500000	2.936964e-01
2099.500000	2.939271e-01
2100.500000	2.942163e-01
2101.500000	2.946592e-01
2102.500000	2.950105e-01
2103.500000	2.947542e-01
2104.500000	2.943926e-01
2105.500000	2.939034e-01
2106.500000	2.933524e-01
2107.500000	2.927098e-01
2108.500000	2.919756e-01
2109.500000	2.912285e-01
2110.500000	2.904436e-01
2111.500000	2.897573e-01
2112.500000	2.896761e-01
2113.500000	2.896813e-01
2114.500000	2.894588e-01
2115.500000	2.891576e-01
2116.500000	2.886626e-01
2117.500000	2.879737e-01
2118.500000	2.876124e-01
2119.500000	2.879265e-01
2120.500000	2.883738e-01
2121.500000	2.892837e-01
2122.500000	2.901872e-01
2123.500000	2.901996e-01
2124.500000	2.899025e-01
2125.500000	2.893848e-01
2126.500000	2.887157e-01
2127.500000	2.882108e-01
2128.500000	2.879452e-01
2129.500000	2.877044e-01
2130.500000	2.875565e-01
2131.500000	2.874569e-01
2132.500000	2.877099e-01
2133.500000	2.880471e-01
2134.500000	2.881843e-01
2135.500000	2.881843e-01
2136.500000	2.878655e-01
2137.500000	2.870822e-01
2138.500000	2.864141e-01
2139.500000	2.860910e-01
2140.500000	2.858391e-01
2141.500000	2.860431e-01
2142.500000	2.863528e-01
2143.500000	2.864938e-01
2144.500000	2.865528e-01
2145.500000	2.865353e-01
2146.500000	2.864411e-01
2147.500000	2.862447e-01
2148.500000	2.857518e-01
2149.500000	2.852054e-01
2150.500000	2.844495e-01
2151.500000	2.836747e-01
2152.500000	2.834217e-01
2153.500000	2.834217e-01
2154.500000	2.837169e-01
2155.500000	2.843073e-01
2156.500000	2.847509e-01
2157.500000	2.848919e-01
2158.500000	2.849580e-01
2159.500000	2.846300e-01
2160.500000	2.842222e-01
2161.500000	2.835909e-01
2162.500000	2.828844e-01
2163.500000	2.824183e-01
2164.500000	2.821171e-01
2165.500000	2.820194e-01
2166.500000	2.823412e-01
2167.500000	2.826439e-01
2168.500000	2.828155e-01
2169.500000	2.829227e-01
2170.500000	2.825651e-01
2171.500000	2.820945e-01
2172.500000	2.816229e-01
2173.500000	2.811505e-01
2174.500000	2.805645e-01
2175.500000	2.798130e-01
2176.500000	2.789793e-01
2177.500000	2.778147e-01
2178.500000	2.766868e-01
2179.500000	2.762285e-01
2180.500000	2.759418e-01
2181.500000	2.759369e-01
2182.500000	2.760687e-01
2183.500000	2.760594e-01
2184.500000	2.758447e-01
2185.500000	2.755703e-01
2186.500000	2.751283e-01
2187.500000	2.746688e-01
2188.500000	2.741674e-01
2189.500000	2.736599e-01
2190.500000	2.731760e-01
2191.500000	2.727037e-01
2192.500000	2.726558e-01
2193.500000	2.730323e-01
2194.500000	2.734274e-01
2195.500000	2.738767e-01
2196.500000	2.741940e-01
2197.500000	2.736995e-01
2198.500000	2.730260e-01
2199.500000	2.716637e-01
2200.500000	2.700636e-01
2201.500000	2.679647e-01
2202.500000	2.653668e-01
2203.500000	2.625486e-01
2204.500000	2.592757e-01
2205.500000	2.562658e-01
2206.500000	2.543920e-01
2207.500000	2.527725e-01
2208.500000	2.532201e-01
2209.500000	2.543894e-01
2210.500000	2.565286e-01
2211.500000	2.593335e-01
2212.500000	2.620469e-01
2213.500000	2.645718e-01
2214.500000	2.667576e-01
2215.500000	2.675750e-01
2216.500000	2.681363e-01
2217.500000	2.677011e-01
2218.500000	2.670232e-01
2219.500000	2.663154e-01
2220.500000	2.655873e-01
2221.500000	2.649946e-01
2222.500000	2.645993e-01
2223.500000	2.641684e-01
2224.500000	2.636293e-01
2225.500000	2.631035e-01
2226.500000	2.627631e-01
2227.500000	2.624738e-01
2228.500000	2.623794e-01
2229.500000	2.623794e-01
2230.500000	2.623323e-01
2231.500000	2.622382e-01
2232.500000	2.621912e-01
2233.500000	2.622809e-01
2234.500000	2.624094e-01
2235.500000	2.627182e-01
2236.500000	2.630498e-01
2237.500000	2.631449e-01
2238.500000	2.631252e-01
2239.500000	2.630170e-01
2240.500000	2.628202e-01
2241.500000	2.626261e-01
2242.500000	2.624377e-01
2243.500000	2.622312e-01
2244.500000	2.619149e-01
2245.500000	2.615901e-01
2246.500000	2.614189e-01
2247.500000	2.613030e-01
2248.500000	2.614343e-01
2249.500000	2.617355e-01
2250.500000	2.619403e-01
2251.500000	2.619464e-01
2252.500000	2.618786e-01
2253.500000	2.615322e-01
2254.500000	2.611337e-01
2255.500000	2.603877e-01
2256.500000	2.595161e-01
2257.500000	2.579709e-01
2258.500000	2.559635e-01
2259.500000	2.536332e-01
2260.500000	2.508323e-01
2261.500000	2.481994e-01
2262.500000	2.462729e-01
2263.500000	2.445744e-01
2264.500000	2.442734e-01
2265.500000	2.443455e-01
2266.500000	2.454973e-01
2267.500000	2.471727e-01
2268.500000	2.489108e-01
2269.500000	2.507404e-01
2270.500000	2.523054e-01
2271.500000	2.531020e-01
2272.500000	2.537634e-01
2273.500000	2.539063e-01
2274.500000	2.539601e-01
2275.500000	2.539246e-01
2276.500000	2.538459e-01
2277.500000	2.537501e-01
2278.500000	2.536371e-01
2279.500000	2.534554e-01
2280.500000	2.530744e-01
2281.500000	2.526465e-01
2282.500000	2.520117e-01
2283.500000	2.513524e-01
2284.500000	2.508473e-01
2285.500000	2.503955e-01
2286.500000	2.500122e-01
2287.500000	2.496973e-01
2288.500000	2.491241e-01
2289.500000	2.480185e-01
2290.500000	2.465528e-01
2291.500000	2.436751e-01
2292.500000	2.406133e-01
2293.500000	2.370625e-01
2294.500000	2.333550e-01
2295.500000	2.310875e-01
2296.500000	2.298083e-01
2297.500000	2.293521e-01
2298.500000	2.300949e-01
2299.500000	2.309108e-01
2300.500000	2.319849e-01
2301.500000	2.330515e-01
2302.500000	2.337902e-01
2303.500000	2.344461e-01
2304.500000	2.347480e-01
2305.500000	2.348071e-01
2306.500000	2.346669e-01
2307.500000	2.342364e-01
2308.500000	2.339003e-01
2309.500000	2.338448e-01
2310.500000	2.338591e-01
2311.500000	2.343525e-01
2312.500000	2.349637e-01
2313.500000	2.356140e-01
2314.500000	2.362831e-01
2315.500000	2.362882e-01
2316.500000	2.356294e-01
2317.500000	2.345243e-01
2318.500000	2.321266e-01
2319.500000	2.295407e-01
2320.500000	2.263149e-01
2321.500000	2.230024e-01
2322.500000	2.203302e-01
2323.500000	2.179685e-01
2324.500000	2.164236e-01
2325.500000	2.156954e-01
2326.500000	2.154172e-01
2327.500000	2.160667e-01
2328.500000	2.167874e-01
2329.500000	2.177678e-01
2330.500000	2.187424e-01
2331.500000	2.189486e-01
2332.500000	2.188846e-01
2333.500000	2.182334e-01
2334.500000	2.171792e-01
2335.500000	2.162483e-01
2336.500000	2.155714e-01
2337.500000	2.150397e-01
2338.500000	2.150728e-01
2339.500000	2.151928e-01
2340.500000	2.157210e-01
2341.500000	2.163922e-01
2342.500000	2.173073e-01
2343.500000	2.183897e-01
2344.500000	2.193387e-01
2345.500000	2.200933e-01
2346.500000	2.206151e-01
2347.500000	2.201865e-01
2348.500000	2.195368e-01
2349.500000	2.177953e-01
2350.500000	2.157708e-01
2351.500000	2.131828e-01
2352.500000	2.103214e-01
2353.500000	2.078935e-01
2354.500000	2.060973e-01
2355.500000	2.048802e-01
2356.500000	2.053258e-01
2357.500000	2.059278e-01
2358.500000	2.068369e-01
2359.500000	2.077856e-01
2360.500000	2.083605e-01
2361.500000	2.087541e-01
2362.500000	2.094027e-01
2363.500000	2.103063e-01
2364.500000	2.112971e-01
2365.500000	2.125407e-01
2366.500000	2.137120e-01
2367.500000	2.143513e-01
2368.500000	2.148402e-01
2369.500000	2.143499e-01
2370.500000	2.135216e-01
2371.500000	2.124580e-01
2372.500000	2.111591e-01
2373.500000	2.100303e-01
2374.500000	2.092521e-01
2375.500000	2.086837e-01
2376.500000	2.089340e-01
2377.500000	2.092292e-01
2378.500000	2.088368e-01
2379.500000	2.082002e-01
2380.500000	2.067579e-01
2381.500000	2.047624e-01
2382.500000	2.027695e-01
2383.500000	2.007816e-01
2384.500000	1.989889e-01
2385.500000	1.979968e-01
2386.500000	1.971611e-01
2387.500000	1.969671e-01
2388.500000	1.969330e-01
2389.500000	1.973159e-01
2390.500000	1.979850e-01
2391.500000	1.986302e-01
2392.500000	1.992406e-01
2393.500000	1.996320e-01
2394.500000	1.993899e-01
2395.500000	1.991065e-01
2396.500000	1.988136e-01
2397.500000	1.985172e-01
2398.500000	1.981818e-01
2399.500000	1.978276e-01
2400.500000	1.974057e-01
2401.500000	1.969163e-01
2402.500000	1.964937e-01
2403.500000	1.962650e-01
2404.500000	1.960285e-01
2405.500000	1.956720e-01
2406.500000	1.952829e-01
2407.500000	1.944799e-01
2408.500000	1.934762e-01
2409.500000	1.893807e-01
2410.500000	1.854775e-01
2411.500000	1.848584e-01
2412.500000	1.842392e-01
2413.500000	1.836201e-01
2414.500000	1.830009e-01
2415.500000	1.823818e-01
2416.500000	1.817626e-01
2417.500000	1.811435e-01
2418.500000	1.805244e-01
2419.500000	1.799052e-01
2420.500000	1.793164e-01
2421.500000	1.787578e-01
2422.500000	1.781993e-01
2423.500000	1.776408e-01
2424.500000	1.770822e-01
2425.500000	1.765237e-01
2426.500000	1.759652e-01
2427.500000	1.754067e-01
2428.500000	1.748481e-01
2429.500000	1.742896e-01
2430.500000	1.738675e-01
2431.500000	1.735817e-01
2432.500000	1.732959e-01
2433.500000	1.730102e-01
2434.500000	1.727244e-01
2435.500000	1.724387e-01
2436.500000	1.721529e-01
2437.500000	1.718671e-01
2438.500000	1.715814e-01
2439.500000	1.712956e-01
2440.500000	1.709795e-01
2441.500000	1.706332e-01
2442.500000	1.702868e-01
2443.500000	1.699404e-01
2444.500000	1.695940e-01
2445.500000	1.692477e-01
2446.500000	1.689013e-01
2447.500000	1.685549e-01
2448.500000	1.682085e-01
2449.500000	1.678622e-01
2450.500000	1.675786e-01
2451.500000	1.673578e-01
2452.500000	1.671369e-01
2453.500000	1.669161e-01
2454.500000	1.666953e-01
2455.500000	1.664745e-01
2456.500000	1.662537e-01
2457.500000	1.660329e-01
2458.500000	1.658121e-01
2459.500000	1.655912e-01
2460.500000	1.654549e-01
2461.500000	1.654029e-01
2462.500000	1.653509e-01
2463.500000	1.652990e-01
2464.500000	1.652470e-01
2465.500000	1.651951e-01
2466.500000	1.651431e-01
2467.500000	1.650912e-01
2468.500000	1.650392e-01
2469.500000	1.649873e-01
2470.500000	1.642772e-01
2471.500000	1.629090e-01
2472.500000	1.615408e-01
2473.500000	1.601726e-01
2474.500000	1.588045e-01
2475.500000	1.574363e-01
2476.500000	1.560681e-01
2477.500000	1.546999e-01
2478.500000	1.533317e-01
2479.500000	1.519635e-01
2480.500000	1.504785e-01
2481.500000	1.488765e-01
2482.500000	1.472745e-01
2483.500000	1.456725e-01
2484.500000	1.440705e-01
2485.500000	1.424685e-01
2486.500000	1.408665e-01
2487.500000	1.392646e-01
2488.500000	1.376626e-01
2489.500000	1.360606e-01
2490.500000	1.350799e-01
2491.500000	1.347205e-01
2492.500000	1.343612e-01
2493.500000	1.340018e-01
2494.500000	1.336424e-01
2495.500000	1.332831e-01
2496.500000	1.329237e-01
2497.500000	1.325644e-01
2498.500000	1.322050e-01
2499.500000	1.318456e-01
2500.500000	1.318803e-01
2501.500000	1.323089e-01
2502.500000	1.327375e-01
2503.500000	1.331662e-01
2504.500000	1.335948e-01
2505.500000	1.340235e-01
2506.500000	1.344521e-01
2507.500000	1.348807e-01
2508.500000	1.353094e-01
2509.500000	1.357380e-01
2510.500000	1.356125e-01
2511.500000	1.349327e-01
2512.500000	1.342529e-01
2513.500000	1.335732e-01
2514.500000	1.328934e-01
2515.500000	1.322136e-01
2516.500000	1.315339e-01
2517.500000	1.308541e-01
2518.500000	1.301744e-01
2519.500000	1.294946e-01
2520.500000	1.291959e-01
2521.500000	1.292781e-01
2522.500000	1.293604e-01
2523.500000	1.294426e-01
2524.500000	1.295249e-01
2525.500000	1.296072e-01
2526.500000	1.296894e-01
2527.500000	1.297717e-01
2528.500000	1.298540e-01
2529.500000	1.299362e-01
2530.500000	1.298150e-01
2531.500000	1.294903e-01
2532.500000	1.291655e-01
2533.500000	1.288408e-01
2534.500000	1.285161e-01
2535.500000	1.281914e-01
2536.500000	1.278666e-01
2537.500000	1.275419e-01
2538.500000	1.272172e-01
2539.500000	1.268925e-01
2540.500000	1.267799e-01
2541.500000	1.268795e-01
2542.500000	1.269791e-01
2543.500000	1.270786e-01
2544.500000	1.271782e-01
2545.500000	1.272778e-01
2546.500000	1.273774e-01
2547.500000	1.274770e-01
2548.500000	1.275765e-01
2549.500000	1.276761e-01
2550.500000	1.277346e-01
2551.500000	1.277519e-01
2552.500000	1.277692e-01
2553.500000	1.277865e-01
2554.500000	1.278039e-01
2555.500000	1.278212e-01
2556.500000	1.278385e-01
2557.500000	1.278558e-01
2558.500000	1.278731e-01
2559.500000	1.278905e-01
2560.500000	1.279467e-01
2561.500000	1.280420e-01
2562.500000	1.281372e-01
2563.500000	1.282325e-01
2564.500000	1.283277e-01
2565.500000	1.284230e-01
2566.500000	1.285183e-01
2567.500000	1.286135e-01
2568.500000	1.287088e-01
2569.500000	1.288040e-01
2570.500000	1.287001e-01
2571.500000	1.283970e-01
2572.500000	1.280939e-01
2573.500000	1.277909e-01
2574.500000	1.274878e-01
2575.500000	1.271847e-01
2576.500000	1.268816e-01
2577.500000	1.265786e-01
2578.500000	1.262755e-01
2579.500000	1.259724e-01
2580.500000	1.259161e-01
2581.500000	1.261066e-01
2582.500000	1.262971e-01
2583.500000	1.264876e-01
2584.500000	1.266781e-01
2585.500000	1.268686e-01
2586.500000	1.270591e-01
2587.500000	1.272497e-01
2588.500000	1.274402e-01
2589.500000	1.276307e-01
2590.500000	1.277411e-01
2591.500000	1.277714e-01
2592.500000	1.278017e-01
2593.500000	1.278320e-01
2594.500000	1.278623e-01
2595.500000	1.278926e-01
2596.500000	1.279229e-01
2597.500000	1.279532e-01
2598.500000	1.279835e-01
2599.500000	1.280138e-01
2600.500000	1.278363e-01
2601.500000	1.274510e-01
2602.500000	1.270656e-01
2603.500000	1.266803e-01
2604.500000	1.262950e-01
2605.500000	1.259096e-01
2606.500000	1.255243e-01
2607.500000	1.251389e-01
2608.500000	1.247536e-01
2609.500000	1.243682e-01
2610.500000	1.238725e-01
2611.500000	1.232663e-01
2612.500000	1.226602e-01
2613.500000	1.220540e-01
2614.500000	1.214479e-01
2615.500000	1.208417e-01
2616.500000	1.202356e-01
2617.500000	1.196294e-01
2618.500000	1.190232e-01
2619.500000	1.184171e-01
2620.500000	1.182655e-01
2621.500000	1.185686e-01
2622.500000	1.188717e-01
2623.500000	1.191748e-01
2624.500000	1.194779e-01
2625.500000	1.197809e-01
2626.500000	1.200840e-01
2627.500000	1.203871e-01
2628.500000	1.206902e-01
2629.500000	1.209933e-01
2630.500000	1.212768e-01
2631.500000	1.215410e-01
2632.500000	1.218051e-01
2633.500000	1.220692e-01
2634.500000	1.223333e-01
2635.500000	1.225974e-01
2636.500000	1.228615e-01
2637.500000	1.231256e-01
2638.500000	1.233897e-01
2639.500000	1.236538e-01
2640.500000	1.236582e-01
2641.500000	1.234027e-01
2642.500000	1.231473e-01
2643.500000	1.228918e-01
2644.500000	1.226364e-01
2645.500000	1.223809e-01
2646.500000	1.221255e-01
2647.500000	1.218700e-01
2648.500000	1.216146e-01
2649.500000	1.213591e-01
2650.500000	1.210777e-01
2651.500000	1.207703e-01
2652.500000	1.204629e-01
2653.500000	1.201555e-01
2654.500000	1.198480e-01
2655.500000	1.195406e-01
2656.500000	1.192332e-01
2657.500000	1.189258e-01
2658.500000	1.186184e-01
2659.500000	1.183110e-01
2660.500000	1.181790e-01
2661.500000	1.182222e-01
2662.500000	1.182655e-01
2663.500000	1.183088e-01
2664.500000	1.183521e-01
2665.500000	1.183954e-01
2666.500000	1.184387e-01
2667.500000	1.184820e-01
2668.500000	1.185253e-01
2669.500000	1.185686e-01
2670.500000	1.181248e-01
2671.500000	1.171939e-01
2672.500000	1.162631e-01
2673.500000	1.153322e-01
2674.500000	1.144013e-01
2675.500000	1.134704e-01
2676.500000	1.125395e-01
2677.500000	1.116086e-01
2678.500000	1.106778e-01
2679.500000	1.097469e-01
2680.500000	1.094503e-01
2681.500000	1.097880e-01
2682.500000	1.101257e-01
2683.500000	1.104634e-01
2684.500000	1.108012e-01
2685.500000	1.111389e-01
2686.500000	1.114766e-01
2687.500000	1.118143e-01
2688.500000	1.121520e-01
2689.500000	1.124897e-01
2690.500000	1.124659e-01
2691.500000	1.120806e-01
2692.500000	1.116952e-01
2693.500000	1.113099e-01
2694.500000	1.109246e-01
2695.500000	1.105392e-01
2696.500000	1.101539e-01
2697.500000	1.097685e-01
2698.500000	1.093832e-01
2699.500000	1.089978e-01
2700.500000	1.085540e-01
2701.500000	1.080518e-01
2702.500000	1.075496e-01
2703.500000	1.070473e-01
2704.500000	1.065451e-01
2705.500000	1.060428e-01
2706.500000	1.055406e-01
2707.500000	1.050383e-01
2708.500000	1.045361e-01
2709.500000	1.040338e-01
2710.500000	1.037697e-01
2711.500000	1.037438e-01
2712.500000	1.037178e-01
2713.500000	1.036918e-01
2714.500000	1.036658e-01
2715.500000	1.036398e-01
2716.500000	1.036139e-01
2717.500000	1.035879e-01
2718.500000	1.035619e-01
2719.500000	1.035359e-01
2720.500000	1.034342e-01
2721.500000	1.032567e-01
2722.500000	1.030791e-01
2723.500000	1.029016e-01
2724.500000	1.027241e-01
2725.500000	1.025466e-01
2726.500000	1.023691e-01
2727.500000	1.021916e-01
2728.500000	1.020140e-01
2729.500000	1.018365e-01
2730.500000	1.018971e-01
2731.500000	1.021959e-01
2732.500000	1.024946e-01
2733.500000	1.027934e-01
2734.500000	1.030921e-01
2735.500000	1.033909e-01
2736.500000	1.036896e-01
2737.500000	1.039884e-01
2738.500000	1.042871e-01
2739.500000	1.045859e-01
2740.500000	1.046292e-01
2741.500000	1.044170e-01
2742.500000	1.042049e-01
2743.500000	1.039927e-01
2744.500000	1.037806e-01
2745.500000	1.035684e-01
2746.500000	1.033562e-01
2747.500000	1.031441e-01
2748.500000	1.029319e-01
2749.500000	1.027198e-01
2750.500000	1.027566e-01
2751.500000	1.030423e-01
2752.500000	1.033281e-01
2753.500000	1.036139e-01
2754.500000	1.038996e-01
2755.500000	1.041854e-01
2756.500000	1.044711e-01
2757.500000	1.047569e-01
2758.500000	1.050427e-01
2759.500000	1.053284e-01
2760.500000	1.053111e-01
2761.500000	1.049907e-01
2762.500000	1.046703e-01
2763.500000	1.043499e-01
2764.500000	1.040295e-01
2765.500000	1.037091e-01
2766.500000	1.033887e-01
2767.500000	1.030683e-01
2768.500000	1.027479e-01
2769.500000	1.024275e-01
2770.500000	1.022024e-01
2771.500000	1.020725e-01
2772.500000	1.019426e-01
2773.500000	1.018127e-01
2774.500000	1.016828e-01
2775.500000	1.015529e-01
2776.500000	1.014230e-01
2777.500000	1.012932e-01
2778.500000	1.011633e-01
2779.500000	1.010334e-01
2780.500000	1.007974e-01
2781.500000	1.004554e-01
2782.500000	1.001133e-01
2783.500000	9.977126e-02
2784.500000	9.942922e-02
2785.500000	9.908717e-02
2786.500000	9.874513e-02
2787.500000	9.840308e-02
2788.500000	9.806104e-02
2789.500000	9.771899e-02
2790.500000	9.745704e-02
2791.500000	9.727520e-02
2792.500000	9.709335e-02
2793.500000	9.691150e-02
2794.500000	9.672966e-02
2795.500000	9.654781e-02
2796.500000	9.636596e-02
2797.500000	9.618411e-02
2798.500000	9.600227e-02
2799.500000	9.582042e-02
2800.500000	9.572733e-02
2801.500000	9.572300e-02
2802.500000	9.571867e-02
2803.500000	9.571434e-02
2804.500000	9.571001e-02
2805.500000	9.570568e-02
2806.500000	9.570135e-02
2807.500000	9.569702e-02
2808.500000	9.569269e-02
2809.500000	9.568836e-02
2810.500000	9.545673e-02
2811.500000	9.499778e-02
2812.500000	9.453883e-02
2813.500000	9.407988e-02
2814.500000	9.362094e-02
2815.500000	9.316199e-02
2816.500000	9.270304e-02
2817.500000	9.224409e-02
2818.500000	9.178515e-02
2819.500000	9.132620e-02
2820.500000	9.134352e-02
2821.500000	9.183710e-02
2822.500000	9.233069e-02
2823.500000	9.282427e-02
2824.500000	9.331786e-02
2825.500000	9.381144e-02
2826.500000	9.430503e-02
2827.500000	9.479861e-02
2828.500000	9.529220e-02
2829.500000	9.578578e-02
2830.500000	9.587238e-02
2831.500000	9.555198e-02
2832.500000	9.523158e-02
2833.500000	9.491118e-02
2834.500000	9.459079e-02
2835.500000	9.427039e-02
2836.500000	9.394999e-02
2837.500000	9.362960e-02
2838.500000	9.330920e-02
2839.500000	9.298880e-02
2840.500000	9.272685e-02
2841.500000	9.252336e-02
2842.500000	9.231986e-02
2843.500000	9.211637e-02
2844.500000	9.191287e-02
2845.500000	9.170938e-02
2846.500000	9.150588e-02
2847.500000	9.130239e-02
2848.500000	9.109889e-02
2849.500000	9.089539e-02
2850.500000	9.108807e-02
2851.500000	9.167690e-02
2852.500000	9.226574e-02
2853.500000	9.285458e-02
2854.500000	9.344342e-02
2855.500000	9.403226e-02
2856.500000	9.462109e-02
2857.500000	9.520993e-02
2858.500000	9.579877e-02
2859.500000	9.638761e-02
2860.500000	9.635081e-02
2861.500000	9.568836e-02
2862.500000	9.502592e-02
2863.500000	9.436348e-02
2864.500000	9.370104e-02
2865.500000	9.303859e-02
2866.500000	9.237615e-02
2867.500000	9.171371e-02
2868.500000	9.105126e-02
2869.500000	9.038882e-02
2870.500000	9.025893e-02
2871.500000	9.066159e-02
2872.500000	9.106425e-02
2873.500000	9.146691e-02
2874.500000	9.186958e-02
2875.500000	9.227224e-02
2876.500000	9.267490e-02
2877.500000	9.307756e-02
2878.500000	9.348022e-02
2879.500000	9.388288e-02
2880.500000	9.384608e-02
2881.500000	9.336981e-02
2882.500000	9.289355e-02
2883.500000	9.241728e-02
2884.500000	9.194102e-02
2885.500000	9.146475e-02
2886.500000	9.098848e-02
2887.500000	9.051222e-02
2888.500000	9.003595e-02
2889.500000	8.955968e-02
2890.500000	8.946227e-02
2891.500000	8.974370e-02
2892.500000	9.002513e-02
2893.500000	9.030656e-02
2894.500000	9.058799e-02
2895.500000	9.086942e-02
2896.500000	9.115085e-02
2897.500000	9.143228e-02
2898.500000	9.171371e-02
2899.500000	9.199514e-02
2900.500000	9.196483e-02
2901.500000	9.162278e-02
2902.500000	9.128074e-02
2903.500000	9.093869e-02
2904.500000	9.059665e-02
2905.500000	9.025460e-02
2906.500000	8.991255e-02
2907.500000	8.957051e-02
2908.500000	8.922846e-02
2909.500000	8.888642e-02
2910.500000	8.853355e-02
2911.500000	8.816985e-02
2912.500000	8.780616e-02
2913.500000	8.744247e-02
2914.500000	8.707877e-02
2915.500000	8.671508e-02
2916.500000	8.635138e-02
2917.500000	8.598769e-02
2918.500000	8.562399e-02
2919.500000	8.526030e-02
2920.500000	8.515639e-02
2921.500000	8.531226e-02
2922.500000	8.546813e-02
2923.500000	8.562399e-02
2924.500000	8.577986e-02
2925.500000	8.593573e-02
2926.500000	8.609160e-02
2927.500000	8.624747e-02
2928.500000	8.640334e-02
2929.500000	8.655921e-02
2930.500000	8.652024e-02
2931.500000	8.628644e-02
2932.500000	8.605263e-02
2933.500000	8.581883e-02
2934.500000	8.558503e-02
2935.500000	8.535122e-02
2936.500000	8.511742e-02
2937.500000	8.488362e-02
2938.500000	8.464981e-02
2939.500000	8.441601e-02
2940.500000	8.445714e-02
2941.500000	8.477321e-02
2942.500000	8.508928e-02
2943.500000	8.540534e-02
2944.500000	8.572141e-02
2945.500000	8.603748e-02
2946.500000	8.635355e-02
2947.500000	8.666962e-02
2948.500000	8.698568e-02
2949.500000	8.730175e-02
2950.500000	8.714372e-02
2951.500000	8.651158e-02
2952.500000	8.587945e-02
2953.500000	8.524731e-02
2954.500000	8.461518e-02
2955.500000	8.398304e-02
2956.500000	8.335091e-02
2957.500000	8.271877e-02
2958.500000	8.208664e-02
2959.500000	8.145450e-02
2960.500000	8.137440e-02
2961.500000	8.184634e-02
2962.500000	8.231827e-02
2963.500000	8.279021e-02
2964.500000	8.326215e-02
2965.500000	8.373408e-02
2966.500000	8.420602e-02
2967.500000	8.467796e-02
2968.500000	8.514989e-02
2969.500000	8.562183e-02
2970.500000	8.556554e-02
2971.500000	8.498104e-02
2972.500000	8.439653e-02
2973.500000	8.381202e-02
2974.500000	8.322751e-02
2975.500000	8.264300e-02
2976.500000	8.205849e-02
2977.500000	8.147398e-02
2978.500000	8.088948e-02
2979.500000	8.030497e-02
2980.500000	8.030064e-02
2981.500000	8.087649e-02
2982.500000	8.145234e-02
2983.500000	8.202818e-02
2984.500000	8.260403e-02
2985.500000	8.317988e-02
2986.500000	8.375573e-02
2987.500000	8.433158e-02
2988.500000	8.490743e-02
2989.500000	8.548328e-02
2990.500000	8.561101e-02
2991.500000	8.529061e-02
2992.500000	8.497021e-02
2993.500000	8.464981e-02
2994.500000	8.432942e-02
2995.500000	8.400902e-02
2996.500000	8.368862e-02
2997.500000	8.336822e-02
2998.500000	8.304783e-02
2999.500000	8.272743e-02
3000.500000	8.252610e-02
3001.500000	8.244384e-02
3002.500000	8.236157e-02
3003.500000	8.227931e-02
3004.500000	8.219704e-02
3005.500000	8.211478e-02
3006.500000	8.203251e-02
3007.500000	8.195025e-02
3008.500000	8.186799e-02
3009.500000	8.178572e-02
3010.500000	8.166666e-02
3011.500000	8.151079e-02
3012.500000	8.135492e-02
3013.500000	8.119905e-02
3014.500000	8.104318e-02
3015.500000	8.088731e-02
3016.500000	8.073144e-02
3017.500000	8.057557e-02
3018.500000	8.041970e-02
3019.500000	8.026384e-02
3020.500000	8.025734e-02
3021.500000	8.040022e-02
3022.500000	8.054310e-02
3023.500000	8.068598e-02
3024.500000	8.082886e-02
3025.500000	8.097174e-02
3026.500000	8.111462e-02
3027.500000	8.125750e-02
3028.500000	8.140038e-02
3029.500000	8.154326e-02
3030.500000	8.161470e-02
3031.500000	8.161470e-02
3032.500000	8.161470e-02
3033.500000	8.161470e-02
3034.500000	8.161470e-02
3035.500000	8.161470e-02
3036.500000	8.161470e-02
3037.500000	8.161470e-02
3038.500000	8.161470e-02
3039.500000	8.161470e-02
3040.500000	8.165367e-02
3041.500000	8.173160e-02
3042.500000	8.180954e-02
3043.500000	8.188747e-02
3044.500000	8.196540e-02
3045.500000	8.204334e-02
3046.500000	8.212127e-02
3047.500000	8.219921e-02
3048.500000	8.227714e-02
3049.500000	8.235508e-02
3050.500000	8.234642e-02
3051.500000	8.225116e-02
3052.500000	8.215591e-02
3053.500000	8.206066e-02
3054.500000	8.196540e-02
3055.500000	8.187015e-02
3056.500000	8.177490e-02
3057.500000	8.167964e-02
3058.500000	8.158439e-02
3059.500000	8.148914e-02
3060.500000	8.140904e-02
3061.500000	8.134409e-02
3062.500000	8.127915e-02
3063.500000	8.121420e-02
3064.500000	8.114926e-02
3065.500000	8.108431e-02
3066.500000	8.101937e-02
3067.500000	8.095442e-02
3068.500000	8.088948e-02
3069.500000	8.082453e-02
3070.500000	8.076824e-02
3071.500000	8.072062e-02
3072.500000	8.067299e-02
3073.500000	8.062536e-02
3074.500000	8.057774e-02
3075.500000	8.053011e-02
3076.500000	8.048248e-02
3077.500000	8.043486e-02
3078.500000	8.038723e-02
3079.500000	8.033960e-02
3080.500000	8.023569e-02
3081.500000	8.007549e-02
3082.500000	7.991530e-02
3083.500000	7.975510e-02
3084.500000	7.959490e-02
3085.500000	7.943470e-02
3086.500000	7.927450e-02
3087.500000	7.911430e-02
3088.500000	7.895410e-02
3089.500000	7.879390e-02
3090.500000	7.864886e-02
3091.500000	7.851897e-02
3092.500000	7.838908e-02
3093.500000	7.825919e-02
3094.500000	7.812930e-02
3095.500000	7.799941e-02
3096.500000	7.786952e-02
3097.500000	7.773962e-02
3098.500000	7.760973e-02
3099.500000	7.747984e-02
3100.500000	7.733696e-02
3101.500000	7.718109e-02
3102.500000	7.702523e-02
3103.500000	7.686936e-02
3104.500000	7.671349e-02
3105.500000	7.655762e-02
3106.500000	7.640175e-02
3107.500000	7.624588e-02
3108.500000	7.609001e-02
3109.500000	7.593414e-02
3110.500000	7.588868e-02
3111.500000	7.595363e-02
3112.500000	7.601857e-02
3113.500000	7.608352e-02
3114.500000	7.614846e-02
3115.500000	7.621341e-02
3116.500000	7.627835e-02
3117.500000	7.634330e-02
3118.500000	7.640824e-02
3119.500000	7.647319e-02
3120.500000	7.645371e-02
3121.500000	7.634979e-02
3122.500000	7.624588e-02
3123.500000	7.614197e-02
3124.500000	7.603806e-02
3125.500000	7.593414e-02
3126.500000	7.583023e-02
3127.500000	7.572632e-02
3128.500000	7.562241e-02
3129.500000	7.551849e-02
3130.500000	7.547520e-02
3131.500000	7.549251e-02
3132.500000	7.550983e-02
3133.500000	7.552715e-02
3134.500000	7.554447e-02
3135.500000	7.556179e-02
3136.500000	7.557911e-02
3137.500000	7.559643e-02
3138.500000	7.561375e-02
3139.500000	7.563106e-02
3140.500000	7.563972e-02
3141.500000	7.563972e-02
3142.500000	7.563972e-02
3143.500000	7.563972e-02
3144.500000	7.563972e-02
3145.500000	7.563972e-02
3146.500000	7.563972e-02
3147.500000	7.563972e-02
3148.500000	7.563972e-02
3149.500000	7.563972e-02
3150.500000	7.564405e-02
3151.500000	7.565271e-02
3152.500000	7.566137e-02
3153.500000	7.567003e-02
3154.500000	7.567869e-02
3155.500000	7.568735e-02
3156.500000	7.569601e-02
3157.500000	7.570467e-02
3158.500000	7.571333e-02
3159.500000	7.572199e-02
3160.500000	7.567436e-02
3161.500000	7.557045e-02
3162.500000	7.546654e-02
3163.500000	7.536262e-02
3164.500000	7.525871e-02
3165.500000	7.515480e-02
3166.500000	7.505089e-02
3167.500000	7.494697e-02
3168.500000	7.484306e-02
3169.500000	7.473915e-02
3170.500000	7.468719e-02
3171.500000	7.468719e-02
3172.500000	7.468719e-02
3173.500000	7.468719e-02
3174.500000	7.468719e-02
3175.500000	7.468719e-02
3176.500000	7.468719e-02
3177.500000	7.468719e-02
3178.500000	7.468719e-02
3179.500000	7.468719e-02
3180.500000	7.469369e-02
3181.500000	7.470668e-02
3182.500000	7.471966e-02
3183.500000	7.473265e-02
3184.500000	7.474564e-02
3185.500000	7.475863e-02
3186.500000	7.477162e-02
3187.500000	7.478461e-02
3188.500000	7.479760e-02
3189.500000	7.481059e-02
3190.500000	7.474348e-02
3191.500000	7.459627e-02
3192.500000	7.444906e-02
3193.500000	7.430185e-02
3194.500000	7.415464e-02
3195.500000	7.400743e-02
3196.500000	7.386022e-02
3197.500000	7.371301e-02
3198.500000	7.356580e-02
3199.500000	7.341859e-02
3200.500000	7.335365e-02
3201.500000	7.337097e-02
3202.500000	7.338828e-02
3203.500000	7.340560e-02
3204.500000	7.342292e-02
3205.500000	7.344024e-02
3206.500000	7.345756e-02
3207.500000	7.347488e-02
3208.500000	7.349220e-02
3209.500000	7.350952e-02
3210.500000	7.348137e-02
3211.500000	7.340777e-02
3212.500000	7.333416e-02
3213.500000	7.326056e-02
3214.500000	7.318695e-02
3215.500000	7.311335e-02
3216.500000	7.303974e-02
3217.500000	7.296614e-02
3218.500000	7.289253e-02
3219.500000	7.281893e-02
3220.500000	7.276481e-02
3221.500000	7.273017e-02
3222.500000	7.269553e-02
3223.500000	7.266090e-02
3224.500000	7.262626e-02
3225.500000	7.259162e-02
3226.500000	7.255698e-02
3227.500000	7.252235e-02
3228.500000	7.248771e-02
3229.500000	7.245307e-02
3230.500000	7.240111e-02
3231.500000	7.233184e-02
3232.500000	7.226256e-02
3233.500000	7.219329e-02
3234.500000	7.212401e-02
3235.500000	7.205474e-02
3236.500000	7.198546e-02
3237.500000	7.191619e-02
3238.500000	7.184691e-02
3239.500000	7.177764e-02
3240.500000	7.175383e-02
3241.500000	7.177547e-02
3242.500000	7.179712e-02
3243.500000	7.181877e-02
3244.500000	7.184042e-02
3245.500000	7.186207e-02
3246.500000	7.188372e-02
3247.500000	7.190536e-02
3248.500000	7.192701e-02
3249.500000	7.194866e-02
3250.500000	7.189671e-02
3251.500000	7.177114e-02
3252.500000	7.164558e-02
3253.500000	7.152002e-02
3254.500000	7.139446e-02
3255.500000	7.126890e-02
3256.500000	7.114334e-02
3257.500000	7.101778e-02
3258.500000	7.089222e-02
3259.500000	7.076666e-02
3260.500000	7.065192e-02
3261.500000	7.054801e-02
3262.500000	7.044409e-02
3263.500000	7.034018e-02
3264.500000	7.023627e-02
3265.500000	7.013236e-02
3266.500000	7.002844e-02
3267.500000	6.992453e-02
3268.500000	6.982062e-02
3269.500000	6.971670e-02
3270.500000	6.967557e-02
3271.500000	6.969722e-02
3272.500000	6.971887e-02
3273.500000	6.974052e-02
3274.500000	6.976217e-02
3275.500000	6.978382e-02
3276.500000	6.980546e-02
3277.500000	6.982711e-02
3278.500000	6.984876e-02
3279.500000	6.987041e-02
3280.500000	6.983144e-02
3281.500000	6.973186e-02
3282.500000	6.963228e-02
3283.500000	6.953269e-02
3284.500000	6.943311e-02
3285.500000	6.933353e-02
3286.500000	6.923394e-02
3287.500000	6.913436e-02
3288.500000	6.903478e-02
3289.500000	6.893520e-02
3290.500000	6.884860e-02
3291.500000	6.877500e-02
3292.500000	6.870139e-02
3293.500000	6.862779e-02
3294.500000	6.855418e-02
3295.500000	6.848058e-02
3296.500000	6.840697e-02
3297.500000	6.833337e-02
3298.500000	6.825976e-02
3299.500000	6.818616e-02
3300.500000	6.818616e-02
3301.500000	6.825976e-02
3302.500000	6.833337e-02
3303.500000	6.840697e-02
3304.500000	6.848058e-02
3305.500000	6.855418e-02
3306.500000	6.862779e-02
3307.500000	6.870139e-02
3308.500000	6.877500e-02
3309.500000	6.884860e-02
3310.500000	6.885077e-02
3311.500000	6.878149e-02
3312.500000	6.871222e-02
3313.500000	6.864294e-02
3314.500000	6.857367e-02
3315.500000	6.850439e-02
3316.500000	6.843512e-02
3317.500000	6.836584e-02
3318.500000	6.829657e-02
3319.500000	6.822729e-02
3320.500000	6.817966e-02
3321.500000	6.815369e-02
3322.500000	6.812771e-02
3323.500000	6.810173e-02
3324.500000	6.807575e-02
3325.500000	6.804977e-02
3326.500000	6.802380e-02
3327.500000	6.799782e-02
3328.500000	6.797184e-02
3329.500000	6.794586e-02
3330.500000	6.792205e-02
3331.500000	6.790040e-02
3332.500000	6.787875e-02
3333.500000	6.785710e-02
3334.500000	6.783545e-02
3335.500000	6.781381e-02
3336.500000	6.779216e-02
3337.500000	6.777051e-02
3338.500000	6.774886e-02
3339.500000	6.772721e-02
3340.500000	6.769474e-02
3341.500000	6.765144e-02
3342.500000	6.760814e-02
3343.500000	6.756485e-02
3344.500000	6.752155e-02
3345.500000	6.747825e-02
3346.500000	6.743496e-02
3347.500000	6.739166e-02
3348.500000	6.734836e-02
3349.500000	6.730507e-02
3350.500000	6.725095e-02
3351.500000	6.718600e-02
3352.500000	6.712105e-02
3353.500000	6.705611e-02
3354.500000	6.699116e-02
3355.500000	6.692622e-02
3356.500000	6.686127e-02
3357.500000	6.679633e-02
3358.500000	6.673138e-02
3359.500000	6.666644e-02
3360.500000	6.663396e-02
3361.500000	6.663396e-02
3362.500000	6.663396e-02
3363.500000	6.663396e-02
3364.500000	6.663396e-02
3365.500000	6.663396e-02
3366.500000	6.663396e-02
3367.500000	6.663396e-02
3368.500000	6.663396e-02
3369.500000	6.663396e-02
3370.500000	6.655603e-02
3371.500000	6.640016e-02
3372.500000	6.624429e-02
3373.500000	6.608842e-02
3374.500000	6.593255e-02
3375.500000	6.577669e-02
3376.500000	6.562082e-02
3377.500000	6.546495e-02
3378.500000	6.530908e-02
3379.500000	6.515321e-02
3380.500000	6.503847e-02
3381.500000	6.496487e-02
3382.500000	6.489126e-02
3383.500000	6.481766e-02
3384.500000	6.474405e-02
3385.500000	6.467045e-02
3386.500000	6.459684e-02
3387.500000	6.452324e-02
3388.500000	6.444963e-02
3389.500000	6.437603e-02
3390.500000	6.431325e-02
3391.500000	6.426129e-02
3392.500000	6.420934e-02
3393.500000	6.415738e-02
3394.500000	6.410542e-02
3395.500000	6.405347e-02
3396.500000	6.400151e-02
3397.500000	6.394955e-02
3398.500000	6.389760e-02
3399.500000	6.384564e-02
3400.500000	6.380018e-02
3401.500000	6.376121e-02
3402.500000	6.372225e-02
3403.500000	6.368328e-02
3404.500000	6.364431e-02
3405.500000	6.360534e-02
3406.500000	6.356638e-02
3407.500000	6.352741e-02
3408.500000	6.348844e-02
3409.500000	6.344948e-02
3410.500000	6.342783e-02
3411.500000	6.342350e-02
3412.500000	6.341917e-02
3413.500000	6.341484e-02
3414.500000	6.341051e-02
3415.500000	6.340618e-02
3416.500000	6.340185e-02
3417.500000	6.339752e-02
3418.500000	6.339319e-02
3419.500000	6.338886e-02
3420.500000	6.339752e-02
3421.500000	6.341917e-02
3422.500000	6.344082e-02
3423.500000	6.346246e-02
3424.500000	6.348411e-02
3425.500000	6.350576e-02
3426.500000	6.352741e-02
3427.500000	6.354906e-02
3428.500000	6.357071e-02
3429.500000	6.359236e-02
3430.500000	6.353174e-02
3431.500000	6.338886e-02
3432.500000	6.324598e-02
3433.500000	6.310310e-02
3434.500000	6.296022e-02
3435.500000	6.281734e-02
3436.500000	6.267446e-02
3437.500000	6.253158e-02
3438.500000	6.238870e-02
3439.500000	6.224582e-02
3440.500000	6.215706e-02
3441.500000	6.212242e-02
3442.500000	6.208779e-02
3443.500000	6.205315e-02
3444.500000	6.201851e-02
3445.500000	6.198387e-02
3446.500000	6.194924e-02
3447.500000	6.191460e-02
3448.500000	6.187996e-02
3449.500000	6.184532e-02
3450.500000	6.179337e-02
3451.500000	6.172409e-02
3452.500000	6.165482e-02
3453.500000	6.158554e-02
3454.500000	6.151627e-02
3455.500000	6.144699e-02
3456.500000	6.137772e-02
3457.500000	6.130844e-02
3458.500000	6.123917e-02
3459.500000	6.116989e-02
3460.500000	6.110928e-02
3461.500000	6.105732e-02
3462.500000	6.100536e-02
3463.500000	6.095341e-02
3464.500000	6.090145e-02
3465.500000	6.084950e-02
3466.500000	6.079754e-02
3467.500000	6.074558e-02
3468.500000	6.069363e-02
3469.500000	6.064167e-02
3470.500000	6.060487e-02
3471.500000	6.058322e-02
3472.500000	6.056157e-02
3473.500000	6.053992e-02
3474.500000	6.051827e-02
3475.500000	6.049663e-02
3476.500000	6.047498e-02
3477.500000	6.045333e-02
3478.500000	6.043168e-02
3479.500000	6.041003e-02
3480.500000	6.037756e-02
3481.500000	6.033426e-02
3482.500000	6.029096e-02
3483.500000	6.024767e-02
3484.500000	6.020437e-02
3485.500000	6.016107e-02
3486.500000	6.011778e-02
3487.500000	6.007448e-02
3488.500000	6.003118e-02
3489.500000	5.998789e-02
3490.500000	5.992727e-02
3491.500000	5.984934e-02
3492.500000	5.977140e-02
3493.500000	5.969347e-02
3494.500000	5.961553e-02
3495.500000	5.953760e-02
3496.500000	5.945966e-02
3497.500000	5.938173e-02
3498.500000	5.930380e-02
3499.500000	5.922586e-02
3500.500000	5.916524e-02
3501.500000	5.912195e-02
3502.500000	5.907865e-02
3503.500000	5.903535e-02
3504.500000	5.899206e-02
3505.500000	5.894876e-02
3506.500000	5.890546e-02
3507.500000	5.886217e-02
3508.500000	5.881887e-02
3509.500000	5.877557e-02
3510.500000	5.872795e-02
3511.500000	5.867599e-02
3512.500000	5.862403e-02
3513.500000	5.857208e-02
3514.500000	5.852012e-02
3515.500000	5.846816e-02
3516.500000	5.841621e-02
3517.500000	5.836425e-02
3518.500000	5.831230e-02
3519.500000	5.826034e-02
3520.500000	5.820838e-02
3521.500000	5.815643e-02
3522.500000	5.810447e-02
3523.500000	5.805251e-02
3524.500000	5.800056e-02
3525.500000	5.794860e-02
3526.500000	5.789665e-02
3527.500000	5.784469e-02
3528.500000	5.779273e-02
3529.500000	5.774078e-02
3530.500000	5.773428e-02
3531.500000	5.777325e-02
3532.500000	5.781222e-02
3533.500000	5.785118e-02
3534.500000	5.789015e-02
3535.500000	5.792912e-02
3536.500000	5.796808e-02
3537.500000	5.800705e-02
3538.500000	5.804602e-02
3539.500000	5.808499e-02
3540.500000	5.805468e-02
3541.500000	5.795510e-02
3542.500000	5.785551e-02
3543.500000	5.775593e-02
3544.500000	5.765635e-02
3545.500000	5.755676e-02
3546.500000	5.745718e-02
3547.500000	5.735760e-02
3548.500000	5.725802e-02
3549.500000	5.715843e-02
3550.500000	5.706967e-02
3551.500000	5.699174e-02
3552.500000	5.691380e-02
3553.500000	5.683587e-02
3554.500000	5.675794e-02
3555.500000	5.668000e-02
3556.500000	5.660207e-02
3557.500000	5.652413e-02
3558.500000	5.644620e-02
3559.500000	5.636826e-02
3560.500000	5.631198e-02
3561.500000	5.627734e-02
3562.500000	5.624270e-02
3563.500000	5.620807e-02
3564.500000	5.617343e-02
3565.500000	5.613879e-02
3566.500000	5.610415e-02
3567.500000	5.606951e-02
3568.500000	5.603488e-02
3569.500000	5.600024e-02
3570.500000	5.594828e-02
3571.500000	5.587901e-02
3572.500000	5.580973e-02
3573.500000	5.574046e-02
3574.500000	5.567118e-02
3575.500000	5.560191e-02
3576.500000	5.553263e-02
3577.500000	5.546336e-02
3578.500000	5.539408e-02
3579.500000	5.532481e-02
3580.500000	5.527718e-02
3581.500000	5.525120e-02
3582.500000	5.522522e-02
3583.500000	5.519925e-02
3584.500000	5.517327e-02
3585.500000	5.514729e-02
3586.500000	5.512131e-02
3587.500000	5.509533e-02
3588.500000	5.506936e-02
3589.500000	5.504338e-02
3590.500000	5.503688e-02
3591.500000	5.504987e-02
3592.500000	5.506286e-02
3593.500000	5.507585e-02
3594.500000	5.508884e-02
3595.500000	5.510183e-02
3596.500000	5.511482e-02
3597.500000	5.512781e-02
3598.500000	5.514080e-02
3599.500000	5.515379e-02
3600.500000	5.515595e-02
3601.500000	5.514729e-02
3602.500000	5.513863e-02
3603.500000	5.512997e-02
3604.500000	5.512131e-02
3605.500000	5.511265e-02
3606.500000	5.510399e-02
3607.500000	5.509533e-02
3608.500000	5.508667e-02
3609.500000	5.507802e-02
3610.500000	5.502822e-02
3611.500000	5.493730e-02
3612.500000	5.484638e-02
3613.500000	5.475545e-02
3614.500000	5.466453e-02
3615.500000	5.457361e-02
3616.500000	5.448268e-02
3617.500000	5.439176e-02
3618.500000	5.430084e-02
3619.500000	5.420991e-02
3620.500000	5.414280e-02
3621.500000	5.409950e-02
3622.500000	5.405621e-02
3623.500000	5.401291e-02
3624.500000	5.396961e-02
3625.500000	5.392632e-02
3626.500000	5.388302e-02
3627.500000	5.383972e-02
3628.500000	5.379643e-02
3629.500000	5.375313e-02
3630.500000	5.370334e-02
3631.500000	5.364705e-02
3632.500000	5.359077e-02
3633.500000	5.353448e-02
3634.500000	5.347819e-02
3635.500000	5.342191e-02
3636.500000	5.336562e-02
3637.500000	5.330934e-02
3638.500000	5.325305e-02
3639.500000	5.319676e-02
3640.500000	5.314264e-02
3641.500000	5.309069e-02
3642.500000	5.303873e-02
3643.500000	5.298677e-02
3644.500000	5.293482e-02
3645.500000	5.288286e-02
3646.500000	5.283091e-02
3647.500000	5.277895e-02
3648.500000	5.272699e-02
3649.500000	5.267504e-02
3650.500000	5.262308e-02
3651.500000	5.257112e-02
3652.500000	5.251917e-02
3653.500000	5.246721e-02
3654.500000	5.241525e-02
3655.500000	5.236330e-02
3656.500000	5.231134e-02
3657.500000	5.225939e-02
3658.500000	5.220743e-02
3659.500000	5.215547e-02
3660.500000	5.213382e-02
3661.500000	5.214248e-02
3662.500000	5.215114e-02
3663.500000	5.215980e-02
3664.500000	5.216846e-02
3665.500000	5.217712e-02
3666.500000	5.218578e-02
3667.500000	5.219444e-02
3668.500000	5.220310e-02
3669.500000	5.221176e-02
3670.500000	5.217929e-02
3671.500000	5.210568e-02
3672.500000	5.203208e-02
3673.500000	5.195847e-02
3674.500000	5.188487e-02
3675.500000	5.181126e-02
3676.500000	5.173766e-02
3677.500000	5.166405e-02
3678.500000	5.159045e-02
3679.500000	5.151684e-02
3680.500000	5.144324e-02
3681.500000	5.136963e-02
3682.500000	5.129603e-02
3683.500000	5.122242e-02
3684.500000	5.114882e-02
3685.500000	5.107521e-02
3686.500000	5.100161e-02
3687.500000	5.092801e-02
3688.500000	5.085440e-02
3689.500000	5.078080e-02
3690.500000	5.072667e-02
3691.500000	5.069204e-02
3692.500000	5.065740e-02
3693.500000	5.062276e-02
3694.500000	5.058812e-02
3695.500000	5.055349e-02
3696.500000	5.051885e-02
3697.500000	5.048421e-02
3698.500000	5.044957e-02
3699.500000	5.041494e-02
3700.500000	5.037597e-02
3701.500000	5.033267e-02
3702.500000	5.028938e-02
3703.500000	5.024608e-02
3704.500000	5.020278e-02
3705.500000	5.015948e-02
3706.500000	5.011619e-02
3707.500000	5.007289e-02
3708.500000	5.002959e-02
3709.500000	4.998630e-02
3710.500000	4.994084e-02
3711.500000	4.989321e-02
3712.500000	4.984558e-02
3713.500000	4.979796e-02
3714.500000	4.975033e-02
3715.500000	4.970270e-02
3716.500000	4.965508e-02
3717.500000	4.960745e-02
3718.500000	4.955982e-02
3719.500000	4.951220e-02
3720.500000	4.948405e-02
3721.500000	4.947539e-02
3722.500000	4.946673e-02
3723.500000	4.945807e-02
3724.500000	4.944942e-02
3725.500000	4.944076e-02
3726.500000	4.943210e-02
3727.500000	4.942344e-02
3728.500000	4.941478e-02
3729.500000	4.940612e-02
3730.500000	4.938880e-02
3731.500000	4.936282e-02
3732.500000	4.933684e-02
3733.500000	4.931087e-02
3734.500000	4.928489e-02
3735.500000	4.925891e-02
3736.500000	4.923293e-02
3737.500000	4.920695e-02
3738.500000	4.918097e-02
3739.500000	4.915500e-02
3740.500000	4.910520e-02
3741.500000	4.903160e-02
3742.500000	4.895800e-02
3743.500000	4.888439e-02
3744.500000	4.881079e-02
3745.500000	4.873718e-02
3746.500000	4.866358e-02
3747.500000	4.858997e-02
3748.500000	4.851637e-02
3749.500000	4.844276e-02
3750.500000	4.838431e-02
3751.500000	4.834101e-02
3752.500000	4.829772e-02
3753.500000	4.825442e-02
3754.500000	4.821112e-02
3755.500000	4.816783e-02
3756.500000	4.812453e-02
3757.500000	4.808123e-02
3758.500000	4.803794e-02
3759.500000	4.799464e-02
3760.500000	4.795351e-02
3761.500000	4.791454e-02
3762.500000	4.787557e-02
3763.500000	4.783661e-02
3764.500000	4.779764e-02
3765.500000	4.775867e-02
3766.500000	4.771970e-02
3767.500000	4.768074e-02
3768.500000	4.764177e-02
3769.500000	4.760280e-02
3770.500000	4.755950e-02
3771.500000	4.751188e-02
3772.500000	4.746425e-02
3773.500000	4.741662e-02
3774.500000	4.736900e-02
3775.500000	4.732137e-02
3776.500000	4.727375e-02
3777.500000	4.722612e-02
3778.500000	4.717849e-02
3779.500000	4.713087e-02
3780.500000	4.708973e-02
3781.500000	4.705510e-02
3782.500000	4.702046e-02
3783.500000	4.698582e-02
3784.500000	4.695118e-02
3785.500000	4.691655e-02
3786.500000	4.688191e-02
3787.500000	4.684727e-02
3788.500000	4.681263e-02
3789.500000	4.677800e-02
3790.500000	4.675635e-02
3791.500000	4.674769e-02
3792.500000	4.673903e-02
3793.500000	4.673037e-02
3794.500000	4.672171e-02
3795.500000	4.671305e-02
3796.500000	4.670439e-02
3797.500000	4.669573e-02
3798.500000	4.668707e-02
3799.500000	4.667841e-02
3800.500000	4.665243e-02
3801.500000	4.660914e-02
3802.500000	4.656584e-02
3803.500000	4.652254e-02
3804.500000	4.647925e-02
3805.500000	4.643595e-02
3806.500000	4.639265e-02
3807.500000	4.634936e-02
3808.500000	4.630606e-02
3809.500000	4.626276e-02
3810.500000	4.620864e-02
3811.500000	4.614370e-02
3812.500000	4.607875e-02
3813.500000	4.601380e-02
3814.500000	4.594886e-02
3815.500000	4.588391e-02
3816.500000	4.581897e-02
3817.500000	4.575402e-02
3818.500000	4.568908e-02
3819.500000	4.562413e-02
3820.500000	4.557218e-02
3821.500000	4.553321e-02
3822.500000	4.549424e-02
3823.500000	4.545527e-02
3824.500000	4.541631e-02
3825.500000	4.537734e-02
3826.500000	4.533837e-02
3827.500000	4.529941e-02
3828.500000	4.526044e-02
3829.500000	4.522147e-02
3830.500000	4.518250e-02
3831.500000	4.514354e-02
3832.500000	4.510457e-02
3833.500000	4.506560e-02
3834.500000	4.502663e-02
3835.500000	4.498767e-02
3836.500000	4.494870e-02
3837.500000	4.490973e-02
3838.500000	4.487077e-02
3839.500000	4.483180e-02
3840.500000	4.478850e-02
3841.500000	4.474088e-02
3842.500000	4.469325e-02
3843.500000	4.464562e-02
3844.500000	4.459800e-02
3845.500000	4.455037e-02
3846.500000	4.450274e-02
3847.500000	4.445512e-02
3848.500000	4.440749e-02
3849.500000	4.435986e-02
3850.500000	4.432089e-02
3851.500000	4.429059e-02
3852.500000	4.426028e-02
3853.500000	4.422997e-02
3854.500000	4.419966e-02
3855.500000	4.416936e-02
3856.500000	4.413905e-02
3857.500000	4.410874e-02
3858.500000	4.407843e-02
3859.500000	4.404812e-02
3860.500000	4.402431e-02
3861.500000	4.400699e-02
3862.500000	4.398967e-02
3863.500000	4.397235e-02
3864.500000	4.395504e-02
3865.500000	4.393772e-02
3866.500000	4.392040e-02
3867.500000	4.390308e-02
3868.500000	4.388576e-02
3869.500000	4.386844e-02
3870.500000	4.384030e-02
3871.500000	4.380133e-02
3872.500000	4.376236e-02
3873.500000	4.372340e-02
3874.500000	4.368443e-02
3875.500000	4.364546e-02
3876.500000	4.360650e-02
3877.500000	4.356753e-02
3878.500000	4.352856e-02
3879.500000	4.348959e-02
3880.500000	4.344392e-02
3881.500000	4.339153e-02
3882.500000	4.333914e-02
3883.500000	4.328675e-02
3884.500000	4.323436e-02
3885.500000	4.318197e-02
3886.500000	4.312958e-02
3887.500000	4.307719e-02
3888.500000	4.302480e-02
3889.500000	4.297241e-02
3890.500000	4.292652e-02
3891.500000	4.288712e-02
3892.500000	4.284772e-02
3893.500000	4.280832e-02
3894.500000	4.276892e-02
3895.500000	4.272952e-02
3896.500000	4.269012e-02
3897.500000	4.265072e-02
3898.500000	4.261132e-02
3899.500000	4.257192e-02
3900.500000	4.253230e-02
3901.500000	4.249247e-02
3902.500000	4.245263e-02
3903.500000	4.241280e-02
3904.500000	4.237297e-02
3905.500000	4.233313e-02
3906.500000	4.229330e-02
3907.500000	4.225347e-02
3908.500000	4.221363e-02
3909.500000	4.217380e-02
3910.500000	4.213765e-02
3911.500000	4.210517e-02
3912.500000	4.207270e-02
3913.500000	4.204023e-02
3914.500000	4.200776e-02
3915.500000	4.197528e-02
3916.500000	4.194281e-02
3917.500000	4.191034e-02
3918.500000	4.187787e-02
3919.500000	4.184539e-02
3920.500000	4.181119e-02
3921.500000	4.177525e-02
3922.500000	4.173932e-02
3923.500000	4.170338e-02
3924.500000	4.166744e-02
3925.500000	4.163151e-02
3926.500000	4.159557e-02
3927.500000	4.155963e-02
3928.500000	4.152370e-02
3929.500000	4.148776e-02
3930.500000	4.145724e-02
3931.500000	4.143212e-02
3932.500000	4.140701e-02
3933.500000	4.138190e-02
3934.500000	4.135679e-02
3935.500000	4.133168e-02
3936.500000	4.130656e-02
3937.500000	4.128145e-02
3938.500000	4.125634e-02
3939.500000	4.123123e-02
3940.500000	4.120417e-02
3941.500000	4.117516e-02
3942.500000	4.114615e-02
3943.500000	4.111714e-02
3944.500000	4.108813e-02
3945.500000	4.105912e-02
3946.500000	4.103011e-02
3947.500000	4.100110e-02
3948.500000	4.097209e-02
3949.500000	4.094309e-02
3950.500000	4.090347e-02
3951.500000	4.085324e-02
3952.500000	4.080302e-02
3953.500000	4.075280e-02
3954.500000	4.070257e-02
3955.500000	4.065235e-02
3956.500000	4.060212e-02
3957.500000	4.055190e-02
3958.500000	4.050167e-02
3959.500000	4.045145e-02
3960.500000	4.040274e-02
3961.500000	4.035555e-02
3962.500000	4.030835e-02
3963.500000	4.026116e-02
3964.500000	4.021397e-02
3965.500000	4.016677e-02
3966.500000	4.011958e-02
3967.500000	4.007238e-02
3968.500000	4.002519e-02
3969.500000	3.997800e-02
3970.500000	3.993470e-02
3971.500000	3.989530e-02
3972.500000	3.985590e-02
3973.500000	3.981650e-02
3974.500000	3.977710e-02
3975.500000	3.973770e-02
3976.500000	3.969830e-02
3977.500000	3.965890e-02
3978.500000	3.961950e-02
3979.500000	3.958010e-02
3980.500000	3.953702e-02
3981.500000	3.949026e-02
3982.500000	3.944350e-02
3983.500000	3.939674e-02
3984.500000	3.934998e-02
3985.500000	3.930321e-02
3986.500000	3.925645e-02
3987.500000	3.920969e-02
3988.500000	3.916293e-02
3989.500000	3.911617e-02
3990.500000	3.907287e-02
3991.500000	3.903304e-02
3992.500000	3.899321e-02
3993.500000	3.895338e-02
3994.500000	3.891354e-02
3995.500000	3.887371e-02
3996.500000	3.883388e-02
3997.500000	3.879404e-02
3998.500000	3.875421e-02
3999.500000	3.871438e-02
4000.500000	3.868017e-02
4001.500000	3.865160e-02
4002.500000	3.862302e-02
4003.500000	3.859444e-02
4004.500000	3.856587e-02
4005.500000	3.853729e-02
4006.500000	3.850872e-02
4007.500000	3.848014e-02
4008.500000	3.845156e-02
4009.500000	3.842299e-02
4010.500000	3.838705e-02
4011.500000	3.834375e-02
4012.500000	3.830046e-02
4013.500000	3.825716e-02
4014.500000	3.821386e-02
4015.500000	3.817057e-02
4016.500000	3.812727e-02
4017.500000	3.808397e-02
4018.500000	3.804068e-02
4019.500000	3.799738e-02
4020.500000	3.794867e-02
4021.500000	3.789455e-02
4022.500000	3.784043e-02
4023.500000	3.778631e-02
4024.500000	3.773219e-02
4025.500000	3.767806e-02
4026.500000	3.762394e-02
4027.500000	3.756982e-02
4028.500000	3.751570e-02
4029.500000	3.746158e-02
4030.500000	3.741655e-02
4031.500000	3.738061e-02
4032.500000	3.734468e-02
4033.500000	3.730874e-02
4034.500000	3.727281e-02
4035.500000	3.723687e-02
4036.500000	3.720093e-02
4037.500000	3.716500e-02
4038.500000	3.712906e-02
4039.500000	3.709312e-02
4040.500000	3.705697e-02
4041.500000	3.702060e-02
4042.500000	3.698423e-02
4043.500000	3.694786e-02
4044.500000	3.691149e-02
4045.500000	3.687512e-02
4046.500000	3.683875e-02
4047.500000	3.680238e-02
4048.500000	3.676601e-02
4049.500000	3.672965e-02
4050.500000	3.669003e-02
4051.500000	3.664716e-02
4052.500000	3.660430e-02
4053.500000	3.656144e-02
4054.500000	3.651857e-02
4055.500000	3.647571e-02
4056.500000	3.643285e-02
4057.500000	3.638998e-02
4058.500000	3.634712e-02
4059.500000	3.630425e-02
4060.500000	3.626204e-02
4061.500000	3.622047e-02
4062.500000	3.617891e-02
4063.500000	3.613734e-02
4064.500000	3.609578e-02
4065.500000	3.605421e-02
4066.500000	3.601265e-02
4067.500000	3.597108e-02
4068.500000	3.592952e-02
4069.500000	3.588795e-02
4070.500000	3.585418e-02
4071.500000	3.582820e-02
4072.500000	3.580223e-02
4073.500000	3.577625e-02
4074.500000	3.575027e-02
4075.500000	3.572429e-02
4076.500000	3.569831e-02
4077.500000	3.567233e-02
4078.500000	3.564636e-02
4079.500000	3.562038e-02
4080.500000	3.559159e-02
4081.500000	3.555998e-02
4082.500000	3.552837e-02
4083.500000	3.549677e-02
4084.500000	3.546516e-02
4085.500000	3.543355e-02
4086.500000	3.540195e-02
4087.500000	3.537034e-02
4088.500000	3.533873e-02
4089.500000	3.530713e-02
4090.500000	3.527335e-02
4091.500000	3.523742e-02
4092.500000	3.520148e-02
4093.500000	3.516554e-02
4094.500000	3.512961e-02
4095.500000	3.509367e-02
4096.500000	3.505773e-02
4097.500000	3.502180e-02
4098.500000	3.498586e-02
4099.500000	3.494993e-02
4100.500000	3.490706e-02
4101.500000	3.485727e-02
4102.500000	3.480748e-02
4103.500000	3.475769e-02
4104.500000	3.470790e-02
4105.500000	3.465810e-02
4106.500000	3.460831e-02
4107.500000	3.455852e-02
4108.500000	3.450873e-02
4109.500000	3.445894e-02
4110.500000	3.441391e-02
4111.500000	3.437364e-02
4112.500000	3.433338e-02
4113.500000	3.429311e-02
4114.500000	3.425285e-02
4115.500000	3.421258e-02
4116.500000	3.417231e-02
4117.500000	3.413205e-02
4118.500000	3.409178e-02
4119.500000	3.405151e-02
4120.500000	3.401601e-02
4121.500000	3.398527e-02
4122.500000	3.395453e-02
4123.500000	3.392379e-02
4124.500000	3.389305e-02
4125.500000	3.386231e-02
4126.500000	3.383157e-02
4127.500000	3.380083e-02
4128.500000	3.377008e-02
4129.500000	3.373934e-02
4130.500000	3.371293e-02
4131.500000	3.369085e-02
4132.500000	3.366877e-02
4133.500000	3.364669e-02
4134.500000	3.362461e-02
4135.500000	3.360253e-02
4136.500000	3.358044e-02
4137.500000	3.355836e-02
4138.500000	3.353628e-02
4139.500000	3.351420e-02
4140.500000	3.348238e-02
4141.500000	3.344081e-02
4142.500000	3.339925e-02
4143.500000	3.335768e-02
4144.500000	3.331612e-02
4145.500000	3.327455e-02
4146.500000	3.323299e-02
4147.500000	3.319142e-02
4148.500000	3.314986e-02
4149.500000	3.310829e-02
4150.500000	3.307344e-02
4151.500000	3.304529e-02
4152.500000	3.301715e-02
4153.500000	3.298901e-02
4154.500000	3.296086e-02
4155.500000	3.293272e-02
4156.500000	3.290458e-02
4157.500000	3.287644e-02
4158.500000	3.284829e-02
4159.500000	3.282015e-02
4160.500000	3.280197e-02
4161.500000	3.279374e-02
4162.500000	3.278551e-02
4163.500000	3.277729e-02
4164.500000	3.276906e-02
4165.500000	3.276083e-02
4166.500000	3.275261e-02
4167.500000	3.274438e-02
4168.500000	3.273615e-02
4169.500000	3.272793e-02
4170.500000	3.271147e-02
4171.500000	3.268680e-02
4172.500000	3.266212e-02
4173.500000	3.263744e-02
4174.500000	3.261276e-02
4175.500000	3.258808e-02
4176.500000	3.256340e-02
4177.500000	3.253872e-02
4178.500000	3.251404e-02
4179.500000	3.248936e-02
4180.500000	3.245884e-02
4181.500000	3.242247e-02
4182.500000	3.238610e-02
4183.500000	3.234973e-02
4184.500000	3.231336e-02
4185.500000	3.227699e-02
4186.500000	3.224062e-02
4187.500000	3.220425e-02
4188.500000	3.216788e-02
4189.500000	3.213151e-02
4190.500000	3.209774e-02
4191.500000	3.206657e-02
4192.500000	3.203539e-02
4193.500000	3.200422e-02
4194.500000	3.197305e-02
4195.500000	3.194187e-02
4196.500000	3.191070e-02
4197.500000	3.187952e-02
4198.500000	3.184835e-02
4199.500000	3.181718e-02
4200.500000	3.179748e-02
4201.500000	3.178925e-02
4202.500000	3.178102e-02
4203.500000	3.177280e-02
4204.500000	3.176457e-02
4205.500000	3.175634e-02
4206.500000	3.174812e-02
4207.500000	3.173989e-02
4208.500000	3.173167e-02
4209.500000	3.172344e-02
4210.500000	3.170244e-02
4211.500000	3.166867e-02
4212.500000	3.163490e-02
4213.500000	3.160112e-02
4214.500000	3.156735e-02
4215.500000	3.153358e-02
4216.500000	3.149981e-02
4217.500000	3.146604e-02
4218.500000	3.143227e-02
4219.500000	3.139850e-02
4220.500000	3.136299e-02
4221.500000	3.132576e-02
4222.500000	3.128852e-02
4223.500000	3.125129e-02
4224.500000	3.121405e-02
4225.500000	3.117682e-02
4226.500000	3.113958e-02
4227.500000	3.110234e-02
4228.500000	3.106511e-02
4229.500000	3.102787e-02
4230.500000	3.099951e-02
4231.500000	3.098003e-02
4232.500000	3.096055e-02
4233.500000	3.094106e-02
4234.500000	3.092158e-02
4235.500000	3.090210e-02
4236.500000	3.088261e-02
4237.500000	3.086313e-02
4238.500000	3.084365e-02
4239.500000	3.082416e-02
4240.500000	3.080576e-02
4241.500000	3.078844e-02
4242.500000	3.077112e-02
4243.500000	3.075380e-02
4244.500000	3.073649e-02
4245.500000	3.071917e-02
4246.500000	3.070185e-02
4247.500000	3.068453e-02
4248.500000	3.066721e-02
4249.500000	3.064989e-02
4250.500000	3.062500e-02
4251.500000	3.059252e-02
4252.500000	3.056005e-02
4253.500000	3.052758e-02
4254.500000	3.049511e-02
4255.500000	3.046263e-02
4256.500000	3.043016e-02
4257.500000	3.039769e-02
4258.500000	3.036521e-02
4259.500000	3.033274e-02
4260.500000	3.029832e-02
4261.500000	3.026195e-02
4262.500000	3.022558e-02
4263.500000	3.018921e-02
4264.500000	3.015284e-02
4265.500000	3.011647e-02
4266.500000	3.008010e-02
4267.500000	3.004373e-02
4268.500000	3.000737e-02
4269.500000	2.997100e-02
4270.500000	2.990735e-02
4271.500000	2.981643e-02
4272.500000	2.972550e-02
4273.500000	2.963458e-02
4274.500000	2.954366e-02
4275.500000	2.945273e-02
4276.500000	2.936181e-02
4277.500000	2.927088e-02
4278.500000	2.917996e-02
4279.500000	2.908904e-02
4280.500000	2.901478e-02
4281.500000	2.895720e-02
4282.500000	2.889961e-02
4283.500000	2.884203e-02
4284.500000	2.878444e-02
4285.500000	2.872686e-02
4286.500000	2.866927e-02
4287.500000	2.861169e-02
4288.500000	2.855410e-02
4289.500000	2.849652e-02
4290.500000	2.843352e-02
4291.500000	2.836511e-02
4292.500000	2.829670e-02
4293.500000	2.822829e-02
4294.500000	2.815989e-02
4295.500000	2.809148e-02
4296.500000	2.802307e-02
4297.500000	2.795466e-02
4298.500000	2.788625e-02
4299.500000	2.781784e-02
4300.500000	2.776307e-02
4301.500000	2.772194e-02
4302.500000	2.768081e-02
4303.500000	2.763967e-02
4304.500000	2.759854e-02
4305.500000	2.755741e-02
4306.500000	2.751628e-02
4307.500000	2.747514e-02
4308.500000	2.743401e-02
4309.500000	2.739288e-02
4310.500000	2.733486e-02
4311.500000	2.725996e-02
4312.500000	2.718506e-02
4313.500000	2.711015e-02
4314.500000	2.703525e-02
4315.500000	2.696034e-02
4316.500000	2.688544e-02
4317.500000	2.681054e-02
4318.500000	2.673563e-02
4319.500000	2.666073e-02
4320.500000	2.662090e-02
4321.500000	2.661613e-02
4322.500000	2.661137e-02
4323.500000	2.660661e-02
4324.500000	2.660185e-02
4325.500000	2.659708e-02
4326.500000	2.659232e-02
4327.500000	2.658756e-02
4328.500000	2.658280e-02
4329.500000	2.657803e-02
4330.500000	2.654253e-02
4331.500000	2.647628e-02
4332.500000	2.641004e-02
4333.500000	2.634380e-02
4334.500000	2.627755e-02
4335.500000	2.621131e-02
4336.500000	2.614506e-02
4337.500000	2.607882e-02
4338.500000	2.601257e-02
4339.500000	2.594633e-02
4340.500000	2.589935e-02
4341.500000	2.587164e-02
4342.500000	2.584393e-02
4343.500000	2.581622e-02
4344.500000	2.578851e-02
4345.500000	2.576080e-02
4346.500000	2.573309e-02
4347.500000	2.570538e-02
4348.500000	2.567767e-02
4349.500000	2.564996e-02
4350.500000	2.561684e-02
4351.500000	2.557831e-02
4352.500000	2.553977e-02
4353.500000	2.550124e-02
4354.500000	2.546270e-02
4355.500000	2.542417e-02
4356.500000	2.538564e-02
4357.500000	2.534710e-02
4358.500000	2.530857e-02
4359.500000	2.527003e-02
4360.500000	2.523236e-02
4361.500000	2.519556e-02
4362.500000	2.515876e-02
4363.500000	2.512196e-02
4364.500000	2.508515e-02
4365.500000	2.504835e-02
4366.500000	2.501155e-02
4367.500000	2.497475e-02
4368.500000	2.493795e-02
4369.500000	2.490114e-02
4370.500000	2.487690e-02
4371.500000	2.486521e-02
4372.500000	2.485352e-02
4373.500000	2.484183e-02
4374.500000	2.483014e-02
4375.500000	2.481845e-02
4376.500000	2.480676e-02
4377.500000	2.479507e-02
4378.500000	2.478338e-02
4379.500000	2.477168e-02
4380.500000	2.474830e-02
4381.500000	2.471323e-02
4382.500000	2.467816e-02
4383.500000	2.464309e-02
4384.500000	2.460802e-02
4385.500000	2.457295e-02
4386.500000	2.453788e-02
4387.500000	2.450281e-02
4388.500000	2.446774e-02
4389.500000	2.443267e-02
4390.500000	2.438201e-02
4391.500000	2.431577e-02
4392.500000	2.424952e-02
4393.500000	2.418328e-02
4394.500000	2.411704e-02
4395.500000	2.405079e-02
4396.500000	2.398455e-02
4397.500000	2.391830e-02
4398.500000	2.385206e-02
4399.500000	2.378581e-02
4400.500000	2.372130e-02
4401.500000	2.365852e-02
4402.500000	2.359574e-02
4403.500000	2.353296e-02
4404.500000	2.347018e-02
4405.500000	2.340740e-02
4406.500000	2.334462e-02
4407.500000	2.328184e-02
4408.500000	2.321906e-02
4409.500000	2.315628e-02
4410.500000	2.310194e-02
4411.500000	2.305604e-02
4412.500000	2.301015e-02
4413.500000	2.296425e-02
4414.500000	2.291836e-02
4415.500000	2.287247e-02
4416.500000	2.282657e-02
4417.500000	2.278068e-02
4418.500000	2.273478e-02
4419.500000	2.268889e-02
4420.500000	2.263758e-02
4421.500000	2.258086e-02
4422.500000	2.252414e-02
4423.500000	2.246742e-02
4424.500000	2.241070e-02
4425.500000	2.235398e-02
4426.500000	2.229727e-02
4427.500000	2.224055e-02
4428.500000	2.218383e-02
4429.500000	2.212711e-02
4430.500000	2.208554e-02
4431.500000	2.205913e-02
4432.500000	2.203272e-02
4433.500000	2.200631e-02
4434.500000	2.197990e-02
4435.500000	2.195349e-02
4436.500000	2.192708e-02
4437.500000	2.190067e-02
4438.500000	2.187425e-02
4439.500000	2.184784e-02
4440.500000	2.184351e-02
4441.500000	2.186127e-02
4442.500000	2.187902e-02
4443.500000	2.189677e-02
4444.500000	2.191452e-02
4445.500000	2.193227e-02
4446.500000	2.195002e-02
4447.500000	2.196778e-02
4448.500000	2.198553e-02
4449.500000	2.200328e-02
4450.500000	2.201086e-02
4451.500000	2.200826e-02
4452.500000	2.200566e-02
4453.500000	2.200306e-02
4454.500000	2.200047e-02
4455.500000	2.199787e-02
4456.500000	2.199527e-02
4457.500000	2.199267e-02
4458.500000	2.199007e-02
4459.500000	2.198748e-02
4460.500000	2.198141e-02
4461.500000	2.197189e-02
4462.500000	2.196236e-02
4463.500000	2.195284e-02
4464.500000	2.194331e-02
4465.500000	2.193379e-02
4466.500000	2.192426e-02
4467.500000	2.191474e-02
4468.500000	2.190521e-02
4469.500000	2.189569e-02
4470.500000	2.186798e-02
4471.500000	2.182208e-02
4472.500000	2.177619e-02
4473.500000	2.173029e-02
4474.500000	2.168440e-02
4475.500000	2.163850e-02
4476.500000	2.159261e-02
4477.500000	2.154671e-02
4478.500000	2.150082e-02
4479.500000	2.145492e-02
4480.500000	2.141444e-02
4481.500000	2.137937e-02
4482.500000	2.134430e-02
4483.500000	2.130923e-02
4484.500000	2.127416e-02
4485.500000	2.123909e-02
4486.500000	2.120402e-02
4487.500000	2.116895e-02
4488.500000	2.113388e-02
4489.500000	2.109881e-02
4490.500000	2.107413e-02
4491.500000	2.105984e-02
4492.500000	2.104555e-02
4493.500000	2.103126e-02
4494.500000	2.101698e-02
4495.500000	2.100269e-02
4496.500000	2.098840e-02
4497.500000	2.097411e-02
4498.500000	2.095982e-02
4499.500000	2.094554e-02
4500.500000	2.090765e-02
4501.500000	2.084617e-02
4502.500000	2.078469e-02
4503.500000	2.072321e-02
4504.500000	2.066172e-02
4505.500000	2.060024e-02
4506.500000	2.053876e-02
4507.500000	2.047728e-02
4508.500000	2.041580e-02
4509.500000	2.035432e-02
4510.500000	2.030344e-02
4511.500000	2.026318e-02
4512.500000	2.022291e-02
4513.500000	2.018264e-02
4514.500000	2.014238e-02
4515.500000	2.010211e-02
4516.500000	2.006185e-02
4517.500000	2.002158e-02
4518.500000	1.998131e-02
4519.500000	1.994105e-02
4520.500000	1.991832e-02
4521.500000	1.991312e-02
4522.500000	1.990793e-02
4523.500000	1.990273e-02
4524.500000	1.989753e-02
4525.500000	1.989234e-02
4526.500000	1.988714e-02
4527.500000	1.988195e-02
4528.500000	1.987675e-02
4529.500000	1.987156e-02
4530.500000	1.988260e-02
4531.500000	1.990987e-02
4532.500000	1.993715e-02
4533.500000	1.996443e-02
4534.500000	1.999170e-02
4535.500000	2.001898e-02
4536.500000	2.004626e-02
4537.500000	2.007354e-02
4538.500000	2.010081e-02
4539.500000	2.012809e-02
4540.500000	2.013329e-02
4541.500000	2.011640e-02
4542.500000	2.009951e-02
4543.500000	2.008263e-02
4544.500000	2.006574e-02
4545.500000	2.004886e-02
4546.500000	2.003197e-02
4547.500000	2.001508e-02
4548.500000	1.999820e-02
4549.500000	1.998131e-02
4550.500000	1.997763e-02
4551.500000	1.998716e-02
4552.500000	1.999668e-02
4553.500000	2.000621e-02
4554.500000	2.001573e-02
4555.500000	2.002526e-02
4556.500000	2.003479e-02
4557.500000	2.004431e-02
4558.500000	2.005384e-02
4559.500000	2.006336e-02
4560.500000	2.006336e-02
4561.500000	2.005384e-02
4562.500000	2.004431e-02
4563.500000	2.003479e-02
4564.500000	2.002526e-02
4565.500000	2.001573e-02
4566.500000	2.000621e-02
4567.500000	1.999668e-02
4568.500000	1.998716e-02
4569.500000	1.997763e-02
4570.500000	1.996551e-02
4571.500000	1.995079e-02
4572.500000	1.993607e-02
4573.500000	1.992135e-02
4574.500000	1.990663e-02
4575.500000	1.989191e-02
4576.500000	1.987718e-02
4577.500000	1.986246e-02
4578.500000	1.984774e-02
4579.500000	1.983302e-02
4580.500000	1.981029e-02
4581.500000	1.977955e-02
4582.500000	1.974881e-02
4583.500000	1.971807e-02
4584.500000	1.968733e-02
4585.500000	1.965659e-02
4586.500000	1.962585e-02
4587.500000	1.959510e-02
4588.500000	1.956436e-02
4589.500000	1.953362e-02
4590.500000	1.949899e-02
4591.500000	1.946045e-02
4592.500000	1.942192e-02
4593.500000	1.938338e-02
4594.500000	1.934485e-02
4595.500000	1.930631e-02
4596.500000	1.926778e-02
4597.500000	1.922925e-02
4598.500000	1.919071e-02
4599.500000	1.915218e-02
4600.500000	1.913226e-02
4601.500000	1.913096e-02
4602.500000	1.912966e-02
4603.500000	1.912836e-02
4604.500000	1.912707e-02
4605.500000	1.912577e-02
4606.500000	1.912447e-02
4607.500000	1.912317e-02
4608.500000	1.912187e-02
4609.500000	1.912057e-02
4610.500000	1.911451e-02
4611.500000	1.910368e-02
4612.500000	1.909286e-02
4613.500000	1.908204e-02
4614.500000	1.907121e-02
4615.500000	1.906039e-02
4616.500000	1.904956e-02
4617.500000	1.903874e-02
4618.500000	1.902792e-02
4619.500000	1.901709e-02
4620.500000	1.903398e-02
4621.500000	1.907857e-02
4622.500000	1.912317e-02
4623.500000	1.916776e-02
4624.500000	1.921236e-02
4625.500000	1.925696e-02
4626.500000	1.930155e-02
4627.500000	1.934615e-02
4628.500000	1.939074e-02
4629.500000	1.943534e-02
4630.500000	1.946889e-02
4631.500000	1.949141e-02
4632.500000	1.951392e-02
4633.500000	1.953644e-02
4634.500000	1.955895e-02
4635.500000	1.958147e-02
4636.500000	1.960398e-02
4637.500000	1.962650e-02
4638.500000	1.964901e-02
4639.500000	1.967152e-02
4640.500000	1.968863e-02
4641.500000	1.970032e-02
4642.500000	1.971201e-02
4643.500000	1.972370e-02
4644.500000	1.973539e-02
4645.500000	1.974708e-02
4646.500000	1.975877e-02
4647.500000	1.977046e-02
4648.500000	1.978215e-02
4649.500000	1.979384e-02
4650.500000	1.978778e-02
4651.500000	1.976396e-02
4652.500000	1.974015e-02
4653.500000	1.971634e-02
4654.500000	1.969252e-02
4655.500000	1.966871e-02
4656.500000	1.964490e-02
4657.500000	1.962108e-02
4658.500000	1.959727e-02
4659.500000	1.957346e-02
4660.500000	1.955419e-02
4661.500000	1.953947e-02
4662.500000	1.952475e-02
4663.500000	1.951003e-02
4664.500000	1.949531e-02
4665.500000	1.948058e-02
4666.500000	1.946586e-02
4667.500000	1.945114e-02
4668.500000	1.943642e-02
4669.500000	1.942170e-02
4670.500000	1.939377e-02
4671.500000	1.935264e-02
4672.500000	1.931151e-02
4673.500000	1.927038e-02
4674.500000	1.922925e-02
4675.500000	1.918811e-02
4676.500000	1.914698e-02
4677.500000	1.910585e-02
4678.500000	1.906472e-02
4679.500000	1.902359e-02
4680.500000	1.898180e-02
4681.500000	1.893937e-02
4682.500000	1.889694e-02
4683.500000	1.885451e-02
4684.500000	1.881208e-02
4685.500000	1.876965e-02
4686.500000	1.872722e-02
4687.500000	1.868479e-02
4688.500000	1.864236e-02
4689.500000	1.859993e-02
4690.500000	1.857135e-02
4691.500000	1.855663e-02
4692.500000	1.854191e-02
4693.500000	1.852719e-02
4694.500000	1.851247e-02
4695.500000	1.849774e-02
4696.500000	1.848302e-02
4697.500000	1.846830e-02
4698.500000	1.845358e-02
4699.500000	1.843886e-02
4700.500000	1.843107e-02
4701.500000	1.843020e-02
4702.500000	1.842934e-02
4703.500000	1.842847e-02
4704.500000	1.842760e-02
4705.500000	1.842674e-02
4706.500000	1.842587e-02
4707.500000	1.842501e-02
4708.500000	1.842414e-02
4709.500000	1.842327e-02
4710.500000	1.840379e-02
4711.500000	1.836569e-02
4712.500000	1.832759e-02
4713.500000	1.828949e-02
4714.500000	1.825138e-02
4715.500000	1.821328e-02
4716.500000	1.817518e-02
4717.500000	1.813708e-02
4718.500000	1.809898e-02
4719.500000	1.806088e-02
4720.500000	1.803923e-02
4721.500000	1.803403e-02
4722.500000	1.802884e-02
4723.500000	1.802364e-02
4724.500000	1.801845e-02
4725.500000	1.801325e-02
4726.500000	1.800806e-02
4727.500000	1.800286e-02
4728.500000	1.799766e-02
4729.500000	1.799247e-02
4730.500000	1.797775e-02
4731.500000	1.795350e-02
4732.500000	1.792926e-02
4733.500000	1.790501e-02
4734.500000	1.788076e-02
4735.500000	1.785652e-02
4736.500000	1.783227e-02
4737.500000	1.780802e-02
4738.500000	1.778378e-02
4739.500000	1.775953e-02
4740.500000	1.773810e-02
4741.500000	1.771948e-02
4742.500000	1.770086e-02
4743.500000	1.768225e-02
4744.500000	1.766363e-02
4745.500000	1.764501e-02
4746.500000	1.762639e-02
4747.500000	1.760778e-02
4748.500000	1.758916e-02
4749.500000	1.757054e-02
4750.500000	1.756102e-02
4751.500000	1.756058e-02
4752.500000	1.756015e-02
4753.500000	1.755972e-02
4754.500000	1.755928e-02
4755.500000	1.755885e-02
4756.500000	1.755842e-02
4757.500000	1.755798e-02
4758.500000	1.755755e-02
4759.500000	1.755712e-02
4760.500000	1.754889e-02
4761.500000	1.753287e-02
4762.500000	1.751685e-02
4763.500000	1.750083e-02
4764.500000	1.748481e-02
4765.500000	1.746879e-02
4766.500000	1.745277e-02
4767.500000	1.743675e-02
4768.500000	1.742073e-02
4769.500000	1.740471e-02
4770.500000	1.739627e-02
4771.500000	1.739540e-02
4772.500000	1.739454e-02
4773.500000	1.739367e-02
4774.500000	1.739281e-02
4775.500000	1.739194e-02
4776.500000	1.739107e-02
4777.500000	1.739021e-02
4778.500000	1.738934e-02
4779.500000	1.738848e-02
4780.500000	1.738415e-02
4781.500000	1.737635e-02
4782.500000	1.736856e-02
4783.500000	1.736077e-02
4784.500000	1.735297e-02
4785.500000	1.734518e-02
4786.500000	1.733739e-02
4787.500000	1.732959e-02
4788.500000	1.732180e-02
4789.500000	1.731401e-02
4790.500000	1.730513e-02
4791.500000	1.729517e-02
4792.500000	1.728521e-02
4793.500000	1.727526e-02
4794.500000	1.726530e-02
4795.500000	1.725534e-02
4796.500000	1.724538e-02
4797.500000	1.723542e-02
4798.500000	1.722546e-02
4799.500000	1.721551e-02
4800.500000	1.720793e-02
4801.500000	1.720273e-02
4802.500000	1.719754e-02
4803.500000	1.719234e-02
4804.500000	1.718715e-02
4805.500000	1.718195e-02
4806.500000	1.717676e-02
4807.500000	1.717156e-02
4808.500000	1.716636e-02
4809.500000	1.716117e-02
4810.500000	1.715229e-02
4811.500000	1.713974e-02
4812.500000	1.712718e-02
4813.500000	1.711462e-02
4814.500000	1.710207e-02
4815.500000	1.708951e-02
4816.500000	1.707696e-02
4817.500000	1.706440e-02
4818.500000	1.705184e-02
4819.500000	1.703929e-02
4820.500000	1.702370e-02
4821.500000	1.700508e-02
4822.500000	1.698647e-02
4823.500000	1.696785e-02
4824.500000	1.694923e-02
4825.500000	1.693061e-02
4826.500000	1.691199e-02
4827.500000	1.689338e-02
4828.500000	1.687476e-02
4829.500000	1.685614e-02
4830.500000	1.685787e-02
4831.500000	1.687995e-02
4832.500000	1.690204e-02
4833.500000	1.692412e-02
4834.500000	1.694620e-02
4835.500000	1.696828e-02
4836.500000	1.699036e-02
4837.500000	1.701244e-02
4838.500000	1.703452e-02
4839.500000	1.705661e-02
4840.500000	1.706223e-02
4841.500000	1.705141e-02
4842.500000	1.704059e-02
4843.500000	1.702976e-02
4844.500000	1.701894e-02
4845.500000	1.700811e-02
4846.500000	1.699729e-02
4847.500000	1.698647e-02
4848.500000	1.697564e-02
4849.500000	1.696482e-02
4850.500000	1.694187e-02
4851.500000	1.690680e-02
4852.500000	1.687173e-02
4853.500000	1.683666e-02
4854.500000	1.680159e-02
4855.500000	1.676652e-02
4856.500000	1.673145e-02
4857.500000	1.669638e-02
4858.500000	1.666131e-02
4859.500000	1.662623e-02
4860.500000	1.659528e-02
4861.500000	1.656843e-02
4862.500000	1.654159e-02
4863.500000	1.651475e-02
4864.500000	1.648790e-02
4865.500000	1.646106e-02
4866.500000	1.643421e-02
4867.500000	1.640737e-02
4868.500000	1.638052e-02
4869.500000	1.635368e-02
4870.500000	1.633983e-02
4871.500000	1.633896e-02
4872.500000	1.633809e-02
4873.500000	1.633723e-02
4874.500000	1.633636e-02
4875.500000	1.633550e-02
4876.500000	1.633463e-02
4877.500000	1.633376e-02
4878.500000	1.633290e-02
4879.500000	1.633203e-02
4880.500000	1.632770e-02
4881.500000	1.631991e-02
4882.500000	1.631212e-02
4883.500000	1.630432e-02
4884.500000	1.629653e-02
4885.500000	1.628874e-02
4886.500000	1.628094e-02
4887.500000	1.627315e-02
4888.500000	1.626535e-02
4889.500000	1.625756e-02
4890.500000	1.625302e-02
4891.500000	1.625172e-02
4892.500000	1.625042e-02
4893.500000	1.624912e-02
4894.500000	1.624782e-02
4895.500000	1.624652e-02
4896.500000	1.624522e-02
4897.500000	1.624392e-02
4898.500000	1.624262e-02
4899.500000	1.624133e-02
4900.500000	1.623678e-02
4901.500000	1.622899e-02
4902.500000	1.622119e-02
4903.500000	1.621340e-02
4904.500000	1.620561e-02
4905.500000	1.619781e-02
4906.500000	1.619002e-02
4907.500000	1.618222e-02
4908.500000	1.617443e-02
4909.500000	1.616664e-02
4910.500000	1.616426e-02
4911.500000	1.616729e-02
4912.500000	1.617032e-02
4913.500000	1.617335e-02
4914.500000	1.617638e-02
4915.500000	1.617941e-02
4916.500000	1.618244e-02
4917.500000	1.618547e-02
4918.500000	1.618850e-02
4919.500000	1.619153e-02
4920.500000	1.617421e-02
4921.500000	1.613655e-02
4922.500000	1.609888e-02
4923.500000	1.606121e-02
4924.500000	1.602354e-02
4925.500000	1.598587e-02
4926.500000	1.594821e-02
4927.500000	1.591054e-02
4928.500000	1.587287e-02
4929.500000	1.583520e-02
4930.500000	1.580857e-02
4931.500000	1.579299e-02
4932.500000	1.577740e-02
4933.500000	1.576181e-02
4934.500000	1.574622e-02
4935.500000	1.573064e-02
4936.500000	1.571505e-02
4937.500000	1.569946e-02
4938.500000	1.568388e-02
4939.500000	1.566829e-02
4940.500000	1.565011e-02
4941.500000	1.562932e-02
4942.500000	1.560854e-02
4943.500000	1.558776e-02
4944.500000	1.556698e-02
4945.500000	1.554619e-02
4946.500000	1.552541e-02
4947.500000	1.550463e-02
4948.500000	1.548385e-02
4949.500000	1.546306e-02
4950.500000	1.545072e-02
4951.500000	1.544683e-02
4952.500000	1.544293e-02
4953.500000	1.543903e-02
4954.500000	1.543514e-02
4955.500000	1.543124e-02
4956.500000	1.542734e-02
4957.500000	1.542345e-02
4958.500000	1.541955e-02
4959.500000	1.541565e-02
4960.500000	1.540699e-02
4961.500000	1.539357e-02
4962.500000	1.538015e-02
4963.500000	1.536673e-02
4964.500000	1.535331e-02
4965.500000	1.533988e-02
4966.500000	1.532646e-02
4967.500000	1.531304e-02
4968.500000	1.529962e-02
4969.500000	1.528620e-02
4970.500000	1.527256e-02
4971.500000	1.525870e-02
4972.500000	1.524485e-02
4973.500000	1.523099e-02
4974.500000	1.521714e-02
4975.500000	1.520328e-02
4976.500000	1.518943e-02
4977.500000	1.517557e-02
4978.500000	1.516172e-02
4979.500000	1.514786e-02
4980.500000	1.514613e-02
4981.500000	1.515652e-02
4982.500000	1.516691e-02
4983.500000	1.517730e-02
4984.500000	1.518769e-02
4985.500000	1.519809e-02
4986.500000	1.520848e-02
4987.500000	1.521887e-02
4988.500000	1.522926e-02
4989.500000	1.523965e-02
4990.500000	1.523922e-02
4991.500000	1.522796e-02
4992.500000	1.521670e-02
4993.500000	1.520545e-02
4994.500000	1.519419e-02
4995.500000	1.518293e-02
4996.500000	1.517167e-02
4997.500000	1.516042e-02
4998.500000	1.514916e-02
4999.500000	1.513790e-02
5000.500000	1.512513e-02
5001.500000	1.511084e-02
5002.500000	1.509655e-02
5003.500000	1.508227e-02
5004.500000	1.506798e-02
5005.500000	1.505369e-02
5006.500000	1.503940e-02
5007.500000	1.502511e-02
5008.500000	1.501083e-02
5009.500000	1.499654e-02
5010.500000	1.499524e-02
5011.500000	1.500693e-02
5012.500000	1.501862e-02
5013.500000	1.503031e-02
5014.500000	1.504200e-02
5015.500000	1.505369e-02
5016.500000	1.506538e-02
5017.500000	1.507707e-02
5018.500000	1.508876e-02
5019.500000	1.510045e-02
5020.500000	1.510803e-02
5021.500000	1.511149e-02
5022.500000	1.511496e-02
5023.500000	1.511842e-02
5024.500000	1.512188e-02
5025.500000	1.512535e-02
5026.500000	1.512881e-02
5027.500000	1.513227e-02
5028.500000	1.513574e-02
5029.500000	1.513920e-02
5030.500000	1.513357e-02
5031.500000	1.511885e-02
5032.500000	1.510413e-02
5033.500000	1.508941e-02
5034.500000	1.507469e-02
5035.500000	1.505997e-02
5036.500000	1.504525e-02
5037.500000	1.503053e-02
5038.500000	1.501581e-02
5039.500000	1.500108e-02
5040.500000	1.499264e-02
5041.500000	1.499048e-02
5042.500000	1.498831e-02
5043.500000	1.498615e-02
5044.500000	1.498398e-02
5045.500000	1.498182e-02
5046.500000	1.497965e-02
5047.500000	1.497749e-02
5048.500000	1.497532e-02
5049.500000	1.497316e-02
5050.500000	1.495995e-02
5051.500000	1.493571e-02
5052.500000	1.491146e-02
5053.500000	1.488721e-02
5054.500000	1.486297e-02
5055.500000	1.483872e-02
5056.500000	1.481448e-02
5057.500000	1.479023e-02
5058.500000	1.476598e-02
5059.500000	1.474174e-02
5060.500000	1.471468e-02
5061.500000	1.468480e-02
5062.500000	1.465493e-02
5063.500000	1.462505e-02
5064.500000	1.459518e-02
5065.500000	1.456530e-02
5066.500000	1.453543e-02
5067.500000	1.450555e-02
5068.500000	1.447568e-02
5069.500000	1.444580e-02
5070.500000	1.441571e-02
5071.500000	1.438540e-02
5072.500000	1.435509e-02
5073.500000	1.432479e-02
5074.500000	1.429448e-02
5075.500000	1.426417e-02
5076.500000	1.423386e-02
5077.500000	1.420356e-02
5078.500000	1.417325e-02
5079.500000	1.414294e-02
5080.500000	1.411458e-02
5081.500000	1.408817e-02
5082.500000	1.406176e-02
5083.500000	1.403535e-02
5084.500000	1.400894e-02
5085.500000	1.398252e-02
5086.500000	1.395611e-02
5087.500000	1.392970e-02
5088.500000	1.390329e-02
5089.500000	1.387688e-02
5090.500000	1.385848e-02
5091.500000	1.384809e-02
5092.500000	1.383770e-02
5093.500000	1.382731e-02
5094.500000	1.381691e-02
5095.500000	1.380652e-02
5096.500000	1.379613e-02
5097.500000	1.378574e-02
5098.500000	1.377535e-02
5099.500000	1.376496e-02
5100.500000	1.376344e-02
5101.500000	1.377080e-02
5102.500000	1.377816e-02
5103.500000	1.378552e-02
5104.500000	1.379288e-02
5105.500000	1.380024e-02
5106.500000	1.380761e-02
5107.500000	1.381497e-02
5108.500000	1.382233e-02
5109.500000	1.382969e-02
5110.500000	1.383142e-02
5111.500000	1.382752e-02
5112.500000	1.382363e-02
5113.500000	1.381973e-02
5114.500000	1.381583e-02
5115.500000	1.381193e-02
5116.500000	1.380804e-02
5117.500000	1.380414e-02
5118.500000	1.380024e-02
5119.500000	1.379635e-02
5120.500000	1.379483e-02
5121.500000	1.379570e-02
5122.500000	1.379656e-02
5123.500000	1.379743e-02
5124.500000	1.379830e-02
5125.500000	1.379916e-02
5126.500000	1.380003e-02
5127.500000	1.380089e-02
5128.500000	1.380176e-02
5129.500000	1.380263e-02
5130.500000	1.380241e-02
5131.500000	1.380111e-02
5132.500000	1.379981e-02
5133.500000	1.379851e-02
5134.500000	1.379721e-02
5135.500000	1.379591e-02
5136.500000	1.379462e-02
5137.500000	1.379332e-02
5138.500000	1.379202e-02
5139.500000	1.379072e-02
5140.500000	1.377816e-02
5141.500000	1.375435e-02
5142.500000	1.373054e-02
5143.500000	1.370672e-02
5144.500000	1.368291e-02
5145.500000	1.365910e-02
5146.500000	1.363528e-02
5147.500000	1.361147e-02
5148.500000	1.358766e-02
5149.500000	1.356384e-02
5150.500000	1.354739e-02
5151.500000	1.353830e-02
5152.500000	1.352921e-02
5153.500000	1.352011e-02
5154.500000	1.351102e-02
5155.500000	1.350193e-02
5156.500000	1.349284e-02
5157.500000	1.348374e-02
5158.500000	1.347465e-02
5159.500000	1.346556e-02
5160.500000	1.345387e-02
5161.500000	1.343958e-02
5162.500000	1.342529e-02
5163.500000	1.341101e-02
5164.500000	1.339672e-02
5165.500000	1.338243e-02
5166.500000	1.336814e-02
5167.500000	1.335385e-02
5168.500000	1.333957e-02
5169.500000	1.332528e-02
5170.500000	1.332160e-02
5171.500000	1.332852e-02
5172.500000	1.333545e-02
5173.500000	1.334238e-02
5174.500000	1.334931e-02
5175.500000	1.335623e-02
5176.500000	1.336316e-02
5177.500000	1.337009e-02
5178.500000	1.337702e-02
5179.500000	1.338394e-02
5180.500000	1.338308e-02
5181.500000	1.337442e-02
5182.500000	1.336576e-02
5183.500000	1.335710e-02
5184.500000	1.334844e-02
5185.500000	1.333978e-02
5186.500000	1.333112e-02
5187.500000	1.332246e-02
5188.500000	1.331380e-02
5189.500000	1.330514e-02
5190.500000	1.330103e-02
5191.500000	1.330146e-02
5192.500000	1.330190e-02
5193.500000	1.330233e-02
5194.500000	1.330276e-02
5195.500000	1.330320e-02
5196.500000	1.330363e-02
5197.500000	1.330406e-02
5198.500000	1.330449e-02
5199.500000	1.330493e-02
5200.500000	1.329800e-02
5201.500000	1.328371e-02
5202.500000	1.326942e-02
5203.500000	1.325514e-02
5204.500000	1.324085e-02
5205.500000	1.322656e-02
5206.500000	1.321227e-02
5207.500000	1.319798e-02
5208.500000	1.318370e-02
5209.500000	1.316941e-02
5210.500000	1.315902e-02
5211.500000	1.315252e-02
5212.500000	1.314603e-02
5213.500000	1.313953e-02
5214.500000	1.313304e-02
5215.500000	1.312654e-02
5216.500000	1.312005e-02
5217.500000	1.311356e-02
5218.500000	1.310706e-02
5219.500000	1.310057e-02
5220.500000	1.309667e-02
5221.500000	1.309537e-02
5222.500000	1.309407e-02
5223.500000	1.309277e-02
5224.500000	1.309147e-02
5225.500000	1.309018e-02
5226.500000	1.308888e-02
5227.500000	1.308758e-02
5228.500000	1.308628e-02
5229.500000	1.308498e-02
5230.500000	1.308368e-02
5231.500000	1.308238e-02
5232.500000	1.308108e-02
5233.500000	1.307978e-02
5234.500000	1.307848e-02
5235.500000	1.307719e-02
5236.500000	1.307589e-02
5237.500000	1.307459e-02
5238.500000	1.307329e-02
5239.500000	1.307199e-02
5240.500000	1.305554e-02
5241.500000	1.302393e-02
5242.500000	1.299232e-02
5243.500000	1.296072e-02
5244.500000	1.292911e-02
5245.500000	1.289750e-02
5246.500000	1.286590e-02
5247.500000	1.283429e-02
5248.500000	1.280268e-02
5249.500000	1.277108e-02
5250.500000	1.275592e-02
5251.500000	1.275722e-02
5252.500000	1.275852e-02
5253.500000	1.275982e-02
5254.500000	1.276112e-02
5255.500000	1.276242e-02
5256.500000	1.276372e-02
5257.500000	1.276502e-02
5258.500000	1.276631e-02
5259.500000	1.276761e-02
5260.500000	1.276870e-02
5261.500000	1.276956e-02
5262.500000	1.277043e-02
5263.500000	1.277129e-02
5264.500000	1.277216e-02
5265.500000	1.277303e-02
5266.500000	1.277389e-02
5267.500000	1.277476e-02
5268.500000	1.277562e-02
5269.500000	1.277649e-02
5270.500000	1.276956e-02
5271.500000	1.275484e-02
5272.500000	1.274012e-02
5273.500000	1.272540e-02
5274.500000	1.271068e-02
5275.500000	1.269596e-02
5276.500000	1.268124e-02
5277.500000	1.266651e-02
5278.500000	1.265179e-02
5279.500000	1.263707e-02
5280.500000	1.262170e-02
5281.500000	1.260568e-02
5282.500000	1.258966e-02
5283.500000	1.257364e-02
5284.500000	1.255762e-02
5285.500000	1.254160e-02
5286.500000	1.252558e-02
5287.500000	1.250956e-02
5288.500000	1.249354e-02
5289.500000	1.247752e-02
5290.500000	1.247319e-02
5291.500000	1.248055e-02
5292.500000	1.248791e-02
5293.500000	1.249528e-02
5294.500000	1.250264e-02
5295.500000	1.251000e-02
5296.500000	1.251736e-02
5297.500000	1.252472e-02
5298.500000	1.253208e-02
5299.500000	1.253944e-02
5300.500000	1.254052e-02
5301.500000	1.253533e-02
5302.500000	1.253013e-02
5303.500000	1.252493e-02
5304.500000	1.251974e-02
5305.500000	1.251454e-02
5306.500000	1.250935e-02
5307.500000	1.250415e-02
5308.500000	1.249896e-02
5309.500000	1.249376e-02
5310.500000	1.248423e-02
5311.500000	1.247038e-02
5312.500000	1.245652e-02
5313.500000	1.244267e-02
5314.500000	1.242881e-02
5315.500000	1.241496e-02
5316.500000	1.240110e-02
5317.500000	1.238725e-02
5318.500000	1.237339e-02
5319.500000	1.235954e-02
5320.500000	1.234244e-02
5321.500000	1.232209e-02
5322.500000	1.230174e-02
5323.500000	1.228139e-02
5324.500000	1.226104e-02
5325.500000	1.224069e-02
5326.500000	1.222034e-02
5327.500000	1.219999e-02
5328.500000	1.217964e-02
5329.500000	1.215929e-02
5330.500000	1.214457e-02
5331.500000	1.213548e-02
5332.500000	1.212639e-02
5333.500000	1.211729e-02
5334.500000	1.210820e-02
5335.500000	1.209911e-02
5336.500000	1.209002e-02
5337.500000	1.208092e-02
5338.500000	1.207183e-02
5339.500000	1.206274e-02
5340.500000	1.205451e-02
5341.500000	1.204715e-02
5342.500000	1.203979e-02
5343.500000	1.203243e-02
5344.500000	1.202507e-02
5345.500000	1.201771e-02
5346.500000	1.201035e-02
5347.500000	1.200299e-02
5348.500000	1.199563e-02
5349.500000	1.198827e-02
5350.500000	1.197896e-02
5351.500000	1.196770e-02
5352.500000	1.195645e-02
5353.500000	1.194519e-02
5354.500000	1.193393e-02
5355.500000	1.192267e-02
5356.500000	1.191142e-02
5357.500000	1.190016e-02
5358.500000	1.188890e-02
5359.500000	1.187764e-02
5360.500000	1.186769e-02
5361.500000	1.185903e-02
5362.500000	1.185037e-02
5363.500000	1.184171e-02
5364.500000	1.183305e-02
5365.500000	1.182439e-02
5366.500000	1.181573e-02
5367.500000	1.180707e-02
5368.500000	1.179841e-02
5369.500000	1.178975e-02
5370.500000	1.178629e-02
5371.500000	1.178802e-02
5372.500000	1.178975e-02
5373.500000	1.179148e-02
5374.500000	1.179322e-02
5375.500000	1.179495e-02
5376.500000	1.179668e-02
5377.500000	1.179841e-02
5378.500000	1.180014e-02
5379.500000	1.180188e-02
5380.500000	1.179581e-02
5381.500000	1.178196e-02
5382.500000	1.176810e-02
5383.500000	1.175425e-02
5384.500000	1.174039e-02
5385.500000	1.172654e-02
5386.500000	1.171268e-02
5387.500000	1.169883e-02
5388.500000	1.168497e-02
5389.500000	1.167112e-02
5390.500000	1.165856e-02
5391.500000	1.164731e-02
5392.500000	1.163605e-02
5393.500000	1.162479e-02
5394.500000	1.161353e-02
5395.500000	1.160228e-02
5396.500000	1.159102e-02
5397.500000	1.157976e-02
5398.500000	1.156850e-02
5399.500000	1.155725e-02
5400.500000	1.154837e-02
5401.500000	1.154188e-02
5402.500000	1.153538e-02
5403.500000	1.152889e-02
5404.500000	1.152239e-02
5405.500000	1.151590e-02
5406.500000	1.150940e-02
5407.500000	1.150291e-02
5408.500000	1.149642e-02
5409.500000	1.148992e-02
5410.500000	1.148299e-02
5411.500000	1.147563e-02
5412.500000	1.146827e-02
5413.500000	1.146091e-02
5414.500000	1.145355e-02
5415.500000	1.144619e-02
5416.500000	1.143883e-02
5417.500000	1.143147e-02
5418.500000	1.142411e-02
5419.500000	1.141675e-02
5420.500000	1.141004e-02
5421.500000	1.140398e-02
5422.500000	1.139791e-02
5423.500000	1.139185e-02
5424.500000	1.138579e-02
5425.500000	1.137973e-02
5426.500000	1.137367e-02
5427.500000	1.136761e-02
5428.500000	1.136155e-02
5429.500000	1.135548e-02
5430.500000	1.135202e-02
5431.500000	1.135115e-02
5432.500000	1.135029e-02
5433.500000	1.134942e-02
5434.500000	1.134856e-02
5435.500000	1.134769e-02
5436.500000	1.134682e-02
5437.500000	1.134596e-02
5438.500000	1.134509e-02
5439.500000	1.134423e-02
5440.500000	1.134098e-02
5441.500000	1.133535e-02
5442.500000	1.132972e-02
5443.500000	1.132409e-02
5444.500000	1.131847e-02
5445.500000	1.131284e-02
5446.500000	1.130721e-02
5447.500000	1.130158e-02
5448.500000	1.129595e-02
5449.500000	1.129032e-02
5450.500000	1.128231e-02
5451.500000	1.127192e-02
5452.500000	1.126153e-02
5453.500000	1.125114e-02
5454.500000	1.124075e-02
5455.500000	1.123036e-02
5456.500000	1.121996e-02
5457.500000	1.120957e-02
5458.500000	1.119918e-02
5459.500000	1.118879e-02
5460.500000	1.117688e-02
5461.500000	1.116346e-02
5462.500000	1.115004e-02
5463.500000	1.113662e-02
5464.500000	1.112320e-02
5465.500000	1.110977e-02
5466.500000	1.109635e-02
5467.500000	1.108293e-02
5468.500000	1.106951e-02
5469.500000	1.105609e-02
5470.500000	1.104873e-02
5471.500000	1.104743e-02
5472.500000	1.104613e-02
5473.500000	1.104483e-02
5474.500000	1.104353e-02
5475.500000	1.104223e-02
5476.500000	1.104093e-02
5477.500000	1.103963e-02
5478.500000	1.103833e-02
5479.500000	1.103704e-02
5480.500000	1.103032e-02
5481.500000	1.101820e-02
5482.500000	1.100608e-02
5483.500000	1.099395e-02
5484.500000	1.098183e-02
5485.500000	1.096971e-02
5486.500000	1.095759e-02
5487.500000	1.094546e-02
5488.500000	1.093334e-02
5489.500000	1.092122e-02
5490.500000	1.091126e-02
5491.500000	1.090346e-02
5492.500000	1.089567e-02
5493.500000	1.088788e-02
5494.500000	1.088008e-02
5495.500000	1.087229e-02
5496.500000	1.086450e-02
5497.500000	1.085670e-02
5498.500000	1.084891e-02
5499.500000	1.084112e-02
5500.500000	1.083917e-02
5501.500000	1.084306e-02
5502.500000	1.084696e-02
5503.500000	1.085086e-02
5504.500000	1.085476e-02
5505.500000	1.085865e-02
5506.500000	1.086255e-02
5507.500000	1.086645e-02
5508.500000	1.087034e-02
5509.500000	1.087424e-02
5510.500000	1.087597e-02
5511.500000	1.087554e-02
5512.500000	1.087510e-02
5513.500000	1.087467e-02
5514.500000	1.087424e-02
5515.500000	1.087381e-02
5516.500000	1.087337e-02
5517.500000	1.087294e-02
5518.500000	1.087251e-02
5519.500000	1.087207e-02
5520.500000	1.086731e-02
5521.500000	1.085822e-02
5522.500000	1.084913e-02
5523.500000	1.084003e-02
5524.500000	1.083094e-02
5525.500000	1.082185e-02
5526.500000	1.081276e-02
5527.500000	1.080366e-02
5528.500000	1.079457e-02
5529.500000	1.078548e-02
5530.500000	1.077639e-02
5531.500000	1.076730e-02
5532.500000	1.075820e-02
5533.500000	1.074911e-02
5534.500000	1.074002e-02
5535.500000	1.073093e-02
5536.500000	1.072183e-02
5537.500000	1.071274e-02
5538.500000	1.070365e-02
5539.500000	1.069456e-02
5540.500000	1.068395e-02
5541.500000	1.067183e-02
5542.500000	1.065970e-02
5543.500000	1.064758e-02
5544.500000	1.063546e-02
5545.500000	1.062333e-02
5546.500000	1.061121e-02
5547.500000	1.059909e-02
5548.500000	1.058696e-02
5549.500000	1.057484e-02
5550.500000	1.056964e-02
5551.500000	1.057138e-02
5552.500000	1.057311e-02
5553.500000	1.057484e-02
5554.500000	1.057657e-02
5555.500000	1.057830e-02
5556.500000	1.058004e-02
5557.500000	1.058177e-02
5558.500000	1.058350e-02
5559.500000	1.058523e-02
5560.500000	1.058913e-02
5561.500000	1.059519e-02
5562.500000	1.060125e-02
5563.500000	1.060731e-02
5564.500000	1.061337e-02
5565.500000	1.061944e-02
5566.500000	1.062550e-02
5567.500000	1.063156e-02
5568.500000	1.063762e-02
5569.500000	1.064368e-02
5570.500000	1.063784e-02
5571.500000	1.062009e-02
5572.500000	1.060233e-02
5573.500000	1.058458e-02
5574.500000	1.056683e-02
5575.500000	1.054908e-02
5576.500000	1.053133e-02
5577.500000	1.051358e-02
5578.500000	1.049582e-02
5579.500000	1.047807e-02
5580.500000	1.047374e-02
5581.500000	1.048283e-02
5582.500000	1.049193e-02
5583.500000	1.050102e-02
5584.500000	1.051011e-02
5585.500000	1.051920e-02
5586.500000	1.052830e-02
5587.500000	1.053739e-02
5588.500000	1.054648e-02
5589.500000	1.055557e-02
5590.500000	1.055427e-02
5591.500000	1.054258e-02
5592.500000	1.053089e-02
5593.500000	1.051920e-02
5594.500000	1.050751e-02
5595.500000	1.049582e-02
5596.500000	1.048413e-02
5597.500000	1.047244e-02
5598.500000	1.046075e-02
5599.500000	1.044906e-02
5600.500000	1.043759e-02
5601.500000	1.042633e-02
5602.500000	1.041507e-02
5603.500000	1.040382e-02
5604.500000	1.039256e-02
5605.500000	1.038130e-02
5606.500000	1.037005e-02
5607.500000	1.035879e-02
5608.500000	1.034753e-02
5609.500000	1.033627e-02
5610.500000	1.032220e-02
5611.500000	1.030532e-02
5612.500000	1.028843e-02
5613.500000	1.027155e-02
5614.500000	1.025466e-02
5615.500000	1.023777e-02
5616.500000	1.022089e-02
5617.500000	1.020400e-02
5618.500000	1.018712e-02
5619.500000	1.017023e-02
5620.500000	1.016504e-02
5621.500000	1.017153e-02
5622.500000	1.017802e-02
5623.500000	1.018452e-02
5624.500000	1.019101e-02
5625.500000	1.019751e-02
5626.500000	1.020400e-02
5627.500000	1.021050e-02
5628.500000	1.021699e-02
5629.500000	1.022349e-02
5630.500000	1.021872e-02
5631.500000	1.020270e-02
5632.500000	1.018668e-02
5633.500000	1.017066e-02
5634.500000	1.015464e-02
5635.500000	1.013862e-02
5636.500000	1.012260e-02
5637.500000	1.010658e-02
5638.500000	1.009056e-02
5639.500000	1.007454e-02
5640.500000	1.006220e-02
5641.500000	1.005355e-02
5642.500000	1.004489e-02
5643.500000	1.003623e-02
5644.500000	1.002757e-02
5645.500000	1.001891e-02
5646.500000	1.001025e-02
5647.500000	1.000159e-02
5648.500000	9.992930e-03
5649.500000	9.984270e-03
5650.500000	9.977776e-03
5651.500000	9.973446e-03
5652.500000	9.969116e-03
5653.500000	9.964787e-03
5654.500000	9.960457e-03
5655.500000	9.956127e-03
5656.500000	9.951798e-03
5657.500000	9.947468e-03
5658.500000	9.943138e-03
5659.500000	9.938809e-03
5660.500000	9.936427e-03
5661.500000	9.935994e-03
5662.500000	9.935561e-03
5663.500000	9.935128e-03
5664.500000	9.934695e-03
5665.500000	9.934262e-03
5666.500000	9.933829e-03
5667.500000	9.933396e-03
5668.500000	9.932964e-03
5669.500000	9.932531e-03
5670.500000	9.930149e-03
5671.500000	9.925820e-03
5672.500000	9.921490e-03
5673.500000	9.917160e-03
5674.500000	9.912830e-03
5675.500000	9.908501e-03
5676.500000	9.904171e-03
5677.500000	9.899841e-03
5678.500000	9.895512e-03
5679.500000	9.891182e-03
5680.500000	9.885337e-03
5681.500000	9.877976e-03
5682.500000	9.870616e-03
5683.500000	9.863255e-03
5684.500000	9.855895e-03
5685.500000	9.848535e-03
5686.500000	9.841174e-03
5687.500000	9.833814e-03
5688.500000	9.826453e-03
5689.500000	9.819093e-03
5690.500000	9.812815e-03
5691.500000	9.807619e-03
5692.500000	9.802423e-03
5693.500000	9.797228e-03
5694.500000	9.792032e-03
5695.500000	9.786836e-03
5696.500000	9.781641e-03
5697.500000	9.776445e-03
5698.500000	9.771250e-03
5699.500000	9.766054e-03
5700.500000	9.763023e-03
5701.500000	9.762157e-03
5702.500000	9.761291e-03
5703.500000	9.760425e-03
5704.500000	9.759559e-03
5705.500000	9.758693e-03
5706.500000	9.757827e-03
5707.500000	9.756962e-03
5708.500000	9.756096e-03
5709.500000	9.755230e-03
5710.500000	9.753281e-03
5711.500000	9.750251e-03
5712.500000	9.747220e-03
5713.500000	9.744189e-03
5714.500000	9.741158e-03
5715.500000	9.738127e-03
5716.500000	9.735097e-03
5717.500000	9.732066e-03
5718.500000	9.729035e-03
5719.500000	9.726004e-03
5720.500000	9.719943e-03
5721.500000	9.710850e-03
5722.500000	9.701758e-03
5723.500000	9.692666e-03
5724.500000	9.683573e-03
5725.500000	9.674481e-03
5726.500000	9.665389e-03
5727.500000	9.656296e-03
5728.500000	9.647204e-03
5729.500000	9.638111e-03
5730.500000	9.633349e-03
5731.500000	9.632916e-03
5732.500000	9.632483e-03
5733.500000	9.632050e-03
5734.500000	9.631617e-03
5735.500000	9.631184e-03
5736.500000	9.630751e-03
5737.500000	9.630318e-03
5738.500000	9.629885e-03
5739.500000	9.629452e-03
5740.500000	9.630751e-03
5741.500000	9.633782e-03
5742.500000	9.636813e-03
5743.500000	9.639843e-03
5744.500000	9.642874e-03
5745.500000	9.645905e-03
5746.500000	9.648936e-03
5747.500000	9.651966e-03
5748.500000	9.654997e-03
5749.500000	9.658028e-03
5750.500000	9.653265e-03
5751.500000	9.640709e-03
5752.500000	9.628153e-03
5753.500000	9.615597e-03
5754.500000	9.603041e-03
5755.500000	9.590485e-03
5756.500000	9.577929e-03
5757.500000	9.565373e-03
5758.500000	9.552817e-03
5759.500000	9.540260e-03
5760.500000	9.533333e-03
5761.500000	9.532034e-03
5762.500000	9.530735e-03
5763.500000	9.529436e-03
5764.500000	9.528137e-03
5765.500000	9.526838e-03
5766.500000	9.525539e-03
5767.500000	9.524241e-03
5768.500000	9.522942e-03
5769.500000	9.521643e-03
5770.500000	9.516664e-03
5771.500000	9.508004e-03
5772.500000	9.499345e-03
5773.500000	9.490685e-03
5774.500000	9.482026e-03
5775.500000	9.473367e-03
5776.500000	9.464707e-03
5777.500000	9.456048e-03
5778.500000	9.447389e-03
5779.500000	9.438729e-03
5780.500000	9.435265e-03
5781.500000	9.436997e-03
5782.500000	9.438729e-03
5783.500000	9.440461e-03
5784.500000	9.442193e-03
5785.500000	9.443925e-03
5786.500000	9.445657e-03
5787.500000	9.447389e-03
5788.500000	9.449120e-03
5789.500000	9.450852e-03
5790.500000	9.448254e-03
5791.500000	9.441327e-03
5792.500000	9.434399e-03
5793.500000	9.427472e-03
5794.500000	9.420544e-03
5795.500000	9.413617e-03
5796.500000	9.406689e-03
5797.500000	9.399762e-03
5798.500000	9.392834e-03
5799.500000	9.385907e-03
5800.500000	9.382660e-03
5801.500000	9.383093e-03
5802.500000	9.383526e-03
5803.500000	9.383959e-03
5804.500000	9.384392e-03
5805.500000	9.384824e-03
5806.500000	9.385257e-03
5807.500000	9.385690e-03
5808.500000	9.386123e-03
5809.500000	9.386556e-03
5810.500000	9.381794e-03
5811.500000	9.371835e-03
5812.500000	9.361877e-03
5813.500000	9.351919e-03
5814.500000	9.341961e-03
5815.500000	9.332002e-03
5816.500000	9.322044e-03
5817.500000	9.312086e-03
5818.500000	9.302127e-03
5819.500000	9.292169e-03
5820.500000	9.283510e-03
5821.500000	9.276149e-03
5822.500000	9.268789e-03
5823.500000	9.261428e-03
5824.500000	9.254068e-03
5825.500000	9.246707e-03
5826.500000	9.239347e-03
5827.500000	9.231986e-03
5828.500000	9.224626e-03
5829.500000	9.217265e-03
5830.500000	9.212719e-03
5831.500000	9.210987e-03
5832.500000	9.209255e-03
5833.500000	9.207524e-03
5834.500000	9.205792e-03
5835.500000	9.204060e-03
5836.500000	9.202328e-03
5837.500000	9.200596e-03
5838.500000	9.198864e-03
5839.500000	9.197132e-03
5840.500000	9.193885e-03
5841.500000	9.189122e-03
5842.500000	9.184360e-03
5843.500000	9.179597e-03
5844.500000	9.174834e-03
5845.500000	9.170072e-03
5846.500000	9.165309e-03
5847.500000	9.160546e-03
5848.500000	9.155784e-03
5849.500000	9.151021e-03
5850.500000	9.143661e-03
5851.500000	9.133702e-03
5852.500000	9.123744e-03
5853.500000	9.113786e-03
5854.500000	9.103827e-03
5855.500000	9.093869e-03
5856.500000	9.083911e-03
5857.500000	9.073953e-03
5858.500000	9.063994e-03
5859.500000	9.054036e-03
5860.500000	9.048840e-03
5861.500000	9.048407e-03
5862.500000	9.047974e-03
5863.500000	9.047541e-03
5864.500000	9.047108e-03
5865.500000	9.046676e-03
5866.500000	9.046243e-03
5867.500000	9.045810e-03
5868.500000	9.045377e-03
5869.500000	9.044944e-03
5870.500000	9.038449e-03
5871.500000	9.025893e-03
5872.500000	9.013337e-03
5873.500000	9.000781e-03
5874.500000	8.988225e-03
5875.500000	8.975669e-03
5876.500000	8.963112e-03
5877.500000	8.950556e-03
5878.500000	8.938000e-03
5879.500000	8.925444e-03
5880.500000	8.916135e-03
5881.500000	8.910074e-03
5882.500000	8.904012e-03
5883.500000	8.897951e-03
5884.500000	8.891889e-03
5885.500000	8.885827e-03
5886.500000	8.879766e-03
5887.500000	8.873704e-03
5888.500000	8.867643e-03
5889.500000	8.861581e-03
5890.500000	8.858117e-03
5891.500000	8.857251e-03
5892.500000	8.856386e-03
5893.500000	8.855520e-03
5894.500000	8.854654e-03
5895.500000	8.853788e-03
5896.500000	8.852922e-03
5897.500000	8.852056e-03
5898.500000	8.851190e-03
5899.500000	8.850324e-03
5900.500000	8.847943e-03
5901.500000	8.844046e-03
5902.500000	8.840149e-03
5903.500000	8.836252e-03
5904.500000	8.832356e-03
5905.500000	8.828459e-03
5906.500000	8.824562e-03
5907.500000	8.820666e-03
5908.500000	8.816769e-03
5909.500000	8.812872e-03
5910.500000	8.804429e-03
5911.500000	8.791440e-03
5912.500000	8.778451e-03
5913.500000	8.765462e-03
5914.500000	8.752473e-03
5915.500000	8.739484e-03
5916.500000	8.726495e-03
5917.500000	8.713506e-03
5918.500000	8.700517e-03
5919.500000	8.687528e-03
5920.500000	8.682332e-03
5921.500000	8.684930e-03
5922.500000	8.687528e-03
5923.500000	8.690125e-03
5924.500000	8.692723e-03
5925.500000	8.695321e-03
5926.500000	8.697919e-03
5927.500000	8.700517e-03
5928.500000	8.703114e-03
5929.500000	8.705712e-03
5930.500000	8.703764e-03
5931.500000	8.697269e-03
5932.500000	8.690775e-03
5933.500000	8.684280e-03
5934.500000	8.677786e-03
5935.500000	8.671291e-03
5936.500000	8.664797e-03
5937.500000	8.658302e-03
5938.500000	8.651808e-03
5939.500000	8.645313e-03
5940.500000	8.636221e-03
5941.500000	8.624531e-03
5942.500000	8.612840e-03
5943.500000	8.601150e-03
5944.500000	8.589460e-03
5945.500000	8.577770e-03
5946.500000	8.566080e-03
5947.500000	8.554390e-03
5948.500000	8.542699e-03
5949.500000	8.531009e-03
5950.500000	8.522783e-03
5951.500000	8.518020e-03
5952.500000	8.513257e-03
5953.500000	8.508495e-03
5954.500000	8.503732e-03
5955.500000	8.498969e-03
5956.500000	8.494207e-03
5957.500000	8.489444e-03
5958.500000	8.484681e-03
5959.500000	8.479919e-03
5960.500000	8.480135e-03
5961.500000	8.485331e-03
5962.500000	8.490527e-03
5963.500000	8.495722e-03
5964.500000	8.500918e-03
5965.500000	8.506113e-03
5966.500000	8.511309e-03
5967.500000	8.516505e-03
5968.500000	8.521700e-03
5969.500000	8.526896e-03
5970.500000	8.524298e-03
5971.500000	8.513907e-03
5972.500000	8.503516e-03
5973.500000	8.493124e-03
5974.500000	8.482733e-03
5975.500000	8.472342e-03
5976.500000	8.461951e-03
5977.500000	8.451559e-03
5978.500000	8.441168e-03
5979.500000	8.430777e-03
5980.500000	8.424499e-03
5981.500000	8.422334e-03
5982.500000	8.420169e-03
5983.500000	8.418004e-03
5984.500000	8.415839e-03
5985.500000	8.413675e-03
5986.500000	8.411510e-03
5987.500000	8.409345e-03
5988.500000	8.407180e-03
5989.500000	8.405015e-03
5990.500000	8.404799e-03
5991.500000	8.406531e-03
5992.500000	8.408262e-03
5993.500000	8.409994e-03
5994.500000	8.411726e-03
5995.500000	8.413458e-03
5996.500000	8.415190e-03
5997.500000	8.416922e-03
5998.500000	8.418654e-03
5999.500000	8.420386e-03
6000.500000	8.417138e-03
6001.500000	8.408912e-03
6002.500000	8.400685e-03
6003.500000	8.392459e-03
6004.500000	8.384233e-03
6005.500000	8.376006e-03
6006.500000	8.367780e-03
6007.500000	8.359553e-03
6008.500000	8.351327e-03
6009.500000	8.343101e-03
6010.500000	8.336822e-03
6011.500000	8.332493e-03
6012.500000	8.328163e-03
6013.500000	8.323833e-03
6014.500000	8.319504e-03
6015.500000	8.315174e-03
6016.500000	8.310844e-03
6017.500000	8.306515e-03
6018.500000	8.302185e-03
6019.500000	8.297855e-03
6020.500000	8.293093e-03
6021.500000	8.287897e-03
6022.500000	8.282701e-03
6023.500000	8.277506e-03
6024.500000	8.272310e-03
6025.500000	8.267114e-03
6026.500000	8.261919e-03
6027.500000	8.256723e-03
6028.500000	8.251528e-03
6029.500000	8.246332e-03
6030.500000	8.238538e-03
6031.500000	8.228147e-03
6032.500000	8.217756e-03
6033.500000	8.207365e-03
6034.500000	8.196973e-03
6035.500000	8.186582e-03
6036.500000	8.176191e-03
6037.500000	8.165800e-03
6038.500000	8.155408e-03
6039.500000	8.145017e-03
6040.500000	8.139605e-03
6041.500000	8.139172e-03
6042.500000	8.138739e-03
6043.500000	8.138306e-03
6044.500000	8.137873e-03
6045.500000	8.137440e-03
6046.500000	8.137007e-03
6047.500000	8.136574e-03
6048.500000	8.136141e-03
6049.500000	8.135708e-03
6050.500000	8.135275e-03
6051.500000	8.134842e-03
6052.500000	8.134409e-03
6053.500000	8.133976e-03
6054.500000	8.133543e-03
6055.500000	8.133110e-03
6056.500000	8.132677e-03
6057.500000	8.132245e-03
6058.500000	8.131812e-03
6059.500000	8.131379e-03
6060.500000	8.128781e-03
6061.500000	8.124018e-03
6062.500000	8.119255e-03
6063.500000	8.114493e-03
6064.500000	8.109730e-03
6065.500000	8.104967e-03
6066.500000	8.100205e-03
6067.500000	8.095442e-03
6068.500000	8.090679e-03
6069.500000	8.085917e-03
6070.500000	8.082886e-03
6071.500000	8.081587e-03
6072.500000	8.080288e-03
6073.500000	8.078989e-03
6074.500000	8.077690e-03
6075.500000	8.076391e-03
6076.500000	8.075093e-03
6077.500000	8.073794e-03
6078.500000	8.072495e-03
6079.500000	8.071196e-03
6080.500000	8.067299e-03
6081.500000	8.060805e-03
6082.500000	8.054310e-03
6083.500000	8.047816e-03
6084.500000	8.041321e-03
6085.500000	8.034826e-03
6086.500000	8.028332e-03
6087.500000	8.021837e-03
6088.500000	8.015343e-03
6089.500000	8.008848e-03
6090.500000	8.002570e-03
6091.500000	7.996509e-03
6092.500000	7.990447e-03
6093.500000	7.984386e-03
6094.500000	7.978324e-03
6095.500000	7.972262e-03
6096.500000	7.966201e-03
6097.500000	7.960139e-03
6098.500000	7.954078e-03
6099.500000	7.948016e-03
6100.500000	7.940872e-03
6101.500000	7.932646e-03
6102.500000	7.924419e-03
6103.500000	7.916193e-03
6104.500000	7.907966e-03
6105.500000	7.899740e-03
6106.500000	7.891514e-03
6107.500000	7.883287e-03
6108.500000	7.875061e-03
6109.500000	7.866834e-03
6110.500000	7.862288e-03
6111.500000	7.861422e-03
6112.500000	7.860556e-03
6113.500000	7.859690e-03
6114.500000	7.858824e-03
6115.500000	7.857959e-03
6116.500000	7.857093e-03
6117.500000	7.856227e-03
6118.500000	7.855361e-03
6119.500000	7.854495e-03
6120.500000	7.852330e-03
6121.500000	7.848866e-03
6122.500000	7.845402e-03
6123.500000	7.841939e-03
6124.500000	7.838475e-03
6125.500000	7.835011e-03
6126.500000	7.831547e-03
6127.500000	7.828084e-03
6128.500000	7.824620e-03
6129.500000	7.821156e-03
6130.500000	7.815095e-03
6131.500000	7.806435e-03
6132.500000	7.797776e-03
6133.500000	7.789116e-03
6134.500000	7.780457e-03
6135.500000	7.771798e-03
6136.500000	7.763138e-03
6137.500000	7.754479e-03
6138.500000	7.745819e-03
6139.500000	7.737160e-03
6140.500000	7.733047e-03
6141.500000	7.733480e-03
6142.500000	7.733913e-03
6143.500000	7.734346e-03
6144.500000	7.734779e-03
6145.500000	7.735212e-03
6146.500000	7.735645e-03
6147.500000	7.736078e-03
6148.500000	7.736511e-03
6149.500000	7.736944e-03
6150.500000	7.735645e-03
6151.500000	7.732614e-03
6152.500000	7.729583e-03
6153.500000	7.726552e-03
6154.500000	7.723522e-03
6155.500000	7.720491e-03
6156.500000	7.717460e-03
6157.500000	7.714429e-03
6158.500000	7.711398e-03
6159.500000	7.708368e-03
6160.500000	7.701657e-03
6161.500000	7.691265e-03
6162.500000	7.680874e-03
6163.500000	7.670483e-03
6164.500000	7.660092e-03
6165.500000	7.649700e-03
6166.500000	7.639309e-03
6167.500000	7.628918e-03
6168.500000	7.618527e-03
6169.500000	7.608135e-03
6170.500000	7.600991e-03
6171.500000	7.597095e-03
6172.500000	7.593198e-03
6173.500000	7.589301e-03
6174.500000	7.585404e-03
6175.500000	7.581508e-03
6176.500000	7.577611e-03
6177.500000	7.573714e-03
6178.500000	7.569817e-03
6179.500000	7.565921e-03
6180.500000	7.565055e-03
6181.500000	7.567220e-03
6182.500000	7.569385e-03
6183.500000	7.571549e-03
6184.500000	7.573714e-03
6185.500000	7.575879e-03
6186.500000	7.578044e-03
6187.500000	7.580209e-03
6188.500000	7.582374e-03
6189.500000	7.584538e-03
6190.500000	7.584322e-03
6191.500000	7.581724e-03
6192.500000	7.579126e-03
6193.500000	7.576529e-03
6194.500000	7.573931e-03
6195.500000	7.571333e-03
6196.500000	7.568735e-03
6197.500000	7.566137e-03
6198.500000	7.563539e-03
6199.500000	7.560942e-03
6200.500000	7.557911e-03
6201.500000	7.554447e-03
6202.500000	7.550983e-03
6203.500000	7.547520e-03
6204.500000	7.544056e-03
6205.500000	7.540592e-03
6206.500000	7.537128e-03
6207.500000	7.533665e-03
6208.500000	7.530201e-03
6209.500000	7.526737e-03
6210.500000	7.524789e-03
6211.500000	7.524356e-03
6212.500000	7.523923e-03
6213.500000	7.523490e-03
6214.500000	7.523057e-03
6215.500000	7.522624e-03
6216.500000	7.522191e-03
6217.500000	7.521758e-03
6218.500000	7.521325e-03
6219.500000	7.520892e-03
6220.500000	7.517428e-03
6221.500000	7.510934e-03
6222.500000	7.504439e-03
6223.500000	7.497945e-03
6224.500000	7.491450e-03
6225.500000	7.484956e-03
6226.500000	7.478461e-03
6227.500000	7.471966e-03
6228.500000	7.465472e-03
6229.500000	7.458977e-03
6230.500000	7.452916e-03
6231.500000	7.447287e-03
6232.500000	7.441659e-03
6233.500000	7.436030e-03
6234.500000	7.430401e-03
6235.500000	7.424773e-03
6236.500000	7.419144e-03
6237.500000	7.413516e-03
6238.500000	7.407887e-03
6239.500000	7.402258e-03
6240.500000	7.397712e-03
6241.500000	7.394248e-03
6242.500000	7.390785e-03
6243.500000	7.387321e-03
6244.500000	7.383857e-03
6245.500000	7.380393e-03
6246.500000	7.376930e-03
6247.500000	7.373466e-03
6248.500000	7.370002e-03
6249.500000	7.366538e-03
6250.500000	7.362858e-03
6251.500000	7.358961e-03
6252.500000	7.355065e-03
6253.500000	7.351168e-03
6254.500000	7.347271e-03
6255.500000	7.343375e-03
6256.500000	7.339478e-03
6257.500000	7.335581e-03
6258.500000	7.331684e-03
6259.500000	7.327788e-03
6260.500000	7.324973e-03
6261.500000	7.323242e-03
6262.500000	7.321510e-03
6263.500000	7.319778e-03
6264.500000	7.318046e-03
6265.500000	7.316314e-03
6266.500000	7.314582e-03
6267.500000	7.312850e-03
6268.500000	7.311118e-03
6269.500000	7.309386e-03
6270.500000	7.308521e-03
6271.500000	7.308521e-03
6272.500000	7.308521e-03
6273.500000	7.308521e-03
6274.500000	7.308521e-03
6275.500000	7.308521e-03
6276.500000	7.308521e-03
6277.500000	7.308521e-03
6278.500000	7.308521e-03
6279.500000	7.308521e-03
6280.500000	7.305923e-03
6281.500000	7.300727e-03
6282.500000	7.295531e-03
6283.500000	7.290336e-03
6284.500000	7.285140e-03
6285.500000	7.279945e-03
6286.500000	7.274749e-03
6287.500000	7.269553e-03
6288.500000	7.264358e-03
6289.500000	7.259162e-03
6290.500000	7.255698e-03
6291.500000	7.253966e-03
6292.500000	7.252235e-03
6293.500000	7.250503e-03
6294.500000	7.248771e-03
6295.500000	7.247039e-03
6296.500000	7.245307e-03
6297.500000	7.243575e-03
6298.500000	7.241843e-03
6299.500000	7.240111e-03
6300.500000	7.237081e-03
6301.500000	7.232751e-03
6302.500000	7.228421e-03
6303.500000	7.224092e-03
6304.500000	7.219762e-03
6305.500000	7.215432e-03
6306.500000	7.211102e-03
6307.500000	7.206773e-03
6308.500000	7.202443e-03
6309.500000	7.198113e-03
6310.500000	7.194217e-03
6311.500000	7.190753e-03
6312.500000	7.187289e-03
6313.500000	7.183825e-03
6314.500000	7.180362e-03
6315.500000	7.176898e-03
6316.500000	7.173434e-03
6317.500000	7.169970e-03
6318.500000	7.166507e-03
6319.500000	7.163043e-03
6320.500000	7.159363e-03
6321.500000	7.155466e-03
6322.500000	7.151569e-03
6323.500000	7.147672e-03
6324.500000	7.143776e-03
6325.500000	7.139879e-03
6326.500000	7.135982e-03
6327.500000	7.132086e-03
6328.500000	7.128189e-03
6329.500000	7.124292e-03
6330.500000	7.120179e-03
6331.500000	7.115849e-03
6332.500000	7.111520e-03
6333.500000	7.107190e-03
6334.500000	7.102860e-03
6335.500000	7.098530e-03
6336.500000	7.094201e-03
6337.500000	7.089871e-03
6338.500000	7.085541e-03
6339.500000	7.081212e-03
6340.500000	7.075583e-03
6341.500000	7.068656e-03
6342.500000	7.061728e-03
6343.500000	7.054801e-03
6344.500000	7.047873e-03
6345.500000	7.040946e-03
6346.500000	7.034018e-03
6347.500000	7.027091e-03
6348.500000	7.020163e-03
6349.500000	7.013236e-03
6350.500000	7.007607e-03
6351.500000	7.003277e-03
6352.500000	6.998948e-03
6353.500000	6.994618e-03
6354.500000	6.990288e-03
6355.500000	6.985958e-03
6356.500000	6.981629e-03
6357.500000	6.977299e-03
6358.500000	6.972969e-03
6359.500000	6.968640e-03
6360.500000	6.963228e-03
6361.500000	6.956733e-03
6362.500000	6.950239e-03
6363.500000	6.943744e-03
6364.500000	6.937249e-03
6365.500000	6.930755e-03
6366.500000	6.924260e-03
6367.500000	6.917766e-03
6368.500000	6.911271e-03
6369.500000	6.904777e-03
6370.500000	6.900447e-03
6371.500000	6.898282e-03
6372.500000	6.896117e-03
6373.500000	6.893953e-03
6374.500000	6.891788e-03
6375.500000	6.889623e-03
6376.500000	6.887458e-03
6377.500000	6.885293e-03
6378.500000	6.883128e-03
6379.500000	6.880963e-03
6380.500000	6.875551e-03
6381.500000	6.866892e-03
6382.500000	6.858233e-03
6383.500000	6.849573e-03
6384.500000	6.840914e-03
6385.500000	6.832254e-03
6386.500000	6.823595e-03
6387.500000	6.814936e-03
6388.500000	6.806276e-03
6389.500000	6.797617e-03
6390.500000	6.789174e-03
6391.500000	6.780948e-03
6392.500000	6.772721e-03
6393.500000	6.764495e-03
6394.500000	6.756268e-03
6395.500000	6.748042e-03
6396.500000	6.739815e-03
6397.500000	6.731589e-03
6398.500000	6.723363e-03
6399.500000	6.715136e-03
6400.500000	6.707559e-03
6401.500000	6.700632e-03
6402.500000	6.693704e-03
6403.500000	6.686777e-03
6404.500000	6.679849e-03
6405.500000	6.672922e-03
6406.500000	6.665994e-03
6407.500000	6.659067e-03
6408.500000	6.652139e-03
6409.500000	6.645212e-03
6410.500000	6.640016e-03
6411.500000	6.636552e-03
6412.500000	6.633089e-03
6413.500000	6.629625e-03
6414.500000	6.626161e-03
6415.500000	6.622697e-03
6416.500000	6.619234e-03
6417.500000	6.615770e-03
6418.500000	6.612306e-03
6419.500000	6.608842e-03
6420.500000	6.601049e-03
6421.500000	6.588926e-03
6422.500000	6.576803e-03
6423.500000	6.564679e-03
6424.500000	6.552556e-03
6425.500000	6.540433e-03
6426.500000	6.528310e-03
6427.500000	6.516187e-03
6428.500000	6.504064e-03
6429.500000	6.491941e-03
6430.500000	6.485879e-03
6431.500000	6.485879e-03
6432.500000	6.485879e-03
6433.500000	6.485879e-03
6434.500000	6.485879e-03
6435.500000	6.485879e-03
6436.500000	6.485879e-03
6437.500000	6.485879e-03
6438.500000	6.485879e-03
6439.500000	6.485879e-03
6440.500000	6.484147e-03
6441.500000	6.480683e-03
6442.500000	6.477220e-03
6443.500000	6.473756e-03
6444.500000	6.470292e-03
6445.500000	6.466828e-03
6446.500000	6.463365e-03
6447.500000	6.459901e-03
6448.500000	6.456437e-03
6449.500000	6.452973e-03
6450.500000	6.445829e-03
6451.500000	6.435005e-03
6452.500000	6.424181e-03
6453.500000	6.413357e-03
6454.500000	6.402532e-03
6455.500000	6.391708e-03
6456.500000	6.380884e-03
6457.500000	6.370060e-03
6458.500000	6.359236e-03
6459.500000	6.348411e-03
6460.500000	6.336505e-03
6461.500000	6.323516e-03
6462.500000	6.310526e-03
6463.500000	6.297537e-03
6464.500000	6.284548e-03
6465.500000	6.271559e-03
6466.500000	6.258570e-03
6467.500000	6.245581e-03
6468.500000	6.232592e-03
6469.500000	6.219603e-03
6470.500000	6.211377e-03
6471.500000	6.207913e-03
6472.500000	6.204449e-03
6473.500000	6.200985e-03
6474.500000	6.197522e-03
6475.500000	6.194058e-03
6476.500000	6.190594e-03
6477.500000	6.187130e-03
6478.500000	6.183667e-03
6479.500000	6.180203e-03
6480.500000	6.175440e-03
6481.500000	6.169379e-03
6482.500000	6.163317e-03
6483.500000	6.157255e-03
6484.500000	6.151194e-03
6485.500000	6.145132e-03
6486.500000	6.139071e-03
6487.500000	6.133009e-03
6488.500000	6.126948e-03
6489.500000	6.120886e-03
6490.500000	6.115257e-03
6491.500000	6.110062e-03
6492.500000	6.104866e-03
6493.500000	6.099670e-03
6494.500000	6.094475e-03
6495.500000	6.089279e-03
6496.500000	6.084084e-03
6497.500000	6.078888e-03
6498.500000	6.073692e-03
6499.500000	6.068497e-03
6500.500000	6.064600e-03
6501.500000	6.062002e-03
6502.500000	6.059404e-03
6503.500000	6.056807e-03
6504.500000	6.054209e-03
6505.500000	6.051611e-03
6506.500000	6.049013e-03
6507.500000	6.046415e-03
6508.500000	6.043817e-03
6509.500000	6.041220e-03
6510.500000	6.042735e-03
6511.500000	6.048364e-03
6512.500000	6.053992e-03
6513.500000	6.059621e-03
6514.500000	6.065249e-03
6515.500000	6.070878e-03
6516.500000	6.076507e-03
6517.500000	6.082135e-03
6518.500000	6.087764e-03
6519.500000	6.093392e-03
6520.500000	6.093825e-03
6521.500000	6.089063e-03
6522.500000	6.084300e-03
6523.500000	6.079537e-03
6524.500000	6.074775e-03
6525.500000	6.070012e-03
6526.500000	6.065249e-03
6527.500000	6.060487e-03
6528.500000	6.055724e-03
6529.500000	6.050961e-03
6530.500000	6.045116e-03
6531.500000	6.038189e-03
6532.500000	6.031261e-03
6533.500000	6.024334e-03
6534.500000	6.017406e-03
6535.500000	6.010479e-03
6536.500000	6.003551e-03
6537.500000	5.996624e-03
6538.500000	5.989696e-03
6539.500000	5.982769e-03
6540.500000	5.976058e-03
6541.500000	5.969563e-03
6542.500000	5.963069e-03
6543.500000	5.956574e-03
6544.500000	5.950080e-03
6545.500000	5.943585e-03
6546.500000	5.937091e-03
6547.500000	5.930596e-03
6548.500000	5.924101e-03
6549.500000	5.917607e-03
6550.500000	5.912628e-03
6551.500000	5.909164e-03
6552.500000	5.905700e-03
6553.500000	5.902237e-03
6554.500000	5.898773e-03
6555.500000	5.895309e-03
6556.500000	5.891845e-03
6557.500000	5.888381e-03
6558.500000	5.884918e-03
6559.500000	5.881454e-03
6560.500000	5.871712e-03
6561.500000	5.855692e-03
6562.500000	5.839672e-03
6563.500000	5.823653e-03
6564.500000	5.807633e-03
6565.500000	5.791613e-03
6566.500000	5.775593e-03
6567.500000	5.759573e-03
6568.500000	5.743553e-03
6569.500000	5.727533e-03
6570.500000	5.719740e-03
6571.500000	5.720173e-03
6572.500000	5.720606e-03
6573.500000	5.721039e-03
6574.500000	5.721472e-03
6575.500000	5.721905e-03
6576.500000	5.722338e-03
6577.500000	5.722771e-03
6578.500000	5.723204e-03
6579.500000	5.723637e-03
6580.500000	5.721688e-03
6581.500000	5.717359e-03
6582.500000	5.713029e-03
6583.500000	5.708699e-03
6584.500000	5.704370e-03
6585.500000	5.700040e-03
6586.500000	5.695710e-03
6587.500000	5.691380e-03
6588.500000	5.687051e-03
6589.500000	5.682721e-03
6590.500000	5.678824e-03
6591.500000	5.675361e-03
6592.500000	5.671897e-03
6593.500000	5.668433e-03
6594.500000	5.664969e-03
6595.500000	5.661506e-03
6596.500000	5.658042e-03
6597.500000	5.654578e-03
6598.500000	5.651114e-03
6599.500000	5.647651e-03
6600.500000	5.646568e-03
6601.500000	5.647867e-03
6602.500000	5.649166e-03
6603.500000	5.650465e-03
6604.500000	5.651764e-03
6605.500000	5.653063e-03
6606.500000	5.654362e-03
6607.500000	5.655661e-03
6608.500000	5.656959e-03
6609.500000	5.658258e-03
6610.500000	5.657609e-03
6611.500000	5.655011e-03
6612.500000	5.652413e-03
6613.500000	5.649815e-03
6614.500000	5.647218e-03
6615.500000	5.644620e-03
6616.500000	5.642022e-03
6617.500000	5.639424e-03
6618.500000	5.636826e-03
6619.500000	5.634229e-03
6620.500000	5.630981e-03
6621.500000	5.627085e-03
6622.500000	5.623188e-03
6623.500000	5.619291e-03
6624.500000	5.615394e-03
6625.500000	5.611498e-03
6626.500000	5.607601e-03
6627.500000	5.603704e-03
6628.500000	5.599808e-03
6629.500000	5.595911e-03
6630.500000	5.591365e-03
6631.500000	5.586169e-03
6632.500000	5.580973e-03
6633.500000	5.575778e-03
6634.500000	5.570582e-03
6635.500000	5.565386e-03
6636.500000	5.560191e-03
6637.500000	5.554995e-03
6638.500000	5.549800e-03
6639.500000	5.544604e-03
6640.500000	5.539192e-03
6641.500000	5.533563e-03
6642.500000	5.527935e-03
6643.500000	5.522306e-03
6644.500000	5.516677e-03
6645.500000	5.511049e-03
6646.500000	5.505420e-03
6647.500000	5.499792e-03
6648.500000	5.494163e-03
6649.500000	5.488534e-03
6650.500000	5.480308e-03
6651.500000	5.469484e-03
6652.500000	5.458660e-03
6653.500000	5.447835e-03
6654.500000	5.437011e-03
6655.500000	5.426187e-03
6656.500000	5.415363e-03
6657.500000	5.404538e-03
6658.500000	5.393714e-03
6659.500000	5.382890e-03
6660.500000	5.379210e-03
6661.500000	5.382673e-03
6662.500000	5.386137e-03
6663.500000	5.389601e-03
6664.500000	5.393065e-03
6665.500000	5.396528e-03
6666.500000	5.399992e-03
6667.500000	5.403456e-03
6668.500000	5.406920e-03
6669.500000	5.410383e-03
6670.500000	5.412981e-03
6671.500000	5.414713e-03
6672.500000	5.416445e-03
6673.500000	5.418177e-03
6674.500000	5.419909e-03
6675.500000	5.421641e-03
6676.500000	5.423373e-03
6677.500000	5.425104e-03
6678.500000	5.426836e-03
6679.500000	5.428568e-03
6680.500000	5.431166e-03
6681.500000	5.434630e-03
6682.500000	5.438093e-03
6683.500000	5.441557e-03
6684.500000	5.445021e-03
6685.500000	5.448485e-03
6686.500000	5.451949e-03
6687.500000	5.455412e-03
6688.500000	5.458876e-03
6689.500000	5.462340e-03
6690.500000	5.463855e-03
6691.500000	5.463422e-03
6692.500000	5.462989e-03
6693.500000	5.462556e-03
6694.500000	5.462123e-03
6695.500000	5.461690e-03
6696.500000	5.461257e-03
6697.500000	5.460824e-03
6698.500000	5.460391e-03
6699.500000	5.459958e-03
6700.500000	5.460824e-03
6701.500000	5.462989e-03
6702.500000	5.465154e-03
6703.500000	5.467319e-03
6704.500000	5.469484e-03
6705.500000	5.471649e-03
6706.500000	5.473813e-03
6707.500000	5.475978e-03
6708.500000	5.478143e-03
6709.500000	5.480308e-03
6710.500000	5.478576e-03
6711.500000	5.472948e-03
6712.500000	5.467319e-03
6713.500000	5.461690e-03
6714.500000	5.456062e-03
6715.500000	5.450433e-03
6716.500000	5.444805e-03
6717.500000	5.439176e-03
6718.500000	5.433547e-03
6719.500000	5.427919e-03
6720.500000	5.422290e-03
6721.500000	5.416662e-03
6722.500000	5.411033e-03
6723.500000	5.405404e-03
6724.500000	5.399776e-03
6725.500000	5.394147e-03
6726.500000	5.388519e-03
6727.500000	5.382890e-03
6728.500000	5.377261e-03
6729.500000	5.371633e-03
6730.500000	5.364489e-03
6731.500000	5.355829e-03
6732.500000	5.347170e-03
6733.500000	5.338511e-03
6734.500000	5.329851e-03
6735.500000	5.321192e-03
6736.500000	5.312532e-03
6737.500000	5.303873e-03
6738.500000	5.295214e-03
6739.500000	5.286554e-03
6740.500000	5.282658e-03
6741.500000	5.283523e-03
6742.500000	5.284389e-03
6743.500000	5.285255e-03
6744.500000	5.286121e-03
6745.500000	5.286987e-03
6746.500000	5.287853e-03
6747.500000	5.288719e-03
6748.500000	5.289585e-03
6749.500000	5.290451e-03
6750.500000	5.290018e-03
6751.500000	5.288286e-03
6752.500000	5.286554e-03
6753.500000	5.284822e-03
6754.500000	5.283091e-03
6755.500000	5.281359e-03
6756.500000	5.279627e-03
6757.500000	5.277895e-03
6758.500000	5.276163e-03
6759.500000	5.274431e-03
6760.500000	5.272483e-03
6761.500000	5.270318e-03
6762.500000	5.268153e-03
6763.500000	5.265988e-03
6764.500000	5.263823e-03
6765.500000	5.261659e-03
6766.500000	5.259494e-03
6767.500000	5.257329e-03
6768.500000	5.255164e-03
6769.500000	5.252999e-03
6770.500000	5.250618e-03
6771.500000	5.248020e-03
6772.500000	5.245422e-03
6773.500000	5.242824e-03
6774.500000	5.240227e-03
6775.500000	5.237629e-03
6776.500000	5.235031e-03
6777.500000	5.232433e-03
6778.500000	5.229835e-03
6779.500000	5.227237e-03
6780.500000	5.223557e-03
6781.500000	5.218795e-03
6782.500000	5.214032e-03
6783.500000	5.209269e-03
6784.500000	5.204507e-03
6785.500000	5.199744e-03
6786.500000	5.194981e-03
6787.500000	5.190219e-03
6788.500000	5.185456e-03
6789.500000	5.180693e-03
6790.500000	5.175281e-03
6791.500000	5.169220e-03
6792.500000	5.163158e-03
6793.500000	5.157096e-03
6794.500000	5.151035e-03
6795.500000	5.144973e-03
6796.500000	5.138912e-03
6797.500000	5.132850e-03
6798.500000	5.126789e-03
6799.500000	5.120727e-03
6800.500000	5.113367e-03
6801.500000	5.104707e-03
6802.500000	5.096048e-03
6803.500000	5.087388e-03
6804.500000	5.078729e-03
6805.500000	5.070070e-03
6806.500000	5.061410e-03
6807.500000	5.052751e-03
6808.500000	5.044091e-03
6809.500000	5.035432e-03
6810.500000	5.029587e-03
6811.500000	5.026556e-03
6812.500000	5.023525e-03
6813.500000	5.020495e-03
6814.500000	5.017464e-03
6815.500000	5.014433e-03
6816.500000	5.011402e-03
6817.500000	5.008372e-03
6818.500000	5.005341e-03
6819.500000	5.002310e-03
6820.500000	4.998197e-03
6821.500000	4.993001e-03
6822.500000	4.987805e-03
6823.500000	4.982610e-03
6824.500000	4.977414e-03
6825.500000	4.972219e-03
6826.500000	4.967023e-03
6827.500000	4.961827e-03
6828.500000	4.956632e-03
6829.500000	4.951436e-03
6830.500000	4.946890e-03
6831.500000	4.942993e-03
6832.500000	4.939096e-03
6833.500000	4.935200e-03
6834.500000	4.931303e-03
6835.500000	4.927406e-03
6836.500000	4.923510e-03
6837.500000	4.919613e-03
6838.500000	4.915716e-03
6839.500000	4.911819e-03
6840.500000	4.907706e-03
6841.500000	4.903376e-03
6842.500000	4.899047e-03
6843.500000	4.894717e-03
6844.500000	4.890387e-03
6845.500000	4.886058e-03
6846.500000	4.881728e-03
6847.500000	4.877398e-03
6848.500000	4.873069e-03
6849.500000	4.868739e-03
6850.500000	4.865708e-03
6851.500000	4.863976e-03
6852.500000	4.862244e-03
6853.500000	4.860513e-03
6854.500000	4.858781e-03
6855.500000	4.857049e-03
6856.500000	4.855317e-03
6857.500000	4.853585e-03
6858.500000	4.851853e-03
6859.500000	4.850121e-03
6860.500000	4.849472e-03
6861.500000	4.849905e-03
6862.500000	4.850338e-03
6863.500000	4.850771e-03
6864.500000	4.851204e-03
6865.500000	4.851637e-03
6866.500000	4.852070e-03
6867.500000	4.852503e-03
6868.500000	4.852936e-03
6869.500000	4.853369e-03
6870.500000	4.854018e-03
6871.500000	4.854884e-03
6872.500000	4.855750e-03
6873.500000	4.856616e-03
6874.500000	4.857482e-03
6875.500000	4.858348e-03
6876.500000	4.859214e-03
6877.500000	4.860080e-03
6878.500000	4.860946e-03
6879.500000	4.861811e-03
6880.500000	4.863327e-03
6881.500000	4.865492e-03
6882.500000	4.867657e-03
6883.500000	4.869821e-03
6884.500000	4.871986e-03
6885.500000	4.874151e-03
6886.500000	4.876316e-03
6887.500000	4.878481e-03
6888.500000	4.880646e-03
6889.500000	4.882810e-03
6890.500000	4.883676e-03
6891.500000	4.883243e-03
6892.500000	4.882810e-03
6893.500000	4.882377e-03
6894.500000	4.881945e-03
6895.500000	4.881512e-03
6896.500000	4.881079e-03
6897.500000	4.880646e-03
6898.500000	4.880213e-03
6899.500000	4.879780e-03
6900.500000	4.879996e-03
6901.500000	4.880862e-03
6902.500000	4.881728e-03
6903.500000	4.882594e-03
6904.500000	4.883460e-03
6905.500000	4.884326e-03
6906.500000	4.885192e-03
6907.500000	4.886058e-03
6908.500000	4.886924e-03
6909.500000	4.887790e-03
6910.500000	4.884326e-03
6911.500000	4.876532e-03
6912.500000	4.868739e-03
6913.500000	4.860946e-03
6914.500000	4.853152e-03
6915.500000	4.845359e-03
6916.500000	4.837565e-03
6917.500000	4.829772e-03
6918.500000	4.821978e-03
6919.500000	4.814185e-03
6920.500000	4.808773e-03
6921.500000	4.805742e-03
6922.500000	4.802711e-03
6923.500000	4.799680e-03
6924.500000	4.796650e-03
6925.500000	4.793619e-03
6926.500000	4.790588e-03
6927.500000	4.787557e-03
6928.500000	4.784526e-03
6929.500000	4.781496e-03
6930.500000	4.778681e-03
6931.500000	4.776084e-03
6932.500000	4.773486e-03
6933.500000	4.770888e-03
6934.500000	4.768290e-03
6935.500000	4.765692e-03
6936.500000	4.763094e-03
6937.500000	4.760497e-03
6938.500000	4.757899e-03
6939.500000	4.755301e-03
6940.500000	4.753569e-03
6941.500000	4.752703e-03
6942.500000	4.751837e-03
6943.500000	4.750971e-03
6944.500000	4.750105e-03
6945.500000	4.749239e-03
6946.500000	4.748374e-03
6947.500000	4.747508e-03
6948.500000	4.746642e-03
6949.500000	4.745776e-03
6950.500000	4.745776e-03
6951.500000	4.746642e-03
6952.500000	4.747508e-03
6953.500000	4.748374e-03
6954.500000	4.749239e-03
6955.500000	4.750105e-03
6956.500000	4.750971e-03
6957.500000	4.751837e-03
6958.500000	4.752703e-03
6959.500000	4.753569e-03
6960.500000	4.756167e-03
6961.500000	4.760497e-03
6962.500000	4.764826e-03
6963.500000	4.769156e-03
6964.500000	4.773486e-03
6965.500000	4.777815e-03
6966.500000	4.782145e-03
6967.500000	4.786475e-03
6968.500000	4.790804e-03
6969.500000	4.795134e-03
6970.500000	4.794485e-03
6971.500000	4.788856e-03
6972.500000	4.783228e-03
6973.500000	4.777599e-03
6974.500000	4.771970e-03
6975.500000	4.766342e-03
6976.500000	4.760713e-03
6977.500000	4.755085e-03
6978.500000	4.749456e-03
6979.500000	4.743827e-03
6980.500000	4.739931e-03
6981.500000	4.737766e-03
6982.500000	4.735601e-03
6983.500000	4.733436e-03
6984.500000	4.731271e-03
6985.500000	4.729106e-03
6986.500000	4.726942e-03
6987.500000	4.724777e-03
6988.500000	4.722612e-03
6989.500000	4.720447e-03
6990.500000	4.716117e-03
6991.500000	4.709623e-03
6992.500000	4.703128e-03
6993.500000	4.696634e-03
6994.500000	4.690139e-03
6995.500000	4.683645e-03
6996.500000	4.677150e-03
6997.500000	4.670656e-03
6998.500000	4.664161e-03
6999.500000	4.657666e-03
7000.500000	4.650955e-03
7001.500000	4.644028e-03
7002.500000	4.637100e-03
7003.500000	4.630173e-03
7004.500000	4.623245e-03
7005.500000	4.616318e-03
7006.500000	4.609390e-03
7007.500000	4.602463e-03
7008.500000	4.595535e-03
7009.500000	4.588608e-03
7010.500000	4.582763e-03
7011.500000	4.578000e-03
7012.500000	4.573237e-03
7013.500000	4.568475e-03
7014.500000	4.563712e-03
7015.500000	4.558949e-03
7016.500000	4.554187e-03
7017.500000	4.549424e-03
7018.500000	4.544661e-03
7019.500000	4.539899e-03
7020.500000	4.536868e-03
7021.500000	4.535569e-03
7022.500000	4.534270e-03
7023.500000	4.532971e-03
7024.500000	4.531672e-03
7025.500000	4.530374e-03
7026.500000	4.529075e-03
7027.500000	4.527776e-03
7028.500000	4.526477e-03
7029.500000	4.525178e-03
7030.500000	4.523230e-03
7031.500000	4.520632e-03
7032.500000	4.518034e-03
7033.500000	4.515436e-03
7034.500000	4.512838e-03
7035.500000	4.510240e-03
7036.500000	4.507643e-03
7037.500000	4.505045e-03
7038.500000	4.502447e-03
7039.500000	4.499849e-03
7040.500000	4.498550e-03
7041.500000	4.498550e-03
7042.500000	4.498550e-03
7043.500000	4.498550e-03
7044.500000	4.498550e-03
7045.500000	4.498550e-03
7046.500000	4.498550e-03
7047.500000	4.498550e-03
7048.500000	4.498550e-03
7049.500000	4.498550e-03
7050.500000	4.497901e-03
7051.500000	4.496602e-03
7052.500000	4.495303e-03
7053.500000	4.494004e-03
7054.500000	4.492705e-03
7055.500000	4.491406e-03
7056.500000	4.490107e-03
7057.500000	4.488808e-03
7058.500000	4.487510e-03
7059.500000	4.486211e-03
7060.500000	4.483829e-03
7061.500000	4.480366e-03
7062.500000	4.476902e-03
7063.500000	4.473438e-03
7064.500000	4.469974e-03
7065.500000	4.466511e-03
7066.500000	4.463047e-03
7067.500000	4.459583e-03
7068.500000	4.456119e-03
7069.500000	4.452656e-03
7070.500000	4.449841e-03
7071.500000	4.447676e-03
7072.500000	4.445512e-03
7073.500000	4.443347e-03
7074.500000	4.441182e-03
7075.500000	4.439017e-03
7076.500000	4.436852e-03
7077.500000	4.434687e-03
7078.500000	4.432522e-03
7079.500000	4.430358e-03
7080.500000	4.426894e-03
7081.500000	4.422131e-03
7082.500000	4.417369e-03
7083.500000	4.412606e-03
7084.500000	4.407843e-03
7085.500000	4.403081e-03
7086.500000	4.398318e-03
7087.500000	4.393555e-03
7088.500000	4.388793e-03
7089.500000	4.384030e-03
7090.500000	4.380999e-03
7091.500000	4.379700e-03
7092.500000	4.378401e-03
7093.500000	4.377102e-03
7094.500000	4.375803e-03
7095.500000	4.374505e-03
7096.500000	4.373206e-03
7097.500000	4.371907e-03
7098.500000	4.370608e-03
7099.500000	4.369309e-03
7100.500000	4.366408e-03
7101.500000	4.361905e-03
7102.500000	4.357402e-03
7103.500000	4.352899e-03
7104.500000	4.348397e-03
7105.500000	4.343894e-03
7106.500000	4.339391e-03
7107.500000	4.334888e-03
7108.500000	4.330385e-03
7109.500000	4.325882e-03
7110.500000	4.323436e-03
7111.500000	4.323046e-03
7112.500000	4.322657e-03
7113.500000	4.322267e-03
7114.500000	4.321877e-03
7115.500000	4.321488e-03
7116.500000	4.321098e-03
7117.500000	4.320708e-03
7118.500000	4.320318e-03
7119.500000	4.319929e-03
7120.500000	4.319561e-03
7121.500000	4.319214e-03
7122.500000	4.318868e-03
7123.500000	4.318522e-03
7124.500000	4.318175e-03
7125.500000	4.317829e-03
7126.500000	4.317483e-03
7127.500000	4.317136e-03
7128.500000	4.316790e-03
7129.500000	4.316443e-03
7130.500000	4.317591e-03
7131.500000	4.320232e-03
7132.500000	4.322873e-03
7133.500000	4.325514e-03
7134.500000	4.328155e-03
7135.500000	4.330796e-03
7136.500000	4.333437e-03
7137.500000	4.336079e-03
7138.500000	4.338720e-03
7139.500000	4.341361e-03
7140.500000	4.341729e-03
7141.500000	4.339824e-03
7142.500000	4.337919e-03
7143.500000	4.336014e-03
7144.500000	4.334109e-03
7145.500000	4.332203e-03
7146.500000	4.330298e-03
7147.500000	4.328393e-03
7148.500000	4.326488e-03
7149.500000	4.324583e-03
7150.500000	4.323934e-03
7151.500000	4.324540e-03
7152.500000	4.325146e-03
7153.500000	4.325752e-03
7154.500000	4.326358e-03
7155.500000	4.326965e-03
7156.500000	4.327571e-03
7157.500000	4.328177e-03
7158.500000	4.328783e-03
7159.500000	4.329389e-03
7160.500000	4.327939e-03
7161.500000	4.324432e-03
7162.500000	4.320925e-03
7163.500000	4.317418e-03
7164.500000	4.313911e-03
7165.500000	4.310403e-03
7166.500000	4.306896e-03
7167.500000	4.303389e-03
7168.500000	4.299882e-03
7169.500000	4.296375e-03
7170.500000	4.292998e-03
7171.500000	4.289751e-03
7172.500000	4.286504e-03
7173.500000	4.283256e-03
7174.500000	4.280009e-03
7175.500000	4.276762e-03
7176.500000	4.273515e-03
7177.500000	4.270267e-03
7178.500000	4.267020e-03
7179.500000	4.263773e-03
7180.500000	4.258729e-03
7181.500000	4.251888e-03
7182.500000	4.245047e-03
7183.500000	4.238206e-03
7184.500000	4.231365e-03
7185.500000	4.224524e-03
7186.500000	4.217683e-03
7187.500000	4.210842e-03
7188.500000	4.204001e-03
7189.500000	4.197160e-03
7190.500000	4.192311e-03
7191.500000	4.189454e-03
7192.500000	4.186596e-03
7193.500000	4.183738e-03
7194.500000	4.180881e-03
7195.500000	4.178023e-03
7196.500000	4.175166e-03
7197.500000	4.172308e-03
7198.500000	4.169450e-03
7199.500000	4.166593e-03
7200.500000	4.161722e-03
7201.500000	4.154838e-03
7202.500000	4.147953e-03
7203.500000	4.141069e-03
7204.500000	4.134185e-03
7205.500000	4.127301e-03
7206.500000	4.120417e-03
7207.500000	4.113532e-03
7208.500000	4.106648e-03
7209.500000	4.099764e-03
7210.500000	4.095975e-03
7211.500000	4.095283e-03
7212.500000	4.094590e-03
7213.500000	4.093897e-03
7214.500000	4.093204e-03
7215.500000	4.092512e-03
7216.500000	4.091819e-03
7217.500000	4.091126e-03
7218.500000	4.090433e-03
7219.500000	4.089741e-03
7220.500000	4.088312e-03
7221.500000	4.086147e-03
7222.500000	4.083982e-03
7223.500000	4.081817e-03
7224.500000	4.079653e-03
7225.500000	4.077488e-03
7226.500000	4.075323e-03
7227.500000	4.073158e-03
7228.500000	4.070993e-03
7229.500000	4.068828e-03
7230.500000	4.070084e-03
7231.500000	4.074760e-03
7232.500000	4.079436e-03
7233.500000	4.084112e-03
7234.500000	4.088788e-03
7235.500000	4.093464e-03
7236.500000	4.098140e-03
7237.500000	4.102816e-03
7238.500000	4.107492e-03
7239.500000	4.112169e-03
7240.500000	4.115416e-03
7241.500000	4.117234e-03
7242.500000	4.119053e-03
7243.500000	4.120871e-03
7244.500000	4.122690e-03
7245.500000	4.124508e-03
7246.500000	4.126327e-03
7247.500000	4.128145e-03
7248.500000	4.129964e-03
7249.500000	4.131782e-03
7250.500000	4.134120e-03
7251.500000	4.136978e-03
7252.500000	4.139835e-03
7253.500000	4.142693e-03
7254.500000	4.145550e-03
7255.500000	4.148408e-03
7256.500000	4.151266e-03
7257.500000	4.154123e-03
7258.500000	4.156981e-03
7259.500000	4.159838e-03
7260.500000	4.159644e-03
7261.500000	4.156396e-03
7262.500000	4.153149e-03
7263.500000	4.149902e-03
7264.500000	4.146655e-03
7265.500000	4.143407e-03
7266.500000	4.140160e-03
7267.500000	4.136913e-03
7268.500000	4.133665e-03
7269.500000	4.130418e-03
7270.500000	4.128795e-03
7271.500000	4.128795e-03
7272.500000	4.128795e-03
7273.500000	4.128795e-03
7274.500000	4.128795e-03
7275.500000	4.128795e-03
7276.500000	4.128795e-03
7277.500000	4.128795e-03
7278.500000	4.128795e-03
7279.500000	4.128795e-03
7280.500000	4.126088e-03
7281.500000	4.120676e-03
7282.500000	4.115264e-03
7283.500000	4.109852e-03
7284.500000	4.104440e-03
7285.500000	4.099028e-03
7286.500000	4.093616e-03
7287.500000	4.088204e-03
7288.500000	4.082792e-03
7289.500000	4.077379e-03
7290.500000	4.073245e-03
7291.500000	4.070387e-03
7292.500000	4.067529e-03
7293.500000	4.064672e-03
7294.500000	4.061814e-03
7295.500000	4.058957e-03
7296.500000	4.056099e-03
7297.500000	4.053241e-03
7298.500000	4.050384e-03
7299.500000	4.047526e-03
7300.500000	4.044106e-03
7301.500000	4.040122e-03
7302.500000	4.036139e-03
7303.500000	4.032156e-03
7304.500000	4.028173e-03
7305.500000	4.024189e-03
7306.500000	4.020206e-03
7307.500000	4.016223e-03
7308.500000	4.012239e-03
7309.500000	4.008256e-03
7310.500000	4.002671e-03
7311.500000	3.995483e-03
7312.500000	3.988296e-03
7313.500000	3.981109e-03
7314.500000	3.973921e-03
7315.500000	3.966734e-03
7316.500000	3.959547e-03
7317.500000	3.952360e-03
7318.500000	3.945172e-03
7319.500000	3.937985e-03
7320.500000	3.933677e-03
7321.500000	3.932248e-03
7322.500000	3.930819e-03
7323.500000	3.929391e-03
7324.500000	3.927962e-03
7325.500000	3.926533e-03
7326.500000	3.925104e-03
7327.500000	3.923675e-03
7328.500000	3.922247e-03
7329.500000	3.920818e-03
7330.500000	3.919367e-03
7331.500000	3.917895e-03
7332.500000	3.916423e-03
7333.500000	3.914951e-03
7334.500000	3.913479e-03
7335.500000	3.912007e-03
7336.500000	3.910535e-03
7337.500000	3.909063e-03
7338.500000	3.907591e-03
7339.500000	3.906118e-03
7340.500000	3.902330e-03
7341.500000	3.896225e-03
7342.500000	3.890120e-03
7343.500000	3.884015e-03
7344.500000	3.877911e-03
7345.500000	3.871806e-03
7346.500000	3.865701e-03
7347.500000	3.859596e-03
7348.500000	3.853491e-03
7349.500000	3.847386e-03
7350.500000	3.843078e-03
7351.500000	3.840567e-03
7352.500000	3.838056e-03
7353.500000	3.835544e-03
7354.500000	3.833033e-03
7355.500000	3.830522e-03
7356.500000	3.828011e-03
7357.500000	3.825500e-03
7358.500000	3.822988e-03
7359.500000	3.820477e-03
7360.500000	3.820304e-03
7361.500000	3.822469e-03
7362.500000	3.824634e-03
7363.500000	3.826799e-03
7364.500000	3.828963e-03
7365.500000	3.831128e-03
7366.500000	3.833293e-03
7367.500000	3.835458e-03
7368.500000	3.837623e-03
7369.500000	3.839788e-03
7370.500000	3.839961e-03
7371.500000	3.838142e-03
7372.500000	3.836324e-03
7373.500000	3.834505e-03
7374.500000	3.832687e-03
7375.500000	3.830868e-03
7376.500000	3.829050e-03
7377.500000	3.827231e-03
7378.500000	3.825413e-03
7379.500000	3.823595e-03
7380.500000	3.822512e-03
7381.500000	3.822166e-03
7382.500000	3.821819e-03
7383.500000	3.821473e-03
7384.500000	3.821127e-03
7385.500000	3.820780e-03
7386.500000	3.820434e-03
7387.500000	3.820087e-03
7388.500000	3.819741e-03
7389.500000	3.819395e-03
7390.500000	3.819395e-03
7391.500000	3.819741e-03
7392.500000	3.820087e-03
7393.500000	3.820434e-03
7394.500000	3.820780e-03
7395.500000	3.821127e-03
7396.500000	3.821473e-03
7397.500000	3.821819e-03
7398.500000	3.822166e-03
7399.500000	3.822512e-03
7400.500000	3.821603e-03
7401.500000	3.819438e-03
7402.500000	3.817273e-03
7403.500000	3.815108e-03
7404.500000	3.812943e-03
7405.500000	3.810779e-03
7406.500000	3.808614e-03
7407.500000	3.806449e-03
7408.500000	3.804284e-03
7409.500000	3.802119e-03
7410.500000	3.797616e-03
7411.500000	3.790775e-03
7412.500000	3.783935e-03
7413.500000	3.777094e-03
7414.500000	3.770253e-03
7415.500000	3.763412e-03
7416.500000	3.756571e-03
7417.500000	3.749730e-03
7418.500000	3.742889e-03
7419.500000	3.736048e-03
7420.500000	3.731545e-03
7421.500000	3.729380e-03
7422.500000	3.727216e-03
7423.500000	3.725051e-03
7424.500000	3.722886e-03
7425.500000	3.720721e-03
7426.500000	3.718556e-03
7427.500000	3.716391e-03
7428.500000	3.714227e-03
7429.500000	3.712062e-03
7430.500000	3.709356e-03
7431.500000	3.706108e-03
7432.500000	3.702861e-03
7433.500000	3.699614e-03
7434.500000	3.696367e-03
7435.500000	3.693119e-03
7436.500000	3.689872e-03
7437.500000	3.686625e-03
7438.500000	3.683377e-03
7439.500000	3.680130e-03
7440.500000	3.677965e-03
7441.500000	3.676883e-03
7442.500000	3.675800e-03
7443.500000	3.674718e-03
7444.500000	3.673636e-03
7445.500000	3.672553e-03
7446.500000	3.671471e-03
7447.500000	3.670388e-03
7448.500000	3.669306e-03
7449.500000	3.668224e-03
7450.500000	3.668050e-03
7451.500000	3.668786e-03
7452.500000	3.669522e-03
7453.500000	3.670258e-03
7454.500000	3.670995e-03
7455.500000	3.671731e-03
7456.500000	3.672467e-03
7457.500000	3.673203e-03
7458.500000	3.673939e-03
7459.500000	3.674675e-03
7460.500000	3.675584e-03
7461.500000	3.676666e-03
7462.500000	3.677749e-03
7463.500000	3.678831e-03
7464.500000	3.679914e-03
7465.500000	3.680996e-03
7466.500000	3.682079e-03
7467.500000	3.683161e-03
7468.500000	3.684243e-03
7469.500000	3.685326e-03
7470.500000	3.686213e-03
7471.500000	3.686906e-03
7472.500000	3.687599e-03
7473.500000	3.688292e-03
7474.500000	3.688984e-03
7475.500000	3.689677e-03
7476.500000	3.690370e-03
7477.500000	3.691063e-03
7478.500000	3.691755e-03
7479.500000	3.692448e-03
7480.500000	3.691907e-03
7481.500000	3.690132e-03
7482.500000	3.688357e-03
7483.500000	3.686581e-03
7484.500000	3.684806e-03
7485.500000	3.683031e-03
7486.500000	3.681256e-03
7487.500000	3.679481e-03
7488.500000	3.677706e-03
7489.500000	3.675930e-03
7490.500000	3.673592e-03
7491.500000	3.670691e-03
7492.500000	3.667791e-03
7493.500000	3.664890e-03
7494.500000	3.661989e-03
7495.500000	3.659088e-03
7496.500000	3.656187e-03
7497.500000	3.653286e-03
7498.500000	3.650385e-03
7499.500000	3.647484e-03
7500.500000	3.644605e-03
7501.500000	3.641747e-03
7502.500000	3.638890e-03
7503.500000	3.636032e-03
7504.500000	3.633175e-03
7505.500000	3.630317e-03
7506.500000	3.627459e-03
7507.500000	3.624602e-03
7508.500000	3.621744e-03
7509.500000	3.618887e-03
7510.500000	3.615639e-03
7511.500000	3.612002e-03
7512.500000	3.608366e-03
7513.500000	3.604729e-03
7514.500000	3.601092e-03
7515.500000	3.597455e-03
7516.500000	3.593818e-03
7517.500000	3.590181e-03
7518.500000	3.586544e-03
7519.500000	3.582907e-03
7520.500000	3.579984e-03
7521.500000	3.577776e-03
7522.500000	3.575568e-03
7523.500000	3.573360e-03
7524.500000	3.571152e-03
7525.500000	3.568944e-03
7526.500000	3.566736e-03
7527.500000	3.564527e-03
7528.500000	3.562319e-03
7529.500000	3.560111e-03
7530.500000	3.558358e-03
7531.500000	3.557059e-03
7532.500000	3.555760e-03
7533.500000	3.554461e-03
7534.500000	3.553162e-03
7535.500000	3.551863e-03
7536.500000	3.550564e-03
7537.500000	3.549265e-03
7538.500000	3.547966e-03
7539.500000	3.546667e-03
7540.500000	3.545282e-03
7541.500000	3.543810e-03
7542.500000	3.542338e-03
7543.500000	3.540866e-03
7544.500000	3.539394e-03
7545.500000	3.537921e-03
7546.500000	3.536449e-03
7547.500000	3.534977e-03
7548.500000	3.533505e-03
7549.500000	3.532033e-03
7550.500000	3.528916e-03
7551.500000	3.524153e-03
7552.500000	3.519390e-03
7553.500000	3.514628e-03
7554.500000	3.509865e-03
7555.500000	3.505102e-03
7556.500000	3.500340e-03
7557.500000	3.495577e-03
7558.500000	3.490814e-03
7559.500000	3.486052e-03
7560.500000	3.482263e-03
7561.500000	3.479449e-03
7562.500000	3.476635e-03
7563.500000	3.473820e-03
7564.500000	3.471006e-03
7565.500000	3.468192e-03
7566.500000	3.465377e-03
7567.500000	3.462563e-03
7568.500000	3.459749e-03
7569.500000	3.456935e-03
7570.500000	3.454099e-03
7571.500000	3.451241e-03
7572.500000	3.448383e-03
7573.500000	3.445526e-03
7574.500000	3.442668e-03
7575.500000	3.439811e-03
7576.500000	3.436953e-03
7577.500000	3.434095e-03
7578.500000	3.431238e-03
7579.500000	3.428380e-03
7580.500000	3.425653e-03
7581.500000	3.423055e-03
7582.500000	3.420457e-03
7583.500000	3.417859e-03
7584.500000	3.415261e-03
7585.500000	3.412663e-03
7586.500000	3.410066e-03
7587.500000	3.407468e-03
7588.500000	3.404870e-03
7589.500000	3.402272e-03
7590.500000	3.397510e-03
7591.500000	3.390582e-03
7592.500000	3.383655e-03
7593.500000	3.376727e-03
7594.500000	3.369799e-03
7595.500000	3.362872e-03
7596.500000	3.355944e-03
7597.500000	3.349017e-03
7598.500000	3.342089e-03
7599.500000	3.335162e-03
7600.500000	3.332239e-03
7601.500000	3.333322e-03
7602.500000	3.334404e-03
7603.500000	3.335487e-03
7604.500000	3.336569e-03
7605.500000	3.337652e-03
7606.500000	3.338734e-03
7607.500000	3.339816e-03
7608.500000	3.340899e-03
7609.500000	3.341981e-03
7610.500000	3.341527e-03
7611.500000	3.339535e-03
7612.500000	3.337543e-03
7613.500000	3.335552e-03
7614.500000	3.333560e-03
7615.500000	3.331568e-03
7616.500000	3.329577e-03
7617.500000	3.327585e-03
7618.500000	3.325593e-03
7619.500000	3.323602e-03
7620.500000	3.321415e-03
7621.500000	3.319034e-03
7622.500000	3.316653e-03
7623.500000	3.314271e-03
7624.500000	3.311890e-03
7625.500000	3.309509e-03
7626.500000	3.307127e-03
7627.500000	3.304746e-03
7628.500000	3.302365e-03
7629.500000	3.299983e-03
7630.500000	3.297104e-03
7631.500000	3.293727e-03
7632.500000	3.290350e-03
7633.500000	3.286972e-03
7634.500000	3.283595e-03
7635.500000	3.280218e-03
7636.500000	3.276841e-03
7637.500000	3.273464e-03
7638.500000	3.270087e-03
7639.500000	3.266710e-03
7640.500000	3.265064e-03
7641.500000	3.265151e-03
7642.500000	3.265237e-03
7643.500000	3.265324e-03
7644.500000	3.265411e-03
7645.500000	3.265497e-03
7646.500000	3.265584e-03
7647.500000	3.265670e-03
7648.500000	3.265757e-03
7649.500000	3.265844e-03
7650.500000	3.265021e-03
7651.500000	3.263289e-03
7652.500000	3.261557e-03
7653.500000	3.259825e-03
7654.500000	3.258093e-03
7655.500000	3.256362e-03
7656.500000	3.254630e-03
7657.500000	3.252898e-03
7658.500000	3.251166e-03
7659.500000	3.249434e-03
7660.500000	3.248698e-03
7661.500000	3.248958e-03
7662.500000	3.249218e-03
7663.500000	3.249477e-03
7664.500000	3.249737e-03
7665.500000	3.249997e-03
7666.500000	3.250257e-03
7667.500000	3.250516e-03
7668.500000	3.250776e-03
7669.500000	3.251036e-03
7670.500000	3.251274e-03
7671.500000	3.251491e-03
7672.500000	3.251707e-03
7673.500000	3.251924e-03
7674.500000	3.252140e-03
7675.500000	3.252357e-03
7676.500000	3.252573e-03
7677.500000	3.252790e-03
7678.500000	3.253006e-03
7679.500000	3.253223e-03
7680.500000	3.252335e-03
7681.500000	3.250343e-03
7682.500000	3.248352e-03
7683.500000	3.246360e-03
7684.500000	3.244368e-03
7685.500000	3.242377e-03
7686.500000	3.240385e-03
7687.500000	3.238393e-03
7688.500000	3.236402e-03
7689.500000	3.234410e-03
7690.500000	3.234064e-03
7691.500000	3.235363e-03
7692.500000	3.236661e-03
7693.500000	3.237960e-03
7694.500000	3.239259e-03
7695.500000	3.240558e-03
7696.500000	3.241857e-03
7697.500000	3.243156e-03
7698.500000	3.244455e-03
7699.500000	3.245754e-03
7700.500000	3.243178e-03
7701.500000	3.236726e-03
7702.500000	3.230275e-03
7703.500000	3.223824e-03
7704.500000	3.217373e-03
7705.500000	3.210921e-03
7706.500000	3.204470e-03
7707.500000	3.198019e-03
7708.500000	3.191568e-03
7709.500000	3.185116e-03
7710.500000	3.179531e-03
7711.500000	3.174812e-03
7712.500000	3.170092e-03
7713.500000	3.165373e-03
7714.500000	3.160654e-03
7715.500000	3.155934e-03
7716.500000	3.151215e-03
7717.500000	3.146496e-03
7718.500000	3.141776e-03
7719.500000	3.137057e-03
7720.500000	3.134113e-03
7721.500000	3.132944e-03
7722.500000	3.131775e-03
7723.500000	3.130606e-03
7724.500000	3.129437e-03
7725.500000	3.128268e-03
7726.500000	3.127099e-03
7727.500000	3.125930e-03
7728.500000	3.124761e-03
7729.500000	3.123592e-03
7730.500000	3.121448e-03
7731.500000	3.118331e-03
7732.500000	3.115214e-03
7733.500000	3.112096e-03
7734.500000	3.108979e-03
7735.500000	3.105861e-03
7736.500000	3.102744e-03
7737.500000	3.099627e-03
7738.500000	3.096509e-03
7739.500000	3.093392e-03
7740.500000	3.088911e-03
7741.500000	3.083066e-03
7742.500000	3.077221e-03
7743.500000	3.071375e-03
7744.500000	3.065530e-03
7745.500000	3.059685e-03
7746.500000	3.053840e-03
7747.500000	3.047995e-03
7748.500000	3.042150e-03
7749.500000	3.036305e-03
7750.500000	3.033945e-03
7751.500000	3.035071e-03
7752.500000	3.036197e-03
7753.500000	3.037322e-03
7754.500000	3.038448e-03
7755.500000	3.039574e-03
7756.500000	3.040700e-03
7757.500000	3.041825e-03
7758.500000	3.042951e-03
7759.500000	3.044077e-03
7760.500000	3.043904e-03
7761.500000	3.042431e-03
7762.500000	3.040959e-03
7763.500000	3.039487e-03
7764.500000	3.038015e-03
7765.500000	3.036543e-03
7766.500000	3.035071e-03
7767.500000	3.033599e-03
7768.500000	3.032127e-03
7769.500000	3.030655e-03
7770.500000	3.027819e-03
7771.500000	3.023619e-03
7772.500000	3.019419e-03
7773.500000	3.015219e-03
7774.500000	3.011020e-03
7775.500000	3.006820e-03
7776.500000	3.002620e-03
7777.500000	2.998420e-03
7778.500000	2.994220e-03
7779.500000	2.990021e-03
7780.500000	2.987466e-03
7781.500000	2.986557e-03
7782.500000	2.985648e-03
7783.500000	2.984738e-03
7784.500000	2.983829e-03
7785.500000	2.982920e-03
7786.500000	2.982011e-03
7787.500000	2.981101e-03
7788.500000	2.980192e-03
7789.500000	2.979283e-03
7790.500000	2.980300e-03
7791.500000	2.983245e-03
7792.500000	2.986189e-03
7793.500000	2.989133e-03
7794.500000	2.992077e-03
7795.500000	2.995021e-03
7796.500000	2.997966e-03
7797.500000	3.000910e-03
7798.500000	3.003854e-03
7799.500000	3.006798e-03
7800.500000	3.006214e-03
7801.500000	3.002100e-03
7802.500000	2.997987e-03
7803.500000	2.993874e-03
7804.500000	2.989761e-03
7805.500000	2.985648e-03
7806.500000	2.981534e-03
7807.500000	2.977421e-03
7808.500000	2.973308e-03
7809.500000	2.969195e-03
7810.500000	2.966186e-03
7811.500000	2.964281e-03
7812.500000	2.962375e-03
7813.500000	2.960470e-03
7814.500000	2.958565e-03
7815.500000	2.956660e-03
7816.500000	2.954755e-03
7817.500000	2.952850e-03
7818.500000	2.950945e-03
7819.500000	2.949040e-03
7820.500000	2.948044e-03
7821.500000	2.947958e-03
7822.500000	2.947871e-03
7823.500000	2.947784e-03
7824.500000	2.947698e-03
7825.500000	2.947611e-03
7826.500000	2.947525e-03
7827.500000	2.947438e-03
7828.500000	2.947351e-03
7829.500000	2.947265e-03
7830.500000	2.945879e-03
7831.500000	2.943195e-03
7832.500000	2.940511e-03
7833.500000	2.937826e-03
7834.500000	2.935142e-03
7835.500000	2.932457e-03
7836.500000	2.929773e-03
7837.500000	2.927088e-03
7838.500000	2.924404e-03
7839.500000	2.921720e-03
7840.500000	2.919165e-03
7841.500000	2.916740e-03
7842.500000	2.914316e-03
7843.500000	2.911891e-03
7844.500000	2.909467e-03
7845.500000	2.907042e-03
7846.500000	2.904617e-03
7847.500000	2.902193e-03
7848.500000	2.899768e-03
7849.500000	2.897343e-03
7850.500000	2.895698e-03
7851.500000	2.894832e-03
7852.500000	2.893966e-03
7853.500000	2.893100e-03
7854.500000	2.892234e-03
7855.500000	2.891368e-03
7856.500000	2.890503e-03
7857.500000	2.889637e-03
7858.500000	2.888771e-03
7859.500000	2.887905e-03
7860.500000	2.886541e-03
7861.500000	2.884679e-03
7862.500000	2.882817e-03
7863.500000	2.880956e-03
7864.500000	2.879094e-03
7865.500000	2.877232e-03
7866.500000	2.875370e-03
7867.500000	2.873509e-03
7868.500000	2.871647e-03
7869.500000	2.869785e-03
7870.500000	2.868356e-03
7871.500000	2.867360e-03
7872.500000	2.866365e-03
7873.500000	2.865369e-03
7874.500000	2.864373e-03
7875.500000	2.863377e-03
7876.500000	2.862381e-03
7877.500000	2.861385e-03
7878.500000	2.860390e-03
7879.500000	2.859394e-03
7880.500000	2.858441e-03
7881.500000	2.857532e-03
7882.500000	2.856623e-03
7883.500000	2.855713e-03
7884.500000	2.854804e-03
7885.500000	2.853895e-03
7886.500000	2.852986e-03
7887.500000	2.852077e-03
7888.500000	2.851167e-03
7889.500000	2.850258e-03
7890.500000	2.848548e-03
7891.500000	2.846037e-03
7892.500000	2.843525e-03
7893.500000	2.841014e-03
7894.500000	2.838503e-03
7895.500000	2.835992e-03
7896.500000	2.833481e-03
7897.500000	2.830969e-03
7898.500000	2.828458e-03
7899.500000	2.825947e-03
7900.500000	2.823414e-03
7901.500000	2.820859e-03
7902.500000	2.818305e-03
7903.500000	2.815750e-03
7904.500000	2.813196e-03
7905.500000	2.810641e-03
7906.500000	2.808087e-03
7907.500000	2.805532e-03
7908.500000	2.802978e-03
7909.500000	2.800423e-03
7910.500000	2.799947e-03
7911.500000	2.801549e-03
7912.500000	2.803151e-03
7913.500000	2.804753e-03
7914.500000	2.806355e-03
7915.500000	2.807957e-03
7916.500000	2.809559e-03
7917.500000	2.811161e-03
7918.500000	2.812763e-03
7919.500000	2.814365e-03
7920.500000	2.813975e-03
7921.500000	2.811594e-03
7922.500000	2.809213e-03
7923.500000	2.806831e-03
7924.500000	2.804450e-03
7925.500000	2.802069e-03
7926.500000	2.799687e-03
7927.500000	2.797306e-03
7928.500000	2.794925e-03
7929.500000	2.792543e-03
7930.500000	2.789794e-03
7931.500000	2.786677e-03
7932.500000	2.783559e-03
7933.500000	2.780442e-03
7934.500000	2.777324e-03
7935.500000	2.774207e-03
7936.500000	2.771090e-03
7937.500000	2.767972e-03
7938.500000	2.764855e-03
7939.500000	2.761738e-03
7940.500000	2.759789e-03
7941.500000	2.759010e-03
7942.500000	2.758230e-03
7943.500000	2.757451e-03
7944.500000	2.756672e-03
7945.500000	2.755892e-03
7946.500000	2.755113e-03
7947.500000	2.754334e-03
7948.500000	2.753554e-03
7949.500000	2.752775e-03
7950.500000	2.752688e-03
7951.500000	2.753295e-03
7952.500000	2.753901e-03
7953.500000	2.754507e-03
7954.500000	2.755113e-03
7955.500000	2.755719e-03
7956.500000	2.756325e-03
7957.500000	2.756932e-03
7958.500000	2.757538e-03
7959.500000	2.758144e-03
7960.500000	2.757105e-03
7961.500000	2.754420e-03
7962.500000	2.751736e-03
7963.500000	2.749052e-03
7964.500000	2.746367e-03
7965.500000	2.743683e-03
7966.500000	2.740998e-03
7967.500000	2.738314e-03
7968.500000	2.735629e-03
7969.500000	2.732945e-03
7970.500000	2.731105e-03
7971.500000	2.730109e-03
7972.500000	2.729113e-03
7973.500000	2.728117e-03
7974.500000	2.727122e-03
7975.500000	2.726126e-03
7976.500000	2.725130e-03
7977.500000	2.724134e-03
7978.500000	2.723138e-03
7979.500000	2.722142e-03
7980.500000	2.721060e-03
7981.500000	2.719891e-03
7982.500000	2.718722e-03
7983.500000	2.717553e-03
7984.500000	2.716384e-03
7985.500000	2.715215e-03
7986.500000	2.714046e-03
7987.500000	2.712877e-03
7988.500000	2.711708e-03
7989.500000	2.710539e-03
7990.500000	2.710171e-03
7991.500000	2.710604e-03
7992.500000	2.711037e-03
7993.500000	2.711470e-03
7994.500000	2.711903e-03
7995.500000	2.712336e-03
7996.500000	2.712769e-03
7997.500000	2.713202e-03
7998.500000	2.713635e-03
7999.500000	2.714068e-03
8000.500000	2.713743e-03
8001.500000	2.712660e-03
8002.500000	2.711578e-03
8003.500000	2.710496e-03
8004.500000	2.709413e-03
8005.500000	2.708331e-03
8006.500000	2.707248e-03
8007.500000	2.706166e-03
8008.500000	2.705083e-03
8009.500000	2.704001e-03
8010.500000	2.701511e-03
8011.500000	2.697615e-03
8012.500000	2.693718e-03
8013.500000	2.689821e-03
8014.500000	2.685925e-03
8015.500000	2.682028e-03
8016.500000	2.678131e-03
8017.500000	2.674234e-03
8018.500000	2.670338e-03
8019.500000	2.666441e-03
8020.500000	2.665380e-03
8021.500000	2.667155e-03
8022.500000	2.668931e-03
8023.500000	2.670706e-03
8024.500000	2.672481e-03
8025.500000	2.674256e-03
8026.500000	2.676031e-03
8027.500000	2.677806e-03
8028.500000	2.679582e-03
8029.500000	2.681357e-03
8030.500000	2.682807e-03
8031.500000	2.683933e-03
8032.500000	2.685059e-03
8033.500000	2.686184e-03
8034.500000	2.687310e-03
8035.500000	2.688436e-03
8036.500000	2.689562e-03
8037.500000	2.690687e-03
8038.500000	2.691813e-03
8039.500000	2.692939e-03
8040.500000	2.692159e-03
8041.500000	2.689475e-03
8042.500000	2.686791e-03
8043.500000	2.684106e-03
8044.500000	2.681422e-03
8045.500000	2.678737e-03
8046.500000	2.676053e-03
8047.500000	2.673368e-03
8048.500000	2.670684e-03
8049.500000	2.668000e-03
8050.500000	2.664623e-03
8051.500000	2.660553e-03
8052.500000	2.656483e-03
8053.500000	2.652413e-03
8054.500000	2.648343e-03
8055.500000	2.644273e-03
8056.500000	2.640203e-03
8057.500000	2.636133e-03
8058.500000	2.632063e-03
8059.500000	2.627993e-03
8060.500000	2.626196e-03
8061.500000	2.626673e-03
8062.500000	2.627149e-03
8063.500000	2.627625e-03
8064.500000	2.628102e-03
8065.500000	2.628578e-03
8066.500000	2.629054e-03
8067.500000	2.629530e-03
8068.500000	2.630007e-03
8069.500000	2.630483e-03
8070.500000	2.628664e-03
8071.500000	2.624551e-03
8072.500000	2.620438e-03
8073.500000	2.616325e-03
8074.500000	2.612212e-03
8075.500000	2.608098e-03
8076.500000	2.603985e-03
8077.500000	2.599872e-03
8078.500000	2.595759e-03
8079.500000	2.591646e-03
8080.500000	2.588203e-03
8081.500000	2.585432e-03
8082.500000	2.582661e-03
8083.500000	2.579890e-03
8084.500000	2.577119e-03
8085.500000	2.574348e-03
8086.500000	2.571577e-03
8087.500000	2.568806e-03
8088.500000	2.566035e-03
8089.500000	2.563264e-03
8090.500000	2.561143e-03
8091.500000	2.559671e-03
8092.500000	2.558199e-03
8093.500000	2.556727e-03
8094.500000	2.555254e-03
8095.500000	2.553782e-03
8096.500000	2.552310e-03
8097.500000	2.550838e-03
8098.500000	2.549366e-03
8099.500000	2.547894e-03
8100.500000	2.548500e-03
8101.500000	2.551185e-03
8102.500000	2.553869e-03
8103.500000	2.556553e-03
8104.500000	2.559238e-03
8105.500000	2.561922e-03
8106.500000	2.564607e-03
8107.500000	2.567291e-03
8108.500000	2.569975e-03
8109.500000	2.572660e-03
8110.500000	2.573547e-03
8111.500000	2.572638e-03
8112.500000	2.571729e-03
8113.500000	2.570820e-03
8114.500000	2.569910e-03
8115.500000	2.569001e-03
8116.500000	2.568092e-03
8117.500000	2.567183e-03
8118.500000	2.566274e-03
8119.500000	2.565364e-03
8120.500000	2.565451e-03
8121.500000	2.566533e-03
8122.500000	2.567616e-03
8123.500000	2.568698e-03
8124.500000	2.569781e-03
8125.500000	2.570863e-03
8126.500000	2.571945e-03
8127.500000	2.573028e-03
8128.500000	2.574110e-03
8129.500000	2.575193e-03
8130.500000	2.575258e-03
8131.500000	2.574305e-03
8132.500000	2.573353e-03
8133.500000	2.572400e-03
8134.500000	2.571448e-03
8135.500000	2.570495e-03
8136.500000	2.569542e-03
8137.500000	2.568590e-03
8138.500000	2.567637e-03
8139.500000	2.566685e-03
8140.500000	2.565516e-03
8141.500000	2.564130e-03
8142.500000	2.562745e-03
8143.500000	2.561359e-03
8144.500000	2.559974e-03
8145.500000	2.558588e-03
8146.500000	2.557203e-03
8147.500000	2.555817e-03
8148.500000	2.554432e-03
8149.500000	2.553046e-03
8150.500000	2.550643e-03
8151.500000	2.547223e-03
8152.500000	2.543802e-03
8153.500000	2.540382e-03
8154.500000	2.536962e-03
8155.500000	2.533541e-03
8156.500000	2.530121e-03
8157.500000	2.526700e-03
8158.500000	2.523280e-03
8159.500000	2.519859e-03
8160.500000	2.517088e-03
8161.500000	2.514967e-03
8162.500000	2.512845e-03
8163.500000	2.510724e-03
8164.500000	2.508602e-03
8165.500000	2.506481e-03
8166.500000	2.504359e-03
8167.500000	2.502237e-03
8168.500000	2.500116e-03
8169.500000	2.497994e-03
8170.500000	2.495743e-03
8171.500000	2.493362e-03
8172.500000	2.490980e-03
8173.500000	2.488599e-03
8174.500000	2.486218e-03
8175.500000	2.483836e-03
8176.500000	2.481455e-03
8177.500000	2.479074e-03
8178.500000	2.476692e-03
8179.500000	2.474311e-03
8180.500000	2.473683e-03
8181.500000	2.474809e-03
8182.500000	2.475935e-03
8183.500000	2.477060e-03
8184.500000	2.478186e-03
8185.500000	2.479312e-03
8186.500000	2.480437e-03
8187.500000	2.481563e-03
8188.500000	2.482689e-03
8189.500000	2.483815e-03
8190.500000	2.484377e-03
8191.500000	2.484377e-03
8192.500000	2.484377e-03
8193.500000	2.484377e-03
8194.500000	2.484377e-03
8195.500000	2.484377e-03
8196.500000	2.484377e-03
8197.500000	2.484377e-03
8198.500000	2.484377e-03
8199.500000	2.484377e-03
8200.500000	2.484334e-03
8201.500000	2.484248e-03
8202.500000	2.484161e-03
8203.500000	2.484074e-03
8204.500000	2.483988e-03
8205.500000	2.483901e-03
8206.500000	2.483815e-03
8207.500000	2.483728e-03
8208.500000	2.483641e-03
8209.500000	2.483555e-03
8210.500000	2.483079e-03
8211.500000	2.482213e-03
8212.500000	2.481347e-03
8213.500000	2.480481e-03
8214.500000	2.479615e-03
8215.500000	2.478749e-03
8216.500000	2.477883e-03
8217.500000	2.477017e-03
8218.500000	2.476151e-03
8219.500000	2.475285e-03
8220.500000	2.473900e-03
8221.500000	2.471995e-03
8222.500000	2.470089e-03
8223.500000	2.468184e-03
8224.500000	2.466279e-03
8225.500000	2.464374e-03
8226.500000	2.462469e-03
8227.500000	2.460564e-03
8228.500000	2.458659e-03
8229.500000	2.456754e-03
8230.500000	2.455022e-03
8231.500000	2.453463e-03
8232.500000	2.451905e-03
8233.500000	2.450346e-03
8234.500000	2.448787e-03
8235.500000	2.447229e-03
8236.500000	2.445670e-03
8237.500000	2.444111e-03
8238.500000	2.442553e-03
8239.500000	2.440994e-03
8240.500000	2.439803e-03
8241.500000	2.438981e-03
8242.500000	2.438158e-03
8243.500000	2.437335e-03
8244.500000	2.436513e-03
8245.500000	2.435690e-03
8246.500000	2.434867e-03
8247.500000	2.434045e-03
8248.500000	2.433222e-03
8249.500000	2.432399e-03
8250.500000	2.431598e-03
8251.500000	2.430819e-03
8252.500000	2.430040e-03
8253.500000	2.429260e-03
8254.500000	2.428481e-03
8255.500000	2.427702e-03
8256.500000	2.426922e-03
8257.500000	2.426143e-03
8258.500000	2.425364e-03
8259.500000	2.424584e-03
8260.500000	2.422917e-03
8261.500000	2.420363e-03
8262.500000	2.417808e-03
8263.500000	2.415254e-03
8264.500000	2.412699e-03
8265.500000	2.410145e-03
8266.500000	2.407590e-03
8267.500000	2.405036e-03
8268.500000	2.402481e-03
8269.500000	2.399927e-03
8270.500000	2.398671e-03
8271.500000	2.398714e-03
8272.500000	2.398758e-03
8273.500000	2.398801e-03
8274.500000	2.398844e-03
8275.500000	2.398888e-03
8276.500000	2.398931e-03
8277.500000	2.398974e-03
8278.500000	2.399018e-03
8279.500000	2.399061e-03
8280.500000	2.399342e-03
8281.500000	2.399862e-03
8282.500000	2.400381e-03
8283.500000	2.400901e-03
8284.500000	2.401421e-03
8285.500000	2.401940e-03
8286.500000	2.402460e-03
8287.500000	2.402979e-03
8288.500000	2.403499e-03
8289.500000	2.404018e-03
8290.500000	2.403629e-03
8291.500000	2.402330e-03
8292.500000	2.401031e-03
8293.500000	2.399732e-03
8294.500000	2.398433e-03
8295.500000	2.397134e-03
8296.500000	2.395835e-03
8297.500000	2.394536e-03
8298.500000	2.393237e-03
8299.500000	2.391938e-03
8300.500000	2.391051e-03
8301.500000	2.390575e-03
8302.500000	2.390098e-03
8303.500000	2.389622e-03
8304.500000	2.389146e-03
8305.500000	2.388670e-03
8306.500000	2.388193e-03
8307.500000	2.387717e-03
8308.500000	2.387241e-03
8309.500000	2.386765e-03
8310.500000	2.385725e-03
8311.500000	2.384123e-03
8312.500000	2.382521e-03
8313.500000	2.380919e-03
8314.500000	2.379317e-03
8315.500000	2.377715e-03
8316.500000	2.376113e-03
8317.500000	2.374511e-03
8318.500000	2.372909e-03
8319.500000	2.371308e-03
8320.500000	2.371372e-03
8321.500000	2.373104e-03
8322.500000	2.374836e-03
8323.500000	2.376568e-03
8324.500000	2.378300e-03
8325.500000	2.380032e-03
8326.500000	2.381764e-03
8327.500000	2.383496e-03
8328.500000	2.385227e-03
8329.500000	2.386959e-03
8330.500000	2.386115e-03
8331.500000	2.382695e-03
8332.500000	2.379274e-03
8333.500000	2.375854e-03
8334.500000	2.372433e-03
8335.500000	2.369013e-03
8336.500000	2.365592e-03
8337.500000	2.362172e-03
8338.500000	2.358751e-03
8339.500000	2.355331e-03
8340.500000	2.352863e-03
8341.500000	2.351348e-03
8342.500000	2.349832e-03
8343.500000	2.348317e-03
8344.500000	2.346801e-03
8345.500000	2.345286e-03
8346.500000	2.343771e-03
8347.500000	2.342255e-03
8348.500000	2.340740e-03
8349.500000	2.339224e-03
8350.500000	2.338402e-03
8351.500000	2.338272e-03
8352.500000	2.338142e-03
8353.500000	2.338012e-03
8354.500000	2.337882e-03
8355.500000	2.337752e-03
8356.500000	2.337623e-03
8357.500000	2.337493e-03
8358.500000	2.337363e-03
8359.500000	2.337233e-03
8360.500000	2.337146e-03
8361.500000	2.337103e-03
8362.500000	2.337060e-03
8363.500000	2.337016e-03
8364.500000	2.336973e-03
8365.500000	2.336930e-03
8366.500000	2.336886e-03
8367.500000	2.336843e-03
8368.500000	2.336800e-03
8369.500000	2.336757e-03
8370.500000	2.336345e-03
8371.500000	2.335566e-03
8372.500000	2.334787e-03
8373.500000	2.334007e-03
8374.500000	2.333228e-03
8375.500000	2.332449e-03
8376.500000	2.331669e-03
8377.500000	2.330890e-03
8378.500000	2.330110e-03
8379.500000	2.329331e-03
8380.500000	2.328833e-03
8381.500000	2.328617e-03
8382.500000	2.328400e-03
8383.500000	2.328184e-03
8384.500000	2.327967e-03
8385.500000	2.327751e-03
8386.500000	2.327534e-03
8387.500000	2.327318e-03
8388.500000	2.327101e-03
8389.500000	2.326885e-03
8390.500000	2.326712e-03
8391.500000	2.326582e-03
8392.500000	2.326452e-03
8393.500000	2.326322e-03
8394.500000	2.326192e-03
8395.500000	2.326062e-03
8396.500000	2.325932e-03
8397.500000	2.325802e-03
8398.500000	2.325673e-03
8399.500000	2.325543e-03
8400.500000	2.323984e-03
8401.500000	2.320996e-03
8402.500000	2.318009e-03
8403.500000	2.315022e-03
8404.500000	2.312034e-03
8405.500000	2.309047e-03
8406.500000	2.306059e-03
8407.500000	2.303072e-03
8408.500000	2.300084e-03
8409.500000	2.297097e-03
8410.500000	2.295278e-03
8411.500000	2.294629e-03
8412.500000	2.293979e-03
8413.500000	2.293330e-03
8414.500000	2.292680e-03
8415.500000	2.292031e-03
8416.500000	2.291381e-03
8417.500000	2.290732e-03
8418.500000	2.290082e-03
8419.500000	2.289433e-03
8420.500000	2.289000e-03
8421.500000	2.288784e-03
8422.500000	2.288567e-03
8423.500000	2.288351e-03
8424.500000	2.288134e-03
8425.500000	2.287918e-03
8426.500000	2.287701e-03
8427.500000	2.287485e-03
8428.500000	2.287268e-03
8429.500000	2.287052e-03
8430.500000	2.285320e-03
8431.500000	2.282073e-03
8432.500000	2.278825e-03
8433.500000	2.275578e-03
8434.500000	2.272331e-03
8435.500000	2.269083e-03
8436.500000	2.265836e-03
8437.500000	2.262589e-03
8438.500000	2.259342e-03
8439.500000	2.256094e-03
8440.500000	2.254189e-03
8441.500000	2.253626e-03
8442.500000	2.253064e-03
8443.500000	2.252501e-03
8444.500000	2.251938e-03
8445.500000	2.251375e-03
8446.500000	2.250812e-03
8447.500000	2.250249e-03
8448.500000	2.249686e-03
8449.500000	2.249124e-03
8450.500000	2.249059e-03
8451.500000	2.249492e-03
8452.500000	2.249925e-03
8453.500000	2.250358e-03
8454.500000	2.250791e-03
8455.500000	2.251223e-03
8456.500000	2.251656e-03
8457.500000	2.252089e-03
8458.500000	2.252522e-03
8459.500000	2.252955e-03
8460.500000	2.252133e-03
8461.500000	2.250054e-03
8462.500000	2.247976e-03
8463.500000	2.245898e-03
8464.500000	2.243820e-03
8465.500000	2.241741e-03
8466.500000	2.239663e-03
8467.500000	2.237585e-03
8468.500000	2.235507e-03
8469.500000	2.233428e-03
8470.500000	2.230766e-03
8471.500000	2.227518e-03
8472.500000	2.224271e-03
8473.500000	2.221024e-03
8474.500000	2.217777e-03
8475.500000	2.214529e-03
8476.500000	2.211282e-03
8477.500000	2.208035e-03
8478.500000	2.204788e-03
8479.500000	2.201540e-03
8480.500000	2.200415e-03
8481.500000	2.201410e-03
8482.500000	2.202406e-03
8483.500000	2.203402e-03
8484.500000	2.204398e-03
8485.500000	2.205394e-03
8486.500000	2.206390e-03
8487.500000	2.207385e-03
8488.500000	2.208381e-03
8489.500000	2.209377e-03
8490.500000	2.209658e-03
8491.500000	2.209225e-03
8492.500000	2.208793e-03
8493.500000	2.208360e-03
8494.500000	2.207927e-03
8495.500000	2.207494e-03
8496.500000	2.207061e-03
8497.500000	2.206628e-03
8498.500000	2.206195e-03
8499.500000	2.205762e-03
8500.500000	2.205221e-03
8501.500000	2.204571e-03
8502.500000	2.203922e-03
8503.500000	2.203272e-03
8504.500000	2.202623e-03
8505.500000	2.201973e-03
8506.500000	2.201324e-03
8507.500000	2.200674e-03
8508.500000	2.200025e-03
8509.500000	2.199375e-03
8510.500000	2.198834e-03
8511.500000	2.198401e-03
8512.500000	2.197968e-03
8513.500000	2.197535e-03
8514.500000	2.197102e-03
8515.500000	2.196669e-03
8516.500000	2.196236e-03
8517.500000	2.195803e-03
8518.500000	2.195370e-03
8519.500000	2.194937e-03
8520.500000	2.195414e-03
8521.500000	2.196799e-03
8522.500000	2.198185e-03
8523.500000	2.199570e-03
8524.500000	2.200956e-03
8525.500000	2.202341e-03
8526.500000	2.203727e-03
8527.500000	2.205112e-03
8528.500000	2.206498e-03
8529.500000	2.207883e-03
8530.500000	2.207905e-03
8531.500000	2.206563e-03
8532.500000	2.205221e-03
8533.500000	2.203878e-03
8534.500000	2.202536e-03
8535.500000	2.201194e-03
8536.500000	2.199852e-03
8537.500000	2.198509e-03
8538.500000	2.197167e-03
8539.500000	2.195825e-03
8540.500000	2.194526e-03
8541.500000	2.193271e-03
8542.500000	2.192015e-03
8543.500000	2.190759e-03
8544.500000	2.189504e-03
8545.500000	2.188248e-03
8546.500000	2.186993e-03
8547.500000	2.185737e-03
8548.500000	2.184481e-03
8549.500000	2.183226e-03
8550.500000	2.180779e-03
8551.500000	2.177142e-03
8552.500000	2.173506e-03
8553.500000	2.169869e-03
8554.500000	2.166232e-03
8555.500000	2.162595e-03
8556.500000	2.158958e-03
8557.500000	2.155321e-03
8558.500000	2.151684e-03
8559.500000	2.148047e-03
8560.500000	2.146012e-03
8561.500000	2.145579e-03
8562.500000	2.145146e-03
8563.500000	2.144713e-03
8564.500000	2.144280e-03
8565.500000	2.143847e-03
8566.500000	2.143414e-03
8567.500000	2.142981e-03
8568.500000	2.142548e-03
8569.500000	2.142115e-03
8570.500000	2.140990e-03
8571.500000	2.139171e-03
8572.500000	2.137353e-03
8573.500000	2.135534e-03
8574.500000	2.133716e-03
8575.500000	2.131897e-03
8576.500000	2.130079e-03
8577.500000	2.128260e-03
8578.500000	2.126442e-03
8579.500000	2.124623e-03
8580.500000	2.123281e-03
8581.500000	2.122415e-03
8582.500000	2.121549e-03
8583.500000	2.120683e-03
8584.500000	2.119817e-03
8585.500000	2.118951e-03
8586.500000	2.118085e-03
8587.500000	2.117220e-03
8588.500000	2.116354e-03
8589.500000	2.115488e-03
8590.500000	2.114557e-03
8591.500000	2.113561e-03
8592.500000	2.112565e-03
8593.500000	2.111569e-03
8594.500000	2.110573e-03
8595.500000	2.109578e-03
8596.500000	2.108582e-03
8597.500000	2.107586e-03
8598.500000	2.106590e-03
8599.500000	2.105594e-03
8600.500000	2.104858e-03
8601.500000	2.104382e-03
8602.500000	2.103906e-03
8603.500000	2.103429e-03
8604.500000	2.102953e-03
8605.500000	2.102477e-03
8606.500000	2.102001e-03
8607.500000	2.101524e-03
8608.500000	2.101048e-03
8609.500000	2.100572e-03
8610.500000	2.099663e-03
8611.500000	2.098320e-03
8612.500000	2.096978e-03
8613.500000	2.095636e-03
8614.500000	2.094294e-03
8615.500000	2.092952e-03
8616.500000	2.091609e-03
8617.500000	2.090267e-03
8618.500000	2.088925e-03
8619.500000	2.087583e-03
8620.500000	2.086565e-03
8621.500000	2.085873e-03
8622.500000	2.085180e-03
8623.500000	2.084487e-03
8624.500000	2.083794e-03
8625.500000	2.083102e-03
8626.500000	2.082409e-03
8627.500000	2.081716e-03
8628.500000	2.081023e-03
8629.500000	2.080331e-03
8630.500000	2.079811e-03
8631.500000	2.079465e-03
8632.500000	2.079118e-03
8633.500000	2.078772e-03
8634.500000	2.078425e-03
8635.500000	2.078079e-03
8636.500000	2.077733e-03
8637.500000	2.077386e-03
8638.500000	2.077040e-03
8639.500000	2.076694e-03
8640.500000	2.076347e-03
8641.500000	2.076001e-03
8642.500000	2.075654e-03
8643.500000	2.075308e-03
8644.500000	2.074962e-03
8645.500000	2.074615e-03
8646.500000	2.074269e-03
8647.500000	2.073923e-03
8648.500000	2.073576e-03
8649.500000	2.073230e-03
8650.500000	2.072277e-03
8651.500000	2.070719e-03
8652.500000	2.069160e-03
8653.500000	2.067601e-03
8654.500000	2.066043e-03
8655.500000	2.064484e-03
8656.500000	2.062925e-03
8657.500000	2.061366e-03
8658.500000	2.059808e-03
8659.500000	2.058249e-03
8660.500000	2.056712e-03
8661.500000	2.055197e-03
8662.500000	2.053681e-03
8663.500000	2.052166e-03
8664.500000	2.050651e-03
8665.500000	2.049135e-03
8666.500000	2.047620e-03
8667.500000	2.046104e-03
8668.500000	2.044589e-03
8669.500000	2.043074e-03
8670.500000	2.041883e-03
8671.500000	2.041017e-03
8672.500000	2.040151e-03
8673.500000	2.039285e-03
8674.500000	2.038419e-03
8675.500000	2.037553e-03
8676.500000	2.036687e-03
8677.500000	2.035821e-03
8678.500000	2.034955e-03
8679.500000	2.034089e-03
8680.500000	2.033375e-03
8681.500000	2.032812e-03
8682.500000	2.032249e-03
8683.500000	2.031686e-03
8684.500000	2.031124e-03
8685.500000	2.030561e-03
8686.500000	2.029998e-03
8687.500000	2.029435e-03
8688.500000	2.028872e-03
8689.500000	2.028309e-03
8690.500000	2.027552e-03
8691.500000	2.026599e-03
8692.500000	2.025647e-03
8693.500000	2.024694e-03
8694.500000	2.023741e-03
8695.500000	2.022789e-03
8696.500000	2.021836e-03
8697.500000	2.020884e-03
8698.500000	2.019931e-03
8699.500000	2.018979e-03
8700.500000	2.018243e-03
8701.500000	2.017723e-03
8702.500000	2.017204e-03
8703.500000	2.016684e-03
8704.500000	2.016165e-03
8705.500000	2.015645e-03
8706.500000	2.015125e-03
8707.500000	2.014606e-03
8708.500000	2.014086e-03
8709.500000	2.013567e-03
8710.500000	2.013567e-03
8711.500000	2.014086e-03
8712.500000	2.014606e-03
8713.500000	2.015125e-03
8714.500000	2.015645e-03
8715.500000	2.016165e-03
8716.500000	2.016684e-03
8717.500000	2.017204e-03
8718.500000	2.017723e-03
8719.500000	2.018243e-03
8720.500000	2.018394e-03
8721.500000	2.018178e-03
8722.500000	2.017961e-03
8723.500000	2.017745e-03
8724.500000	2.017528e-03
8725.500000	2.017312e-03
8726.500000	2.017095e-03
8727.500000	2.016879e-03
8728.500000	2.016662e-03
8729.500000	2.016446e-03
8730.500000	2.015840e-03
8731.500000	2.014844e-03
8732.500000	2.013848e-03
8733.500000	2.012852e-03
8734.500000	2.011856e-03
8735.500000	2.010861e-03
8736.500000	2.009865e-03
8737.500000	2.008869e-03
8738.500000	2.007873e-03
8739.500000	2.006877e-03
8740.500000	2.006314e-03
8741.500000	2.006185e-03
8742.500000	2.006055e-03
8743.500000	2.005925e-03
8744.500000	2.005795e-03
8745.500000	2.005665e-03
8746.500000	2.005535e-03
8747.500000	2.005405e-03
8748.500000	2.005275e-03
8749.500000	2.005145e-03
8750.500000	2.005080e-03
8751.500000	2.005080e-03
8752.500000	2.005080e-03
8753.500000	2.005080e-03
8754.500000	2.005080e-03
8755.500000	2.005080e-03
8756.500000	2.005080e-03
8757.500000	2.005080e-03
8758.500000	2.005080e-03
8759.500000	2.005080e-03
8760.500000	2.004279e-03
8761.500000	2.002678e-03
8762.500000	2.001076e-03
8763.500000	1.999474e-03
8764.500000	1.997872e-03
8765.500000	1.996270e-03
8766.500000	1.994668e-03
8767.500000	1.993066e-03
8768.500000	1.991464e-03
8769.500000	1.989862e-03
8770.500000	1.988281e-03
8771.500000	1.986723e-03
8772.500000	1.985164e-03
8773.500000	1.983605e-03
8774.500000	1.982047e-03
8775.500000	1.980488e-03
8776.500000	1.978929e-03
8777.500000	1.977370e-03
8778.500000	1.975812e-03
8779.500000	1.974253e-03
8780.500000	1.973387e-03
8781.500000	1.973214e-03
8782.500000	1.973041e-03
8783.500000	1.972868e-03
8784.500000	1.972694e-03
8785.500000	1.972521e-03
8786.500000	1.972348e-03
8787.500000	1.972175e-03
8788.500000	1.972002e-03
8789.500000	1.971828e-03
8790.500000	1.970941e-03
8791.500000	1.969339e-03
8792.500000	1.967737e-03
8793.500000	1.966135e-03
8794.500000	1.964533e-03
8795.500000	1.962931e-03
8796.500000	1.961329e-03
8797.500000	1.959727e-03
8798.500000	1.958125e-03
8799.500000	1.956523e-03
8800.500000	1.955527e-03
8801.500000	1.955137e-03
8802.500000	1.954748e-03
8803.500000	1.954358e-03
8804.500000	1.953968e-03
8805.500000	1.953579e-03
8806.500000	1.953189e-03
8807.500000	1.952799e-03
8808.500000	1.952410e-03
8809.500000	1.952020e-03
8810.500000	1.951306e-03
8811.500000	1.950267e-03
8812.500000	1.949227e-03
8813.500000	1.948188e-03
8814.500000	1.947149e-03
8815.500000	1.946110e-03
8816.500000	1.945071e-03
8817.500000	1.944032e-03
8818.500000	1.942993e-03
8819.500000	1.941954e-03
8820.500000	1.941196e-03
8821.500000	1.940720e-03
8822.500000	1.940243e-03
8823.500000	1.939767e-03
8824.500000	1.939291e-03
8825.500000	1.938815e-03
8826.500000	1.938338e-03
8827.500000	1.937862e-03
8828.500000	1.937386e-03
8829.500000	1.936909e-03
8830.500000	1.936000e-03
8831.500000	1.934658e-03
8832.500000	1.933316e-03
8833.500000	1.931974e-03
8834.500000	1.930631e-03
8835.500000	1.929289e-03
8836.500000	1.927947e-03
8837.500000	1.926605e-03
8838.500000	1.925263e-03
8839.500000	1.923920e-03
8840.500000	1.923076e-03
8841.500000	1.922730e-03
8842.500000	1.922383e-03
8843.500000	1.922037e-03
8844.500000	1.921691e-03
8845.500000	1.921344e-03
8846.500000	1.920998e-03
8847.500000	1.920651e-03
8848.500000	1.920305e-03
8849.500000	1.919959e-03
8850.500000	1.918508e-03
8851.500000	1.915954e-03
8852.500000	1.913399e-03
8853.500000	1.910845e-03
8854.500000	1.908290e-03
8855.500000	1.905736e-03
8856.500000	1.903181e-03
8857.500000	1.900627e-03
8858.500000	1.898072e-03
8859.500000	1.895518e-03
8860.500000	1.893764e-03
8861.500000	1.892812e-03
8862.500000	1.891859e-03
8863.500000	1.890907e-03
8864.500000	1.889954e-03
8865.500000	1.889001e-03
8866.500000	1.888049e-03
8867.500000	1.887096e-03
8868.500000	1.886144e-03
8869.500000	1.885191e-03
8870.500000	1.884022e-03
8871.500000	1.882637e-03
8872.500000	1.881251e-03
8873.500000	1.879866e-03
8874.500000	1.878480e-03
8875.500000	1.877095e-03
8876.500000	1.875709e-03
8877.500000	1.874324e-03
8878.500000	1.872938e-03
8879.500000	1.871553e-03
8880.500000	1.870708e-03
8881.500000	1.870405e-03
8882.500000	1.870102e-03
8883.500000	1.869799e-03
8884.500000	1.869496e-03
8885.500000	1.869193e-03
8886.500000	1.868890e-03
8887.500000	1.868587e-03
8888.500000	1.868284e-03
8889.500000	1.867981e-03
8890.500000	1.867526e-03
8891.500000	1.866920e-03
8892.500000	1.866314e-03
8893.500000	1.865708e-03
8894.500000	1.865102e-03
8895.500000	1.864495e-03
8896.500000	1.863889e-03
8897.500000	1.863283e-03
8898.500000	1.862677e-03
8899.500000	1.862071e-03
8900.500000	1.862417e-03
8901.500000	1.863716e-03
8902.500000	1.865015e-03
8903.500000	1.866314e-03
8904.500000	1.867613e-03
8905.500000	1.868912e-03
8906.500000	1.870211e-03
8907.500000	1.871509e-03
8908.500000	1.872808e-03
8909.500000	1.874107e-03
8910.500000	1.874129e-03
8911.500000	1.872873e-03
8912.500000	1.871618e-03
8913.500000	1.870362e-03
8914.500000	1.869107e-03
8915.500000	1.867851e-03
8916.500000	1.866595e-03
8917.500000	1.865340e-03
8918.500000	1.864084e-03
8919.500000	1.862828e-03
8920.500000	1.861876e-03
8921.500000	1.861226e-03
8922.500000	1.860577e-03
8923.500000	1.859928e-03
8924.500000	1.859278e-03
8925.500000	1.858629e-03
8926.500000	1.857979e-03
8927.500000	1.857330e-03
8928.500000	1.856680e-03
8929.500000	1.856031e-03
8930.500000	1.855273e-03
8931.500000	1.854407e-03
8932.500000	1.853541e-03
8933.500000	1.852675e-03
8934.500000	1.851809e-03
8935.500000	1.850943e-03
8936.500000	1.850078e-03
8937.500000	1.849212e-03
8938.500000	1.848346e-03
8939.500000	1.847480e-03
8940.500000	1.846549e-03
8941.500000	1.845553e-03
8942.500000	1.844557e-03
8943.500000	1.843561e-03
8944.500000	1.842565e-03
8945.500000	1.841570e-03
8946.500000	1.840574e-03
8947.500000	1.839578e-03
8948.500000	1.838582e-03
8949.500000	1.837586e-03
8950.500000	1.836482e-03
8951.500000	1.835270e-03
8952.500000	1.834058e-03
8953.500000	1.832845e-03
8954.500000	1.831633e-03
8955.500000	1.830421e-03
8956.500000	1.829208e-03
8957.500000	1.827996e-03
8958.500000	1.826784e-03
8959.500000	1.825571e-03
8960.500000	1.825074e-03
8961.500000	1.825290e-03
8962.500000	1.825507e-03
8963.500000	1.825723e-03
8964.500000	1.825939e-03
8965.500000	1.826156e-03
8966.500000	1.826372e-03
8967.500000	1.826589e-03
8968.500000	1.826805e-03
8969.500000	1.827022e-03
8970.500000	1.826416e-03
8971.500000	1.824987e-03
8972.500000	1.823558e-03
8973.500000	1.822129e-03
8974.500000	1.820701e-03
8975.500000	1.819272e-03
8976.500000	1.817843e-03
8977.500000	1.816414e-03
8978.500000	1.814985e-03
8979.500000	1.813557e-03
8980.500000	1.812777e-03
8981.500000	1.812647e-03
8982.500000	1.812517e-03
8983.500000	1.812388e-03
8984.500000	1.812258e-03
8985.500000	1.812128e-03
8986.500000	1.811998e-03
8987.500000	1.811868e-03
8988.500000	1.811738e-03
8989.500000	1.811608e-03
8990.500000	1.811110e-03
8991.500000	1.810244e-03
8992.500000	1.809378e-03
8993.500000	1.808512e-03
8994.500000	1.807647e-03
8995.500000	1.806781e-03
8996.500000	1.805915e-03
8997.500000	1.805049e-03
8998.500000	1.804183e-03
8999.500000	1.803317e-03
9000.500000	1.801845e-03
9001.500000	1.799766e-03
9002.500000	1.797688e-03
9003.500000	1.795610e-03
9004.500000	1.793532e-03
9005.500000	1.791453e-03
9006.500000	1.789375e-03
9007.500000	1.787297e-03
9008.500000	1.785219e-03
9009.500000	1.783140e-03
9010.500000	1.782383e-03
9011.500000	1.782946e-03
9012.500000	1.783508e-03
9013.500000	1.784071e-03
9014.500000	1.784634e-03
9015.500000	1.785197e-03
9016.500000	1.785760e-03
9017.500000	1.786323e-03
9018.500000	1.786886e-03
9019.500000	1.787449e-03
9020.500000	1.787773e-03
9021.500000	1.787860e-03
9022.500000	1.787946e-03
9023.500000	1.788033e-03
9024.500000	1.788120e-03
9025.500000	1.788206e-03
9026.500000	1.788293e-03
9027.500000	1.788379e-03
9028.500000	1.788466e-03
9029.500000	1.788553e-03
9030.500000	1.788293e-03
9031.500000	1.787687e-03
9032.500000	1.787080e-03
9033.500000	1.786474e-03
9034.500000	1.785868e-03
9035.500000	1.785262e-03
9036.500000	1.784656e-03
9037.500000	1.784050e-03
9038.500000	1.783444e-03
9039.500000	1.782837e-03
9040.500000	1.782469e-03
9041.500000	1.782339e-03
9042.500000	1.782210e-03
9043.500000	1.782080e-03
9044.500000	1.781950e-03
9045.500000	1.781820e-03
9046.500000	1.781690e-03
9047.500000	1.781560e-03
9048.500000	1.781430e-03
9049.500000	1.781300e-03
9050.500000	1.781106e-03
9051.500000	1.780846e-03
9052.500000	1.780586e-03
9053.500000	1.780326e-03
9054.500000	1.780066e-03
9055.500000	1.779807e-03
9056.500000	1.779547e-03
9057.500000	1.779287e-03
9058.500000	1.779027e-03
9059.500000	1.778767e-03
9060.500000	1.778140e-03
9061.500000	1.777144e-03
9062.500000	1.776148e-03
9063.500000	1.775152e-03
9064.500000	1.774156e-03
9065.500000	1.773161e-03
9066.500000	1.772165e-03
9067.500000	1.771169e-03
9068.500000	1.770173e-03
9069.500000	1.769177e-03
9070.500000	1.768290e-03
9071.500000	1.767510e-03
9072.500000	1.766731e-03
9073.500000	1.765952e-03
9074.500000	1.765172e-03
9075.500000	1.764393e-03
9076.500000	1.763614e-03
9077.500000	1.762834e-03
9078.500000	1.762055e-03
9079.500000	1.761276e-03
9080.500000	1.760258e-03
9081.500000	1.759002e-03
9082.500000	1.757747e-03
9083.500000	1.756491e-03
9084.500000	1.755236e-03
9085.500000	1.753980e-03
9086.500000	1.752724e-03
9087.500000	1.751469e-03
9088.500000	1.750213e-03
9089.500000	1.748958e-03
9090.500000	1.747637e-03
9091.500000	1.746251e-03
9092.500000	1.744866e-03
9093.500000	1.743480e-03
9094.500000	1.742095e-03
9095.500000	1.740709e-03
9096.500000	1.739324e-03
9097.500000	1.737938e-03
9098.500000	1.736553e-03
9099.500000	1.735167e-03
9100.500000	1.734886e-03
9101.500000	1.735709e-03
9102.500000	1.736531e-03
9103.500000	1.737354e-03
9104.500000	1.738177e-03
9105.500000	1.738999e-03
9106.500000	1.739822e-03
9107.500000	1.740645e-03
9108.500000	1.741467e-03
9109.500000	1.742290e-03
9110.500000	1.742268e-03
9111.500000	1.741402e-03
9112.500000	1.740536e-03
9113.500000	1.739670e-03
9114.500000	1.738804e-03
9115.500000	1.737938e-03
9116.500000	1.737073e-03
9117.500000	1.736207e-03
9118.500000	1.735341e-03
9119.500000	1.734475e-03
9120.500000	1.733652e-03
9121.500000	1.732873e-03
9122.500000	1.732093e-03
9123.500000	1.731314e-03
9124.500000	1.730535e-03
9125.500000	1.729755e-03
9126.500000	1.728976e-03
9127.500000	1.728197e-03
9128.500000	1.727417e-03
9129.500000	1.726638e-03
9130.500000	1.726270e-03
9131.500000	1.726313e-03
9132.500000	1.726357e-03
9133.500000	1.726400e-03
9134.500000	1.726443e-03
9135.500000	1.726486e-03
9136.500000	1.726530e-03
9137.500000	1.726573e-03
9138.500000	1.726616e-03
9139.500000	1.726660e-03
9140.500000	1.726053e-03
9141.500000	1.724798e-03
9142.500000	1.723542e-03
9143.500000	1.722287e-03
9144.500000	1.721031e-03
9145.500000	1.719775e-03
9146.500000	1.718520e-03
9147.500000	1.717264e-03
9148.500000	1.716009e-03
9149.500000	1.714753e-03
9150.500000	1.713714e-03
9151.500000	1.712891e-03
9152.500000	1.712069e-03
9153.500000	1.711246e-03
9154.500000	1.710423e-03
9155.500000	1.709601e-03
9156.500000	1.708778e-03
9157.500000	1.707955e-03
9158.500000	1.707133e-03
9159.500000	1.706310e-03
9160.500000	1.705877e-03
9161.500000	1.705834e-03
9162.500000	1.705791e-03
9163.500000	1.705747e-03
9164.500000	1.705704e-03
9165.500000	1.705661e-03
9166.500000	1.705617e-03
9167.500000	1.705574e-03
9168.500000	1.705531e-03
9169.500000	1.705487e-03
9170.500000	1.704513e-03
9171.500000	1.702608e-03
9172.500000	1.700703e-03
9173.500000	1.698798e-03
9174.500000	1.696893e-03
9175.500000	1.694988e-03
9176.500000	1.693083e-03
9177.500000	1.691178e-03
9178.500000	1.689273e-03
9179.500000	1.687368e-03
9180.500000	1.685982e-03
9181.500000	1.685116e-03
9182.500000	1.684250e-03
9183.500000	1.683384e-03
9184.500000	1.682518e-03
9185.500000	1.681652e-03
9186.500000	1.680787e-03
9187.500000	1.679921e-03
9188.500000	1.679055e-03
9189.500000	1.678189e-03
9190.500000	1.677344e-03
9191.500000	1.676522e-03
9192.500000	1.675699e-03
9193.500000	1.674877e-03
9194.500000	1.674054e-03
9195.500000	1.673231e-03
9196.500000	1.672409e-03
9197.500000	1.671586e-03
9198.500000	1.670763e-03
9199.500000	1.669941e-03
9200.500000	1.669183e-03
9201.500000	1.668490e-03
9202.500000	1.667797e-03
9203.500000	1.667105e-03
9204.500000	1.666412e-03
9205.500000	1.665719e-03
9206.500000	1.665026e-03
9207.500000	1.664334e-03
9208.500000	1.663641e-03
9209.500000	1.662948e-03
9210.500000	1.662104e-03
9211.500000	1.661108e-03
9212.500000	1.660112e-03
9213.500000	1.659116e-03
9214.500000	1.658121e-03
9215.500000	1.657125e-03
9216.500000	1.656129e-03
9217.500000	1.655133e-03
9218.500000	1.654137e-03
9219.500000	1.653141e-03
9220.500000	1.652708e-03
9221.500000	1.652838e-03
9222.500000	1.652968e-03
9223.500000	1.653098e-03
9224.500000	1.653228e-03
9225.500000	1.653358e-03
9226.500000	1.653488e-03
9227.500000	1.653618e-03
9228.500000	1.653748e-03
9229.500000	1.653878e-03
9230.500000	1.653098e-03
9231.500000	1.651410e-03
9232.500000	1.649721e-03
9233.500000	1.648032e-03
9234.500000	1.646344e-03
9235.500000	1.644655e-03
9236.500000	1.642967e-03
9237.500000	1.641278e-03
9238.500000	1.639590e-03
9239.500000	1.637901e-03
9240.500000	1.637122e-03
9241.500000	1.637251e-03
9242.500000	1.637381e-03
9243.500000	1.637511e-03
9244.500000	1.637641e-03
9245.500000	1.637771e-03
9246.500000	1.637901e-03
9247.500000	1.638031e-03
9248.500000	1.638161e-03
9249.500000	1.638291e-03
9250.500000	1.638161e-03
9251.500000	1.637771e-03
9252.500000	1.637381e-03
9253.500000	1.636992e-03
9254.500000	1.636602e-03
9255.500000	1.636212e-03
9256.500000	1.635823e-03
9257.500000	1.635433e-03
9258.500000	1.635043e-03
9259.500000	1.634654e-03
9260.500000	1.634177e-03
9261.500000	1.633615e-03
9262.500000	1.633052e-03
9263.500000	1.632489e-03
9264.500000	1.631926e-03
9265.500000	1.631363e-03
9266.500000	1.630800e-03
9267.500000	1.630237e-03
9268.500000	1.629675e-03
9269.500000	1.629112e-03
9270.500000	1.628246e-03
9271.500000	1.627077e-03
9272.500000	1.625908e-03
9273.500000	1.624739e-03
9274.500000	1.623570e-03
9275.500000	1.622401e-03
9276.500000	1.621232e-03
9277.500000	1.620063e-03
9278.500000	1.618894e-03
9279.500000	1.617725e-03
9280.500000	1.617357e-03
9281.500000	1.617790e-03
9282.500000	1.618222e-03
9283.500000	1.618655e-03
9284.500000	1.619088e-03
9285.500000	1.619521e-03
9286.500000	1.619954e-03
9287.500000	1.620387e-03
9288.500000	1.620820e-03
9289.500000	1.621253e-03
9290.500000	1.621232e-03
9291.500000	1.620755e-03
9292.500000	1.620279e-03
9293.500000	1.619803e-03
9294.500000	1.619327e-03
9295.500000	1.618850e-03
9296.500000	1.618374e-03
9297.500000	1.617898e-03
9298.500000	1.617421e-03
9299.500000	1.616945e-03
9300.500000	1.616707e-03
9301.500000	1.616707e-03
9302.500000	1.616707e-03
9303.500000	1.616707e-03
9304.500000	1.616707e-03
9305.500000	1.616707e-03
9306.500000	1.616707e-03
9307.500000	1.616707e-03
9308.500000	1.616707e-03
9309.500000	1.616707e-03
9310.500000	1.616512e-03
9311.500000	1.616123e-03
9312.500000	1.615733e-03
9313.500000	1.615343e-03
9314.500000	1.614954e-03
9315.500000	1.614564e-03
9316.500000	1.614174e-03
9317.500000	1.613785e-03
9318.500000	1.613395e-03
9319.500000	1.613005e-03
9320.500000	1.612832e-03
9321.500000	1.612875e-03
9322.500000	1.612919e-03
9323.500000	1.612962e-03
9324.500000	1.613005e-03
9325.500000	1.613049e-03
9326.500000	1.613092e-03
9327.500000	1.613135e-03
9328.500000	1.613178e-03
9329.500000	1.613222e-03
9330.500000	1.612702e-03
9331.500000	1.611620e-03
9332.500000	1.610537e-03
9333.500000	1.609455e-03
9334.500000	1.608372e-03
9335.500000	1.607290e-03
9336.500000	1.606208e-03
9337.500000	1.605125e-03
9338.500000	1.604043e-03
9339.500000	1.602960e-03
9340.500000	1.602203e-03
9341.500000	1.601770e-03
9342.500000	1.601337e-03
9343.500000	1.600904e-03
9344.500000	1.600471e-03
9345.500000	1.600038e-03
9346.500000	1.599605e-03
9347.500000	1.599172e-03
9348.500000	1.598739e-03
9349.500000	1.598306e-03
9350.500000	1.597288e-03
9351.500000	1.595686e-03
9352.500000	1.594084e-03
9353.500000	1.592482e-03
9354.500000	1.590880e-03
9355.500000	1.589278e-03
9356.500000	1.587677e-03
9357.500000	1.586075e-03
9358.500000	1.584473e-03
9359.500000	1.582871e-03
9360.500000	1.581896e-03
9361.500000	1.581550e-03
9362.500000	1.581204e-03
9363.500000	1.580857e-03
9364.500000	1.580511e-03
9365.500000	1.580164e-03
9366.500000	1.579818e-03
9367.500000	1.579472e-03
9368.500000	1.579125e-03
9369.500000	1.578779e-03
9370.500000	1.577610e-03
9371.500000	1.575618e-03
9372.500000	1.573627e-03
9373.500000	1.571635e-03
9374.500000	1.569643e-03
9375.500000	1.567652e-03
9376.500000	1.565660e-03
9377.500000	1.563668e-03
9378.500000	1.561677e-03
9379.500000	1.559685e-03
9380.500000	1.558797e-03
9381.500000	1.559014e-03
9382.500000	1.559230e-03
9383.500000	1.559447e-03
9384.500000	1.559663e-03
9385.500000	1.559880e-03
9386.500000	1.560096e-03
9387.500000	1.560313e-03
9388.500000	1.560529e-03
9389.500000	1.560746e-03
9390.500000	1.560681e-03
9391.500000	1.560335e-03
9392.500000	1.559988e-03
9393.500000	1.559642e-03
9394.500000	1.559295e-03
9395.500000	1.558949e-03
9396.500000	1.558603e-03
9397.500000	1.558256e-03
9398.500000	1.557910e-03
9399.500000	1.557563e-03
9400.500000	1.557282e-03
9401.500000	1.557066e-03
9402.500000	1.556849e-03
9403.500000	1.556633e-03
9404.500000	1.556416e-03
9405.500000	1.556200e-03
9406.500000	1.555983e-03
9407.500000	1.555767e-03
9408.500000	1.555550e-03
9409.500000	1.555334e-03
9410.500000	1.553710e-03
9411.500000	1.550679e-03
9412.500000	1.547649e-03
9413.500000	1.544618e-03
9414.500000	1.541587e-03
9415.500000	1.538556e-03
9416.500000	1.535525e-03
9417.500000	1.532495e-03
9418.500000	1.529464e-03
9419.500000	1.526433e-03
9420.500000	1.525351e-03
9421.500000	1.526217e-03
9422.500000	1.527082e-03
9423.500000	1.527948e-03
9424.500000	1.528814e-03
9425.500000	1.529680e-03
9426.500000	1.530546e-03
9427.500000	1.531412e-03
9428.500000	1.532278e-03
9429.500000	1.533144e-03
9430.500000	1.532776e-03
9431.500000	1.531174e-03
9432.500000	1.529572e-03
9433.500000	1.527970e-03
9434.500000	1.526368e-03
9435.500000	1.524766e-03
9436.500000	1.523164e-03
9437.500000	1.521562e-03
9438.500000	1.519960e-03
9439.500000	1.518358e-03
9440.500000	1.517167e-03
9441.500000	1.516388e-03
9442.500000	1.515609e-03
9443.500000	1.514829e-03
9444.500000	1.514050e-03
9445.500000	1.513271e-03
9446.500000	1.512491e-03
9447.500000	1.511712e-03
9448.500000	1.510933e-03
9449.500000	1.510153e-03
9450.500000	1.509114e-03
9451.500000	1.507815e-03
9452.500000	1.506516e-03
9453.500000	1.505218e-03
9454.500000	1.503919e-03
9455.500000	1.502620e-03
9456.500000	1.501321e-03
9457.500000	1.500022e-03
9458.500000	1.498723e-03
9459.500000	1.497424e-03
9460.500000	1.496905e-03
9461.500000	1.497164e-03
9462.500000	1.497424e-03
9463.500000	1.497684e-03
9464.500000	1.497944e-03
9465.500000	1.498203e-03
9466.500000	1.498463e-03
9467.500000	1.498723e-03
9468.500000	1.498983e-03
9469.500000	1.499243e-03
9470.500000	1.499307e-03
9471.500000	1.499178e-03
9472.500000	1.499048e-03
9473.500000	1.498918e-03
9474.500000	1.498788e-03
9475.500000	1.498658e-03
9476.500000	1.498528e-03
9477.500000	1.498398e-03
9478.500000	1.498268e-03
9479.500000	1.498138e-03
9480.500000	1.498355e-03
9481.500000	1.498918e-03
9482.500000	1.499481e-03
9483.500000	1.500044e-03
9484.500000	1.500606e-03
9485.500000	1.501169e-03
9486.500000	1.501732e-03
9487.500000	1.502295e-03
9488.500000	1.502858e-03
9489.500000	1.503421e-03
9490.500000	1.503312e-03
9491.500000	1.502533e-03
9492.500000	1.501754e-03
9493.500000	1.500974e-03
9494.500000	1.500195e-03
9495.500000	1.499416e-03
9496.500000	1.498636e-03
9497.500000	1.497857e-03
9498.500000	1.497078e-03
9499.500000	1.496298e-03
9500.500000	1.496212e-03
9501.500000	1.496818e-03
9502.500000	1.497424e-03
9503.500000	1.498030e-03
9504.500000	1.498636e-03
9505.500000	1.499243e-03
9506.500000	1.499849e-03
9507.500000	1.500455e-03
9508.500000	1.501061e-03
9509.500000	1.501667e-03
9510.500000	1.501667e-03
9511.500000	1.501061e-03
9512.500000	1.500455e-03
9513.500000	1.499849e-03
9514.500000	1.499243e-03
9515.500000	1.498636e-03
9516.500000	1.498030e-03
9517.500000	1.497424e-03
9518.500000	1.496818e-03
9519.500000	1.496212e-03
9520.500000	1.495865e-03
9521.500000	1.495779e-03
9522.500000	1.495692e-03
9523.500000	1.495606e-03
9524.500000	1.495519e-03
9525.500000	1.495432e-03
9526.500000	1.495346e-03
9527.500000	1.495259e-03
9528.500000	1.495173e-03
9529.500000	1.495086e-03
9530.500000	1.494004e-03
9531.500000	1.491925e-03
9532.500000	1.489847e-03
9533.500000	1.487769e-03
9534.500000	1.485691e-03
9535.500000	1.483612e-03
9536.500000	1.481534e-03
9537.500000	1.479456e-03
9538.500000	1.477378e-03
9539.500000	1.475299e-03
9540.500000	1.474000e-03
9541.500000	1.473481e-03
9542.500000	1.472961e-03
9543.500000	1.472442e-03
9544.500000	1.471922e-03
9545.500000	1.471403e-03
9546.500000	1.470883e-03
9547.500000	1.470363e-03
9548.500000	1.469844e-03
9549.500000	1.469324e-03
9550.500000	1.468220e-03
9551.500000	1.466532e-03
9552.500000	1.464843e-03
9553.500000	1.463155e-03
9554.500000	1.461466e-03
9555.500000	1.459777e-03
9556.500000	1.458089e-03
9557.500000	1.456400e-03
9558.500000	1.454712e-03
9559.500000	1.453023e-03
9560.500000	1.451962e-03
9561.500000	1.451529e-03
9562.500000	1.451096e-03
9563.500000	1.450663e-03
9564.500000	1.450230e-03
9565.500000	1.449797e-03
9566.500000	1.449364e-03
9567.500000	1.448932e-03
9568.500000	1.448499e-03
9569.500000	1.448066e-03
9570.500000	1.447611e-03
9571.500000	1.447135e-03
9572.500000	1.446658e-03
9573.500000	1.446182e-03
9574.500000	1.445706e-03
9575.500000	1.445230e-03
9576.500000	1.444753e-03
9577.500000	1.444277e-03
9578.500000	1.443801e-03
9579.500000	1.443325e-03
9580.500000	1.443606e-03
9581.500000	1.444645e-03
9582.500000	1.445684e-03
9583.500000	1.446723e-03
9584.500000	1.447763e-03
9585.500000	1.448802e-03
9586.500000	1.449841e-03
9587.500000	1.450880e-03
9588.500000	1.451919e-03
9589.500000	1.452958e-03
9590.500000	1.452958e-03
9591.500000	1.451919e-03
9592.500000	1.450880e-03
9593.500000	1.449841e-03
9594.500000	1.448802e-03
9595.500000	1.447763e-03
9596.500000	1.446723e-03
9597.500000	1.445684e-03
9598.500000	1.444645e-03
9599.500000	1.443606e-03
9600.500000	1.443390e-03
9601.500000	1.443996e-03
9602.500000	1.444602e-03
9603.500000	1.445208e-03
9604.500000	1.445814e-03
9605.500000	1.446420e-03
9606.500000	1.447026e-03
9607.500000	1.447633e-03
9608.500000	1.448239e-03
9609.500000	1.448845e-03
9610.500000	1.448434e-03
9611.500000	1.447005e-03
9612.500000	1.445576e-03
9613.500000	1.444147e-03
9614.500000	1.442718e-03
9615.500000	1.441290e-03
9616.500000	1.439861e-03
9617.500000	1.438432e-03
9618.500000	1.437003e-03
9619.500000	1.435574e-03
9620.500000	1.434838e-03
9621.500000	1.434795e-03
9622.500000	1.434752e-03
9623.500000	1.434708e-03
9624.500000	1.434665e-03
9625.500000	1.434622e-03
9626.500000	1.434579e-03
9627.500000	1.434535e-03
9628.500000	1.434492e-03
9629.500000	1.434449e-03
9630.500000	1.434016e-03
9631.500000	1.433193e-03
9632.500000	1.432370e-03
9633.500000	1.431548e-03
9634.500000	1.430725e-03
9635.500000	1.429903e-03
9636.500000	1.429080e-03
9637.500000	1.428257e-03
9638.500000	1.427435e-03
9639.500000	1.426612e-03
9640.500000	1.426309e-03
9641.500000	1.426525e-03
9642.500000	1.426742e-03
9643.500000	1.426958e-03
9644.500000	1.427175e-03
9645.500000	1.427391e-03
9646.500000	1.427608e-03
9647.500000	1.427824e-03
9648.500000	1.428041e-03
9649.500000	1.428257e-03
9650.500000	1.427803e-03
9651.500000	1.426677e-03
9652.500000	1.425551e-03
9653.500000	1.424425e-03
9654.500000	1.423300e-03
9655.500000	1.422174e-03
9656.500000	1.421048e-03
9657.500000	1.419923e-03
9658.500000	1.418797e-03
9659.500000	1.417671e-03
9660.500000	1.417303e-03
9661.500000	1.417693e-03
9662.500000	1.418082e-03
9663.500000	1.418472e-03
9664.500000	1.418862e-03
9665.500000	1.419251e-03
9666.500000	1.419641e-03
9667.500000	1.420031e-03
9668.500000	1.420420e-03
9669.500000	1.420810e-03
9670.500000	1.420550e-03
9671.500000	1.419641e-03
9672.500000	1.418732e-03
9673.500000	1.417823e-03
9674.500000	1.416913e-03
9675.500000	1.416004e-03
9676.500000	1.415095e-03
9677.500000	1.414186e-03
9678.500000	1.413277e-03
9679.500000	1.412367e-03
9680.500000	1.411848e-03
9681.500000	1.411718e-03
9682.500000	1.411588e-03
9683.500000	1.411458e-03
9684.500000	1.411328e-03
9685.500000	1.411198e-03
9686.500000	1.411068e-03
9687.500000	1.410938e-03
9688.500000	1.410809e-03
9689.500000	1.410679e-03
9690.500000	1.410094e-03
9691.500000	1.409055e-03
9692.500000	1.408016e-03
9693.500000	1.406977e-03
9694.500000	1.405938e-03
9695.500000	1.404899e-03
9696.500000	1.403859e-03
9697.500000	1.402820e-03
9698.500000	1.401781e-03
9699.500000	1.400742e-03
9700.500000	1.400266e-03
9701.500000	1.400352e-03
9702.500000	1.400439e-03
9703.500000	1.400526e-03
9704.500000	1.400612e-03
9705.500000	1.400699e-03
9706.500000	1.400785e-03
9707.500000	1.400872e-03
9708.500000	1.400959e-03
9709.500000	1.401045e-03
9710.500000	1.400591e-03
9711.500000	1.399595e-03
9712.500000	1.398599e-03
9713.500000	1.397603e-03
9714.500000	1.396607e-03
9715.500000	1.395611e-03
9716.500000	1.394616e-03
9717.500000	1.393620e-03
9718.500000	1.392624e-03
9719.500000	1.391628e-03
9720.500000	1.390979e-03
9721.500000	1.390676e-03
9722.500000	1.390372e-03
9723.500000	1.390069e-03
9724.500000	1.389766e-03
9725.500000	1.389463e-03
9726.500000	1.389160e-03
9727.500000	1.388857e-03
9728.500000	1.388554e-03
9729.500000	1.388251e-03
9730.500000	1.387558e-03
9731.500000	1.386476e-03
9732.500000	1.385393e-03
9733.500000	1.384311e-03
9734.500000	1.383228e-03
9735.500000	1.382146e-03
9736.500000	1.381064e-03
9737.500000	1.379981e-03
9738.500000	1.378899e-03
9739.500000	1.377816e-03
9740.500000	1.377253e-03
9741.500000	1.377210e-03
9742.500000	1.377167e-03
9743.500000	1.377124e-03
9744.500000	1.377080e-03
9745.500000	1.377037e-03
9746.500000	1.376994e-03
9747.500000	1.376950e-03
9748.500000	1.376907e-03
9749.500000	1.376864e-03
9750.500000	1.376452e-03
9751.500000	1.375673e-03
9752.500000	1.374894e-03
9753.500000	1.374114e-03
9754.500000	1.373335e-03
9755.500000	1.372556e-03
9756.500000	1.371776e-03
9757.500000	1.370997e-03
9758.500000	1.370218e-03
9759.500000	1.369438e-03
9760.500000	1.368962e-03
9761.500000	1.368789e-03
9762.500000	1.368616e-03
9763.500000	1.368443e-03
9764.500000	1.368269e-03
9765.500000	1.368096e-03
9766.500000	1.367923e-03
9767.500000	1.367750e-03
9768.500000	1.367577e-03
9769.500000	1.367403e-03
9770.500000	1.366949e-03
9771.500000	1.366213e-03
9772.500000	1.365477e-03
9773.500000	1.364741e-03
9774.500000	1.364005e-03
9775.500000	1.363269e-03
9776.500000	1.362533e-03
9777.500000	1.361796e-03
9778.500000	1.361060e-03
9779.500000	1.360324e-03
9780.500000	1.359956e-03
9781.500000	1.359956e-03
9782.500000	1.359956e-03
9783.500000	1.359956e-03
9784.500000	1.359956e-03
9785.500000	1.359956e-03
9786.500000	1.359956e-03
9787.500000	1.359956e-03
9788.500000	1.359956e-03
9789.500000	1.359956e-03
9790.500000	1.359545e-03
9791.500000	1.358722e-03
9792.500000	1.357900e-03
9793.500000	1.357077e-03
9794.500000	1.356254e-03
9795.500000	1.355432e-03
9796.500000	1.354609e-03
9797.500000	1.353787e-03
9798.500000	1.352964e-03
9799.500000	1.352141e-03
9800.500000	1.351643e-03
9801.500000	1.351470e-03
9802.500000	1.351297e-03
9803.500000	1.351124e-03
9804.500000	1.350951e-03
9805.500000	1.350777e-03
9806.500000	1.350604e-03
9807.500000	1.350431e-03
9808.500000	1.350258e-03
9809.500000	1.350085e-03
9810.500000	1.349847e-03
9811.500000	1.349543e-03
9812.500000	1.349240e-03
9813.500000	1.348937e-03
9814.500000	1.348634e-03
9815.500000	1.348331e-03
9816.500000	1.348028e-03
9817.500000	1.347725e-03
9818.500000	1.347422e-03
9819.500000	1.347119e-03
9820.500000	1.346751e-03
9821.500000	1.346318e-03
9822.500000	1.345885e-03
9823.500000	1.345452e-03
9824.500000	1.345019e-03
9825.500000	1.344586e-03
9826.500000	1.344153e-03
9827.500000	1.343720e-03
9828.500000	1.343287e-03
9829.500000	1.342854e-03
9830.500000	1.342205e-03
9831.500000	1.341339e-03
9832.500000	1.340473e-03
9833.500000	1.339607e-03
9834.500000	1.338741e-03
9835.500000	1.337875e-03
9836.500000	1.337009e-03
9837.500000	1.336143e-03
9838.500000	1.335277e-03
9839.500000	1.334411e-03
9840.500000	1.333783e-03
9841.500000	1.333394e-03
9842.500000	1.333004e-03
9843.500000	1.332614e-03
9844.500000	1.332225e-03
9845.500000	1.331835e-03
9846.500000	1.331445e-03
9847.500000	1.331056e-03
9848.500000	1.330666e-03
9849.500000	1.330276e-03
9850.500000	1.329670e-03
9851.500000	1.328848e-03
9852.500000	1.328025e-03
9853.500000	1.327202e-03
9854.500000	1.326380e-03
9855.500000	1.325557e-03
9856.500000	1.324734e-03
9857.500000	1.323912e-03
9858.500000	1.323089e-03
9859.500000	1.322266e-03
9860.500000	1.321271e-03
9861.500000	1.320102e-03
9862.500000	1.318933e-03
9863.500000	1.317763e-03
9864.500000	1.316594e-03
9865.500000	1.315425e-03
9866.500000	1.314256e-03
9867.500000	1.313087e-03
9868.500000	1.311918e-03
9869.500000	1.310749e-03
9870.500000	1.309948e-03
9871.500000	1.309515e-03
9872.500000	1.309082e-03
9873.500000	1.308649e-03
9874.500000	1.308217e-03
9875.500000	1.307784e-03
9876.500000	1.307351e-03
9877.500000	1.306918e-03
9878.500000	1.306485e-03
9879.500000	1.306052e-03
9880.500000	1.305662e-03
9881.500000	1.305316e-03
9882.500000	1.304969e-03
9883.500000	1.304623e-03
9884.500000	1.304277e-03
9885.500000	1.303930e-03
9886.500000	1.303584e-03
9887.500000	1.303237e-03
9888.500000	1.302891e-03
9889.500000	1.302545e-03
9890.500000	1.302328e-03
9891.500000	1.302242e-03
9892.500000	1.302155e-03
9893.500000	1.302068e-03
9894.500000	1.301982e-03
9895.500000	1.301895e-03
9896.500000	1.301809e-03
9897.500000	1.301722e-03
9898.500000	1.301635e-03
9899.500000	1.301549e-03
9900.500000	1.301289e-03
9901.500000	1.300856e-03
9902.500000	1.300423e-03
9903.500000	1.299990e-03
9904.500000	1.299557e-03
9905.500000	1.299124e-03
9906.500000	1.298691e-03
9907.500000	1.298258e-03
9908.500000	1.297825e-03
9909.500000	1.297392e-03
9910.500000	1.297241e-03
9911.500000	1.297371e-03
9912.500000	1.297501e-03
9913.500000	1.297630e-03
9914.500000	1.297760e-03
9915.500000	1.297890e-03
9916.500000	1.298020e-03
9917.500000	1.298150e-03
9918.500000	1.298280e-03
9919.500000	1.298410e-03
9920.500000	1.298063e-03
9921.500000	1.297241e-03
9922.500000	1.296418e-03
9923.500000	1.295595e-03
9924.500000	1.294773e-03
9925.500000	1.293950e-03
9926.500000	1.293128e-03
9927.500000	1.292305e-03
9928.500000	1.291482e-03
9929.500000	1.290660e-03
9930.500000	1.289859e-03
9931.500000	1.289079e-03
9932.500000	1.288300e-03
9933.500000	1.287521e-03
9934.500000	1.286741e-03
9935.500000	1.285962e-03
9936.500000	1.285183e-03
9937.500000	1.284403e-03
9938.500000	1.283624e-03
9939.500000	1.282845e-03
9940.500000	1.281914e-03
9941.500000	1.280831e-03
9942.500000	1.279749e-03
9943.500000	1.278666e-03
9944.500000	1.277584e-03
9945.500000	1.276502e-03
9946.500000	1.275419e-03
9947.500000	1.274337e-03
9948.500000	1.273254e-03
9949.500000	1.272172e-03
9950.500000	1.271371e-03
9951.500000	1.270851e-03
9952.500000	1.270332e-03
9953.500000	1.269812e-03
9954.500000	1.269293e-03
9955.500000	1.268773e-03
9956.500000	1.268253e-03
9957.500000	1.267734e-03
9958.500000	1.267214e-03
9959.500000	1.266695e-03
9960.500000	1.266175e-03
9961.500000	1.265656e-03
9962.500000	1.265136e-03
9963.500000	1.264617e-03
9964.500000	1.264097e-03
9965.500000	1.263577e-03
9966.500000	1.263058e-03
9967.500000	1.262538e-03
9968.500000	1.262019e-03
9969.500000	1.261499e-03
9970.500000	1.260503e-03
9971.500000	1.259031e-03
9972.500000	1.257559e-03
9973.500000	1.256087e-03
9974.500000	1.254615e-03
9975.500000	1.253143e-03
9976.500000	1.251671e-03
9977.500000	1.250199e-03
9978.500000	1.248727e-03
9979.500000	1.247254e-03
9980.500000	1.242730e-03
9981.500000	1.235153e-03
9982.500000	1.227576e-03
9983.500000	1.219999e-03
9984.500000	1.212422e-03
9985.500000	1.204845e-03
9986.500000	1.197268e-03
9987.500000	1.189691e-03
9988.500000	1.182114e-03
9989.500000	1.174537e-03
9990.500000	1.164233e-03
9991.500000	1.151200e-03
9992.500000	1.138168e-03
9993.500000	1.125135e-03
9994.500000	1.112103e-03
9995.500000	1.099071e-03
9996.500000	1.086038e-03
9997.500000	1.073006e-03
9998.500000	1.059974e-03
9999.500000	1.046941e-03
