100.500000	3.460652e-04
101.500000	3.460652e-04
102.500000	3.460652e-04
103.500000	3.460652e-04
104.500000	3.460652e-04
105.500000	3.460652e-04
106.500000	3.460652e-04
107.500000	3.460652e-04
108.500000	3.460652e-04
109.500000	3.460652e-04
110.500000	3.460652e-04
111.500000	3.460652e-04
112.500000	3.460652e-04
113.500000	3.460652e-04
114.500000	3.460652e-04
115.500000	3.460652e-04
116.500000	3.416676e-04
117.500000	1.618184e-04
118.500000	2.685125e-05
119.500000	6.157028e-05
120.500000	1.777071e-04
121.500000	9.061550e-02
122.500000	9.726932e-05
123.500000	1.122780e-04
124.500000	7.941218e-05
125.500000	4.485873e-05
126.500000	5.374639e-05
127.500000	3.301545e-05
128.500000	2.780527e-05
129.500000	3.297299e-05
130.500000	3.182600e-05
131.500000	1.581220e-05
132.500000	2.216853e-05
133.500000	1.988837e-04
134.500000	1.811905e-05
135.500000	1.678014e-05
136.500000	1.359300e-05
137.500000	1.689415e-05
138.500000	1.563598e-05
139.500000	1.154899e-04
140.500000	8.663783e-05
141.500000	2.190727e-05
142.500000	1.605042e-05
143.500000	2.882768e-05
144.500000	1.983622e-05
145.500000	3.017212e-05
146.500000	2.084477e-05
147.500000	3.287803e-05
148.500000	4.561235e-05
149.500000	2.636746e-05
150.500000	2.746961e-05
151.500000	2.297409e-05
152.500000	2.558897e-05
153.500000	4.646881e-05
154.500000	4.288534e-04
155.500000	2.023306e-04
156.500000	6.999224e-05
157.500000	2.070439e-06
158.500000	3.171548e-05
159.500000	1.688162e-05
160.500000	3.273784e-05
161.500000	3.680082e-05
162.500000	2.830414e-05
163.500000	8.759797e-05
164.500000	3.335293e-04
165.500000	1.134483e-04
166.500000	4.859801e-05
167.500000	1.056414e-04
168.500000	4.299016e-07
169.500000	4.299016e-07
170.500000	4.299016e-07
171.500000	1.062848e-07
172.500000	3.155245e-05
173.500000	4.092214e-05
174.500000	3.664379e-06
175.500000	3.664379e-06
176.500000	3.664379e-06
177.500000	3.664379e-06
178.500000	6.870281e-05
179.500000	2.167771e-04
180.500000	4.004355e-04
181.500000	3.319023e-04
182.500000	9.209876e-05
183.500000	1.882639e-04
184.500000	1.667612e-04
185.500000	1.638721e-04
186.500000	3.561385e-06
187.500000	3.561385e-06
188.500000	3.561385e-06
189.500000	1.968842e-05
190.500000	2.500645e-04
191.500000	8.277800e-05
192.500000	3.671939e-05
193.500000	1.145675e-04
194.500000	1.656959e-04
195.500000	2.690790e-04
196.500000	1.366921e-04
197.500000	5.432710e-05
198.500000	1.100191e-04
199.500000	1.513344e-04
200.500000	1.411731e-04
201.500000	2.303494e-04
202.500000	1.070497e-04
203.500000	2.165447e-04
204.500000	5.298308e-05
205.500000	1.818725e-04
206.500000	2.236797e-04
207.500000	1.644180e-04
208.500000	1.554856e-04
209.500000	1.004112e-05
210.500000	2.809055e-04
211.500000	1.793265e-04
212.500000	1.007015e-04
213.500000	5.720101e-05
214.500000	6.501390e-05
215.500000	6.300660e-05
216.500000	1.419560e-05
217.500000	9.092243e-07
218.500000	2.189293e-05
219.500000	1.068220e-04
220.500000	2.557903e-04
221.500000	6.134224e-05
222.500000	1.554846e-04
223.500000	3.237597e-05
224.500000	2.222096e-05
225.500000	6.601326e-05
226.500000	6.665033e-05
227.500000	1.735495e-04
228.500000	1.909657e-04
229.500000	5.922319e-06
230.500000	5.641509e-05
231.500000	5.229600e-05
232.500000	1.410995e-04
233.500000	2.563398e-04
234.500000	1.991071e-04
235.500000	1.652835e-04
236.500000	2.172614e-04
237.500000	1.127076e-04
238.500000	2.636683e-04
239.500000	3.515475e-04
240.500000	2.830711e-04
241.500000	2.854009e-04
242.500000	3.846352e-05
243.500000	9.861000e-05
244.500000	1.562466e-04
245.500000	1.421263e-04
246.500000	1.290603e-04
247.500000	2.252270e-04
248.500000	3.242684e-04
249.500000	2.371006e-04
250.500000	2.523845e-04
251.500000	3.226310e-04
252.500000	2.265372e-04
253.500000	3.237697e-04
254.500000	3.574483e-04
255.500000	2.756000e-04
256.500000	2.663730e-04
257.500000	2.909704e-04
258.500000	5.202586e-04
259.500000	4.452615e-04
260.500000	6.276683e-04
261.500000	7.116452e-04
262.500000	7.569075e-04
263.500000	1.019806e-03
264.500000	4.653682e-04
265.500000	5.659718e-04
266.500000	7.535474e-04
267.500000	6.410069e-04
268.500000	8.090697e-04
269.500000	7.067772e-04
270.500000	7.406494e-04
271.500000	8.680690e-04
272.500000	5.516291e-04
273.500000	9.121272e-04
274.500000	9.713127e-04
275.500000	1.194826e-03
276.500000	1.148112e-03
277.500000	1.537322e-03
278.500000	1.595528e-03
279.500000	7.273959e-03
280.500000	5.423972e-03
281.500000	1.234309e-03
282.500000	1.235574e-03
283.500000	1.426496e-03
284.500000	1.249615e-03
285.500000	7.986787e-04
286.500000	1.328485e-03
287.500000	1.661896e-03
288.500000	2.340890e-03
289.500000	2.853739e-03
290.500000	2.825333e-03
291.500000	2.852174e-03
292.500000	3.145702e-03
293.500000	3.085508e-03
294.500000	2.836891e-03
295.500000	2.797180e-03
296.500000	2.280029e-03
297.500000	2.725158e-03
298.500000	2.842455e-03
299.500000	3.385140e-03
300.500000	3.162911e-03
301.500000	3.350013e-03
302.500000	2.661774e-03
303.500000	3.450686e-03
304.500000	3.277675e-03
305.500000	3.695193e-03
306.500000	3.716371e-03
307.500000	4.776850e-03
308.500000	4.376588e-03
309.500000	4.047554e-03
310.500000	5.542057e-03
311.500000	6.454785e-03
312.500000	6.300763e-03
313.500000	6.583998e-03
314.500000	7.362538e-03
315.500000	7.582294e-03
316.500000	9.503099e-03
317.500000	1.206075e-02
318.500000	1.135894e-02
319.500000	1.157546e-02
320.500000	1.544443e-02
321.500000	1.473915e-02
322.500000	1.231900e-02
323.500000	1.416942e-02
324.500000	1.454711e-02
325.500000	2.642587e-02
326.500000	3.120878e-02
327.500000	2.351706e-02
328.500000	2.732186e-02
329.500000	3.583905e-02
330.500000	2.132553e-02
331.500000	2.756236e-02
332.500000	3.047879e-02
333.500000	3.092478e-02
334.500000	2.474204e-02
335.500000	1.855251e-02
336.500000	1.402841e-02
337.500000	1.343546e-02
338.500000	1.898152e-02
339.500000	1.950942e-02
340.500000	2.876687e-02
341.500000	1.577501e-02
342.500000	2.412052e-02
343.500000	1.701506e-02
344.500000	8.075758e-03
345.500000	1.832998e-02
346.500000	1.263480e-02
347.500000	1.491894e-02
348.500000	2.764075e-02
349.500000	1.346584e-02
350.500000	3.102704e-02
351.500000	1.966218e-02
352.500000	1.424296e-02
353.500000	4.611088e-02
354.500000	5.230436e-02
355.500000	3.945479e-02
356.500000	2.449130e-02
357.500000	1.324035e-02
358.500000	1.092158e-02
359.500000	1.494751e-02
360.500000	1.754191e-02
361.500000	2.313531e-02
362.500000	3.509362e-02
363.500000	2.621863e-02
364.500000	2.914874e-02
365.500000	3.856950e-02
366.500000	7.109119e-02
367.500000	4.763637e-02
368.500000	2.893069e-02
369.500000	5.999720e-02
370.500000	3.195586e-02
371.500000	2.694466e-02
372.500000	1.427127e-02
373.500000	1.111547e-02
374.500000	1.198101e-02
375.500000	2.273677e-02
376.500000	2.966631e-02
377.500000	6.337281e-02
378.500000	6.470005e-02
379.500000	4.801647e-02
380.500000	6.146474e-02
381.500000	5.004205e-02
382.500000	1.654378e-02
383.500000	3.149115e-02
384.500000	4.990845e-02
385.500000	3.388607e-02
386.500000	4.166328e-02
387.500000	5.142009e-02
388.500000	5.095057e-02
389.500000	5.873726e-02
390.500000	7.031962e-02
391.500000	6.489926e-02
392.500000	5.545728e-02
393.500000	5.249725e-02
394.500000	5.402147e-02
395.500000	7.075393e-02
396.500000	4.082951e-02
397.500000	5.885440e-02
398.500000	9.604698e-02
399.500000	1.026177e-01
400.500000	8.927084e-02
401.500000	1.205030e-01
402.500000	1.145860e-01
403.500000	8.254718e-02
404.500000	1.106396e-01
405.500000	1.196443e-01
406.500000	1.084655e-01
407.500000	9.702323e-02
408.500000	1.109529e-01
409.500000	1.142409e-01
410.500000	1.077208e-01
411.500000	1.076336e-01
412.500000	1.031123e-01
413.500000	1.063830e-01
414.500000	1.003222e-01
415.500000	1.101658e-01
416.500000	1.232863e-01
417.500000	1.223572e-01
418.500000	1.230033e-01
419.500000	1.037728e-01
420.500000	1.098325e-01
421.500000	9.700174e-02
422.500000	4.870730e-02
423.500000	4.807224e-02
424.500000	9.801861e-02
425.500000	9.016819e-02
426.500000	1.071234e-01
427.500000	8.777548e-02
428.500000	1.020385e-01
429.500000	1.106378e-01
430.500000	1.051411e-01
431.500000	1.316777e-01
432.500000	1.321295e-01
433.500000	1.388788e-01
434.500000	1.451711e-01
435.500000	1.357880e-01
436.500000	1.390262e-01
437.500000	1.424421e-01
438.500000	1.420729e-01
439.500000	1.614412e-01
440.500000	1.457918e-01
441.500000	1.715081e-01
442.500000	1.684357e-01
443.500000	1.613571e-01
444.500000	1.943443e-01
445.500000	1.758909e-01
446.500000	1.871198e-01
447.500000	2.228940e-01
448.500000	2.292948e-01
449.500000	2.224239e-01
450.500000	2.348131e-01
451.500000	2.351702e-01
452.500000	2.401523e-01
453.500000	2.097468e-01
454.500000	2.340730e-01
455.500000	2.733022e-01
456.500000	2.889757e-01
457.500000	3.078008e-01
458.500000	2.677522e-01
459.500000	2.775005e-01
460.500000	2.822102e-01
461.500000	3.015773e-01
462.500000	3.043262e-01
463.500000	2.875145e-01
464.500000	2.835200e-01
465.500000	2.815959e-01
466.500000	3.046506e-01
467.500000	2.868560e-01
468.500000	2.811022e-01
469.500000	3.012549e-01
470.500000	2.831577e-01
471.500000	2.760296e-01
472.500000	2.829865e-01
473.500000	2.778229e-01
474.500000	2.813661e-01
475.500000	2.868348e-01
476.500000	2.375012e-01
477.500000	2.088653e-01
478.500000	2.105154e-01
479.500000	2.373591e-01
480.500000	2.482847e-01
481.500000	2.552247e-01
482.500000	2.469199e-01
483.500000	2.401417e-01
484.500000	2.595193e-01
485.500000	2.709447e-01
486.500000	2.691431e-01
487.500000	2.702649e-01
488.500000	2.747858e-01
489.500000	2.895741e-01
490.500000	3.109275e-01
491.500000	3.194163e-01
492.500000	3.152981e-01
493.500000	3.344736e-01
494.500000	3.431952e-01
495.500000	3.077509e-01
496.500000	2.490646e-01
497.500000	2.728767e-01
498.500000	2.715182e-01
499.500000	2.701893e-01
500.500000	2.609386e-01
501.500000	2.405271e-01
502.500000	2.583536e-01
503.500000	2.625850e-01
504.500000	2.724027e-01
505.500000	2.649883e-01
506.500000	2.585913e-01
507.500000	2.609036e-01
508.500000	2.504776e-01
509.500000	2.616955e-01
510.500000	2.439628e-01
511.500000	2.657431e-01
512.500000	2.568663e-01
513.500000	2.731293e-01
514.500000	2.656387e-01
515.500000	2.539030e-01
516.500000	2.709086e-01
517.500000	1.979352e-01
518.500000	2.120356e-01
519.500000	2.709173e-01
520.500000	2.283342e-01
521.500000	2.662312e-01
522.500000	3.330303e-01
523.500000	3.511299e-01
524.500000	3.503422e-01
525.500000	3.475281e-01
526.500000	3.166673e-01
527.500000	3.211775e-01
528.500000	3.724698e-01
529.500000	3.673625e-01
530.500000	3.709183e-01
531.500000	4.014071e-01
532.500000	3.678975e-01
533.500000	3.585824e-01
534.500000	3.669703e-01
535.500000	4.019706e-01
536.500000	4.130009e-01
537.500000	3.985234e-01
538.500000	4.355606e-01
539.500000	4.281905e-01
540.500000	4.133836e-01
541.500000	4.343688e-01
542.500000	4.510266e-01
543.500000	4.141563e-01
544.500000	4.306713e-01
545.500000	3.432944e-01
546.500000	3.748671e-01
547.500000	3.898781e-01
548.500000	3.982649e-01
549.500000	4.133734e-01
550.500000	3.779589e-01
551.500000	3.608734e-01
552.500000	3.936104e-01
553.500000	3.976953e-01
554.500000	3.799947e-01
555.500000	4.049084e-01
556.500000	4.090659e-01
557.500000	4.071049e-01
558.500000	4.141364e-01
559.500000	3.858815e-01
560.500000	3.681122e-01
561.500000	3.920937e-01
562.500000	3.924037e-01
563.500000	3.854092e-01
564.500000	4.024254e-01
565.500000	4.353443e-01
566.500000	4.057396e-01
567.500000	4.172240e-01
568.500000	4.313115e-01
569.500000	4.509647e-01
570.500000	5.154617e-01
571.500000	5.566056e-01
572.500000	5.769320e-01
573.500000	6.011394e-01
574.500000	6.163505e-01
575.500000	6.207585e-01
576.500000	5.612408e-01
577.500000	5.859701e-01
578.500000	5.873634e-01
579.500000	6.119132e-01
580.500000	6.234769e-01
581.500000	5.792909e-01
582.500000	6.016053e-01
583.500000	6.074166e-01
584.500000	5.453200e-01
585.500000	4.340982e-01
586.500000	3.933625e-01
587.500000	3.220973e-01
588.500000	1.929509e-01
589.500000	9.555270e-02
590.500000	2.213449e-01
591.500000	3.297378e-01
592.500000	3.802850e-01
593.500000	4.288272e-01
594.500000	4.774811e-01
595.500000	4.891667e-01
596.500000	5.113492e-01
597.500000	5.238999e-01
598.500000	5.486653e-01
599.500000	5.667562e-01
600.500000	5.675480e-01
601.500000	5.899505e-01
602.500000	6.090927e-01
603.500000	6.407121e-01
604.500000	6.427701e-01
605.500000	6.578325e-01
606.500000	6.580876e-01
607.500000	6.980651e-01
608.500000	6.951170e-01
609.500000	6.697176e-01
610.500000	5.863867e-01
611.500000	6.739308e-01
612.500000	5.283907e-01
613.500000	6.672454e-01
614.500000	7.011583e-01
615.500000	6.162529e-01
616.500000	3.834730e-01
617.500000	4.906111e-01
618.500000	5.247324e-01
619.500000	4.626952e-01
620.500000	5.013725e-01
621.500000	4.613100e-01
622.500000	4.225742e-01
623.500000	4.395870e-01
624.500000	4.352815e-01
625.500000	4.585463e-01
626.500000	4.868308e-01
627.500000	4.972787e-01
628.500000	5.065785e-01
629.500000	5.097481e-01
630.500000	5.210835e-01
631.500000	5.411179e-01
632.500000	5.394330e-01
633.500000	5.584260e-01
634.500000	6.121146e-01
635.500000	5.620537e-01
636.500000	4.901333e-01
637.500000	4.780639e-01
638.500000	4.370427e-01
639.500000	4.631093e-01
640.500000	5.212752e-01
641.500000	5.540678e-01
642.500000	5.774423e-01
643.500000	5.697248e-01
644.500000	5.736148e-01
645.500000	6.226969e-01
646.500000	5.954606e-01
647.500000	6.847455e-01
648.500000	7.002230e-01
649.500000	6.070633e-01
650.500000	6.802751e-01
651.500000	7.441958e-01
652.500000	7.645164e-01
653.500000	7.862924e-01
654.500000	7.734434e-01
655.500000	7.376946e-01
656.500000	7.688969e-01
657.500000	6.919630e-01
658.500000	7.692803e-01
659.500000	7.680681e-01
660.500000	7.743302e-01
661.500000	7.613707e-01
662.500000	7.537419e-01
663.500000	7.541523e-01
664.500000	7.591640e-01
665.500000	6.659545e-01
666.500000	6.730040e-01
667.500000	6.965864e-01
668.500000	5.944448e-01
669.500000	6.169745e-01
670.500000	5.500587e-01
671.500000	5.116241e-01
672.500000	4.957347e-01
673.500000	5.226545e-01
674.500000	5.156578e-01
675.500000	4.880795e-01
676.500000	5.195592e-01
677.500000	5.446935e-01
678.500000	4.775293e-01
679.500000	4.867891e-01
680.500000	4.925542e-01
681.500000	5.005039e-01
682.500000	4.806738e-01
683.500000	4.648976e-01
684.500000	4.741323e-01
685.500000	4.264124e-01
686.500000	4.341571e-01
687.500000	4.524056e-01
688.500000	4.378505e-01
689.500000	4.809682e-01
690.500000	4.709067e-01
691.500000	5.235887e-01
692.500000	5.390231e-01
693.500000	5.987725e-01
694.500000	6.101705e-01
695.500000	6.403135e-01
696.500000	6.440215e-01
697.500000	6.476604e-01
698.500000	6.688765e-01
699.500000	6.657295e-01
700.500000	6.776622e-01
701.500000	7.170874e-01
702.500000	7.454407e-01
703.500000	7.718220e-01
704.500000	9.219203e-01
705.500000	8.113028e-01
706.500000	6.975638e-01
707.500000	7.527303e-01
708.500000	7.466619e-01
709.500000	5.814167e-01
710.500000	6.410481e-01
711.500000	6.916798e-01
712.500000	6.282327e-01
713.500000	5.224639e-01
714.500000	5.299629e-01
715.500000	5.817586e-01
716.500000	6.025514e-01
717.500000	6.482077e-01
718.500000	6.965393e-01
719.500000	6.988438e-01
720.500000	6.404487e-01
721.500000	6.805146e-01
722.500000	7.492252e-01
723.500000	7.634044e-01
724.500000	7.747978e-01
725.500000	8.149179e-01
726.500000	8.576378e-01
727.500000	8.539628e-01
728.500000	8.810206e-01
729.500000	9.023753e-01
730.500000	9.148618e-01
731.500000	9.305853e-01
732.500000	8.636301e-01
733.500000	9.537547e-01
734.500000	9.408868e-01
735.500000	9.413251e-01
736.500000	9.594959e-01
737.500000	9.881805e-01
738.500000	9.908362e-01
739.500000	9.881309e-01
740.500000	9.835272e-01
741.500000	9.937053e-01
742.500000	9.892410e-01
743.500000	1.006196e+00
744.500000	9.876411e-01
745.500000	9.949318e-01
746.500000	9.928299e-01
747.500000	1.017203e+00
748.500000	1.006609e+00
749.500000	9.888496e-01
750.500000	1.013713e+00
751.500000	1.021789e+00
752.500000	1.019015e+00
753.500000	1.006055e+00
754.500000	1.045102e+00
755.500000	1.035606e+00
756.500000	1.035432e+00
757.500000	1.021705e+00
758.500000	1.049660e+00
759.500000	9.819894e-01
760.500000	9.922409e-01
761.500000	9.832054e-01
762.500000	1.018460e+00
763.500000	9.505617e-01
764.500000	9.584501e-01
765.500000	9.349753e-01
766.500000	6.742161e-01
767.500000	8.410997e-01
768.500000	8.814289e-01
769.500000	8.510085e-01
770.500000	7.381881e-01
771.500000	9.070709e-01
772.500000	9.284531e-01
773.500000	9.606232e-01
774.500000	9.484299e-01
775.500000	8.983202e-01
776.500000	9.233039e-01
777.500000	9.445572e-01
778.500000	9.341655e-01
779.500000	9.396925e-01
780.500000	9.524831e-01
781.500000	9.861990e-01
782.500000	9.622639e-01
783.500000	9.427433e-01
784.500000	9.604518e-01
785.500000	9.823096e-01
786.500000	9.853171e-01
787.500000	9.936635e-01
788.500000	1.010743e+00
789.500000	1.022735e+00
790.500000	1.018564e+00
791.500000	9.920577e-01
792.500000	1.017651e+00
793.500000	1.024871e+00
794.500000	1.015588e+00
795.500000	1.031630e+00
796.500000	1.049707e+00
797.500000	1.060069e+00
798.500000	1.048061e+00
799.500000	1.053918e+00
800.500000	1.055077e+00
801.500000	1.070834e+00
802.500000	1.062281e+00
803.500000	1.072887e+00
804.500000	1.061419e+00
805.500000	1.075410e+00
806.500000	1.076817e+00
807.500000	1.060148e+00
808.500000	1.083280e+00
809.500000	1.086760e+00
810.500000	1.091577e+00
811.500000	1.077302e+00
812.500000	1.082340e+00
813.500000	1.102353e+00
814.500000	1.098917e+00
815.500000	1.105763e+00
816.500000	1.087703e+00
817.500000	1.088444e+00
818.500000	8.864042e-01
819.500000	8.368966e-01
820.500000	1.023463e+00
821.500000	1.075664e+00
822.500000	1.079010e+00
823.500000	1.093868e+00
824.500000	1.086033e+00
825.500000	1.084508e+00
826.500000	1.096329e+00
827.500000	1.084055e+00
828.500000	1.084583e+00
829.500000	1.077386e+00
830.500000	1.073183e+00
831.500000	1.084010e+00
832.500000	1.039410e+00
833.500000	1.064601e+00
834.500000	1.084326e+00
835.500000	1.065096e+00
836.500000	1.054362e+00
837.500000	1.071217e+00
838.500000	9.873699e-01
839.500000	1.019953e+00
840.500000	1.078859e+00
841.500000	1.044045e+00
842.500000	1.027509e+00
843.500000	9.638145e-01
844.500000	1.026989e+00
845.500000	9.986891e-01
846.500000	9.927884e-01
847.500000	9.804008e-01
848.500000	1.018001e+00
849.500000	1.008865e+00
850.500000	9.910099e-01
851.500000	9.871523e-01
852.500000	1.010794e+00
853.500000	1.019534e+00
854.500000	9.251168e-01
855.500000	1.036341e+00
856.500000	1.047799e+00
857.500000	1.050513e+00
858.500000	1.051654e+00
859.500000	1.061053e+00
860.500000	1.064921e+00
861.500000	1.049870e+00
862.500000	1.064784e+00
863.500000	1.071189e+00
864.500000	1.074622e+00
865.500000	1.069989e+00
866.500000	9.686820e-01
867.500000	1.039415e+00
868.500000	1.049443e+00
869.500000	9.766090e-01
870.500000	1.055365e+00
871.500000	1.042140e+00
872.500000	1.057665e+00
873.500000	1.058818e+00
874.500000	1.059661e+00
875.500000	1.056318e+00
876.500000	1.065638e+00
877.500000	1.079457e+00
878.500000	1.076188e+00
879.500000	1.086257e+00
880.500000	1.023746e+00
881.500000	1.079483e+00
882.500000	1.035566e+00
883.500000	1.089458e+00
884.500000	1.076066e+00
885.500000	1.087228e+00
886.500000	1.036716e+00
887.500000	1.009392e+00
888.500000	1.034926e+00
889.500000	1.030063e+00
890.500000	1.053081e+00
891.500000	1.050578e+00
892.500000	1.053465e+00
893.500000	1.049508e+00
894.500000	1.043743e+00
895.500000	1.052761e+00
896.500000	1.050701e+00
897.500000	1.055847e+00
898.500000	1.064129e+00
899.500000	1.066911e+00
900.500000	1.040673e+00
901.500000	1.051817e+00
902.500000	1.035155e+00
903.500000	1.059447e+00
904.500000	1.067230e+00
905.500000	1.052827e+00
906.500000	1.058203e+00
907.500000	1.053830e+00
908.500000	1.063625e+00
909.500000	1.037750e+00
910.500000	1.051295e+00
911.500000	1.080177e+00
912.500000	1.075589e+00
913.500000	1.082681e+00
914.500000	1.079145e+00
915.500000	1.070651e+00
916.500000	1.091821e+00
917.500000	1.071749e+00
918.500000	1.089086e+00
919.500000	1.093995e+00
920.500000	1.087713e+00
921.500000	1.082018e+00
922.500000	1.065036e+00
923.500000	1.067722e+00
924.500000	1.077135e+00
925.500000	1.065392e+00
926.500000	1.063831e+00
927.500000	1.079567e+00
928.500000	1.063175e+00
929.500000	1.037470e+00
930.500000	1.051249e+00
931.500000	1.064045e+00
932.500000	1.054127e+00
933.500000	1.058804e+00
934.500000	1.063418e+00
935.500000	1.049843e+00
936.500000	1.055917e+00
937.500000	1.062930e+00
938.500000	1.059227e+00
939.500000	1.043038e+00
940.500000	1.054737e+00
941.500000	1.059946e+00
942.500000	1.065143e+00
943.500000	1.064274e+00
944.500000	1.043432e+00
945.500000	1.063404e+00
946.500000	1.058812e+00
947.500000	1.069569e+00
948.500000	1.067255e+00
949.500000	1.074068e+00
950.500000	1.068133e+00
951.500000	1.061892e+00
952.500000	1.075801e+00
953.500000	1.065748e+00
954.500000	1.038556e+00
955.500000	1.066092e+00
956.500000	1.068240e+00
957.500000	1.055682e+00
958.500000	1.080073e+00
959.500000	1.067471e+00
960.500000	1.028123e+00
961.500000	1.069254e+00
962.500000	1.077076e+00
963.500000	1.061472e+00
964.500000	9.898282e-01
965.500000	1.039828e+00
966.500000	1.066670e+00
967.500000	9.987048e-01
968.500000	1.063672e+00
969.500000	1.045705e+00
970.500000	1.018838e+00
971.500000	1.057991e+00
972.500000	1.040509e+00
973.500000	1.017107e+00
974.500000	1.010661e+00
975.500000	1.059669e+00
976.500000	1.067331e+00
977.500000	1.027804e+00
978.500000	9.999513e-01
979.500000	1.028649e+00
980.500000	1.060258e+00
981.500000	1.055734e+00
982.500000	1.054207e+00
983.500000	1.040669e+00
984.500000	1.056748e+00
985.500000	1.060680e+00
986.500000	1.052570e+00
987.500000	1.056026e+00
988.500000	1.060471e+00
989.500000	1.007931e+00
990.500000	8.152328e-01
991.500000	7.498434e-01
992.500000	7.937369e-01
993.500000	8.606021e-01
994.500000	9.017462e-01
995.500000	9.314827e-01
996.500000	9.536363e-01
997.500000	8.812603e-01
998.500000	9.096225e-01
999.500000	9.227481e-01
1000.500000	9.532857e-01
1001.500000	9.434139e-01
1002.500000	9.451482e-01
1003.500000	9.587541e-01
1004.500000	9.766402e-01
1005.500000	8.917184e-01
1006.500000	9.005777e-01
1007.500000	9.587827e-01
1008.500000	1.005378e+00
1009.500000	9.328294e-01
1010.500000	1.005073e+00
1011.500000	9.323132e-01
1012.500000	9.802916e-01
1013.500000	9.299853e-01
1014.500000	9.450622e-01
1015.500000	9.595559e-01
1016.500000	9.305482e-01
1017.500000	9.700211e-01
1018.500000	9.083784e-01
1019.500000	9.572960e-01
1020.500000	9.476430e-01
1021.500000	9.623592e-01
1022.500000	9.296276e-01
1023.500000	9.506496e-01
1024.500000	9.888736e-01
1025.500000	9.381345e-01
1026.500000	8.838194e-01
1027.500000	9.489198e-01
1028.500000	9.163071e-01
1029.500000	9.532470e-01
1030.500000	9.243528e-01
1031.500000	9.553534e-01
1032.500000	9.321391e-01
1033.500000	9.511394e-01
1034.500000	8.746037e-01
1035.500000	9.192638e-01
1036.500000	9.929449e-01
1037.500000	9.870521e-01
1038.500000	9.215793e-01
1039.500000	8.917168e-01
1040.500000	1.010645e+00
1041.500000	9.514802e-01
1042.500000	9.289350e-01
1043.500000	9.285514e-01
1044.500000	9.836795e-01
1045.500000	1.014041e+00
1046.500000	9.623155e-01
1047.500000	9.112727e-01
1048.500000	9.652151e-01
1049.500000	9.908663e-01
1050.500000	9.938752e-01
1051.500000	9.330544e-01
1052.500000	9.352730e-01
1053.500000	1.015989e+00
1054.500000	9.762418e-01
1055.500000	9.753972e-01
1056.500000	9.695785e-01
1057.500000	9.600193e-01
1058.500000	9.865355e-01
1059.500000	9.954262e-01
1060.500000	9.794365e-01
1061.500000	9.804170e-01
1062.500000	9.582325e-01
1063.500000	1.007496e+00
1064.500000	9.899133e-01
1065.500000	9.732977e-01
1066.500000	9.631033e-01
1067.500000	9.535550e-01
1068.500000	9.758755e-01
1069.500000	9.876272e-01
1070.500000	9.788620e-01
1071.500000	9.919748e-01
1072.500000	9.632037e-01
1073.500000	9.675566e-01
1074.500000	9.779743e-01
1075.500000	9.910294e-01
1076.500000	9.819925e-01
1077.500000	9.848049e-01
1078.500000	9.934792e-01
1079.500000	9.825519e-01
1080.500000	9.761238e-01
1081.500000	9.642498e-01
1082.500000	9.877996e-01
1083.500000	9.837520e-01
1084.500000	9.896306e-01
1085.500000	9.703965e-01
1086.500000	9.833401e-01
1087.500000	9.893994e-01
1088.500000	9.900411e-01
1089.500000	9.811149e-01
1090.500000	9.869952e-01
1091.500000	9.690762e-01
1092.500000	9.799208e-01
1093.500000	9.850221e-01
1094.500000	9.911076e-01
1095.500000	9.793384e-01
1096.500000	9.762305e-01
1097.500000	9.679696e-01
1098.500000	9.647293e-01
1099.500000	9.831775e-01
1100.500000	9.792183e-01
1101.500000	9.664032e-01
1102.500000	9.660110e-01
1103.500000	9.712288e-01
1104.500000	9.591581e-01
1105.500000	9.689783e-01
1106.500000	9.696118e-01
1107.500000	9.713664e-01
1108.500000	9.647372e-01
1109.500000	9.639597e-01
1110.500000	9.657786e-01
1111.500000	9.631738e-01
1112.500000	9.553645e-01
1113.500000	9.608819e-01
1114.500000	9.753129e-01
1115.500000	9.563609e-01
1116.500000	9.678567e-01
1117.500000	9.622967e-01
1118.500000	9.719457e-01
1119.500000	9.517334e-01
1120.500000	9.570523e-01
1121.500000	9.576883e-01
1122.500000	9.542049e-01
1123.500000	9.653650e-01
1124.500000	9.584337e-01
1125.500000	9.172175e-01
1126.500000	9.639862e-01
1127.500000	9.502036e-01
1128.500000	9.626229e-01
1129.500000	9.527113e-01
1130.500000	9.480943e-01
1131.500000	9.584749e-01
1132.500000	9.598586e-01
1133.500000	9.577768e-01
1134.500000	9.515677e-01
1135.500000	9.516612e-01
1136.500000	9.425187e-01
1137.500000	9.321789e-01
1138.500000	8.364173e-01
1139.500000	9.349776e-01
1140.500000	7.995021e-01
1141.500000	9.327398e-01
1142.500000	9.302408e-01
1143.500000	9.486182e-01
1144.500000	9.294699e-01
1145.500000	9.433947e-01
1146.500000	9.438999e-01
1147.500000	9.401074e-01
1148.500000	9.361343e-01
1149.500000	9.480884e-01
1150.500000	9.483189e-01
1151.500000	9.496876e-01
1152.500000	9.463613e-01
1153.500000	9.450236e-01
1154.500000	9.359585e-01
1155.500000	9.351075e-01
1156.500000	9.415969e-01
1157.500000	9.399730e-01
1158.500000	9.401979e-01
1159.500000	9.218657e-01
1160.500000	9.313814e-01
1161.500000	8.988541e-01
1162.500000	9.357305e-01
1163.500000	9.361097e-01
1164.500000	9.120349e-01
1165.500000	9.303712e-01
1166.500000	9.354264e-01
1167.500000	9.329895e-01
1168.500000	9.302085e-01
1169.500000	8.658711e-01
1170.500000	9.305876e-01
1171.500000	9.291705e-01
1172.500000	9.328241e-01
1173.500000	9.251523e-01
1174.500000	9.314509e-01
1175.500000	9.221418e-01
1176.500000	9.220929e-01
1177.500000	8.255554e-01
1178.500000	8.945805e-01
1179.500000	9.221312e-01
1180.500000	9.219211e-01
1181.500000	9.191464e-01
1182.500000	9.133868e-01
1183.500000	8.819013e-01
1184.500000	9.201023e-01
1185.500000	9.143493e-01
1186.500000	9.208239e-01
1187.500000	9.185241e-01
1188.500000	8.505169e-01
1189.500000	9.052903e-01
1190.500000	9.196313e-01
1191.500000	9.099352e-01
1192.500000	9.169142e-01
1193.500000	9.104118e-01
1194.500000	9.087853e-01
1195.500000	8.728745e-01
1196.500000	8.924011e-01
1197.500000	8.316632e-01
1198.500000	8.966674e-01
1199.500000	8.889262e-01
1200.500000	9.020724e-01
1201.500000	8.927342e-01
1202.500000	8.948021e-01
1203.500000	8.925688e-01
1204.500000	8.971167e-01
1205.500000	8.994726e-01
1206.500000	8.989522e-01
1207.500000	8.944879e-01
1208.500000	8.814641e-01
1209.500000	8.908268e-01
1210.500000	8.921431e-01
1211.500000	8.871528e-01
1212.500000	8.953847e-01
1213.500000	8.909046e-01
1214.500000	8.966281e-01
1215.500000	9.005925e-01
1216.500000	8.854244e-01
1217.500000	8.998874e-01
1218.500000	8.939633e-01
1219.500000	8.895726e-01
1220.500000	8.830347e-01
1221.500000	8.871932e-01
1222.500000	8.905865e-01
1223.500000	8.838928e-01
1224.500000	8.896005e-01
1225.500000	8.907745e-01
1226.500000	8.910600e-01
1227.500000	8.842612e-01
1228.500000	8.915237e-01
1229.500000	8.842599e-01
1230.500000	8.870463e-01
1231.500000	8.803866e-01
1232.500000	8.792125e-01
1233.500000	8.774260e-01
1234.500000	8.818595e-01
1235.500000	8.796831e-01
1236.500000	8.777542e-01
1237.500000	8.794358e-01
1238.500000	8.835473e-01
1239.500000	8.643676e-01
1240.500000	8.658430e-01
1241.500000	8.582792e-01
1242.500000	8.556348e-01
1243.500000	8.372424e-01
1244.500000	8.665296e-01
1245.500000	8.679297e-01
1246.500000	8.645437e-01
1247.500000	8.636973e-01
1248.500000	8.680615e-01
1249.500000	8.644659e-01
1250.500000	8.603932e-01
1251.500000	8.564693e-01
1252.500000	8.187453e-01
1253.500000	8.607441e-01
1254.500000	8.627274e-01
1255.500000	8.566601e-01
1256.500000	8.631609e-01
1257.500000	8.562603e-01
1258.500000	8.650555e-01
1259.500000	8.525524e-01
1260.500000	8.587563e-01
1261.500000	8.580744e-01
1262.500000	8.553873e-01
1263.500000	8.556667e-01
1264.500000	8.451924e-01
1265.500000	8.600635e-01
1266.500000	8.530232e-01
1267.500000	8.469415e-01
1268.500000	8.289546e-01
1269.500000	8.566997e-01
1270.500000	8.450231e-01
1271.500000	8.563712e-01
1272.500000	8.585149e-01
1273.500000	8.543413e-01
1274.500000	8.325319e-01
1275.500000	8.466525e-01
1276.500000	8.498889e-01
1277.500000	8.500381e-01
1278.500000	8.441053e-01
1279.500000	8.532907e-01
1280.500000	8.451384e-01
1281.500000	8.313107e-01
1282.500000	8.148255e-01
1283.500000	8.254675e-01
1284.500000	8.387448e-01
1285.500000	8.278028e-01
1286.500000	8.301192e-01
1287.500000	8.391803e-01
1288.500000	8.276912e-01
1289.500000	8.344105e-01
1290.500000	8.090092e-01
1291.500000	8.169795e-01
1292.500000	8.304553e-01
1293.500000	8.270744e-01
1294.500000	8.266388e-01
1295.500000	8.314239e-01
1296.500000	8.349753e-01
1297.500000	8.244589e-01
1298.500000	8.333374e-01
1299.500000	8.253154e-01
1300.500000	8.304882e-01
1301.500000	8.192682e-01
1302.500000	8.330754e-01
1303.500000	8.232765e-01
1304.500000	8.289460e-01
1305.500000	8.273475e-01
1306.500000	8.239728e-01
1307.500000	8.221457e-01
1308.500000	8.167086e-01
1309.500000	8.138851e-01
1310.500000	8.233210e-01
1311.500000	8.175406e-01
1312.500000	7.382932e-01
1313.500000	7.961180e-01
1314.500000	8.154658e-01
1315.500000	7.508564e-01
1316.500000	8.202977e-01
1317.500000	8.168095e-01
1318.500000	8.177309e-01
1319.500000	8.228032e-01
1320.500000	8.054461e-01
1321.500000	8.105345e-01
1322.500000	8.088574e-01
1323.500000	8.095984e-01
1324.500000	8.094274e-01
1325.500000	8.053625e-01
1326.500000	8.058650e-01
1327.500000	7.973826e-01
1328.500000	8.006598e-01
1329.500000	7.835633e-01
1330.500000	7.967464e-01
1331.500000	7.867656e-01
1332.500000	7.421471e-01
1333.500000	7.923132e-01
1334.500000	7.484999e-01
1335.500000	7.420124e-01
1336.500000	7.639621e-01
1337.500000	7.438966e-01
1338.500000	7.558900e-01
1339.500000	7.606309e-01
1340.500000	7.508763e-01
1341.500000	7.561455e-01
1342.500000	7.415914e-01
1343.500000	7.474362e-01
1344.500000	7.331694e-01
1345.500000	7.724850e-01
1346.500000	7.426229e-01
1347.500000	7.476415e-01
1348.500000	7.460699e-01
1349.500000	7.636950e-01
1350.500000	7.276524e-01
1351.500000	7.508470e-01
1352.500000	7.443541e-01
1353.500000	7.487463e-01
1354.500000	7.386848e-01
1355.500000	7.363089e-01
1356.500000	7.557874e-01
1357.500000	7.443027e-01
1358.500000	7.442220e-01
1359.500000	7.391811e-01
1360.500000	7.495009e-01
1361.500000	7.361325e-01
1362.500000	7.269224e-01
1363.500000	7.334008e-01
1364.500000	7.265106e-01
1365.500000	7.523129e-01
1366.500000	7.384217e-01
1367.500000	7.428870e-01
1368.500000	7.403722e-01
1369.500000	7.415169e-01
1370.500000	7.451246e-01
1371.500000	7.366983e-01
1372.500000	7.438104e-01
1373.500000	7.429379e-01
1374.500000	7.429970e-01
1375.500000	7.457898e-01
1376.500000	7.409368e-01
1377.500000	7.439242e-01
1378.500000	7.379718e-01
1379.500000	7.431700e-01
1380.500000	7.399625e-01
1381.500000	7.483995e-01
1382.500000	7.263924e-01
1383.500000	7.371321e-01
1384.500000	7.391240e-01
1385.500000	7.286629e-01
1386.500000	7.213292e-01
1387.500000	7.421019e-01
1388.500000	7.144848e-01
1389.500000	7.245799e-01
1390.500000	7.145186e-01
1391.500000	6.681543e-01
1392.500000	6.923565e-01
1393.500000	6.911173e-01
1394.500000	7.157286e-01
1395.500000	6.944952e-01
1396.500000	7.144131e-01
1397.500000	6.933610e-01
1398.500000	6.916497e-01
1399.500000	7.049662e-01
1400.500000	6.857960e-01
1401.500000	7.008962e-01
1402.500000	7.116930e-01
1403.500000	7.153820e-01
1404.500000	6.898944e-01
1405.500000	7.039944e-01
1406.500000	7.080363e-01
1407.500000	7.006337e-01
1408.500000	6.870001e-01
1409.500000	7.025115e-01
1410.500000	6.909419e-01
1411.500000	6.956216e-01
1412.500000	6.791686e-01
1413.500000	6.927889e-01
1414.500000	6.712170e-01
1415.500000	7.051408e-01
1416.500000	6.834198e-01
1417.500000	6.749773e-01
1418.500000	6.705170e-01
1419.500000	6.835686e-01
1420.500000	6.920692e-01
1421.500000	6.855505e-01
1422.500000	6.902662e-01
1423.500000	6.663745e-01
1424.500000	6.844045e-01
1425.500000	6.636507e-01
1426.500000	6.601668e-01
1427.500000	6.642548e-01
1428.500000	6.573229e-01
1429.500000	6.811468e-01
1430.500000	6.933438e-01
1431.500000	6.738721e-01
1432.500000	6.822989e-01
1433.500000	6.786664e-01
1434.500000	6.578585e-01
1435.500000	6.746739e-01
1436.500000	6.729660e-01
1437.500000	6.766111e-01
1438.500000	6.879258e-01
1439.500000	6.562891e-01
1440.500000	6.789651e-01
1441.500000	6.688157e-01
1442.500000	6.688153e-01
1443.500000	6.870591e-01
1444.500000	6.717282e-01
1445.500000	6.645789e-01
1446.500000	6.724774e-01
1447.500000	6.678024e-01
1448.500000	6.736038e-01
1449.500000	6.786576e-01
1450.500000	6.591483e-01
1451.500000	6.655996e-01
1452.500000	6.789874e-01
1453.500000	6.681009e-01
1454.500000	6.719977e-01
1455.500000	6.747122e-01
1456.500000	6.425478e-01
1457.500000	6.654738e-01
1458.500000	6.786424e-01
1459.500000	6.724038e-01
1460.500000	6.402991e-01
1461.500000	6.342682e-01
1462.500000	6.420468e-01
1463.500000	6.479272e-01
1464.500000	6.534134e-01
1465.500000	6.586082e-01
1466.500000	6.508204e-01
1467.500000	6.358876e-01
1468.500000	6.419401e-01
1469.500000	6.354400e-01
1470.500000	6.439128e-01
1471.500000	6.427051e-01
1472.500000	6.626036e-01
1473.500000	6.480048e-01
1474.500000	6.483555e-01
1475.500000	6.382112e-01
1476.500000	6.504948e-01
1477.500000	6.323092e-01
1478.500000	6.427129e-01
1479.500000	6.380892e-01
1480.500000	6.329398e-01
1481.500000	6.427348e-01
1482.500000	6.484810e-01
1483.500000	6.518828e-01
1484.500000	6.411146e-01
1485.500000	6.466301e-01
1486.500000	6.514569e-01
1487.500000	6.417462e-01
1488.500000	5.962514e-01
1489.500000	6.538924e-01
1490.500000	6.262412e-01
1491.500000	6.553536e-01
1492.500000	6.427371e-01
1493.500000	6.497610e-01
1494.500000	6.449637e-01
1495.500000	6.403533e-01
1496.500000	6.506715e-01
1497.500000	6.508935e-01
1498.500000	6.516816e-01
1499.500000	6.455421e-01
1500.500000	6.225342e-01
1501.500000	6.426701e-01
1502.500000	5.884110e-01
1503.500000	6.352494e-01
1504.500000	6.184757e-01
1505.500000	6.200642e-01
1506.500000	6.389540e-01
1507.500000	6.440391e-01
1508.500000	6.332323e-01
1509.500000	6.491454e-01
1510.500000	6.409785e-01
1511.500000	6.400294e-01
1512.500000	6.456544e-01
1513.500000	6.105676e-01
1514.500000	6.438077e-01
1515.500000	6.306112e-01
1516.500000	6.212396e-01
1517.500000	6.081506e-01
1518.500000	6.437621e-01
1519.500000	6.401524e-01
1520.500000	6.403753e-01
1521.500000	6.525037e-01
1522.500000	6.385678e-01
1523.500000	6.495790e-01
1524.500000	6.282377e-01
1525.500000	6.391186e-01
1526.500000	6.151017e-01
1527.500000	6.324676e-01
1528.500000	6.070323e-01
1529.500000	6.366498e-01
1530.500000	6.455886e-01
1531.500000	6.386890e-01
1532.500000	6.188513e-01
1533.500000	6.169454e-01
1534.500000	6.349634e-01
1535.500000	6.368349e-01
1536.500000	6.412128e-01
1537.500000	6.173234e-01
1538.500000	6.223557e-01
1539.500000	6.190070e-01
1540.500000	6.148635e-01
1541.500000	6.095199e-01
1542.500000	6.005967e-01
1543.500000	6.078331e-01
1544.500000	6.298380e-01
1545.500000	6.380251e-01
1546.500000	6.267517e-01
1547.500000	6.207298e-01
1548.500000	6.302997e-01
1549.500000	6.380480e-01
1550.500000	6.061662e-01
1551.500000	6.217295e-01
1552.500000	6.392633e-01
1553.500000	6.200771e-01
1554.500000	5.989864e-01
1555.500000	6.307691e-01
1556.500000	6.055008e-01
1557.500000	5.939249e-01
1558.500000	6.261766e-01
1559.500000	6.246874e-01
1560.500000	6.247146e-01
1561.500000	6.251942e-01
1562.500000	6.266390e-01
1563.500000	6.116367e-01
1564.500000	6.310838e-01
1565.500000	5.979450e-01
1566.500000	6.254562e-01
1567.500000	6.355312e-01
1568.500000	6.287751e-01
1569.500000	6.229816e-01
1570.500000	6.220178e-01
1571.500000	6.208978e-01
1572.500000	5.969681e-01
1573.500000	6.018194e-01
1574.500000	6.243846e-01
1575.500000	6.115672e-01
1576.500000	6.047135e-01
1577.500000	6.136114e-01
1578.500000	6.050576e-01
1579.500000	6.315572e-01
1580.500000	6.242470e-01
1581.500000	6.286769e-01
1582.500000	6.262732e-01
1583.500000	6.178124e-01
1584.500000	6.139018e-01
1585.500000	6.280273e-01
1586.500000	6.267275e-01
1587.500000	6.267905e-01
1588.500000	6.178395e-01
1589.500000	5.775744e-01
1590.500000	6.092372e-01
1591.500000	6.006776e-01
1592.500000	6.228080e-01
1593.500000	6.215302e-01
1594.500000	6.253039e-01
1595.500000	6.284767e-01
1596.500000	6.287426e-01
1597.500000	6.201378e-01
1598.500000	6.223554e-01
1599.500000	6.234190e-01
1600.500000	6.234119e-01
1601.500000	6.232233e-01
1602.500000	6.217690e-01
1603.500000	6.207504e-01
1604.500000	5.938248e-01
1605.500000	6.034655e-01
1606.500000	5.928855e-01
1607.500000	5.907983e-01
1608.500000	6.188876e-01
1609.500000	6.208584e-01
1610.500000	6.200918e-01
1611.500000	6.194100e-01
1612.500000	6.128301e-01
1613.500000	6.108610e-01
1614.500000	5.969450e-01
1615.500000	5.648526e-01
1616.500000	5.771505e-01
1617.500000	6.196926e-01
1618.500000	6.144059e-01
1619.500000	5.680862e-01
1620.500000	5.475537e-01
1621.500000	5.919254e-01
1622.500000	5.986122e-01
1623.500000	5.994215e-01
1624.500000	6.100395e-01
1625.500000	5.766863e-01
1626.500000	5.966437e-01
1627.500000	6.117624e-01
1628.500000	6.143220e-01
1629.500000	6.159842e-01
1630.500000	6.069395e-01
1631.500000	6.005274e-01
1632.500000	6.110649e-01
1633.500000	6.161626e-01
1634.500000	6.054173e-01
1635.500000	5.783716e-01
1636.500000	5.954771e-01
1637.500000	5.959359e-01
1638.500000	6.061118e-01
1639.500000	6.050355e-01
1640.500000	6.054121e-01
1641.500000	6.017550e-01
1642.500000	6.087479e-01
1643.500000	6.087682e-01
1644.500000	5.854860e-01
1645.500000	5.778072e-01
1646.500000	5.970536e-01
1647.500000	5.927248e-01
1648.500000	6.063774e-01
1649.500000	6.014770e-01
1650.500000	6.031237e-01
1651.500000	6.035383e-01
1652.500000	5.907722e-01
1653.500000	5.820666e-01
1654.500000	5.859590e-01
1655.500000	6.033562e-01
1656.500000	6.070286e-01
1657.500000	6.014649e-01
1658.500000	5.866864e-01
1659.500000	6.001285e-01
1660.500000	5.928231e-01
1661.500000	5.846665e-01
1662.500000	5.982655e-01
1663.500000	5.930945e-01
1664.500000	5.957806e-01
1665.500000	5.755355e-01
1666.500000	5.734695e-01
1667.500000	5.882907e-01
1668.500000	5.958157e-01
1669.500000	5.904790e-01
1670.500000	5.799703e-01
1671.500000	5.635162e-01
1672.500000	5.466950e-01
1673.500000	5.728732e-01
1674.500000	5.858367e-01
1675.500000	5.276325e-01
1676.500000	5.707190e-01
1677.500000	5.820741e-01
1678.500000	5.891961e-01
1679.500000	5.868102e-01
1680.500000	5.845288e-01
1681.500000	5.853223e-01
1682.500000	5.840517e-01
1683.500000	5.836367e-01
1684.500000	5.799952e-01
1685.500000	5.807743e-01
1686.500000	5.787747e-01
1687.500000	5.543404e-01
1688.500000	5.582587e-01
1689.500000	5.576645e-01
1690.500000	5.408608e-01
1691.500000	5.583001e-01
1692.500000	5.692875e-01
1693.500000	5.772573e-01
1694.500000	5.704694e-01
1695.500000	5.667060e-01
1696.500000	5.694210e-01
1697.500000	5.633381e-01
1698.500000	5.691896e-01
1699.500000	5.624902e-01
1700.500000	5.587733e-01
1701.500000	5.637781e-01
1702.500000	5.614350e-01
1703.500000	5.626871e-01
1704.500000	5.561431e-01
1705.500000	5.413250e-01
1706.500000	5.551538e-01
1707.500000	5.356090e-01
1708.500000	5.446939e-01
1709.500000	5.450065e-01
1710.500000	5.095465e-01
1711.500000	4.965845e-01
1712.500000	5.348982e-01
1713.500000	5.437467e-01
1714.500000	5.391367e-01
1715.500000	5.403958e-01
1716.500000	5.358261e-01
1717.500000	5.291504e-01
1718.500000	5.275001e-01
1719.500000	5.268596e-01
1720.500000	5.349877e-01
1721.500000	5.246489e-01
1722.500000	5.291771e-01
1723.500000	5.132002e-01
1724.500000	5.149501e-01
1725.500000	5.341843e-01
1726.500000	5.148901e-01
1727.500000	5.196524e-01
1728.500000	5.283777e-01
1729.500000	5.190819e-01
1730.500000	5.315870e-01
1731.500000	4.980688e-01
1732.500000	5.004451e-01
1733.500000	5.157940e-01
1734.500000	4.954234e-01
1735.500000	5.016354e-01
1736.500000	5.142285e-01
1737.500000	5.132089e-01
1738.500000	4.989019e-01
1739.500000	5.084142e-01
1740.500000	4.987913e-01
1741.500000	4.974932e-01
1742.500000	4.913812e-01
1743.500000	4.974143e-01
1744.500000	5.009855e-01
1745.500000	5.031358e-01
1746.500000	4.975859e-01
1747.500000	4.953238e-01
1748.500000	5.022280e-01
1749.500000	4.921623e-01
1750.500000	4.700406e-01
1751.500000	4.946061e-01
1752.500000	4.927583e-01
1753.500000	4.819788e-01
1754.500000	4.730496e-01
1755.500000	4.727493e-01
1756.500000	4.689123e-01
1757.500000	4.841230e-01
1758.500000	4.724980e-01
1759.500000	4.696064e-01
1760.500000	4.708512e-01
1761.500000	4.756385e-01
1762.500000	4.542801e-01
1763.500000	4.790783e-01
1764.500000	4.675847e-01
1765.500000	4.757489e-01
1766.500000	4.715338e-01
1767.500000	4.584694e-01
1768.500000	4.448371e-01
1769.500000	4.778516e-01
1770.500000	4.661011e-01
1771.500000	4.552249e-01
1772.500000	4.471075e-01
1773.500000	4.647039e-01
1774.500000	4.600586e-01
1775.500000	4.548840e-01
1776.500000	4.417386e-01
1777.500000	4.436142e-01
1778.500000	4.497316e-01
1779.500000	4.397333e-01
1780.500000	4.649700e-01
1781.500000	4.283809e-01
1782.500000	4.296318e-01
1783.500000	4.459026e-01
1784.500000	4.498126e-01
1785.500000	4.257141e-01
1786.500000	4.336888e-01
1787.500000	4.274513e-01
1788.500000	4.343819e-01
1789.500000	4.520969e-01
1790.500000	4.295168e-01
1791.500000	4.245245e-01
1792.500000	4.400814e-01
1793.500000	4.334130e-01
1794.500000	4.257630e-01
1795.500000	4.391797e-01
1796.500000	4.088948e-01
1797.500000	4.432021e-01
1798.500000	4.442097e-01
1799.500000	4.094306e-01
1800.500000	4.206986e-01
1801.500000	4.100481e-01
1802.500000	4.091921e-01
1803.500000	4.128103e-01
1804.500000	4.198984e-01
1805.500000	4.058303e-01
1806.500000	4.284745e-01
1807.500000	4.111929e-01
1808.500000	4.094070e-01
1809.500000	4.342874e-01
1810.500000	4.080787e-01
1811.500000	4.073266e-01
1812.500000	3.971176e-01
1813.500000	4.205268e-01
1814.500000	4.289435e-01
1815.500000	4.113342e-01
1816.500000	4.281037e-01
1817.500000	3.984149e-01
1818.500000	4.007480e-01
1819.500000	4.024324e-01
1820.500000	4.029037e-01
1821.500000	3.944129e-01
1822.500000	3.927988e-01
1823.500000	4.316536e-01
1824.500000	4.222211e-01
1825.500000	4.120370e-01
1826.500000	3.854613e-01
1827.500000	3.858671e-01
1828.500000	4.050958e-01
1829.500000	4.139686e-01
1830.500000	4.017209e-01
1831.500000	4.062503e-01
1832.500000	3.831144e-01
1833.500000	4.078920e-01
1834.500000	4.059635e-01
1835.500000	3.962812e-01
1836.500000	4.009882e-01
1837.500000	3.889427e-01
1838.500000	4.096288e-01
1839.500000	3.796566e-01
1840.500000	3.964194e-01
1841.500000	4.094626e-01
1842.500000	3.810889e-01
1843.500000	3.773332e-01
1844.500000	3.728571e-01
1845.500000	3.858007e-01
1846.500000	3.653286e-01
1847.500000	3.471746e-01
1848.500000	3.595177e-01
1849.500000	3.836507e-01
1850.500000	3.794461e-01
1851.500000	3.891512e-01
1852.500000	3.867009e-01
1853.500000	3.629773e-01
1854.500000	3.830684e-01
1855.500000	3.851849e-01
1856.500000	3.500016e-01
1857.500000	3.590661e-01
1858.500000	3.544538e-01
1859.500000	3.564503e-01
1860.500000	3.540196e-01
1861.500000	3.599777e-01
1862.500000	3.726078e-01
1863.500000	3.763045e-01
1864.500000	3.717869e-01
1865.500000	3.577699e-01
1866.500000	3.798966e-01
1867.500000	3.707448e-01
1868.500000	3.675957e-01
1869.500000	3.817277e-01
1870.500000	3.793937e-01
1871.500000	3.584659e-01
1872.500000	3.670978e-01
1873.500000	3.437273e-01
1874.500000	3.662443e-01
1875.500000	3.734869e-01
1876.500000	3.630391e-01
1877.500000	3.593278e-01
1878.500000	3.560269e-01
1879.500000	3.589105e-01
1880.500000	3.720373e-01
1881.500000	3.629989e-01
1882.500000	3.775586e-01
1883.500000	3.802579e-01
1884.500000	3.638199e-01
1885.500000	3.555672e-01
1886.500000	3.579089e-01
1887.500000	3.751324e-01
1888.500000	3.591251e-01
1889.500000	3.690134e-01
1890.500000	3.670946e-01
1891.500000	3.542743e-01
1892.500000	3.448294e-01
1893.500000	3.595015e-01
1894.500000	3.566410e-01
1895.500000	3.722781e-01
1896.500000	3.589033e-01
1897.500000	3.661151e-01
1898.500000	3.523519e-01
1899.500000	3.659538e-01
1900.500000	3.722630e-01
1901.500000	3.575702e-01
1902.500000	3.664855e-01
1903.500000	3.583720e-01
1904.500000	3.621618e-01
1905.500000	3.543605e-01
1906.500000	3.490003e-01
1907.500000	3.580849e-01
1908.500000	3.654882e-01
1909.500000	3.594247e-01
1910.500000	3.535497e-01
1911.500000	3.395350e-01
1912.500000	3.633903e-01
1913.500000	3.648364e-01
1914.500000	3.635638e-01
1915.500000	3.624987e-01
1916.500000	3.455343e-01
1917.500000	3.570385e-01
1918.500000	3.566094e-01
1919.500000	3.559967e-01
1920.500000	3.521165e-01
1921.500000	3.570175e-01
1922.500000	3.484241e-01
1923.500000	3.538952e-01
1924.500000	3.484053e-01
1925.500000	3.539525e-01
1926.500000	3.425783e-01
1927.500000	3.597003e-01
1928.500000	3.533879e-01
1929.500000	3.434506e-01
1930.500000	3.256629e-01
1931.500000	2.694749e-01
1932.500000	3.355220e-01
1933.500000	3.403347e-01
1934.500000	3.469463e-01
1935.500000	3.520592e-01
1936.500000	3.508208e-01
1937.500000	3.542893e-01
1938.500000	3.367349e-01
1939.500000	3.379578e-01
1940.500000	3.393895e-01
1941.500000	3.450867e-01
1942.500000	3.462569e-01
1943.500000	3.262970e-01
1944.500000	3.214400e-01
1945.500000	2.643876e-01
1946.500000	3.031777e-01
1947.500000	3.326326e-01
1948.500000	3.244044e-01
1949.500000	3.342625e-01
1950.500000	3.092299e-01
1951.500000	2.846333e-01
1952.500000	3.339501e-01
1953.500000	3.355024e-01
1954.500000	3.392080e-01
1955.500000	3.254761e-01
1956.500000	3.301750e-01
1957.500000	3.515414e-01
1958.500000	3.446582e-01
1959.500000	3.392043e-01
1960.500000	3.265199e-01
1961.500000	3.330243e-01
1962.500000	3.364229e-01
1963.500000	3.207337e-01
1964.500000	3.360038e-01
1965.500000	3.381489e-01
1966.500000	3.393063e-01
1967.500000	3.318906e-01
1968.500000	3.341414e-01
1969.500000	3.363034e-01
1970.500000	3.412061e-01
1971.500000	3.211905e-01
1972.500000	3.370718e-01
1973.500000	3.190936e-01
1974.500000	3.264272e-01
1975.500000	3.057801e-01
1976.500000	2.995598e-01
1977.500000	2.792700e-01
1978.500000	2.396977e-01
1979.500000	2.988935e-01
1980.500000	3.049111e-01
1981.500000	3.118239e-01
1982.500000	3.092868e-01
1983.500000	3.218860e-01
1984.500000	3.177277e-01
1985.500000	2.929364e-01
1986.500000	2.622171e-01
1987.500000	3.067825e-01
1988.500000	3.180556e-01
1989.500000	3.065284e-01
1990.500000	3.044268e-01
1991.500000	3.090210e-01
1992.500000	2.968826e-01
1993.500000	3.015950e-01
1994.500000	3.051787e-01
1995.500000	3.075156e-01
1996.500000	3.150199e-01
1997.500000	2.920897e-01
1998.500000	3.196522e-01
1999.500000	3.083012e-01
2000.500000	3.103684e-01
2001.500000	3.128491e-01
2002.500000	3.116817e-01
2003.500000	3.177497e-01
2004.500000	3.096662e-01
2005.500000	3.117258e-01
2006.500000	3.099673e-01
2007.500000	3.129392e-01
2008.500000	3.058736e-01
2009.500000	3.036633e-01
2010.500000	3.011835e-01
2011.500000	3.075060e-01
2012.500000	3.064423e-01
2013.500000	2.991330e-01
2014.500000	3.140689e-01
2015.500000	3.072083e-01
2016.500000	3.002689e-01
2017.500000	3.032072e-01
2018.500000	3.038236e-01
2019.500000	2.934290e-01
2020.500000	2.952777e-01
2021.500000	3.155891e-01
2022.500000	3.002599e-01
2023.500000	3.060772e-01
2024.500000	3.092377e-01
2025.500000	2.979002e-01
2026.500000	2.940268e-01
2027.500000	2.958720e-01
2028.500000	3.008736e-01
2029.500000	2.908618e-01
2030.500000	2.949574e-01
2031.500000	3.020158e-01
2032.500000	3.069267e-01
2033.500000	3.020263e-01
2034.500000	2.994050e-01
2035.500000	2.876207e-01
2036.500000	3.018084e-01
2037.500000	3.031783e-01
2038.500000	2.975648e-01
2039.500000	2.895701e-01
2040.500000	2.983696e-01
2041.500000	2.955279e-01
2042.500000	3.046749e-01
2043.500000	2.945617e-01
2044.500000	2.866934e-01
2045.500000	2.872865e-01
2046.500000	2.986364e-01
2047.500000	2.974022e-01
2048.500000	2.913323e-01
2049.500000	2.813059e-01
2050.500000	2.969877e-01
2051.500000	2.975537e-01
2052.500000	2.952707e-01
2053.500000	2.949603e-01
2054.500000	2.782425e-01
2055.500000	2.926249e-01
2056.500000	2.927910e-01
2057.500000	2.919945e-01
2058.500000	3.013486e-01
2059.500000	2.899318e-01
2060.500000	2.874271e-01
2061.500000	2.931654e-01
2062.500000	2.870046e-01
2063.500000	2.809009e-01
2064.500000	2.782052e-01
2065.500000	2.854050e-01
2066.500000	2.934159e-01
2067.500000	2.819294e-01
2068.500000	2.928118e-01
2069.500000	2.825603e-01
2070.500000	2.985847e-01
2071.500000	2.848511e-01
2072.500000	2.857140e-01
2073.500000	2.789995e-01
2074.500000	2.866742e-01
2075.500000	2.860434e-01
2076.500000	2.804686e-01
2077.500000	2.873974e-01
2078.500000	2.861914e-01
2079.500000	2.858002e-01
2080.500000	2.876725e-01
2081.500000	2.776305e-01
2082.500000	2.855658e-01
2083.500000	2.833124e-01
2084.500000	2.816711e-01
2085.500000	2.777269e-01
2086.500000	2.864028e-01
2087.500000	2.788002e-01
2088.500000	2.826501e-01
2089.500000	2.746228e-01
2090.500000	2.836641e-01
2091.500000	2.853876e-01
2092.500000	2.889556e-01
2093.500000	2.785334e-01
2094.500000	2.780462e-01
2095.500000	2.814158e-01
2096.500000	2.748044e-01
2097.500000	2.744784e-01
2098.500000	2.847280e-01
2099.500000	2.739365e-01
2100.500000	2.797727e-01
2101.500000	2.818553e-01
2102.500000	2.787728e-01
2103.500000	2.797488e-01
2104.500000	2.815148e-01
2105.500000	2.754097e-01
2106.500000	2.825678e-01
2107.500000	2.771863e-01
2108.500000	2.709645e-01
2109.500000	2.762418e-01
2110.500000	2.825841e-01
2111.500000	2.723730e-01
2112.500000	2.734165e-01
2113.500000	2.796385e-01
2114.500000	2.817110e-01
2115.500000	2.757396e-01
2116.500000	2.721186e-01
2117.500000	2.674715e-01
2118.500000	2.795868e-01
2119.500000	2.751941e-01
2120.500000	2.756267e-01
2121.500000	2.755399e-01
2122.500000	2.769480e-01
2123.500000	2.742067e-01
2124.500000	2.795274e-01
2125.500000	2.749469e-01
2126.500000	2.706236e-01
2127.500000	2.705145e-01
2128.500000	2.695705e-01
2129.500000	2.735630e-01
2130.500000	2.742268e-01
2131.500000	2.772512e-01
2132.500000	2.718401e-01
2133.500000	2.777111e-01
2134.500000	2.699809e-01
2135.500000	2.766142e-01
2136.500000	2.730496e-01
2137.500000	2.701799e-01
2138.500000	2.689693e-01
2139.500000	2.738162e-01
2140.500000	2.657239e-01
2141.500000	2.728576e-01
2142.500000	2.674081e-01
2143.500000	2.762150e-01
2144.500000	2.752536e-01
2145.500000	2.729244e-01
2146.500000	2.741319e-01
2147.500000	2.731973e-01
2148.500000	2.691386e-01
2149.500000	2.676000e-01
2150.500000	2.672359e-01
2151.500000	2.715737e-01
2152.500000	2.676392e-01
2153.500000	2.684770e-01
2154.500000	2.702882e-01
2155.500000	2.706855e-01
2156.500000	2.684329e-01
2157.500000	2.702980e-01
2158.500000	2.695974e-01
2159.500000	2.676996e-01
2160.500000	2.673888e-01
2161.500000	2.724995e-01
2162.500000	2.682335e-01
2163.500000	2.656144e-01
2164.500000	2.698523e-01
2165.500000	2.686382e-01
2166.500000	2.670108e-01
2167.500000	2.685912e-01
2168.500000	2.695621e-01
2169.500000	2.697946e-01
2170.500000	2.646471e-01
2171.500000	2.663418e-01
2172.500000	2.653531e-01
2173.500000	2.665206e-01
2174.500000	2.667514e-01
2175.500000	2.643894e-01
2176.500000	2.633761e-01
2177.500000	2.654499e-01
2178.500000	2.565808e-01
2179.500000	2.633934e-01
2180.500000	2.634035e-01
2181.500000	2.654688e-01
2182.500000	2.616229e-01
2183.500000	2.626008e-01
2184.500000	2.630608e-01
2185.500000	2.656327e-01
2186.500000	2.629801e-01
2187.500000	2.630096e-01
2188.500000	2.623051e-01
2189.500000	2.623794e-01
2190.500000	2.561096e-01
2191.500000	2.625385e-01
2192.500000	2.625187e-01
2193.500000	2.612345e-01
2194.500000	2.615935e-01
2195.500000	2.630108e-01
2196.500000	2.626502e-01
2197.500000	2.599786e-01
2198.500000	2.615848e-01
2199.500000	2.601478e-01
2200.500000	2.609963e-01
2201.500000	2.581205e-01
2202.500000	2.584501e-01
2203.500000	2.568769e-01
2204.500000	2.584717e-01
2205.500000	2.464009e-01
2206.500000	2.251016e-01
2207.500000	2.530982e-01
2208.500000	2.390116e-01
2209.500000	2.451586e-01
2210.500000	2.563740e-01
2211.500000	2.568132e-01
2212.500000	2.589186e-01
2213.500000	2.575228e-01
2214.500000	2.576867e-01
2215.500000	2.572668e-01
2216.500000	2.568643e-01
2217.500000	2.562177e-01
2218.500000	2.581142e-01
2219.500000	2.549894e-01
2220.500000	2.550734e-01
2221.500000	2.492221e-01
2222.500000	2.569405e-01
2223.500000	2.502166e-01
2224.500000	2.575006e-01
2225.500000	2.571539e-01
2226.500000	2.534784e-01
2227.500000	2.501690e-01
2228.500000	2.479335e-01
2229.500000	2.524178e-01
2230.500000	2.532699e-01
2231.500000	2.516755e-01
2232.500000	2.540577e-01
2233.500000	2.510704e-01
2234.500000	2.511703e-01
2235.500000	2.518730e-01
2236.500000	2.515631e-01
2237.500000	2.530474e-01
2238.500000	2.514904e-01
2239.500000	2.525922e-01
2240.500000	2.506301e-01
2241.500000	2.505376e-01
2242.500000	2.509493e-01
2243.500000	2.503683e-01
2244.500000	2.487673e-01
2245.500000	2.513719e-01
2246.500000	2.491987e-01
2247.500000	2.504127e-01
2248.500000	2.494021e-01
2249.500000	2.502118e-01
2250.500000	2.475797e-01
2251.500000	2.496716e-01
2252.500000	2.481908e-01
2253.500000	2.492617e-01
2254.500000	2.457605e-01
2255.500000	2.462337e-01
2256.500000	2.492376e-01
2257.500000	2.452449e-01
2258.500000	2.470846e-01
2259.500000	2.466663e-01
2260.500000	2.453831e-01
2261.500000	2.431698e-01
2262.500000	2.425770e-01
2263.500000	2.397950e-01
2264.500000	2.427487e-01
2265.500000	2.406170e-01
2266.500000	2.430621e-01
2267.500000	2.450077e-01
2268.500000	2.440335e-01
2269.500000	2.445116e-01
2270.500000	2.409618e-01
2271.500000	2.434449e-01
2272.500000	2.420247e-01
2273.500000	2.434835e-01
2274.500000	2.412166e-01
2275.500000	2.442931e-01
2276.500000	2.428843e-01
2277.500000	2.421530e-01
2278.500000	2.416500e-01
2279.500000	2.409727e-01
2280.500000	2.371652e-01
2281.500000	2.419981e-01
2282.500000	2.374048e-01
2283.500000	2.385841e-01
2284.500000	2.373598e-01
2285.500000	2.402468e-01
2286.500000	2.403236e-01
2287.500000	2.398927e-01
2288.500000	2.401010e-01
2289.500000	2.382671e-01
2290.500000	2.397426e-01
2291.500000	2.362713e-01
2292.500000	2.380190e-01
2293.500000	2.111492e-01
2294.500000	2.135331e-01
2295.500000	2.190534e-01
2296.500000	2.176387e-01
2297.500000	2.217579e-01
2298.500000	2.282704e-01
2299.500000	2.220451e-01
2300.500000	2.284327e-01
2301.500000	2.264735e-01
2302.500000	2.251170e-01
2303.500000	2.249963e-01
2304.500000	2.271373e-01
2305.500000	2.252563e-01
2306.500000	2.265428e-01
2307.500000	2.264367e-01
2308.500000	2.281347e-01
2309.500000	2.276329e-01
2310.500000	2.254901e-01
2311.500000	2.236037e-01
2312.500000	2.248920e-01
2313.500000	2.254341e-01
2314.500000	2.202976e-01
2315.500000	2.268353e-01
2316.500000	2.225374e-01
2317.500000	2.224536e-01
2318.500000	2.283262e-01
2319.500000	2.232068e-01
2320.500000	2.209493e-01
2321.500000	2.254376e-01
2322.500000	2.015387e-01
2323.500000	1.986821e-01
2324.500000	2.074650e-01
2325.500000	2.087325e-01
2326.500000	2.091201e-01
2327.500000	2.174167e-01
2328.500000	2.094357e-01
2329.500000	2.175896e-01
2330.500000	2.084580e-01
2331.500000	2.104012e-01
2332.500000	2.170625e-01
2333.500000	2.152511e-01
2334.500000	2.116879e-01
2335.500000	2.007625e-01
2336.500000	2.107385e-01
2337.500000	2.110653e-01
2338.500000	1.971145e-01
2339.500000	2.106095e-01
2340.500000	2.122820e-01
2341.500000	2.085528e-01
2342.500000	2.168486e-01
2343.500000	2.139756e-01
2344.500000	2.062396e-01
2345.500000	2.108835e-01
2346.500000	2.133708e-01
2347.500000	2.158979e-01
2348.500000	2.144223e-01
2349.500000	2.088338e-01
2350.500000	2.138227e-01
2351.500000	2.051352e-01
2352.500000	1.884483e-01
2353.500000	1.951125e-01
2354.500000	1.935755e-01
2355.500000	2.029761e-01
2356.500000	1.998693e-01
2357.500000	2.018671e-01
2358.500000	2.012734e-01
2359.500000	2.002251e-01
2360.500000	2.043599e-01
2361.500000	2.004874e-01
2362.500000	2.057497e-01
2363.500000	1.996268e-01
2364.500000	2.051966e-01
2365.500000	2.068473e-01
2366.500000	2.027749e-01
2367.500000	1.985480e-01
2368.500000	2.014028e-01
2369.500000	2.055663e-01
2370.500000	2.048528e-01
2371.500000	2.050716e-01
2372.500000	2.043120e-01
2373.500000	2.029862e-01
2374.500000	2.045881e-01
2375.500000	2.003371e-01
2376.500000	1.998554e-01
2377.500000	2.063528e-01
2378.500000	1.981259e-01
2379.500000	1.972431e-01
2380.500000	2.027054e-01
2381.500000	1.961944e-01
2382.500000	1.935184e-01
2383.500000	1.775460e-01
2384.500000	1.879672e-01
2385.500000	1.899252e-01
2386.500000	1.886893e-01
2387.500000	1.906812e-01
2388.500000	1.868929e-01
2389.500000	1.910045e-01
2390.500000	1.955367e-01
2391.500000	1.868824e-01
2392.500000	1.859352e-01
2393.500000	1.958291e-01
2394.500000	1.958955e-01
2395.500000	1.899363e-01
2396.500000	1.875057e-01
2397.500000	1.921922e-01
2398.500000	1.910394e-01
2399.500000	1.874149e-01
2400.500000	1.878331e-01
2401.500000	1.872388e-01
2402.500000	1.823377e-01
2403.500000	1.933698e-01
2404.500000	1.801954e-01
2405.500000	1.854089e-01
2406.500000	1.885731e-01
2407.500000	1.839201e-01
2408.500000	1.772527e-01
2409.500000	1.838184e-01
2410.500000	1.802159e-01
2411.500000	1.845520e-01
2412.500000	1.844901e-01
2413.500000	1.734951e-01
2414.500000	1.699049e-01
2415.500000	1.852510e-01
2416.500000	1.706455e-01
2417.500000	1.720156e-01
2418.500000	1.869594e-01
2419.500000	1.731443e-01
2420.500000	1.807911e-01
2421.500000	1.762748e-01
2422.500000	1.724918e-01
2423.500000	1.734009e-01
2424.500000	1.815629e-01
2425.500000	1.725641e-01
2426.500000	1.691569e-01
2427.500000	1.770343e-01
2428.500000	1.710070e-01
2429.500000	1.795547e-01
2430.500000	1.731254e-01
2431.500000	1.642721e-01
2432.500000	1.808834e-01
2433.500000	1.653978e-01
2434.500000	1.681554e-01
2435.500000	1.770899e-01
2436.500000	1.671755e-01
2437.500000	1.588263e-01
2438.500000	1.746608e-01
2439.500000	1.780836e-01
2440.500000	1.672386e-01
2441.500000	1.649337e-01
2442.500000	1.663818e-01
2443.500000	1.657460e-01
2444.500000	1.574090e-01
2445.500000	1.777266e-01
2446.500000	1.631236e-01
2447.500000	1.618332e-01
2448.500000	1.602982e-01
2449.500000	1.646035e-01
2450.500000	1.638936e-01
2451.500000	1.629581e-01
2452.500000	1.587374e-01
2453.500000	1.575351e-01
2454.500000	1.441667e-01
2455.500000	1.629344e-01
2456.500000	1.674091e-01
2457.500000	1.680063e-01
2458.500000	1.658222e-01
2459.500000	1.587132e-01
2460.500000	1.521532e-01
2461.500000	1.431501e-01
2462.500000	1.665310e-01
2463.500000	1.624918e-01
2464.500000	1.670729e-01
2465.500000	1.590203e-01
2466.500000	1.575399e-01
2467.500000	1.486779e-01
2468.500000	1.529584e-01
2469.500000	1.634028e-01
2470.500000	1.566730e-01
2471.500000	1.549147e-01
2472.500000	1.583143e-01
2473.500000	1.515068e-01
2474.500000	1.457286e-01
2475.500000	1.466303e-01
2476.500000	1.567587e-01
2477.500000	1.601430e-01
2478.500000	1.511714e-01
2479.500000	1.499566e-01
2480.500000	1.511253e-01
2481.500000	1.428988e-01
2482.500000	1.440268e-01
2483.500000	1.588999e-01
2484.500000	1.562298e-01
2485.500000	1.512762e-01
2486.500000	1.417266e-01
2487.500000	1.422429e-01
2488.500000	1.401119e-01
2489.500000	1.437106e-01
2490.500000	1.370259e-01
2491.500000	1.402321e-01
2492.500000	1.463152e-01
2493.500000	1.432615e-01
2494.500000	1.460681e-01
2495.500000	1.474331e-01
2496.500000	1.480521e-01
2497.500000	1.420536e-01
2498.500000	1.338830e-01
2499.500000	1.439563e-01
2500.500000	1.393983e-01
2501.500000	1.462117e-01
2502.500000	1.478638e-01
2503.500000	1.327278e-01
2504.500000	1.398833e-01
2505.500000	1.362750e-01
2506.500000	1.293941e-01
2507.500000	1.419158e-01
2508.500000	1.444232e-01
2509.500000	1.477468e-01
2510.500000	1.433964e-01
2511.500000	1.385818e-01
2512.500000	1.338441e-01
2513.500000	1.367280e-01
2514.500000	1.390083e-01
2515.500000	1.256849e-01
2516.500000	1.442558e-01
2517.500000	1.481815e-01
2518.500000	1.410264e-01
2519.500000	1.327144e-01
2520.500000	1.349445e-01
2521.500000	1.457443e-01
2522.500000	1.400196e-01
2523.500000	1.356048e-01
2524.500000	1.289862e-01
2525.500000	1.343706e-01
2526.500000	1.403616e-01
2527.500000	1.274787e-01
2528.500000	1.329396e-01
2529.500000	1.371095e-01
2530.500000	1.458163e-01
2531.500000	1.314430e-01
2532.500000	1.424839e-01
2533.500000	1.321555e-01
2534.500000	1.423990e-01
2535.500000	1.271345e-01
2536.500000	1.303070e-01
2537.500000	1.272191e-01
2538.500000	1.402444e-01
2539.500000	1.279180e-01
2540.500000	1.344762e-01
2541.500000	1.333186e-01
2542.500000	1.354429e-01
2543.500000	1.254221e-01
2544.500000	1.366121e-01
2545.500000	1.369634e-01
2546.500000	1.368890e-01
2547.500000	1.332013e-01
2548.500000	1.306920e-01
2549.500000	1.324083e-01
2550.500000	1.296381e-01
2551.500000	1.402297e-01
2552.500000	1.258042e-01
2553.500000	1.343785e-01
2554.500000	1.381163e-01
2555.500000	1.326861e-01
2556.500000	1.274990e-01
2557.500000	1.343946e-01
2558.500000	1.383949e-01
2559.500000	1.315240e-01
2560.500000	1.236789e-01
2561.500000	1.305699e-01
2562.500000	1.270135e-01
2563.500000	1.285694e-01
2564.500000	1.292333e-01
2565.500000	1.358105e-01
2566.500000	1.280247e-01
2567.500000	1.319925e-01
2568.500000	1.296070e-01
2569.500000	1.223068e-01
2570.500000	1.377156e-01
2571.500000	1.460963e-01
2572.500000	1.357244e-01
2573.500000	1.239629e-01
2574.500000	1.283707e-01
2575.500000	1.283428e-01
2576.500000	1.254890e-01
2577.500000	1.206757e-01
2578.500000	1.246720e-01
2579.500000	1.327760e-01
2580.500000	1.392871e-01
2581.500000	1.256807e-01
2582.500000	1.285634e-01
2583.500000	1.263101e-01
2584.500000	1.304655e-01
2585.500000	1.366946e-01
2586.500000	1.402248e-01
2587.500000	1.245191e-01
2588.500000	1.275060e-01
2589.500000	1.239944e-01
2590.500000	1.312285e-01
2591.500000	1.334381e-01
2592.500000	1.312055e-01
2593.500000	1.281306e-01
2594.500000	1.232556e-01
2595.500000	1.306537e-01
2596.500000	1.312311e-01
2597.500000	1.238903e-01
2598.500000	1.247475e-01
2599.500000	1.285365e-01
2600.500000	1.351017e-01
2601.500000	1.276229e-01
2602.500000	1.377069e-01
2603.500000	1.269264e-01
2604.500000	1.280024e-01
2605.500000	1.291048e-01
2606.500000	1.316380e-01
2607.500000	1.256022e-01
2608.500000	1.180795e-01
2609.500000	1.260577e-01
2610.500000	1.352847e-01
2611.500000	1.366105e-01
2612.500000	1.321224e-01
2613.500000	1.294700e-01
2614.500000	1.282689e-01
2615.500000	1.342772e-01
2616.500000	1.294934e-01
2617.500000	1.244310e-01
2618.500000	1.228976e-01
2619.500000	1.242961e-01
2620.500000	1.258504e-01
2621.500000	1.270252e-01
2622.500000	1.237233e-01
2623.500000	1.294647e-01
2624.500000	1.262279e-01
2625.500000	1.255520e-01
2626.500000	1.232884e-01
2627.500000	1.281016e-01
2628.500000	1.313313e-01
2629.500000	1.294662e-01
2630.500000	1.194378e-01
2631.500000	1.293295e-01
2632.500000	1.291375e-01
2633.500000	1.260907e-01
2634.500000	1.174114e-01
2635.500000	1.266667e-01
2636.500000	1.285029e-01
2637.500000	1.286789e-01
2638.500000	1.236077e-01
2639.500000	1.317832e-01
2640.500000	1.184098e-01
2641.500000	1.201225e-01
2642.500000	1.245465e-01
2643.500000	1.286529e-01
2644.500000	1.277268e-01
2645.500000	1.191954e-01
2646.500000	1.241341e-01
2647.500000	1.261497e-01
2648.500000	1.251520e-01
2649.500000	1.240534e-01
2650.500000	1.270019e-01
2651.500000	1.240282e-01
2652.500000	1.217437e-01
2653.500000	1.305588e-01
2654.500000	1.241563e-01
2655.500000	1.228832e-01
2656.500000	1.208286e-01
2657.500000	1.301706e-01
2658.500000	1.307928e-01
2659.500000	1.265970e-01
2660.500000	1.187052e-01
2661.500000	1.223438e-01
2662.500000	1.334561e-01
2663.500000	1.259276e-01
2664.500000	1.208725e-01
2665.500000	1.236108e-01
2666.500000	1.233127e-01
2667.500000	1.230160e-01
2668.500000	1.265105e-01
2669.500000	1.238567e-01
2670.500000	1.094248e-01
2671.500000	1.253027e-01
2672.500000	1.308297e-01
2673.500000	1.239870e-01
2674.500000	1.238187e-01
2675.500000	1.217795e-01
2676.500000	1.161325e-01
2677.500000	1.095346e-01
2678.500000	1.249118e-01
2679.500000	1.226028e-01
2680.500000	1.208926e-01
2681.500000	1.184938e-01
2682.500000	1.200559e-01
2683.500000	1.223375e-01
2684.500000	1.177693e-01
2685.500000	1.208719e-01
2686.500000	1.089890e-01
2687.500000	1.285520e-01
2688.500000	1.180003e-01
2689.500000	1.281414e-01
2690.500000	1.217649e-01
2691.500000	1.183311e-01
2692.500000	1.196209e-01
2693.500000	1.086766e-01
2694.500000	1.075623e-01
2695.500000	1.178768e-01
2696.500000	1.103674e-01
2697.500000	1.160552e-01
2698.500000	1.173963e-01
2699.500000	1.249019e-01
2700.500000	1.266317e-01
2701.500000	1.122435e-01
2702.500000	1.176651e-01
2703.500000	1.119864e-01
2704.500000	1.098461e-01
2705.500000	1.143497e-01
2706.500000	1.152596e-01
2707.500000	1.193232e-01
2708.500000	1.160792e-01
2709.500000	1.166454e-01
2710.500000	1.160009e-01
2711.500000	1.072378e-01
2712.500000	1.071111e-01
2713.500000	1.189947e-01
2714.500000	1.104959e-01
2715.500000	1.158113e-01
2716.500000	1.099738e-01
2717.500000	1.099361e-01
2718.500000	1.128791e-01
2719.500000	1.179677e-01
2720.500000	1.098531e-01
2721.500000	1.193042e-01
2722.500000	1.078426e-01
2723.500000	1.123020e-01
2724.500000	1.030733e-01
2725.500000	1.073653e-01
2726.500000	1.152577e-01
2727.500000	1.112907e-01
2728.500000	1.042198e-01
2729.500000	1.057394e-01
2730.500000	1.064119e-01
2731.500000	1.206708e-01
2732.500000	1.157909e-01
2733.500000	1.139281e-01
2734.500000	1.185046e-01
2735.500000	1.007569e-01
2736.500000	9.771126e-02
2737.500000	1.097648e-01
2738.500000	1.047629e-01
2739.500000	1.056547e-01
2740.500000	1.012573e-01
2741.500000	1.075760e-01
2742.500000	1.154015e-01
2743.500000	1.133152e-01
2744.500000	1.072715e-01
2745.500000	1.091586e-01
2746.500000	1.094741e-01
2747.500000	1.081105e-01
2748.500000	1.089940e-01
2749.500000	1.090434e-01
2750.500000	1.000554e-01
2751.500000	1.066751e-01
2752.500000	1.063315e-01
2753.500000	1.100622e-01
2754.500000	9.973462e-02
2755.500000	1.028585e-01
2756.500000	1.039549e-01
2757.500000	1.126038e-01
2758.500000	1.070250e-01
2759.500000	1.089985e-01
2760.500000	1.075066e-01
2761.500000	1.062406e-01
2762.500000	1.093352e-01
2763.500000	1.127823e-01
2764.500000	9.801921e-02
2765.500000	1.041833e-01
2766.500000	1.000877e-01
2767.500000	1.001763e-01
2768.500000	1.018972e-01
2769.500000	1.052537e-01
2770.500000	9.883082e-02
2771.500000	1.051910e-01
2772.500000	1.056268e-01
2773.500000	1.033671e-01
2774.500000	1.158523e-01
2775.500000	1.036898e-01
2776.500000	1.033629e-01
2777.500000	1.055005e-01
2778.500000	1.011139e-01
2779.500000	1.002957e-01
2780.500000	1.041894e-01
2781.500000	1.059687e-01
2782.500000	1.008191e-01
2783.500000	1.078056e-01
2784.500000	1.041519e-01
2785.500000	9.573174e-02
2786.500000	9.271750e-02
2787.500000	1.035331e-01
2788.500000	9.687029e-02
2789.500000	1.006435e-01
2790.500000	1.058732e-01
2791.500000	1.019415e-01
2792.500000	9.632022e-02
2793.500000	1.068293e-01
2794.500000	1.044091e-01
2795.500000	1.024177e-01
2796.500000	1.028233e-01
2797.500000	1.012598e-01
2798.500000	1.017516e-01
2799.500000	1.064856e-01
2800.500000	9.850778e-02
2801.500000	9.719205e-02
2802.500000	9.293551e-02
2803.500000	9.380275e-02
2804.500000	9.335478e-02
2805.500000	8.814249e-02
2806.500000	1.010053e-01
2807.500000	1.051988e-01
2808.500000	9.682114e-02
2809.500000	9.674083e-02
2810.500000	1.003614e-01
2811.500000	1.031860e-01
2812.500000	1.026132e-01
2813.500000	9.234411e-02
2814.500000	9.785960e-02
2815.500000	1.016511e-01
2816.500000	1.009377e-01
2817.500000	9.225584e-02
2818.500000	9.793050e-02
2819.500000	9.010636e-02
2820.500000	8.562008e-02
2821.500000	9.637582e-02
2822.500000	9.662604e-02
2823.500000	9.940052e-02
2824.500000	9.843408e-02
2825.500000	9.277651e-02
2826.500000	9.907278e-02
2827.500000	8.948752e-02
2828.500000	1.047885e-01
2829.500000	1.020364e-01
2830.500000	9.506886e-02
2831.500000	9.934353e-02
2832.500000	1.042938e-01
2833.500000	9.359252e-02
2834.500000	9.395294e-02
2835.500000	8.909412e-02
2836.500000	9.392015e-02
2837.500000	8.802420e-02
2838.500000	9.294063e-02
2839.500000	1.031765e-01
2840.500000	9.524351e-02
2841.500000	9.943349e-02
2842.500000	9.622576e-02
2843.500000	9.130096e-02
2844.500000	9.634890e-02
2845.500000	9.500870e-02
2846.500000	9.652216e-02
2847.500000	9.703740e-02
2848.500000	9.871976e-02
2849.500000	9.065218e-02
2850.500000	8.956140e-02
2851.500000	9.518773e-02
2852.500000	9.163779e-02
2853.500000	8.826061e-02
2854.500000	8.601320e-02
2855.500000	8.852622e-02
2856.500000	9.086484e-02
2857.500000	9.164241e-02
2858.500000	1.009654e-01
2859.500000	9.970061e-02
2860.500000	9.987742e-02
2861.500000	9.284720e-02
2862.500000	9.714772e-02
2863.500000	9.511351e-02
2864.500000	9.386798e-02
2865.500000	9.226891e-02
2866.500000	9.297710e-02
2867.500000	9.301988e-02
2868.500000	8.917052e-02
2869.500000	9.066544e-02
2870.500000	9.214443e-02
2871.500000	8.644385e-02
2872.500000	8.523185e-02
2873.500000	8.620763e-02
2874.500000	8.970082e-02
2875.500000	9.803643e-02
2876.500000	9.925711e-02
2877.500000	9.168464e-02
2878.500000	9.601304e-02
2879.500000	9.646469e-02
2880.500000	9.334732e-02
2881.500000	9.366788e-02
2882.500000	9.047723e-02
2883.500000	9.513086e-02
2884.500000	9.329687e-02
2885.500000	8.654882e-02
2886.500000	8.693081e-02
2887.500000	9.294038e-02
2888.500000	8.611941e-02
2889.500000	8.537645e-02
2890.500000	8.986120e-02
2891.500000	8.386041e-02
2892.500000	9.010982e-02
2893.500000	9.065627e-02
2894.500000	1.004384e-01
2895.500000	9.176608e-02
2896.500000	9.487175e-02
2897.500000	9.707013e-02
2898.500000	9.051963e-02
2899.500000	8.317863e-02
2900.500000	8.666131e-02
2901.500000	9.097709e-02
2902.500000	8.766837e-02
2903.500000	9.341754e-02
2904.500000	8.555752e-02
2905.500000	9.285607e-02
2906.500000	9.087776e-02
2907.500000	8.134847e-02
2908.500000	7.712310e-02
2909.500000	8.117110e-02
2910.500000	7.840071e-02
2911.500000	9.370206e-02
2912.500000	9.495946e-02
2913.500000	9.211412e-02
2914.500000	9.378594e-02
2915.500000	8.896436e-02
2916.500000	8.971848e-02
2917.500000	8.945476e-02
2918.500000	8.737777e-02
2919.500000	8.751273e-02
2920.500000	8.645073e-02
2921.500000	8.243643e-02
2922.500000	8.415360e-02
2923.500000	8.338614e-02
2924.500000	8.388198e-02
2925.500000	8.807363e-02
2926.500000	8.806781e-02
2927.500000	7.923644e-02
2928.500000	8.455396e-02
2929.500000	7.376287e-02
2930.500000	8.831791e-02
2931.500000	9.135994e-02
2932.500000	9.021543e-02
2933.500000	8.898520e-02
2934.500000	8.430994e-02
2935.500000	8.786761e-02
2936.500000	8.685466e-02
2937.500000	8.616441e-02
2938.500000	8.532496e-02
2939.500000	8.969608e-02
2940.500000	8.105953e-02
2941.500000	7.995421e-02
2942.500000	8.535078e-02
2943.500000	8.425302e-02
2944.500000	7.750968e-02
2945.500000	8.673347e-02
2946.500000	8.107320e-02
2947.500000	7.899601e-02
2948.500000	7.576073e-02
2949.500000	8.471530e-02
2950.500000	8.739994e-02
2951.500000	8.772488e-02
2952.500000	8.608423e-02
2953.500000	8.248422e-02
2954.500000	8.161144e-02
2955.500000	8.196413e-02
2956.500000	8.246568e-02
2957.500000	8.884533e-02
2958.500000	8.485784e-02
2959.500000	8.502049e-02
2960.500000	8.128711e-02
2961.500000	8.133536e-02
2962.500000	8.139923e-02
2963.500000	7.728567e-02
2964.500000	8.637334e-02
2965.500000	8.596988e-02
2966.500000	7.654884e-02
2967.500000	8.577952e-02
2968.500000	7.372008e-02
2969.500000	8.058556e-02
2970.500000	8.188152e-02
2971.500000	8.069656e-02
2972.500000	7.965817e-02
2973.500000	8.601855e-02
2974.500000	8.352731e-02
2975.500000	8.441196e-02
2976.500000	8.280231e-02
2977.500000	8.861656e-02
2978.500000	7.979377e-02
2979.500000	8.234613e-02
2980.500000	8.765685e-02
2981.500000	7.874065e-02
2982.500000	8.240816e-02
2983.500000	7.790074e-02
2984.500000	8.317585e-02
2985.500000	8.333505e-02
2986.500000	7.862515e-02
2987.500000	7.514407e-02
2988.500000	7.553499e-02
2989.500000	7.261138e-02
2990.500000	7.864688e-02
2991.500000	8.083506e-02
2992.500000	8.308601e-02
2993.500000	8.432745e-02
2994.500000	8.516502e-02
2995.500000	8.231075e-02
2996.500000	7.870320e-02
2997.500000	8.387709e-02
2998.500000	8.002353e-02
2999.500000	8.178217e-02
3000.500000	7.938691e-02
3001.500000	7.922994e-02
3002.500000	8.168984e-02
3003.500000	7.494543e-02
3004.500000	7.814364e-02
3005.500000	8.000499e-02
3006.500000	7.857903e-02
3007.500000	7.362022e-02
3008.500000	7.100618e-02
3009.500000	7.233299e-02
3010.500000	7.514029e-02
3011.500000	7.809376e-02
3012.500000	7.784843e-02
3013.500000	8.061040e-02
3014.500000	8.537457e-02
3015.500000	8.190110e-02
3016.500000	8.464523e-02
3017.500000	8.057963e-02
3018.500000	8.218875e-02
3019.500000	8.218096e-02
3020.500000	7.904783e-02
3021.500000	7.918806e-02
3022.500000	7.221267e-02
3023.500000	7.818047e-02
3024.500000	7.990331e-02
3025.500000	7.448766e-02
3026.500000	7.329547e-02
3027.500000	8.126881e-02
3028.500000	7.528131e-02
3029.500000	7.394814e-02
3030.500000	7.701197e-02
3031.500000	7.319681e-02
3032.500000	8.063409e-02
3033.500000	7.972261e-02
3034.500000	7.982315e-02
3035.500000	7.728576e-02
3036.500000	7.698454e-02
3037.500000	8.246175e-02
3038.500000	7.745736e-02
3039.500000	7.707768e-02
3040.500000	8.272382e-02
3041.500000	7.420174e-02
3042.500000	7.682203e-02
3043.500000	7.494905e-02
3044.500000	7.167482e-02
3045.500000	7.436792e-02
3046.500000	7.673739e-02
3047.500000	7.613654e-02
3048.500000	7.220230e-02
3049.500000	6.940594e-02
3050.500000	7.337168e-02
3051.500000	7.313641e-02
3052.500000	7.195384e-02
3053.500000	7.527828e-02
3054.500000	7.976386e-02
3055.500000	8.315922e-02
3056.500000	7.992837e-02
3057.500000	7.880846e-02
3058.500000	7.417444e-02
3059.500000	7.662635e-02
3060.500000	7.689348e-02
3061.500000	7.680114e-02
3062.500000	8.070800e-02
3063.500000	7.977011e-02
3064.500000	7.280317e-02
3065.500000	6.949886e-02
3066.500000	7.489229e-02
3067.500000	7.622887e-02
3068.500000	7.681198e-02
3069.500000	7.266614e-02
3070.500000	7.111659e-02
3071.500000	7.189982e-02
3072.500000	7.243779e-02
3073.500000	6.913288e-02
3074.500000	7.338738e-02
3075.500000	7.388631e-02
3076.500000	7.770819e-02
3077.500000	7.566172e-02
3078.500000	7.847982e-02
3079.500000	7.757082e-02
3080.500000	7.553373e-02
3081.500000	7.923027e-02
3082.500000	7.335107e-02
3083.500000	7.166220e-02
3084.500000	7.395089e-02
3085.500000	6.961873e-02
3086.500000	7.456909e-02
3087.500000	7.210028e-02
3088.500000	7.356584e-02
3089.500000	7.081267e-02
3090.500000	7.010003e-02
3091.500000	6.871722e-02
3092.500000	7.412089e-02
3093.500000	7.366241e-02
3094.500000	7.289323e-02
3095.500000	6.922356e-02
3096.500000	7.347490e-02
3097.500000	6.962848e-02
3098.500000	7.274106e-02
3099.500000	7.547845e-02
3100.500000	7.537550e-02
3101.500000	7.871891e-02
3102.500000	7.344952e-02
3103.500000	7.616168e-02
3104.500000	7.603234e-02
3105.500000	7.281565e-02
3106.500000	7.112812e-02
3107.500000	7.369020e-02
3108.500000	7.009928e-02
3109.500000	7.515170e-02
3110.500000	6.829465e-02
3111.500000	7.363539e-02
3112.500000	7.290165e-02
3113.500000	6.890834e-02
3114.500000	6.806201e-02
3115.500000	7.324423e-02
3116.500000	7.154140e-02
3117.500000	7.219215e-02
3118.500000	6.927404e-02
3119.500000	7.254910e-02
3120.500000	7.272771e-02
3121.500000	7.032969e-02
3122.500000	7.354549e-02
3123.500000	7.701123e-02
3124.500000	7.223475e-02
3125.500000	7.473681e-02
3126.500000	7.494525e-02
3127.500000	7.236153e-02
3128.500000	7.030150e-02
3129.500000	6.859430e-02
3130.500000	6.664545e-02
3131.500000	6.614108e-02
3132.500000	6.849426e-02
3133.500000	6.748467e-02
3134.500000	7.209652e-02
3135.500000	6.568282e-02
3136.500000	7.407582e-02
3137.500000	6.931358e-02
3138.500000	6.963999e-02
3139.500000	7.546813e-02
3140.500000	7.513583e-02
3141.500000	6.879684e-02
3142.500000	7.362098e-02
3143.500000	6.732542e-02
3144.500000	6.698635e-02
3145.500000	7.399402e-02
3146.500000	7.224888e-02
3147.500000	6.997558e-02
3148.500000	7.009140e-02
3149.500000	6.992645e-02
3150.500000	7.277236e-02
3151.500000	7.308276e-02
3152.500000	7.131847e-02
3153.500000	6.756092e-02
3154.500000	6.825593e-02
3155.500000	6.801506e-02
3156.500000	6.630381e-02
3157.500000	6.723503e-02
3158.500000	6.861934e-02
3159.500000	7.080633e-02
3160.500000	7.272632e-02
3161.500000	7.007875e-02
3162.500000	7.241820e-02
3163.500000	7.238205e-02
3164.500000	7.116325e-02
3165.500000	6.842348e-02
3166.500000	6.885934e-02
3167.500000	6.882800e-02
3168.500000	6.975314e-02
3169.500000	6.867167e-02
3170.500000	7.039280e-02
3171.500000	7.052708e-02
3172.500000	6.806724e-02
3173.500000	6.975617e-02
3174.500000	6.775708e-02
3175.500000	7.228045e-02
3176.500000	6.647367e-02
3177.500000	6.732751e-02
3178.500000	6.484222e-02
3179.500000	6.409864e-02
3180.500000	6.716922e-02
3181.500000	6.735182e-02
3182.500000	6.867453e-02
3183.500000	6.845441e-02
3184.500000	7.031530e-02
3185.500000	6.784842e-02
3186.500000	6.709532e-02
3187.500000	7.263678e-02
3188.500000	6.974978e-02
3189.500000	6.331150e-02
3190.500000	7.077927e-02
3191.500000	7.008326e-02
3192.500000	6.503796e-02
3193.500000	6.802389e-02
3194.500000	6.638303e-02
3195.500000	6.801668e-02
3196.500000	6.999807e-02
3197.500000	6.783148e-02
3198.500000	6.667914e-02
3199.500000	6.487168e-02
3200.500000	6.603900e-02
3201.500000	6.504484e-02
3202.500000	6.498080e-02
3203.500000	6.725885e-02
3204.500000	6.574843e-02
3205.500000	6.876067e-02
3206.500000	7.166955e-02
3207.500000	6.881662e-02
3208.500000	6.929247e-02
3209.500000	6.997887e-02
3210.500000	6.739131e-02
3211.500000	7.021643e-02
3212.500000	6.727605e-02
3213.500000	7.109039e-02
3214.500000	6.460998e-02
3215.500000	6.817938e-02
3216.500000	6.921298e-02
3217.500000	6.715794e-02
3218.500000	6.406951e-02
3219.500000	6.528052e-02
3220.500000	6.853097e-02
3221.500000	6.526153e-02
3222.500000	6.683207e-02
3223.500000	6.802403e-02
3224.500000	6.473315e-02
3225.500000	6.828229e-02
3226.500000	6.609610e-02
3227.500000	6.565498e-02
3228.500000	6.167843e-02
3229.500000	6.434454e-02
3230.500000	6.934444e-02
3231.500000	7.029600e-02
3232.500000	6.300551e-02
3233.500000	6.516659e-02
3234.500000	6.863260e-02
3235.500000	6.759391e-02
3236.500000	6.612364e-02
3237.500000	6.582387e-02
3238.500000	6.616952e-02
3239.500000	6.328996e-02
3240.500000	6.390952e-02
3241.500000	6.764572e-02
3242.500000	6.417342e-02
3243.500000	6.574753e-02
3244.500000	6.201538e-02
3245.500000	6.313390e-02
3246.500000	6.662539e-02
3247.500000	6.721612e-02
3248.500000	6.553905e-02
3249.500000	6.664501e-02
3250.500000	6.277621e-02
3251.500000	6.829127e-02
3252.500000	6.599866e-02
3253.500000	6.662421e-02
3254.500000	6.367471e-02
3255.500000	6.722460e-02
3256.500000	6.668170e-02
3257.500000	6.708322e-02
3258.500000	6.639640e-02
3259.500000	6.648507e-02
3260.500000	6.828550e-02
3261.500000	6.534561e-02
3262.500000	6.701646e-02
3263.500000	6.583382e-02
3264.500000	6.494226e-02
3265.500000	6.343096e-02
3266.500000	6.703929e-02
3267.500000	6.539750e-02
3268.500000	6.399782e-02
3269.500000	6.366794e-02
3270.500000	6.453702e-02
3271.500000	6.437410e-02
3272.500000	6.829976e-02
3273.500000	6.562386e-02
3274.500000	6.341822e-02
3275.500000	6.275268e-02
3276.500000	6.355310e-02
3277.500000	6.550418e-02
3278.500000	6.354568e-02
3279.500000	6.474969e-02
3280.500000	6.403943e-02
3281.500000	6.088245e-02
3282.500000	6.271214e-02
3283.500000	6.559371e-02
3284.500000	6.099260e-02
3285.500000	6.450743e-02
3286.500000	6.311501e-02
3287.500000	6.032361e-02
3288.500000	6.362115e-02
3289.500000	6.742149e-02
3290.500000	6.325035e-02
3291.500000	6.451910e-02
3292.500000	6.216899e-02
3293.500000	6.139361e-02
3294.500000	6.208454e-02
3295.500000	6.327516e-02
3296.500000	6.426256e-02
3297.500000	6.296408e-02
3298.500000	6.486128e-02
3299.500000	6.496830e-02
3300.500000	6.135780e-02
3301.500000	6.446560e-02
3302.500000	6.609823e-02
3303.500000	6.482792e-02
3304.500000	6.383843e-02
3305.500000	6.332398e-02
3306.500000	6.399944e-02
3307.500000	6.462306e-02
3308.500000	6.370455e-02
3309.500000	6.201663e-02
3310.500000	6.418159e-02
3311.500000	6.337504e-02
3312.500000	6.173800e-02
3313.500000	6.606347e-02
3314.500000	6.180783e-02
3315.500000	6.265570e-02
3316.500000	6.343937e-02
3317.500000	6.155089e-02
3318.500000	6.586608e-02
3319.500000	6.138267e-02
3320.500000	6.050709e-02
3321.500000	6.300155e-02
3322.500000	6.241055e-02
3323.500000	6.468545e-02
3324.500000	6.396144e-02
3325.500000	6.240908e-02
3326.500000	6.186115e-02
3327.500000	6.456696e-02
3328.500000	6.506228e-02
3329.500000	6.552673e-02
3330.500000	6.259423e-02
3331.500000	6.344458e-02
3332.500000	6.441962e-02
3333.500000	6.289211e-02
3334.500000	6.490360e-02
3335.500000	6.113111e-02
3336.500000	5.977395e-02
3337.500000	5.905345e-02
3338.500000	5.879554e-02
3339.500000	5.722492e-02
3340.500000	6.074179e-02
3341.500000	6.070988e-02
3342.500000	6.282983e-02
3343.500000	6.004459e-02
3344.500000	5.957220e-02
3345.500000	6.177884e-02
3346.500000	6.337488e-02
3347.500000	6.340357e-02
3348.500000	6.123109e-02
3349.500000	6.121229e-02
3350.500000	6.245862e-02
3351.500000	6.212181e-02
3352.500000	6.379207e-02
3353.500000	6.150065e-02
3354.500000	6.063754e-02
3355.500000	6.030671e-02
3356.500000	6.119334e-02
3357.500000	6.029418e-02
3358.500000	6.142477e-02
3359.500000	6.299035e-02
3360.500000	6.187191e-02
3361.500000	6.101688e-02
3362.500000	6.254252e-02
3363.500000	6.068438e-02
3364.500000	6.068403e-02
3365.500000	6.208147e-02
3366.500000	6.121326e-02
3367.500000	6.126573e-02
3368.500000	6.204266e-02
3369.500000	6.054453e-02
3370.500000	6.303829e-02
3371.500000	6.090825e-02
3372.500000	6.008167e-02
3373.500000	6.167767e-02
3374.500000	6.159995e-02
3375.500000	6.142399e-02
3376.500000	5.976064e-02
3377.500000	5.905041e-02
3378.500000	6.100301e-02
3379.500000	6.056452e-02
3380.500000	6.116920e-02
3381.500000	5.935720e-02
3382.500000	6.149570e-02
3383.500000	6.200403e-02
3384.500000	6.027610e-02
3385.500000	6.003325e-02
3386.500000	6.078408e-02
3387.500000	6.109325e-02
3388.500000	6.078453e-02
3389.500000	6.123236e-02
3390.500000	6.196066e-02
3391.500000	6.142695e-02
3392.500000	5.847234e-02
3393.500000	5.732674e-02
3394.500000	5.773946e-02
3395.500000	5.845248e-02
3396.500000	5.626625e-02
3397.500000	5.614394e-02
3398.500000	6.059542e-02
3399.500000	5.731708e-02
3400.500000	6.086936e-02
3401.500000	5.896744e-02
3402.500000	6.072875e-02
3403.500000	5.934592e-02
3404.500000	5.987138e-02
3405.500000	5.933683e-02
3406.500000	5.831384e-02
3407.500000	6.120607e-02
3408.500000	5.716697e-02
3409.500000	5.911104e-02
3410.500000	6.027379e-02
3411.500000	6.025078e-02
3412.500000	5.935337e-02
3413.500000	5.758075e-02
3414.500000	5.754272e-02
3415.500000	5.798507e-02
3416.500000	5.930876e-02
3417.500000	5.815467e-02
3418.500000	5.938934e-02
3419.500000	5.860170e-02
3420.500000	5.970256e-02
3421.500000	6.007923e-02
3422.500000	5.915667e-02
3423.500000	6.052968e-02
3424.500000	5.926229e-02
3425.500000	5.852300e-02
3426.500000	6.067357e-02
3427.500000	5.863215e-02
3428.500000	5.930567e-02
3429.500000	5.953937e-02
3430.500000	5.856032e-02
3431.500000	5.942275e-02
3432.500000	6.058514e-02
3433.500000	5.717033e-02
3434.500000	5.948519e-02
3435.500000	5.946773e-02
3436.500000	5.844773e-02
3437.500000	5.939163e-02
3438.500000	5.884202e-02
3439.500000	5.941272e-02
3440.500000	5.747161e-02
3441.500000	5.918472e-02
3442.500000	5.780182e-02
3443.500000	5.813882e-02
3444.500000	5.713392e-02
3445.500000	5.742444e-02
3446.500000	5.722906e-02
3447.500000	5.966050e-02
3448.500000	5.672631e-02
3449.500000	5.598744e-02
3450.500000	5.976991e-02
3451.500000	5.814573e-02
3452.500000	5.538203e-02
3453.500000	5.636542e-02
3454.500000	5.742350e-02
3455.500000	5.703847e-02
3456.500000	5.601172e-02
3457.500000	5.454453e-02
3458.500000	5.343178e-02
3459.500000	5.564268e-02
3460.500000	5.546193e-02
3461.500000	5.804479e-02
3462.500000	5.672944e-02
3463.500000	5.874518e-02
3464.500000	5.732928e-02
3465.500000	5.576153e-02
3466.500000	5.827365e-02
3467.500000	5.827218e-02
3468.500000	5.797855e-02
3469.500000	5.820181e-02
3470.500000	5.846732e-02
3471.500000	5.670763e-02
3472.500000	5.919109e-02
3473.500000	5.776313e-02
3474.500000	5.714698e-02
3475.500000	5.695192e-02
3476.500000	5.768273e-02
3477.500000	5.785108e-02
3478.500000	5.701982e-02
3479.500000	5.777874e-02
3480.500000	5.725428e-02
3481.500000	5.523011e-02
3482.500000	5.673890e-02
3483.500000	5.703101e-02
3484.500000	5.618153e-02
3485.500000	5.689598e-02
3486.500000	5.716878e-02
3487.500000	5.512259e-02
3488.500000	5.712259e-02
3489.500000	5.760407e-02
3490.500000	5.670195e-02
3491.500000	5.505846e-02
3492.500000	5.498229e-02
3493.500000	5.635870e-02
3494.500000	5.750167e-02
3495.500000	5.697763e-02
3496.500000	5.630321e-02
3497.500000	5.702269e-02
3498.500000	5.528576e-02
3499.500000	5.486782e-02
3500.500000	5.641383e-02
3501.500000	5.630024e-02
3502.500000	5.696071e-02
3503.500000	5.758754e-02
3504.500000	5.620246e-02
3505.500000	5.557585e-02
3506.500000	5.735933e-02
3507.500000	5.479807e-02
3508.500000	5.376403e-02
3509.500000	5.697317e-02
3510.500000	5.440843e-02
3511.500000	5.425484e-02
3512.500000	5.355951e-02
3513.500000	5.483073e-02
3514.500000	5.620999e-02
3515.500000	5.552789e-02
3516.500000	5.528011e-02
3517.500000	5.524570e-02
3518.500000	5.433466e-02
3519.500000	5.281340e-02
3520.500000	5.214474e-02
3521.500000	5.176878e-02
3522.500000	5.223037e-02
3523.500000	5.470984e-02
3524.500000	5.194403e-02
3525.500000	5.559161e-02
3526.500000	5.576083e-02
3527.500000	5.391235e-02
3528.500000	5.460333e-02
3529.500000	5.529566e-02
3530.500000	5.612262e-02
3531.500000	5.666925e-02
3532.500000	5.547734e-02
3533.500000	5.461470e-02
3534.500000	5.603124e-02
3535.500000	5.506778e-02
3536.500000	5.483983e-02
3537.500000	5.416173e-02
3538.500000	5.383183e-02
3539.500000	5.391326e-02
3540.500000	5.601416e-02
3541.500000	5.397899e-02
3542.500000	5.513684e-02
3543.500000	5.540642e-02
3544.500000	5.232843e-02
3545.500000	5.399996e-02
3546.500000	5.477430e-02
3547.500000	5.441464e-02
3548.500000	5.518226e-02
3549.500000	5.462343e-02
3550.500000	5.472588e-02
3551.500000	5.322474e-02
3552.500000	5.359885e-02
3553.500000	5.378210e-02
3554.500000	5.408238e-02
3555.500000	5.481153e-02
3556.500000	5.387789e-02
3557.500000	5.353184e-02
3558.500000	5.342629e-02
3559.500000	5.453110e-02
3560.500000	5.334146e-02
3561.500000	5.402692e-02
3562.500000	5.345509e-02
3563.500000	5.441284e-02
3564.500000	5.409996e-02
3565.500000	5.419957e-02
3566.500000	5.410284e-02
3567.500000	5.343855e-02
3568.500000	5.384645e-02
3569.500000	5.269694e-02
3570.500000	5.054958e-02
3571.500000	4.991870e-02
3572.500000	5.196141e-02
3573.500000	5.263885e-02
3574.500000	5.153696e-02
3575.500000	5.086395e-02
3576.500000	5.260100e-02
3577.500000	5.200058e-02
3578.500000	5.284279e-02
3579.500000	5.370926e-02
3580.500000	5.382665e-02
3581.500000	5.284150e-02
3582.500000	5.292085e-02
3583.500000	5.373285e-02
3584.500000	5.280933e-02
3585.500000	5.318845e-02
3586.500000	5.250894e-02
3587.500000	5.037570e-02
3588.500000	5.287764e-02
3589.500000	4.784993e-02
3590.500000	5.334460e-02
3591.500000	4.964028e-02
3592.500000	5.225245e-02
3593.500000	5.168463e-02
3594.500000	5.344464e-02
3595.500000	5.237197e-02
3596.500000	5.303272e-02
3597.500000	5.077045e-02
3598.500000	5.299403e-02
3599.500000	5.247999e-02
3600.500000	5.121297e-02
3601.500000	5.200703e-02
3602.500000	5.006174e-02
3603.500000	5.240509e-02
3604.500000	5.330780e-02
3605.500000	5.267200e-02
3606.500000	5.137005e-02
3607.500000	5.376596e-02
3608.500000	5.172853e-02
3609.500000	5.304599e-02
3610.500000	5.266675e-02
3611.500000	5.232450e-02
3612.500000	5.242893e-02
3613.500000	5.081757e-02
3614.500000	5.149687e-02
3615.500000	5.172609e-02
3616.500000	5.151011e-02
3617.500000	5.069987e-02
3618.500000	5.227422e-02
3619.500000	5.200579e-02
3620.500000	5.189085e-02
3621.500000	5.139029e-02
3622.500000	5.061824e-02
3623.500000	5.124990e-02
3624.500000	5.158410e-02
3625.500000	5.101125e-02
3626.500000	5.102540e-02
3627.500000	5.212872e-02
3628.500000	5.233656e-02
3629.500000	5.185690e-02
3630.500000	5.143279e-02
3631.500000	5.016325e-02
3632.500000	5.028964e-02
3633.500000	4.961182e-02
3634.500000	5.176676e-02
3635.500000	4.732840e-02
3636.500000	4.862703e-02
3637.500000	4.746718e-02
3638.500000	4.891388e-02
3639.500000	5.121268e-02
3640.500000	4.816789e-02
3641.500000	5.090102e-02
3642.500000	5.162652e-02
3643.500000	5.136798e-02
3644.500000	5.165890e-02
3645.500000	5.102941e-02
3646.500000	5.042902e-02
3647.500000	5.061324e-02
3648.500000	5.008669e-02
3649.500000	5.036073e-02
3650.500000	5.012392e-02
3651.500000	5.012795e-02
3652.500000	5.018624e-02
3653.500000	5.049656e-02
3654.500000	4.941896e-02
3655.500000	4.986828e-02
3656.500000	5.044524e-02
3657.500000	4.950239e-02
3658.500000	4.705459e-02
3659.500000	4.920766e-02
3660.500000	4.688534e-02
3661.500000	4.895139e-02
3662.500000	4.675926e-02
3663.500000	5.008466e-02
3664.500000	4.971075e-02
3665.500000	4.902280e-02
3666.500000	5.014338e-02
3667.500000	4.977255e-02
3668.500000	4.999087e-02
3669.500000	5.014440e-02
3670.500000	5.030777e-02
3671.500000	4.992924e-02
3672.500000	4.988755e-02
3673.500000	4.898485e-02
3674.500000	4.954386e-02
3675.500000	4.920515e-02
3676.500000	4.970877e-02
3677.500000	4.800293e-02
3678.500000	4.976173e-02
3679.500000	4.877014e-02
3680.500000	4.908577e-02
3681.500000	4.952608e-02
3682.500000	4.946609e-02
3683.500000	4.948840e-02
3684.500000	4.866569e-02
3685.500000	4.880723e-02
3686.500000	5.006924e-02
3687.500000	4.925671e-02
3688.500000	4.990406e-02
3689.500000	4.898184e-02
3690.500000	4.878058e-02
3691.500000	4.828512e-02
3692.500000	4.925658e-02
3693.500000	4.859444e-02
3694.500000	4.827606e-02
3695.500000	4.783566e-02
3696.500000	4.782669e-02
3697.500000	4.906996e-02
3698.500000	4.774323e-02
3699.500000	4.579288e-02
3700.500000	4.806330e-02
3701.500000	4.782429e-02
3702.500000	4.858688e-02
3703.500000	4.889947e-02
3704.500000	4.647161e-02
3705.500000	4.823667e-02
3706.500000	4.639722e-02
3707.500000	4.487591e-02
3708.500000	4.769328e-02
3709.500000	4.597763e-02
3710.500000	4.900125e-02
3711.500000	4.850638e-02
3712.500000	4.851132e-02
3713.500000	4.812933e-02
3714.500000	4.780348e-02
3715.500000	4.812634e-02
3716.500000	4.823339e-02
3717.500000	4.716933e-02
3718.500000	4.765999e-02
3719.500000	4.819328e-02
3720.500000	4.775834e-02
3721.500000	4.795386e-02
3722.500000	4.740033e-02
3723.500000	4.751482e-02
3724.500000	4.857425e-02
3725.500000	4.790794e-02
3726.500000	4.779621e-02
3727.500000	4.817026e-02
3728.500000	4.788836e-02
3729.500000	4.811797e-02
3730.500000	4.805042e-02
3731.500000	4.773397e-02
3732.500000	4.470855e-02
3733.500000	4.679041e-02
3734.500000	4.238618e-02
3735.500000	4.655448e-02
3736.500000	4.601631e-02
3737.500000	4.555495e-02
3738.500000	4.573306e-02
3739.500000	4.830143e-02
3740.500000	4.652789e-02
3741.500000	4.726769e-02
3742.500000	4.661433e-02
3743.500000	4.748722e-02
3744.500000	4.691216e-02
3745.500000	4.571108e-02
3746.500000	4.738838e-02
3747.500000	4.774406e-02
3748.500000	4.719088e-02
3749.500000	4.740763e-02
3750.500000	4.730853e-02
3751.500000	4.700845e-02
3752.500000	4.748229e-02
3753.500000	4.691791e-02
3754.500000	4.672809e-02
3755.500000	4.651590e-02
3756.500000	4.631007e-02
3757.500000	4.680212e-02
3758.500000	4.697418e-02
3759.500000	4.716939e-02
3760.500000	4.659480e-02
3761.500000	4.702217e-02
3762.500000	4.477736e-02
3763.500000	4.489347e-02
3764.500000	4.603812e-02
3765.500000	4.611400e-02
3766.500000	4.512840e-02
3767.500000	4.544845e-02
3768.500000	4.578062e-02
3769.500000	4.607595e-02
3770.500000	4.397905e-02
3771.500000	4.597994e-02
3772.500000	4.606069e-02
3773.500000	4.439930e-02
3774.500000	4.477130e-02
3775.500000	4.639843e-02
3776.500000	4.524629e-02
3777.500000	4.557967e-02
3778.500000	4.453874e-02
3779.500000	4.354503e-02
3780.500000	4.571937e-02
3781.500000	4.436604e-02
3782.500000	4.549870e-02
3783.500000	4.610197e-02
3784.500000	4.569533e-02
3785.500000	4.621099e-02
3786.500000	4.538095e-02
3787.500000	4.574605e-02
3788.500000	4.577311e-02
3789.500000	4.581519e-02
3790.500000	4.533349e-02
3791.500000	4.577396e-02
3792.500000	4.550851e-02
3793.500000	4.558954e-02
3794.500000	4.593271e-02
3795.500000	4.513516e-02
3796.500000	4.489581e-02
3797.500000	4.572566e-02
3798.500000	4.564703e-02
3799.500000	4.493697e-02
3800.500000	4.421527e-02
3801.500000	4.598441e-02
3802.500000	4.545280e-02
3803.500000	4.516517e-02
3804.500000	4.466034e-02
3805.500000	4.441815e-02
3806.500000	4.453350e-02
3807.500000	4.434985e-02
3808.500000	4.301583e-02
3809.500000	4.513493e-02
3810.500000	4.262364e-02
3811.500000	4.352760e-02
3812.500000	4.220619e-02
3813.500000	4.308981e-02
3814.500000	4.515921e-02
3815.500000	4.205556e-02
3816.500000	4.447969e-02
3817.500000	4.491488e-02
3818.500000	4.449036e-02
3819.500000	4.487965e-02
3820.500000	4.450570e-02
3821.500000	4.477542e-02
3822.500000	4.447514e-02
3823.500000	4.392361e-02
3824.500000	4.474030e-02
3825.500000	4.427958e-02
3826.500000	4.365278e-02
3827.500000	4.399216e-02
3828.500000	4.399703e-02
3829.500000	4.368058e-02
3830.500000	4.372776e-02
3831.500000	4.374677e-02
3832.500000	4.394991e-02
3833.500000	4.311010e-02
3834.500000	4.256113e-02
3835.500000	4.266553e-02
3836.500000	4.291890e-02
3837.500000	4.376517e-02
3838.500000	4.288220e-02
3839.500000	4.346809e-02
3840.500000	4.254727e-02
3841.500000	4.333183e-02
3842.500000	4.320994e-02
3843.500000	4.400570e-02
3844.500000	4.429255e-02
3845.500000	4.365275e-02
3846.500000	4.293916e-02
3847.500000	4.208185e-02
3848.500000	4.279276e-02
3849.500000	4.303586e-02
3850.500000	4.294441e-02
3851.500000	4.344463e-02
3852.500000	4.256488e-02
3853.500000	4.098604e-02
3854.500000	4.360736e-02
3855.500000	4.037341e-02
3856.500000	4.346677e-02
3857.500000	4.264028e-02
3858.500000	4.219887e-02
3859.500000	4.334111e-02
3860.500000	4.370137e-02
3861.500000	4.373553e-02
3862.500000	4.315284e-02
3863.500000	4.194311e-02
3864.500000	4.291645e-02
3865.500000	4.262626e-02
3866.500000	4.286262e-02
3867.500000	4.236561e-02
3868.500000	4.246993e-02
3869.500000	4.300336e-02
3870.500000	4.310560e-02
3871.500000	4.210076e-02
3872.500000	4.186762e-02
3873.500000	4.257778e-02
3874.500000	4.259509e-02
3875.500000	4.270921e-02
3876.500000	4.169662e-02
3877.500000	4.230019e-02
3878.500000	4.229505e-02
3879.500000	4.174620e-02
3880.500000	4.261968e-02
3881.500000	4.250829e-02
3882.500000	4.225077e-02
3883.500000	4.280591e-02
3884.500000	4.273508e-02
3885.500000	4.209659e-02
3886.500000	4.219683e-02
3887.500000	4.161231e-02
3888.500000	4.084612e-02
3889.500000	4.208190e-02
3890.500000	4.139041e-02
3891.500000	4.102286e-02
3892.500000	4.114676e-02
3893.500000	3.979842e-02
3894.500000	4.012731e-02
3895.500000	3.989366e-02
3896.500000	4.179783e-02
3897.500000	4.007436e-02
3898.500000	4.090564e-02
3899.500000	4.139676e-02
3900.500000	4.195465e-02
3901.500000	4.203733e-02
3902.500000	4.164921e-02
3903.500000	4.143765e-02
3904.500000	4.070787e-02
3905.500000	4.128696e-02
3906.500000	4.188355e-02
3907.500000	4.083650e-02
3908.500000	4.114979e-02
3909.500000	4.005554e-02
3910.500000	4.025279e-02
3911.500000	4.061731e-02
3912.500000	4.056461e-02
3913.500000	4.028933e-02
3914.500000	4.023634e-02
3915.500000	4.071847e-02
3916.500000	4.138824e-02
3917.500000	4.087918e-02
3918.500000	4.147847e-02
3919.500000	4.056688e-02
3920.500000	4.057016e-02
3921.500000	4.100428e-02
3922.500000	4.107611e-02
3923.500000	4.064509e-02
3924.500000	4.087448e-02
3925.500000	4.118368e-02
3926.500000	4.047788e-02
3927.500000	4.087786e-02
3928.500000	4.094467e-02
3929.500000	4.089443e-02
3930.500000	3.926878e-02
3931.500000	3.996252e-02
3932.500000	3.987126e-02
3933.500000	3.875111e-02
3934.500000	4.091634e-02
3935.500000	3.790202e-02
3936.500000	4.035787e-02
3937.500000	4.061783e-02
3938.500000	3.891966e-02
3939.500000	4.019688e-02
3940.500000	3.978028e-02
3941.500000	4.016790e-02
3942.500000	4.026862e-02
3943.500000	4.049089e-02
3944.500000	4.025633e-02
3945.500000	3.984055e-02
3946.500000	4.012772e-02
3947.500000	3.979355e-02
3948.500000	3.996988e-02
3949.500000	4.011584e-02
3950.500000	3.944463e-02
3951.500000	3.923613e-02
3952.500000	3.945310e-02
3953.500000	3.986887e-02
3954.500000	3.960878e-02
3955.500000	3.957032e-02
3956.500000	3.931088e-02
3957.500000	3.961162e-02
3958.500000	3.958479e-02
3959.500000	3.950375e-02
3960.500000	3.960706e-02
3961.500000	3.977321e-02
3962.500000	3.922191e-02
3963.500000	3.914085e-02
3964.500000	3.876633e-02
3965.500000	3.915362e-02
3966.500000	3.941436e-02
3967.500000	3.922736e-02
3968.500000	3.919323e-02
3969.500000	3.921401e-02
3970.500000	3.837740e-02
3971.500000	3.909597e-02
3972.500000	3.910743e-02
3973.500000	3.907521e-02
3974.500000	3.772709e-02
3975.500000	3.929940e-02
3976.500000	3.825038e-02
3977.500000	3.853078e-02
3978.500000	3.796353e-02
3979.500000	3.698974e-02
3980.500000	3.777346e-02
3981.500000	3.689233e-02
3982.500000	3.695025e-02
3983.500000	3.849031e-02
3984.500000	3.694255e-02
3985.500000	3.707805e-02
3986.500000	3.724684e-02
3987.500000	3.813780e-02
3988.500000	3.751112e-02
3989.500000	3.745400e-02
3990.500000	3.854003e-02
3991.500000	3.666949e-02
3992.500000	3.848890e-02
3993.500000	3.818331e-02
3994.500000	3.826507e-02
3995.500000	3.839961e-02
3996.500000	3.801222e-02
3997.500000	3.828328e-02
3998.500000	3.730331e-02
3999.500000	3.734409e-02
4000.500000	3.814651e-02
4001.500000	3.759749e-02
4002.500000	3.793837e-02
4003.500000	3.822725e-02
4004.500000	3.739536e-02
4005.500000	3.778819e-02
4006.500000	3.734929e-02
4007.500000	3.704290e-02
4008.500000	3.754649e-02
4009.500000	3.749271e-02
4010.500000	3.778544e-02
4011.500000	3.797306e-02
4012.500000	3.765071e-02
4013.500000	3.749948e-02
4014.500000	3.659676e-02
4015.500000	3.734194e-02
4016.500000	3.674392e-02
4017.500000	3.653956e-02
4018.500000	3.672304e-02
4019.500000	3.559419e-02
4020.500000	3.514494e-02
4021.500000	3.674852e-02
4022.500000	3.710936e-02
4023.500000	3.582214e-02
4024.500000	3.700245e-02
4025.500000	3.754432e-02
4026.500000	3.646327e-02
4027.500000	3.717179e-02
4028.500000	3.710026e-02
4029.500000	3.694799e-02
4030.500000	3.601820e-02
4031.500000	3.703539e-02
4032.500000	3.675575e-02
4033.500000	3.628751e-02
4034.500000	3.676683e-02
4035.500000	3.725639e-02
4036.500000	3.658846e-02
4037.500000	3.613264e-02
4038.500000	3.723033e-02
4039.500000	3.678541e-02
4040.500000	3.515410e-02
4041.500000	3.581572e-02
4042.500000	3.650307e-02
4043.500000	3.517026e-02
4044.500000	3.309816e-02
4045.500000	3.567319e-02
4046.500000	3.609276e-02
4047.500000	3.549472e-02
4048.500000	3.591710e-02
4049.500000	3.600419e-02
4050.500000	3.601574e-02
4051.500000	3.514159e-02
4052.500000	3.584987e-02
4053.500000	3.619201e-02
4054.500000	3.537495e-02
4055.500000	3.613569e-02
4056.500000	3.658668e-02
4057.500000	3.548302e-02
4058.500000	3.530383e-02
4059.500000	3.527143e-02
4060.500000	3.537338e-02
4061.500000	3.497768e-02
4062.500000	3.479382e-02
4063.500000	3.522785e-02
4064.500000	3.540506e-02
4065.500000	3.611208e-02
4066.500000	3.448430e-02
4067.500000	3.571414e-02
4068.500000	3.469453e-02
4069.500000	3.523070e-02
4070.500000	3.507937e-02
4071.500000	3.416058e-02
4072.500000	3.422731e-02
4073.500000	3.471844e-02
4074.500000	3.301423e-02
4075.500000	3.492597e-02
4076.500000	3.349153e-02
4077.500000	3.505295e-02
4078.500000	3.492061e-02
4079.500000	3.454700e-02
4080.500000	3.509656e-02
4081.500000	3.480376e-02
4082.500000	3.480368e-02
4083.500000	3.355776e-02
4084.500000	3.420246e-02
4085.500000	3.387504e-02
4086.500000	3.385699e-02
4087.500000	3.402707e-02
4088.500000	3.404524e-02
4089.500000	3.491653e-02
4090.500000	3.396595e-02
4091.500000	3.345595e-02
4092.500000	3.454181e-02
4093.500000	3.426506e-02
4094.500000	3.435337e-02
4095.500000	3.414736e-02
4096.500000	3.440631e-02
4097.500000	3.383387e-02
4098.500000	3.429154e-02
4099.500000	3.396580e-02
4100.500000	3.488565e-02
4101.500000	3.395008e-02
4102.500000	3.372270e-02
4103.500000	3.415301e-02
4104.500000	3.455039e-02
4105.500000	3.488232e-02
4106.500000	3.414776e-02
4107.500000	3.334534e-02
4108.500000	3.355385e-02
4109.500000	3.192001e-02
4110.500000	3.286957e-02
4111.500000	3.435012e-02
4112.500000	3.361863e-02
4113.500000	3.412316e-02
4114.500000	3.394857e-02
4115.500000	3.262749e-02
4116.500000	3.357946e-02
4117.500000	3.222907e-02
4118.500000	3.387531e-02
4119.500000	3.366635e-02
4120.500000	3.374780e-02
4121.500000	3.348083e-02
4122.500000	3.436250e-02
4123.500000	3.280908e-02
4124.500000	3.276596e-02
4125.500000	3.367016e-02
4126.500000	3.346788e-02
4127.500000	3.365603e-02
4128.500000	3.274858e-02
4129.500000	3.236412e-02
4130.500000	3.304597e-02
4131.500000	3.364083e-02
4132.500000	3.226401e-02
4133.500000	3.281726e-02
4134.500000	3.360900e-02
4135.500000	3.347786e-02
4136.500000	3.300361e-02
4137.500000	3.249123e-02
4138.500000	3.250278e-02
4139.500000	3.259803e-02
4140.500000	3.224640e-02
4141.500000	3.351294e-02
4142.500000	3.336907e-02
4143.500000	3.323132e-02
4144.500000	3.259211e-02
4145.500000	3.242061e-02
4146.500000	3.295374e-02
4147.500000	3.271489e-02
4148.500000	3.350225e-02
4149.500000	3.258949e-02
4150.500000	3.230222e-02
4151.500000	3.242991e-02
4152.500000	3.343203e-02
4153.500000	3.355854e-02
4154.500000	3.227190e-02
4155.500000	3.275963e-02
4156.500000	3.131711e-02
4157.500000	3.228198e-02
4158.500000	3.148395e-02
4159.500000	3.255959e-02
4160.500000	3.177251e-02
4161.500000	3.177293e-02
4162.500000	3.166235e-02
4163.500000	3.227932e-02
4164.500000	3.239495e-02
4165.500000	3.092554e-02
4166.500000	3.114528e-02
4167.500000	3.140395e-02
4168.500000	3.056141e-02
4169.500000	3.202568e-02
4170.500000	3.106114e-02
4171.500000	3.160542e-02
4172.500000	3.106256e-02
4173.500000	3.242345e-02
4174.500000	3.168642e-02
4175.500000	3.188093e-02
4176.500000	3.259630e-02
4177.500000	3.164530e-02
4178.500000	3.170701e-02
4179.500000	3.182674e-02
4180.500000	3.215004e-02
4181.500000	3.216690e-02
4182.500000	3.163293e-02
4183.500000	3.169902e-02
4184.500000	3.096419e-02
4185.500000	3.036461e-02
4186.500000	3.175563e-02
4187.500000	3.098588e-02
4188.500000	3.174526e-02
4189.500000	3.212226e-02
4190.500000	3.102286e-02
4191.500000	3.169788e-02
4192.500000	3.155787e-02
4193.500000	3.091363e-02
4194.500000	3.159936e-02
4195.500000	3.202278e-02
4196.500000	3.156343e-02
4197.500000	3.151198e-02
4198.500000	3.130640e-02
4199.500000	3.080368e-02
4200.500000	3.157725e-02
4201.500000	3.083749e-02
4202.500000	3.102992e-02
4203.500000	3.066119e-02
4204.500000	3.064413e-02
4205.500000	3.051346e-02
4206.500000	3.078211e-02
4207.500000	3.144818e-02
4208.500000	3.102867e-02
4209.500000	3.075640e-02
4210.500000	3.032260e-02
4211.500000	3.143499e-02
4212.500000	3.047867e-02
4213.500000	3.024411e-02
4214.500000	3.010510e-02
4215.500000	3.069088e-02
4216.500000	3.102207e-02
4217.500000	3.067839e-02
4218.500000	3.042747e-02
4219.500000	3.028323e-02
4220.500000	3.047562e-02
4221.500000	3.017273e-02
4222.500000	3.008028e-02
4223.500000	3.087198e-02
4224.500000	3.065583e-02
4225.500000	3.112172e-02
4226.500000	3.097157e-02
4227.500000	3.059413e-02
4228.500000	3.012677e-02
4229.500000	3.046662e-02
4230.500000	3.023146e-02
4231.500000	3.137821e-02
4232.500000	3.053202e-02
4233.500000	3.032393e-02
4234.500000	3.066141e-02
4235.500000	3.079566e-02
4236.500000	3.078571e-02
4237.500000	3.064208e-02
4238.500000	3.010483e-02
4239.500000	3.032250e-02
4240.500000	3.019151e-02
4241.500000	3.010310e-02
4242.500000	3.011145e-02
4243.500000	2.921386e-02
4244.500000	3.017754e-02
4245.500000	3.050094e-02
4246.500000	2.947215e-02
4247.500000	3.030206e-02
4248.500000	2.943762e-02
4249.500000	3.013704e-02
4250.500000	2.860199e-02
4251.500000	2.926227e-02
4252.500000	2.943226e-02
4253.500000	2.892742e-02
4254.500000	3.004220e-02
4255.500000	2.987529e-02
4256.500000	2.970042e-02
4257.500000	2.929524e-02
4258.500000	2.962099e-02
4259.500000	2.868568e-02
4260.500000	2.998041e-02
4261.500000	2.962118e-02
4262.500000	2.971829e-02
4263.500000	2.918715e-02
4264.500000	2.955842e-02
4265.500000	2.958854e-02
4266.500000	2.916803e-02
4267.500000	2.992823e-02
4268.500000	2.859176e-02
4269.500000	2.863456e-02
4270.500000	2.969550e-02
4271.500000	2.896791e-02
4272.500000	2.886869e-02
4273.500000	2.866783e-02
4274.500000	2.983744e-02
4275.500000	2.794946e-02
4276.500000	2.955366e-02
4277.500000	2.924589e-02
4278.500000	2.999619e-02
4279.500000	2.912272e-02
4280.500000	2.953330e-02
4281.500000	2.901805e-02
4282.500000	2.882933e-02
4283.500000	2.907732e-02
4284.500000	2.914641e-02
4285.500000	2.972550e-02
4286.500000	2.906132e-02
4287.500000	2.874363e-02
4288.500000	2.944774e-02
4289.500000	2.883925e-02
4290.500000	2.909323e-02
4291.500000	2.948620e-02
4292.500000	2.851945e-02
4293.500000	2.819069e-02
4294.500000	2.786126e-02
4295.500000	2.588864e-02
4296.500000	2.640377e-02
4297.500000	2.727783e-02
4298.500000	2.778028e-02
4299.500000	2.758027e-02
4300.500000	2.759876e-02
4301.500000	2.739082e-02
4302.500000	2.743570e-02
4303.500000	2.673321e-02
4304.500000	2.714573e-02
4305.500000	2.688357e-02
4306.500000	2.784392e-02
4307.500000	2.749203e-02
4308.500000	2.708107e-02
4309.500000	2.788903e-02
4310.500000	2.709687e-02
4311.500000	2.832350e-02
4312.500000	2.712874e-02
4313.500000	2.735289e-02
4314.500000	2.826820e-02
4315.500000	2.696926e-02
4316.500000	2.773965e-02
4317.500000	2.623337e-02
4318.500000	2.835267e-02
4319.500000	2.623753e-02
4320.500000	2.788540e-02
4321.500000	2.694155e-02
4322.500000	2.831418e-02
4323.500000	2.771854e-02
4324.500000	2.621622e-02
4325.500000	2.843615e-02
4326.500000	2.610193e-02
4327.500000	2.818229e-02
4328.500000	2.605613e-02
4329.500000	2.831888e-02
4330.500000	2.762940e-02
4331.500000	2.601079e-02
4332.500000	2.828180e-02
4333.500000	2.545448e-02
4334.500000	2.797967e-02
4335.500000	2.832718e-02
4336.500000	2.512288e-02
4337.500000	2.786875e-02
4338.500000	2.680593e-02
4339.500000	2.574321e-02
4340.500000	2.768639e-02
4341.500000	2.603370e-02
4342.500000	2.728244e-02
4343.500000	2.748551e-02
4344.500000	2.518466e-02
4345.500000	2.699669e-02
4346.500000	2.721284e-02
4347.500000	2.532039e-02
4348.500000	2.727253e-02
4349.500000	2.784270e-02
4350.500000	2.411695e-02
4351.500000	2.532219e-02
4352.500000	2.564144e-02
4353.500000	2.477093e-02
4354.500000	2.547250e-02
4355.500000	2.648360e-02
4356.500000	2.646505e-02
4357.500000	2.488998e-02
4358.500000	2.697801e-02
4359.500000	2.604467e-02
4360.500000	2.429693e-02
4361.500000	2.692371e-02
4362.500000	2.656386e-02
4363.500000	2.430760e-02
4364.500000	2.632852e-02
4365.500000	2.647459e-02
4366.500000	2.594241e-02
4367.500000	2.419324e-02
4368.500000	2.556210e-02
4369.500000	2.730256e-02
4370.500000	2.408534e-02
4371.500000	2.622552e-02
4372.500000	2.554893e-02
4373.500000	2.694681e-02
4374.500000	2.300222e-02
4375.500000	2.617571e-02
4376.500000	2.504417e-02
4377.500000	2.674784e-02
4378.500000	2.304878e-02
4379.500000	2.624387e-02
4380.500000	2.566307e-02
4381.500000	2.576338e-02
4382.500000	2.383771e-02
4383.500000	2.486723e-02
4384.500000	2.680532e-02
4385.500000	2.462290e-02
4386.500000	2.436171e-02
4387.500000	2.646038e-02
4388.500000	2.531640e-02
4389.500000	2.642740e-02
4390.500000	2.273173e-02
4391.500000	2.671728e-02
4392.500000	2.664327e-02
4393.500000	2.426507e-02
4394.500000	2.382030e-02
4395.500000	2.674524e-02
4396.500000	2.417566e-02
4397.500000	2.636051e-02
4398.500000	2.309371e-02
4399.500000	2.417644e-02
4400.500000	2.664857e-02
4401.500000	2.557612e-02
4402.500000	2.178860e-02
4403.500000	2.612323e-02
4404.500000	2.568205e-02
4405.500000	2.413004e-02
4406.500000	2.483211e-02
4407.500000	2.281306e-02
4408.500000	2.334568e-02
4409.500000	2.498159e-02
4410.500000	2.512276e-02
4411.500000	2.153423e-02
4412.500000	2.505620e-02
4413.500000	2.574828e-02
4414.500000	2.405336e-02
4415.500000	2.308367e-02
4416.500000	2.356880e-02
4417.500000	2.556906e-02
4418.500000	2.331712e-02
4419.500000	2.520187e-02
4420.500000	2.241036e-02
4421.500000	2.360546e-02
4422.500000	2.400885e-02
4423.500000	2.580717e-02
4424.500000	2.437370e-02
4425.500000	2.122035e-02
4426.500000	2.466654e-02
4427.500000	2.556116e-02
4428.500000	2.477648e-02
4429.500000	2.256305e-02
4430.500000	2.250393e-02
4431.500000	2.555154e-02
4432.500000	2.317442e-02
4433.500000	2.436594e-02
4434.500000	2.299889e-02
4435.500000	2.317736e-02
4436.500000	2.246813e-02
4437.500000	2.478229e-02
4438.500000	2.410278e-02
4439.500000	2.357208e-02
4440.500000	2.090739e-02
4441.500000	2.359578e-02
4442.500000	2.570212e-02
4443.500000	2.430970e-02
4444.500000	2.262265e-02
4445.500000	2.290994e-02
4446.500000	2.395342e-02
4447.500000	2.558967e-02
4448.500000	2.379330e-02
4449.500000	2.248057e-02
4450.500000	2.193449e-02
4451.500000	2.495827e-02
4452.500000	2.329364e-02
4453.500000	2.306270e-02
4454.500000	2.412549e-02
4455.500000	2.111344e-02
4456.500000	2.489322e-02
4457.500000	2.165582e-02
4458.500000	2.471559e-02
4459.500000	2.402003e-02
4460.500000	2.301861e-02
4461.500000	2.154618e-02
4462.500000	2.419893e-02
4463.500000	2.489735e-02
4464.500000	2.337940e-02
4465.500000	2.337758e-02
4466.500000	2.057855e-02
4467.500000	2.204521e-02
4468.500000	2.426187e-02
4469.500000	2.438374e-02
4470.500000	2.202329e-02
4471.500000	2.069921e-02
4472.500000	2.295940e-02
4473.500000	2.434254e-02
4474.500000	2.285916e-02
4475.500000	2.165258e-02
4476.500000	2.434737e-02
4477.500000	2.008204e-02
4478.500000	2.357818e-02
4479.500000	2.407189e-02
4480.500000	2.164826e-02
4481.500000	2.197793e-02
4482.500000	2.421978e-02
4483.500000	2.156584e-02
4484.500000	2.400974e-02
4485.500000	2.132147e-02
4486.500000	2.486899e-02
4487.500000	2.376986e-02
4488.500000	2.207881e-02
4489.500000	2.134531e-02
4490.500000	2.173491e-02
4491.500000	2.338730e-02
4492.500000	2.233275e-02
4493.500000	2.269286e-02
4494.500000	2.215636e-02
4495.500000	2.059970e-02
4496.500000	2.169288e-02
4497.500000	2.379516e-02
4498.500000	2.300435e-02
4499.500000	2.372833e-02
4500.500000	1.944521e-02
4501.500000	2.240379e-02
4502.500000	2.475030e-02
4503.500000	2.271498e-02
4504.500000	2.275577e-02
4505.500000	2.025446e-02
4506.500000	2.089374e-02
4507.500000	2.186650e-02
4508.500000	2.432324e-02
4509.500000	2.183237e-02
4510.500000	2.188226e-02
4511.500000	2.209085e-02
4512.500000	2.282720e-02
4513.500000	1.968148e-02
4514.500000	2.370858e-02
4515.500000	2.322850e-02
4516.500000	2.108013e-02
4517.500000	2.293114e-02
4518.500000	2.241332e-02
4519.500000	2.025688e-02
4520.500000	2.344307e-02
4521.500000	2.007918e-02
4522.500000	2.112740e-02
4523.500000	2.387540e-02
4524.500000	2.163491e-02
4525.500000	2.108502e-02
4526.500000	2.204049e-02
4527.500000	1.900463e-02
4528.500000	2.287520e-02
4529.500000	2.294583e-02
4530.500000	2.303270e-02
4531.500000	2.088505e-02
4532.500000	1.948510e-02
4533.500000	2.074133e-02
4534.500000	2.208996e-02
4535.500000	2.279511e-02
4536.500000	2.112952e-02
4537.500000	2.346294e-02
4538.500000	2.010162e-02
4539.500000	2.161313e-02
4540.500000	2.332164e-02
4541.500000	2.072862e-02
4542.500000	2.194266e-02
4543.500000	2.244490e-02
4544.500000	2.102014e-02
4545.500000	1.955618e-02
4546.500000	2.046026e-02
4547.500000	2.225323e-02
4548.500000	2.263690e-02
4549.500000	2.204987e-02
4550.500000	2.018078e-02
4551.500000	2.067383e-02
4552.500000	1.958941e-02
4553.500000	2.278511e-02
4554.500000	2.151328e-02
4555.500000	2.365518e-02
4556.500000	2.027051e-02
4557.500000	2.135139e-02
4558.500000	2.100259e-02
4559.500000	1.961528e-02
4560.500000	2.337863e-02
4561.500000	2.272238e-02
4562.500000	1.952655e-02
4563.500000	2.088033e-02
4564.500000	2.246729e-02
4565.500000	2.073244e-02
4566.500000	1.945843e-02
4567.500000	2.007441e-02
4568.500000	2.232776e-02
4569.500000	1.960160e-02
4570.500000	2.100577e-02
4571.500000	2.161977e-02
4572.500000	2.140684e-02
4573.500000	1.961071e-02
4574.500000	2.263758e-02
4575.500000	1.956444e-02
4576.500000	2.111994e-02
4577.500000	2.302140e-02
4578.500000	2.050580e-02
4579.500000	2.104872e-02
4580.500000	1.930534e-02
4581.500000	2.219176e-02
4582.500000	1.993729e-02
4583.500000	2.238210e-02
4584.500000	1.895627e-02
4585.500000	2.163986e-02
4586.500000	2.184310e-02
4587.500000	1.962552e-02
4588.500000	2.002873e-02
4589.500000	1.952372e-02
4590.500000	2.061867e-02
4591.500000	2.216519e-02
4592.500000	2.246034e-02
4593.500000	2.033625e-02
4594.500000	1.917727e-02
4595.500000	1.796936e-02
4596.500000	2.057290e-02
4597.500000	2.145763e-02
4598.500000	2.196172e-02
4599.500000	2.007170e-02
4600.500000	2.149262e-02
4601.500000	2.006236e-02
4602.500000	1.824370e-02
4603.500000	2.169769e-02
4604.500000	1.967041e-02
4605.500000	2.149108e-02
4606.500000	2.225753e-02
4607.500000	2.097508e-02
4608.500000	1.891212e-02
4609.500000	1.821310e-02
4610.500000	2.129005e-02
4611.500000	2.167656e-02
4612.500000	2.108540e-02
4613.500000	2.122987e-02
4614.500000	1.858094e-02
4615.500000	1.984679e-02
4616.500000	1.956040e-02
4617.500000	1.943353e-02
4618.500000	2.160284e-02
4619.500000	2.173790e-02
4620.500000	1.812597e-02
4621.500000	2.061094e-02
4622.500000	2.094558e-02
4623.500000	1.995067e-02
4624.500000	2.073222e-02
4625.500000	1.803540e-02
4626.500000	1.907166e-02
4627.500000	2.147852e-02
4628.500000	2.247625e-02
4629.500000	2.083367e-02
4630.500000	1.860840e-02
4631.500000	2.004960e-02
4632.500000	2.138494e-02
4633.500000	1.899587e-02
4634.500000	2.062180e-02
4635.500000	2.084182e-02
4636.500000	1.901029e-02
4637.500000	1.852027e-02
4638.500000	2.094823e-02
4639.500000	1.911696e-02
4640.500000	2.107786e-02
4641.500000	2.018404e-02
4642.500000	1.961616e-02
4643.500000	1.978318e-02
4644.500000	1.966834e-02
4645.500000	2.073140e-02
4646.500000	1.926066e-02
4647.500000	2.079519e-02
4648.500000	1.933713e-02
4649.500000	1.968933e-02
4650.500000	2.006746e-02
4651.500000	2.124385e-02
4652.500000	1.862148e-02
4653.500000	1.894114e-02
4654.500000	1.996099e-02
4655.500000	2.076761e-02
4656.500000	2.068067e-02
4657.500000	1.947132e-02
4658.500000	2.041873e-02
4659.500000	1.920388e-02
4660.500000	1.819291e-02
4661.500000	2.010549e-02
4662.500000	2.059906e-02
4663.500000	1.972883e-02
4664.500000	1.995187e-02
4665.500000	2.146434e-02
4666.500000	1.827424e-02
4667.500000	1.823698e-02
4668.500000	1.932542e-02
4669.500000	2.039207e-02
4670.500000	2.047237e-02
4671.500000	2.042407e-02
4672.500000	1.856507e-02
4673.500000	1.902514e-02
4674.500000	1.907119e-02
4675.500000	1.945045e-02
4676.500000	2.046822e-02
4677.500000	1.978355e-02
4678.500000	2.000743e-02
4679.500000	1.891374e-02
4680.500000	1.933390e-02
4681.500000	1.935077e-02
4682.500000	1.922738e-02
4683.500000	1.902322e-02
4684.500000	1.968109e-02
4685.500000	1.847535e-02
4686.500000	2.017202e-02
4687.500000	2.060092e-02
4688.500000	1.892622e-02
4689.500000	2.003770e-02
4690.500000	1.895374e-02
4691.500000	1.761610e-02
4692.500000	1.982201e-02
4693.500000	2.080741e-02
4694.500000	1.982599e-02
4695.500000	1.897958e-02
4696.500000	1.927879e-02
4697.500000	2.016299e-02
4698.500000	1.828940e-02
4699.500000	1.731646e-02
4700.500000	1.907173e-02
4701.500000	2.060739e-02
4702.500000	1.975152e-02
4703.500000	1.787104e-02
4704.500000	2.056619e-02
4705.500000	1.847311e-02
4706.500000	1.985829e-02
4707.500000	1.766437e-02
4708.500000	1.806137e-02
4709.500000	2.048767e-02
4710.500000	1.857683e-02
4711.500000	1.957756e-02
4712.500000	1.856289e-02
4713.500000	1.872741e-02
4714.500000	1.992378e-02
4715.500000	1.917195e-02
4716.500000	1.976597e-02
4717.500000	1.832076e-02
4718.500000	1.749673e-02
4719.500000	1.857944e-02
4720.500000	1.901365e-02
4721.500000	1.904679e-02
4722.500000	2.007566e-02
4723.500000	1.920995e-02
4724.500000	1.955991e-02
4725.500000	1.941911e-02
4726.500000	1.651387e-02
4727.500000	1.859005e-02
4728.500000	1.983175e-02
4729.500000	1.816550e-02
4730.500000	2.014418e-02
4731.500000	1.985877e-02
4732.500000	1.848207e-02
4733.500000	1.813837e-02
4734.500000	1.759237e-02
4735.500000	1.776874e-02
4736.500000	1.890231e-02
4737.500000	1.968645e-02
4738.500000	1.861923e-02
4739.500000	1.863424e-02
4740.500000	1.804699e-02
4741.500000	1.854102e-02
4742.500000	1.830431e-02
4743.500000	2.054419e-02
4744.500000	1.894277e-02
4745.500000	1.706507e-02
4746.500000	1.936288e-02
4747.500000	1.925789e-02
4748.500000	1.870977e-02
4749.500000	1.826140e-02
4750.500000	1.817977e-02
4751.500000	1.809774e-02
4752.500000	1.892544e-02
4753.500000	1.903598e-02
4754.500000	1.718756e-02
4755.500000	1.758143e-02
4756.500000	1.947988e-02
4757.500000	1.888911e-02
4758.500000	1.762970e-02
4759.500000	1.941825e-02
4760.500000	1.856021e-02
4761.500000	1.784801e-02
4762.500000	1.844874e-02
4763.500000	1.736004e-02
4764.500000	1.813989e-02
4765.500000	1.794381e-02
4766.500000	1.801326e-02
4767.500000	1.794580e-02
4768.500000	1.870849e-02
4769.500000	1.941795e-02
4770.500000	1.791196e-02
4771.500000	1.916916e-02
4772.500000	1.763183e-02
4773.500000	1.688175e-02
4774.500000	1.907702e-02
4775.500000	1.760123e-02
4776.500000	1.814282e-02
4777.500000	1.811407e-02
4778.500000	1.743361e-02
4779.500000	1.731337e-02
4780.500000	1.774256e-02
4781.500000	1.846493e-02
4782.500000	1.957166e-02
4783.500000	1.638919e-02
4784.500000	1.811812e-02
4785.500000	1.859913e-02
4786.500000	1.625753e-02
4787.500000	1.763619e-02
4788.500000	1.923732e-02
4789.500000	1.879490e-02
4790.500000	1.807745e-02
4791.500000	1.876570e-02
4792.500000	1.799646e-02
4793.500000	1.612560e-02
4794.500000	1.720189e-02
4795.500000	1.734791e-02
4796.500000	1.800468e-02
4797.500000	1.879509e-02
4798.500000	1.970452e-02
4799.500000	1.897943e-02
4800.500000	1.673807e-02
4801.500000	1.726020e-02
4802.500000	1.718967e-02
4803.500000	1.740062e-02
4804.500000	1.646023e-02
4805.500000	1.859975e-02
4806.500000	1.806232e-02
4807.500000	1.817560e-02
4808.500000	1.829475e-02
4809.500000	1.817920e-02
4810.500000	1.667472e-02
4811.500000	1.746757e-02
4812.500000	1.802373e-02
4813.500000	1.572755e-02
4814.500000	1.636391e-02
4815.500000	1.787070e-02
4816.500000	1.807147e-02
4817.500000	1.830773e-02
4818.500000	1.840675e-02
4819.500000	1.720107e-02
4820.500000	1.760213e-02
4821.500000	1.924263e-02
4822.500000	1.836382e-02
4823.500000	1.523999e-02
4824.500000	1.751737e-02
4825.500000	1.801754e-02
4826.500000	1.896741e-02
4827.500000	1.705582e-02
4828.500000	1.727930e-02
4829.500000	1.816395e-02
4830.500000	1.869967e-02
4831.500000	1.769464e-02
4832.500000	1.736792e-02
4833.500000	1.496477e-02
4834.500000	1.763497e-02
4835.500000	1.717953e-02
4836.500000	1.777203e-02
4837.500000	1.653236e-02
4838.500000	1.844312e-02
4839.500000	1.782371e-02
4840.500000	1.645216e-02
4841.500000	1.785693e-02
4842.500000	1.727486e-02
4843.500000	1.565539e-02
4844.500000	1.732963e-02
4845.500000	1.859870e-02
4846.500000	1.720686e-02
4847.500000	1.807023e-02
4848.500000	1.659547e-02
4849.500000	1.785353e-02
4850.500000	1.799035e-02
4851.500000	1.782878e-02
4852.500000	1.714085e-02
4853.500000	1.592309e-02
4854.500000	1.588741e-02
4855.500000	1.826312e-02
4856.500000	1.599194e-02
4857.500000	1.689710e-02
4858.500000	1.760711e-02
4859.500000	1.785153e-02
4860.500000	1.768209e-02
4861.500000	1.844821e-02
4862.500000	1.788243e-02
4863.500000	1.554807e-02
4864.500000	1.631545e-02
4865.500000	1.485649e-02
4866.500000	1.712985e-02
4867.500000	1.783685e-02
4868.500000	1.774219e-02
4869.500000	1.738702e-02
4870.500000	1.762420e-02
4871.500000	1.621385e-02
4872.500000	1.668719e-02
4873.500000	1.636986e-02
4874.500000	1.733740e-02
4875.500000	1.580045e-02
4876.500000	1.522054e-02
4877.500000	1.666477e-02
4878.500000	1.705381e-02
4879.500000	1.752739e-02
4880.500000	1.719629e-02
4881.500000	1.641257e-02
4882.500000	1.816447e-02
4883.500000	1.689417e-02
4884.500000	1.600933e-02
4885.500000	1.585554e-02
4886.500000	1.612985e-02
4887.500000	1.730782e-02
4888.500000	1.750325e-02
4889.500000	1.679059e-02
4890.500000	1.682036e-02
4891.500000	1.727622e-02
4892.500000	1.747730e-02
4893.500000	1.696898e-02
4894.500000	1.572972e-02
4895.500000	1.560510e-02
4896.500000	1.725072e-02
4897.500000	1.559832e-02
4898.500000	1.564764e-02
4899.500000	1.623638e-02
4900.500000	1.800921e-02
4901.500000	1.711624e-02
4902.500000	1.705849e-02
4903.500000	1.731231e-02
4904.500000	1.755350e-02
4905.500000	1.421805e-02
4906.500000	1.705085e-02
4907.500000	1.680523e-02
4908.500000	1.620868e-02
4909.500000	1.575775e-02
4910.500000	1.712975e-02
4911.500000	1.683859e-02
4912.500000	1.604036e-02
4913.500000	1.722560e-02
4914.500000	1.705997e-02
4915.500000	1.536534e-02
4916.500000	1.580869e-02
4917.500000	1.738320e-02
4918.500000	1.648596e-02
4919.500000	1.656015e-02
4920.500000	1.503140e-02
4921.500000	1.755199e-02
4922.500000	1.704929e-02
4923.500000	1.687501e-02
4924.500000	1.619970e-02
4925.500000	1.543006e-02
4926.500000	1.572763e-02
4927.500000	1.562345e-02
4928.500000	1.525442e-02
4929.500000	1.689581e-02
4930.500000	1.701861e-02
4931.500000	1.565173e-02
4932.500000	1.573890e-02
4933.500000	1.699129e-02
4934.500000	1.644022e-02
4935.500000	1.539634e-02
4936.500000	1.476690e-02
4937.500000	1.533829e-02
4938.500000	1.551249e-02
4939.500000	1.711688e-02
4940.500000	1.752446e-02
4941.500000	1.698602e-02
4942.500000	1.595587e-02
4943.500000	1.439940e-02
4944.500000	1.682345e-02
4945.500000	1.755950e-02
4946.500000	1.532793e-02
4947.500000	1.631199e-02
4948.500000	1.450819e-02
4949.500000	1.555891e-02
4950.500000	1.638925e-02
4951.500000	1.667166e-02
4952.500000	1.557204e-02
4953.500000	1.532936e-02
4954.500000	1.488678e-02
4955.500000	1.512844e-02
4956.500000	1.735487e-02
4957.500000	1.462517e-02
4958.500000	1.578070e-02
4959.500000	1.566059e-02
4960.500000	1.441883e-02
4961.500000	1.677869e-02
4962.500000	1.598716e-02
4963.500000	1.678354e-02
4964.500000	1.660674e-02
4965.500000	1.608369e-02
4966.500000	1.518278e-02
4967.500000	1.498700e-02
4968.500000	1.402799e-02
4969.500000	1.494554e-02
4970.500000	1.645286e-02
4971.500000	1.465099e-02
4972.500000	1.577818e-02
4973.500000	1.644734e-02
4974.500000	1.685429e-02
4975.500000	1.626360e-02
4976.500000	1.625380e-02
4977.500000	1.614600e-02
4978.500000	1.443049e-02
4979.500000	1.496980e-02
4980.500000	1.558174e-02
4981.500000	1.626529e-02
4982.500000	1.542553e-02
4983.500000	1.447681e-02
4984.500000	1.676999e-02
4985.500000	1.579059e-02
4986.500000	1.631193e-02
4987.500000	1.718242e-02
4988.500000	1.620386e-02
4989.500000	1.464291e-02
4990.500000	1.380896e-02
4991.500000	1.512896e-02
4992.500000	1.553299e-02
4993.500000	1.567196e-02
4994.500000	1.479057e-02
4995.500000	1.473793e-02
4996.500000	1.565198e-02
4997.500000	1.554045e-02
4998.500000	1.642732e-02
4999.500000	1.395990e-02
