The optical depth at z= 0.000000
1.000000 0.000000
2.000000 0.000000
3.000000 0.000000
4.000000 0.000000
5.000000 2484726.493948
6.000000 3632314.888934
7.000000 14324176.666236
8.000000 19149323.388469
9.000000 24631954.634147
10.000000 31348921.407607
11.000000 38932386.903429
12.000000 47461247.457253
13.000000 56580968.850777
14.000000 66985034.253437
15.000000 78452245.040192
16.000000 89657451.274383
17.000000 102326156.537686
18.000000 114641402.306986
19.000000 128541753.683380
20.000000 145808184.370852
21.000000 165006225.208907
22.000000 180755276.771289
23.000000 197430034.327367
24.000000 216583764.362604
25.000000 227949609.651868
26.000000 238595455.529083
27.000000 245835491.207244
28.000000 254810599.192715
29.000000 264015723.433065
30.000000 272226249.084043
31.000000 279277450.889230
32.000000 294554246.828587
33.000000 310009977.267201
34.000000 319648046.347803
35.000000 347351606.027861
36.000000 363894250.607585
37.000000 380393183.552815
38.000000 397336611.054721
39.000000 416668301.507732
40.000000 433354602.969536
41.000000 457898337.840673
42.000000 467806219.001781
43.000000 482858403.661841
44.000000 493324901.111441
45.000000 492704548.458286
46.000000 495005385.548488
47.000000 497721860.912371
48.000000 508428250.957859
49.000000 511890930.122585
50.000000 513322300.675903
51.000000 521735152.781201
52.000000 541012623.866126
53.000000 552357378.504837
54.000000 545923232.511264
55.000000 537991937.556699
56.000000 523473849.129547
57.000000 511298230.269260
58.000000 504362766.809564
59.000000 504872576.761844
60.000000 510947193.828948
61.000000 518757219.524837
62.000000 528300563.203333
63.000000 529439942.570997
64.000000 530910635.391907
65.000000 544485372.069116
66.000000 539477029.166025
67.000000 547501882.475042
68.000000 546456896.416769
69.000000 546062028.806868
70.000000 550887640.945398
71.000000 556312004.848740
72.000000 562340284.459967
73.000000 569150289.155338
74.000000 581394342.193050
75.000000 593581342.926131
76.000000 599769057.819818
77.000000 604961534.840684
78.000000 597106916.660762
79.000000 575627796.729832
80.000000 554344743.092185
81.000000 531231614.267265
82.000000 508127338.824043
83.000000 510874021.898746
84.000000 573981911.945495
85.000000 637100930.245407
86.000000 700155025.259339
87.000000 763167021.821851
88.000000 826221020.079269
89.000000 861308046.916791
90.000000 854424982.905977
91.000000 847288853.519052
92.000000 848841004.321583
93.000000 885980952.789164
94.000000 922746846.701498
95.000000 959344909.923371
96.000000 920332375.450133
97.000000 830363627.329951
98.000000 740433412.483007
99.000000 650515670.911317
100.000000 523648118.756816
101.000000 387407509.119938
102.000000 251424806.404778
103.000000 114949609.796849
104.000000 93020970.610079
105.000000 71130219.121424
106.000000 49318224.414418
107.000000 27368390.226173
108.000000 5448964.310137
109.000000 3789565.465578
110.000000 1819967.220709
111.000000 835371.468919
112.000000 5599601.844490
113.000000 1565112.840474
114.000000 990901.237767
115.000000 3900094.526995
116.000000 875023.485940
117.000000 1590144.585279
118.000000 1429285.999861
119.000000 700933.815357
120.000000 7376948.419967
121.000000 10232869.489203
122.000000 1537575.871213
123.000000 1749760.906227
124.000000 1695183.428162
125.000000 6077202.108466
126.000000 2124940.584890
127.000000 867994.176074
128.000000 1657967.515276
129.000000 2654247.452940
130.000000 2833868.107809
131.000000 3205319.384180
132.000000 5055356.439660
133.000000 8342683.643436
134.000000 10161086.835484
135.000000 22847459.472429
136.000000 36190251.918213
137.000000 45343299.567492
138.000000 54511530.307913
139.000000 58772189.873088
140.000000 56378073.364429
141.000000 54759506.911330
142.000000 57725916.775632
143.000000 60700134.826671
144.000000 60361240.261055
145.000000 58858465.173407
146.000000 57359742.263919
147.000000 55861982.025182
148.000000 54364242.275596
149.000000 50150722.373772
150.000000 51534085.516290
151.000000 47878630.286996
152.000000 44225190.591699
153.000000 40577006.926035
154.000000 36702066.630572
155.000000 33574980.103278
156.000000 30118480.371428
157.000000 27480532.593269
158.000000 24810613.265550
159.000000 21868129.212758
160.000000 19762750.344920
161.000000 17392707.472556
162.000000 15017843.418062
163.000000 12745408.960297
164.000000 10541869.115686
165.000000 9293695.355923
166.000000 8039695.486439
167.000000 6779630.349840
168.000000 5534643.846304
169.000000 4565688.846987
170.000000 3594046.430015
171.000000 3343277.579968
172.000000 2646616.645733
173.000000 2082507.796515
174.000000 1672363.477808
175.000000 1266822.268996
176.000000 957905.614890
177.000000 703933.486034
178.000000 568571.341114
179.000000 440822.293661
180.000000 356556.479105
181.000000 55133.143391
182.000000 119066.586948
183.000000 16898.521010
184.000000 42572.252089
185.000000 12681.245893
186.000000 5570.887051
187.000000 4897.212866
188.000000 1537.197410
189.000000 2284.526829
190.000000 622.185430
191.000000 737.474188
192.000000 551.097036
193.000000 461.006910
194.000000 177.643945
195.000000 3137.241194
196.000000 448.016078
197.000000 48.172013
198.000000 51.078713
199.000000 52.491246
200.000000 124.404007
201.000000 86.905760
202.000000 43.890748
203.000000 40.468895
204.000000 41.851406
205.000000 43.352575
206.000000 42.430691
207.000000 42.194696
208.000000 41.663173
209.000000 41.299386
210.000000 41.135758
211.000000 40.683000
212.000000 40.703572
213.000000 41.037064
214.000000 41.378345
215.000000 42.203149
216.000000 42.563568
217.000000 43.335668
218.000000 44.064315
219.000000 45.027588
220.000000 46.493743
221.000000 47.883414
222.000000 49.911096
223.000000 51.815745
224.000000 53.890761
225.000000 56.197517
226.000000 58.422944
227.000000 61.200017
228.000000 64.067466
229.000000 67.522590
230.000000 71.146761
231.000000 75.128160
232.000000 77.689025
233.000000 82.264109
234.000000 85.213093
235.000000 89.685716
236.000000 93.329394
237.000000 97.658969
238.000000 101.996421
239.000000 105.582392
240.000000 111.475645
241.000000 114.214815
242.000000 118.789336
243.000000 120.912987
244.000000 125.007372
245.000000 126.475608
246.000000 132.041670
247.000000 133.214163
248.000000 136.921686
249.000000 141.235056
250.000000 142.807988
251.000000 141.699351
252.000000 147.068683
253.000000 144.789185
254.000000 147.270520
255.000000 146.545156
256.000000 146.848772
257.000000 143.958017
258.000000 142.552719
259.000000 145.896676
260.000000 136.630220
261.000000 139.471821
262.000000 133.701723
263.000000 130.282755
264.000000 126.990283
265.000000 122.932712
266.000000 120.450348
267.000000 112.415837
268.000000 111.286421
269.000000 103.000069
270.000000 102.033380
271.000000 94.246604
272.000000 91.107911
273.000000 84.930465
274.000000 78.457458
275.000000 74.973639
276.000000 68.967256
277.000000 64.636881
278.000000 59.732612
279.000000 55.220669
280.000000 51.737426
281.000000 46.967277
282.000000 41.654168
283.000000 38.644506
284.000000 35.226775
285.000000 32.025756
286.000000 29.128609
287.000000 26.373701
288.000000 23.233487
289.000000 21.027953
290.000000 18.869086
291.000000 17.109015
292.000000 14.895843
293.000000 13.600019
294.000000 11.871154
295.000000 10.776493
296.000000 9.451655
297.000000 8.496349
298.000000 7.403437
299.000000 6.750596
300.000000 5.925867
301.000000 5.316198
302.000000 4.801557
303.000000 4.243704
304.000000 3.925005
305.000000 3.475392
306.000000 3.187378
307.000000 2.911360
308.000000 2.638509
309.000000 2.490113
310.000000 2.196224
311.000000 2.072065
312.000000 1.841039
313.000000 1.700943
314.000000 1.653005
315.000000 1.487919
316.000000 1.451295
317.000000 1.343436
318.000000 1.319190
319.000000 1.172118
320.000000 1.238003
321.000000 1.074880
322.000000 1.115437
323.000000 1.076635
324.000000 0.955435
325.000000 1.044187
326.000000 0.941556
327.000000 0.894896
328.000000 0.960579
329.000000 0.856701
330.000000 0.834742
331.000000 0.865083
332.000000 0.813499
333.000000 0.796691
334.000000 0.814843
335.000000 0.770460
336.000000 0.753850
337.000000 0.757878
338.000000 0.745111
339.000000 0.725253
340.000000 0.722951
341.000000 0.709990
342.000000 0.696802
343.000000 0.688983
344.000000 0.691637
345.000000 0.674866
346.000000 0.664796
347.000000 0.656960
348.000000 0.649527
349.000000 0.641064
350.000000 0.633455
351.000000 0.626887
352.000000 0.621352
353.000000 0.612579
354.000000 0.605810
355.000000 0.599500
356.000000 0.592151
357.000000 0.586464
358.000000 0.579692
359.000000 0.572984
360.000000 0.567207
361.000000 0.561272
362.000000 0.554890
363.000000 0.549034
364.000000 0.542952
365.000000 0.537875
366.000000 0.531916
367.000000 0.525980
368.000000 0.520626
369.000000 0.515020
370.000000 0.509619
371.000000 0.503964
372.000000 0.499499
373.000000 0.493946
374.000000 0.488791
375.000000 0.483506
376.000000 0.479098
377.000000 0.473972
378.000000 0.468785
379.000000 0.464049
380.000000 0.460008
381.000000 0.454983
382.000000 0.450296
383.000000 0.445555
384.000000 0.441515
385.000000 0.437131
386.000000 0.432514
387.000000 0.428212
388.000000 0.424207
389.000000 0.419985
390.000000 0.415829
391.000000 0.411662
392.000000 0.407960
393.000000 0.403506
394.000000 0.399529
395.000000 0.395756
396.000000 0.392383
397.000000 0.387936
398.000000 0.385007
399.000000 0.380524
400.000000 0.377900
401.000000 0.373991
402.000000 0.370016
403.000000 0.366199
404.000000 0.363372
405.000000 0.359729
406.000000 0.356068
407.000000 0.352284
408.000000 0.350177
409.000000 0.346894
410.000000 0.343181
411.000000 0.340430
412.000000 0.336605
413.000000 0.334291
414.000000 0.330724
415.000000 0.327827
416.000000 0.324263
417.000000 0.321507
418.000000 0.318802
419.000000 0.315772
420.000000 0.313387
421.000000 0.310922
422.000000 0.308376
423.000000 0.305222
424.000000 0.303136
425.000000 0.300111
426.000000 0.296575
427.000000 0.294529
428.000000 0.292614
429.000000 0.289054
430.000000 0.286232
431.000000 0.285263
432.000000 0.281778
433.000000 0.279412
434.000000 0.277865
435.000000 0.276770
436.000000 0.272781
437.000000 0.269770
438.000000 0.266963
439.000000 0.267683
440.000000 0.264545
441.000000 0.261532
442.000000 0.259523
443.000000 0.259867
444.000000 0.255329
445.000000 0.256073
446.000000 0.251190
447.000000 0.248660
448.000000 0.248657
449.000000 0.244973
450.000000 0.242631
451.000000 0.241144
452.000000 0.239729
453.000000 0.237115
454.000000 0.234720
455.000000 0.233683
456.000000 0.231916
457.000000 0.229954
458.000000 0.230110
459.000000 0.227395
460.000000 0.226641
461.000000 0.225061
462.000000 0.223023
463.000000 0.222706
464.000000 0.219851
465.000000 0.217172
466.000000 0.214820
467.000000 0.214673
468.000000 0.212970
469.000000 0.211402
470.000000 0.210000
471.000000 0.208062
472.000000 0.206700
473.000000 0.205190
474.000000 0.204687
475.000000 0.203242
476.000000 0.201435
477.000000 0.200451
478.000000 0.199942
479.000000 0.199412
480.000000 0.199249
481.000000 0.198371
482.000000 0.196952
483.000000 0.195128
484.000000 0.193693
485.000000 0.192053
486.000000 0.190259
487.000000 0.188520
488.000000 0.187641
489.000000 0.187528
490.000000 0.185819
491.000000 0.184226
492.000000 0.184305
493.000000 0.182239
494.000000 0.181441
495.000000 0.180299
496.000000 0.179486
497.000000 0.178410
498.000000 0.177848
499.000000 0.177481
500.000000 0.177274
501.000000 0.177816
502.000000 0.185121
503.000000 0.178737
504.000000 0.180214
505.000000 0.178864
506.000000 0.177132
507.000000 0.183088
508.000000 0.177734
509.000000 0.173127
510.000000 0.171152
511.000000 0.173930
512.000000 0.168736
513.000000 0.168000
514.000000 0.167093
515.000000 0.166528
516.000000 0.165865
517.000000 0.165168
518.000000 0.164789
519.000000 0.164282
520.000000 0.163998
521.000000 0.163333
522.000000 0.162965
523.000000 0.163082
524.000000 0.163828
525.000000 0.164064
526.000000 0.164163
527.000000 0.164220
528.000000 0.164865
529.000000 0.164913
530.000000 0.165503
531.000000 0.166060
532.000000 0.164978
533.000000 0.164683
534.000000 0.163860
535.000000 0.162720
536.000000 0.161757
537.000000 0.160857
538.000000 0.160421
539.000000 0.159908
540.000000 0.159532
541.000000 0.164779
542.000000 0.160308
543.000000 0.160691
544.000000 0.161216
545.000000 0.160199
546.000000 0.161367
547.000000 0.159228
548.000000 0.159175
549.000000 0.158468
550.000000 0.157602
551.000000 0.156943
552.000000 0.156654
553.000000 0.156712
554.000000 0.156244
555.000000 0.155959
556.000000 0.155929
557.000000 0.156205
558.000000 0.156577
559.000000 0.157007
560.000000 0.157696
561.000000 0.158306
562.000000 0.159007
563.000000 0.159465
564.000000 0.160139
565.000000 0.160097
566.000000 0.160045
567.000000 0.160084
568.000000 0.160326
569.000000 0.169750
570.000000 0.161587
571.000000 0.161273
572.000000 0.163549
573.000000 0.177339
574.000000 0.162300
575.000000 0.159381
576.000000 0.158964
577.000000 0.157231
578.000000 0.156749
579.000000 0.159097
580.000000 0.154798
581.000000 0.152767
582.000000 0.152236
583.000000 0.150491
584.000000 0.150381
585.000000 0.149656
586.000000 0.150267
587.000000 0.156179
588.000000 0.147995
589.000000 0.170473
590.000000 0.366235
591.000000 0.156736
592.000000 0.158234
593.000000 0.175220
594.000000 0.168422
595.000000 0.235836
596.000000 0.153178
597.000000 0.151482
598.000000 0.161554
599.000000 0.274118
600.000000 0.152903
601.000000 0.151283
602.000000 0.150320
603.000000 0.162710
604.000000 0.153008
605.000000 0.147402
606.000000 0.146229
607.000000 0.144814
608.000000 0.143316
609.000000 0.141734
610.000000 0.140133
611.000000 0.138660
612.000000 0.137140
613.000000 0.135598
614.000000 0.134049
615.000000 0.132593
616.000000 0.131288
617.000000 0.130033
618.000000 0.128751
619.000000 0.127533
620.000000 0.126475
621.000000 0.125443
622.000000 0.124557
623.000000 0.123361
624.000000 0.122445
625.000000 0.122100
626.000000 0.120364
627.000000 0.120917
628.000000 0.241133
629.000000 0.122941
630.000000 0.116327
631.000000 0.120738
632.000000 0.128634
633.000000 0.112965
634.000000 0.111793
635.000000 0.110895
636.000000 0.110907
637.000000 0.110497
638.000000 0.107936
639.000000 0.110072
640.000000 0.106415
641.000000 0.104872
642.000000 0.103015
643.000000 0.101541
644.000000 0.101687
645.000000 0.100335
646.000000 0.101262
647.000000 0.110349
648.000000 0.128322
649.000000 0.135309
650.000000 0.096389
651.000000 0.109634
652.000000 0.118991
653.000000 0.092740
654.000000 0.093930
655.000000 0.096543
656.000000 0.138003
657.000000 0.091813
658.000000 0.093670
659.000000 0.104706
660.000000 0.086717
661.000000 0.086119
662.000000 0.086209
663.000000 0.085750
664.000000 0.083578
665.000000 0.083092
666.000000 0.081781
667.000000 0.080937
668.000000 0.080044
669.000000 0.079236
670.000000 0.078463
671.000000 0.077555
672.000000 0.076764
673.000000 0.075998
674.000000 0.075253
675.000000 0.074491
676.000000 0.073793
677.000000 0.073365
678.000000 0.072381
679.000000 0.071791
680.000000 0.071065
681.000000 0.071452
682.000000 0.070029
683.000000 0.069650
684.000000 0.069249
685.000000 0.068593
686.000000 0.068322
687.000000 9.600302
688.000000 0.109588
689.000000 0.102173
690.000000 3.415815
691.000000 0.096070
692.000000 0.955851
693.000000 0.088103
694.000000 0.073244
695.000000 0.075916
696.000000 0.069990
697.000000 0.062969
698.000000 0.061636
699.000000 0.069997
700.000000 0.074831
701.000000 0.087868
702.000000 0.062535
703.000000 0.061071
704.000000 0.059853
705.000000 0.061750
706.000000 0.068248
707.000000 0.067132
708.000000 0.070322
709.000000 0.061214
710.000000 0.071182
711.000000 0.067217
712.000000 0.059113
713.000000 0.061924
714.000000 0.059740
715.000000 0.075980
716.000000 0.178622
717.000000 0.181775
718.000000 0.141800
719.000000 0.783631
720.000000 0.459977
721.000000 0.062859
722.000000 0.093269
723.000000 0.121268
724.000000 0.095115
725.000000 0.181035
726.000000 0.155099
727.000000 0.136095
728.000000 0.237390
729.000000 0.228473
730.000000 0.090064
731.000000 0.080805
732.000000 0.214685
733.000000 0.063305
734.000000 0.141541
735.000000 0.127388
736.000000 0.106757
737.000000 0.054455
738.000000 0.048640
739.000000 0.049083
740.000000 0.048004
741.000000 0.047464
742.000000 0.045989
743.000000 0.045132
744.000000 0.065778
745.000000 0.044979
746.000000 0.091102
747.000000 0.045317
748.000000 0.045096
749.000000 0.044148
750.000000 0.043791
751.000000 0.044250
752.000000 0.043023
753.000000 0.042351
754.000000 0.041971
755.000000 0.041528
756.000000 0.041138
757.000000 0.040817
758.000000 0.040570
759.000000 0.040410
760.000000 0.229072
761.000000 0.617717
762.000000 0.371601
763.000000 1.422965
764.000000 0.078634
765.000000 0.434357
766.000000 1.115187
767.000000 0.099597
768.000000 0.634016
769.000000 0.041656
770.000000 0.051775
771.000000 0.038165
772.000000 0.038091
773.000000 0.038592
774.000000 0.044967
775.000000 0.037895
776.000000 0.037921
777.000000 0.037934
778.000000 0.038031
779.000000 0.037902
780.000000 0.037671
781.000000 0.037650
782.000000 0.037383
783.000000 0.037821
784.000000 0.038257
785.000000 0.036068
786.000000 0.038734
787.000000 0.088444
788.000000 0.036994
789.000000 0.038079
790.000000 0.139123
791.000000 0.061404
792.000000 0.035510
793.000000 0.037838
794.000000 0.034510
795.000000 0.033856
796.000000 0.086147
797.000000 0.040415
798.000000 0.038812
799.000000 0.047422
800.000000 0.044909
801.000000 0.033739
802.000000 0.126370
803.000000 0.063904
804.000000 0.046789
805.000000 0.032058
806.000000 0.042529
807.000000 0.044733
808.000000 0.034884
809.000000 0.051431
810.000000 0.043447
811.000000 0.057473
812.000000 0.041700
813.000000 0.039762
814.000000 0.475240
815.000000 0.123966
816.000000 0.042416
817.000000 0.049136
818.000000 1.752500
819.000000 0.575021
820.000000 0.685065
821.000000 0.183414
822.000000 0.071533
823.000000 0.143530
824.000000 0.074581
825.000000 0.091014
826.000000 2.987483
827.000000 0.036203
828.000000 0.112538
829.000000 3.850229
830.000000 0.096164
831.000000 0.065576
832.000000 0.048911
833.000000 0.040150
834.000000 0.166184
835.000000 0.093625
836.000000 0.036280
837.000000 0.091216
838.000000 0.039809
839.000000 0.059075
840.000000 0.036265
841.000000 0.030363
842.000000 0.032237
843.000000 0.035844
844.000000 0.028365
845.000000 0.027659
846.000000 0.027798
847.000000 0.026566
848.000000 0.028000
849.000000 0.031853
850.000000 0.030624
851.000000 0.026933
852.000000 0.062063
853.000000 0.026664
854.000000 0.043729
855.000000 0.026442
856.000000 0.034773
857.000000 0.026532
858.000000 0.026155
859.000000 0.026847
860.000000 0.026551
861.000000 0.025325
862.000000 0.026145
863.000000 0.024994
864.000000 0.024547
865.000000 0.024368
866.000000 0.024253
867.000000 0.024127
868.000000 0.024020
869.000000 0.025111
870.000000 0.023928
871.000000 0.032034
872.000000 0.023290
873.000000 0.023202
874.000000 0.023101
875.000000 0.022997
876.000000 0.024947
877.000000 0.024195
878.000000 0.023330
879.000000 0.023654
880.000000 0.022882
881.000000 0.023264
882.000000 0.056902
883.000000 0.022757
884.000000 0.023018
885.000000 0.022768
886.000000 0.029845
887.000000 0.041998
888.000000 0.044914
889.000000 0.022470
890.000000 0.025252
891.000000 0.022249
892.000000 0.040495
893.000000 0.037743
894.000000 0.290366
895.000000 0.883790
896.000000 0.106038
897.000000 0.044484
898.000000 0.216448
899.000000 0.343729
900.000000 0.042216
901.000000 0.105465
902.000000 0.048463
903.000000 0.028283
904.000000 0.028163
905.000000 0.023202
906.000000 0.039206
907.000000 0.048542
908.000000 0.403450
909.000000 0.030367
910.000000 0.049964
911.000000 1.843848
912.000000 0.438438
913.000000 0.170739
914.000000 0.566225
915.000000 0.366402
916.000000 0.122224
917.000000 0.086949
918.000000 0.450083
919.000000 0.071388
920.000000 0.024378
921.000000 0.391055
922.000000 0.066788
923.000000 0.058968
924.000000 0.069298
925.000000 0.469327
926.000000 0.110795
927.000000 0.049690
928.000000 1.660811
929.000000 0.616786
930.000000 1.812341
931.000000 0.257202
932.000000 0.856806
933.000000 1.258183
934.000000 1.071401
935.000000 0.396929
936.000000 0.307448
937.000000 1.138448
938.000000 123.074399
939.000000 15.788216
940.000000 0.878444
941.000000 1.868219
942.000000 7.133716
943.000000 54.857682
944.000000 1.816214
945.000000 1.781963
946.000000 0.390631
947.000000 0.619440
948.000000 1.225076
949.000000 0.587141
950.000000 11.522762
951.000000 0.781998
952.000000 12.708953
953.000000 0.216709
954.000000 0.261797
955.000000 14.157144
956.000000 2.467834
957.000000 18.194517
958.000000 1.077242
959.000000 1.021841
960.000000 0.643335
961.000000 0.382351
962.000000 0.521895
963.000000 0.653400
964.000000 0.123195
965.000000 0.296486
966.000000 0.105663
967.000000 0.596450
968.000000 0.240879
969.000000 0.208932
970.000000 0.219032
971.000000 0.175543
972.000000 0.085126
973.000000 0.053900
974.000000 2.241238
975.000000 0.075742
976.000000 0.047054
977.000000 0.439239
978.000000 0.052147
979.000000 0.263755
980.000000 0.053035
981.000000 0.027553
982.000000 0.035314
983.000000 0.128551
984.000000 0.034084
985.000000 0.036815
986.000000 0.190523
987.000000 0.030983
988.000000 0.015768
989.000000 0.028112
990.000000 0.107797
991.000000 0.017824
992.000000 0.016614
993.000000 0.017472
994.000000 0.015120
995.000000 0.023067
996.000000 0.016007
997.000000 0.017164
998.000000 0.014878
999.000000 0.017196
1000.000000 0.022491
The optical depth at z= 2.000000
1.000000 0.000000
2.000000 0.000000
3.000000 0.000000
4.000000 0.000000
5.000000 1974435.229175
6.000000 2886342.017407
7.000000 11367464.632437
8.000000 15196363.359829
9.000000 19546702.870189
10.000000 24877691.167135
11.000000 30895339.060328
12.000000 37664013.683943
13.000000 44899896.322536
14.000000 53157067.385493
15.000000 62257288.352195
16.000000 71150452.466835
17.000000 81205267.544120
18.000000 90977890.214612
19.000000 102010644.194495
20.000000 115715365.003545
21.000000 130955372.042682
22.000000 143455832.647157
23.000000 156690587.618162
24.000000 171895876.045115
25.000000 180912959.195634
26.000000 189357418.352346
27.000000 195096681.880251
28.000000 202212543.635394
29.000000 209509586.350351
30.000000 216028653.330518
31.000000 221609800.907849
32.000000 233736672.040727
33.000000 246000713.010290
34.000000 253648084.051769
35.000000 275642566.666001
36.000000 288773186.051851
37.000000 301869719.559623
38.000000 315312672.669543
39.000000 330663305.851739
40.000000 343910930.163744
41.000000 363390644.620090
42.000000 371241362.153058
43.000000 383185383.735595
44.000000 391484219.149878
45.000000 390977481.582010
46.000000 392806716.511411
47.000000 394952639.562291
48.000000 403448296.971725
49.000000 406185420.480438
50.000000 407316617.881257
51.000000 413982142.075008
52.000000 429282139.659613
53.000000 438292933.412702
54.000000 433171904.080890
55.000000 426859080.498220
56.000000 415310512.689414
57.000000 405624960.687185
58.000000 400106030.256160
59.000000 400506628.501628
60.000000 405325273.092620
61.000000 411519774.901591
62.000000 419089027.884464
63.000000 419996355.015899
64.000000 421166914.356067
65.000000 431955641.911680
66.000000 427972402.638585
67.000000 434343944.796322
68.000000 433519976.432537
69.000000 433211862.882725
70.000000 437044864.524037
71.000000 441356115.467799
72.000000 446161217.147372
73.000000 451587634.742141
74.000000 461333892.436132
75.000000 471034814.730756
76.000000 475971064.190049
77.000000 480116881.295676
78.000000 473888822.681042
79.000000 456828310.645969
80.000000 439923489.694085
81.000000 421553658.167635
82.000000 403190861.808116
83.000000 405363421.702717
84.000000 455488002.063564
85.000000 505621425.715345
86.000000 555710445.103394
87.000000 605773490.743425
88.000000 655869911.998128
89.000000 683748609.801441
90.000000 678283839.002454
91.000000 672617975.181078
92.000000 673859517.992453
93.000000 703398256.450285
94.000000 732639760.814942
95.000000 761747901.833097
96.000000 730783126.031585
97.000000 659332620.796435
98.000000 587912734.822234
99.000000 516502760.763426
100.000000 415714346.375928
101.000000 307473829.168459
102.000000 199438251.971008
103.000000 91011324.985341
104.000000 73597902.125181
105.000000 56210587.870150
106.000000 38885855.913133
107.000000 21451568.270678
108.000000 4039945.091915
109.000000 2715153.358003
110.000000 1158341.369780
111.000000 377735.913311
112.000000 4166487.159102
113.000000 963968.512858
114.000000 510511.790564
115.000000 2827436.900275
116.000000 430640.457543
117.000000 1005249.400412
118.000000 883709.088872
119.000000 323951.469665
120.000000 5649028.721134
121.000000 7938549.454100
122.000000 699912.990095
123.000000 1303004.846297
124.000000 936047.540951
125.000000 4637833.444262
126.000000 1470360.174311
127.000000 442500.692495
128.000000 1053558.709744
129.000000 1869035.455726
130.000000 2029978.202493
131.000000 2331013.937518
132.000000 3810982.955298
133.000000 6476645.937186
134.000000 7943259.252072
135.000000 18041827.467234
136.000000 28680272.418729
137.000000 35968057.598334
138.000000 43261749.738787
139.000000 46663143.688106
140.000000 44768740.852195
141.000000 43488058.037815
142.000000 45850876.438864
143.000000 48216429.545943
144.000000 47947344.484840
145.000000 46752700.694520
146.000000 45559360.502877
147.000000 44366288.979243
148.000000 43173143.634451
149.000000 39819984.757111
150.000000 40913365.456571
151.000000 38002146.204322
152.000000 35091601.567635
153.000000 32182761.925950
154.000000 29099296.934994
155.000000 26606700.561850
156.000000 23850791.026179
157.000000 21745644.390593
158.000000 19614163.218193
159.000000 17267637.386074
160.000000 15585059.382076
161.000000 13693108.543758
162.000000 11799484.037344
163.000000 9986943.357783
164.000000 8228535.076151
165.000000 7230828.963762
166.000000 6231273.701865
167.000000 5229683.826312
168.000000 4240998.500069
169.000000 3472894.981514
170.000000 2703891.958367
171.000000 2511420.525999
172.000000 1968652.423979
173.000000 1533064.093338
174.000000 1219822.584296
175.000000 908075.268256
176.000000 673417.467493
177.000000 485200.740421
178.000000 392162.655743
179.000000 317493.048154
180.000000 243875.770125
181.000000 26216.016170
182.000000 80978.126743
183.000000 8109.830171
184.000000 28691.939357
185.000000 7873.646150
186.000000 2988.614444
187.000000 2942.725425
188.000000 675.071563
189.000000 1423.671810
190.000000 287.393317
191.000000 426.862300
192.000000 358.046294
193.000000 311.460282
194.000000 110.017009
195.000000 2427.109546
196.000000 328.660777
197.000000 30.905521
198.000000 36.590445
199.000000 39.369997
200.000000 97.576811
201.000000 68.455843
202.000000 34.733233
203.000000 32.341845
204.000000 33.663993
205.000000 35.030565
206.000000 34.468805
207.000000 34.437545
208.000000 34.183226
209.000000 34.046266
210.000000 34.092241
211.000000 33.920219
212.000000 34.137142
213.000000 34.642288
214.000000 35.154219
215.000000 36.112284
216.000000 36.697794
217.000000 37.672922
218.000000 38.633868
219.000000 39.812900
220.000000 41.443923
221.000000 43.011990
222.000000 45.188724
223.000000 47.266694
224.000000 49.531538
225.000000 52.025334
226.000000 54.455074
227.000000 57.423609
228.000000 60.463836
229.000000 64.027352
230.000000 67.809912
231.000000 71.937869
232.000000 74.613484
233.000000 79.305516
234.000000 82.378520
235.000000 86.957436
236.000000 90.713597
237.000000 95.143433
238.000000 99.562683
239.000000 103.233799
240.000000 109.171608
241.000000 112.011942
242.000000 116.622530
243.000000 119.100309
244.000000 123.395663
245.000000 124.931171
246.000000 130.508561
247.000000 131.680154
248.000000 135.369124
249.000000 139.659395
250.000000 141.228736
251.000000 140.136108
252.000000 145.474151
253.000000 143.219429
254.000000 145.690251
255.000000 144.978534
256.000000 145.286224
257.000000 142.425303
258.000000 141.038418
259.000000 144.364308
260.000000 135.173223
261.000000 138.001720
262.000000 132.281486
263.000000 128.893624
264.000000 125.634737
265.000000 121.611747
266.000000 119.155490
267.000000 111.186594
268.000000 110.073304
269.000000 101.854810
270.000000 100.902901
271.000000 93.179834
272.000000 90.071097
273.000000 83.944779
274.000000 77.524839
275.000000 74.072914
276.000000 68.116632
277.000000 63.824062
278.000000 58.960504
279.000000 54.488123
280.000000 51.037546
281.000000 46.309075
282.000000 41.039689
283.000000 38.056989
284.000000 34.668050
285.000000 31.495662
286.000000 28.625565
287.000000 25.895730
288.000000 22.784057
289.000000 20.599228
290.000000 18.461061
291.000000 16.718089
292.000000 14.525149
293.000000 13.243208
294.000000 11.530671
295.000000 10.448383
296.000000 9.136778
297.000000 8.192722
298.000000 7.110947
299.000000 6.467066
300.000000 5.651461
301.000000 5.050011
302.000000 4.542293
303.000000 3.991903
304.000000 3.678818
305.000000 3.235544
306.000000 2.952820
307.000000 2.681686
308.000000 2.413934
309.000000 2.269202
310.000000 1.980398
311.000000 1.859799
312.000000 1.632747
313.000000 1.496286
314.000000 1.451387
315.000000 1.290040
316.000000 1.256282
317.000000 1.151628
318.000000 1.130054
319.000000 0.986402
320.000000 1.054282
321.000000 0.894456
322.000000 0.937159
323.000000 0.900744
324.000000 0.782533
325.000000 0.872903
326.000000 0.772876
327.000000 0.728668
328.000000 0.796022
329.000000 0.694699
330.000000 0.674886
331.000000 0.706964
332.000000 0.657595
333.000000 0.642774
334.000000 0.662596
335.000000 0.620315
336.000000 0.605594
337.000000 0.611296
338.000000 0.600309
339.000000 0.582185
340.000000 0.581583
341.000000 0.570361
342.000000 0.558872
343.000000 0.552652
344.000000 0.556857
345.000000 0.541717
346.000000 0.533199
347.000000 0.526900
348.000000 0.520972
349.000000 0.513987
350.000000 0.507853
351.000000 0.502708
352.000000 0.498579
353.000000 0.491193
354.000000 0.485783
355.000000 0.480831
356.000000 0.474845
357.000000 0.470432
358.000000 0.464963
359.000000 0.459551
360.000000 0.455027
361.000000 0.450303
362.000000 0.445153
363.000000 0.440492
364.000000 0.435612
365.000000 0.431678
366.000000 0.426883
367.000000 0.422104
368.000000 0.417866
369.000000 0.413379
370.000000 0.409068
371.000000 0.404508
372.000000 0.401071
373.000000 0.396585
374.000000 0.392468
375.000000 0.388214
376.000000 0.384787
377.000000 0.380663
378.000000 0.376474
379.000000 0.372703
380.000000 0.369584
381.000000 0.365516
382.000000 0.361763
383.000000 0.357948
384.000000 0.354791
385.000000 0.351298
386.000000 0.347571
387.000000 0.344139
388.000000 0.340982
389.000000 0.337606
390.000000 0.334285
391.000000 0.330947
392.000000 0.328042
393.000000 0.324413
394.000000 0.321233
395.000000 0.318238
396.000000 0.315617
397.000000 0.311959
398.000000 0.309730
399.000000 0.306016
400.000000 0.304000
401.000000 0.300938
402.000000 0.297700
403.000000 0.294603
404.000000 0.292444
405.000000 0.289504
406.000000 0.286534
407.000000 0.283444
408.000000 0.281945
409.000000 0.279315
410.000000 0.276271
411.000000 0.274138
412.000000 0.270977
413.000000 0.269241
414.000000 0.266313
415.000000 0.264022
416.000000 0.261086
417.000000 0.258917
418.000000 0.256788
419.000000 0.254320
420.000000 0.252503
421.000000 0.250586
422.000000 0.248593
423.000000 0.246009
424.000000 0.244443
425.000000 0.241975
426.000000 0.239012
427.000000 0.237464
428.000000 0.236039
429.000000 0.233031
430.000000 0.230730
431.000000 0.230198
432.000000 0.227254
433.000000 0.225379
434.000000 0.224277
435.000000 0.223610
436.000000 0.220158
437.000000 0.217645
438.000000 0.215328
439.000000 0.216379
440.000000 0.213739
441.000000 0.211210
442.000000 0.209224
443.000000 0.208628
444.000000 0.206224
445.000000 0.206043
446.000000 0.202727
447.000000 0.200814
448.000000 0.201229
449.000000 0.198030
450.000000 0.196117
451.000000 0.195010
452.000000 0.193968
453.000000 0.191768
454.000000 0.189778
455.000000 0.189084
456.000000 0.187698
457.000000 0.186134
458.000000 0.186587
459.000000 0.184293
460.000000 0.183868
461.000000 0.182644
462.000000 0.180972
463.000000 0.180935
464.000000 0.178461
465.000000 0.176155
466.000000 0.174161
467.000000 0.174287
468.000000 0.172920
469.000000 0.171433
470.000000 0.170350
471.000000 0.169004
472.000000 0.167906
473.000000 0.166520
474.000000 0.166498
475.000000 0.165304
476.000000 0.163851
477.000000 0.163239
478.000000 0.163015
479.000000 0.162770
480.000000 0.162875
481.000000 0.162286
482.000000 0.161164
483.000000 0.159643
484.000000 0.158464
485.000000 0.156968
486.000000 0.155568
487.000000 0.153974
488.000000 0.153431
489.000000 0.153497
490.000000 0.152046
491.000000 0.150861
492.000000 0.150612
493.000000 0.149391
494.000000 0.148826
495.000000 0.147936
496.000000 0.147364
497.000000 0.146548
498.000000 0.146231
499.000000 0.145982
500.000000 0.146107
501.000000 0.146765
502.000000 0.150033
503.000000 0.147952
504.000000 0.148289
505.000000 0.148021
506.000000 0.146728
507.000000 0.147882
508.000000 0.145358
509.000000 0.143427
510.000000 0.142072
511.000000 0.142492
512.000000 0.140160
513.000000 0.139650
514.000000 0.138985
515.000000 0.138627
516.000000 0.138169
517.000000 0.137674
518.000000 0.137479
519.000000 0.137160
520.000000 0.137058
521.000000 0.136597
522.000000 0.136409
523.000000 0.136713
524.000000 0.137142
525.000000 0.137867
526.000000 0.138306
527.000000 0.138541
528.000000 0.139330
529.000000 0.139498
530.000000 0.140020
531.000000 0.140381
532.000000 0.140128
533.000000 0.139865
534.000000 0.139380
535.000000 0.138414
536.000000 0.137617
537.000000 0.136865
538.000000 0.136570
539.000000 0.136248
540.000000 0.135968
541.000000 0.137518
542.000000 0.136563
543.000000 0.136852
544.000000 0.137035
545.000000 0.136854
546.000000 0.137221
547.000000 0.136336
548.000000 0.136244
549.000000 0.135959
550.000000 0.135415
551.000000 0.135057
552.000000 0.134926
553.000000 0.135112
554.000000 0.134823
555.000000 0.134683
556.000000 0.134792
557.000000 0.135198
558.000000 0.135699
559.000000 0.136261
560.000000 0.137027
561.000000 0.137771
562.000000 0.138505
563.000000 0.139197
564.000000 0.139855
565.000000 0.140070
566.000000 0.140133
567.000000 0.140279
568.000000 0.140616
569.000000 0.144572
570.000000 0.141396
571.000000 0.141552
572.000000 0.142411
573.000000 0.146451
574.000000 0.141632
575.000000 0.140404
576.000000 0.139723
577.000000 0.138604
578.000000 0.137819
579.000000 0.138083
580.000000 0.135893
581.000000 0.134505
582.000000 0.133662
583.000000 0.132536
584.000000 0.131960
585.000000 0.131365
586.000000 0.131058
587.000000 0.132626
588.000000 0.129681
589.000000 0.136577
590.000000 0.196984
591.000000 0.132170
592.000000 0.132812
593.000000 0.138666
594.000000 0.136569
595.000000 0.161258
596.000000 0.132901
597.000000 0.133136
598.000000 0.136497
599.000000 0.177995
600.000000 0.134727
601.000000 0.134376
602.000000 0.133997
603.000000 0.137881
604.000000 0.134002
605.000000 0.131696
606.000000 0.130594
607.000000 0.129325
608.000000 0.127925
609.000000 0.126441
610.000000 0.124936
611.000000 0.123504
612.000000 0.122129
613.000000 0.120685
614.000000 0.119234
615.000000 0.117873
616.000000 0.116648
617.000000 0.115490
618.000000 0.114303
619.000000 0.113175
620.000000 0.112204
621.000000 0.111257
622.000000 0.110327
623.000000 0.109349
624.000000 0.108456
625.000000 0.107709
626.000000 0.106561
627.000000 0.105999
628.000000 0.194045
629.000000 0.105472
630.000000 0.102778
631.000000 0.105514
632.000000 0.110218
633.000000 0.099639
634.000000 0.098607
635.000000 0.097628
636.000000 0.096907
637.000000 0.096031
638.000000 0.094541
639.000000 0.094809
640.000000 0.092599
641.000000 0.091415
642.000000 0.090170
643.000000 0.089100
644.000000 0.088504
645.000000 0.087496
646.000000 0.087157
647.000000 0.089001
648.000000 0.094150
649.000000 0.096369
650.000000 0.083567
651.000000 0.087147
652.000000 0.089118
653.000000 0.080805
654.000000 0.080559
655.000000 0.080893
656.000000 0.097415
657.000000 0.078393
658.000000 0.078465
659.000000 0.080861
660.000000 0.075360
661.000000 0.074684
662.000000 0.074355
663.000000 0.073570
664.000000 0.072476
665.000000 0.071829
666.000000 0.070892
667.000000 0.070100
668.000000 0.069308
669.000000 0.068539
670.000000 0.067797
671.000000 0.067005
672.000000 0.066270
673.000000 0.065558
674.000000 0.064880
675.000000 0.064180
676.000000 0.063532
677.000000 0.062971
678.000000 0.062239
679.000000 0.061644
680.000000 0.061036
681.000000 0.060833
682.000000 0.060057
683.000000 0.059623
684.000000 0.059205
685.000000 0.058705
686.000000 0.058268
687.000000 8.360476
688.000000 0.088569
689.000000 0.082435
690.000000 2.653510
691.000000 0.075429
692.000000 0.644294
693.000000 0.064311
694.000000 0.056530
695.000000 0.057167
696.000000 0.054885
697.000000 0.052394
698.000000 0.051588
699.000000 0.053894
700.000000 0.054891
701.000000 0.058686
702.000000 0.050602
703.000000 0.050291
704.000000 0.049364
705.000000 0.049706
706.000000 0.051429
707.000000 0.050984
708.000000 0.051354
709.000000 0.048710
710.000000 0.051355
711.000000 0.049785
712.000000 0.047434
713.000000 0.048109
714.000000 0.047500
715.000000 0.052120
716.000000 0.079880
717.000000 0.081558
718.000000 0.072176
719.000000 0.255156
720.000000 0.168837
721.000000 0.046779
722.000000 0.055683
723.000000 0.062300
724.000000 0.055879
725.000000 0.082407
726.000000 0.083937
727.000000 0.067846
728.000000 0.097512
729.000000 0.093664
730.000000 0.051669
731.000000 0.049521
732.000000 0.089777
733.000000 0.043821
734.000000 0.067995
735.000000 0.061363
736.000000 0.056967
737.000000 0.040862
738.000000 0.039197
739.000000 0.039202
740.000000 0.038780
741.000000 0.038522
742.000000 0.038050
743.000000 0.037785
744.000000 0.044815
745.000000 0.037695
746.000000 0.052350
747.000000 0.037680
748.000000 0.037490
749.000000 0.037090
750.000000 0.036754
751.000000 0.036660
752.000000 0.035954
753.000000 0.035456
754.000000 0.035071
755.000000 0.034695
756.000000 0.034361
757.000000 0.034071
758.000000 0.033820
759.000000 0.033665
760.000000 0.164089
761.000000 0.466275
762.000000 0.278001
763.000000 1.046417
764.000000 0.060758
765.000000 0.307666
766.000000 0.740152
767.000000 0.070737
768.000000 0.398090
769.000000 0.033858
770.000000 0.039298
771.000000 0.031784
772.000000 0.031734
773.000000 0.032012
774.000000 0.035389
775.000000 0.031697
776.000000 0.031750
777.000000 0.031792
778.000000 0.031828
779.000000 0.031756
780.000000 0.031597
781.000000 0.031444
782.000000 0.031167
783.000000 0.031040
784.000000 0.030937
785.000000 0.030108
786.000000 0.030624
787.000000 0.044588
788.000000 0.029778
789.000000 0.029966
790.000000 0.060426
791.000000 0.037189
792.000000 0.028806
793.000000 0.029344
794.000000 0.028217
795.000000 0.027894
796.000000 0.044668
797.000000 0.029598
798.000000 0.028922
799.000000 0.031349
800.000000 0.030744
801.000000 0.027287
802.000000 0.065531
803.000000 0.035966
804.000000 0.030908
805.000000 0.026529
806.000000 0.029355
807.000000 0.029951
808.000000 0.027326
809.000000 0.032046
810.000000 0.029526
811.000000 0.033601
812.000000 0.029274
813.000000 0.028755
814.000000 0.143982
815.000000 0.053850
816.000000 0.029589
817.000000 0.031337
818.000000 0.737317
819.000000 0.194856
820.000000 0.227937
821.000000 0.072013
822.000000 0.037879
823.000000 0.058683
824.000000 0.037243
825.000000 0.046697
826.000000 0.948503
827.000000 0.026080
828.000000 0.049105
829.000000 1.167013
830.000000 0.042927
831.000000 0.033972
832.000000 0.028903
833.000000 0.026299
834.000000 0.063226
835.000000 0.040955
836.000000 0.025331
837.000000 0.039828
838.000000 0.026296
839.000000 0.030340
840.000000 0.024881
841.000000 0.023284
842.000000 0.023735
843.000000 0.024836
844.000000 0.022465
845.000000 0.022254
846.000000 0.022284
847.000000 0.021933
848.000000 0.022382
849.000000 0.023583
850.000000 0.023541
851.000000 0.022209
852.000000 0.032558
853.000000 0.022221
854.000000 0.026922
855.000000 0.022022
856.000000 0.024225
857.000000 0.021826
858.000000 0.021603
859.000000 0.021643
860.000000 0.021460
861.000000 0.020989
862.000000 0.021146
863.000000 0.020653
864.000000 0.020344
865.000000 0.020177
866.000000 0.020035
867.000000 0.019919
868.000000 0.019766
869.000000 0.020130
870.000000 0.019556
871.000000 0.022171
872.000000 0.019235
873.000000 0.019147
874.000000 0.019064
875.000000 0.018978
876.000000 0.019580
877.000000 0.019210
878.000000 0.018956
879.000000 0.018952
880.000000 0.018735
881.000000 0.018851
882.000000 0.029064
883.000000 0.018769
884.000000 0.018827
885.000000 0.018664
886.000000 0.020708
887.000000 0.024415
888.000000 0.025185
889.000000 0.018527
890.000000 0.019307
891.000000 0.018353
892.000000 0.023610
893.000000 0.022651
894.000000 0.112692
895.000000 0.240453
896.000000 0.042109
897.000000 0.024292
898.000000 0.073076
899.000000 0.108324
900.000000 0.024086
901.000000 0.042203
902.000000 0.025903
903.000000 0.019590
904.000000 0.019388
905.000000 0.017859
906.000000 0.022522
907.000000 0.025626
908.000000 0.132024
909.000000 0.019568
910.000000 0.025328
911.000000 0.546198
912.000000 0.144949
913.000000 0.063425
914.000000 0.181084
915.000000 0.119705
916.000000 0.054967
917.000000 0.034814
918.000000 0.159353
919.000000 0.030193
920.000000 0.017203
921.000000 0.124714
922.000000 0.031087
923.000000 0.027487
924.000000 0.029570
925.000000 0.157804
926.000000 0.041865
927.000000 0.024942
928.000000 0.622945
929.000000 0.167910
930.000000 0.507519
931.000000 0.086754
932.000000 0.246107
933.000000 0.361402
934.000000 0.312461
935.000000 0.123498
936.000000 0.101857
937.000000 0.359956
938.000000 55.990378
939.000000 4.917163
940.000000 0.283924
941.000000 0.581160
942.000000 2.248472
943.000000 17.145196
944.000000 0.568717
945.000000 0.565195
946.000000 0.125818
947.000000 0.180548
948.000000 0.369645
949.000000 0.191124
950.000000 3.469800
951.000000 0.216970
952.000000 3.791786
953.000000 0.072553
954.000000 0.083673
955.000000 4.157006
956.000000 0.707475
957.000000 5.010375
958.000000 0.322747
959.000000 0.295088
960.000000 0.195792
961.000000 0.109074
962.000000 0.167568
963.000000 0.199398
964.000000 0.041518
965.000000 0.093313
966.000000 0.039608
967.000000 0.162601
968.000000 0.071637
969.000000 0.083478
970.000000 0.070770
971.000000 0.060893
972.000000 0.038837
973.000000 0.022931
974.000000 0.707070
975.000000 0.029917
976.000000 0.022047
977.000000 0.148610
978.000000 0.023142
979.000000 0.079482
980.000000 0.023364
981.000000 0.015875
982.000000 0.018491
983.000000 0.043293
984.000000 0.017357
985.000000 0.018293
986.000000 0.069752
987.000000 0.016311
988.000000 0.012698
989.000000 0.015907
990.000000 0.036504
991.000000 0.013391
992.000000 0.013058
993.000000 0.013114
994.000000 0.012482
995.000000 0.014387
996.000000 0.012606
997.000000 0.012800
998.000000 0.012146
999.000000 0.012724
1000.000000 0.014224
The optical depth at z= 4.000000
1.000000 0.000000
2.000000 0.000000
3.000000 0.000000
4.000000 0.000000
5.000000 1554943.194604
6.000000 2273104.638397
7.000000 8948325.070099
8.000000 11962313.855913
9.000000 15386686.207618
10.000000 19583306.218778
11.000000 24320193.681433
12.000000 29648486.928723
13.000000 35344108.559535
14.000000 41844223.767835
15.000000 49007804.246797
16.000000 56008623.695811
17.000000 63923943.933803
18.000000 71616673.703011
19.000000 80301954.574688
20.000000 91090759.468199
21.000000 103088760.399099
22.000000 112929562.901282
23.000000 123348303.760199
24.000000 135319093.819713
25.000000 142416508.873653
26.000000 149062829.496153
27.000000 153579014.722962
28.000000 159178752.330165
29.000000 164920750.710937
30.000000 170053362.582911
31.000000 174442873.325726
32.000000 183989907.716952
33.000000 193643629.626032
34.000000 199663205.704150
35.000000 216979478.114070
36.000000 227316433.641424
37.000000 237626718.388453
38.000000 248208009.940251
39.000000 260294313.931541
40.000000 270724176.233056
41.000000 286058937.165107
42.000000 292235706.057301
43.000000 301637573.929967
44.000000 308168380.474441
45.000000 307765625.475625
46.000000 309206464.292274
47.000000 310893079.933114
48.000000 317580545.232350
49.000000 319732285.548102
50.000000 320621489.081838
51.000000 325865620.361884
52.000000 337910031.485897
53.000000 345005283.850759
54.000000 340970070.152821
55.000000 335995708.076177
56.000000 326897547.052720
57.000000 319267014.941024
58.000000 314918561.635667
59.000000 315232843.759374
60.000000 319025462.500629
61.000000 323900780.942884
62.000000 329858076.214659
63.000000 330573149.348006
64.000000 331495517.523538
65.000000 339992546.279807
66.000000 336854667.613385
67.000000 341871101.994791
68.000000 341223905.420589
69.000000 340982764.561320
70.000000 344000980.820006
71.000000 347396494.298033
72.000000 351184660.511251
73.000000 355462172.621646
74.000000 363142200.849030
75.000000 370786525.723201
76.000000 374679164.868625
77.000000 377949418.441505
78.000000 373048173.569414
79.000000 359614348.518187
80.000000 346303107.128028
81.000000 331835236.742775
82.000000 317372906.833254
83.000000 319081202.125595
84.000000 358550143.723742
85.000000 398026050.281963
86.000000 437468904.541944
87.000000 476893299.486879
88.000000 516343978.824555
89.000000 538298858.484943
90.000000 533996399.962919
91.000000 529535573.020892
92.000000 530515512.818938
93.000000 553785406.567242
94.000000 576821217.521235
95.000000 599751999.517382
96.000000 575375588.090950
97.000000 519116601.013415
98.000000 462881727.409534
99.000000 406654660.090818
100.000000 327286398.200800
101.000000 242048252.895234
102.000000 156971505.430556
103.000000 71586555.106121
104.000000 57875944.461175
105.000000 44184828.321065
106.000000 30542998.032759
107.000000 16814869.404382
108.000000 3104079.998011
109.000000 2055441.372633
110.000000 835375.979523
111.000000 221532.436823
112.000000 3207140.899794
113.000000 686411.694014
114.000000 328280.903285
115.000000 2153780.335144
116.000000 268462.269560
117.000000 722727.413703
118.000000 628691.581064
119.000000 192942.434714
120.000000 4392027.099610
121.000000 6200495.413954
122.000000 411959.446185
123.000000 1002876.276211
124.000000 627489.994718
125.000000 3601420.667667
126.000000 1099732.018053
127.000000 282495.912744
128.000000 759281.561340
129.000000 1407859.227076
130.000000 1539459.189735
131.000000 1778104.237298
132.000000 2946266.445221
133.000000 5059844.592646
134.000000 6220653.790081
135.000000 14178360.324913
136.000000 22566132.519715
137.000000 28309404.827640
138.000000 34055697.858231
139.000000 36738624.394343
140.000000 35248851.218620
141.000000 34241729.760789
142.000000 36104040.103717
143.000000 37967573.477069
144.000000 37755711.640542
145.000000 36814751.145585
146.000000 35874305.598222
147.000000 34933938.204383
148.000000 33993489.969611
149.000000 31351421.725039
150.000000 32210927.331346
151.000000 29916498.954168
152.000000 27622354.495007
153.000000 25328893.425024
154.000000 22899392.483412
155.000000 20934317.256981
156.000000 18761455.244050
157.000000 17101183.324464
158.000000 15419922.993684
159.000000 13569717.604534
160.000000 12242063.495894
161.000000 10749775.311548
162.000000 9256741.878092
163.000000 7827482.066424
164.000000 6440692.379885
165.000000 5653393.710484
166.000000 4865380.470091
167.000000 4076510.165597
168.000000 3298046.655545
169.000000 2693632.102553
170.000000 2088838.987632
171.000000 1939073.461089
172.000000 1514511.809604
173.000000 1174850.009984
174.000000 931542.703480
175.000000 688834.471630
176.000000 506919.529502
177.000000 362320.505758
178.000000 292926.250145
179.000000 246661.788694
180.000000 175550.834231
181.000000 15579.951742
182.000000 58352.528909
183.000000 4918.646437
184.000000 20507.119478
185.000000 5557.653273
186.000000 1928.293668
187.000000 2007.495545
188.000000 386.439408
189.000000 987.235001
190.000000 171.739623
191.000000 285.897238
192.000000 256.477942
193.000000 225.213902
194.000000 76.937524
195.000000 1869.486898
196.000000 243.625150
197.000000 22.623803
198.000000 28.395657
199.000000 31.001791
200.000000 77.116269
201.000000 54.353117
202.000000 27.926868
203.000000 26.140764
204.000000 27.272900
205.000000 28.429116
206.000000 28.090070
207.000000 28.168281
208.000000 28.098043
209.000000 28.122470
210.000000 28.320403
211.000000 28.366246
212.000000 28.736970
213.000000 29.374788
214.000000 30.021881
215.000000 31.084007
216.000000 31.851135
217.000000 32.989778
218.000000 34.136823
219.000000 35.490148
220.000000 37.251561
221.000000 38.962434
222.000000 41.256441
223.000000 43.472283
224.000000 45.887751
225.000000 48.529707
226.000000 51.121814
227.000000 54.241178
228.000000 57.417050
229.000000 61.062682
230.000000 64.967881
231.000000 69.208854
232.000000 71.972755
233.000000 76.752128
234.000000 79.920634
235.000000 84.578226
236.000000 88.419538
237.000000 92.923549
238.000000 97.401861
239.000000 101.135905
240.000000 107.099842
241.000000 110.017722
242.000000 114.649763
243.000000 117.412038
244.000000 121.863758
245.000000 123.451484
246.000000 129.028536
247.000000 130.197257
248.000000 133.864747
249.000000 138.128802
250.000000 139.692485
251.000000 138.614742
252.000000 143.918110
253.000000 141.687464
254.000000 144.145481
255.000000 143.446169
256.000000 143.756576
257.000000 140.924992
258.000000 139.555580
259.000000 142.861001
260.000000 133.747206
261.000000 136.560257
262.000000 130.890600
263.000000 127.533877
264.000000 124.308233
265.000000 120.320259
266.000000 117.889665
267.000000 109.988046
268.000000 108.889959
269.000000 100.741034
270.000000 99.802999
271.000000 92.145226
272.000000 89.066431
273.000000 82.992366
274.000000 76.626761
275.000000 73.206902
276.000000 67.301765
277.000000 63.047509
278.000000 58.225548
279.000000 53.793269
280.000000 50.375503
281.000000 45.689206
282.000000 40.464636
283.000000 37.508982
284.000000 34.149366
285.000000 31.005898
286.000000 28.162880
287.000000 25.458352
288.000000 22.375315
289.000000 20.211300
290.000000 18.093663
291.000000 16.367721
292.000000 14.195036
293.000000 12.926677
294.000000 11.230523
295.000000 10.160114
296.000000 8.861665
297.000000 7.928330
298.000000 6.857668
299.000000 6.222084
300.000000 5.415450
301.000000 4.821627
302.000000 4.320549
303.000000 3.777121
304.000000 3.469208
305.000000 3.031860
306.000000 2.753938
307.000000 2.487287
308.000000 2.224119
309.000000 2.082715
310.000000 1.798488
311.000000 1.681054
312.000000 1.457555
313.000000 1.324344
314.000000 1.282007
315.000000 1.124008
316.000000 1.092647
317.000000 0.990812
318.000000 0.971467
319.000000 0.830831
320.000000 0.900259
321.000000 0.743392
322.000000 0.787792
323.000000 0.753392
324.000000 0.637829
325.000000 0.729395
326.000000 0.631689
327.000000 0.589558
328.000000 0.658168
329.000000 0.559108
330.000000 0.541104
331.000000 0.574544
332.000000 0.527068
333.000000 0.513921
334.000000 0.535067
335.000000 0.494591
336.000000 0.481443
337.000000 0.488514
338.000000 0.479009
339.000000 0.462372
340.000000 0.463150
341.000000 0.453374
342.000000 0.443293
343.000000 0.438391
344.000000 0.443872
345.000000 0.430095
346.000000 0.422868
347.000000 0.417846
348.000000 0.413166
349.000000 0.407412
350.000000 0.402485
351.000000 0.398531
352.000000 0.395559
353.000000 0.389325
354.000000 0.385060
355.000000 0.381235
356.000000 0.376360
357.000000 0.373020
358.000000 0.368625
359.000000 0.364274
360.000000 0.360787
361.000000 0.357083
362.000000 0.352946
363.000000 0.349280
364.000000 0.345390
365.000000 0.342424
366.000000 0.338592
367.000000 0.334766
368.000000 0.331463
369.000000 0.327900
370.000000 0.324498
371.000000 0.320839
372.000000 0.318281
373.000000 0.314670
374.000000 0.311414
375.000000 0.308012
376.000000 0.305417
377.000000 0.302121
378.000000 0.298752
379.000000 0.295785
380.000000 0.293454
381.000000 0.290172
382.000000 0.287192
383.000000 0.284142
384.000000 0.281733
385.000000 0.278982
386.000000 0.275991
387.000000 0.273281
388.000000 0.270837
389.000000 0.268166
390.000000 0.265539
391.000000 0.262889
392.000000 0.260657
393.000000 0.257703
394.000000 0.255184
395.000000 0.252840
396.000000 0.250858
397.000000 0.247840
398.000000 0.246227
399.000000 0.243138
400.000000 0.241702
401.000000 0.239276
402.000000 0.236637
403.000000 0.234133
404.000000 0.232549
405.000000 0.230187
406.000000 0.227787
407.000000 0.225262
408.000000 0.224303
409.000000 0.222216
410.000000 0.219714
411.000000 0.218108
412.000000 0.215479
413.000000 0.214251
414.000000 0.211841
415.000000 0.210055
416.000000 0.207625
417.000000 0.205948
418.000000 0.204304
419.000000 0.202313
420.000000 0.200972
421.000000 0.199521
422.000000 0.197991
423.000000 0.195870
424.000000 0.194752
425.000000 0.192735
426.000000 0.190225
427.000000 0.189110
428.000000 0.188110
429.000000 0.185539
430.000000 0.183664
431.000000 0.183535
432.000000 0.181013
433.000000 0.179547
434.000000 0.178839
435.000000 0.178560
436.000000 0.175517
437.000000 0.173401
438.000000 0.171475
439.000000 0.172877
440.000000 0.170623
441.000000 0.168473
442.000000 0.166741
443.000000 0.166127
444.000000 0.164554
445.000000 0.164376
446.000000 0.161696
447.000000 0.160203
448.000000 0.160965
449.000000 0.158122
450.000000 0.156548
451.000000 0.155768
452.000000 0.155049
453.000000 0.153179
454.000000 0.151515
455.000000 0.151129
456.000000 0.150057
457.000000 0.148806
458.000000 0.149548
459.000000 0.147566
460.000000 0.147431
461.000000 0.146501
462.000000 0.145125
463.000000 0.145364
464.000000 0.143187
465.000000 0.141174
466.000000 0.139467
467.000000 0.139858
468.000000 0.138765
469.000000 0.137475
470.000000 0.136664
471.000000 0.135658
472.000000 0.134811
473.000000 0.133635
474.000000 0.133921
475.000000 0.132966
476.000000 0.131773
477.000000 0.131428
478.000000 0.131444
479.000000 0.131437
480.000000 0.131774
481.000000 0.131421
482.000000 0.130536
483.000000 0.129255
484.000000 0.128305
485.000000 0.127007
486.000000 0.125870
487.000000 0.124469
488.000000 0.124170
489.000000 0.124434
490.000000 0.123201
491.000000 0.122267
492.000000 0.122041
493.000000 0.121225
494.000000 0.120866
495.000000 0.120185
496.000000 0.119816
497.000000 0.119205
498.000000 0.119087
499.000000 0.119001
500.000000 0.119343
501.000000 0.120159
502.000000 0.122125
503.000000 0.121667
504.000000 0.121817
505.000000 0.121971
506.000000 0.120903
507.000000 0.120884
508.000000 0.119303
509.000000 0.118197
510.000000 0.117121
511.000000 0.116861
512.000000 0.115588
513.000000 0.115256
514.000000 0.114769
515.000000 0.114581
516.000000 0.114291
517.000000 0.113962
518.000000 0.113929
519.000000 0.113771
520.000000 0.113827
521.000000 0.113528
522.000000 0.113493
523.000000 0.113951
524.000000 0.114396
525.000000 0.115352
526.000000 0.115981
527.000000 0.116360
528.000000 0.117284
529.000000 0.117580
530.000000 0.118179
531.000000 0.118577
532.000000 0.118648
533.000000 0.118494
534.000000 0.118191
535.000000 0.117368
536.000000 0.116712
537.000000 0.116096
538.000000 0.115934
539.000000 0.115754
540.000000 0.115592
541.000000 0.116255
542.000000 0.116311
543.000000 0.116657
544.000000 0.116845
545.000000 0.116964
546.000000 0.117116
547.000000 0.116740
548.000000 0.116729
549.000000 0.116634
550.000000 0.116263
551.000000 0.116066
552.000000 0.116058
553.000000 0.116361
554.000000 0.116196
555.000000 0.116174
556.000000 0.116396
557.000000 0.116911
558.000000 0.117520
559.000000 0.118190
560.000000 0.119047
561.000000 0.119898
562.000000 0.120713
563.000000 0.121535
564.000000 0.122261
565.000000 0.122613
566.000000 0.122776
567.000000 0.123020
568.000000 0.123452
569.000000 0.125524
570.000000 0.124242
571.000000 0.124585
572.000000 0.125129
573.000000 0.126570
574.000000 0.124611
575.000000 0.123912
576.000000 0.123227
577.000000 0.122347
578.000000 0.121552
579.000000 0.121211
580.000000 0.119773
581.000000 0.118624
582.000000 0.117769
583.000000 0.116873
584.000000 0.116242
585.000000 0.115744
586.000000 0.115255
587.000000 0.115644
588.000000 0.114251
589.000000 0.116828
590.000000 0.140031
591.000000 0.115209
592.000000 0.115713
593.000000 0.118422
594.000000 0.117787
595.000000 0.128980
596.000000 0.117371
597.000000 0.118039
598.000000 0.119817
599.000000 0.138106
600.000000 0.120028
601.000000 0.120038
602.000000 0.119862
603.000000 0.121188
604.000000 0.119228
605.000000 0.117886
606.000000 0.116862
607.000000 0.115688
608.000000 0.114374
609.000000 0.112975
610.000000 0.111554
611.000000 0.110194
612.000000 0.108914
613.000000 0.107554
614.000000 0.106185
615.000000 0.104906
616.000000 0.103759
617.000000 0.102680
618.000000 0.101572
619.000000 0.100521
620.000000 0.099625
621.000000 0.098753
622.000000 0.097860
623.000000 0.096994
624.000000 0.096157
625.000000 0.095365
626.000000 0.094414
627.000000 0.093640
628.000000 0.156469
629.000000 0.092430
630.000000 0.090848
631.000000 0.092393
632.000000 0.094972
633.000000 0.087959
634.000000 0.087011
635.000000 0.086053
636.000000 0.085192
637.000000 0.084242
638.000000 0.083087
639.000000 0.082715
640.000000 0.081130
641.000000 0.080079
642.000000 0.079053
643.000000 0.078122
644.000000 0.077380
645.000000 0.076513
646.000000 0.075898
647.000000 0.076035
648.000000 0.077562
649.000000 0.078166
650.000000 0.072746
651.000000 0.073719
652.000000 0.073865
653.000000 0.070392
654.000000 0.069845
655.000000 0.069557
656.000000 0.077001
657.000000 0.067756
658.000000 0.067360
659.000000 0.067713
660.000000 0.065380
661.000000 0.064723
662.000000 0.064257
663.000000 0.063520
664.000000 0.062718
665.000000 0.062056
666.000000 0.061266
667.000000 0.060524
668.000000 0.059796
669.000000 0.059075
670.000000 0.058379
671.000000 0.057654
672.000000 0.056969
673.000000 0.056308
674.000000 0.055684
675.000000 0.055035
676.000000 0.054437
677.000000 0.053867
678.000000 0.053244
679.000000 0.052681
680.000000 0.052138
681.000000 0.051788
682.000000 0.051241
683.000000 0.050827
684.000000 0.050440
685.000000 0.050007
686.000000 0.049558
687.000000 7.163672
688.000000 0.071088
689.000000 0.066292
690.000000 2.036928
691.000000 0.059958
692.000000 0.424215
693.000000 0.050772
694.000000 0.046366
695.000000 0.046313
696.000000 0.045115
697.000000 0.043886
698.000000 0.043271
699.000000 0.043925
700.000000 0.043981
701.000000 0.045220
702.000000 0.041923
703.000000 0.041683
704.000000 0.041096
705.000000 0.041043
706.000000 0.041514
707.000000 0.041214
708.000000 0.041083
709.000000 0.040034
710.000000 0.040815
711.000000 0.040037
712.000000 0.039107
713.000000 0.039241
714.000000 0.038992
715.000000 0.040591
716.000000 0.049923
717.000000 0.050640
718.000000 0.047810
719.000000 0.112813
720.000000 0.084010
721.000000 0.037406
722.000000 0.040519
723.000000 0.042315
724.000000 0.040241
725.000000 0.050395
726.000000 0.054249
727.000000 0.044251
728.000000 0.054987
729.000000 0.053050
730.000000 0.037220
731.000000 0.036493
732.000000 0.051461
733.000000 0.034099
734.000000 0.043361
735.000000 0.040040
736.000000 0.038886
737.000000 0.032700
738.000000 0.032059
739.000000 0.031980
740.000000 0.031757
741.000000 0.031605
742.000000 0.031405
743.000000 0.031299
744.000000 0.034160
745.000000 0.031269
746.000000 0.036894
747.000000 0.031212
748.000000 0.031059
749.000000 0.030799
750.000000 0.030491
751.000000 0.030248
752.000000 0.029723
753.000000 0.029293
754.000000 0.028929
755.000000 0.028591
756.000000 0.028293
757.000000 0.028032
758.000000 0.027800
759.000000 0.027643
760.000000 0.114911
761.000000 0.344934
762.000000 0.203092
763.000000 0.749226
764.000000 0.046211
765.000000 0.212087
766.000000 0.473324
767.000000 0.049710
768.000000 0.240681
769.000000 0.027252
770.000000 0.029948
771.000000 0.026079
772.000000 0.026052
773.000000 0.026209
774.000000 0.027890
775.000000 0.026130
776.000000 0.026206
777.000000 0.026272
778.000000 0.026309
779.000000 0.026269
780.000000 0.026145
781.000000 0.025978
782.000000 0.025720
783.000000 0.025479
784.000000 0.025250
785.000000 0.024773
786.000000 0.024773
787.000000 0.029581
788.000000 0.024186
789.000000 0.024135
790.000000 0.035465
791.000000 0.026780
792.000000 0.023381
793.000000 0.023465
794.000000 0.022943
795.000000 0.022725
796.000000 0.029353
797.000000 0.023182
798.000000 0.022832
799.000000 0.023655
800.000000 0.023441
801.000000 0.022081
802.000000 0.040166
803.000000 0.025134
804.000000 0.023245
805.000000 0.021623
806.000000 0.022570
807.000000 0.022782
808.000000 0.021923
809.000000 0.023634
810.000000 0.022716
811.000000 0.024192
812.000000 0.022721
813.000000 0.022580
814.000000 0.060699
815.000000 0.031868
816.000000 0.022935
817.000000 0.023481
818.000000 0.361742
819.000000 0.086242
820.000000 0.098266
821.000000 0.038562
822.000000 0.025509
823.000000 0.032870
824.000000 0.024531
825.000000 0.029746
826.000000 0.379474
827.000000 0.020267
828.000000 0.028803
829.000000 0.445113
830.000000 0.026004
831.000000 0.022677
832.000000 0.020727
833.000000 0.019728
834.000000 0.033193
835.000000 0.024692
836.000000 0.019354
837.000000 0.024111
838.000000 0.019641
839.000000 0.020602
840.000000 0.018956
841.000000 0.018407
842.000000 0.018523
843.000000 0.018931
844.000000 0.018006
845.000000 0.017926
846.000000 0.017937
847.000000 0.017821
848.000000 0.018013
849.000000 0.018503
850.000000 0.018649
851.000000 0.018112
852.000000 0.021959
853.000000 0.018223
854.000000 0.019830
855.000000 0.018052
856.000000 0.018730
857.000000 0.017803
858.000000 0.017631
859.000000 0.017538
860.000000 0.017379
861.000000 0.017106
862.000000 0.017063
863.000000 0.016761
864.000000 0.016529
865.000000 0.016375
866.000000 0.016238
867.000000 0.016122
868.000000 0.015982
869.000000 0.016087
870.000000 0.015781
871.000000 0.016759
872.000000 0.015551
873.000000 0.015474
874.000000 0.015405
875.000000 0.015334
876.000000 0.015533
877.000000 0.015347
878.000000 0.015239
879.000000 0.015196
880.000000 0.015107
881.000000 0.015156
882.000000 0.019018
883.000000 0.015173
884.000000 0.015186
885.000000 0.015072
886.000000 0.015820
887.000000 0.017233
888.000000 0.017484
889.000000 0.015000
890.000000 0.015252
891.000000 0.014860
892.000000 0.016712
893.000000 0.016347
894.000000 0.054119
895.000000 0.086556
896.000000 0.023219
897.000000 0.016812
898.000000 0.034005
899.000000 0.046269
900.000000 0.016823
901.000000 0.023256
902.000000 0.017405
903.000000 0.014923
904.000000 0.014757
905.000000 0.014130
906.000000 0.015785
907.000000 0.017002
908.000000 0.056483
909.000000 0.014489
910.000000 0.016579
911.000000 0.205311
912.000000 0.062043
913.000000 0.031424
914.000000 0.074712
915.000000 0.051138
916.000000 0.030407
917.000000 0.019430
918.000000 0.070873
919.000000 0.017717
920.000000 0.013211
921.000000 0.052546
922.000000 0.018668
923.000000 0.016990
924.000000 0.017420
925.000000 0.067805
926.000000 0.021967
927.000000 0.015951
928.000000 0.273704
929.000000 0.061387
930.000000 0.181271
931.000000 0.038685
932.000000 0.091556
933.000000 0.132761
934.000000 0.116918
935.000000 0.050806
936.000000 0.044462
937.000000 0.143414
938.000000 28.442877
939.000000 1.902754
940.000000 0.114950
941.000000 0.227313
942.000000 0.881021
943.000000 6.657232
944.000000 0.223171
945.000000 0.225632
946.000000 0.053093
947.000000 0.069050
948.000000 0.141396
949.000000 0.079216
950.000000 1.302048
951.000000 0.078389
952.000000 1.410312
953.000000 0.032607
954.000000 0.036013
955.000000 1.526752
956.000000 0.255481
957.000000 1.728622
958.000000 0.122898
959.000000 0.109569
960.000000 0.077015
961.000000 0.042206
962.000000 0.069080
963.000000 0.078567
964.000000 0.020108
965.000000 0.039128
966.000000 0.020368
967.000000 0.059722
968.000000 0.029844
969.000000 0.041100
970.000000 0.031467
971.000000 0.028230
972.000000 0.021554
973.000000 0.013696
974.000000 0.280218
975.000000 0.016413
976.000000 0.013718
977.000000 0.063568
978.000000 0.013937
979.000000 0.032627
980.000000 0.013976
981.000000 0.011243
982.000000 0.012298
983.000000 0.020605
984.000000 0.011643
985.000000 0.012010
986.000000 0.032408
987.000000 0.011228
988.000000 0.010171
989.000000 0.011230
990.000000 0.017892
991.000000 0.010534
992.000000 0.010442
993.000000 0.010322
994.000000 0.010102
995.000000 0.010656
996.000000 0.010047
997.000000 0.010015
998.000000 0.009771
999.000000 0.009924
1000.000000 0.010435
The optical depth at z= 6.000000
1.000000 0.000000
2.000000 0.000000
3.000000 0.000000
4.000000 0.000000
5.000000 1212152.918074
6.000000 1771994.263345
7.000000 6973742.627479
8.000000 9322614.996099
9.000000 11991271.486398
10.000000 15261907.902291
11.000000 18953468.135945
12.000000 23106030.606202
13.000000 27544648.749456
14.000000 32610499.119706
15.000000 38193328.419179
16.000000 43649423.117831
17.000000 49818250.785549
18.000000 55813389.582017
19.000000 62582341.228072
20.000000 70990731.401020
21.000000 80341795.610568
22.000000 88011362.926510
23.000000 96131295.251024
24.000000 105461210.073194
25.000000 110992129.684526
26.000000 116171336.771368
27.000000 119690148.924381
28.000000 124053369.055212
29.000000 128527284.526992
30.000000 132527731.561991
31.000000 135946765.787353
32.000000 143387540.993213
33.000000 150910843.941765
34.000000 155601948.365640
35.000000 169098317.712230
36.000000 177154602.328806
37.000000 185190178.588421
38.000000 193436151.237234
39.000000 202856616.600280
40.000000 210985690.380689
41.000000 222936881.056832
42.000000 227749113.986151
43.000000 235076167.548607
44.000000 240164929.118452
45.000000 239849202.495916
46.000000 240972523.419614
47.000000 242285704.669284
48.000000 247497380.160785
49.000000 249172924.536668
50.000000 249865308.695670
51.000000 253950863.168345
52.000000 263337707.276650
53.000000 268868272.737787
54.000000 265721573.856124
55.000000 261842493.560668
56.000000 254748498.323058
57.000000 248798797.408837
58.000000 245407971.939664
59.000000 245652394.014431
60.000000 248607847.561344
61.000000 252406915.688183
62.000000 257049105.732332
63.000000 257606787.453370
64.000000 258326060.695232
65.000000 264950138.831341
66.000000 262503569.245813
67.000000 266413452.245825
68.000000 265909749.028284
69.000000 265722490.276092
70.000000 268075134.462506
71.000000 270722214.452948
72.000000 273677168.123192
73.000000 277013607.609837
74.000000 283002700.273376
75.000000 288963960.463524
76.000000 292000924.522967
77.000000 294552761.775056
78.000000 290733722.080437
79.000000 280262356.324437
80.000000 269886536.574060
81.000000 258607692.977617
82.000000 247333168.460439
83.000000 248663585.817872
84.000000 279428616.067675
85.000000 310199076.422915
86.000000 340944687.892514
87.000000 371676863.819179
88.000000 402429529.487998
89.000000 419544098.333894
90.000000 416190726.122411
91.000000 412713898.136684
92.000000 413478849.464983
93.000000 431622202.265380
94.000000 449583076.683352
95.000000 467462075.760212
96.000000 448464049.484951
97.000000 404612731.884315
98.000000 360780211.538127
99.000000 316953776.833805
100.000000 255085492.363521
101.000000 188640840.780071
102.000000 122322006.325772
103.000000 55762912.984535
104.000000 45076327.276398
105.000000 34404428.267261
106.000000 23770949.853684
107.000000 13070183.349377
108.000000 2382643.045170
109.000000 1561077.857631
110.000000 614445.262354
111.000000 136554.943645
112.000000 2465291.324647
113.000000 501119.630465
114.000000 220697.733303
115.000000 1643922.595542
116.000000 175463.588270
117.000000 530436.418492
118.000000 457937.215265
119.000000 120684.119486
120.000000 3396654.965545
121.000000 4809026.458210
122.000000 254587.142964
123.000000 770682.973756
124.000000 436718.913503
125.000000 2783073.443043
126.000000 829449.211136
127.000000 188663.147685
128.000000 558217.027052
129.000000 1066857.981627
130.000000 1171764.428718
131.000000 1358552.055856
132.000000 2270446.269255
133.000000 3924904.116932
134.000000 4832589.485848
135.000000 11038249.131714
136.000000 17581511.319399
137.000000 22060508.769376
138.000000 26541086.936401
139.000000 28634562.264501
140.000000 27474235.462149
141.000000 26689837.930705
142.000000 28142315.584473
143.000000 29595299.673284
144.000000 29430167.019707
145.000000 28696579.188675
146.000000 27963148.021260
147.000000 27229713.554577
148.000000 26496205.790469
149.000000 24435951.861834
150.000000 25105223.419925
151.000000 23315777.947209
152.000000 21526435.529475
153.000000 19737310.672674
154.000000 17842845.873972
155.000000 16309990.411326
156.000000 14614954.121440
157.000000 13319551.154315
158.000000 12007667.235131
159.000000 10564278.546371
160.000000 9528083.574163
161.000000 8363672.515166
162.000000 7198953.157246
163.000000 6083908.571912
164.000000 5001895.451247
165.000000 4387409.001400
166.000000 3772720.023763
167.000000 3157720.141204
168.000000 2550948.548913
169.000000 2080016.094267
170.000000 1608946.234419
171.000000 1493063.397312
172.000000 1163479.294656
173.000000 900312.937466
174.000000 712260.822602
175.000000 524399.393243
176.000000 383968.597458
177.000000 272981.936034
178.000000 220739.717382
179.000000 192959.880678
180.000000 126409.649592
181.000000 9565.553421
182.000000 42138.442748
183.000000 3111.945354
184.000000 14682.258063
185.000000 4001.852735
186.000000 1282.509592
187.000000 1392.883171
188.000000 232.434632
189.000000 693.347649
190.000000 108.371366
191.000000 195.813952
192.000000 186.249614
193.000000 163.923840
194.000000 54.996491
195.000000 1427.151270
196.000000 179.505001
197.000000 17.138409
198.000000 22.416580
199.000000 24.628726
200.000000 60.701179
201.000000 43.030937
202.000000 22.500003
203.000000 21.161096
204.000000 22.110677
205.000000 23.074888
206.000000 22.903015
207.000000 23.059247
208.000000 23.129359
209.000000 23.280286
210.000000 23.597126
211.000000 23.817296
212.000000 24.311229
213.000000 25.053811
214.000000 25.808889
215.000000 26.952768
216.000000 27.865738
217.000000 29.135034
218.000000 30.430435
219.000000 31.923001
220.000000 33.786622
221.000000 35.610386
222.000000 37.995329
223.000000 40.319208
224.000000 42.852535
225.000000 45.610044
226.000000 48.329311
227.000000 51.565519
228.000000 54.845901
229.000000 58.551776
230.000000 62.549686
231.000000 66.875274
232.000000 69.705688
233.000000 74.547672
234.000000 77.788000
235.000000 82.501311
236.000000 86.405004
237.000000 90.961421
238.000000 95.479898
239.000000 99.258446
240.000000 105.233309
241.000000 108.209013
242.000000 112.850460
243.000000 115.838643
244.000000 120.409427
245.000000 122.036758
246.000000 127.603944
247.000000 128.768272
248.000000 132.412032
249.000000 136.647492
250.000000 138.203880
251.000000 137.140039
252.000000 142.406175
253.000000 140.198886
254.000000 142.642297
255.000000 141.954272
256.000000 142.266314
257.000000 139.463427
258.000000 138.110576
259.000000 141.393704
260.000000 132.358270
261.000000 135.154004
262.000000 129.535147
263.000000 126.209424
264.000000 123.016401
265.000000 119.063635
266.000000 116.658100
267.000000 108.824658
268.000000 107.740851
269.000000 99.662403
270.000000 98.737316
271.000000 91.145691
272.000000 88.096548
273.000000 82.075314
274.000000 75.764729
275.000000 72.376811
276.000000 66.523327
277.000000 62.307503
278.000000 57.527584
279.000000 53.135517
280.000000 49.750344
281.000000 45.106334
282.000000 39.927136
283.000000 36.998468
284.000000 33.668415
285.000000 30.553860
286.000000 27.737729
287.000000 25.058450
288.000000 22.003944
289.000000 19.860606
290.000000 17.763248
291.000000 16.054125
292.000000 13.901596
293.000000 12.646457
294.000000 10.966563
295.000000 9.907595
296.000000 8.622098
297.000000 7.699028
298.000000 6.639295
299.000000 6.011480
300.000000 5.213565
301.000000 4.626901
302.000000 4.132124
303.000000 3.595244
304.000000 3.292081
305.000000 2.860287
306.000000 2.586739
307.000000 2.324195
308.000000 2.065182
309.000000 1.926760
310.000000 1.646705
311.000000 1.532063
312.000000 1.311795
313.000000 1.181472
314.000000 1.141287
315.000000 0.986284
316.000000 0.956923
317.000000 0.857560
318.000000 0.840061
319.000000 0.702103
320.000000 0.772685
321.000000 0.618485
322.000000 0.664194
323.000000 0.631489
324.000000 0.518275
325.000000 0.610668
326.000000 0.515022
327.000000 0.474649
328.000000 0.544164
329.000000 0.447112
330.000000 0.430615
331.000000 0.465102
332.000000 0.419244
333.000000 0.407485
334.000000 0.429670
335.000000 0.390735
336.000000 0.378889
337.000000 0.387062
338.000000 0.378782
339.000000 0.363395
340.000000 0.365290
341.000000 0.356703
342.000000 0.347786
343.000000 0.343965
344.000000 0.350477
345.000000 0.337830
346.000000 0.331667
347.000000 0.327695
348.000000 0.324040
349.000000 0.319298
350.000000 0.315358
351.000000 0.312384
352.000000 0.310360
353.000000 0.305077
354.000000 0.301755
355.000000 0.298853
356.000000 0.294885
357.000000 0.292430
358.000000 0.288916
359.000000 0.285433
360.000000 0.282796
361.000000 0.279933
362.000000 0.276627
363.000000 0.273777
364.000000 0.270701
365.000000 0.268532
366.000000 0.265493
367.000000 0.262449
368.000000 0.259914
369.000000 0.257111
370.000000 0.254457
371.000000 0.251537
372.000000 0.249705
373.000000 0.246813
374.000000 0.244264
375.000000 0.241561
376.000000 0.239654
377.000000 0.237039
378.000000 0.234342
379.000000 0.232037
380.000000 0.230358
381.000000 0.227721
382.000000 0.225377
383.000000 0.222954
384.000000 0.221163
385.000000 0.219022
386.000000 0.216635
387.000000 0.214522
388.000000 0.212664
389.000000 0.210574
390.000000 0.208519
391.000000 0.206433
392.000000 0.204758
393.000000 0.202356
394.000000 0.200380
395.000000 0.198573
396.000000 0.197119
397.000000 0.194628
398.000000 0.193527
399.000000 0.190949
400.000000 0.190005
401.000000 0.188088
402.000000 0.185943
403.000000 0.183924
404.000000 0.182817
405.000000 0.180930
406.000000 0.178999
407.000000 0.176937
408.000000 0.176428
409.000000 0.174789
410.000000 0.172731
411.000000 0.171560
412.000000 0.169365
413.000000 0.168561
414.000000 0.166574
415.000000 0.165204
416.000000 0.163188
417.000000 0.161917
418.000000 0.160673
419.000000 0.159077
420.000000 0.158128
421.000000 0.157063
422.000000 0.155914
423.000000 0.154172
424.000000 0.153426
425.000000 0.151780
426.000000 0.149638
427.000000 0.148882
428.000000 0.148237
429.000000 0.146020
430.000000 0.144495
431.000000 0.144705
432.000000 0.142526
433.000000 0.141396
434.000000 0.141019
435.000000 0.141066
436.000000 0.138353
437.000000 0.136561
438.000000 0.134953
439.000000 0.136659
440.000000 0.134716
441.000000 0.132874
442.000000 0.131395
443.000000 0.130916
444.000000 0.129844
445.000000 0.129817
446.000000 0.127535
447.000000 0.126369
448.000000 0.127417
449.000000 0.124857
450.000000 0.123560
451.000000 0.123050
452.000000 0.122600
453.000000 0.121000
454.000000 0.119602
455.000000 0.119475
456.000000 0.118660
457.000000 0.117664
458.000000 0.118650
459.000000 0.116918
460.000000 0.117024
461.000000 0.116337
462.000000 0.115203
463.000000 0.115677
464.000000 0.113742
465.000000 0.111968
466.000000 0.110496
467.000000 0.111111
468.000000 0.110244
469.000000 0.109141
470.000000 0.108554
471.000000 0.107801
472.000000 0.107164
473.000000 0.106183
474.000000 0.106704
475.000000 0.105953
476.000000 0.104967
477.000000 0.104832
478.000000 0.105046
479.000000 0.105235
480.000000 0.105764
481.000000 0.105604
482.000000 0.104913
483.000000 0.103826
484.000000 0.103068
485.000000 0.101950
486.000000 0.101018
487.000000 0.099791
488.000000 0.099687
489.000000 0.100123
490.000000 0.099068
491.000000 0.098325
492.000000 0.098178
493.000000 0.097636
494.000000 0.097449
495.000000 0.096939
496.000000 0.096738
497.000000 0.096293
498.000000 0.096338
499.000000 0.096398
500.000000 0.096905
501.000000 0.097863
502.000000 0.099166
503.000000 0.099651
504.000000 0.099793
505.000000 0.100201
506.000000 0.099297
507.000000 0.098853
508.000000 0.097770
509.000000 0.097078
510.000000 0.096191
511.000000 0.095632
512.000000 0.094963
513.000000 0.094775
514.000000 0.094431
515.000000 0.094381
516.000000 0.094228
517.000000 0.094036
518.000000 0.094138
519.000000 0.094113
520.000000 0.094301
521.000000 0.094133
522.000000 0.094225
523.000000 0.094808
524.000000 0.095319
525.000000 0.096430
526.000000 0.097197
527.000000 0.097692
528.000000 0.098729
529.000000 0.099134
530.000000 0.099822
531.000000 0.100289
532.000000 0.100553
533.000000 0.100504
534.000000 0.100334
535.000000 0.099629
536.000000 0.099090
537.000000 0.098590
538.000000 0.098540
539.000000 0.098475
540.000000 0.098415
541.000000 0.098768
542.000000 0.099290
543.000000 0.099708
544.000000 0.099954
545.000000 0.100245
546.000000 0.100311
547.000000 0.100247
548.000000 0.100324
549.000000 0.100355
550.000000 0.100107
551.000000 0.100026
552.000000 0.100118
553.000000 0.100517
554.000000 0.100451
555.000000 0.100524
556.000000 0.100839
557.000000 0.101444
558.000000 0.102142
559.000000 0.102899
560.000000 0.103835
561.000000 0.104771
562.000000 0.105662
563.000000 0.106578
564.000000 0.107373
565.000000 0.107824
566.000000 0.108070
567.000000 0.108395
568.000000 0.108909
569.000000 0.109963
570.000000 0.109784
571.000000 0.110241
572.000000 0.110692
573.000000 0.111059
574.000000 0.110365
575.000000 0.109932
576.000000 0.109287
577.000000 0.108551
578.000000 0.107796
579.000000 0.107194
580.000000 0.106164
581.000000 0.105158
582.000000 0.104340
583.000000 0.103581
584.000000 0.102968
585.000000 0.102549
586.000000 0.102027
587.000000 0.101933
588.000000 0.101256
589.000000 0.101965
590.000000 0.109076
591.000000 0.101662
592.000000 0.102158
593.000000 0.103471
594.000000 0.103558
595.000000 0.107999
596.000000 0.104588
597.000000 0.105430
598.000000 0.106622
599.000000 0.113305
600.000000 0.107738
601.000000 0.107919
602.000000 0.107855
603.000000 0.108033
604.000000 0.107019
605.000000 0.106115
606.000000 0.105160
607.000000 0.104062
608.000000 0.102821
609.000000 0.101495
610.000000 0.100146
611.000000 0.098854
612.000000 0.097649
613.000000 0.096360
614.000000 0.095061
615.000000 0.093852
616.000000 0.092771
617.000000 0.091760
618.000000 0.090718
619.000000 0.089733
620.000000 0.088901
621.000000 0.088092
622.000000 0.087246
623.000000 0.086459
624.000000 0.085677
625.000000 0.084902
626.000000 0.084061
627.000000 0.083241
628.000000 0.126972
629.000000 0.081763
630.000000 0.080683
631.000000 0.081386
632.000000 0.082573
633.000000 0.078012
634.000000 0.077130
635.000000 0.076208
636.000000 0.075322
637.000000 0.074371
638.000000 0.073388
639.000000 0.072675
640.000000 0.071485
641.000000 0.070513
642.000000 0.069611
643.000000 0.068762
644.000000 0.067990
645.000000 0.067211
646.000000 0.066517
647.000000 0.066046
648.000000 0.065986
649.000000 0.065751
650.000000 0.063617
651.000000 0.063497
652.000000 0.062988
653.000000 0.061534
654.000000 0.060906
655.000000 0.060361
656.000000 0.062747
657.000000 0.058910
658.000000 0.058330
659.000000 0.057950
660.000000 0.056879
661.000000 0.056253
662.000000 0.055723
663.000000 0.055074
664.000000 0.054403
665.000000 0.053754
666.000000 0.053054
667.000000 0.052357
668.000000 0.051680
669.000000 0.051001
670.000000 0.050348
671.000000 0.049673
672.000000 0.049032
673.000000 0.048416
674.000000 0.047836
675.000000 0.047231
676.000000 0.046674
677.000000 0.046119
678.000000 0.045566
679.000000 0.045039
680.000000 0.044544
681.000000 0.044141
682.000000 0.043722
683.000000 0.043338
684.000000 0.042984
685.000000 0.042596
686.000000 0.042163
687.000000 6.034534
688.000000 0.056856
689.000000 0.053219
690.000000 1.542578
691.000000 0.047877
692.000000 0.271965
693.000000 0.040980
694.000000 0.038541
695.000000 0.038152
696.000000 0.037462
697.000000 0.036789
698.000000 0.036281
699.000000 0.036223
700.000000 0.035944
701.000000 0.036080
702.000000 0.034865
703.000000 0.034589
704.000000 0.034230
705.000000 0.034027
706.000000 0.033997
707.000000 0.033744
708.000000 0.033515
709.000000 0.033075
710.000000 0.033128
711.000000 0.032748
712.000000 0.032370
713.000000 0.032296
714.000000 0.032172
715.000000 0.032545
716.000000 0.034861
717.000000 0.034967
718.000000 0.034197
719.000000 0.051912
720.000000 0.044520
721.000000 0.030332
722.000000 0.031006
723.000000 0.031178
724.000000 0.030532
725.000000 0.033526
726.000000 0.035794
727.000000 0.031188
728.000000 0.034079
729.000000 0.033202
730.000000 0.028442
731.000000 0.028128
732.000000 0.032405
733.000000 0.027175
734.000000 0.029940
735.000000 0.028610
736.000000 0.028362
737.000000 0.026440
738.000000 0.026190
739.000000 0.026096
740.000000 0.025969
741.000000 0.025878
742.000000 0.025798
743.000000 0.025763
744.000000 0.026675
745.000000 0.025782
746.000000 0.027455
747.000000 0.025739
748.000000 0.025615
749.000000 0.025417
750.000000 0.025135
751.000000 0.024828
752.000000 0.024405
753.000000 0.024018
754.000000 0.023675
755.000000 0.023366
756.000000 0.023096
757.000000 0.022859
758.000000 0.022647
759.000000 0.022495
760.000000 0.078534
761.000000 0.249316
762.000000 0.144305
763.000000 0.519121
764.000000 0.034675
765.000000 0.141608
766.000000 0.289081
767.000000 0.034757
768.000000 0.139639
769.000000 0.021829
770.000000 0.023039
771.000000 0.021202
772.000000 0.021196
773.000000 0.021294
774.000000 0.022119
775.000000 0.021356
776.000000 0.021451
777.000000 0.021536
778.000000 0.021584
779.000000 0.021566
780.000000 0.021468
781.000000 0.021306
782.000000 0.021070
783.000000 0.020799
784.000000 0.020529
785.000000 0.020199
786.000000 0.020013
787.000000 0.021170
788.000000 0.019546
789.000000 0.019401
790.000000 0.022620
791.000000 0.020003
792.000000 0.018838
793.000000 0.018747
794.000000 0.018488
795.000000 0.018324
796.000000 0.020361
797.000000 0.018288
798.000000 0.018110
799.000000 0.018285
800.000000 0.018183
801.000000 0.017721
802.000000 0.024460
803.000000 0.018484
804.000000 0.017904
805.000000 0.017423
806.000000 0.017659
807.000000 0.017731
808.000000 0.017543
809.000000 0.018060
810.000000 0.017850
811.000000 0.018290
812.000000 0.017936
813.000000 0.017952
814.000000 0.027570
815.000000 0.020667
816.000000 0.018119
817.000000 0.018225
818.000000 0.147842
819.000000 0.037101
820.000000 0.040318
821.000000 0.022316
822.000000 0.018253
823.000000 0.020129
824.000000 0.017455
825.000000 0.019586
826.000000 0.127703
827.000000 0.015884
828.000000 0.018271
829.000000 0.139890
830.000000 0.017160
831.000000 0.016130
832.000000 0.015490
833.000000 0.015147
834.000000 0.018935
835.000000 0.016358
836.000000 0.014939
837.000000 0.016087
838.000000 0.014947
839.000000 0.015039
840.000000 0.014652
841.000000 0.014495
842.000000 0.014499
843.000000 0.014610
844.000000 0.014326
845.000000 0.014302
846.000000 0.014310
847.000000 0.014296
848.000000 0.014385
849.000000 0.014580
850.000000 0.014734
851.000000 0.014617
852.000000 0.015799
853.000000 0.014782
854.000000 0.015190
855.000000 0.014638
856.000000 0.014727
857.000000 0.014381
858.000000 0.014238
859.000000 0.014108
860.000000 0.013959
861.000000 0.013770
862.000000 0.013647
863.000000 0.013426
864.000000 0.013240
865.000000 0.013099
866.000000 0.012971
867.000000 0.012859
868.000000 0.012738
869.000000 0.012711
870.000000 0.012559
871.000000 0.012794
872.000000 0.012375
873.000000 0.012308
874.000000 0.012251
875.000000 0.012194
876.000000 0.012220
877.000000 0.012134
878.000000 0.012084
879.000000 0.012045
880.000000 0.012004
881.000000 0.012027
882.000000 0.013189
883.000000 0.012077
884.000000 0.012078
885.000000 0.012000
886.000000 0.012222
887.000000 0.012684
888.000000 0.012728
889.000000 0.011968
890.000000 0.012006
891.000000 0.011855
892.000000 0.012315
893.000000 0.012221
894.000000 0.024499
895.000000 0.029353
896.000000 0.014105
897.000000 0.012317
898.000000 0.016952
899.000000 0.020253
900.000000 0.012276
901.000000 0.013996
902.000000 0.012321
903.000000 0.011499
904.000000 0.011377
905.000000 0.011122
906.000000 0.011534
907.000000 0.011870
908.000000 0.023254
909.000000 0.010973
910.000000 0.011537
911.000000 0.064736
912.000000 0.025040
913.000000 0.016042
914.000000 0.028380
915.000000 0.021186
916.000000 0.016496
917.000000 0.011926
918.000000 0.028600
919.000000 0.011436
920.000000 0.010215
921.000000 0.021452
922.000000 0.011855
923.000000 0.011258
924.000000 0.011252
925.000000 0.026775
926.000000 0.012556
927.000000 0.010817
928.000000 0.096724
929.000000 0.021876
930.000000 0.054146
931.000000 0.017281
932.000000 0.030519
933.000000 0.041839
934.000000 0.038075
935.000000 0.020246
936.000000 0.019013
937.000000 0.048849
938.000000 11.545599
939.000000 0.587769
940.000000 0.040128
941.000000 0.074169
942.000000 0.278265
943.000000 2.058577
944.000000 0.072987
945.000000 0.075696
946.000000 0.021475
947.000000 0.024590
948.000000 0.046105
949.000000 0.029484
950.000000 0.387327
951.000000 0.026084
952.000000 0.414283
953.000000 0.014979
954.000000 0.015718
955.000000 0.442049
956.000000 0.074939
957.000000 0.461467
958.000000 0.040202
959.000000 0.035414
960.000000 0.027361
961.000000 0.016440
962.000000 0.025827
963.000000 0.027876
964.000000 0.010925
965.000000 0.016266
966.000000 0.011268
967.000000 0.021190
968.000000 0.013325
969.000000 0.018817
970.000000 0.014477
971.000000 0.013442
972.000000 0.011934
973.000000 0.009056
974.000000 0.091916
975.000000 0.009864
976.000000 0.009148
977.000000 0.024484
978.000000 0.009111
979.000000 0.013768
980.000000 0.009078
981.000000 0.008302
982.000000 0.008628
983.000000 0.010772
984.000000 0.008361
985.000000 0.008460
986.000000 0.014673
987.000000 0.008239
988.000000 0.008032
989.000000 0.008311
990.000000 0.009960
991.000000 0.008278
992.000000 0.008288
993.000000 0.008113
994.000000 0.008046
995.000000 0.008143
996.000000 0.007928
997.000000 0.007818
998.000000 0.007735
999.000000 0.007729
1000.000000 0.007839
The optical depth at z= 8.000000
1.000000 0.000000
2.000000 0.000000
3.000000 0.000000
4.000000 0.000000
5.000000 933454.221615
6.000000 1364576.615039
7.000000 5369668.548498
8.000000 7178250.026037
9.000000 9233045.316414
10.000000 11751404.562678
11.000000 14593824.312019
12.000000 17791243.013408
13.000000 21208844.144569
14.000000 25109495.847672
15.000000 29408183.915660
16.000000 33609327.235881
17.000000 38359274.061840
18.000000 42975407.427141
19.000000 48187463.362204
20.000000 54661891.429178
21.000000 61862270.219748
22.000000 67767812.677148
23.000000 74020113.954728
24.000000 81204228.044047
25.000000 85462825.656941
26.000000 89450554.655148
27.000000 92159699.258638
28.000000 95519009.462330
29.000000 98963492.470742
30.000000 102043920.035730
31.000000 104675867.009244
32.000000 110405296.424866
33.000000 116198054.337016
34.000000 119810071.837860
35.000000 130202475.178956
36.000000 136405800.461069
37.000000 142593207.686312
38.000000 148942333.198438
39.000000 156196354.304764
40.000000 162455860.565620
41.000000 171658179.759374
42.000000 175362981.348750
43.000000 181004640.691287
44.000000 184922580.356517
45.000000 184678828.932644
46.000000 185543916.738190
47.000000 186554604.164779
48.000000 190567474.561814
49.000000 191857131.976983
50.000000 192390045.040793
51.000000 195535371.659614
52.000000 202763163.952796
53.000000 207021952.152996
54.000000 204598373.332984
55.000000 201610707.858430
56.000000 196147226.450690
57.000000 191565015.351126
58.000000 188953460.200049
59.000000 189141482.673196
60.000000 191417040.207617
61.000000 194342107.246885
62.000000 197916329.222306
63.000000 198345875.249596
64.000000 198899857.921850
65.000000 204001007.931388
66.000000 202116799.368844
67.000000 205127485.973713
68.000000 204739880.823792
69.000000 204595929.633955
70.000000 206407582.536606
71.000000 208446084.690763
72.000000 210722298.676643
73.000000 213292293.116776
74.000000 217905121.697546
75.000000 222496517.063958
76.000000 224836084.894061
77.000000 226802084.941946
78.000000 223861721.844427
79.000000 215798268.418375
80.000000 207808388.204489
81.000000 199122625.417316
82.000000 190440188.677086
83.000000 191464266.730693
84.000000 215154769.678444
85.000000 238849454.866587
86.000000 262525325.702657
87.000000 286191184.472297
88.000000 309872821.750909
89.000000 323052291.389973
90.000000 320470138.340973
91.000000 317792914.535782
92.000000 318382352.707164
93.000000 332355353.548560
94.000000 346187831.914429
95.000000 359957259.525366
96.000000 345328864.831963
97.000000 311561706.398407
98.000000 277809022.987269
99.000000 244061026.274712
100.000000 196418606.630886
101.000000 145251840.814051
102.000000 94181963.958476
103.000000 42927068.683577
104.000000 34698070.866214
105.000000 26480204.207722
106.000000 18291924.373040
107.000000 10051817.148878
108.000000 1821747.301309
109.000000 1186102.068312
110.000000 460268.154986
111.000000 92671.282880
112.000000 1886876.865205
113.000000 374805.747344
114.000000 157677.200048
115.000000 1253494.460688
116.000000 123255.642387
117.000000 396932.071472
118.000000 341386.406736
119.000000 82533.145617
120.000000 2606207.448146
121.000000 3694763.346282
122.000000 172768.209904
123.000000 589632.574411
124.000000 317942.894387
125.000000 2134641.012174
126.000000 628986.128804
127.000000 134227.234000
128.000000 418071.627630
129.000000 810835.594334
130.000000 892433.661408
131.000000 1036542.617158
132.000000 1739212.172724
133.000000 3015667.631192
134.000000 3715639.958388
135.000000 8495276.813911
136.000000 13535722.318520
137.000000 16985544.054539
138.000000 20436318.128647
139.000000 22049160.634354
140.000000 21155973.977573
141.000000 20552172.783956
142.000000 21670947.220984
143.000000 22789953.075627
144.000000 22662794.590848
145.000000 22097850.701698
146.000000 21532941.601874
147.000000 20968007.046973
148.000000 20403013.020166
149.000000 18816230.951955
150.000000 19331356.963636
151.000000 17953051.026827
152.000000 16574783.013657
153.000000 15196572.201354
154.000000 13737489.888084
155.000000 12556724.218049
156.000000 11250994.675032
157.000000 10253032.193604
158.000000 9242335.770894
159.000000 8130438.480677
160.000000 7332055.789184
161.000000 6434982.094573
162.000000 5537765.301577
163.000000 4678787.935864
164.000000 3845221.811750
165.000000 3371755.708790
166.000000 2898257.731456
167.000000 2424646.353460
168.000000 1957411.006491
169.000000 1594839.224426
170.000000 1232216.880172
171.000000 1143281.173005
172.000000 889960.179868
173.000000 687867.356746
174.000000 543619.397907
175.000000 399421.347886
176.000000 291762.414895
177.000000 206901.946863
178.000000 167321.125235
179.000000 151088.394373
180.000000 91177.449138
181.000000 6307.461564
182.000000 30528.940159
183.000000 2123.530869
184.000000 10548.958663
185.000000 2943.413145
186.000000 893.504887
187.000000 989.104622
188.000000 155.725089
189.000000 495.416771
190.000000 75.317780
191.000000 138.538453
192.000000 137.347405
193.000000 120.321268
194.000000 40.442163
195.000000 1078.598019
196.000000 131.640365
197.000000 13.485438
198.000000 17.974760
199.000000 19.717610
200.000000 47.530572
201.000000 33.940155
202.000000 18.162794
203.000000 17.159418
204.000000 17.944056
205.000000 18.739925
206.000000 18.694828
207.000000 18.907051
208.000000 19.084773
209.000000 19.334441
210.000000 19.743970
211.000000 20.102576
212.000000 20.693886
213.000000 21.518084
214.000000 22.357976
215.000000 23.564511
216.000000 24.592590
217.000000 25.963999
218.000000 27.375448
219.000000 28.976631
220.000000 30.917862
221.000000 32.828174
222.000000 35.280554
223.000000 37.685903
224.000000 40.308026
225.000000 43.151987
226.000000 45.967135
227.000000 49.289680
228.000000 52.646400
229.000000 56.391964
230.000000 60.455034
231.000000 64.838761
232.000000 67.715734
233.000000 72.596693
234.000000 75.887027
235.000000 80.633998
236.000000 84.578632
237.000000 89.166483
238.000000 93.706602
239.000000 97.511959
240.000000 103.481515
241.000000 106.496702
242.000000 111.134747
243.000000 114.297657
244.000000 118.953415
245.000000 120.608770
246.000000 126.154884
247.000000 127.312877
248.000000 130.928936
249.000000 135.131386
250.000000 136.678213
251.000000 135.628046
252.000000 140.851799
253.000000 138.668508
254.000000 141.094400
255.000000 140.417099
256.000000 140.729682
257.000000 137.956536
258.000000 136.620228
259.000000 139.877658
260.000000 130.926604
261.000000 133.701844
262.000000 128.137149
263.000000 124.844194
264.000000 121.685055
265.000000 117.769897
266.000000 115.390262
267.000000 107.630183
268.000000 106.560482
269.000000 98.557843
270.000000 97.645430
271.000000 90.124969
272.000000 87.106941
273.000000 81.142433
274.000000 74.891016
275.000000 71.536839
276.000000 65.738752
277.000000 61.563839
278.000000 56.829032
279.000000 52.479743
280.000000 49.128874
281.000000 44.529889
282.000000 39.399445
283.000000 36.499390
284.000000 33.200978
285.000000 30.117076
286.000000 27.329266
287.000000 24.676677
288.000000 21.652357
289.000000 19.530765
290.000000 17.454679
291.000000 15.763149
292.000000 13.631916
293.000000 12.390399
294.000000 10.727586
295.000000 9.680314
296.000000 8.408301
297.000000 7.495659
298.000000 6.447261
299.000000 5.827161
300.000000 5.038175
301.000000 4.458637
302.000000 3.970126
303.000000 3.439770
304.000000 3.141162
305.000000 2.714856
306.000000 2.445478
307.000000 2.186865
308.000000 1.931803
309.000000 1.796126
310.000000 1.520077
311.000000 1.407965
312.000000 1.190793
313.000000 1.063115
314.000000 1.024762
315.000000 0.872541
316.000000 0.844860
317.000000 0.747728
318.000000 0.731759
319.000000 0.596277
320.000000 0.667633
321.000000 0.515940
322.000000 0.562603
323.000000 0.531339
324.000000 0.420285
325.000000 0.513136
326.000000 0.419377
327.000000 0.380514
328.000000 0.450597
329.000000 0.355390
330.000000 0.340151
331.000000 0.375400
332.000000 0.330952
333.000000 0.320343
334.000000 0.343312
335.000000 0.305712
336.000000 0.294944
337.000000 0.303988
338.000000 0.296718
339.000000 0.282379
340.000000 0.285167
341.000000 0.277560
342.000000 0.269600
343.000000 0.266661
344.000000 0.273992
345.000000 0.262285
346.000000 0.256993
347.000000 0.253879
348.000000 0.251059
349.000000 0.247145
350.000000 0.244010
351.000000 0.241834
352.000000 0.240581
353.000000 0.236078
354.000000 0.233525
355.000000 0.231374
356.000000 0.228147
357.000000 0.226412
358.000000 0.223616
359.000000 0.220840
360.000000 0.218896
361.000000 0.216719
362.000000 0.214091
363.000000 0.211907
364.000000 0.209494
365.000000 0.207977
366.000000 0.205583
367.000000 0.203177
368.000000 0.201270
369.000000 0.199086
370.000000 0.197043
371.000000 0.194727
372.000000 0.193487
373.000000 0.191182
374.000000 0.189210
375.000000 0.187078
376.000000 0.185732
377.000000 0.183673
378.000000 0.181524
379.000000 0.179760
380.000000 0.178612
381.000000 0.176502
382.000000 0.174677
383.000000 0.172767
384.000000 0.171480
385.000000 0.169838
386.000000 0.167944
387.000000 0.166317
388.000000 0.164939
389.000000 0.163323
390.000000 0.161735
391.000000 0.160111
392.000000 0.158890
393.000000 0.156938
394.000000 0.155407
395.000000 0.154037
396.000000 0.153016
397.000000 0.150953
398.000000 0.150273
399.000000 0.148113
400.000000 0.147575
401.000000 0.146069
402.000000 0.144325
403.000000 0.142703
404.000000 0.141987
405.000000 0.140487
406.000000 0.138938
407.000000 0.137255
408.000000 0.137115
409.000000 0.135841
410.000000 0.134145
411.000000 0.133330
412.000000 0.131489
413.000000 0.131033
414.000000 0.129391
415.000000 0.128361
416.000000 0.126681
417.000000 0.125743
418.000000 0.124826
419.000000 0.123553
420.000000 0.122924
421.000000 0.122175
422.000000 0.121338
423.000000 0.119905
424.000000 0.119462
425.000000 0.118118
426.000000 0.116277
427.000000 0.115814
428.000000 0.115460
429.000000 0.113533
430.000000 0.112293
431.000000 0.112781
432.000000 0.110882
433.000000 0.110026
434.000000 0.109919
435.000000 0.110233
436.000000 0.107790
437.000000 0.106262
438.000000 0.104913
439.000000 0.106869
440.000000 0.105180
441.000000 0.103589
442.000000 0.102342
443.000000 0.102054
444.000000 0.101291
445.000000 0.101461
446.000000 0.099447
447.000000 0.098533
448.000000 0.099810
449.000000 0.097480
450.000000 0.096408
451.000000 0.096120
452.000000 0.095890
453.000000 0.094510
454.000000 0.093330
455.000000 0.093414
456.000000 0.092809
457.000000 0.092021
458.000000 0.093205
459.000000 0.091676
460.000000 0.091979
461.000000 0.091488
462.000000 0.090552
463.000000 0.091220
464.000000 0.089484
465.000000 0.087905
466.000000 0.086625
467.000000 0.087425
468.000000 0.086742
469.000000 0.085808
470.000000 0.085402
471.000000 0.084839
472.000000 0.084379
473.000000 0.083568
474.000000 0.084267
475.000000 0.083685
476.000000 0.082868
477.000000 0.082899
478.000000 0.083273
479.000000 0.083620
480.000000 0.084304
481.000000 0.084300
482.000000 0.083767
483.000000 0.082839
484.000000 0.082240
485.000000 0.081277
486.000000 0.080507
487.000000 0.079431
488.000000 0.079480
489.000000 0.080061
490.000000 0.079152
491.000000 0.078558
492.000000 0.078516
493.000000 0.078155
494.000000 0.078108
495.000000 0.077739
496.000000 0.077675
497.000000 0.077364
498.000000 0.077539
499.000000 0.077725
500.000000 0.078360
501.000000 0.079436
502.000000 0.080524
503.000000 0.081456
504.000000 0.081670
505.000000 0.082233
506.000000 0.081456
507.000000 0.080954
508.000000 0.080115
509.000000 0.079628
510.000000 0.078876
511.000000 0.078269
512.000000 0.077892
513.000000 0.077821
514.000000 0.077592
515.000000 0.077654
516.000000 0.077613
517.000000 0.077532
518.000000 0.077743
519.000000 0.077827
520.000000 0.078122
521.000000 0.078060
522.000000 0.078254
523.000000 0.078938
524.000000 0.079529
525.000000 0.080746
526.000000 0.081614
527.000000 0.082202
528.000000 0.083330
529.000000 0.083825
530.000000 0.084596
531.000000 0.085140
532.000000 0.085523
533.000000 0.085565
534.000000 0.085494
535.000000 0.084886
536.000000 0.084445
537.000000 0.084040
538.000000 0.084083
539.000000 0.084110
540.000000 0.084137
541.000000 0.084448
542.000000 0.085163
543.000000 0.085655
544.000000 0.085972
545.000000 0.086365
546.000000 0.086438
547.000000 0.086542
548.000000 0.086699
549.000000 0.086819
550.000000 0.086660
551.000000 0.086664
552.000000 0.086836
553.000000 0.087315
554.000000 0.087326
555.000000 0.087476
556.000000 0.087865
557.000000 0.088542
558.000000 0.089310
559.000000 0.090136
560.000000 0.091138
561.000000 0.092140
562.000000 0.093095
563.000000 0.094080
564.000000 0.094937
565.000000 0.095459
566.000000 0.095773
567.000000 0.096164
568.000000 0.096744
569.000000 0.097409
570.000000 0.097726
571.000000 0.098258
572.000000 0.098719
573.000000 0.098782
574.000000 0.098536
575.000000 0.098229
576.000000 0.097641
577.000000 0.096995
578.000000 0.096297
579.000000 0.095644
580.000000 0.094801
581.000000 0.093883
582.000000 0.093122
583.000000 0.092447
584.000000 0.091884
585.000000 0.091530
586.000000 0.091040
587.000000 0.090829
588.000000 0.090420
589.000000 0.090552
590.000000 0.092437
591.000000 0.090755
592.000000 0.091289
593.000000 0.092151
594.000000 0.092530
595.000000 0.094434
596.000000 0.094078
597.000000 0.095007
598.000000 0.096044
599.000000 0.098514
600.000000 0.097506
601.000000 0.097768
602.000000 0.097771
603.000000 0.097601
604.000000 0.096942
605.000000 0.096210
606.000000 0.095314
607.000000 0.094279
608.000000 0.093100
609.000000 0.091836
610.000000 0.090550
611.000000 0.089317
612.000000 0.088175
613.000000 0.086946
614.000000 0.085708
615.000000 0.084558
616.000000 0.083535
617.000000 0.082581
618.000000 0.081595
619.000000 0.080665
620.000000 0.079887
621.000000 0.079132
622.000000 0.078333
623.000000 0.077605
624.000000 0.076873
625.000000 0.076139
626.000000 0.075362
627.000000 0.074563
628.000000 0.104143
629.000000 0.073042
630.000000 0.072149
631.000000 0.072280
632.000000 0.072606
633.000000 0.069664
634.000000 0.068835
635.000000 0.067954
636.000000 0.067094
637.000000 0.066175
638.000000 0.065277
639.000000 0.064447
640.000000 0.063453
641.000000 0.062536
642.000000 0.061703
643.000000 0.060908
644.000000 0.060158
645.000000 0.059435
646.000000 0.058748
647.000000 0.058142
648.000000 0.057583
649.000000 0.057040
650.000000 0.056026
651.000000 0.055578
652.000000 0.054947
653.000000 0.054118
654.000000 0.053496
655.000000 0.052891
656.000000 0.053218
657.000000 0.051602
658.000000 0.050989
659.000000 0.050439
660.000000 0.049757
661.000000 0.049167
662.000000 0.048630
663.000000 0.048048
664.000000 0.047440
665.000000 0.046818
666.000000 0.046172
667.000000 0.045514
668.000000 0.044878
669.000000 0.044237
670.000000 0.043622
671.000000 0.042986
672.000000 0.042383
673.000000 0.041805
674.000000 0.041262
675.000000 0.040694
676.000000 0.040174
677.000000 0.039644
678.000000 0.039137
679.000000 0.038643
680.000000 0.038185
681.000000 0.037782
682.000000 0.037428
683.000000 0.037075
684.000000 0.036752
685.000000 0.036398
686.000000 0.035991
687.000000 4.992839
688.000000 0.045434
689.000000 0.042782
690.000000 1.149913
691.000000 0.038551
692.000000 0.170341
693.000000 0.033749
694.000000 0.032369
695.000000 0.031911
696.000000 0.031411
697.000000 0.030938
698.000000 0.030484
699.000000 0.030199
700.000000 0.029862
701.000000 0.029653
702.000000 0.029127
703.000000 0.028854
704.000000 0.028583
705.000000 0.028350
706.000000 0.028186
707.000000 0.027955
708.000000 0.027745
709.000000 0.027480
710.000000 0.027342
711.000000 0.027116
712.000000 0.026907
713.000000 0.026787
714.000000 0.026703
715.000000 0.026716
716.000000 0.027089
717.000000 0.026962
718.000000 0.026632
719.000000 0.030370
720.000000 0.028650
721.000000 0.024899
722.000000 0.024816
723.000000 0.024630
724.000000 0.024304
725.000000 0.024937
726.000000 0.025741
727.000000 0.023947
728.000000 0.024435
729.000000 0.024000
730.000000 0.022706
731.000000 0.022485
732.000000 0.023395
733.000000 0.022014
734.000000 0.022643
735.000000 0.022163
736.000000 0.022070
737.000000 0.021527
738.000000 0.021397
739.000000 0.021312
740.000000 0.021229
741.000000 0.021172
742.000000 0.021139
743.000000 0.021137
744.000000 0.021394
745.000000 0.021196
746.000000 0.021617
747.000000 0.021183
748.000000 0.021082
749.000000 0.020913
750.000000 0.020653
751.000000 0.020336
752.000000 0.019964
753.000000 0.019603
754.000000 0.019281
755.000000 0.018995
756.000000 0.018747
757.000000 0.018531
758.000000 0.018338
759.000000 0.018193
760.000000 0.052364
761.000000 0.174920
762.000000 0.098777
763.000000 0.343685
764.000000 0.025705
765.000000 0.091120
766.000000 0.167312
767.000000 0.024383
768.000000 0.077825
769.000000 0.017435
770.000000 0.017894
771.000000 0.017127
772.000000 0.017138
773.000000 0.017212
774.000000 0.017609
775.000000 0.017357
776.000000 0.017468
777.000000 0.017569
778.000000 0.017631
779.000000 0.017630
780.000000 0.017549
781.000000 0.017401
782.000000 0.017183
783.000000 0.016916
784.000000 0.016647
785.000000 0.016369
786.000000 0.016143
787.000000 0.016237
788.000000 0.015730
789.000000 0.015568
790.000000 0.016230
791.000000 0.015503
792.000000 0.015093
793.000000 0.014960
794.000000 0.014792
795.000000 0.014655
796.000000 0.015126
797.000000 0.014489
798.000000 0.014384
799.000000 0.014366
800.000000 0.014290
801.000000 0.014124
802.000000 0.016193
803.000000 0.014210
804.000000 0.014041
805.000000 0.013912
806.000000 0.013959
807.000000 0.013998
808.000000 0.014003
809.000000 0.014174
810.000000 0.014181
811.000000 0.014338
812.000000 0.014321
813.000000 0.014386
814.000000 0.016366
815.000000 0.015098
816.000000 0.014518
817.000000 0.014514
818.000000 0.056242
819.000000 0.019056
820.000000 0.019571
821.000000 0.015089
822.000000 0.013906
823.000000 0.014139
824.000000 0.013292
825.000000 0.013914
826.000000 0.041924
827.000000 0.012512
828.000000 0.012960
829.000000 0.042259
830.000000 0.012483
831.000000 0.012158
832.000000 0.011931
833.000000 0.011790
834.000000 0.012630
835.000000 0.011948
836.000000 0.011616
837.000000 0.011803
838.000000 0.011550
839.000000 0.011506
840.000000 0.011418
841.000000 0.011371
842.000000 0.011356
843.000000 0.011379
844.000000 0.011310
845.000000 0.011310
846.000000 0.011322
847.000000 0.011347
848.000000 0.011410
849.000000 0.011517
850.000000 0.011650
851.000000 0.011703
852.000000 0.012075
853.000000 0.011897
854.000000 0.011969
855.000000 0.011775
856.000000 0.011704
857.000000 0.011531
858.000000 0.011403
859.000000 0.011272
860.000000 0.011132
861.000000 0.010975
862.000000 0.010826
863.000000 0.010640
864.000000 0.010481
865.000000 0.010352
866.000000 0.010233
867.000000 0.010128
868.000000 0.010022
869.000000 0.009953
870.000000 0.009865
871.000000 0.009861
872.000000 0.009710
873.000000 0.009654
874.000000 0.009606
875.000000 0.009559
876.000000 0.009538
877.000000 0.009493
878.000000 0.009463
879.000000 0.009436
880.000000 0.009411
881.000000 0.009429
882.000000 0.009734
883.000000 0.009482
884.000000 0.009484
885.000000 0.009433
886.000000 0.009495
887.000000 0.009661
888.000000 0.009654
889.000000 0.009427
890.000000 0.009408
891.000000 0.009337
892.000000 0.009380
893.000000 0.009355
894.000000 0.012642
895.000000 0.012721
896.000000 0.009835
897.000000 0.009425
898.000000 0.010416
899.000000 0.011123
900.000000 0.009330
901.000000 0.009650
902.000000 0.009209
903.000000 0.008933
904.000000 0.008840
905.000000 0.008702
906.000000 0.008738
907.000000 0.008773
908.000000 0.011409
909.000000 0.008432
910.000000 0.008522
911.000000 0.020831
912.000000 0.011738
913.000000 0.009561
914.000000 0.012396
915.000000 0.010573
916.000000 0.009872
917.000000 0.008282
918.000000 0.012804
919.000000 0.008181
920.000000 0.007897
921.000000 0.010533
922.000000 0.008267
923.000000 0.008091
924.000000 0.008037
925.000000 0.011973
926.000000 0.008332
927.000000 0.007904
928.000000 0.031259
929.000000 0.010035
930.000000 0.016903
931.000000 0.009342
932.000000 0.012019
933.000000 0.014431
934.000000 0.013744
935.000000 0.009861
936.000000 0.009719
937.000000 0.017067
938.000000 3.939151
939.000000 0.154502
940.000000 0.014976
941.000000 0.023597
942.000000 0.076661
943.000000 0.535408
944.000000 0.023198
945.000000 0.024761
946.000000 0.010366
947.000000 0.010687
948.000000 0.015832
949.000000 0.012251
950.000000 0.098510
951.000000 0.010542
952.000000 0.103675
953.000000 0.008382
954.000000 0.008482
955.000000 0.109220
956.000000 0.021297
957.000000 0.103283
958.000000 0.014026
959.000000 0.012684
960.000000 0.011085
961.000000 0.008292
962.000000 0.010774
963.000000 0.011168
964.000000 0.007154
965.000000 0.008341
966.000000 0.007267
967.000000 0.009379
968.000000 0.007566
969.000000 0.009490
970.000000 0.008017
971.000000 0.007676
972.000000 0.007412
973.000000 0.006567
974.000000 0.028274
975.000000 0.006738
976.000000 0.006569
977.000000 0.010449
978.000000 0.006515
979.000000 0.007417
980.000000 0.006472
981.000000 0.006288
982.000000 0.006366
983.000000 0.006818
984.000000 0.006280
985.000000 0.006295
986.000000 0.007818
987.000000 0.006256
988.000000 0.006255
989.000000 0.006328
990.000000 0.006663
991.000000 0.006479
992.000000 0.006525
993.000000 0.006342
994.000000 0.006319
995.000000 0.006307
996.000000 0.006188
997.000000 0.006066
998.000000 0.006033
999.000000 0.005985
1000.000000 0.005979
The optical depth at z= 10.000000
1.000000 0.000000
2.000000 0.000000
3.000000 0.000000
4.000000 0.000000
5.000000 708774.791619
6.000000 1036127.411075
7.000000 4077008.742786
8.000000 5450200.251348
9.000000 7010329.262748
10.000000 8922441.355024
11.000000 11080588.663026
12.000000 13508285.013642
13.000000 16103136.040344
14.000000 19064778.342229
15.000000 22328627.681305
16.000000 25518426.076124
17.000000 29124915.677168
18.000000 32629782.755989
19.000000 36587143.186712
20.000000 41502989.526843
21.000000 46970057.521205
22.000000 51453966.964485
23.000000 56201154.300634
24.000000 61655878.970117
25.000000 64889253.197321
26.000000 67916949.520365
27.000000 69973827.949755
28.000000 72524350.861953
29.000000 75139524.620797
30.000000 77478433.568412
31.000000 79476588.832884
32.000000 83826797.308603
33.000000 88225024.871901
34.000000 90967491.485607
35.000000 98858217.639918
36.000000 103568228.531374
37.000000 108266161.388026
38.000000 113086797.574343
39.000000 118594654.921396
40.000000 123347361.954549
41.000000 130334402.005805
42.000000 133147173.496419
43.000000 137430680.044618
44.000000 140405343.908321
45.000000 140220080.081583
46.000000 140876956.241011
47.000000 141644206.707655
48.000000 144691033.864028
49.000000 145670083.933797
50.000000 146074644.288974
51.000000 148462641.735451
52.000000 153950483.498294
53.000000 157184135.697373
54.000000 155343794.755849
55.000000 153075112.983933
56.000000 148926513.835809
57.000000 145447087.589725
58.000000 143464021.691338
59.000000 143606727.849168
60.000000 145334454.270839
61.000000 147555313.633927
62.000000 150269044.046878
63.000000 150595225.226146
64.000000 151015891.093695
65.000000 154889235.017795
66.000000 153458503.288134
67.000000 155744457.744862
68.000000 155450232.527711
69.000000 155341004.637964
70.000000 156716577.540549
71.000000 158264430.459281
72.000000 159992963.634774
73.000000 161944567.022832
74.000000 165447324.674427
75.000000 168933808.023665
76.000000 170710504.958508
77.000000 172203556.166786
78.000000 169971106.939350
79.000000 163848598.921502
80.000000 157781953.892870
81.000000 151186780.138456
82.000000 144594131.874412
83.000000 145371584.404190
84.000000 163359557.503947
85.000000 181350706.855278
86.000000 199327665.359087
87.000000 217297120.487911
88.000000 235278556.050750
89.000000 245285736.793161
90.000000 243325161.773930
91.000000 241292399.243343
92.000000 241740069.334821
93.000000 252350161.749027
94.000000 262853555.413816
95.000000 273309074.207903
96.000000 262202160.118327
97.000000 236563195.234640
98.000000 210935220.912232
99.000000 185310805.492244
100.000000 149136084.625577
101.000000 110285263.124247
102.000000 71508009.470905
103.000000 32590270.790278
104.000000 26342121.389990
105.000000 20102371.060867
106.000000 13885086.006472
107.000000 7628441.614113
108.000000 1379342.052992
109.000000 894715.364447
110.000000 345650.867889
111.000000 66805.624726
112.000000 1429726.223280
113.000000 281893.765195
114.000000 116142.267993
115.000000 947976.656749
116.000000 90069.801755
117.000000 297984.386144
118.000000 255893.826159
119.000000 59605.229787
120.000000 1976122.359814
121.000000 2802951.324739
122.000000 124339.972967
123.000000 446612.305626
124.000000 235996.163162
125.000000 1618319.341142
126.000000 474708.920539
127.000000 98649.591518
128.000000 313956.393396
129.000000 612503.065119
130.000000 674702.805406
131.000000 784209.679536
132.000000 1317878.116021
133.000000 2287803.212869
134.000000 2819592.820376
135.000000 6449016.805250
136.000000 10276721.743161
137.000000 12896362.590444
138.000000 15516653.548990
139.000000 16741494.569885
140.000000 16063399.722055
141.000000 15605005.532393
142.000000 16454568.471537
143.000000 17304258.810954
144.000000 17207707.720367
145.000000 16778736.753433
146.000000 16349766.756488
147.000000 15920770.367948
148.000000 15491728.345609
149.000000 14286813.570121
150.000000 14677870.040752
151.000000 13631231.669269
152.000000 12584609.838914
153.000000 11537998.871626
154.000000 10430055.439970
155.000000 9533394.204695
156.000000 8541825.479282
157.000000 7783951.855218
158.000000 7016396.488200
159.000000 6172018.876409
160.000000 5565676.433442
161.000000 4884412.587881
162.000000 4203067.112212
163.000000 3550752.681682
164.000000 2917726.246844
165.000000 2558144.157057
166.000000 2198574.472538
167.000000 1838956.569360
168.000000 1484191.042150
169.000000 1208914.136534
170.000000 933615.176721
171.000000 866175.454830
172.000000 673971.962212
173.000000 520689.599603
174.000000 411329.635681
175.000000 301978.814572
176.000000 220376.308244
177.000000 156121.393174
178.000000 126259.918179
179.000000 117074.115953
180.000000 65613.093301
181.000000 4365.948452
182.000000 22078.858340
183.000000 1518.041406
184.000000 7571.343277
185.000000 2178.426041
186.000000 639.046117
187.000000 710.150158
188.000000 112.385112
189.000000 356.744225
190.000000 55.736328
191.000000 99.946844
192.000000 101.913155
193.000000 88.621746
194.000000 30.329488
195.000000 806.194205
196.000000 96.171420
197.000000 10.912502
198.000000 14.545594
199.000000 15.853783
200.000000 36.972124
201.000000 26.647723
202.000000 14.687424
203.000000 13.943735
204.000000 14.588727
205.000000 15.243766
206.000000 15.296671
207.000000 15.550446
208.000000 15.811343
209.000000 16.137910
210.000000 16.619187
211.000000 17.086499
212.000000 17.753431
213.000000 18.639857
214.000000 19.544756
215.000000 20.797519
216.000000 21.914259
217.000000 23.363017
218.000000 24.862685
219.000000 26.545781
220.000000 28.543097
221.000000 30.516809
222.000000 33.015747
223.000000 35.479022
224.000000 38.164245
225.000000 41.068810
226.000000 43.952160
227.000000 47.333821
228.000000 50.741612
229.000000 54.507916
230.000000 58.611098
231.000000 63.028352
232.000000 65.934119
233.000000 70.831954
234.000000 74.152596
235.000000 78.912615
236.000000 82.878423
237.000000 87.477996
238.000000 92.022186
239.000000 95.837868
240.000000 101.785879
241.000000 104.823768
242.000000 109.445653
243.000000 112.738551
244.000000 117.448490
245.000000 119.121366
246.000000 124.634605
247.000000 125.784205
248.000000 129.367713
249.000000 133.531682
250.000000 135.066412
251.000000 134.030188
252.000000 139.205031
253.000000 137.047189
254.000000 139.452093
255.000000 138.785295
256.000000 139.097414
257.000000 136.355995
258.000000 135.036736
259.000000 138.264253
260.000000 129.406376
261.000000 132.157236
262.000000 126.651823
263.000000 123.394525
264.000000 120.271521
265.000000 116.397690
266.000000 114.045577
267.000000 106.366445
268.000000 105.311069
269.000000 97.392022
270.000000 96.492338
271.000000 89.050373
272.000000 86.065877
273.000000 80.163854
274.000000 73.977701
275.000000 70.660124
276.000000 64.922975
277.000000 60.792754
278.000000 56.107622
279.000000 51.805014
280.000000 48.491175
281.000000 43.941375
282.000000 38.864653
283.000000 35.995794
284.000000 32.732163
285.000000 29.681621
286.000000 26.924443
287.000000 24.300809
288.000000 21.309291
289.000000 19.211179
290.000000 17.158045
291.000000 15.485437
292.000000 13.377347
293.000000 12.150277
294.000000 10.505901
295.000000 9.470969
296.000000 8.213392
297.000000 7.311690
298.000000 6.275376
299.000000 5.663202
300.000000 4.883626
301.000000 4.311432
302.000000 3.829337
303.000000 3.305707
304.000000 3.011596
305.000000 2.590896
306.000000 2.325618
307.000000 2.070887
308.000000 1.819706
309.000000 1.686619
310.000000 1.414554
311.000000 1.304786
312.000000 1.090709
313.000000 0.965510
314.000000 0.928728
315.000000 0.779164
316.000000 0.752901
317.000000 0.657829
318.000000 0.643124
319.000000 0.510006
320.000000 0.581771
321.000000 0.432517
322.000000 0.479803
323.000000 0.449779
324.000000 0.340768
325.000000 0.433714
326.000000 0.341736
327.000000 0.304187
328.000000 0.374518
329.000000 0.281058
330.000000 0.266867
331.000000 0.302620
332.000000 0.259424
333.000000 0.249764
334.000000 0.273290
335.000000 0.236864
336.000000 0.226987
337.000000 0.236699
338.000000 0.230256
339.000000 0.216799
340.000000 0.220289
341.000000 0.213483
342.000000 0.206310
343.000000 0.204083
344.000000 0.212045
345.000000 0.201122
346.000000 0.196541
347.000000 0.194119
348.000000 0.191974
349.000000 0.188733
350.000000 0.186247
351.000000 0.184715
352.000000 0.184079
353.000000 0.180212
354.000000 0.178282
355.000000 0.176737
356.000000 0.174107
357.000000 0.172954
358.000000 0.170739
359.000000 0.168533
360.000000 0.167148
361.000000 0.165525
362.000000 0.163445
363.000000 0.161799
364.000000 0.159922
365.000000 0.158931
366.000000 0.157059
367.000000 0.155169
368.000000 0.153769
369.000000 0.152085
370.000000 0.150535
371.000000 0.148707
372.000000 0.147946
373.000000 0.146114
374.000000 0.144609
375.000000 0.142938
376.000000 0.142046
377.000000 0.140436
378.000000 0.138730
379.000000 0.137402
380.000000 0.136685
381.000000 0.135000
382.000000 0.133594
383.000000 0.132098
384.000000 0.131219
385.000000 0.129981
386.000000 0.128485
387.000000 0.127251
388.000000 0.126260
389.000000 0.125027
390.000000 0.123817
391.000000 0.122565
392.000000 0.121712
393.000000 0.120124
394.000000 0.118952
395.000000 0.117936
396.000000 0.117265
397.000000 0.115549
398.000000 0.115209
399.000000 0.113386
400.000000 0.113179
401.000000 0.112002
402.000000 0.110583
403.000000 0.109282
404.000000 0.108881
405.000000 0.107694
406.000000 0.106455
407.000000 0.105078
408.000000 0.105235
409.000000 0.104256
410.000000 0.102853
411.000000 0.102326
412.000000 0.100772
413.000000 0.100596
414.000000 0.099234
415.000000 0.098478
416.000000 0.097071
417.000000 0.096401
418.000000 0.095748
419.000000 0.094737
420.000000 0.094366
421.000000 0.093872
422.000000 0.093287
423.000000 0.092104
424.000000 0.091906
425.000000 0.090807
426.000000 0.089208
427.000000 0.088984
428.000000 0.088864
429.000000 0.087172
430.000000 0.086163
431.000000 0.086875
432.000000 0.085202
433.000000 0.084568
434.000000 0.084680
435.000000 0.085209
436.000000 0.082984
437.000000 0.081669
438.000000 0.080530
439.000000 0.082687
440.000000 0.081203
441.000000 0.079814
442.000000 0.078764
443.000000 0.078658
444.000000 0.078110
445.000000 0.078463
446.000000 0.076651
447.000000 0.075933
448.000000 0.077393
449.000000 0.075249
450.000000 0.074358
451.000000 0.074248
452.000000 0.074197
453.000000 0.072995
454.000000 0.071991
455.000000 0.072246
456.000000 0.071810
457.000000 0.071188
458.000000 0.072532
459.000000 0.071165
460.000000 0.071626
461.000000 0.071294
462.000000 0.070517
463.000000 0.071343
464.000000 0.069767
465.000000 0.068348
466.000000 0.067224
467.000000 0.068174
468.000000 0.067638
469.000000 0.066846
470.000000 0.066586
471.000000 0.066171
472.000000 0.065854
473.000000 0.065184
474.000000 0.066024
475.000000 0.065579
476.000000 0.064895
477.000000 0.065057
478.000000 0.065559
479.000000 0.066031
480.000000 0.066839
481.000000 0.066959
482.000000 0.066552
483.000000 0.065753
484.000000 0.065284
485.000000 0.064450
486.000000 0.063810
487.000000 0.062860
488.000000 0.063032
489.000000 0.063729
490.000000 0.062938
491.000000 0.062460
492.000000 0.062521
493.000000 0.062287
494.000000 0.062355
495.000000 0.062098
496.000000 0.062144
497.000000 0.061941
498.000000 0.062220
499.000000 0.062505
500.000000 0.063238
501.000000 0.064409
502.000000 0.065475
503.000000 0.066615
504.000000 0.066911
505.000000 0.067579
506.000000 0.066904
507.000000 0.066455
508.000000 0.065753
509.000000 0.065389
510.000000 0.064742
511.000000 0.064179
512.000000 0.063955
513.000000 0.063977
514.000000 0.063838
515.000000 0.063990
516.000000 0.064038
517.000000 0.064046
518.000000 0.064345
519.000000 0.064515
520.000000 0.064896
521.000000 0.064918
522.000000 0.065194
523.000000 0.065956
524.000000 0.066619
525.000000 0.067912
526.000000 0.068855
527.000000 0.069515
528.000000 0.070713
529.000000 0.071280
530.000000 0.072120
531.000000 0.072732
532.000000 0.073194
533.000000 0.073312
534.000000 0.073318
535.000000 0.072790
536.000000 0.072427
537.000000 0.072100
538.000000 0.072218
539.000000 0.072318
540.000000 0.072414
541.000000 0.072762
542.000000 0.073570
543.000000 0.074124
544.000000 0.074505
545.000000 0.074968
546.000000 0.075080
547.000000 0.075280
548.000000 0.075502
549.000000 0.075690
550.000000 0.075598
551.000000 0.075668
552.000000 0.075904
553.000000 0.076445
554.000000 0.076517
555.000000 0.076728
556.000000 0.077175
557.000000 0.077908
558.000000 0.078731
559.000000 0.079609
560.000000 0.080662
561.000000 0.081714
562.000000 0.082719
563.000000 0.083754
564.000000 0.084662
565.000000 0.085237
566.000000 0.085603
567.000000 0.086046
568.000000 0.086679
569.000000 0.087237
570.000000 0.087758
571.000000 0.088343
572.000000 0.088840
573.000000 0.088858
574.000000 0.088768
575.000000 0.088531
576.000000 0.087998
577.000000 0.087415
578.000000 0.086774
579.000000 0.086145
580.000000 0.085395
581.000000 0.084540
582.000000 0.083834
583.000000 0.083220
584.000000 0.082708
585.000000 0.082409
586.000000 0.081965
587.000000 0.081758
588.000000 0.081453
589.000000 0.081462
590.000000 0.081946
591.000000 0.081864
592.000000 0.082439
593.000000 0.083194
594.000000 0.083686
595.000000 0.084798
596.000000 0.085420
597.000000 0.086395
598.000000 0.087415
599.000000 0.088642
600.000000 0.089016
601.000000 0.089325
602.000000 0.089374
603.000000 0.089142
604.000000 0.088611
605.000000 0.087956
606.000000 0.087111
607.000000 0.086128
608.000000 0.085002
609.000000 0.083791
610.000000 0.082559
611.000000 0.081380
612.000000 0.080290
613.000000 0.079114
614.000000 0.077926
615.000000 0.076828
616.000000 0.075854
617.000000 0.074948
618.000000 0.074010
619.000000 0.073127
620.000000 0.072394
621.000000 0.071684
622.000000 0.070929
623.000000 0.070247
624.000000 0.069559
625.000000 0.068865
626.000000 0.068136
627.000000 0.067373
628.000000 0.086747
629.000000 0.065884
630.000000 0.065068
631.000000 0.064829
632.000000 0.064657
633.000000 0.062739
634.000000 0.061952
635.000000 0.061111
636.000000 0.060287
637.000000 0.059407
638.000000 0.058560
639.000000 0.057714
640.000000 0.056815
641.000000 0.055941
642.000000 0.055155
643.000000 0.054400
644.000000 0.053684
645.000000 0.053002
646.000000 0.052346
647.000000 0.051738
648.000000 0.051069
649.000000 0.050448
650.000000 0.049769
651.000000 0.049258
652.000000 0.048637
653.000000 0.047984
654.000000 0.047390
655.000000 0.046794
656.000000 0.046439
657.000000 0.045595
658.000000 0.044998
659.000000 0.044436
660.000000 0.043871
661.000000 0.043314
662.000000 0.042794
663.000000 0.042257
664.000000 0.041688
665.000000 0.041096
666.000000 0.040488
667.000000 0.039863
668.000000 0.039260
669.000000 0.038653
670.000000 0.038070
671.000000 0.037466
672.000000 0.036895
673.000000 0.036350
674.000000 0.035838
675.000000 0.035302
676.000000 0.034812
677.000000 0.034310
678.000000 0.033835
679.000000 0.033371
680.000000 0.032942
681.000000 0.032557
682.000000 0.032241
683.000000 0.031916
684.000000 0.031620
685.000000 0.031293
686.000000 0.030912
687.000000 4.051120
688.000000 0.036469
689.000000 0.034606
690.000000 0.841500
691.000000 0.031421
692.000000 0.105107
693.000000 0.028234
694.000000 0.027413
695.000000 0.026982
696.000000 0.026553
697.000000 0.026151
698.000000 0.025730
699.000000 0.025400
700.000000 0.025072
701.000000 0.024786
702.000000 0.024459
703.000000 0.024203
704.000000 0.023971
705.000000 0.023746
706.000000 0.023565
707.000000 0.023353
708.000000 0.023171
709.000000 0.022959
710.000000 0.022792
711.000000 0.022623
712.000000 0.022468
713.000000 0.022352
714.000000 0.022288
715.000000 0.022224
716.000000 0.022168
717.000000 0.021987
718.000000 0.021729
719.000000 0.022087
720.000000 0.021565
721.000000 0.020599
722.000000 0.020333
723.000000 0.020087
724.000000 0.019840
725.000000 0.019817
726.000000 0.019926
727.000000 0.019266
728.000000 0.019155
729.000000 0.018875
730.000000 0.018479
731.000000 0.018285
732.000000 0.018326
733.000000 0.017964
734.000000 0.018009
735.000000 0.017828
736.000000 0.017753
737.000000 0.017588
738.000000 0.017496
739.000000 0.017427
740.000000 0.017367
741.000000 0.017331
742.000000 0.017321
743.000000 0.017337
744.000000 0.017424
745.000000 0.017429
746.000000 0.017539
747.000000 0.017446
748.000000 0.017363
749.000000 0.017212
750.000000 0.016970
751.000000 0.016662
752.000000 0.016318
753.000000 0.015978
754.000000 0.015674
755.000000 0.015406
756.000000 0.015176
757.000000 0.014977
758.000000 0.014801
759.000000 0.014664
760.000000 0.034157
761.000000 0.118605
762.000000 0.064660
763.000000 0.214586
764.000000 0.018900
765.000000 0.056286
766.000000 0.090938
767.000000 0.017340
768.000000 0.042220
769.000000 0.013919
770.000000 0.014052
771.000000 0.013784
772.000000 0.013810
773.000000 0.013880
774.000000 0.014101
775.000000 0.014072
776.000000 0.014195
777.000000 0.014309
778.000000 0.014382
779.000000 0.014395
780.000000 0.014328
781.000000 0.014193
782.000000 0.013990
783.000000 0.013737
784.000000 0.013477
785.000000 0.013224
786.000000 0.012999
787.000000 0.012847
788.000000 0.012620
789.000000 0.012463
790.000000 0.012466
791.000000 0.012229
792.000000 0.012038
793.000000 0.011905
794.000000 0.011770
795.000000 0.011649
796.000000 0.011673
797.000000 0.011468
798.000000 0.011392
799.000000 0.011334
800.000000 0.011268
801.000000 0.011189
802.000000 0.011673
803.000000 0.011124
804.000000 0.011066
805.000000 0.011032
806.000000 0.011044
807.000000 0.011083
808.000000 0.011138
809.000000 0.011231
810.000000 0.011301
811.000000 0.011399
812.000000 0.011470
813.000000 0.011552
814.000000 0.011900
815.000000 0.011779
816.000000 0.011698
817.000000 0.011677
818.000000 0.022551
819.000000 0.012365
820.000000 0.012264
821.000000 0.011339
822.000000 0.010934
823.000000 0.010775
824.000000 0.010417
825.000000 0.010456
826.000000 0.016042
827.000000 0.009842
828.000000 0.009797
829.000000 0.015053
830.000000 0.009517
831.000000 0.009377
832.000000 0.009263
833.000000 0.009178
834.000000 0.009278
835.000000 0.009106
836.000000 0.009022
837.000000 0.009009
838.000000 0.008949
839.000000 0.008911
840.000000 0.008882
841.000000 0.008863
842.000000 0.008854
843.000000 0.008859
844.000000 0.008854
845.000000 0.008866
846.000000 0.008886
847.000000 0.008926
848.000000 0.008989
849.000000 0.009078
850.000000 0.009201
851.000000 0.009313
852.000000 0.009487
853.000000 0.009525
854.000000 0.009525
855.000000 0.009422
856.000000 0.009320
857.000000 0.009194
858.000000 0.009077
859.000000 0.008954
860.000000 0.008823
861.000000 0.008679
862.000000 0.008526
863.000000 0.008357
864.000000 0.008215
865.000000 0.008095
866.000000 0.007986
867.000000 0.007888
868.000000 0.007795
869.000000 0.007719
870.000000 0.007655
871.000000 0.007595
872.000000 0.007522
873.000000 0.007474
874.000000 0.007434
875.000000 0.007396
876.000000 0.007369
877.000000 0.007340
878.000000 0.007320
879.000000 0.007302
880.000000 0.007285
881.000000 0.007304
882.000000 0.007380
883.000000 0.007352
884.000000 0.007359
885.000000 0.007328
886.000000 0.007354
887.000000 0.007436
888.000000 0.007423
889.000000 0.007343
890.000000 0.007316
891.000000 0.007269
892.000000 0.007216
893.000000 0.007210
894.000000 0.007914
895.000000 0.007739
896.000000 0.007380
897.000000 0.007312
898.000000 0.007454
899.000000 0.007542
900.000000 0.007207
901.000000 0.007194
902.000000 0.007053
903.000000 0.006930
904.000000 0.006854
905.000000 0.006751
906.000000 0.006698
907.000000 0.006652
908.000000 0.007049
909.000000 0.006476
910.000000 0.006448
911.000000 0.008545
912.000000 0.006949
913.000000 0.006537
914.000000 0.006986
915.000000 0.006630
916.000000 0.006600
917.000000 0.006104
918.000000 0.007104
919.000000 0.006114
920.000000 0.006051
921.000000 0.006502
922.000000 0.006085
923.000000 0.006033
924.000000 0.005998
925.000000 0.006752
926.000000 0.006033
927.000000 0.005944
928.000000 0.010860
929.000000 0.006224
930.000000 0.007173
931.000000 0.006136
932.000000 0.006505
933.000000 0.006830
934.000000 0.006739
935.000000 0.006129
936.000000 0.006138
937.000000 0.007480
938.000000 1.108298
939.000000 0.034527
940.000000 0.007190
941.000000 0.008904
942.000000 0.019577
943.000000 0.111357
944.000000 0.008801
945.000000 0.009428
946.000000 0.006377
947.000000 0.006296
948.000000 0.007136
949.000000 0.006566
950.000000 0.022138
951.000000 0.006003
952.000000 0.022690
953.000000 0.005621
954.000000 0.005599
955.000000 0.023548
956.000000 0.007538
957.000000 0.020064
958.000000 0.006460
959.000000 0.006171
960.000000 0.005930
961.000000 0.005387
962.000000 0.005793
963.000000 0.005889
964.000000 0.005183
965.000000 0.005356
966.000000 0.005181
967.000000 0.005541
968.000000 0.005166
969.000000 0.005654
970.000000 0.005267
971.000000 0.005157
972.000000 0.005119
973.000000 0.004918
974.000000 0.009386
975.000000 0.004921
976.000000 0.004881
977.000000 0.005623
978.000000 0.004840
979.000000 0.004945
980.000000 0.004803
981.000000 0.004767
982.000000 0.004778
983.000000 0.004850
984.000000 0.004755
985.000000 0.004752
986.000000 0.005039
987.000000 0.004764
988.000000 0.004799
989.000000 0.004830
990.000000 0.004896
991.000000 0.005030
992.000000 0.005088
993.000000 0.004909
994.000000 0.004899
995.000000 0.004870
996.000000 0.004771
997.000000 0.004654
998.000000 0.004637
999.000000 0.004581
1000.000000 0.004551
The optical depth at z= 12.000000
1.000000 0.000000
2.000000 0.000000
3.000000 0.000000
4.000000 0.000000
5.000000 528916.105329
6.000000 773199.726321
7.000000 3042384.645988
8.000000 4067100.039800
9.000000 5231312.807248
10.000000 6658188.883640
11.000000 8268660.934837
12.000000 10080280.661908
13.000000 12016631.354894
14.000000 14226698.386373
15.000000 16662279.419675
16.000000 19042603.913820
17.000000 21733876.393232
18.000000 24349310.323091
19.000000 27302414.484343
20.000000 30970771.179776
21.000000 35050472.574374
22.000000 38396504.915740
23.000000 41939002.071752
24.000000 46009493.778837
25.000000 48422325.720317
26.000000 50681671.205024
27.000000 52216556.825979
28.000000 54119813.633477
29.000000 56071310.966804
30.000000 57816683.455383
31.000000 59307724.659535
32.000000 62553988.747580
33.000000 65836072.369574
34.000000 67882578.550381
35.000000 73770898.541805
36.000000 77285655.531374
37.000000 80791401.253314
38.000000 84388693.878204
39.000000 88498846.439954
40.000000 92045473.070871
41.000000 97259415.350644
42.000000 99358354.511070
43.000000 102554830.574476
44.000000 104774592.270068
45.000000 104636301.905253
46.000000 105126491.770586
47.000000 105699008.847902
48.000000 107972639.269528
49.000000 108703204.735623
50.000000 109005086.252433
51.000000 110787049.987794
52.000000 114882244.747479
53.000000 117295308.136522
54.000000 115921948.439728
55.000000 114228937.687946
56.000000 111133052.587066
57.000000 108536535.714757
58.000000 107056670.226289
59.000000 107163150.303169
60.000000 108452424.775324
61.000000 110109685.826405
62.000000 112134739.576422
63.000000 112378154.279970
64.000000 112692077.189119
65.000000 115582526.340838
66.000000 114514847.108543
67.000000 116220702.703128
68.000000 116001158.003191
69.000000 115919663.585548
70.000000 116946166.463061
71.000000 118101238.582717
72.000000 119391181.129585
73.000000 120847587.955452
74.000000 123461533.247421
75.000000 126063334.011255
76.000000 127389230.874420
77.000000 128503461.156825
78.000000 126837556.203428
79.000000 122268716.727739
80.000000 117741564.195148
81.000000 112819971.726421
82.000000 107900263.892125
83.000000 108480401.248084
84.000000 121903681.286089
85.000000 135329332.269758
86.000000 148744413.622441
87.000000 162153916.620591
88.000000 175572359.644326
89.000000 183040110.911438
90.000000 181577064.458929
91.000000 180060148.821707
92.000000 180394241.009133
93.000000 188311990.945757
94.000000 196150118.447026
95.000000 203952519.568477
96.000000 195664197.362370
97.000000 176531493.919082
98.000000 157406991.687637
99.000000 138285145.539186
100.000000 111290191.567756
101.000000 82298212.641958
102.000000 53361132.721917
103.000000 24319217.317395
104.000000 19656631.581246
105.000000 15000302.329001
106.000000 10360737.462914
107.000000 5691797.658435
108.000000 1028452.548741
109.000000 665735.704375
110.000000 257108.566942
111.000000 49182.854832
112.000000 1066554.168096
113.000000 210140.224377
114.000000 85942.544468
115.000000 706539.894187
116.000000 66461.409247
117.000000 221652.256391
118.000000 190261.399960
119.000000 43844.307252
120.000000 1474100.344476
121.000000 2091189.738731
122.000000 91379.578788
123.000000 333095.571476
124.000000 174971.234698
125.000000 1207127.330574
126.000000 353637.626178
127.000000 72922.565292
128.000000 233548.580396
129.000000 456407.386282
130.000000 502879.730207
131.000000 584623.179057
132.000000 982896.153889
133.000000 1706845.728463
134.000000 2103759.232251
135.000000 4812227.674712
136.000000 7668714.660033
137.000000 9623624.600742
138.000000 11579008.601427
139.000000 12493075.322543
140.000000 11987075.160133
141.000000 11645019.174150
142.000000 12279012.394320
143.000000 12913089.524519
144.000000 12841038.425400
145.000000 12520921.055027
146.000000 12200798.966634
147.000000 11880655.520664
148.000000 11560478.178276
149.000000 10661308.149165
150.000000 10953111.842644
151.000000 10172049.612469
152.000000 9390997.107931
153.000000 8609945.791104
154.000000 7783141.428120
155.000000 7113994.919256
156.000000 6374019.648571
157.000000 5808439.226828
158.000000 5235630.980686
159.000000 4605498.978718
160.000000 4152994.244537
161.000000 3644584.251728
162.000000 3136118.602132
163.000000 2649316.105692
164.000000 2176906.054164
165.000000 1908554.835405
166.000000 1640220.631078
167.000000 1371858.895209
168.000000 1107120.155932
169.000000 901702.978519
170.000000 696272.830009
171.000000 645965.525768
172.000000 502566.593266
173.000000 388216.811481
174.000000 306644.007959
175.000000 225071.838583
176.000000 164207.422513
177.000000 116296.254770
178.000000 94053.573020
179.000000 88818.019778
180.000000 47136.531521
181.000000 3103.740715
182.000000 15927.865123
183.000000 1105.466450
184.000000 5431.080307
185.000000 1605.139177
186.000000 462.398169
187.000000 512.394038
188.000000 83.879928
189.000000 257.972900
190.000000 42.441806
191.000000 73.078051
192.000000 75.740085
193.000000 65.471274
194.000000 23.138991
195.000000 595.364614
196.000000 70.307010
197.000000 9.036975
198.000000 11.838617
199.000000 12.780651
200.000000 28.528069
201.000000 20.810716
202.000000 11.900796
203.000000 11.361192
204.000000 11.891578
205.000000 12.431506
206.000000 12.560332
207.000000 12.845002
208.000000 13.169613
209.000000 13.555074
210.000000 14.090547
211.000000 14.641375
212.000000 15.365067
213.000000 16.296704
214.000000 17.249053
215.000000 18.533011
216.000000 19.714984
217.000000 21.218715
218.000000 22.781655
219.000000 24.522383
220.000000 26.555629
221.000000 28.571182
222.000000 31.096517
223.000000 33.595317
224.000000 36.319210
225.000000 39.259590
226.000000 42.184829
227.000000 45.599169
228.000000 49.033204
229.000000 52.800391
230.000000 56.918290
231.000000 61.343175
232.000000 64.260272
233.000000 69.151188
234.000000 72.482331
235.000000 77.233145
236.000000 81.199397
237.000000 85.789233
238.000000 90.317958
239.000000 94.126238
240.000000 100.032788
241.000000 103.076102
242.000000 107.666275
243.000000 111.047996
244.000000 115.781321
245.000000 117.461124
246.000000 122.925766
247.000000 124.064144
248.000000 127.607282
249.000000 131.723812
250.000000 133.242748
251.000000 132.221830
252.000000 137.336840
253.000000 135.207949
254.000000 137.586431
255.000000 136.930619
256.000000 137.241184
257.000000 134.535970
258.000000 133.235521
259.000000 136.426226
260.000000 127.678218
261.000000 130.398472
262.000000 124.962380
263.000000 121.746637
264.000000 118.664742
265.000000 114.839537
266.000000 112.518668
267.000000 104.934892
268.000000 103.895011
269.000000 96.074349
270.000000 95.188248
271.000000 87.838708
272.000000 84.892808
273.000000 79.064294
274.000000 72.955016
275.000000 69.679848
276.000000 64.014272
277.000000 59.936191
278.000000 55.309495
279.000000 51.061259
280.000000 47.790058
281.000000 43.297609
282.000000 38.284092
283.000000 35.451607
284.000000 32.228857
285.000000 29.217089
286.000000 26.495286
287.000000 23.905198
288.000000 20.951751
289.000000 18.880716
290.000000 16.854064
291.000000 15.203215
292.000000 13.122025
293.000000 11.911339
294.000000 10.288240
295.000000 9.267252
296.000000 8.026208
297.000000 7.136798
298.000000 6.114262
299.000000 5.510815
300.000000 4.741852
301.000000 4.177781
302.000000 3.702707
303.000000 3.186524
304.000000 2.897141
305.000000 2.482585
306.000000 2.221611
307.000000 1.970983
308.000000 1.723880
309.000000 1.593379
310.000000 1.325568
311.000000 1.218090
312.000000 1.007366
313.000000 0.884627
314.000000 0.849222
315.000000 0.702364
316.000000 0.677313
317.000000 0.584253
318.000000 0.570594
319.000000 0.439887
320.000000 0.511661
321.000000 0.364952
322.000000 0.412517
323.000000 0.383597
324.000000 0.276646
325.000000 0.369270
326.000000 0.279084
327.000000 0.242721
328.000000 0.312945
329.000000 0.221259
330.000000 0.207946
331.000000 0.243944
332.000000 0.201914
333.000000 0.193039
334.000000 0.216907
335.000000 0.181557
336.000000 0.172419
337.000000 0.182619
338.000000 0.176852
339.000000 0.164149
340.000000 0.168176
341.000000 0.162029
342.000000 0.155504
343.000000 0.153847
344.000000 0.162272
345.000000 0.152012
346.000000 0.148013
347.000000 0.146146
348.000000 0.144541
349.000000 0.141844
350.000000 0.139878
351.000000 0.138861
352.000000 0.138715
353.000000 0.135365
354.000000 0.133936
355.000000 0.132874
356.000000 0.130724
357.000000 0.130038
358.000000 0.128287
359.000000 0.126539
360.000000 0.125599
361.000000 0.124423
362.000000 0.122782
363.000000 0.121567
364.000000 0.120120
365.000000 0.119550
366.000000 0.118097
367.000000 0.116620
368.000000 0.115626
369.000000 0.114343
370.000000 0.113190
371.000000 0.111752
372.000000 0.111375
373.000000 0.109923
374.000000 0.108792
375.000000 0.107490
376.000000 0.106962
377.000000 0.105712
378.000000 0.104361
379.000000 0.103384
380.000000 0.103012
381.000000 0.101668
382.000000 0.100598
383.000000 0.099434
384.000000 0.098882
385.000000 0.097966
386.000000 0.096790
387.000000 0.095871
388.000000 0.095191
389.000000 0.094265
390.000000 0.093358
391.000000 0.092405
392.000000 0.091847
393.000000 0.090550
394.000000 0.089665
395.000000 0.088934
396.000000 0.088543
397.000000 0.087105
398.000000 0.087038
399.000000 0.085486
400.000000 0.085544
401.000000 0.084630
402.000000 0.083472
403.000000 0.082428
404.000000 0.082281
405.000000 0.081345
406.000000 0.080354
407.000000 0.079222
408.000000 0.079618
409.000000 0.078876
410.000000 0.077707
411.000000 0.077411
412.000000 0.076086
413.000000 0.076136
414.000000 0.074997
415.000000 0.074462
416.000000 0.073274
417.000000 0.072818
418.000000 0.072377
419.000000 0.071576
420.000000 0.071413
421.000000 0.071123
422.000000 0.070739
423.000000 0.069756
424.000000 0.069755
425.000000 0.068851
426.000000 0.067446
427.000000 0.067413
428.000000 0.067482
429.000000 0.065979
430.000000 0.065154
431.000000 0.066047
432.000000 0.064554
433.000000 0.064097
434.000000 0.064384
435.000000 0.065088
436.000000 0.063037
437.000000 0.061893
438.000000 0.060922
439.000000 0.063239
440.000000 0.061918
441.000000 0.060691
442.000000 0.059800
443.000000 0.059849
444.000000 0.059463
445.000000 0.059971
446.000000 0.058317
447.000000 0.057753
448.000000 0.059359
449.000000 0.057363
450.000000 0.056616
451.000000 0.056650
452.000000 0.056741
453.000000 0.055682
454.000000 0.054820
455.000000 0.055212
456.000000 0.054910
457.000000 0.054419
458.000000 0.055890
459.000000 0.054651
460.000000 0.055237
461.000000 0.055031
462.000000 0.054382
463.000000 0.055334
464.000000 0.053890
465.000000 0.052600
466.000000 0.051601
467.000000 0.052670
468.000000 0.052252
469.000000 0.051575
470.000000 0.051431
471.000000 0.051131
472.000000 0.050930
473.000000 0.050375
474.000000 0.051325
475.000000 0.050989
476.000000 0.050411
477.000000 0.050675
478.000000 0.051275
479.000000 0.051845
480.000000 0.052749
481.000000 0.052965
482.000000 0.052658
483.000000 0.051962
484.000000 0.051598
485.000000 0.050870
486.000000 0.050336
487.000000 0.049488
488.000000 0.049758
489.000000 0.050548
490.000000 0.049849
491.000000 0.049463
492.000000 0.049613
493.000000 0.049474
494.000000 0.049633
495.000000 0.049467
496.000000 0.049599
497.000000 0.049480
498.000000 0.049839
499.000000 0.050201
500.000000 0.051008
501.000000 0.052250
502.000000 0.053356
503.000000 0.054595
504.000000 0.054963
505.000000 0.055708
506.000000 0.055113
507.000000 0.054737
508.000000 0.054127
509.000000 0.053852
510.000000 0.053288
511.000000 0.052793
512.000000 0.052658
513.000000 0.052754
514.000000 0.052686
515.000000 0.052908
516.000000 0.053026
517.000000 0.053103
518.000000 0.053472
519.000000 0.053710
520.000000 0.054157
521.000000 0.054245
522.000000 0.054583
523.000000 0.055404
524.000000 0.056125
525.000000 0.057473
526.000000 0.058470
527.000000 0.059183
528.000000 0.060433
529.000000 0.061052
530.000000 0.061944
531.000000 0.062610
532.000000 0.063130
533.000000 0.063306
534.000000 0.063374
535.000000 0.062909
536.000000 0.062610
537.000000 0.062346
538.000000 0.062524
539.000000 0.062681
540.000000 0.062831
541.000000 0.063225
542.000000 0.064089
543.000000 0.064692
544.000000 0.065122
545.000000 0.065637
546.000000 0.065793
547.000000 0.066052
548.000000 0.066326
549.000000 0.066565
550.000000 0.066526
551.000000 0.066646
552.000000 0.066931
553.000000 0.067520
554.000000 0.067639
555.000000 0.067896
556.000000 0.068388
557.000000 0.069162
558.000000 0.070024
559.000000 0.070940
560.000000 0.072029
561.000000 0.073117
562.000000 0.074157
563.000000 0.075229
564.000000 0.076174
565.000000 0.076787
566.000000 0.077193
567.000000 0.077675
568.000000 0.078348
569.000000 0.078903
570.000000 0.079502
571.000000 0.080125
572.000000 0.080659
573.000000 0.080698
574.000000 0.080671
575.000000 0.080483
576.000000 0.079997
577.000000 0.079464
578.000000 0.078871
579.000000 0.078286
580.000000 0.077593
581.000000 0.076789
582.000000 0.076131
583.000000 0.075565
584.000000 0.075099
585.000000 0.074844
586.000000 0.074443
587.000000 0.074269
588.000000 0.074015
589.000000 0.074029
590.000000 0.074255
591.000000 0.074524
592.000000 0.075132
593.000000 0.075884
594.000000 0.076421
595.000000 0.077359
596.000000 0.078227
597.000000 0.079228
598.000000 0.080261
599.000000 0.081239
600.000000 0.081927
601.000000 0.082267
602.000000 0.082351
603.000000 0.082135
604.000000 0.081659
605.000000 0.081050
606.000000 0.080249
607.000000 0.079311
608.000000 0.078233
609.000000 0.077068
610.000000 0.075884
611.000000 0.074751
612.000000 0.073708
613.000000 0.072577
614.000000 0.071435
615.000000 0.070381
616.000000 0.069452
617.000000 0.068588
618.000000 0.067690
619.000000 0.066848
620.000000 0.066154
621.000000 0.065483
622.000000 0.064766
623.000000 0.064122
624.000000 0.063472
625.000000 0.062816
626.000000 0.062124
627.000000 0.061398
628.000000 0.073634
629.000000 0.059961
630.000000 0.059187
631.000000 0.058728
632.000000 0.058300
633.000000 0.056987
634.000000 0.056238
635.000000 0.055433
636.000000 0.054645
637.000000 0.053801
638.000000 0.052993
639.000000 0.052168
640.000000 0.051321
641.000000 0.050483
642.000000 0.049733
643.000000 0.049013
644.000000 0.048331
645.000000 0.047683
646.000000 0.047058
647.000000 0.046477
648.000000 0.045813
649.000000 0.045194
650.000000 0.044608
651.000000 0.044109
652.000000 0.043518
653.000000 0.042920
654.000000 0.042356
655.000000 0.041786
656.000000 0.041281
657.000000 0.040650
658.000000 0.040079
659.000000 0.039541
660.000000 0.039019
661.000000 0.038491
662.000000 0.037996
663.000000 0.037490
664.000000 0.036951
665.000000 0.036387
666.000000 0.035809
667.000000 0.035214
668.000000 0.034639
669.000000 0.034060
670.000000 0.033506
671.000000 0.032930
672.000000 0.032387
673.000000 0.031869
674.000000 0.031384
675.000000 0.030875
676.000000 0.030412
677.000000 0.029935
678.000000 0.029486
679.000000 0.029047
680.000000 0.028643
681.000000 0.028280
682.000000 0.027990
683.000000 0.027688
684.000000 0.027414
685.000000 0.027110
686.000000 0.026752
687.000000 3.219213
688.000000 0.029546
689.000000 0.028294
690.000000 0.601816
691.000000 0.026014
692.000000 0.065464
693.000000 0.023947
694.000000 0.023412
695.000000 0.023017
696.000000 0.022620
697.000000 0.022249
698.000000 0.021852
699.000000 0.021530
700.000000 0.021222
701.000000 0.020936
702.000000 0.020663
703.000000 0.020426
704.000000 0.020216
705.000000 0.020008
706.000000 0.019839
707.000000 0.019645
708.000000 0.019485
709.000000 0.019296
710.000000 0.019138
711.000000 0.018995
712.000000 0.018863
713.000000 0.018761
714.000000 0.018712
715.000000 0.018647
716.000000 0.018535
717.000000 0.018357
718.000000 0.018118
719.000000 0.017905
720.000000 0.017559
721.000000 0.017144
722.000000 0.016858
723.000000 0.016612
724.000000 0.016397
725.000000 0.016246
726.000000 0.016154
727.000000 0.015821
728.000000 0.015614
729.000000 0.015384
730.000000 0.015163
731.000000 0.014986
732.000000 0.014873
733.000000 0.014717
734.000000 0.014651
735.000000 0.014555
736.000000 0.014489
737.000000 0.014407
738.000000 0.014334
739.000000 0.014278
740.000000 0.014234
741.000000 0.014213
742.000000 0.014217
743.000000 0.014246
744.000000 0.014308
745.000000 0.014363
746.000000 0.014426
747.000000 0.014405
748.000000 0.014335
749.000000 0.014199
750.000000 0.013973
751.000000 0.013678
752.000000 0.013353
753.000000 0.013029
754.000000 0.012742
755.000000 0.012489
756.000000 0.012274
757.000000 0.012090
758.000000 0.011928
759.000000 0.011799
760.000000 0.022044
761.000000 0.077176
762.000000 0.039946
763.000000 0.123325
764.000000 0.013861
765.000000 0.033481
766.000000 0.046767
767.000000 0.012644
768.000000 0.023212
769.000000 0.011115
770.000000 0.011132
771.000000 0.011071
772.000000 0.011108
773.000000 0.011181
774.000000 0.011335
775.000000 0.011401
776.000000 0.011534
777.000000 0.011657
778.000000 0.011740
779.000000 0.011763
780.000000 0.011707
781.000000 0.011584
782.000000 0.011394
783.000000 0.011153
784.000000 0.010906
785.000000 0.010667
786.000000 0.010453
787.000000 0.010269
788.000000 0.010100
789.000000 0.009953
790.000000 0.009841
791.000000 0.009702
792.000000 0.009565
793.000000 0.009440
794.000000 0.009320
795.000000 0.009210
796.000000 0.009146
797.000000 0.009044
798.000000 0.008982
799.000000 0.008924
800.000000 0.008867
801.000000 0.008812
802.000000 0.008909
803.000000 0.008736
804.000000 0.008706
805.000000 0.008696
806.000000 0.008710
807.000000 0.008755
808.000000 0.008825
809.000000 0.008910
810.000000 0.008998
811.000000 0.009092
812.000000 0.009184
813.000000 0.009275
814.000000 0.009387
815.000000 0.009429
816.000000 0.009442
817.000000 0.009426
818.000000 0.012287
819.000000 0.009372
820.000000 0.009197
821.000000 0.008939
822.000000 0.008696
823.000000 0.008479
824.000000 0.008221
825.000000 0.008102
826.000000 0.008982
827.000000 0.007704
828.000000 0.007575
829.000000 0.008268
830.000000 0.007351
831.000000 0.007251
832.000000 0.007164
833.000000 0.007097
834.000000 0.007068
835.000000 0.007000
836.000000 0.006960
837.000000 0.006925
838.000000 0.006898
839.000000 0.006873
840.000000 0.006857
841.000000 0.006848
842.000000 0.006847
843.000000 0.006855
844.000000 0.006868
845.000000 0.006887
846.000000 0.006914
847.000000 0.006962
848.000000 0.007031
849.000000 0.007122
850.000000 0.007244
851.000000 0.007374
852.000000 0.007516
853.000000 0.007598
854.000000 0.007592
855.000000 0.007510
856.000000 0.007409
857.000000 0.007298
858.000000 0.007189
859.000000 0.007074
860.000000 0.006951
861.000000 0.006815
862.000000 0.006665
863.000000 0.006507
864.000000 0.006376
865.000000 0.006265
866.000000 0.006165
867.000000 0.006074
868.000000 0.005990
869.000000 0.005919
870.000000 0.005864
871.000000 0.005801
872.000000 0.005748
873.000000 0.005707
874.000000 0.005674
875.000000 0.005643
876.000000 0.005620
877.000000 0.005599
878.000000 0.005586
879.000000 0.005574
880.000000 0.005562
881.000000 0.005584
882.000000 0.005613
883.000000 0.005625
884.000000 0.005637
885.000000 0.005623
886.000000 0.005646
887.000000 0.005702
888.000000 0.005694
889.000000 0.005653
890.000000 0.005632
891.000000 0.005592
892.000000 0.005531
893.000000 0.005532
894.000000 0.005708
895.000000 0.005665
896.000000 0.005663
897.000000 0.005663
898.000000 0.005674
899.000000 0.005657
900.000000 0.005569
901.000000 0.005508
902.000000 0.005424
903.000000 0.005336
904.000000 0.005270
905.000000 0.005179
906.000000 0.005115
907.000000 0.005058
908.000000 0.005046
909.000000 0.004924
910.000000 0.004879
911.000000 0.005143
912.000000 0.004872
913.000000 0.004793
914.000000 0.004816
915.000000 0.004753
916.000000 0.004761
917.000000 0.004553
918.000000 0.004815
919.000000 0.004592
920.000000 0.004569
921.000000 0.004621
922.000000 0.004546
923.000000 0.004523
924.000000 0.004502
925.000000 0.004626
926.000000 0.004492
927.000000 0.004470
928.000000 0.005545
929.000000 0.004488
930.000000 0.004558
931.000000 0.004458
932.000000 0.004463
933.000000 0.004477
934.000000 0.004456
935.000000 0.004385
936.000000 0.004397
937.000000 0.004586
938.000000 0.327499
939.000000 0.009129
940.000000 0.004648
941.000000 0.004973
942.000000 0.006807
943.000000 0.022739
944.000000 0.004985
945.000000 0.005209
946.000000 0.004599
947.000000 0.004511
948.000000 0.004546
949.000000 0.004461
950.000000 0.006653
951.000000 0.004239
952.000000 0.006596
953.000000 0.004110
954.000000 0.004073
955.000000 0.006762
956.000000 0.004250
957.000000 0.005677
958.000000 0.004125
959.000000 0.004056
960.000000 0.004011
961.000000 0.003914
962.000000 0.003941
963.000000 0.003954
964.000000 0.003854
965.000000 0.003861
966.000000 0.003827
967.000000 0.003875
968.000000 0.003781
969.000000 0.003896
970.000000 0.003781
971.000000 0.003739
972.000000 0.003731
973.000000 0.003673
974.000000 0.004491
975.000000 0.003650
976.000000 0.003635
977.000000 0.003761
978.000000 0.003603
979.000000 0.003599
980.000000 0.003575
981.000000 0.003566
982.000000 0.003565
983.000000 0.003577
984.000000 0.003560
985.000000 0.003557
986.000000 0.003618
987.000000 0.003583
988.000000 0.003620
989.000000 0.003646
990.000000 0.003679
991.000000 0.003861
992.000000 0.003925
993.000000 0.003752
994.000000 0.003747
995.000000 0.003718
996.000000 0.003624
997.000000 0.003515
998.000000 0.003505
999.000000 0.003450
1000.000000 0.003421
The optical depth at z= 14.000000
1.000000 0.000000
2.000000 0.000000
3.000000 0.000000
4.000000 0.000000
5.000000 386274.104269
6.000000 564677.514450
7.000000 2221886.891414
8.000000 2970247.692760
9.000000 3820484.865904
10.000000 4862548.280032
11.000000 6038693.527948
12.000000 7361739.380704
13.000000 8775877.076216
14.000000 10389913.486335
15.000000 12168645.033336
16.000000 13907022.414267
17.000000 15872488.579114
18.000000 17782568.468375
19.000000 19939253.339071
20.000000 22618295.197069
21.000000 25597747.357561
22.000000 28041392.177252
23.000000 30628517.307795
24.000000 33601243.686830
25.000000 35363360.454012
26.000000 37013383.994447
27.000000 38134325.770413
28.000000 39524292.947068
29.000000 40949490.265796
30.000000 42224155.985812
31.000000 43313075.008317
32.000000 45683858.324549
33.000000 48080799.469187
34.000000 49575384.931023
35.000000 53875692.523101
36.000000 56442558.880901
37.000000 59002844.412269
38.000000 61629985.621174
39.000000 64631678.043020
40.000000 67221820.117617
41.000000 71029619.967953
42.000000 72562494.325252
43.000000 74896915.416096
44.000000 76518029.344694
45.000000 76417029.716774
46.000000 76775021.829004
47.000000 77193134.158570
48.000000 78853591.126044
49.000000 79387127.631203
50.000000 79607593.512726
51.000000 80908977.668739
52.000000 83899743.803211
53.000000 85662027.221612
54.000000 84659042.531075
55.000000 83422611.974553
56.000000 81161644.125977
57.000000 79265371.710723
58.000000 78184604.594073
59.000000 78262366.679148
60.000000 79203937.066302
61.000000 80414251.622987
62.000000 81893168.915982
63.000000 82070938.079833
64.000000 82300200.318941
65.000000 84411131.958922
66.000000 83631391.052815
67.000000 84877196.865845
68.000000 84716862.455165
69.000000 84657347.656132
70.000000 85407014.906505
71.000000 86250578.710691
72.000000 87192644.593549
73.000000 88256281.450459
74.000000 90165283.723168
75.000000 92065416.700426
76.000000 93033741.829862
77.000000 93847484.365206
78.000000 92630857.251263
79.000000 89294178.737034
80.000000 85987944.746963
81.000000 82393642.731491
82.000000 78800717.100849
83.000000 79224395.013042
84.000000 89027576.849501
85.000000 98832490.948168
86.000000 108629687.996148
87.000000 118422813.269790
88.000000 128222467.290391
89.000000 133676258.532298
90.000000 132607778.571105
91.000000 131499957.285797
92.000000 131743951.339086
93.000000 137526391.974573
94.000000 143250683.779996
95.000000 148948883.919245
96.000000 142895829.890807
97.000000 128922990.656777
98.000000 114956140.483702
99.000000 100991230.371848
100.000000 81276485.895829
101.000000 60103287.492195
102.000000 38970182.260563
103.000000 17760514.409242
104.000000 14355373.422888
105.000000 10954800.427699
106.000000 7566470.573052
107.000000 4156687.265219
108.000000 750982.221543
109.000000 485836.999881
110.000000 187668.884358
111.000000 35881.891228
112.000000 778952.168862
113.000000 153535.416926
114.000000 62705.953529
115.000000 515893.072616
116.000000 48460.255155
117.000000 161810.330479
118.000000 138887.049976
119.000000 31969.655394
120.000000 1076526.997315
121.000000 1527220.973491
122.000000 66637.676436
123.000000 243298.430268
124.000000 127678.162683
125.000000 881534.455583
126.000000 258206.221474
127.000000 53185.348691
128.000000 170488.911468
129.000000 333256.286199
130.000000 367209.400760
131.000000 426918.982685
132.000000 717787.840368
133.000000 1246516.331982
134.000000 1536401.312575
135.000000 3514433.009005
136.000000 5600567.831152
137.000000 7028256.649818
138.000000 8456293.791644
139.000000 9123850.909210
140.000000 8754314.107968
141.000000 8504507.827208
142.000000 8967522.338988
143.000000 9430596.675683
144.000000 9377976.135832
145.000000 9144189.614660
146.000000 8910399.072056
147.000000 8676592.728537
148.000000 8442761.723284
149.000000 7786084.467246
150.000000 7999189.726122
151.000000 7428767.545483
152.000000 6858352.166663
153.000000 6287936.873989
154.000000 5684109.331444
155.000000 5195420.268536
156.000000 4655003.774126
157.000000 4241950.447682
158.000000 3823618.182072
159.000000 3363422.082358
160.000000 3032948.879758
161.000000 2661648.000185
162.000000 2290306.969288
163.000000 1934786.689874
164.000000 1589777.363019
165.000000 1393795.122292
166.000000 1197826.169399
167.000000 1001838.139283
168.000000 808496.173404
169.000000 658478.000494
170.000000 508450.749591
171.000000 471712.738458
172.000000 366990.196286
173.000000 283483.077670
174.000000 223913.476396
175.000000 164343.627060
176.000000 119897.004872
177.000000 84911.176630
178.000000 68671.688629
179.000000 65218.794383
180.000000 34011.059138
181.000000 2238.199547
182.000000 11509.966737
183.000000 804.301753
184.000000 3918.273271
185.000000 1169.645689
186.000000 336.175680
187.000000 371.743505
188.000000 62.718520
189.000000 187.807998
190.000000 32.413608
191.000000 54.159073
192.000000 56.294067
193.000000 48.646334
194.000000 17.943107
195.000000 434.220275
196.000000 51.830265
197.000000 7.587258
198.000000 9.623774
199.000000 10.274019
200.000000 21.760123
201.000000 16.109782
202.000000 9.616646
203.000000 9.236796
204.000000 9.671891
205.000000 10.115949
206.000000 10.297441
207.000000 10.598732
208.000000 10.962995
209.000000 11.383578
210.000000 11.947504
211.000000 12.548038
212.000000 13.298338
213.000000 14.243689
214.000000 15.211080
215.000000 16.491257
216.000000 17.696525
217.000000 19.209399
218.000000 20.786268
219.000000 22.533196
220.000000 24.550617
221.000000 26.555096
222.000000 29.047467
223.000000 31.520566
224.000000 34.216382
225.000000 37.122123
226.000000 40.017493
227.000000 43.385072
228.000000 46.767246
229.000000 50.457099
230.000000 54.500440
231.000000 58.837836
232.000000 61.704145
233.000000 66.488486
234.000000 69.758936
235.000000 74.404775
236.000000 78.289336
237.000000 82.776806
238.000000 87.200404
239.000000 90.924688
240.000000 96.678409
241.000000 99.662712
242.000000 104.134594
243.000000 107.511252
244.000000 112.163800
245.000000 113.813882
246.000000 119.129623
247.000000 120.236451
248.000000 123.676614
249.000000 127.673082
250.000000 129.149078
251.000000 128.160665
252.000000 133.125796
253.000000 131.062294
254.000000 133.372136
255.000000 132.737890
256.000000 133.041099
257.000000 130.418332
258.000000 129.158504
259.000000 132.256177
260.000000 123.770037
261.000000 126.411298
262.000000 121.138598
263.000000 118.020094
264.000000 115.031732
265.000000 111.321734
266.000000 109.071600
267.000000 101.714862
268.000000 100.707589
269.000000 93.120995
270.000000 92.262882
271.000000 85.133322
272.000000 82.276533
273.000000 76.622685
274.000000 70.696382
275.000000 67.520002
276.000000 62.024210
277.000000 58.068720
278.000000 53.580796
279.000000 49.460212
280.000000 46.287667
281.000000 41.930095
282.000000 37.066792
283.000000 34.319659
284.000000 31.193778
285.000000 28.272710
286.000000 25.633018
287.000000 23.121054
288.000000 20.256541
289.000000 18.248152
290.000000 16.282805
291.000000 14.682049
292.000000 12.663698
293.000000 11.490004
294.000000 9.916099
295.000000 8.926418
296.000000 7.723175
297.000000 6.861131
298.000000 5.869861
299.000000 5.285242
300.000000 4.539977
301.000000 3.993513
302.000000 3.533387
303.000000 3.033349
304.000000 2.753371
305.000000 2.351904
306.000000 2.099454
307.000000 1.857019
308.000000 1.617998
309.000000 1.492091
310.000000 1.232943
311.000000 1.129354
312.000000 0.925531
313.000000 0.807116
314.000000 0.773427
315.000000 0.631585
316.000000 0.607918
317.000000 0.518252
318.000000 0.505622
319.000000 0.379395
320.000000 0.449648
321.000000 0.307868
322.000000 0.354611
323.000000 0.327110
324.000000 0.223887
325.000000 0.314322
326.000000 0.227340
327.000000 0.192588
328.000000 0.261257
329.000000 0.172792
330.000000 0.160387
331.000000 0.195810
332.000000 0.155512
333.000000 0.147392
334.000000 0.171012
335.000000 0.137184
336.000000 0.128771
337.000000 0.139119
338.000000 0.133963
339.000000 0.122084
340.000000 0.126416
341.000000 0.120880
342.000000 0.114963
343.000000 0.113756
344.000000 0.122343
345.000000 0.112786
346.000000 0.109300
347.000000 0.107876
348.000000 0.106701
349.000000 0.104461
350.000000 0.102912
351.000000 0.102296
352.000000 0.102510
353.000000 0.099606
354.000000 0.098582
355.000000 0.097898
356.000000 0.096138
357.000000 0.095818
358.000000 0.094442
359.000000 0.093059
360.000000 0.092466
361.000000 0.091648
362.000000 0.090360
363.000000 0.089488
364.000000 0.088383
365.000000 0.088144
366.000000 0.087025
367.000000 0.085878
368.000000 0.085207
369.000000 0.084242
370.000000 0.083404
371.000000 0.082279
372.000000 0.082203
373.000000 0.081055
374.000000 0.080221
375.000000 0.079214
376.000000 0.078972
377.000000 0.078010
378.000000 0.076943
379.000000 0.076244
380.000000 0.076142
381.000000 0.075071
382.000000 0.074269
383.000000 0.073370
384.000000 0.073075
385.000000 0.072417
386.000000 0.071496
387.000000 0.070827
388.000000 0.070392
389.000000 0.069711
390.000000 0.069044
391.000000 0.068330
392.000000 0.068004
393.000000 0.066942
394.000000 0.066286
395.000000 0.065780
396.000000 0.065608
397.000000 0.064396
398.000000 0.064542
399.000000 0.063210
400.000000 0.063474
401.000000 0.062770
402.000000 0.061820
403.000000 0.060983
404.000000 0.061034
405.000000 0.060299
406.000000 0.059507
407.000000 0.058571
408.000000 0.059150
409.000000 0.058596
410.000000 0.057616
411.000000 0.057502
412.000000 0.056364
413.000000 0.056588
414.000000 0.055630
415.000000 0.055270
416.000000 0.054257
417.000000 0.053970
418.000000 0.053697
419.000000 0.053065
420.000000 0.053063
421.000000 0.052933
422.000000 0.052708
423.000000 0.051884
424.000000 0.052035
425.000000 0.051287
426.000000 0.050042
427.000000 0.050158
428.000000 0.050374
429.000000 0.049027
430.000000 0.048350
431.000000 0.049377
432.000000 0.048031
433.000000 0.047714
434.000000 0.048136
435.000000 0.048971
436.000000 0.047069
437.000000 0.046064
438.000000 0.045226
439.000000 0.047652
440.000000 0.046463
441.000000 0.045365
442.000000 0.044601
443.000000 0.044772
444.000000 0.044512
445.000000 0.045141
446.000000 0.043622
447.000000 0.043181
448.000000 0.044890
449.000000 0.043017
450.000000 0.042384
451.000000 0.042528
452.000000 0.042730
453.000000 0.041789
454.000000 0.041042
455.000000 0.041536
456.000000 0.041336
457.000000 0.040946
458.000000 0.042499
459.000000 0.041361
460.000000 0.042034
461.000000 0.041922
462.000000 0.041374
463.000000 0.042423
464.000000 0.041093
465.000000 0.039916
466.000000 0.039023
467.000000 0.040177
468.000000 0.039848
469.000000 0.039260
470.000000 0.039203
471.000000 0.038995
472.000000 0.038886
473.000000 0.038423
474.000000 0.039452
475.000000 0.039198
476.000000 0.038697
477.000000 0.039028
478.000000 0.039691
479.000000 0.040321
480.000000 0.041282
481.000000 0.041563
482.000000 0.041329
483.000000 0.040717
484.000000 0.040442
485.000000 0.039808
486.000000 0.039365
487.000000 0.038605
488.000000 0.038948
489.000000 0.039802
490.000000 0.039173
491.000000 0.038854
492.000000 0.039071
493.000000 0.039004
494.000000 0.039232
495.000000 0.039135
496.000000 0.039329
497.000000 0.039268
498.000000 0.039675
499.000000 0.040081
500.000000 0.040925
501.000000 0.042198
502.000000 0.043330
503.000000 0.044605
504.000000 0.045014
505.000000 0.045805
506.000000 0.045273
507.000000 0.044965
508.000000 0.044431
509.000000 0.044230
510.000000 0.043739
511.000000 0.043310
512.000000 0.043235
513.000000 0.043382
514.000000 0.043363
515.000000 0.043632
516.000000 0.043797
517.000000 0.043923
518.000000 0.044338
519.000000 0.044622
520.000000 0.045113
521.000000 0.045243
522.000000 0.045618
523.000000 0.046468
524.000000 0.047214
525.000000 0.048582
526.000000 0.049597
527.000000 0.050330
528.000000 0.051596
529.000000 0.052236
530.000000 0.053149
531.000000 0.053841
532.000000 0.054393
533.000000 0.054607
534.000000 0.054719
535.000000 0.054307
536.000000 0.054060
537.000000 0.053848
538.000000 0.054069
539.000000 0.054266
540.000000 0.054451
541.000000 0.054872
542.000000 0.055760
543.000000 0.056387
544.000000 0.056844
545.000000 0.057387
546.000000 0.057575
547.000000 0.057868
548.000000 0.058175
549.000000 0.058448
550.000000 0.058444
551.000000 0.058598
552.000000 0.058914
553.000000 0.059530
554.000000 0.059679
555.000000 0.059962
556.000000 0.060474
557.000000 0.061265
558.000000 0.062138
559.000000 0.063061
560.000000 0.064155
561.000000 0.065247
562.000000 0.066292
563.000000 0.067370
564.000000 0.068325
565.000000 0.068953
566.000000 0.069377
567.000000 0.069877
568.000000 0.070567
569.000000 0.071131
570.000000 0.071754
571.000000 0.072394
572.000000 0.072946
573.000000 0.073009
574.000000 0.073015
575.000000 0.072865
576.000000 0.072422
577.000000 0.071936
578.000000 0.071393
579.000000 0.070858
580.000000 0.070217
581.000000 0.069465
582.000000 0.068856
583.000000 0.068338
584.000000 0.067916
585.000000 0.067701
586.000000 0.067339
587.000000 0.067199
588.000000 0.066980
589.000000 0.067019
590.000000 0.067229
591.000000 0.067560
592.000000 0.068181
593.000000 0.068936
594.000000 0.069479
595.000000 0.070385
596.000000 0.071287
597.000000 0.072287
598.000000 0.073314
599.000000 0.074254
600.000000 0.074987
601.000000 0.075342
602.000000 0.075449
603.000000 0.075262
604.000000 0.074825
605.000000 0.074260
606.000000 0.073508
607.000000 0.072623
608.000000 0.071601
609.000000 0.070496
610.000000 0.069371
611.000000 0.068296
612.000000 0.067312
613.000000 0.066238
614.000000 0.065151
615.000000 0.064152
616.000000 0.063274
617.000000 0.062459
618.000000 0.061610
619.000000 0.060814
620.000000 0.060164
621.000000 0.059536
622.000000 0.058861
623.000000 0.058258
624.000000 0.057649
625.000000 0.057034
626.000000 0.056385
627.000000 0.055701
628.000000 0.063140
629.000000 0.054338
630.000000 0.053607
631.000000 0.053047
632.000000 0.052522
633.000000 0.051546
634.000000 0.050839
635.000000 0.050079
636.000000 0.049334
637.000000 0.048536
638.000000 0.047771
639.000000 0.046988
640.000000 0.046188
641.000000 0.045394
642.000000 0.044687
643.000000 0.044007
644.000000 0.043363
645.000000 0.042753
646.000000 0.042166
647.000000 0.041622
648.000000 0.040991
649.000000 0.040404
650.000000 0.039861
651.000000 0.039393
652.000000 0.038837
653.000000 0.038277
654.000000 0.037746
655.000000 0.037211
656.000000 0.036710
657.000000 0.036143
658.000000 0.035607
659.000000 0.035100
660.000000 0.034612
661.000000 0.034117
662.000000 0.033653
663.000000 0.033179
664.000000 0.032672
665.000000 0.032141
666.000000 0.031596
667.000000 0.031035
668.000000 0.030494
669.000000 0.029948
670.000000 0.029426
671.000000 0.028883
672.000000 0.028372
673.000000 0.027885
674.000000 0.027430
675.000000 0.026951
676.000000 0.026517
677.000000 0.026069
678.000000 0.025648
679.000000 0.025237
680.000000 0.024860
681.000000 0.024521
682.000000 0.024254
683.000000 0.023976
684.000000 0.023725
685.000000 0.023444
686.000000 0.023111
687.000000 2.503637
688.000000 0.024095
689.000000 0.023288
690.000000 0.417426
691.000000 0.021735
692.000000 0.042733
693.000000 0.020370
694.000000 0.019970
695.000000 0.019608
696.000000 0.019237
697.000000 0.018892
698.000000 0.018519
699.000000 0.018219
700.000000 0.017932
701.000000 0.017666
702.000000 0.017417
703.000000 0.017200
704.000000 0.017010
705.000000 0.016820
706.000000 0.016669
707.000000 0.016492
708.000000 0.016351
709.000000 0.016179
710.000000 0.016037
711.000000 0.015911
712.000000 0.015796
713.000000 0.015709
714.000000 0.015672
715.000000 0.015618
716.000000 0.015514
717.000000 0.015352
718.000000 0.015130
719.000000 0.014872
720.000000 0.014557
721.000000 0.014230
722.000000 0.013959
723.000000 0.013730
724.000000 0.013534
725.000000 0.013376
726.000000 0.013260
727.000000 0.013001
728.000000 0.012797
729.000000 0.012591
730.000000 0.012404
731.000000 0.012243
732.000000 0.012123
733.000000 0.012006
734.000000 0.011935
735.000000 0.011863
736.000000 0.011808
737.000000 0.011748
738.000000 0.011686
739.000000 0.011643
740.000000 0.011610
741.000000 0.011600
742.000000 0.011613
743.000000 0.011652
744.000000 0.011718
745.000000 0.011785
746.000000 0.011849
747.000000 0.011845
748.000000 0.011786
749.000000 0.011664
750.000000 0.011454
751.000000 0.011177
752.000000 0.010871
753.000000 0.010566
754.000000 0.010296
755.000000 0.010060
756.000000 0.009861
757.000000 0.009691
758.000000 0.009543
759.000000 0.009424
760.000000 0.014400
761.000000 0.048075
762.000000 0.023069
763.000000 0.063359
764.000000 0.010182
765.000000 0.019631
766.000000 0.024115
767.000000 0.009470
768.000000 0.013886
769.000000 0.008824
770.000000 0.008814
771.000000 0.008823
772.000000 0.008867
773.000000 0.008944
774.000000 0.009078
775.000000 0.009176
776.000000 0.009314
777.000000 0.009441
778.000000 0.009529
779.000000 0.009559
780.000000 0.009513
781.000000 0.009401
782.000000 0.009225
783.000000 0.008999
784.000000 0.008767
785.000000 0.008543
786.000000 0.008343
787.000000 0.008167
788.000000 0.008015
789.000000 0.007880
790.000000 0.007764
791.000000 0.007646
792.000000 0.007525
793.000000 0.007412
794.000000 0.007303
795.000000 0.007204
796.000000 0.007134
797.000000 0.007055
798.000000 0.007004
799.000000 0.006953
800.000000 0.006904
801.000000 0.006860
802.000000 0.006899
803.000000 0.006797
804.000000 0.006777
805.000000 0.006775
806.000000 0.006795
807.000000 0.006845
808.000000 0.006920
809.000000 0.007008
810.000000 0.007102
811.000000 0.007198
812.000000 0.007296
813.000000 0.007391
814.000000 0.007484
815.000000 0.007544
816.000000 0.007572
817.000000 0.007563
818.000000 0.009016
819.000000 0.007430
820.000000 0.007266
821.000000 0.007092
822.000000 0.006882
823.000000 0.006671
824.000000 0.006436
825.000000 0.006297
826.000000 0.006501
827.000000 0.005957
828.000000 0.005827
829.000000 0.005954
830.000000 0.005626
831.000000 0.005539
832.000000 0.005463
833.000000 0.005404
834.000000 0.005366
835.000000 0.005318
836.000000 0.005288
837.000000 0.005257
838.000000 0.005238
839.000000 0.005221
840.000000 0.005211
841.000000 0.005208
842.000000 0.005213
843.000000 0.005227
844.000000 0.005245
845.000000 0.005269
846.000000 0.005302
847.000000 0.005354
848.000000 0.005426
849.000000 0.005519
850.000000 0.005642
851.000000 0.005775
852.000000 0.005914
853.000000 0.006004
854.000000 0.006002
855.000000 0.005928
856.000000 0.005835
857.000000 0.005733
858.000000 0.005633
859.000000 0.005526
860.000000 0.005411
861.000000 0.005284
862.000000 0.005142
863.000000 0.004994
864.000000 0.004873
865.000000 0.004770
866.000000 0.004678
867.000000 0.004595
868.000000 0.004520
869.000000 0.004455
870.000000 0.004406
871.000000 0.004351
872.000000 0.004306
873.000000 0.004271
874.000000 0.004243
875.000000 0.004218
876.000000 0.004200
877.000000 0.004185
878.000000 0.004177
879.000000 0.004170
880.000000 0.004162
881.000000 0.004185
882.000000 0.004204
883.000000 0.004221
884.000000 0.004236
885.000000 0.004234
886.000000 0.004260
887.000000 0.004303
888.000000 0.004300
889.000000 0.004276
890.000000 0.004261
891.000000 0.004226
892.000000 0.004170
893.000000 0.004175
894.000000 0.004281
895.000000 0.004278
896.000000 0.004308
897.000000 0.004326
898.000000 0.004329
899.000000 0.004304
900.000000 0.004249
901.000000 0.004190
902.000000 0.004119
903.000000 0.004041
904.000000 0.003984
905.000000 0.003900
906.000000 0.003841
907.000000 0.003787
908.000000 0.003735
909.000000 0.003670
910.000000 0.003628
911.000000 0.003681
912.000000 0.003569
913.000000 0.003532
914.000000 0.003512
915.000000 0.003489
916.000000 0.003490
917.000000 0.003337
918.000000 0.003501
919.000000 0.003385
920.000000 0.003370
921.000000 0.003376
922.000000 0.003347
923.000000 0.003331
924.000000 0.003316
925.000000 0.003363
926.000000 0.003308
927.000000 0.003298
928.000000 0.003861
929.000000 0.003298
930.000000 0.003295
931.000000 0.003277
932.000000 0.003253
933.000000 0.003242
934.000000 0.003226
935.000000 0.003213
936.000000 0.003224
937.000000 0.003274
938.000000 0.180007
939.000000 0.004713
940.000000 0.003382
941.000000 0.003518
942.000000 0.004106
943.000000 0.009357
944.000000 0.003570
945.000000 0.003686
946.000000 0.003446
947.000000 0.003372
948.000000 0.003316
949.000000 0.003281
950.000000 0.003811
951.000000 0.003122
952.000000 0.003728
953.000000 0.003022
954.000000 0.002989
955.000000 0.003826
956.000000 0.002999
957.000000 0.003318
958.000000 0.002964
959.000000 0.002925
960.000000 0.002900
961.000000 0.002862
962.000000 0.002850
963.000000 0.002849
964.000000 0.002823
965.000000 0.002816
966.000000 0.002798
967.000000 0.002806
968.000000 0.002757
969.000000 0.002814
970.000000 0.002744
971.000000 0.002716
972.000000 0.002714
973.000000 0.002679
974.000000 0.002965
975.000000 0.002659
976.000000 0.002649
977.000000 0.002699
978.000000 0.002625
979.000000 0.002615
980.000000 0.002603
981.000000 0.002599
982.000000 0.002599
983.000000 0.002606
984.000000 0.002599
985.000000 0.002599
986.000000 0.002636
987.000000 0.002630
988.000000 0.002664
989.000000 0.002690
990.000000 0.002725
991.000000 0.002909
992.000000 0.002974
993.000000 0.002811
994.000000 0.002808
995.000000 0.002783
996.000000 0.002693
997.000000 0.002592
998.000000 0.002586
999.000000 0.002534
1000.000000 0.002510
The optical depth at z= 16.000000
1.000000 0.000000
2.000000 0.000000
3.000000 0.000000
4.000000 0.000000
5.000000 277197.268944
6.000000 405222.776029
7.000000 1594466.216714
8.000000 2131503.462023
9.000000 2741649.041187
10.000000 3489452.588946
11.000000 4333475.692461
12.000000 5282917.320507
13.000000 6297728.114757
14.000000 7455989.827342
15.000000 8732439.753460
16.000000 9979930.803176
17.000000 11390384.858932
18.000000 12761092.726691
19.000000 14308768.777070
20.000000 16231297.641106
21.000000 18369406.350460
22.000000 20123010.044585
23.000000 21979577.808037
24.000000 24112859.972268
25.000000 25377386.851346
26.000000 26561473.618662
27.000000 27365881.758793
28.000000 28363347.391539
29.000000 29386094.822159
30.000000 30300817.959062
31.000000 31082246.055082
32.000000 32783563.001422
33.000000 34503651.308990
34.000000 35576192.863583
35.000000 38662171.272625
36.000000 40504200.955664
37.000000 42341508.114310
38.000000 44226792.175763
39.000000 46380860.850996
40.000000 48239593.586286
41.000000 50972139.588638
42.000000 52072158.028571
43.000000 53747380.816676
44.000000 54910721.527980
45.000000 54838242.473554
46.000000 55095144.057114
47.000000 55395189.096447
48.000000 56586763.046511
49.000000 56969638.578064
50.000000 57127848.917513
51.000000 58061745.797351
52.000000 60207973.639209
53.000000 61472614.807002
54.000000 60752854.751700
55.000000 59865569.748669
56.000000 58243058.304108
57.000000 56882258.905996
58.000000 56106680.749419
59.000000 56162484.092548
60.000000 56838171.840700
61.000000 57706715.249368
62.000000 58768012.802245
63.000000 58895582.927615
64.000000 59060105.467188
65.000000 60574947.893036
66.000000 60015391.574836
67.000000 60909404.144874
68.000000 60794345.046662
69.000000 60751635.920814
70.000000 61289610.498932
71.000000 61894966.938975
72.000000 62571010.154791
73.000000 63334294.876450
74.000000 64704229.078143
75.000000 66067798.519753
76.000000 66762685.783238
77.000000 67346641.820607
78.000000 66473568.024074
79.000000 64079107.188869
80.000000 61706493.949724
81.000000 59127157.871424
82.000000 56548809.522758
83.000000 56852848.167017
84.000000 63887788.063422
85.000000 70923971.772767
86.000000 77954617.294185
87.000000 84982340.538373
88.000000 92014748.665791
89.000000 95928487.384600
90.000000 95161726.569854
91.000000 94366733.731574
92.000000 94541827.932388
93.000000 98691411.479542
94.000000 102799266.778870
95.000000 106888398.009736
96.000000 102544617.042852
97.000000 92517455.885541
98.000000 82494592.233203
99.000000 72473121.068208
100.000000 58325465.689244
101.000000 43131197.263144
102.000000 27965700.178407
103.000000 12745260.430974
104.000000 10301669.863170
105.000000 7861357.482547
106.000000 5429830.900618
107.000000 2982910.007750
108.000000 538922.880210
109.000000 348878.441821
110.000000 134673.238649
111.000000 25750.822258
112.000000 558927.683973
113.000000 110088.572915
114.000000 45011.049385
115.000000 370254.370074
116.000000 34789.587077
117.000000 116135.354983
118.000000 99684.381424
119.000000 22963.455646
120.000000 772569.945260
121.000000 1096011.514663
122.000000 47880.853060
123.000000 174646.279457
124.000000 91649.396974
125.000000 632619.581421
126.000000 185304.122315
127.000000 38176.493968
128.000000 122356.666031
129.000000 239163.400546
130.000000 263536.513599
131.000000 306393.421802
132.000000 515128.596083
133.000000 894555.091677
134.000000 1102586.126206
135.000000 2522055.243268
136.000000 4019096.640856
137.000000 5043623.080015
138.000000 6068401.633479
139.000000 6547451.059682
140.000000 6282264.018999
141.000000 6102997.847730
142.000000 6435264.939866
143.000000 6767575.244044
144.000000 6729813.490798
145.000000 6562043.604646
146.000000 6394270.915204
147.000000 6226486.968870
148.000000 6058685.272752
149.000000 5587441.450436
150.000000 5740369.519547
151.000000 5331023.885203
152.000000 4921683.131451
153.000000 4512342.434425
154.000000 4079024.474158
155.000000 3728331.930525
156.000000 3340519.458057
157.000000 3044104.804247
158.000000 2743901.957255
159.000000 2413656.919201
160.000000 2176503.509398
161.000000 1910051.102778
162.000000 1643570.051853
163.000000 1388442.281109
164.000000 1140857.210549
165.000000 1000216.794690
166.000000 859585.910982
167.000000 718941.193935
168.000000 580195.475647
169.000000 472539.583689
170.000000 364877.171046
171.000000 338513.248156
172.000000 263362.217263
173.000000 203435.879639
174.000000 160687.467596
175.000000 117938.907116
176.000000 86043.050048
177.000000 60936.428181
178.000000 49282.489396
179.000000 46469.320570
180.000000 24781.870014
181.000000 1631.245617
182.000000 8372.685640
183.000000 581.993636
184.000000 2858.262364
185.000000 844.413036
186.000000 245.381167
187.000000 271.789792
188.000000 46.380501
189.000000 137.949847
190.000000 24.493992
191.000000 40.559350
192.000000 41.796415
193.000000 36.322111
194.000000 13.978156
195.000000 314.080310
196.000000 38.594033
197.000000 6.288965
198.000000 7.692946
199.000000 8.128790
200.000000 16.359526
201.000000 12.293136
202.000000 7.644537
203.000000 7.383242
204.000000 7.733781
205.000000 8.092319
206.000000 8.292690
207.000000 8.583896
208.000000 8.947371
209.000000 9.360882
210.000000 9.904322
211.000000 10.494464
212.000000 11.210990
213.000000 12.102120
214.000000 13.014653
215.000000 14.208352
216.000000 15.347906
217.000000 16.766555
218.000000 18.247769
219.000000 19.883343
220.000000 21.758661
221.000000 23.624692
222.000000 25.933651
223.000000 28.228876
224.000000 30.730757
225.000000 33.424898
226.000000 36.112186
227.000000 39.230617
228.000000 42.359727
229.000000 45.761325
230.000000 49.494009
231.000000 53.483239
232.000000 56.140969
233.000000 60.545776
234.000000 63.569684
235.000000 67.848875
236.000000 71.430379
237.000000 75.560580
238.000000 79.630757
239.000000 83.062656
240.000000 88.346342
241.000000 91.099684
242.000000 95.207304
243.000000 98.357923
244.000000 102.657376
245.000000 104.181214
246.000000 109.058080
247.000000 110.075313
248.000000 113.228010
249.000000 116.890047
250.000000 118.244178
251.000000 117.341179
252.000000 121.890042
253.000000 120.001700
254.000000 122.118732
255.000000 121.538503
256.000000 121.819025
257.000000 119.416836
258.000000 118.263255
259.000000 121.102164
260.000000 113.330921
261.000000 115.749862
262.000000 110.920974
263.000000 108.066711
264.000000 105.327196
265.000000 101.932243
266.000000 99.870343
267.000000 93.132911
268.000000 92.209083
269.000000 85.260372
270.000000 84.472876
271.000000 77.943057
272.000000 75.325628
273.000000 70.147952
274.000000 64.720863
275.000000 61.811090
276.000000 56.777512
277.000000 53.154328
278.000000 49.044884
279.000000 45.269717
280.000000 42.361794
281.000000 38.369440
282.000000 33.915594
283.000000 31.400092
284.000000 28.538519
285.000000 25.862708
286.000000 23.443975
287.000000 21.142784
288.000000 18.518475
289.000000 16.678629
290.000000 14.878395
291.000000 13.412300
292.000000 11.564168
293.000000 10.488953
294.000000 9.047620
295.000000 8.141216
296.000000 7.039376
297.000000 6.249833
298.000000 5.342195
299.000000 4.806776
300.000000 4.124488
301.000000 3.624267
302.000000 3.202946
303.000000 2.745378
304.000000 2.488984
305.000000 2.121697
306.000000 1.890651
307.000000 1.668968
308.000000 1.450299
309.000000 1.335331
310.000000 1.098382
311.000000 1.003775
312.000000 0.818074
313.000000 0.709836
314.000000 0.679189
315.000000 0.549579
316.000000 0.528116
317.000000 0.446284
318.000000 0.434932
319.000000 0.319725
320.000000 0.384125
321.000000 0.254781
322.000000 0.297646
323.000000 0.272863
324.000000 0.178671
325.000000 0.261574
326.000000 0.182376
327.000000 0.150791
328.000000 0.213831
329.000000 0.133274
330.000000 0.122114
331.000000 0.154802
332.000000 0.118228
333.000000 0.111030
334.000000 0.132939
335.000000 0.102227
336.000000 0.094762
337.000000 0.104515
338.000000 0.100032
339.000000 0.089438
340.000000 0.093645
341.000000 0.088823
342.000000 0.083642
343.000000 0.082784
344.000000 0.090859
345.000000 0.082368
346.000000 0.079433
347.000000 0.078345
348.000000 0.077490
349.000000 0.075676
350.000000 0.074464
351.000000 0.074125
352.000000 0.074526
353.000000 0.072074
354.000000 0.071370
355.000000 0.070953
356.000000 0.069525
357.000000 0.069466
358.000000 0.068391
359.000000 0.067297
360.000000 0.066946
361.000000 0.066409
362.000000 0.065405
363.000000 0.064794
364.000000 0.063957
365.000000 0.063949
366.000000 0.063094
367.000000 0.062209
368.000000 0.061777
369.000000 0.061058
370.000000 0.060463
371.000000 0.059586
372.000000 0.059717
373.000000 0.058811
374.000000 0.058206
375.000000 0.057432
376.000000 0.057392
377.000000 0.056655
378.000000 0.055816
379.000000 0.055328
380.000000 0.055413
381.000000 0.054562
382.000000 0.053967
383.000000 0.053276
384.000000 0.053166
385.000000 0.052703
386.000000 0.051986
387.000000 0.051508
388.000000 0.051254
389.000000 0.050761
390.000000 0.050279
391.000000 0.049748
392.000000 0.049591
393.000000 0.048722
394.000000 0.048242
395.000000 0.047904
396.000000 0.047887
397.000000 0.046867
398.000000 0.047153
399.000000 0.046014
400.000000 0.046408
401.000000 0.045869
402.000000 0.045091
403.000000 0.044421
404.000000 0.044604
405.000000 0.044029
406.000000 0.043397
407.000000 0.042625
408.000000 0.043307
409.000000 0.042898
410.000000 0.042078
411.000000 0.042090
412.000000 0.041116
413.000000 0.041453
414.000000 0.040649
415.000000 0.040416
416.000000 0.039554
417.000000 0.039390
418.000000 0.039239
419.000000 0.038742
420.000000 0.038850
421.000000 0.038832
422.000000 0.038719
423.000000 0.038028
424.000000 0.038272
425.000000 0.037652
426.000000 0.036556
427.000000 0.036770
428.000000 0.037079
429.000000 0.035884
430.000000 0.035330
431.000000 0.036410
432.000000 0.035205
433.000000 0.034991
434.000000 0.035490
435.000000 0.036386
436.000000 0.034648
437.000000 0.033768
438.000000 0.033045
439.000000 0.035457
440.000000 0.034389
441.000000 0.033409
442.000000 0.032750
443.000000 0.032996
444.000000 0.032834
445.000000 0.033529
446.000000 0.032155
447.000000 0.031813
448.000000 0.033531
449.000000 0.031798
450.000000 0.031255
451.000000 0.031465
452.000000 0.031736
453.000000 0.030908
454.000000 0.030263
455.000000 0.030807
456.000000 0.030674
457.000000 0.030351
458.000000 0.031896
459.000000 0.030848
460.000000 0.031545
461.000000 0.031491
462.000000 0.031029
463.000000 0.032113
464.000000 0.030915
465.000000 0.029861
466.000000 0.029074
467.000000 0.030243
468.000000 0.029976
469.000000 0.029457
470.000000 0.029455
471.000000 0.029314
472.000000 0.029271
473.000000 0.028886
474.000000 0.029931
475.000000 0.029731
476.000000 0.029283
477.000000 0.029627
478.000000 0.030286
479.000000 0.030911
480.000000 0.031854
481.000000 0.032147
482.000000 0.031959
483.000000 0.031425
484.000000 0.031228
485.000000 0.030692
486.000000 0.030338
487.000000 0.029670
488.000000 0.030050
489.000000 0.030908
490.000000 0.030334
491.000000 0.030061
492.000000 0.030310
493.000000 0.030290
494.000000 0.030556
495.000000 0.030504
496.000000 0.030724
497.000000 0.030687
498.000000 0.031089
499.000000 0.031481
500.000000 0.032289
501.000000 0.033505
502.000000 0.034582
503.000000 0.035804
504.000000 0.036201
505.000000 0.036981
506.000000 0.036504
507.000000 0.036258
508.000000 0.035804
509.000000 0.035673
510.000000 0.035256
511.000000 0.034890
512.000000 0.034853
513.000000 0.035018
514.000000 0.035019
515.000000 0.035296
516.000000 0.035474
517.000000 0.035618
518.000000 0.036041
519.000000 0.036336
520.000000 0.036828
521.000000 0.036965
522.000000 0.037331
523.000000 0.038147
524.000000 0.038857
525.000000 0.040159
526.000000 0.041118
527.000000 0.041805
528.000000 0.043004
529.000000 0.043604
530.000000 0.044471
531.000000 0.045132
532.000000 0.045668
533.000000 0.045889
534.000000 0.046022
535.000000 0.045659
536.000000 0.045459
537.000000 0.045289
538.000000 0.045530
539.000000 0.045737
540.000000 0.045924
541.000000 0.046332
542.000000 0.047185
543.000000 0.047786
544.000000 0.048225
545.000000 0.048752
546.000000 0.048942
547.000000 0.049235
548.000000 0.049544
549.000000 0.049820
550.000000 0.049832
551.000000 0.049992
552.000000 0.050307
553.000000 0.050908
554.000000 0.051056
555.000000 0.051330
556.000000 0.051818
557.000000 0.052569
558.000000 0.053392
559.000000 0.054256
560.000000 0.055281
561.000000 0.056305
562.000000 0.057284
563.000000 0.058300
564.000000 0.059203
565.000000 0.059796
566.000000 0.060196
567.000000 0.060671
568.000000 0.061330
569.000000 0.061865
570.000000 0.062459
571.000000 0.063069
572.000000 0.063599
573.000000 0.063665
574.000000 0.063686
575.000000 0.063568
576.000000 0.063177
577.000000 0.062752
578.000000 0.062275
579.000000 0.061808
580.000000 0.061241
581.000000 0.060565
582.000000 0.060025
583.000000 0.059569
584.000000 0.059201
585.000000 0.059030
586.000000 0.058712
587.000000 0.058603
588.000000 0.058413
589.000000 0.058467
590.000000 0.058673
591.000000 0.058999
592.000000 0.059591
593.000000 0.060301
594.000000 0.060802
595.000000 0.061640
596.000000 0.062486
597.000000 0.063421
598.000000 0.064377
599.000000 0.065253
600.000000 0.065949
601.000000 0.066290
602.000000 0.066402
603.000000 0.066244
604.000000 0.065857
605.000000 0.065355
606.000000 0.064681
607.000000 0.063886
608.000000 0.062966
609.000000 0.061968
610.000000 0.060951
611.000000 0.059984
612.000000 0.059103
613.000000 0.058132
614.000000 0.057148
615.000000 0.056245
616.000000 0.055456
617.000000 0.054726
618.000000 0.053960
619.000000 0.053241
620.000000 0.052661
621.000000 0.052101
622.000000 0.051493
623.000000 0.050954
624.000000 0.050410
625.000000 0.049859
626.000000 0.049277
627.000000 0.048663
628.000000 0.053093
629.000000 0.047436
630.000000 0.046777
631.000000 0.046221
632.000000 0.045705
633.000000 0.044933
634.000000 0.044299
635.000000 0.043615
636.000000 0.042947
637.000000 0.042227
638.000000 0.041540
639.000000 0.040834
640.000000 0.040114
641.000000 0.039397
642.000000 0.038762
643.000000 0.038152
644.000000 0.037572
645.000000 0.037025
646.000000 0.036499
647.000000 0.036015
648.000000 0.035445
649.000000 0.034915
650.000000 0.034429
651.000000 0.034012
652.000000 0.033512
653.000000 0.033009
654.000000 0.032534
655.000000 0.032054
656.000000 0.031603
657.000000 0.031097
658.000000 0.030616
659.000000 0.030162
660.000000 0.029726
661.000000 0.029282
662.000000 0.028867
663.000000 0.028442
664.000000 0.027988
665.000000 0.027512
666.000000 0.027024
667.000000 0.026519
668.000000 0.026034
669.000000 0.025543
670.000000 0.025076
671.000000 0.024587
672.000000 0.024128
673.000000 0.023691
674.000000 0.023285
675.000000 0.022854
676.000000 0.022466
677.000000 0.022064
678.000000 0.021688
679.000000 0.021319
680.000000 0.020983
681.000000 0.020682
682.000000 0.020447
683.000000 0.020199
684.000000 0.019978
685.000000 0.019730
686.000000 0.019434
687.000000 1.908340
688.000000 0.019523
689.000000 0.018985
690.000000 0.279472
691.000000 0.017912
692.000000 0.029651
693.000000 0.016947
694.000000 0.016620
695.000000 0.016299
696.000000 0.015968
697.000000 0.015659
698.000000 0.015325
699.000000 0.015057
700.000000 0.014803
701.000000 0.014566
702.000000 0.014347
703.000000 0.014156
704.000000 0.013990
705.000000 0.013824
706.000000 0.013693
707.000000 0.013539
708.000000 0.013417
709.000000 0.013266
710.000000 0.013143
711.000000 0.013036
712.000000 0.012936
713.000000 0.012863
714.000000 0.012837
715.000000 0.012794
716.000000 0.012704
717.000000 0.012562
718.000000 0.012366
719.000000 0.012129
720.000000 0.011848
721.000000 0.011564
722.000000 0.011323
723.000000 0.011120
724.000000 0.010947
725.000000 0.010805
726.000000 0.010698
727.000000 0.010476
728.000000 0.010294
729.000000 0.010113
730.000000 0.009950
731.000000 0.009809
732.000000 0.009703
733.000000 0.009605
734.000000 0.009544
735.000000 0.009487
736.000000 0.009442
737.000000 0.009394
738.000000 0.009344
739.000000 0.009311
740.000000 0.009287
741.000000 0.009283
742.000000 0.009301
743.000000 0.009343
744.000000 0.009408
745.000000 0.009476
746.000000 0.009540
747.000000 0.009542
748.000000 0.009494
749.000000 0.009388
750.000000 0.009201
751.000000 0.008954
752.000000 0.008680
753.000000 0.008406
754.000000 0.008165
755.000000 0.007954
756.000000 0.007778
757.000000 0.007627
758.000000 0.007497
759.000000 0.007393
760.000000 0.009852
761.000000 0.030027
762.000000 0.013423
763.000000 0.031485
764.000000 0.007545
765.000000 0.012144
766.000000 0.014228
767.000000 0.007184
768.000000 0.009315
769.000000 0.006887
770.000000 0.006879
771.000000 0.006904
772.000000 0.006950
773.000000 0.007025
774.000000 0.007146
775.000000 0.007248
776.000000 0.007378
777.000000 0.007500
778.000000 0.007585
779.000000 0.007617
780.000000 0.007580
781.000000 0.007482
782.000000 0.007325
783.000000 0.007123
784.000000 0.006916
785.000000 0.006716
786.000000 0.006537
787.000000 0.006380
788.000000 0.006247
789.000000 0.006128
790.000000 0.006023
791.000000 0.005921
792.000000 0.005816
793.000000 0.005717
794.000000 0.005622
795.000000 0.005535
796.000000 0.005473
797.000000 0.005408
798.000000 0.005365
799.000000 0.005322
800.000000 0.005282
801.000000 0.005246
802.000000 0.005277
803.000000 0.005196
804.000000 0.005183
805.000000 0.005185
806.000000 0.005207
807.000000 0.005257
808.000000 0.005330
809.000000 0.005415
810.000000 0.005504
811.000000 0.005596
812.000000 0.005690
813.000000 0.005781
814.000000 0.005868
815.000000 0.005928
816.000000 0.005959
817.000000 0.005955
818.000000 0.007069
819.000000 0.005828
820.000000 0.005685
821.000000 0.005536
822.000000 0.005351
823.000000 0.005161
824.000000 0.004951
825.000000 0.004822
826.000000 0.004903
827.000000 0.004524
828.000000 0.004408
829.000000 0.004450
830.000000 0.004231
831.000000 0.004156
832.000000 0.004090
833.000000 0.004040
834.000000 0.004007
835.000000 0.003967
836.000000 0.003944
837.000000 0.003919
838.000000 0.003905
839.000000 0.003893
840.000000 0.003888
841.000000 0.003888
842.000000 0.003896
843.000000 0.003912
844.000000 0.003933
845.000000 0.003958
846.000000 0.003991
847.000000 0.004042
848.000000 0.004111
849.000000 0.004200
850.000000 0.004315
851.000000 0.004441
852.000000 0.004571
853.000000 0.004657
854.000000 0.004658
855.000000 0.004594
856.000000 0.004512
857.000000 0.004422
858.000000 0.004333
859.000000 0.004239
860.000000 0.004136
861.000000 0.004023
862.000000 0.003896
863.000000 0.003764
864.000000 0.003656
865.000000 0.003565
866.000000 0.003484
867.000000 0.003411
868.000000 0.003346
869.000000 0.003290
870.000000 0.003246
871.000000 0.003200
872.000000 0.003163
873.000000 0.003133
874.000000 0.003110
875.000000 0.003090
876.000000 0.003077
877.000000 0.003066
878.000000 0.003061
879.000000 0.003057
880.000000 0.003052
881.000000 0.003075
882.000000 0.003090
883.000000 0.003105
884.000000 0.003121
885.000000 0.003126
886.000000 0.003152
887.000000 0.003186
888.000000 0.003186
889.000000 0.003172
890.000000 0.003162
891.000000 0.003132
892.000000 0.003085
893.000000 0.003092
894.000000 0.003181
895.000000 0.003187
896.000000 0.003219
897.000000 0.003243
898.000000 0.003248
899.000000 0.003226
900.000000 0.003182
901.000000 0.003132
902.000000 0.003071
903.000000 0.003003
904.000000 0.002954
905.000000 0.002880
906.000000 0.002829
907.000000 0.002782
908.000000 0.002732
909.000000 0.002681
910.000000 0.002644
911.000000 0.002667
912.000000 0.002587
913.000000 0.002560
914.000000 0.002539
915.000000 0.002525
916.000000 0.002525
917.000000 0.002395
918.000000 0.002536
919.000000 0.002443
920.000000 0.002433
921.000000 0.002434
922.000000 0.002415
923.000000 0.002403
924.000000 0.002392
925.000000 0.002427
926.000000 0.002388
927.000000 0.002382
928.000000 0.002848
929.000000 0.002385
930.000000 0.002376
931.000000 0.002370
932.000000 0.002347
933.000000 0.002336
934.000000 0.002323
935.000000 0.002320
936.000000 0.002331
937.000000 0.002361
938.000000 0.141386
939.000000 0.003223
940.000000 0.002469
941.000000 0.002568
942.000000 0.002924
943.000000 0.006110
944.000000 0.002631
945.000000 0.002713
946.000000 0.002554
947.000000 0.002491
948.000000 0.002430
949.000000 0.002405
950.000000 0.002669
951.000000 0.002270
952.000000 0.002595
953.000000 0.002184
954.000000 0.002155
955.000000 0.002675
956.000000 0.002152
957.000000 0.002325
958.000000 0.002130
959.000000 0.002099
960.000000 0.002080
961.000000 0.002053
962.000000 0.002040
963.000000 0.002038
964.000000 0.002024
965.000000 0.002018
966.000000 0.002005
967.000000 0.002006
968.000000 0.001971
969.000000 0.002016
970.000000 0.001958
971.000000 0.001936
972.000000 0.001938
973.000000 0.001910
974.000000 0.002087
975.000000 0.001894
976.000000 0.001888
977.000000 0.001926
978.000000 0.001869
979.000000 0.001861
980.000000 0.001853
981.000000 0.001851
982.000000 0.001852
983.000000 0.001858
984.000000 0.001854
985.000000 0.001856
986.000000 0.001889
987.000000 0.001887
988.000000 0.001917
989.000000 0.001942
990.000000 0.001977
991.000000 0.002148
992.000000 0.002209
993.000000 0.002062
994.000000 0.002061
995.000000 0.002040
996.000000 0.001958
997.000000 0.001870
998.000000 0.001867
999.000000 0.001820
1000.000000 0.001801
The optical depth at z= 18.000000
1.000000 0.000000
2.000000 0.000000
3.000000 0.000000
4.000000 0.000000
5.000000 198121.286658
6.000000 289624.995498
7.000000 1139613.428475
8.000000 1523450.258224
9.000000 1959539.842728
10.000000 2494017.742154
11.000000 3097266.690149
12.000000 3775861.450240
13.000000 4501177.556885
14.000000 5329022.369599
15.000000 6241339.893886
16.000000 7132959.628495
17.000000 8141053.958898
18.000000 9120740.495651
19.000000 10226911.541956
20.000000 11601001.266662
21.000000 13129172.420805
22.000000 14382526.198588
23.000000 15709471.530210
24.000000 17234193.003766
25.000000 18137988.796540
26.000000 18984291.617147
27.000000 19559226.619878
28.000000 20272145.675328
29.000000 21003134.413179
30.000000 21656914.771476
31.000000 22215425.324323
32.000000 23431408.146993
33.000000 24660807.483276
34.000000 25427385.502454
35.000000 27633027.836081
36.000000 28949582.330021
37.000000 30262761.484646
38.000000 31610231.272576
39.000000 33149809.431542
40.000000 34478302.071753
41.000000 36431335.620034
42.000000 37217552.327781
43.000000 38414884.914872
44.000000 39246359.913263
45.000000 39194557.100304
46.000000 39378172.425970
47.000000 39592623.840554
48.000000 40444277.926358
49.000000 40717930.823750
50.000000 40831008.617000
51.000000 41498493.189858
52.000000 43032467.358430
53.000000 43936340.495220
54.000000 43421906.135996
55.000000 42787736.648969
56.000000 41628078.591291
57.000000 40655474.058283
58.000000 40101144.777930
59.000000 40141029.029862
60.000000 40623963.437414
61.000000 41244737.632658
62.000000 42003279.039572
63.000000 42094457.063970
64.000000 42212046.140107
65.000000 43294749.691576
66.000000 42894817.716466
67.000000 43533795.449645
68.000000 43451559.013889
69.000000 43421033.297196
70.000000 43805539.890119
71.000000 44238206.329313
72.000000 44721394.591946
73.000000 45266936.982564
74.000000 46246070.091506
75.000000 47220654.118489
76.000000 47717310.708821
77.000000 48134681.417300
78.000000 47510668.895429
79.000000 45799275.129385
80.000000 44103496.552438
81.000000 42259966.933066
82.000000 40417143.282505
83.000000 40634448.712879
84.000000 45662533.012431
85.000000 50691506.933973
86.000000 55716522.243946
87.000000 60739448.615687
88.000000 65765723.176578
89.000000 68562990.430656
90.000000 68014962.986874
91.000000 67446757.276055
92.000000 67571902.072029
93.000000 70537734.681280
94.000000 73473743.170060
95.000000 76396368.823383
96.000000 73291736.756439
97.000000 66125021.315070
98.000000 58961377.146074
99.000000 51798728.443190
100.000000 41686971.688115
101.000000 30827168.790135
102.000000 19987929.447197
103.000000 9109420.960741
104.000000 7362912.812868
105.000000 5618747.797864
106.000000 3880862.170175
107.000000 2131975.066400
108.000000 385194.279776
109.000000 249671.602002
110.000000 96256.483960
111.000000 18388.823019
112.000000 399380.196344
113.000000 78542.232079
114.000000 32173.572712
115.000000 264677.191795
116.000000 24876.571026
117.000000 83017.248279
118.000000 71258.447609
119.000000 16426.359781
120.000000 552200.647529
121.000000 783383.306219
122.000000 34261.056069
123.000000 124855.462343
124.000000 65522.065058
125.000000 452161.950215
126.000000 132449.946995
127.000000 27293.095402
128.000000 87459.743605
129.000000 170945.918786
130.000000 188370.974492
131.000000 219007.433519
132.000000 368198.720734
133.000000 639387.097670
134.000000 788075.255221
135.000000 1802611.603284
136.000000 2872587.473099
137.000000 3604842.364349
138.000000 4337278.284802
139.000000 4679668.562375
140.000000 4490130.924486
141.000000 4362003.351021
142.000000 4599484.386657
143.000000 4836996.706616
144.000000 4810007.179894
145.000000 4690096.693318
146.000000 4570184.286570
147.000000 4450263.931376
148.000000 4330330.802811
149.000000 3993518.359804
150.000000 4102820.844262
151.000000 3810248.917882
152.000000 3517680.482714
153.000000 3225112.086419
154.000000 2915406.368512
155.000000 2664755.498933
156.000000 2387574.440415
157.000000 2175717.782593
158.000000 1961153.682455
159.000000 1725117.586664
160.000000 1555617.082764
161.000000 1365175.267550
162.000000 1174713.204716
163.000000 992365.707028
164.000000 815409.005468
165.000000 714889.059487
166.000000 614375.923937
167.000000 513852.705567
168.000000 414686.940327
169.000000 337741.867080
170.000000 260792.123731
171.000000 241948.987200
172.000000 188235.977809
173.000000 145404.676677
174.000000 114850.866135
175.000000 84296.991424
176.000000 61499.876076
177.000000 43555.228747
178.000000 35225.582043
179.000000 32763.182563
180.000000 18216.150825
181.000000 1198.374743
182.000000 6135.091500
183.000000 421.224512
184.000000 2104.272305
185.000000 609.199460
186.000000 179.861150
187.000000 199.973186
188.000000 33.998151
189.000000 101.923398
190.000000 18.263207
191.000000 30.412884
192.000000 30.948482
193.000000 27.099867
194.000000 10.753309
195.000000 227.138799
196.000000 28.825432
197.000000 5.020807
198.000000 5.970235
199.000000 6.263251
200.000000 12.138837
201.000000 9.225511
202.000000 5.909581
203.000000 5.729559
204.000000 6.003079
205.000000 6.283238
206.000000 6.468468
207.000000 6.721578
208.000000 7.042567
209.000000 7.405105
210.000000 7.876718
211.000000 8.393961
212.000000 9.012880
213.000000 9.777351
214.000000 10.560476
215.000000 11.578614
216.000000 12.557698
217.000000 13.771310
218.000000 15.039613
219.000000 16.437627
220.000000 18.034352
221.000000 19.624440
222.000000 21.586747
223.000000 23.539299
224.000000 25.667632
225.000000 27.958332
226.000000 30.244557
227.000000 32.894120
228.000000 35.551507
229.000000 38.434647
230.000000 41.599511
231.000000 44.956536
232.000000 47.233667
233.000000 50.960770
234.000000 53.535569
235.000000 57.162124
236.000000 60.198931
237.000000 63.693286
238.000000 67.138447
239.000000 70.050187
240.000000 74.516085
241.000000 76.850970
242.000000 80.324670
243.000000 83.011329
244.000000 86.661282
245.000000 87.953772
246.000000 92.073474
247.000000 92.937302
248.000000 95.599670
249.000000 98.691541
250.000000 99.837061
251.000000 99.077770
252.000000 102.917402
253.000000 101.325090
254.000000 103.112811
255.000000 102.622433
256.000000 102.863442
257.000000 100.833959
258.000000 99.858965
259.000000 102.256847
260.000000 95.699025
261.000000 97.738102
262.000000 93.661668
263.000000 91.255440
264.000000 88.935880
265.000000 86.075844
266.000000 84.331617
267.000000 78.645169
268.000000 77.860889
269.000000 71.994469
270.000000 71.324668
271.000000 65.812516
272.000000 63.599897
273.000000 59.230196
274.000000 54.650326
275.000000 52.191920
276.000000 47.942391
277.000000 44.882361
278.000000 41.415179
279.000000 38.225160
280.000000 35.764639
281.000000 32.391073
282.000000 28.631979
283.000000 26.509110
284.000000 24.096095
285.000000 21.835685
286.000000 19.790803
287.000000 17.846423
288.000000 15.628861
289.000000 14.074159
290.000000 12.553336
291.000000 11.315021
292.000000 9.755304
293.000000 8.846303
294.000000 7.629333
295.000000 6.863459
296.000000 5.933054
297.000000 5.265746
298.000000 4.499403
299.000000 4.046671
300.000000 3.470623
301.000000 3.048208
302.000000 2.691996
303.000000 2.305910
304.000000 2.088756
305.000000 1.778897
306.000000 1.583478
307.000000 1.396409
308.000000 1.211640
309.000000 1.114630
310.000000 0.914812
311.000000 0.834831
312.000000 0.679615
313.000000 0.588035
314.000000 0.561931
315.000000 0.452529
316.000000 0.434215
317.000000 0.365139
318.000000 0.355376
319.000000 0.258416
320.000000 0.312239
321.000000 0.203617
322.000000 0.239287
323.000000 0.218678
324.000000 0.139380
325.000000 0.208911
326.000000 0.142558
327.000000 0.115883
328.000000 0.168847
329.000000 0.101375
330.000000 0.091865
331.000000 0.119470
332.000000 0.088836
333.000000 0.082766
334.000000 0.101383
335.000000 0.075565
336.000000 0.069318
337.000000 0.077685
338.000000 0.073971
339.000000 0.065186
340.000000 0.068820
341.000000 0.064848
342.000000 0.060568
343.000000 0.059970
344.000000 0.066814
345.000000 0.059808
346.000000 0.057485
347.000000 0.056637
348.000000 0.056004
349.000000 0.054597
350.000000 0.053657
351.000000 0.053474
352.000000 0.053895
353.000000 0.051923
354.000000 0.051459
355.000000 0.051203
356.000000 0.050063
357.000000 0.050165
358.000000 0.049328
359.000000 0.048461
360.000000 0.048252
361.000000 0.047925
362.000000 0.047147
363.000000 0.046724
364.000000 0.046088
365.000000 0.046215
366.000000 0.045565
367.000000 0.044881
368.000000 0.044611
369.000000 0.044075
370.000000 0.043657
371.000000 0.042976
372.000000 0.043217
373.000000 0.042505
374.000000 0.042068
375.000000 0.041473
376.000000 0.041552
377.000000 0.040989
378.000000 0.040330
379.000000 0.039993
380.000000 0.040179
381.000000 0.039505
382.000000 0.039064
383.000000 0.038534
384.000000 0.038537
385.000000 0.038215
386.000000 0.037657
387.000000 0.037317
388.000000 0.037181
389.000000 0.036826
390.000000 0.036479
391.000000 0.036086
392.000000 0.036034
393.000000 0.035327
394.000000 0.034976
395.000000 0.034754
396.000000 0.034828
397.000000 0.033980
398.000000 0.034329
399.000000 0.033370
400.000000 0.033815
401.000000 0.033400
402.000000 0.032766
403.000000 0.032232
404.000000 0.032481
405.000000 0.032031
406.000000 0.031529
407.000000 0.030895
408.000000 0.031595
409.000000 0.031293
410.000000 0.030612
411.000000 0.030696
412.000000 0.029874
413.000000 0.030259
414.000000 0.029590
415.000000 0.029443
416.000000 0.028716
417.000000 0.028630
418.000000 0.028558
419.000000 0.028170
420.000000 0.028334
421.000000 0.028381
422.000000 0.028334
423.000000 0.027757
424.000000 0.028037
425.000000 0.027524
426.000000 0.026577
427.000000 0.026836
428.000000 0.027182
429.000000 0.026147
430.000000 0.025695
431.000000 0.026738
432.000000 0.025683
433.000000 0.025536
434.000000 0.026050
435.000000 0.026926
436.000000 0.025389
437.000000 0.024632
438.000000 0.024010
439.000000 0.026264
440.000000 0.025319
441.000000 0.024455
442.000000 0.023889
443.000000 0.024162
444.000000 0.024069
445.000000 0.024766
446.000000 0.023563
447.000000 0.023299
448.000000 0.024916
449.000000 0.023359
450.000000 0.022890
451.000000 0.023121
452.000000 0.023415
453.000000 0.022705
454.000000 0.022157
455.000000 0.022692
456.000000 0.022595
457.000000 0.022311
458.000000 0.023741
459.000000 0.022789
460.000000 0.023441
461.000000 0.023412
462.000000 0.023023
463.000000 0.024071
464.000000 0.023032
465.000000 0.022124
466.000000 0.021449
467.000000 0.022551
468.000000 0.022324
469.000000 0.021862
470.000000 0.021883
471.000000 0.021787
472.000000 0.021785
473.000000 0.021469
474.000000 0.022457
475.000000 0.022286
476.000000 0.021873
477.000000 0.022176
478.000000 0.022762
479.000000 0.023314
480.000000 0.024156
481.000000 0.024412
482.000000 0.024247
483.000000 0.023787
484.000000 0.023659
485.000000 0.023231
486.000000 0.022966
487.000000 0.022399
488.000000 0.022775
489.000000 0.023571
490.000000 0.023046
491.000000 0.022800
492.000000 0.023044
493.000000 0.023050
494.000000 0.023319
495.000000 0.023291
496.000000 0.023499
497.000000 0.023455
498.000000 0.023797
499.000000 0.024118
500.000000 0.024812
501.000000 0.025876
502.000000 0.026810
503.000000 0.027883
504.000000 0.028216
505.000000 0.028922
506.000000 0.028499
507.000000 0.028309
508.000000 0.027944
509.000000 0.027877
510.000000 0.027542
511.000000 0.027237
512.000000 0.027217
513.000000 0.027368
514.000000 0.027362
515.000000 0.027608
516.000000 0.027765
517.000000 0.027896
518.000000 0.028284
519.000000 0.028556
520.000000 0.029000
521.000000 0.029111
522.000000 0.029424
523.000000 0.030136
524.000000 0.030744
525.000000 0.031889
526.000000 0.032711
527.000000 0.033284
528.000000 0.034327
529.000000 0.034824
530.000000 0.035573
531.000000 0.036144
532.000000 0.036614
533.000000 0.036810
534.000000 0.036938
535.000000 0.036626
536.000000 0.036468
537.000000 0.036335
538.000000 0.036569
539.000000 0.036758
540.000000 0.036915
541.000000 0.037264
542.000000 0.038017
543.000000 0.038540
544.000000 0.038915
545.000000 0.039378
546.000000 0.039539
547.000000 0.039799
548.000000 0.040078
549.000000 0.040325
550.000000 0.040332
551.000000 0.040473
552.000000 0.040752
553.000000 0.041292
554.000000 0.041411
555.000000 0.041639
556.000000 0.042057
557.000000 0.042707
558.000000 0.043413
559.000000 0.044148
560.000000 0.045024
561.000000 0.045902
562.000000 0.046740
563.000000 0.047620
564.000000 0.048401
565.000000 0.048908
566.000000 0.049241
567.000000 0.049648
568.000000 0.050222
569.000000 0.050682
570.000000 0.051197
571.000000 0.051728
572.000000 0.052190
573.000000 0.052238
574.000000 0.052258
575.000000 0.052168
576.000000 0.051841
577.000000 0.051491
578.000000 0.051101
579.000000 0.050724
580.000000 0.050254
581.000000 0.049685
582.000000 0.049237
583.000000 0.048861
584.000000 0.048561
585.000000 0.048437
586.000000 0.048169
587.000000 0.048087
588.000000 0.047925
589.000000 0.047980
590.000000 0.048164
591.000000 0.048450
592.000000 0.048966
593.000000 0.049574
594.000000 0.049984
595.000000 0.050691
596.000000 0.051413
597.000000 0.052214
598.000000 0.053029
599.000000 0.053781
600.000000 0.054383
601.000000 0.054678
602.000000 0.054779
603.000000 0.054649
604.000000 0.054326
605.000000 0.053910
606.000000 0.053348
607.000000 0.052686
608.000000 0.051917
609.000000 0.051082
610.000000 0.050230
611.000000 0.049425
612.000000 0.048696
613.000000 0.047882
614.000000 0.047053
615.000000 0.046294
616.000000 0.045635
617.000000 0.045030
618.000000 0.044386
619.000000 0.043781
620.000000 0.043300
621.000000 0.042837
622.000000 0.042324
623.000000 0.041876
624.000000 0.041421
625.000000 0.040962
626.000000 0.040478
627.000000 0.039964
628.000000 0.042647
629.000000 0.038940
630.000000 0.038387
631.000000 0.037910
632.000000 0.037467
633.000000 0.036852
634.000000 0.036324
635.000000 0.035754
636.000000 0.035199
637.000000 0.034596
638.000000 0.034023
639.000000 0.033434
640.000000 0.032831
641.000000 0.032230
642.000000 0.031703
643.000000 0.031194
644.000000 0.030707
645.000000 0.030250
646.000000 0.029811
647.000000 0.029413
648.000000 0.028933
649.000000 0.028487
650.000000 0.028082
651.000000 0.027736
652.000000 0.027315
653.000000 0.026894
654.000000 0.026500
655.000000 0.026098
656.000000 0.025723
657.000000 0.025301
658.000000 0.024899
659.000000 0.024521
660.000000 0.024157
661.000000 0.023787
662.000000 0.023441
663.000000 0.023087
664.000000 0.022708
665.000000 0.022311
666.000000 0.021905
667.000000 0.021482
668.000000 0.021078
669.000000 0.020669
670.000000 0.020281
671.000000 0.019871
672.000000 0.019488
673.000000 0.019122
674.000000 0.018787
675.000000 0.018426
676.000000 0.018102
677.000000 0.017766
678.000000 0.017454
679.000000 0.017146
680.000000 0.016866
681.000000 0.016618
682.000000 0.016422
683.000000 0.016215
684.000000 0.016033
685.000000 0.015829
686.000000 0.015582
687.000000 1.432225
688.000000 0.015453
689.000000 0.015049
690.000000 0.181569
691.000000 0.014243
692.000000 0.021386
693.000000 0.013509
694.000000 0.013237
695.000000 0.012971
696.000000 0.012694
697.000000 0.012436
698.000000 0.012157
699.000000 0.011934
700.000000 0.011724
701.000000 0.011528
702.000000 0.011347
703.000000 0.011189
704.000000 0.011052
705.000000 0.010916
706.000000 0.010809
707.000000 0.010682
708.000000 0.010583
709.000000 0.010457
710.000000 0.010356
711.000000 0.010270
712.000000 0.010188
713.000000 0.010130
714.000000 0.010110
715.000000 0.010076
716.000000 0.010002
717.000000 0.009886
718.000000 0.009723
719.000000 0.009524
720.000000 0.009291
721.000000 0.009058
722.000000 0.008857
723.000000 0.008689
724.000000 0.008546
725.000000 0.008427
726.000000 0.008339
727.000000 0.008158
728.000000 0.008007
729.000000 0.007857
730.000000 0.007723
731.000000 0.007607
732.000000 0.007520
733.000000 0.007441
734.000000 0.007390
735.000000 0.007346
736.000000 0.007312
737.000000 0.007275
738.000000 0.007235
739.000000 0.007210
740.000000 0.007192
741.000000 0.007191
742.000000 0.007209
743.000000 0.007246
744.000000 0.007304
745.000000 0.007365
746.000000 0.007421
747.000000 0.007425
748.000000 0.007387
749.000000 0.007300
750.000000 0.007146
751.000000 0.006940
752.000000 0.006712
753.000000 0.006485
754.000000 0.006284
755.000000 0.006109
756.000000 0.005963
757.000000 0.005838
758.000000 0.005731
759.000000 0.005645
760.000000 0.007183
761.000000 0.020277
762.000000 0.009071
763.000000 0.019537
764.000000 0.005645
765.000000 0.008500
766.000000 0.010654
767.000000 0.005424
768.000000 0.006785
769.000000 0.005240
770.000000 0.005237
771.000000 0.005261
772.000000 0.005301
773.000000 0.005366
774.000000 0.005469
775.000000 0.005559
776.000000 0.005671
777.000000 0.005775
778.000000 0.005849
779.000000 0.005878
780.000000 0.005849
781.000000 0.005769
782.000000 0.005639
783.000000 0.005471
784.000000 0.005299
785.000000 0.005133
786.000000 0.004985
787.000000 0.004855
788.000000 0.004745
789.000000 0.004646
790.000000 0.004560
791.000000 0.004476
792.000000 0.004390
793.000000 0.004308
794.000000 0.004230
795.000000 0.004159
796.000000 0.004108
797.000000 0.004055
798.000000 0.004021
799.000000 0.003988
800.000000 0.003955
801.000000 0.003927
802.000000 0.003953
803.000000 0.003889
804.000000 0.003880
805.000000 0.003883
806.000000 0.003904
807.000000 0.003948
808.000000 0.004011
809.000000 0.004084
810.000000 0.004162
811.000000 0.004241
812.000000 0.004322
813.000000 0.004400
814.000000 0.004475
815.000000 0.004527
816.000000 0.004555
817.000000 0.004553
818.000000 0.005406
819.000000 0.004447
820.000000 0.004332
821.000000 0.004207
822.000000 0.004055
823.000000 0.003897
824.000000 0.003723
825.000000 0.003613
826.000000 0.003629
827.000000 0.003368
828.000000 0.003272
829.000000 0.003277
830.000000 0.003126
831.000000 0.003065
832.000000 0.003011
833.000000 0.002970
834.000000 0.002943
835.000000 0.002912
836.000000 0.002894
837.000000 0.002874
838.000000 0.002864
839.000000 0.002856
840.000000 0.002853
841.000000 0.002855
842.000000 0.002863
843.000000 0.002878
844.000000 0.002897
845.000000 0.002920
846.000000 0.002950
847.000000 0.002994
848.000000 0.003054
849.000000 0.003130
850.000000 0.003228
851.000000 0.003336
852.000000 0.003446
853.000000 0.003520
854.000000 0.003522
855.000000 0.003471
856.000000 0.003404
857.000000 0.003330
858.000000 0.003256
859.000000 0.003178
860.000000 0.003094
861.000000 0.003000
862.000000 0.002894
863.000000 0.002784
864.000000 0.002695
865.000000 0.002620
866.000000 0.002553
867.000000 0.002493
868.000000 0.002440
869.000000 0.002394
870.000000 0.002358
871.000000 0.002321
872.000000 0.002291
873.000000 0.002267
874.000000 0.002249
875.000000 0.002234
876.000000 0.002224
877.000000 0.002216
878.000000 0.002213
879.000000 0.002211
880.000000 0.002208
881.000000 0.002227
882.000000 0.002238
883.000000 0.002251
884.000000 0.002266
885.000000 0.002273
886.000000 0.002296
887.000000 0.002321
888.000000 0.002324
889.000000 0.002315
890.000000 0.002309
891.000000 0.002284
892.000000 0.002248
893.000000 0.002254
894.000000 0.002327
895.000000 0.002334
896.000000 0.002363
897.000000 0.002387
898.000000 0.002393
899.000000 0.002375
900.000000 0.002341
901.000000 0.002300
902.000000 0.002251
903.000000 0.002196
904.000000 0.002156
905.000000 0.002095
906.000000 0.002054
907.000000 0.002015
908.000000 0.001974
909.000000 0.001933
910.000000 0.001903
911.000000 0.001912
912.000000 0.001855
913.000000 0.001833
914.000000 0.001816
915.000000 0.001807
916.000000 0.001806
917.000000 0.001702
918.000000 0.001819
919.000000 0.001743
920.000000 0.001735
921.000000 0.001735
922.000000 0.001723
923.000000 0.001713
924.000000 0.001706
925.000000 0.001732
926.000000 0.001703
927.000000 0.001700
928.000000 0.002094
929.000000 0.001705
930.000000 0.001697
931.000000 0.001694
932.000000 0.001676
933.000000 0.001667
934.000000 0.001656
935.000000 0.001656
936.000000 0.001665
937.000000 0.001688
938.000000 0.110500
939.000000 0.002224
940.000000 0.001782
941.000000 0.001853
942.000000 0.002078
943.000000 0.004023
944.000000 0.001919
945.000000 0.001966
946.000000 0.001863
947.000000 0.001812
948.000000 0.001759
949.000000 0.001741
950.000000 0.001880
951.000000 0.001631
952.000000 0.001819
953.000000 0.001560
954.000000 0.001536
955.000000 0.001867
956.000000 0.001533
957.000000 0.001643
958.000000 0.001516
959.000000 0.001491
960.000000 0.001476
961.000000 0.001457
962.000000 0.001447
963.000000 0.001444
964.000000 0.001435
965.000000 0.001431
966.000000 0.001420
967.000000 0.001418
968.000000 0.001393
969.000000 0.001430
970.000000 0.001383
971.000000 0.001366
972.000000 0.001369
973.000000 0.001347
974.000000 0.001454
975.000000 0.001335
976.000000 0.001331
977.000000 0.001362
978.000000 0.001317
979.000000 0.001311
980.000000 0.001305
981.000000 0.001304
982.000000 0.001305
983.000000 0.001311
984.000000 0.001308
985.000000 0.001311
986.000000 0.001339
987.000000 0.001338
988.000000 0.001363
989.000000 0.001384
990.000000 0.001415
991.000000 0.001561
992.000000 0.001612
993.000000 0.001490
994.000000 0.001490
995.000000 0.001473
996.000000 0.001405
997.000000 0.001332
998.000000 0.001331
999.000000 0.001292
1000.000000 0.001276
The optical depth at z= 20.000000
1.000000 0.000000
2.000000 0.000000
3.000000 0.000000
4.000000 0.000000
5.000000 142074.589260
6.000000 207692.736954
7.000000 817227.353754
8.000000 1092480.304797
9.000000 1405204.193774
10.000000 1788483.245745
11.000000 2221078.662494
12.000000 2707705.252933
13.000000 3227836.168622
14.000000 3821491.352234
15.000000 4475722.705997
16.000000 5115111.481814
17.000000 5838025.261963
18.000000 6540567.558517
19.000000 7333813.055423
20.000000 8319185.514087
21.000000 9415051.173568
22.000000 10313842.766637
23.000000 11265407.547763
24.000000 12358799.404849
25.000000 13006919.768650
26.000000 13613811.399475
27.000000 14026102.673085
28.000000 14537343.592355
29.000000 15061542.460097
30.000000 15530374.385102
31.000000 15930887.604438
32.000000 16802880.126486
33.000000 17684493.793593
34.000000 18234214.005535
35.000000 19815900.484120
36.000000 20760013.887789
37.000000 21701706.796768
38.000000 22667989.899235
39.000000 23772035.583039
40.000000 24724709.918513
41.000000 26125248.355619
42.000000 26689051.746260
43.000000 27547670.048240
44.000000 28143928.534364
45.000000 28106780.377925
46.000000 28238452.599643
47.000000 28392237.777694
48.000000 29002966.819759
49.000000 29199205.938307
50.000000 29280295.109005
51.000000 29758954.569764
52.000000 30858981.646050
53.000000 31507154.255077
54.000000 31138248.601967
55.000000 30683479.809669
56.000000 29851878.356501
57.000000 29154414.708558
58.000000 28756900.024501
59.000000 28785501.326918
60.000000 29131817.960167
61.000000 29576980.776965
62.000000 30120937.718838
63.000000 30186322.173536
64.000000 30270646.267290
65.000000 31047062.760011
66.000000 30760267.806643
67.000000 31218484.527684
68.000000 31159511.871780
69.000000 31137621.448161
70.000000 31413354.557473
71.000000 31723623.526521
72.000000 32070122.043351
73.000000 32461335.266058
74.000000 33163480.365660
75.000000 33862363.280521
76.000000 34218520.011995
77.000000 34517820.128172
78.000000 34070334.839903
79.000000 32843078.575350
80.000000 31627020.146967
81.000000 30305008.102528
82.000000 28983502.320710
83.000000 29139333.901818
84.000000 32745019.200611
85.000000 36351342.981461
86.000000 39954827.756452
87.000000 43556814.295768
88.000000 47161201.648788
89.000000 49167147.479497
90.000000 48774151.754886
91.000000 48366686.021501
92.000000 48456428.252032
93.000000 50583253.759519
94.000000 52688692.356286
95.000000 54784533.867986
96.000000 52558173.455548
97.000000 47418856.124821
98.000000 42281741.020264
99.000000 37145339.931951
100.000000 29894106.927248
101.000000 22106443.084171
102.000000 14333525.410634
103.000000 6532447.505496
104.000000 5280010.497007
105.000000 4029253.854947
106.000000 2783000.143467
107.000000 1528858.265285
108.000000 276234.860857
109.000000 179311.710313
110.000000 69027.767523
111.000000 13166.439542
112.000000 286305.496659
113.000000 56196.410907
114.000000 23069.146704
115.000000 189837.089589
116.000000 17845.839297
117.000000 59537.874526
118.000000 51104.964821
119.000000 11785.372764
120.000000 395997.386039
121.000000 561784.594611
122.000000 24587.145298
123.000000 89547.855029
124.000000 46994.896356
125.000000 324253.672930
126.000000 94984.465806
127.000000 19575.573814
128.000000 62721.778911
129.000000 122590.688823
130.000000 135088.515384
131.000000 157060.920019
132.000000 264048.656616
133.000000 458520.768450
134.000000 565147.008402
135.000000 1292679.885281
136.000000 2059966.543002
137.000000 2585071.076308
138.000000 3110305.437867
139.000000 3355836.379461
140.000000 3219917.061574
141.000000 3128035.198960
142.000000 3298334.865707
143.000000 3468657.306357
144.000000 3449302.934450
145.000000 3363313.913244
146.000000 3277323.577938
147.000000 3191327.621046
148.000000 3105322.426782
149.000000 2863791.058994
150.000000 2942173.103566
151.000000 2732367.022636
152.000000 2522563.447190
153.000000 2312759.895865
154.000000 2090666.982435
155.000000 1910922.803969
156.000000 1712153.957917
157.000000 1560229.507658
158.000000 1406363.604686
159.000000 1237099.996988
160.000000 1115549.827100
161.000000 978982.086474
162.000000 842400.019879
163.000000 711637.008940
164.000000 584739.616536
165.000000 512655.868274
166.000000 440577.006171
167.000000 368490.750577
168.000000 297378.091921
169.000000 242199.969982
170.000000 187018.492357
171.000000 173505.894954
172.000000 134987.585850
173.000000 104272.784888
174.000000 82362.205498
175.000000 60451.613161
176.000000 44103.467320
177.000000 31235.070664
178.000000 25261.646551
179.000000 23112.240570
180.000000 13490.322903
181.000000 886.488224
182.000000 4527.228365
183.000000 306.115838
184.000000 1560.728256
185.000000 441.301470
186.000000 132.422724
187.000000 147.911373
188.000000 24.770535
189.000000 75.600900
190.000000 13.440317
191.000000 22.735254
192.000000 22.839597
193.000000 20.149110
194.000000 8.120866
195.000000 164.914738
196.000000 21.512451
197.000000 3.845511
198.000000 4.488207
199.000000 4.690237
200.000000 8.900523
201.000000 6.808331
202.000000 4.433373
203.000000 4.307247
204.000000 4.513546
205.000000 4.724988
206.000000 4.876292
207.000000 5.077604
208.000000 5.334731
209.000000 5.624194
210.000000 5.999000
211.000000 6.411894
212.000000 6.902693
213.000000 7.506988
214.000000 8.126138
215.000000 8.928864
216.000000 9.703255
217.000000 10.661321
218.000000 11.662988
219.000000 12.766194
220.000000 14.023923
221.000000 15.276887
222.000000 16.821234
223.000000 18.358611
224.000000 20.034386
225.000000 21.837564
226.000000 23.637815
227.000000 25.722683
228.000000 27.813338
229.000000 30.079512
230.000000 32.566135
231.000000 35.175050
232.000000 36.992114
233.000000 39.915481
234.000000 41.951631
235.000000 44.803355
236.000000 47.191788
237.000000 49.932673
238.000000 52.637833
239.000000 54.931326
240.000000 58.433924
241.000000 60.269795
242.000000 62.996309
243.000000 65.112631
244.000000 67.984689
245.000000 69.000588
246.000000 72.230605
247.000000 72.913433
248.000000 75.001320
249.000000 77.425386
250.000000 78.325836
251.000000 77.733635
252.000000 80.742933
253.000000 79.496192
254.000000 80.897980
255.000000 80.512362
256.000000 80.705909
257.000000 79.112372
258.000000 78.346109
259.000000 80.227249
260.000000 75.088411
261.000000 76.683107
262.000000 73.486730
263.000000 71.603768
264.000000 69.776465
265.000000 67.540901
266.000000 66.168666
267.000000 61.711433
268.000000 61.090875
269.000000 56.490608
270.000000 55.959082
271.000000 51.637362
272.000000 49.898640
273.000000 46.473836
274.000000 42.884723
275.000000 40.954530
276.000000 37.622187
277.000000 35.221075
278.000000 32.504783
279.000000 29.999735
280.000000 28.063480
281.000000 25.414295
282.000000 22.467744
283.000000 20.803919
284.000000 18.915034
285.000000 17.140718
286.000000 15.533585
287.000000 14.006791
288.000000 12.265326
289.000000 11.044319
290.000000 9.850407
291.000000 8.878514
292.000000 7.655976
293.000000 6.941484
294.000000 5.986873
295.000000 5.385349
296.000000 4.655382
297.000000 4.131039
298.000000 3.529852
299.000000 3.173808
300.000000 2.721893
301.000000 2.390353
302.000000 2.110236
303.000000 1.807573
304.000000 1.636281
305.000000 1.393406
306.000000 1.239565
307.000000 1.092813
308.000000 0.947571
309.000000 0.871399
310.000000 0.714828
311.000000 0.651820
312.000000 0.531835
313.000000 0.459630
314.000000 0.438729
315.000000 0.352820
316.000000 0.338076
317.000000 0.283779
318.000000 0.275763
319.000000 0.199961
320.000000 0.241366
321.000000 0.156751
322.000000 0.183960
323.000000 0.168047
324.000000 0.106006
325.000000 0.159845
326.000000 0.108304
327.000000 0.087254
328.000000 0.128350
329.000000 0.075972
330.000000 0.068289
331.000000 0.089829
332.000000 0.065987
333.000000 0.061123
334.000000 0.075755
335.000000 0.055535
336.000000 0.050596
337.000000 0.057209
338.000000 0.054278
339.000000 0.047478
340.000000 0.050327
341.000000 0.047231
342.000000 0.043890
343.000000 0.043477
344.000000 0.048779
345.000000 0.043387
346.000000 0.041661
347.000000 0.040988
348.000000 0.040510
349.000000 0.039469
350.000000 0.038745
351.000000 0.038640
352.000000 0.038984
353.000000 0.037474
354.000000 0.037182
355.000000 0.037017
356.000000 0.036125
357.000000 0.036307
358.000000 0.035660
359.000000 0.034972
360.000000 0.034839
361.000000 0.034659
362.000000 0.034060
363.000000 0.033768
364.000000 0.033284
365.000000 0.033473
366.000000 0.032980
367.000000 0.032452
368.000000 0.032286
369.000000 0.031883
370.000000 0.031590
371.000000 0.031063
372.000000 0.031345
373.000000 0.030787
374.000000 0.030469
375.000000 0.030013
376.000000 0.030148
377.000000 0.029718
378.000000 0.029203
379.000000 0.028969
380.000000 0.029196
381.000000 0.028665
382.000000 0.028337
383.000000 0.027930
384.000000 0.027992
385.000000 0.027767
386.000000 0.027334
387.000000 0.027091
388.000000 0.027027
389.000000 0.026771
390.000000 0.026521
391.000000 0.026228
392.000000 0.026236
393.000000 0.025666
394.000000 0.025407
395.000000 0.025263
396.000000 0.025378
397.000000 0.024684
398.000000 0.025040
399.000000 0.024248
400.000000 0.024685
401.000000 0.024365
402.000000 0.023853
403.000000 0.023429
404.000000 0.023695
405.000000 0.023343
406.000000 0.022947
407.000000 0.022431
408.000000 0.023087
409.000000 0.022863
410.000000 0.022305
411.000000 0.022421
412.000000 0.021739
413.000000 0.022122
414.000000 0.021573
415.000000 0.021480
416.000000 0.020876
417.000000 0.020834
418.000000 0.020809
419.000000 0.020509
420.000000 0.020689
421.000000 0.020765
422.000000 0.020754
423.000000 0.020278
424.000000 0.020551
425.000000 0.020130
426.000000 0.019330
427.000000 0.019594
428.000000 0.019935
429.000000 0.019063
430.000000 0.018698
431.000000 0.019640
432.000000 0.018739
433.000000 0.018635
434.000000 0.019117
435.000000 0.019917
436.000000 0.018601
437.000000 0.017963
438.000000 0.017436
439.000000 0.019430
440.000000 0.018612
441.000000 0.017866
442.000000 0.017385
443.000000 0.017649
444.000000 0.017604
445.000000 0.018255
446.000000 0.017236
447.000000 0.017033
448.000000 0.018471
449.000000 0.017118
450.000000 0.016714
451.000000 0.016935
452.000000 0.017218
453.000000 0.016624
454.000000 0.016169
455.000000 0.016656
456.000000 0.016574
457.000000 0.016318
458.000000 0.017563
459.000000 0.016718
460.000000 0.017282
461.000000 0.017258
462.000000 0.016934
463.000000 0.017889
464.000000 0.017024
465.000000 0.016270
466.000000 0.015708
467.000000 0.016687
468.000000 0.016488
469.000000 0.016078
470.000000 0.016103
471.000000 0.016035
472.000000 0.016055
473.000000 0.015801
474.000000 0.016681
475.000000 0.016525
476.000000 0.016143
477.000000 0.016377
478.000000 0.016854
479.000000 0.017297
480.000000 0.017995
481.000000 0.018188
482.000000 0.018034
483.000000 0.017647
484.000000 0.017577
485.000000 0.017252
486.000000 0.017069
487.000000 0.016604
488.000000 0.016947
489.000000 0.017639
490.000000 0.017165
491.000000 0.016939
492.000000 0.017155
493.000000 0.017172
494.000000 0.017418
495.000000 0.017401
496.000000 0.017575
497.000000 0.017511
498.000000 0.017768
499.000000 0.017994
500.000000 0.018538
501.000000 0.019402
502.000000 0.020149
503.000000 0.021027
504.000000 0.021270
505.000000 0.021866
506.000000 0.021497
507.000000 0.021356
508.000000 0.021079
509.000000 0.021065
510.000000 0.020808
511.000000 0.020563
512.000000 0.020547
513.000000 0.020666
514.000000 0.020641
515.000000 0.020836
516.000000 0.020956
517.000000 0.021057
518.000000 0.021386
519.000000 0.021612
520.000000 0.021983
521.000000 0.022052
522.000000 0.022291
523.000000 0.022866
524.000000 0.023342
525.000000 0.024281
526.000000 0.024931
527.000000 0.025360
528.000000 0.026202
529.000000 0.026570
530.000000 0.027167
531.000000 0.027620
532.000000 0.027998
533.000000 0.028153
534.000000 0.028262
535.000000 0.028000
536.000000 0.027879
537.000000 0.027777
538.000000 0.027986
539.000000 0.028140
540.000000 0.028253
541.000000 0.028524
542.000000 0.029143
543.000000 0.029560
544.000000 0.029851
545.000000 0.030226
546.000000 0.030343
547.000000 0.030553
548.000000 0.030783
549.000000 0.030985
550.000000 0.030979
551.000000 0.031086
552.000000 0.031312
553.000000 0.031765
554.000000 0.031843
555.000000 0.032010
556.000000 0.032334
557.000000 0.032856
558.000000 0.033413
559.000000 0.033987
560.000000 0.034679
561.000000 0.035375
562.000000 0.036038
563.000000 0.036745
564.000000 0.037372
565.000000 0.037769
566.000000 0.038017
567.000000 0.038335
568.000000 0.038799
569.000000 0.039162
570.000000 0.039572
571.000000 0.040001
572.000000 0.040373
573.000000 0.040393
574.000000 0.040405
575.000000 0.040339
576.000000 0.040078
577.000000 0.039808
578.000000 0.039509
579.000000 0.039226
580.000000 0.038862
581.000000 0.038411
582.000000 0.038061
583.000000 0.037771
584.000000 0.037541
585.000000 0.037460
586.000000 0.037245
587.000000 0.037187
588.000000 0.037049
589.000000 0.037098
590.000000 0.037249
591.000000 0.037477
592.000000 0.037894
593.000000 0.038377
594.000000 0.038676
595.000000 0.039226
596.000000 0.039792
597.000000 0.040428
598.000000 0.041069
599.000000 0.041670
600.000000 0.042152
601.000000 0.042384
602.000000 0.042465
603.000000 0.042363
604.000000 0.042107
605.000000 0.041784
606.000000 0.041346
607.000000 0.040833
608.000000 0.040234
609.000000 0.039581
610.000000 0.038914
611.000000 0.038291
612.000000 0.037732
613.000000 0.037096
614.000000 0.036443
615.000000 0.035845
616.000000 0.035332
617.000000 0.034866
618.000000 0.034360
619.000000 0.033882
620.000000 0.033510
621.000000 0.033152
622.000000 0.032746
623.000000 0.032397
624.000000 0.032042
625.000000 0.031684
626.000000 0.031307
627.000000 0.030905
628.000000 0.032534
629.000000 0.030107
630.000000 0.029673
631.000000 0.029295
632.000000 0.028946
633.000000 0.028479
634.000000 0.028070
635.000000 0.027628
636.000000 0.027199
637.000000 0.026727
638.000000 0.026281
639.000000 0.025823
640.000000 0.025352
641.000000 0.024881
642.000000 0.024472
643.000000 0.024078
644.000000 0.023694
645.000000 0.023337
646.000000 0.022995
647.000000 0.022692
648.000000 0.022312
649.000000 0.021960
650.000000 0.021643
651.000000 0.021376
652.000000 0.021042
653.000000 0.020713
654.000000 0.020407
655.000000 0.020094
656.000000 0.019803
657.000000 0.019472
658.000000 0.019158
659.000000 0.018863
660.000000 0.018581
661.000000 0.018292
662.000000 0.018022
663.000000 0.017745
664.000000 0.017449
665.000000 0.017142
666.000000 0.016827
667.000000 0.016495
668.000000 0.016181
669.000000 0.015863
670.000000 0.015562
671.000000 0.015240
672.000000 0.014942
673.000000 0.014655
674.000000 0.014397
675.000000 0.014114
676.000000 0.013862
677.000000 0.013598
678.000000 0.013357
679.000000 0.013115
680.000000 0.012896
681.000000 0.012705
682.000000 0.012553
683.000000 0.012390
684.000000 0.012248
685.000000 0.012092
686.000000 0.011899
687.000000 1.074296
688.000000 0.011696
689.000000 0.011403
690.000000 0.118078
691.000000 0.010820
692.000000 0.015090
693.000000 0.010282
694.000000 0.010071
695.000000 0.009864
696.000000 0.009649
697.000000 0.009446
698.000000 0.009228
699.000000 0.009054
700.000000 0.008891
701.000000 0.008739
702.000000 0.008598
703.000000 0.008475
704.000000 0.008370
705.000000 0.008265
706.000000 0.008182
707.000000 0.008084
708.000000 0.008007
709.000000 0.007908
710.000000 0.007830
711.000000 0.007764
712.000000 0.007700
713.000000 0.007654
714.000000 0.007639
715.000000 0.007613
716.000000 0.007555
717.000000 0.007465
718.000000 0.007339
719.000000 0.007183
720.000000 0.007002
721.000000 0.006823
722.000000 0.006667
723.000000 0.006537
724.000000 0.006426
725.000000 0.006332
726.000000 0.006264
727.000000 0.006124
728.000000 0.006006
729.000000 0.005890
730.000000 0.005786
731.000000 0.005697
732.000000 0.005628
733.000000 0.005568
734.000000 0.005529
735.000000 0.005496
736.000000 0.005470
737.000000 0.005442
738.000000 0.005412
739.000000 0.005393
740.000000 0.005380
741.000000 0.005380
742.000000 0.005394
743.000000 0.005424
744.000000 0.005471
745.000000 0.005519
746.000000 0.005565
747.000000 0.005568
748.000000 0.005538
749.000000 0.005471
750.000000 0.005352
751.000000 0.005193
752.000000 0.005016
753.000000 0.004840
754.000000 0.004684
755.000000 0.004548
756.000000 0.004435
757.000000 0.004338
758.000000 0.004254
759.000000 0.004187
760.000000 0.005144
761.000000 0.013667
762.000000 0.006054
763.000000 0.011912
764.000000 0.004123
765.000000 0.005878
766.000000 0.007920
767.000000 0.003990
768.000000 0.004850
769.000000 0.003878
770.000000 0.003876
771.000000 0.003895
772.000000 0.003928
773.000000 0.003979
774.000000 0.004060
775.000000 0.004131
776.000000 0.004219
777.000000 0.004301
778.000000 0.004359
779.000000 0.004383
780.000000 0.004361
781.000000 0.004300
782.000000 0.004199
783.000000 0.004069
784.000000 0.003936
785.000000 0.003808
786.000000 0.003693
787.000000 0.003591
788.000000 0.003506
789.000000 0.003430
790.000000 0.003363
791.000000 0.003298
792.000000 0.003232
793.000000 0.003168
794.000000 0.003108
795.000000 0.003053
796.000000 0.003013
797.000000 0.002973
798.000000 0.002947
799.000000 0.002922
800.000000 0.002897
801.000000 0.002876
802.000000 0.002897
803.000000 0.002848
804.000000 0.002841
805.000000 0.002844
806.000000 0.002861
807.000000 0.002896
808.000000 0.002946
809.000000 0.003003
810.000000 0.003064
811.000000 0.003127
812.000000 0.003191
813.000000 0.003253
814.000000 0.003312
815.000000 0.003353
816.000000 0.003376
817.000000 0.003375
818.000000 0.004028
819.000000 0.003292
820.000000 0.003205
821.000000 0.003107
822.000000 0.002990
823.000000 0.002868
824.000000 0.002734
825.000000 0.002647
826.000000 0.002633
827.000000 0.002458
828.000000 0.002383
829.000000 0.002372
830.000000 0.002270
831.000000 0.002223
832.000000 0.002181
833.000000 0.002150
834.000000 0.002129
835.000000 0.002105
836.000000 0.002092
837.000000 0.002076
838.000000 0.002069
839.000000 0.002063
840.000000 0.002062
841.000000 0.002064
842.000000 0.002071
843.000000 0.002083
844.000000 0.002099
845.000000 0.002117
846.000000 0.002141
847.000000 0.002176
848.000000 0.002223
849.000000 0.002283
850.000000 0.002360
851.000000 0.002445
852.000000 0.002531
853.000000 0.002589
854.000000 0.002592
855.000000 0.002553
856.000000 0.002502
857.000000 0.002445
858.000000 0.002388
859.000000 0.002328
860.000000 0.002262
861.000000 0.002189
862.000000 0.002107
863.000000 0.002022
864.000000 0.001953
865.000000 0.001895
866.000000 0.001844
867.000000 0.001797
868.000000 0.001756
869.000000 0.001720
870.000000 0.001692
871.000000 0.001664
872.000000 0.001641
873.000000 0.001623
874.000000 0.001609
875.000000 0.001598
876.000000 0.001590
877.000000 0.001584
878.000000 0.001583
879.000000 0.001582
880.000000 0.001579
881.000000 0.001594
882.000000 0.001603
883.000000 0.001612
884.000000 0.001624
885.000000 0.001631
886.000000 0.001649
887.000000 0.001668
888.000000 0.001670
889.000000 0.001665
890.000000 0.001661
891.000000 0.001643
892.000000 0.001615
893.000000 0.001620
894.000000 0.001679
895.000000 0.001682
896.000000 0.001706
897.000000 0.001726
898.000000 0.001732
899.000000 0.001718
900.000000 0.001692
901.000000 0.001662
902.000000 0.001624
903.000000 0.001582
904.000000 0.001551
905.000000 0.001505
906.000000 0.001473
907.000000 0.001443
908.000000 0.001411
909.000000 0.001380
910.000000 0.001357
911.000000 0.001358
912.000000 0.001320
913.000000 0.001303
914.000000 0.001289
915.000000 0.001283
916.000000 0.001283
917.000000 0.001204
918.000000 0.001297
919.000000 0.001234
920.000000 0.001229
921.000000 0.001228
922.000000 0.001220
923.000000 0.001213
924.000000 0.001207
925.000000 0.001228
926.000000 0.001206
927.000000 0.001204
928.000000 0.001536
929.000000 0.001209
930.000000 0.001202
931.000000 0.001201
932.000000 0.001187
933.000000 0.001180
934.000000 0.001172
935.000000 0.001173
936.000000 0.001181
937.000000 0.001197
938.000000 0.085570
939.000000 0.001520
940.000000 0.001271
941.000000 0.001320
942.000000 0.001458
943.000000 0.002612
944.000000 0.001377
945.000000 0.001404
946.000000 0.001338
947.000000 0.001300
948.000000 0.001258
949.000000 0.001247
950.000000 0.001313
951.000000 0.001162
952.000000 0.001266
953.000000 0.001106
954.000000 0.001087
955.000000 0.001294
956.000000 0.001084
957.000000 0.001152
958.000000 0.001071
959.000000 0.001052
960.000000 0.001042
961.000000 0.001027
962.000000 0.001020
963.000000 0.001017
964.000000 0.001011
965.000000 0.001008
966.000000 0.001000
967.000000 0.000997
968.000000 0.000980
969.000000 0.001010
970.000000 0.000972
971.000000 0.000960
972.000000 0.000964
973.000000 0.000946
974.000000 0.001008
975.000000 0.000937
976.000000 0.000934
977.000000 0.000959
978.000000 0.000924
979.000000 0.000920
980.000000 0.000915
981.000000 0.000915
982.000000 0.000916
983.000000 0.000920
984.000000 0.000919
985.000000 0.000921
986.000000 0.000945
987.000000 0.000943
988.000000 0.000962
989.000000 0.000978
990.000000 0.001004
991.000000 0.001118
992.000000 0.001157
993.000000 0.001063
994.000000 0.001063
995.000000 0.001051
996.000000 0.000998
997.000000 0.000942
998.000000 0.000941
999.000000 0.000911
1000.000000 0.000899
The optical depth at z= 22.000000
1.000000 0.000000
2.000000 0.000000
3.000000 0.000000
4.000000 0.000000
5.000000 102480.439804
6.000000 149811.751263
7.000000 589477.936398
8.000000 788021.882622
9.000000 1013594.159781
10.000000 1290058.893179
11.000000 1602096.242046
12.000000 1953107.054936
13.000000 2328285.034430
14.000000 2756497.120493
15.000000 3228403.681050
16.000000 3689604.073986
17.000000 4211052.259119
18.000000 4717806.202639
19.000000 5289985.672689
20.000000 6000749.102625
21.000000 6791212.868050
22.000000 7439524.265134
23.000000 8125901.728006
24.000000 8914581.098679
25.000000 9382079.728871
26.000000 9819839.481488
27.000000 10117231.190198
28.000000 10485996.716145
29.000000 10864109.007766
30.000000 11202284.252379
31.000000 11491180.336368
32.000000 12120161.172151
33.000000 12756081.907277
34.000000 13152603.077546
35.000000 14293496.422692
36.000000 14974499.098575
37.000000 15653755.829955
38.000000 16350749.869398
39.000000 17147113.976711
40.000000 17834291.760087
41.000000 18844520.435776
42.000000 19251200.074380
43.000000 19870533.916539
44.000000 20300623.854254
45.000000 20273828.434216
46.000000 20368805.492792
47.000000 20479733.026575
48.000000 20920260.743089
49.000000 21061810.924341
50.000000 21120301.740299
51.000000 21465565.812297
52.000000 22259031.286256
53.000000 22726565.292231
54.000000 22460468.283394
55.000000 22132436.970752
56.000000 21532590.838637
57.000000 21029500.246036
58.000000 20742767.125013
59.000000 20763397.615582
60.000000 21013200.747329
61.000000 21334303.060860
62.000000 21726666.996507
63.000000 21773829.649421
64.000000 21834653.759499
65.000000 22394694.047342
66.000000 22187824.682307
67.000000 22518342.958737
68.000000 22475805.025816
69.000000 22460015.041161
70.000000 22658905.232672
71.000000 22882706.631577
72.000000 23132640.842465
73.000000 23414828.407745
74.000000 23921295.623816
75.000000 24425409.781782
76.000000 24682310.579351
77.000000 24898199.894465
78.000000 24575422.178230
79.000000 23690184.484633
80.000000 22813023.983311
81.000000 21859437.613689
82.000000 20906216.422497
83.000000 21018619.891048
84.000000 23619452.628720
85.000000 26220746.335206
86.000000 28819992.027329
87.000000 31418156.835723
88.000000 34018053.219047
89.000000 35464970.734868
90.000000 35181497.093687
91.000000 34887586.035566
92.000000 34952318.214983
93.000000 36486427.907897
94.000000 38005111.087007
95.000000 39516871.656561
96.000000 37910965.595076
97.000000 34203901.964932
98.000000 30498426.680196
99.000000 26793466.539478
100.000000 21563048.041692
101.000000 15945694.189020
102.000000 10338976.856561
103.000000 4711947.166927
104.000000 3808546.319076
105.000000 2906357.604543
106.000000 2007416.856012
107.000000 1102787.099670
108.000000 199258.798176
109.000000 129547.875504
110.000000 49791.816626
111.000000 9478.514603
112.000000 206441.169854
113.000000 40434.571977
114.000000 16635.643277
115.000000 136957.241574
116.000000 12876.204928
117.000000 42947.694405
118.000000 36864.526207
119.000000 8502.942893
120.000000 285641.721282
121.000000 405227.825262
122.000000 17742.484008
123.000000 64596.276182
124.000000 33901.764595
125.000000 233890.314422
126.000000 68514.962112
127.000000 14121.613909
128.000000 45243.577100
129.000000 88427.808276
130.000000 97443.466212
131.000000 113293.772270
132.000000 190466.409780
133.000000 330742.180937
134.000000 407653.165919
135.000000 932433.012324
136.000000 1485886.314500
137.000000 1864651.087262
138.000000 2243509.206789
139.000000 2420614.203041
140.000000 2322573.636880
141.000000 2256297.668226
142.000000 2379137.189673
143.000000 2501993.400028
144.000000 2488032.914388
145.000000 2426007.762716
146.000000 2363981.708153
147.000000 2301951.657208
148.000000 2239914.881913
149.000000 2065694.821526
150.000000 2122233.136574
151.000000 1970896.987318
152.000000 1819562.646640
153.000000 1668228.319759
154.000000 1508029.477330
155.000000 1378377.355033
156.000000 1235002.714148
157.000000 1125417.354158
158.000000 1014431.656939
159.000000 892339.421170
160.000000 804663.691892
161.000000 706155.293163
162.000000 607636.710807
163.000000 513315.517192
164.000000 421782.518076
165.000000 369787.500353
166.000000 317796.010442
167.000000 265799.063128
168.000000 214504.504730
169.000000 174703.660533
170.000000 134900.391134
171.000000 125153.561531
172.000000 97369.595927
173.000000 75214.517045
174.000000 59409.988318
175.000000 43605.474836
176.000000 31813.236533
177.000000 22530.992386
178.000000 18222.166231
179.000000 16376.610367
180.000000 10059.393818
181.000000 660.106248
182.000000 3363.624484
183.000000 223.740226
184.000000 1165.408979
185.000000 321.563926
186.000000 98.005571
187.000000 110.005005
188.000000 18.019426
189.000000 56.323020
190.000000 9.824867
191.000000 16.984502
192.000000 16.852017
193.000000 14.971443
194.000000 6.066076
195.000000 120.418095
196.000000 16.069664
197.000000 2.872236
198.000000 3.309998
199.000000 3.452972
200.000000 6.488898
201.000000 4.978806
202.000000 3.266891
203.000000 3.177060
204.000000 3.329630
205.000000 3.486007
206.000000 3.601815
207.000000 3.754188
208.000000 3.949383
209.000000 4.168793
210.000000 4.452316
211.000000 4.765202
212.000000 5.136071
213.000000 5.592061
214.000000 6.059297
215.000000 6.664409
216.000000 7.248784
217.000000 7.971275
218.000000 8.726785
219.000000 9.558584
220.000000 10.506145
221.000000 11.450261
222.000000 12.613311
223.000000 13.771341
224.000000 15.033617
225.000000 16.391716
226.000000 17.747905
227.000000 19.317802
228.000000 20.892032
229.000000 22.597747
230.000000 24.467903
231.000000 26.404535
232.000000 27.796254
233.000000 29.991425
234.000000 31.534686
235.000000 33.682681
236.000000 35.481767
237.000000 37.540118
238.000000 39.574477
239.000000 41.305476
240.000000 43.936816
241.000000 45.319011
242.000000 47.369183
243.000000 48.962403
244.000000 51.126034
245.000000 51.890392
246.000000 54.316451
247.000000 54.834372
248.000000 56.403402
249.000000 58.224510
250.000000 58.903021
251.000000 58.460754
252.000000 60.720642
253.000000 59.785306
254.000000 60.838545
255.000000 60.547653
256.000000 60.697105
257.000000 59.497561
258.000000 58.920058
259.000000 60.334341
260.000000 56.475654
261.000000 57.670080
262.000000 55.268111
263.000000 53.856515
264.000000 52.475613
265.000000 50.801992
266.000000 49.766618
267.000000 46.418632
268.000000 45.947167
269.000000 42.489971
270.000000 42.084747
271.000000 38.837555
272.000000 37.527511
273.000000 34.955296
274.000000 32.260056
275.000000 30.807274
276.000000 28.302944
277.000000 26.497044
278.000000 24.457995
279.000000 22.572176
280.000000 21.110861
281.000000 19.116542
282.000000 16.903235
283.000000 15.653583
284.000000 14.237027
285.000000 12.901958
286.000000 11.690875
287.000000 10.541549
288.000000 9.230492
289.000000 8.311162
290.000000 7.412672
291.000000 6.681471
292.000000 5.763167
293.000000 5.224646
294.000000 4.506926
295.000000 4.053967
296.000000 3.505005
297.000000 3.109948
298.000000 2.657882
299.000000 2.389335
300.000000 2.049493
301.000000 1.800024
302.000000 1.588755
303.000000 1.361342
304.000000 1.231657
305.000000 1.049187
306.000000 0.932988
307.000000 0.822607
308.000000 0.713095
309.000000 0.655718
310.000000 0.538121
311.000000 0.490467
312.000000 0.401824
313.000000 0.347167
314.000000 0.331031
315.000000 0.266322
316.000000 0.254859
317.000000 0.213900
318.000000 0.207513
319.000000 0.150720
320.000000 0.181075
321.000000 0.117961
322.000000 0.137684
323.000000 0.125915
324.000000 0.079388
325.000000 0.119194
326.000000 0.080873
327.000000 0.064901
328.000000 0.095359
329.000000 0.056448
330.000000 0.050440
331.000000 0.066500
332.000000 0.048716
333.000000 0.044937
334.000000 0.055935
335.000000 0.040734
336.000000 0.036959
337.000000 0.041949
338.000000 0.039702
339.000000 0.034646
340.000000 0.036760
341.000000 0.034425
342.000000 0.031903
343.000000 0.031619
344.000000 0.035520
345.000000 0.031537
346.000000 0.030301
347.000000 0.029766
348.000000 0.029400
349.000000 0.028651
350.000000 0.028097
351.000000 0.028031
352.000000 0.028280
353.000000 0.027156
354.000000 0.026982
355.000000 0.026869
356.000000 0.026179
357.000000 0.026389
358.000000 0.025891
359.000000 0.025347
360.000000 0.025254
361.000000 0.025171
362.000000 0.024712
363.000000 0.024510
364.000000 0.024141
365.000000 0.024345
366.000000 0.023973
367.000000 0.023565
368.000000 0.023464
369.000000 0.023160
370.000000 0.022956
371.000000 0.022549
372.000000 0.022827
373.000000 0.022392
374.000000 0.022161
375.000000 0.021811
376.000000 0.021963
377.000000 0.021636
378.000000 0.021233
379.000000 0.021071
380.000000 0.021299
381.000000 0.020883
382.000000 0.020638
383.000000 0.020326
384.000000 0.020413
385.000000 0.020256
386.000000 0.019921
387.000000 0.019747
388.000000 0.019723
389.000000 0.019538
390.000000 0.019357
391.000000 0.019138
392.000000 0.019176
393.000000 0.018720
394.000000 0.018528
395.000000 0.018434
396.000000 0.018560
397.000000 0.018001
398.000000 0.018331
399.000000 0.017688
400.000000 0.018085
401.000000 0.017838
402.000000 0.017429
403.000000 0.017094
404.000000 0.017348
405.000000 0.017072
406.000000 0.016761
407.000000 0.016346
408.000000 0.016926
409.000000 0.016759
410.000000 0.016308
411.000000 0.016430
412.000000 0.015874
413.000000 0.016227
414.000000 0.015783
415.000000 0.015722
416.000000 0.015228
417.000000 0.015211
418.000000 0.015211
419.000000 0.014981
420.000000 0.015154
421.000000 0.015238
422.000000 0.015244
423.000000 0.014855
424.000000 0.015101
425.000000 0.014758
426.000000 0.014097
427.000000 0.014343
428.000000 0.014653
429.000000 0.013936
430.000000 0.013643
431.000000 0.014457
432.000000 0.013704
433.000000 0.013628
434.000000 0.014056
435.000000 0.014751
436.000000 0.013656
437.000000 0.013128
438.000000 0.012689
439.000000 0.014387
440.000000 0.013695
441.000000 0.013064
442.000000 0.012661
443.000000 0.012899
444.000000 0.012883
445.000000 0.013460
446.000000 0.012619
447.000000 0.012464
448.000000 0.013693
449.000000 0.012549
450.000000 0.012206
451.000000 0.012403
452.000000 0.012657
453.000000 0.012171
454.000000 0.011799
455.000000 0.012220
456.000000 0.012148
457.000000 0.011918
458.000000 0.012962
459.000000 0.012230
460.000000 0.012696
461.000000 0.012671
462.000000 0.012406
463.000000 0.013239
464.000000 0.012537
465.000000 0.011927
466.000000 0.011470
467.000000 0.012304
468.000000 0.012130
469.000000 0.011774
470.000000 0.011796
471.000000 0.011746
472.000000 0.011775
473.000000 0.011573
474.000000 0.012326
475.000000 0.012185
476.000000 0.011840
477.000000 0.012007
478.000000 0.012377
479.000000 0.012714
480.000000 0.013268
481.000000 0.013401
482.000000 0.013260
483.000000 0.012940
484.000000 0.012909
485.000000 0.012672
486.000000 0.012551
487.000000 0.012179
488.000000 0.012477
489.000000 0.013055
490.000000 0.012637
491.000000 0.012433
492.000000 0.012614
493.000000 0.012633
494.000000 0.012847
495.000000 0.012833
496.000000 0.012971
497.000000 0.012892
498.000000 0.013071
499.000000 0.013213
500.000000 0.013618
501.000000 0.014291
502.000000 0.014862
503.000000 0.015550
504.000000 0.015714
505.000000 0.016197
506.000000 0.015882
507.000000 0.015779
508.000000 0.015576
509.000000 0.015597
510.000000 0.015406
511.000000 0.015212
512.000000 0.015197
513.000000 0.015283
514.000000 0.015243
515.000000 0.015388
516.000000 0.015471
517.000000 0.015543
518.000000 0.015809
519.000000 0.015989
520.000000 0.016285
521.000000 0.016317
522.000000 0.016487
523.000000 0.016932
524.000000 0.017285
525.000000 0.018026
526.000000 0.018515
527.000000 0.018818
528.000000 0.019469
529.000000 0.019723
530.000000 0.020177
531.000000 0.020519
532.000000 0.020810
533.000000 0.020924
534.000000 0.021011
535.000000 0.020796
536.000000 0.020704
537.000000 0.020627
538.000000 0.020804
539.000000 0.020923
540.000000 0.020996
541.000000 0.021194
542.000000 0.021683
543.000000 0.022002
544.000000 0.022213
545.000000 0.022504
546.000000 0.022581
547.000000 0.022742
548.000000 0.022923
549.000000 0.023079
550.000000 0.023062
551.000000 0.023137
552.000000 0.023311
553.000000 0.023675
554.000000 0.023718
555.000000 0.023830
556.000000 0.024069
557.000000 0.024468
558.000000 0.024889
559.000000 0.025316
560.000000 0.025838
561.000000 0.026367
562.000000 0.026867
563.000000 0.027412
564.000000 0.027894
565.000000 0.028190
566.000000 0.028362
567.000000 0.028598
568.000000 0.028957
569.000000 0.029230
570.000000 0.029543
571.000000 0.029874
572.000000 0.030160
573.000000 0.030158
574.000000 0.030161
575.000000 0.030112
576.000000 0.029912
577.000000 0.029710
578.000000 0.029490
579.000000 0.029287
580.000000 0.029016
581.000000 0.028670
582.000000 0.028406
583.000000 0.028191
584.000000 0.028021
585.000000 0.027973
586.000000 0.027805
587.000000 0.027765
588.000000 0.027651
589.000000 0.027691
590.000000 0.027809
591.000000 0.027982
592.000000 0.028306
593.000000 0.028671
594.000000 0.028874
595.000000 0.029282
596.000000 0.029705
597.000000 0.030189
598.000000 0.030671
599.000000 0.031132
600.000000 0.031500
601.000000 0.031675
602.000000 0.031736
603.000000 0.031657
604.000000 0.031461
605.000000 0.031220
606.000000 0.030891
607.000000 0.030509
608.000000 0.030061
609.000000 0.029572
610.000000 0.029070
611.000000 0.028608
612.000000 0.028197
613.000000 0.027719
614.000000 0.027224
615.000000 0.026772
616.000000 0.026389
617.000000 0.026044
618.000000 0.025661
619.000000 0.025298
620.000000 0.025022
621.000000 0.024756
622.000000 0.024446
623.000000 0.024185
624.000000 0.023918
625.000000 0.023649
626.000000 0.023367
627.000000 0.023064
628.000000 0.024063
629.000000 0.022467
630.000000 0.022139
631.000000 0.021852
632.000000 0.021591
633.000000 0.021247
634.000000 0.020943
635.000000 0.020613
636.000000 0.020295
637.000000 0.019940
638.000000 0.019607
639.000000 0.019265
640.000000 0.018911
641.000000 0.018556
642.000000 0.018254
643.000000 0.017959
644.000000 0.017668
645.000000 0.017400
646.000000 0.017144
647.000000 0.016923
648.000000 0.016633
649.000000 0.016366
650.000000 0.016127
651.000000 0.015929
652.000000 0.015674
653.000000 0.015426
654.000000 0.015199
655.000000 0.014963
656.000000 0.014748
657.000000 0.014497
658.000000 0.014261
659.000000 0.014040
660.000000 0.013829
661.000000 0.013612
662.000000 0.013410
663.000000 0.013201
664.000000 0.012980
665.000000 0.012751
666.000000 0.012516
667.000000 0.012266
668.000000 0.012031
669.000000 0.011794
670.000000 0.011570
671.000000 0.011327
672.000000 0.011104
673.000000 0.010887
674.000000 0.010697
675.000000 0.010483
676.000000 0.010294
677.000000 0.010095
678.000000 0.009916
679.000000 0.009732
680.000000 0.009569
681.000000 0.009428
682.000000 0.009313
683.000000 0.009189
684.000000 0.009083
685.000000 0.008968
686.000000 0.008822
687.000000 0.806334
688.000000 0.008615
689.000000 0.008407
690.000000 0.077337
691.000000 0.007994
692.000000 0.010476
693.000000 0.007610
694.000000 0.007452
695.000000 0.007298
696.000000 0.007136
697.000000 0.006983
698.000000 0.006818
699.000000 0.006687
700.000000 0.006566
701.000000 0.006452
702.000000 0.006347
703.000000 0.006255
704.000000 0.006177
705.000000 0.006099
706.000000 0.006036
707.000000 0.005963
708.000000 0.005906
709.000000 0.005829
710.000000 0.005772
711.000000 0.005723
712.000000 0.005674
713.000000 0.005639
714.000000 0.005628
715.000000 0.005607
716.000000 0.005563
717.000000 0.005496
718.000000 0.005402
719.000000 0.005284
720.000000 0.005150
721.000000 0.005017
722.000000 0.004901
723.000000 0.004803
724.000000 0.004720
725.000000 0.004649
726.000000 0.004600
727.000000 0.004494
728.000000 0.004405
729.000000 0.004318
730.000000 0.004241
731.000000 0.004174
732.000000 0.004123
733.000000 0.004078
734.000000 0.004048
735.000000 0.004025
736.000000 0.004005
737.000000 0.003985
738.000000 0.003963
739.000000 0.003949
740.000000 0.003939
741.000000 0.003938
742.000000 0.003949
743.000000 0.003972
744.000000 0.004008
745.000000 0.004044
746.000000 0.004079
747.000000 0.004080
748.000000 0.004058
749.000000 0.004008
750.000000 0.003919
751.000000 0.003801
752.000000 0.003670
753.000000 0.003539
754.000000 0.003422
755.000000 0.003321
756.000000 0.003236
757.000000 0.003163
758.000000 0.003100
759.000000 0.003051
760.000000 0.003644
761.000000 0.009250
762.000000 0.004020
763.000000 0.007178
764.000000 0.002966
765.000000 0.004036
766.000000 0.005866
767.000000 0.002887
768.000000 0.003415
769.000000 0.002820
770.000000 0.002819
771.000000 0.002833
772.000000 0.002858
773.000000 0.002896
774.000000 0.002957
775.000000 0.003010
776.000000 0.003076
777.000000 0.003137
778.000000 0.003181
779.000000 0.003199
780.000000 0.003183
781.000000 0.003137
782.000000 0.003062
783.000000 0.002965
784.000000 0.002867
785.000000 0.002771
786.000000 0.002686
787.000000 0.002610
788.000000 0.002546
789.000000 0.002490
790.000000 0.002439
791.000000 0.002392
792.000000 0.002342
793.000000 0.002295
794.000000 0.002249
795.000000 0.002209
796.000000 0.002178
797.000000 0.002149
798.000000 0.002130
799.000000 0.002111
800.000000 0.002092
801.000000 0.002077
802.000000 0.002095
803.000000 0.002056
804.000000 0.002052
805.000000 0.002054
806.000000 0.002067
807.000000 0.002093
808.000000 0.002130
809.000000 0.002173
810.000000 0.002219
811.000000 0.002266
812.000000 0.002315
813.000000 0.002361
814.000000 0.002405
815.000000 0.002437
816.000000 0.002453
817.000000 0.002453
818.000000 0.002953
819.000000 0.002391
820.000000 0.002327
821.000000 0.002254
822.000000 0.002168
823.000000 0.002076
824.000000 0.001977
825.000000 0.001912
826.000000 0.001886
827.000000 0.001771
828.000000 0.001715
829.000000 0.001699
830.000000 0.001631
831.000000 0.001596
832.000000 0.001565
833.000000 0.001541
834.000000 0.001526
835.000000 0.001507
836.000000 0.001498
837.000000 0.001486
838.000000 0.001481
839.000000 0.001477
840.000000 0.001476
841.000000 0.001477
842.000000 0.001483
843.000000 0.001492
844.000000 0.001504
845.000000 0.001518
846.000000 0.001536
847.000000 0.001563
848.000000 0.001598
849.000000 0.001643
850.000000 0.001701
851.000000 0.001764
852.000000 0.001828
853.000000 0.001872
854.000000 0.001875
855.000000 0.001846
856.000000 0.001808
857.000000 0.001766
858.000000 0.001724
859.000000 0.001679
860.000000 0.001630
861.000000 0.001576
862.000000 0.001515
863.000000 0.001452
864.000000 0.001401
865.000000 0.001357
866.000000 0.001319
867.000000 0.001284
868.000000 0.001253
869.000000 0.001227
870.000000 0.001206
871.000000 0.001185
872.000000 0.001168
873.000000 0.001155
874.000000 0.001144
875.000000 0.001136
876.000000 0.001130
877.000000 0.001126
878.000000 0.001125
879.000000 0.001124
880.000000 0.001123
881.000000 0.001134
882.000000 0.001140
883.000000 0.001146
884.000000 0.001156
885.000000 0.001161
886.000000 0.001175
887.000000 0.001188
888.000000 0.001190
889.000000 0.001187
890.000000 0.001185
891.000000 0.001171
892.000000 0.001151
893.000000 0.001155
894.000000 0.001202
895.000000 0.001201
896.000000 0.001219
897.000000 0.001234
898.000000 0.001239
899.000000 0.001230
900.000000 0.001210
901.000000 0.001188
902.000000 0.001160
903.000000 0.001129
904.000000 0.001106
905.000000 0.001072
906.000000 0.001049
907.000000 0.001027
908.000000 0.001002
909.000000 0.000979
910.000000 0.000962
911.000000 0.000961
912.000000 0.000934
913.000000 0.000922
914.000000 0.000911
915.000000 0.000908
916.000000 0.000908
917.000000 0.000850
918.000000 0.000923
919.000000 0.000871
920.000000 0.000868
921.000000 0.000866
922.000000 0.000861
923.000000 0.000856
924.000000 0.000852
925.000000 0.000868
926.000000 0.000851
927.000000 0.000850
928.000000 0.001128
929.000000 0.000854
930.000000 0.000848
931.000000 0.000849
932.000000 0.000837
933.000000 0.000833
934.000000 0.000826
935.000000 0.000828
936.000000 0.000834
937.000000 0.000845
938.000000 0.065845
939.000000 0.001034
940.000000 0.000900
941.000000 0.000933
942.000000 0.001016
943.000000 0.001679
944.000000 0.000979
945.000000 0.000993
946.000000 0.000953
947.000000 0.000925
948.000000 0.000893
949.000000 0.000888
950.000000 0.000912
951.000000 0.000824
952.000000 0.000876
953.000000 0.000781
954.000000 0.000767
955.000000 0.000893
956.000000 0.000764
957.000000 0.000805
958.000000 0.000754
959.000000 0.000740
960.000000 0.000732
961.000000 0.000723
962.000000 0.000717
963.000000 0.000714
964.000000 0.000711
965.000000 0.000708
966.000000 0.000703
967.000000 0.000699
968.000000 0.000688
969.000000 0.000712
970.000000 0.000682
971.000000 0.000673
972.000000 0.000678
973.000000 0.000663
974.000000 0.000697
975.000000 0.000657
976.000000 0.000654
977.000000 0.000675
978.000000 0.000647
979.000000 0.000644
980.000000 0.000641
981.000000 0.000641
982.000000 0.000642
983.000000 0.000645
984.000000 0.000644
985.000000 0.000646
986.000000 0.000665
987.000000 0.000662
988.000000 0.000676
989.000000 0.000688
990.000000 0.000708
991.000000 0.000794
992.000000 0.000821
993.000000 0.000752
994.000000 0.000752
995.000000 0.000744
996.000000 0.000705
997.000000 0.000663
998.000000 0.000663
999.000000 0.000640
1000.000000 0.000631
The optical depth at z= 24.000000
1.000000 0.000000
2.000000 0.000000
3.000000 0.000000
4.000000 0.000000
5.000000 74521.985028
6.000000 108940.487629
7.000000 428658.138307
8.000000 573035.856707
9.000000 737068.109052
10.000000 938108.469492
11.000000 1165016.624037
12.000000 1420265.602759
13.000000 1693088.534042
14.000000 2004476.938722
15.000000 2347639.211321
16.000000 2683016.143615
17.000000 3062204.223112
18.000000 3430706.908056
19.000000 3846785.897118
20.000000 4363640.737845
21.000000 4938452.272437
22.000000 5409893.077723
23.000000 5909014.866564
24.000000 6482528.816620
25.000000 6822485.729658
26.000000 7140817.049845
27.000000 7357075.172056
28.000000 7625235.099485
29.000000 7900191.839559
30.000000 8146107.002698
31.000000 8356187.293412
32.000000 8813571.246664
33.000000 9276001.794378
34.000000 9564345.125467
35.000000 10393982.961544
36.000000 10889196.297227
37.000000 11383140.007367
38.000000 11889982.013087
39.000000 12469084.153527
40.000000 12968787.908791
41.000000 13703408.689621
42.000000 13999139.130967
43.000000 14449507.975573
44.000000 14762261.957889
45.000000 14742776.852879
46.000000 14811842.507231
47.000000 14892507.126918
48.000000 15212851.250116
49.000000 15315784.131110
50.000000 15358317.654227
51.000000 15609387.748224
52.000000 16186382.085237
53.000000 16526363.093462
54.000000 16332861.952266
55.000000 16094323.275115
56.000000 15658125.602858
57.000000 15292286.878487
58.000000 15083779.511141
59.000000 15098781.615384
60.000000 15280434.069077
61.000000 15513934.049132
62.000000 15799254.236776
63.000000 15833550.027937
64.000000 15877780.208591
65.000000 16285031.676560
66.000000 16134599.845042
67.000000 16374946.944583
68.000000 16344014.026155
69.000000 16332531.749570
70.000000 16477161.180889
71.000000 16639905.604987
72.000000 16821653.294609
73.000000 17026855.056758
74.000000 17395149.078179
75.000000 17761731.998573
76.000000 17948545.652671
77.000000 18105536.480138
78.000000 17870818.055162
79.000000 17227088.578229
80.000000 16589232.719427
81.000000 15895801.297135
82.000000 15202635.428784
83.000000 15284373.196542
84.000000 17175653.432875
85.000000 19067269.206437
86.000000 20957395.546337
87.000000 22846735.747361
88.000000 24737334.988079
89.000000 25789508.109526
90.000000 25583370.898004
91.000000 25369643.784510
92.000000 25416715.762513
93.000000 26532293.463140
94.000000 27636653.392966
95.000000 28735979.255290
96.000000 27568192.183335
97.000000 24872480.092775
98.000000 22177922.912218
99.000000 19483740.415658
100.000000 15680271.450355
101.000000 11595429.794055
102.000000 7518322.756877
103.000000 3426444.943178
104.000000 2769507.596596
105.000000 2113451.735299
106.000000 1459757.688150
107.000000 801927.283277
108.000000 144902.098745
109.000000 94348.699285
110.000000 36208.500582
111.000000 6878.933071
112.000000 150067.665882
113.000000 29332.840832
114.000000 12093.456832
115.000000 99609.794220
116.000000 9365.582420
117.000000 31231.774119
118.000000 26807.941233
119.000000 6183.877455
120.000000 207714.753478
121.000000 294676.206554
122.000000 12905.457189
123.000000 46974.560624
124.000000 24654.595659
125.000000 170081.502501
126.000000 49823.429240
127.000000 10269.693819
128.000000 32901.001891
129.000000 64303.704467
130.000000 70860.049445
131.000000 82386.801872
132.000000 138505.946218
133.000000 240512.177647
134.000000 296440.328904
135.000000 678051.099542
136.000000 1080511.742136
137.000000 1355942.676449
138.000000 1631441.201252
139.000000 1760228.917996
140.000000 1688935.549646
141.000000 1640740.655529
142.000000 1730067.372669
143.000000 1819406.407338
144.000000 1809254.669638
145.000000 1764151.051556
146.000000 1719046.807543
147.000000 1673939.697046
148.000000 1628827.653785
149.000000 1502137.869166
150.000000 1543251.709713
151.000000 1433202.710355
152.000000 1323155.027249
153.000000 1213107.352024
154.000000 1096613.539908
155.000000 1002332.748542
156.000000 898073.342137
157.000000 818384.734627
158.000000 737677.868326
159.000000 648894.553497
160.000000 585138.403383
161.000000 513504.731362
162.000000 441863.757422
163.000000 373275.065380
164.000000 306713.808661
165.000000 268903.959340
166.000000 231096.677676
167.000000 193285.341110
168.000000 155984.852014
169.000000 127042.324609
170.000000 98098.030246
171.000000 91010.307656
172.000000 70806.185631
173.000000 54695.363469
174.000000 43202.507990
175.000000 31709.680830
176.000000 23134.511936
177.000000 16384.567494
178.000000 13251.188527
179.000000 11704.916236
180.000000 7542.337465
181.000000 494.266391
182.000000 2513.770562
183.000000 164.679935
184.000000 874.837950
185.000000 236.034845
186.000000 72.943164
187.000000 82.243083
188.000000 13.166640
189.000000 42.156197
190.000000 7.196201
191.000000 12.719398
192.000000 12.481679
193.000000 11.157643
194.000000 4.524984
195.000000 88.549554
196.000000 12.041006
197.000000 2.131371
198.000000 2.432903
199.000000 2.536026
200.000000 4.743505
201.000000 3.645194
202.000000 2.400954
203.000000 2.336204
204.000000 2.448771
205.000000 2.564101
206.000000 2.650979
207.000000 2.764638
208.000000 2.910430
209.000000 3.074146
210.000000 3.285472
211.000000 3.518844
212.000000 3.795072
213.000000 4.134438
214.000000 4.482188
215.000000 4.932357
216.000000 5.367186
217.000000 5.904684
218.000000 6.466797
219.000000 7.085553
220.000000 7.790149
221.000000 8.492230
222.000000 9.356887
223.000000 10.217895
224.000000 11.156411
225.000000 12.166118
226.000000 13.174596
227.000000 14.341552
228.000000 15.511798
229.000000 16.779541
230.000000 18.168296
231.000000 19.587925
232.000000 20.639684
233.000000 22.267492
234.000000 23.422175
235.000000 25.019849
236.000000 26.357968
237.000000 27.884495
238.000000 29.395347
239.000000 30.685395
240.000000 32.637825
241.000000 33.665338
242.000000 35.187901
243.000000 36.371468
244.000000 37.980712
245.000000 38.548535
246.000000 40.348373
247.000000 40.736295
248.000000 41.901000
249.000000 43.252424
250.000000 43.757410
251.000000 43.431091
252.000000 45.107495
253.000000 44.414294
254.000000 45.195976
255.000000 44.979210
256.000000 45.093046
257.000000 44.201100
258.000000 43.771167
259.000000 44.821460
260.000000 41.959290
261.000000 42.843028
262.000000 41.060016
263.000000 40.014631
264.000000 38.983918
265.000000 37.746176
266.000000 36.974544
267.000000 34.490378
268.000000 34.136644
269.000000 31.570156
270.000000 31.265111
271.000000 28.855008
272.000000 27.880023
273.000000 25.971671
274.000000 23.972323
275.000000 22.892220
276.000000 21.033094
277.000000 19.691426
278.000000 18.179386
279.000000 16.777073
280.000000 15.687739
281.000000 14.204750
282.000000 12.562467
283.000000 11.635310
284.000000 10.585880
285.000000 9.593579
286.000000 8.692112
287.000000 7.837500
288.000000 6.862532
289.000000 6.178797
290.000000 5.510882
291.000000 4.967473
292.000000 4.286087
293.000000 3.885160
294.000000 3.352119
295.000000 3.015194
296.000000 2.607384
297.000000 2.313370
298.000000 1.977575
299.000000 1.777498
300.000000 1.525045
301.000000 1.339614
302.000000 1.182217
303.000000 1.013418
304.000000 0.916441
305.000000 0.781013
306.000000 0.694317
307.000000 0.612298
308.000000 0.530731
309.000000 0.488031
310.000000 0.400774
311.000000 0.365170
312.000000 0.300471
313.000000 0.259602
314.000000 0.247302
315.000000 0.199151
316.000000 0.190355
317.000000 0.159828
318.000000 0.154816
319.000000 0.112775
320.000000 0.134746
321.000000 0.088234
322.000000 0.102339
323.000000 0.093735
324.000000 0.059259
325.000000 0.088326
326.000000 0.060173
327.000000 0.048199
328.000000 0.070492
329.000000 0.041929
330.000000 0.037292
331.000000 0.049116
332.000000 0.036006
333.000000 0.033105
334.000000 0.041264
335.000000 0.029971
336.000000 0.027117
337.000000 0.030831
338.000000 0.029125
339.000000 0.025406
340.000000 0.026951
341.000000 0.025206
342.000000 0.023321
343.000000 0.023123
344.000000 0.025954
345.000000 0.023042
346.000000 0.022165
347.000000 0.021742
348.000000 0.021461
349.000000 0.020924
350.000000 0.020501
351.000000 0.020457
352.000000 0.020631
353.000000 0.019800
354.000000 0.019700
355.000000 0.019621
356.000000 0.019089
357.000000 0.019295
358.000000 0.018913
359.000000 0.018485
360.000000 0.018418
361.000000 0.018390
362.000000 0.018039
363.000000 0.017898
364.000000 0.017617
365.000000 0.017810
366.000000 0.017529
367.000000 0.017214
368.000000 0.017154
369.000000 0.016924
370.000000 0.016780
371.000000 0.016467
372.000000 0.016719
373.000000 0.016381
374.000000 0.016211
375.000000 0.015944
376.000000 0.016091
377.000000 0.015841
378.000000 0.015528
379.000000 0.015415
380.000000 0.015624
381.000000 0.015300
382.000000 0.015116
383.000000 0.014876
384.000000 0.014968
385.000000 0.014857
386.000000 0.014599
387.000000 0.014473
388.000000 0.014471
389.000000 0.014336
390.000000 0.014204
391.000000 0.014039
392.000000 0.014089
393.000000 0.013728
394.000000 0.013584
395.000000 0.013522
396.000000 0.013643
397.000000 0.013198
398.000000 0.013486
399.000000 0.012972
400.000000 0.013315
401.000000 0.013125
402.000000 0.012800
403.000000 0.012538
404.000000 0.012763
405.000000 0.012548
406.000000 0.012306
407.000000 0.011976
408.000000 0.012468
409.000000 0.012344
410.000000 0.011983
411.000000 0.012097
412.000000 0.011650
413.000000 0.011959
414.000000 0.011603
415.000000 0.011563
416.000000 0.011165
417.000000 0.011160
418.000000 0.011173
419.000000 0.010997
420.000000 0.011152
421.000000 0.011232
422.000000 0.011245
423.000000 0.010933
424.000000 0.011143
425.000000 0.010868
426.000000 0.010331
427.000000 0.010546
428.000000 0.010814
429.000000 0.010235
430.000000 0.010003
431.000000 0.010682
432.000000 0.010067
433.000000 0.010011
434.000000 0.010375
435.000000 0.010957
436.000000 0.010065
437.000000 0.009637
438.000000 0.009278
439.000000 0.010683
440.000000 0.010111
441.000000 0.009590
442.000000 0.009259
443.000000 0.009463
444.000000 0.009463
445.000000 0.009955
446.000000 0.009274
447.000000 0.009156
448.000000 0.010174
449.000000 0.009233
450.000000 0.008947
451.000000 0.009114
452.000000 0.009331
453.000000 0.008940
454.000000 0.008641
455.000000 0.008994
456.000000 0.008931
457.000000 0.008731
458.000000 0.009584
459.000000 0.008969
460.000000 0.009345
461.000000 0.009321
462.000000 0.009106
463.000000 0.009808
464.000000 0.009248
465.000000 0.008762
466.000000 0.008397
467.000000 0.009085
468.000000 0.008939
469.000000 0.008638
470.000000 0.008655
471.000000 0.008618
472.000000 0.008649
473.000000 0.008490
474.000000 0.009115
475.000000 0.008992
476.000000 0.008692
477.000000 0.008809
478.000000 0.009091
479.000000 0.009344
480.000000 0.009775
481.000000 0.009865
482.000000 0.009740
483.000000 0.009480
484.000000 0.009472
485.000000 0.009300
486.000000 0.009222
487.000000 0.008929
488.000000 0.009179
489.000000 0.009648
490.000000 0.009294
491.000000 0.009116
492.000000 0.009263
493.000000 0.009281
494.000000 0.009460
495.000000 0.009449
496.000000 0.009555
497.000000 0.009473
498.000000 0.009595
499.000000 0.009678
500.000000 0.009975
501.000000 0.010492
502.000000 0.010923
503.000000 0.011453
504.000000 0.011561
505.000000 0.011944
506.000000 0.011682
507.000000 0.011608
508.000000 0.011460
509.000000 0.011498
510.000000 0.011357
511.000000 0.011205
512.000000 0.011191
513.000000 0.011252
514.000000 0.011205
515.000000 0.011312
516.000000 0.011367
517.000000 0.011416
518.000000 0.011627
519.000000 0.011767
520.000000 0.012000
521.000000 0.012008
522.000000 0.012126
523.000000 0.012465
524.000000 0.012725
525.000000 0.013300
526.000000 0.013663
527.000000 0.013872
528.000000 0.014369
529.000000 0.014539
530.000000 0.014880
531.000000 0.015135
532.000000 0.015355
533.000000 0.015438
534.000000 0.015505
535.000000 0.015332
536.000000 0.015262
537.000000 0.015204
538.000000 0.015350
539.000000 0.015440
540.000000 0.015485
541.000000 0.015628
542.000000 0.016008
543.000000 0.016247
544.000000 0.016399
545.000000 0.016621
546.000000 0.016669
547.000000 0.016790
548.000000 0.016930
549.000000 0.017049
550.000000 0.017026
551.000000 0.017078
552.000000 0.017209
553.000000 0.017497
554.000000 0.017516
555.000000 0.017589
556.000000 0.017762
557.000000 0.018064
558.000000 0.018377
559.000000 0.018691
560.000000 0.019080
561.000000 0.019475
562.000000 0.019849
563.000000 0.020262
564.000000 0.020628
565.000000 0.020845
566.000000 0.020962
567.000000 0.021135
568.000000 0.021408
569.000000 0.021611
570.000000 0.021846
571.000000 0.022098
572.000000 0.022315
573.000000 0.022300
574.000000 0.022297
575.000000 0.022262
576.000000 0.022109
577.000000 0.021960
578.000000 0.021800
579.000000 0.021655
580.000000 0.021456
581.000000 0.021193
582.000000 0.020997
583.000000 0.020839
584.000000 0.020714
585.000000 0.020688
586.000000 0.020558
587.000000 0.020531
588.000000 0.020438
589.000000 0.020470
590.000000 0.020561
591.000000 0.020690
592.000000 0.020937
593.000000 0.021210
594.000000 0.021345
595.000000 0.021644
596.000000 0.021956
597.000000 0.022318
598.000000 0.022676
599.000000 0.023025
600.000000 0.023302
601.000000 0.023432
602.000000 0.023476
603.000000 0.023416
604.000000 0.023268
605.000000 0.023089
606.000000 0.022845
607.000000 0.022564
608.000000 0.022233
609.000000 0.021870
610.000000 0.021497
611.000000 0.021158
612.000000 0.020861
613.000000 0.020505
614.000000 0.020135
615.000000 0.019797
616.000000 0.019513
617.000000 0.019261
618.000000 0.018974
619.000000 0.018702
620.000000 0.018499
621.000000 0.018304
622.000000 0.018070
623.000000 0.017877
624.000000 0.017678
625.000000 0.017479
626.000000 0.017269
627.000000 0.017044
628.000000 0.017665
629.000000 0.016602
630.000000 0.016357
631.000000 0.016143
632.000000 0.015949
633.000000 0.015698
634.000000 0.015474
635.000000 0.015231
636.000000 0.014998
637.000000 0.014734
638.000000 0.014489
639.000000 0.014236
640.000000 0.013973
641.000000 0.013709
642.000000 0.013487
643.000000 0.013270
644.000000 0.013051
645.000000 0.012853
646.000000 0.012662
647.000000 0.012503
648.000000 0.012285
649.000000 0.012085
650.000000 0.011906
651.000000 0.011761
652.000000 0.011569
653.000000 0.011384
654.000000 0.011217
655.000000 0.011041
656.000000 0.010884
657.000000 0.010696
658.000000 0.010521
659.000000 0.010357
660.000000 0.010201
661.000000 0.010040
662.000000 0.009890
663.000000 0.009735
664.000000 0.009570
665.000000 0.009402
666.000000 0.009229
667.000000 0.009042
668.000000 0.008869
669.000000 0.008694
670.000000 0.008529
671.000000 0.008348
672.000000 0.008183
673.000000 0.008021
674.000000 0.007883
675.000000 0.007722
676.000000 0.007582
677.000000 0.007433
678.000000 0.007302
679.000000 0.007165
680.000000 0.007043
681.000000 0.006940
682.000000 0.006855
683.000000 0.006761
684.000000 0.006683
685.000000 0.006599
686.000000 0.006490
687.000000 0.606194
688.000000 0.006306
689.000000 0.006157
690.000000 0.051378
691.000000 0.005865
692.000000 0.007245
693.000000 0.005591
694.000000 0.005474
695.000000 0.005361
696.000000 0.005240
697.000000 0.005126
698.000000 0.005003
699.000000 0.004906
700.000000 0.004817
701.000000 0.004732
702.000000 0.004654
703.000000 0.004587
704.000000 0.004529
705.000000 0.004471
706.000000 0.004425
707.000000 0.004370
708.000000 0.004328
709.000000 0.004270
710.000000 0.004228
711.000000 0.004192
712.000000 0.004155
713.000000 0.004129
714.000000 0.004120
715.000000 0.004104
716.000000 0.004071
717.000000 0.004021
718.000000 0.003952
719.000000 0.003864
720.000000 0.003765
721.000000 0.003668
722.000000 0.003582
723.000000 0.003510
724.000000 0.003448
725.000000 0.003395
726.000000 0.003360
727.000000 0.003280
728.000000 0.003215
729.000000 0.003150
730.000000 0.003093
731.000000 0.003044
732.000000 0.003006
733.000000 0.002972
734.000000 0.002950
735.000000 0.002933
736.000000 0.002919
737.000000 0.002904
738.000000 0.002887
739.000000 0.002877
740.000000 0.002869
741.000000 0.002869
742.000000 0.002877
743.000000 0.002894
744.000000 0.002921
745.000000 0.002947
746.000000 0.002974
747.000000 0.002974
748.000000 0.002957
749.000000 0.002920
750.000000 0.002855
751.000000 0.002768
752.000000 0.002672
753.000000 0.002575
754.000000 0.002489
755.000000 0.002415
756.000000 0.002352
757.000000 0.002298
758.000000 0.002251
759.000000 0.002214
760.000000 0.002582
761.000000 0.006336
762.000000 0.002689
763.000000 0.004325
764.000000 0.002130
765.000000 0.002779
766.000000 0.004351
767.000000 0.002082
768.000000 0.002391
769.000000 0.002043
770.000000 0.002043
771.000000 0.002053
772.000000 0.002072
773.000000 0.002100
774.000000 0.002145
775.000000 0.002184
776.000000 0.002233
777.000000 0.002278
778.000000 0.002310
779.000000 0.002324
780.000000 0.002312
781.000000 0.002279
782.000000 0.002223
783.000000 0.002152
784.000000 0.002079
785.000000 0.002009
786.000000 0.001946
787.000000 0.001891
788.000000 0.001843
789.000000 0.001801
790.000000 0.001764
791.000000 0.001729
792.000000 0.001692
793.000000 0.001657
794.000000 0.001624
795.000000 0.001594
796.000000 0.001571
797.000000 0.001550
798.000000 0.001536
799.000000 0.001522
800.000000 0.001508
801.000000 0.001497
802.000000 0.001511
803.000000 0.001482
804.000000 0.001478
805.000000 0.001480
806.000000 0.001490
807.000000 0.001509
808.000000 0.001537
809.000000 0.001568
810.000000 0.001602
811.000000 0.001637
812.000000 0.001673
813.000000 0.001707
814.000000 0.001740
815.000000 0.001763
816.000000 0.001776
817.000000 0.001776
818.000000 0.002160
819.000000 0.001729
820.000000 0.001683
821.000000 0.001630
822.000000 0.001566
823.000000 0.001499
824.000000 0.001426
825.000000 0.001378
826.000000 0.001350
827.000000 0.001274
828.000000 0.001232
829.000000 0.001215
830.000000 0.001170
831.000000 0.001144
832.000000 0.001121
833.000000 0.001104
834.000000 0.001093
835.000000 0.001079
836.000000 0.001072
837.000000 0.001063
838.000000 0.001059
839.000000 0.001056
840.000000 0.001056
841.000000 0.001057
842.000000 0.001061
843.000000 0.001068
844.000000 0.001077
845.000000 0.001088
846.000000 0.001101
847.000000 0.001121
848.000000 0.001147
849.000000 0.001180
850.000000 0.001223
851.000000 0.001269
852.000000 0.001317
853.000000 0.001349
854.000000 0.001351
855.000000 0.001331
856.000000 0.001303
857.000000 0.001272
858.000000 0.001241
859.000000 0.001208
860.000000 0.001172
861.000000 0.001132
862.000000 0.001088
863.000000 0.001041
864.000000 0.001003
865.000000 0.000971
866.000000 0.000943
867.000000 0.000917
868.000000 0.000895
869.000000 0.000875
870.000000 0.000859
871.000000 0.000844
872.000000 0.000831
873.000000 0.000822
874.000000 0.000814
875.000000 0.000808
876.000000 0.000804
877.000000 0.000800
878.000000 0.000800
879.000000 0.000799
880.000000 0.000798
881.000000 0.000806
882.000000 0.000811
883.000000 0.000815
884.000000 0.000822
885.000000 0.000826
886.000000 0.000837
887.000000 0.000846
888.000000 0.000848
889.000000 0.000846
890.000000 0.000844
891.000000 0.000835
892.000000 0.000820
893.000000 0.000823
894.000000 0.000860
895.000000 0.000856
896.000000 0.000870
897.000000 0.000881
898.000000 0.000885
899.000000 0.000879
900.000000 0.000865
901.000000 0.000849
902.000000 0.000828
903.000000 0.000806
904.000000 0.000789
905.000000 0.000764
906.000000 0.000746
907.000000 0.000730
908.000000 0.000712
909.000000 0.000696
910.000000 0.000683
911.000000 0.000680
912.000000 0.000662
913.000000 0.000653
914.000000 0.000644
915.000000 0.000643
916.000000 0.000644
917.000000 0.000601
918.000000 0.000658
919.000000 0.000615
920.000000 0.000613
921.000000 0.000611
922.000000 0.000608
923.000000 0.000604
924.000000 0.000601
925.000000 0.000614
926.000000 0.000601
927.000000 0.000600
928.000000 0.000832
929.000000 0.000604
930.000000 0.000599
931.000000 0.000600
932.000000 0.000591
933.000000 0.000588
934.000000 0.000583
935.000000 0.000585
936.000000 0.000589
937.000000 0.000596
938.000000 0.050557
939.000000 0.000705
940.000000 0.000637
941.000000 0.000660
942.000000 0.000709
943.000000 0.001079
944.000000 0.000695
945.000000 0.000702
946.000000 0.000677
947.000000 0.000657
948.000000 0.000633
949.000000 0.000633
950.000000 0.000635
951.000000 0.000585
952.000000 0.000608
953.000000 0.000552
954.000000 0.000541
955.000000 0.000616
956.000000 0.000538
957.000000 0.000562
958.000000 0.000532
959.000000 0.000521
960.000000 0.000516
961.000000 0.000509
962.000000 0.000505
963.000000 0.000502
964.000000 0.000500
965.000000 0.000498
966.000000 0.000494
967.000000 0.000491
968.000000 0.000483
969.000000 0.000503
970.000000 0.000480
971.000000 0.000473
972.000000 0.000477
973.000000 0.000465
974.000000 0.000484
975.000000 0.000461
976.000000 0.000459
977.000000 0.000476
978.000000 0.000454
979.000000 0.000452
980.000000 0.000450
981.000000 0.000450
982.000000 0.000450
983.000000 0.000453
984.000000 0.000452
985.000000 0.000453
986.000000 0.000469
987.000000 0.000465
988.000000 0.000475
989.000000 0.000484
990.000000 0.000499
991.000000 0.000563
992.000000 0.000582
993.000000 0.000532
994.000000 0.000532
995.000000 0.000526
996.000000 0.000498
997.000000 0.000467
998.000000 0.000467
999.000000 0.000450
1000.000000 0.000444
The optical depth at z= 26.000000
1.000000 0.000000
2.000000 0.000000
3.000000 0.000000
4.000000 0.000000
5.000000 54583.118886
6.000000 79792.716009
7.000000 313967.752220
8.000000 419716.235258
9.000000 539860.550752
10.000000 687111.200143
11.000000 853308.542786
12.000000 1040263.927950
13.000000 1240091.240607
14.000000 1468165.567283
15.000000 1719512.449871
16.000000 1965157.012107
17.000000 2242890.748601
18.000000 2512798.043638
19.000000 2817552.273534
20.000000 3196119.090388
21.000000 3617135.885620
22.000000 3962439.500212
23.000000 4328017.865969
24.000000 4748084.253935
25.000000 4997083.401961
26.000000 5230243.035248
27.000000 5388639.854077
28.000000 5585051.798539
29.000000 5786442.025562
30.000000 5966560.909839
31.000000 6120432.839081
32.000000 6455440.597131
33.000000 6794144.713701
34.000000 7005339.833104
35.000000 7613002.400170
36.000000 7975718.034847
37.000000 8337503.737853
38.000000 8708736.734716
39.000000 9132896.135502
40.000000 9498900.739796
41.000000 10036968.734167
42.000000 10253574.527268
43.000000 10583444.130722
44.000000 10812518.684085
45.000000 10798246.998698
46.000000 10848833.660437
47.000000 10907915.946804
48.000000 11142549.827868
49.000000 11217942.353385
50.000000 11249095.760981
51.000000 11432990.380001
52.000000 11855605.957425
53.000000 12104621.599905
54.000000 11962893.005840
55.000000 11788176.983890
56.000000 11468686.998630
57.000000 11200730.939869
58.000000 11048011.127328
59.000000 11058999.291752
60.000000 11192049.361529
61.000000 11363074.796702
62.000000 11572055.583847
63.000000 11597175.244250
64.000000 11629571.290786
65.000000 11927859.766991
66.000000 11817676.975813
67.000000 11993717.524998
68.000000 11971060.866996
69.000000 11962650.698349
70.000000 12068583.499846
71.000000 12187784.500782
72.000000 12320904.269781
73.000000 12471202.807583
74.000000 12740957.136155
75.000000 13009458.181869
76.000000 13146288.456342
77.000000 13261275.213425
78.000000 13089357.248002
79.000000 12617861.988898
80.000000 12150668.839432
81.000000 11642769.746290
82.000000 11135065.157948
83.000000 11194933.349787
84.000000 12580188.474251
85.000000 13965689.611581
86.000000 15350099.707119
87.000000 16733933.897163
88.000000 18118690.160717
89.000000 18889347.024626
90.000000 18738363.158104
91.000000 18581820.124292
92.000000 18616297.569967
93.000000 19433394.656675
94.000000 20242275.449787
95.000000 21047469.028161
96.000000 20192131.315051
97.000000 18217675.568260
98.000000 16244065.652032
99.000000 14270730.226931
100.000000 11484905.774686
101.000000 8492991.807210
102.000000 5506742.956799
103.000000 2509675.364050
104.000000 2028506.134557
105.000000 1547982.573226
106.000000 1069188.867531
107.000000 587365.934228
108.000000 106135.780626
109.000000 69206.328081
110.000000 26521.211065
111.000000 5028.560980
112.000000 109878.645541
113.000000 21434.756832
114.000000 8854.990428
115.000000 72970.278302
116.000000 6861.223486
117.000000 22876.017893
118.000000 19635.632137
119.000000 4529.620539
120.000000 152139.699768
121.000000 215834.260966
122.000000 9454.421718
123.000000 34406.633087
124.000000 18059.161209
125.000000 124575.285583
126.000000 36493.111771
127.000000 7522.370566
128.000000 24098.480243
129.000000 47099.074759
130.000000 51901.401833
131.000000 60344.506495
132.000000 101448.961292
133.000000 176162.816737
134.000000 217126.843893
135.000000 496635.091782
136.000000 791414.034223
137.000000 993151.485846
138.000000 1194938.216022
139.000000 1289267.957073
140.000000 1237049.637496
141.000000 1201749.503152
142.000000 1267176.226120
143.000000 1332612.098987
144.000000 1325176.591651
145.000000 1292140.751131
146.000000 1259104.472951
147.000000 1226066.122435
148.000000 1193024.128188
149.000000 1100231.062682
150.000000 1130344.734127
151.000000 1049740.102068
152.000000 969136.434931
153.000000 888532.772144
154.000000 803207.669036
155.000000 734152.327023
156.000000 657788.326853
157.000000 599420.916723
158.000000 540307.719497
159.000000 475279.005409
160.000000 428581.325373
161.000000 376113.671567
162.000000 323640.742343
163.000000 273403.446119
164.000000 224651.066958
165.000000 196957.514825
166.000000 169265.845177
167.000000 141571.144667
168.000000 114250.669003
169.000000 93051.878464
170.000000 71851.791322
171.000000 66660.438870
172.000000 51861.992190
173.000000 40061.705544
174.000000 31643.787123
175.000000 23225.901593
176.000000 16945.036259
177.000000 12001.044530
178.000000 9705.969344
179.000000 8429.553447
180.000000 5684.452365
181.000000 372.042252
182.000000 1888.939888
183.000000 121.997032
184.000000 660.035896
185.000000 174.415863
186.000000 54.591886
187.000000 61.808580
188.000000 9.674581
189.000000 31.708532
190.000000 5.294661
191.000000 9.563943
192.000000 9.291110
193.000000 8.352574
194.000000 3.384623
195.000000 65.541221
196.000000 9.061101
197.000000 1.583055
198.000000 1.792453
199.000000 1.867769
200.000000 3.484703
201.000000 2.680301
202.000000 1.769414
203.000000 1.722370
204.000000 1.805716
205.000000 1.891051
206.000000 1.956009
207.000000 2.040670
208.000000 2.149336
209.000000 2.271255
210.000000 2.428509
211.000000 2.602214
212.000000 2.807633
213.000000 3.059866
214.000000 3.318337
215.000000 3.652870
216.000000 3.975949
217.000000 4.375314
218.000000 4.792993
219.000000 5.252701
220.000000 5.776057
221.000000 6.297564
222.000000 6.939727
223.000000 7.579217
224.000000 8.276274
225.000000 9.026180
226.000000 9.775315
227.000000 10.641855
228.000000 11.510921
229.000000 12.452281
230.000000 13.482615
231.000000 14.522788
232.000000 15.316041
233.000000 16.522158
234.000000 17.384975
235.000000 18.572206
236.000000 19.566513
237.000000 20.697713
238.000000 21.818813
239.000000 22.779253
240.000000 24.226813
241.000000 24.989939
242.000000 26.119745
243.000000 26.998001
244.000000 28.193714
245.000000 28.615141
246.000000 29.949395
247.000000 30.239582
248.000000 31.103502
249.000000 32.105636
250.000000 32.481139
251.000000 32.240485
252.000000 33.483158
253.000000 32.969750
254.000000 33.549457
255.000000 33.388072
256.000000 33.474554
257.000000 32.811871
258.000000 32.492078
259.000000 33.271456
260.000000 31.149956
261.000000 31.803417
262.000000 30.480848
263.000000 29.707162
264.000000 28.938615
265.000000 28.023767
266.000000 27.449231
267.000000 25.607344
268.000000 25.342294
269.000000 23.438455
270.000000 23.209178
271.000000 21.421693
272.000000 20.696700
273.000000 19.281891
274.000000 17.799818
275.000000 16.997446
276.000000 15.618328
277.000000 14.622335
278.000000 13.501876
279.000000 12.459963
280.000000 11.648692
281.000000 10.546843
282.000000 9.329145
283.000000 8.641752
284.000000 7.864809
285.000000 7.127864
286.000000 6.457446
287.000000 5.822499
288.000000 5.098064
289.000000 4.589970
290.000000 4.093860
291.000000 3.690333
292.000000 3.185106
293.000000 2.886880
294.000000 2.491300
295.000000 2.240893
296.000000 1.938175
297.000000 1.719547
298.000000 1.470310
299.000000 1.321381
300.000000 1.133989
301.000000 0.996267
302.000000 0.879110
303.000000 0.753908
304.000000 0.681469
305.000000 0.581028
306.000000 0.516407
307.000000 0.455507
308.000000 0.394808
309.000000 0.363056
310.000000 0.298356
311.000000 0.271781
312.000000 0.224568
313.000000 0.194040
314.000000 0.184688
315.000000 0.148886
316.000000 0.142156
317.000000 0.119425
318.000000 0.115511
319.000000 0.084409
320.000000 0.100307
321.000000 0.066043
322.000000 0.076125
323.000000 0.069833
324.000000 0.044303
325.000000 0.065521
326.000000 0.044844
327.000000 0.035878
328.000000 0.052187
329.000000 0.031227
330.000000 0.027660
331.000000 0.036359
332.000000 0.026698
333.000000 0.024475
334.000000 0.030525
335.000000 0.022137
336.000000 0.019983
337.000000 0.022743
338.000000 0.021451
339.000000 0.018712
340.000000 0.019841
341.000000 0.018536
342.000000 0.017127
343.000000 0.016991
344.000000 0.019042
345.000000 0.016912
346.000000 0.016288
347.000000 0.015954
348.000000 0.015738
349.000000 0.015351
350.000000 0.015031
351.000000 0.014998
352.000000 0.015119
353.000000 0.014506
354.000000 0.014446
355.000000 0.014389
356.000000 0.013983
357.000000 0.014165
358.000000 0.013874
359.000000 0.013541
360.000000 0.013491
361.000000 0.013491
362.000000 0.013223
363.000000 0.013124
364.000000 0.012910
365.000000 0.013078
366.000000 0.012867
367.000000 0.012625
368.000000 0.012589
369.000000 0.012414
370.000000 0.012313
371.000000 0.012073
372.000000 0.012287
373.000000 0.012027
374.000000 0.011902
375.000000 0.011699
376.000000 0.011828
377.000000 0.011638
378.000000 0.011398
379.000000 0.011317
380.000000 0.011495
381.000000 0.011246
382.000000 0.011108
383.000000 0.010925
384.000000 0.011008
385.000000 0.010929
386.000000 0.010732
387.000000 0.010640
388.000000 0.010647
389.000000 0.010549
390.000000 0.010452
391.000000 0.010329
392.000000 0.010377
393.000000 0.010096
394.000000 0.009989
395.000000 0.009948
396.000000 0.010053
397.000000 0.009705
398.000000 0.009944
399.000000 0.009541
400.000000 0.009823
401.000000 0.009677
402.000000 0.009424
403.000000 0.009222
404.000000 0.009410
405.000000 0.009244
406.000000 0.009057
407.000000 0.008800
408.000000 0.009201
409.000000 0.009108
410.000000 0.008826
411.000000 0.008924
412.000000 0.008572
413.000000 0.008828
414.000000 0.008550
415.000000 0.008523
416.000000 0.008208
417.000000 0.008209
418.000000 0.008226
419.000000 0.008093
420.000000 0.008222
421.000000 0.008292
422.000000 0.008306
423.000000 0.008061
424.000000 0.008233
425.000000 0.008017
426.000000 0.007592
427.000000 0.007770
428.000000 0.007990
429.000000 0.007534
430.000000 0.007353
431.000000 0.007900
432.000000 0.007412
433.000000 0.007369
434.000000 0.007666
435.000000 0.008134
436.000000 0.007429
437.000000 0.007090
438.000000 0.006804
439.000000 0.007930
440.000000 0.007472
441.000000 0.007055
442.000000 0.006791
443.000000 0.006957
444.000000 0.006965
445.000000 0.007366
446.000000 0.006829
447.000000 0.006738
448.000000 0.007555
449.000000 0.006804
450.000000 0.006574
451.000000 0.006710
452.000000 0.006886
453.000000 0.006580
454.000000 0.006344
455.000000 0.006629
456.000000 0.006577
457.000000 0.006412
458.000000 0.007088
459.000000 0.006591
460.000000 0.006887
461.000000 0.006866
462.000000 0.006697
463.000000 0.007266
464.000000 0.006827
465.000000 0.006448
466.000000 0.006161
467.000000 0.006712
468.000000 0.006593
469.000000 0.006348
470.000000 0.006362
471.000000 0.006335
472.000000 0.006363
473.000000 0.006240
474.000000 0.006742
475.000000 0.006639
476.000000 0.006392
477.000000 0.006474
478.000000 0.006687
479.000000 0.006877
480.000000 0.007207
481.000000 0.007268
482.000000 0.007165
483.000000 0.006958
484.000000 0.006962
485.000000 0.006837
486.000000 0.006786
487.000000 0.006558
488.000000 0.006760
489.000000 0.007131
490.000000 0.006843
491.000000 0.006695
492.000000 0.006812
493.000000 0.006827
494.000000 0.006972
495.000000 0.006963
496.000000 0.007043
497.000000 0.006969
498.000000 0.007052
499.000000 0.007102
500.000000 0.007320
501.000000 0.007713
502.000000 0.008036
503.000000 0.008441
504.000000 0.008513
505.000000 0.008811
506.000000 0.008601
507.000000 0.008547
508.000000 0.008440
509.000000 0.008481
510.000000 0.008377
511.000000 0.008260
512.000000 0.008246
513.000000 0.008289
514.000000 0.008246
515.000000 0.008323
516.000000 0.008361
517.000000 0.008395
518.000000 0.008559
519.000000 0.008667
520.000000 0.008846
521.000000 0.008844
522.000000 0.008927
523.000000 0.009183
524.000000 0.009374
525.000000 0.009816
526.000000 0.010085
527.000000 0.010231
528.000000 0.010607
529.000000 0.010723
530.000000 0.010978
531.000000 0.011168
532.000000 0.011334
533.000000 0.011394
534.000000 0.011445
535.000000 0.011309
536.000000 0.011256
537.000000 0.011213
538.000000 0.011329
539.000000 0.011397
540.000000 0.011425
541.000000 0.011529
542.000000 0.011820
543.000000 0.011999
544.000000 0.012109
545.000000 0.012277
546.000000 0.012308
547.000000 0.012399
548.000000 0.012506
549.000000 0.012595
550.000000 0.012573
551.000000 0.012609
552.000000 0.012707
553.000000 0.012930
554.000000 0.012938
555.000000 0.012986
556.000000 0.013112
557.000000 0.013339
558.000000 0.013572
559.000000 0.013802
560.000000 0.014091
561.000000 0.014386
562.000000 0.014665
563.000000 0.014977
564.000000 0.015252
565.000000 0.015412
566.000000 0.015493
567.000000 0.015620
568.000000 0.015826
569.000000 0.015976
570.000000 0.016153
571.000000 0.016344
572.000000 0.016506
573.000000 0.016488
574.000000 0.016483
575.000000 0.016458
576.000000 0.016341
577.000000 0.016231
578.000000 0.016114
579.000000 0.016011
580.000000 0.015864
581.000000 0.015666
582.000000 0.015520
583.000000 0.015403
584.000000 0.015312
585.000000 0.015298
586.000000 0.015199
587.000000 0.015180
588.000000 0.015106
589.000000 0.015131
590.000000 0.015200
591.000000 0.015296
592.000000 0.015484
593.000000 0.015687
594.000000 0.015777
595.000000 0.015997
596.000000 0.016226
597.000000 0.016498
598.000000 0.016764
599.000000 0.017026
600.000000 0.017235
601.000000 0.017331
602.000000 0.017363
603.000000 0.017317
604.000000 0.017206
605.000000 0.017074
606.000000 0.016893
607.000000 0.016686
608.000000 0.016441
609.000000 0.016172
610.000000 0.015895
611.000000 0.015646
612.000000 0.015430
613.000000 0.015166
614.000000 0.014889
615.000000 0.014637
616.000000 0.014427
617.000000 0.014242
618.000000 0.014029
619.000000 0.013824
620.000000 0.013675
621.000000 0.013532
622.000000 0.013356
623.000000 0.013213
624.000000 0.013065
625.000000 0.012918
626.000000 0.012762
627.000000 0.012595
628.000000 0.012990
629.000000 0.012268
630.000000 0.012085
631.000000 0.011925
632.000000 0.011782
633.000000 0.011598
634.000000 0.011433
635.000000 0.011254
636.000000 0.011084
637.000000 0.010887
638.000000 0.010706
639.000000 0.010519
640.000000 0.010324
641.000000 0.010128
642.000000 0.009965
643.000000 0.009805
644.000000 0.009641
645.000000 0.009494
646.000000 0.009353
647.000000 0.009238
648.000000 0.009074
649.000000 0.008924
650.000000 0.008791
651.000000 0.008685
652.000000 0.008540
653.000000 0.008403
654.000000 0.008279
655.000000 0.008149
656.000000 0.008034
657.000000 0.007893
658.000000 0.007763
659.000000 0.007642
660.000000 0.007526
661.000000 0.007407
662.000000 0.007295
663.000000 0.007180
664.000000 0.007059
665.000000 0.006934
666.000000 0.006807
667.000000 0.006668
668.000000 0.006540
669.000000 0.006410
670.000000 0.006289
671.000000 0.006154
672.000000 0.006032
673.000000 0.005911
674.000000 0.005810
675.000000 0.005690
676.000000 0.005587
677.000000 0.005476
678.000000 0.005380
679.000000 0.005277
680.000000 0.005187
681.000000 0.005111
682.000000 0.005048
683.000000 0.004977
684.000000 0.004919
685.000000 0.004858
686.000000 0.004777
687.000000 0.456133
688.000000 0.004622
689.000000 0.004516
690.000000 0.034789
691.000000 0.004307
692.000000 0.005032
693.000000 0.004111
694.000000 0.004024
695.000000 0.003940
696.000000 0.003851
697.000000 0.003766
698.000000 0.003674
699.000000 0.003602
700.000000 0.003536
701.000000 0.003474
702.000000 0.003416
703.000000 0.003366
704.000000 0.003323
705.000000 0.003281
706.000000 0.003246
707.000000 0.003206
708.000000 0.003175
709.000000 0.003131
710.000000 0.003100
711.000000 0.003074
712.000000 0.003046
713.000000 0.003026
714.000000 0.003019
715.000000 0.003007
716.000000 0.002982
717.000000 0.002945
718.000000 0.002894
719.000000 0.002828
720.000000 0.002755
721.000000 0.002684
722.000000 0.002621
723.000000 0.002567
724.000000 0.002522
725.000000 0.002483
726.000000 0.002457
727.000000 0.002397
728.000000 0.002349
729.000000 0.002301
730.000000 0.002259
731.000000 0.002222
732.000000 0.002194
733.000000 0.002169
734.000000 0.002153
735.000000 0.002141
736.000000 0.002130
737.000000 0.002119
738.000000 0.002107
739.000000 0.002099
740.000000 0.002093
741.000000 0.002093
742.000000 0.002099
743.000000 0.002111
744.000000 0.002131
745.000000 0.002151
746.000000 0.002171
747.000000 0.002171
748.000000 0.002158
749.000000 0.002131
750.000000 0.002083
751.000000 0.002019
752.000000 0.001948
753.000000 0.001877
754.000000 0.001814
755.000000 0.001758
756.000000 0.001712
757.000000 0.001672
758.000000 0.001637
759.000000 0.001610
760.000000 0.001839
761.000000 0.004403
762.000000 0.001822
763.000000 0.002624
764.000000 0.001535
765.000000 0.001928
766.000000 0.003241
767.000000 0.001504
768.000000 0.001675
769.000000 0.001483
770.000000 0.001483
771.000000 0.001491
772.000000 0.001504
773.000000 0.001525
774.000000 0.001558
775.000000 0.001587
776.000000 0.001623
777.000000 0.001656
778.000000 0.001680
779.000000 0.001690
780.000000 0.001681
781.000000 0.001657
782.000000 0.001616
783.000000 0.001564
784.000000 0.001510
785.000000 0.001459
786.000000 0.001413
787.000000 0.001371
788.000000 0.001337
789.000000 0.001305
790.000000 0.001278
791.000000 0.001252
792.000000 0.001225
793.000000 0.001199
794.000000 0.001174
795.000000 0.001152
796.000000 0.001136
797.000000 0.001120
798.000000 0.001109
799.000000 0.001099
800.000000 0.001089
801.000000 0.001081
802.000000 0.001093
803.000000 0.001070
804.000000 0.001067
805.000000 0.001069
806.000000 0.001076
807.000000 0.001090
808.000000 0.001110
809.000000 0.001134
810.000000 0.001159
811.000000 0.001185
812.000000 0.001211
813.000000 0.001236
814.000000 0.001261
815.000000 0.001278
816.000000 0.001287
817.000000 0.001287
818.000000 0.001582
819.000000 0.001253
820.000000 0.001219
821.000000 0.001180
822.000000 0.001133
823.000000 0.001083
824.000000 0.001030
825.000000 0.000995
826.000000 0.000968
827.000000 0.000918
828.000000 0.000887
829.000000 0.000871
830.000000 0.000841
831.000000 0.000822
832.000000 0.000805
833.000000 0.000792
834.000000 0.000784
835.000000 0.000774
836.000000 0.000769
837.000000 0.000762
838.000000 0.000759
839.000000 0.000757
840.000000 0.000757
841.000000 0.000758
842.000000 0.000761
843.000000 0.000766
844.000000 0.000773
845.000000 0.000780
846.000000 0.000791
847.000000 0.000805
848.000000 0.000824
849.000000 0.000849
850.000000 0.000880
851.000000 0.000915
852.000000 0.000950
853.000000 0.000974
854.000000 0.000975
855.000000 0.000961
856.000000 0.000940
857.000000 0.000918
858.000000 0.000895
859.000000 0.000871
860.000000 0.000844
861.000000 0.000815
862.000000 0.000782
863.000000 0.000748
864.000000 0.000720
865.000000 0.000696
866.000000 0.000675
867.000000 0.000656
868.000000 0.000640
869.000000 0.000625
870.000000 0.000614
871.000000 0.000603
872.000000 0.000593
873.000000 0.000586
874.000000 0.000580
875.000000 0.000575
876.000000 0.000573
877.000000 0.000570
878.000000 0.000570
879.000000 0.000569
880.000000 0.000569
881.000000 0.000574
882.000000 0.000578
883.000000 0.000581
884.000000 0.000586
885.000000 0.000589
886.000000 0.000597
887.000000 0.000603
888.000000 0.000605
889.000000 0.000604
890.000000 0.000603
891.000000 0.000596
892.000000 0.000585
893.000000 0.000587
894.000000 0.000616
895.000000 0.000611
896.000000 0.000622
897.000000 0.000630
898.000000 0.000633
899.000000 0.000629
900.000000 0.000619
901.000000 0.000607
902.000000 0.000592
903.000000 0.000576
904.000000 0.000563
905.000000 0.000545
906.000000 0.000532
907.000000 0.000520
908.000000 0.000507
909.000000 0.000495
910.000000 0.000485
911.000000 0.000482
912.000000 0.000470
913.000000 0.000463
914.000000 0.000457
915.000000 0.000457
916.000000 0.000457
917.000000 0.000426
918.000000 0.000470
919.000000 0.000436
920.000000 0.000434
921.000000 0.000432
922.000000 0.000431
923.000000 0.000427
924.000000 0.000425
925.000000 0.000436
926.000000 0.000425
927.000000 0.000425
928.000000 0.000616
929.000000 0.000428
930.000000 0.000424
931.000000 0.000426
932.000000 0.000418
933.000000 0.000416
934.000000 0.000412
935.000000 0.000414
936.000000 0.000417
937.000000 0.000422
938.000000 0.038710
939.000000 0.000483
940.000000 0.000452
941.000000 0.000468
942.000000 0.000497
943.000000 0.000696
944.000000 0.000494
945.000000 0.000498
946.000000 0.000482
947.000000 0.000468
948.000000 0.000450
949.000000 0.000452
950.000000 0.000443
951.000000 0.000416
952.000000 0.000422
953.000000 0.000390
954.000000 0.000383
955.000000 0.000425
956.000000 0.000380
957.000000 0.000393
958.000000 0.000375
959.000000 0.000368
960.000000 0.000364
961.000000 0.000359
962.000000 0.000356
963.000000 0.000354
964.000000 0.000352
965.000000 0.000351
966.000000 0.000348
967.000000 0.000345
968.000000 0.000340
969.000000 0.000356
970.000000 0.000338
971.000000 0.000332
972.000000 0.000337
973.000000 0.000327
974.000000 0.000336
975.000000 0.000324
976.000000 0.000322
977.000000 0.000337
978.000000 0.000319
979.000000 0.000318
980.000000 0.000316
981.000000 0.000316
982.000000 0.000316
983.000000 0.000318
984.000000 0.000318
985.000000 0.000319
986.000000 0.000331
987.000000 0.000328
988.000000 0.000335
989.000000 0.000341
990.000000 0.000353
991.000000 0.000400
992.000000 0.000413
993.000000 0.000377
994.000000 0.000377
995.000000 0.000373
996.000000 0.000352
997.000000 0.000330
998.000000 0.000330
999.000000 0.000317
1000.000000 0.000312
The optical depth at z= 28.000000
1.000000 0.000000
2.000000 0.000000
3.000000 0.000000
4.000000 0.000000
5.000000 40216.744884
6.000000 58791.131194
7.000000 231330.931853
8.000000 309246.244410
9.000000 397768.382374
10.000000 506262.421810
11.000000 628716.356695
12.000000 766464.782087
13.000000 913697.226929
14.000000 1081742.020890
15.000000 1266933.998313
16.000000 1447924.514175
17.000000 1652558.281309
18.000000 1851425.540160
19.000000 2075967.962947
20.000000 2354895.379966
21.000000 2665099.868949
22.000000 2919519.012456
23.000000 3188876.559455
24.000000 3498380.787491
25.000000 3681842.962940
26.000000 3853634.610335
27.000000 3970341.142376
28.000000 4115057.159283
29.000000 4263441.170293
30.000000 4396152.467323
31.000000 4509525.089024
32.000000 4756358.262355
33.000000 5005914.916604
34.000000 5161523.145342
35.000000 5609247.933038
36.000000 5876496.226102
37.000000 6143059.344018
38.000000 6416583.229080
39.000000 6729103.175842
40.000000 6998774.770975
41.000000 7395222.402278
42.000000 7554817.230663
43.000000 7797864.628470
44.000000 7966646.407976
45.000000 7956131.081982
46.000000 7993403.243998
47.000000 8036934.995867
48.000000 8209812.862183
49.000000 8265361.972409
50.000000 8288315.758699
51.000000 8423809.039088
52.000000 8735191.514531
53.000000 8918665.042739
54.000000 8814239.636784
55.000000 8685509.155581
56.000000 8450109.466314
57.000000 8252679.890159
58.000000 8140156.172536
59.000000 8148252.219926
60.000000 8246283.269639
61.000000 8372294.505803
62.000000 8526271.179942
63.000000 8544779.271743
64.000000 8568648.600201
65.000000 8788427.009938
66.000000 8707244.501420
67.000000 8836950.865487
68.000000 8820257.443501
69.000000 8814060.810253
70.000000 8892111.892739
71.000000 8979938.960793
72.000000 9078021.323479
73.000000 9188760.971892
74.000000 9387515.449993
75.000000 9585346.512302
76.000000 9686162.764992
77.000000 9770884.755430
78.000000 9644215.844779
79.000000 9296818.913448
80.000000 8952591.782942
81.000000 8578372.576270
82.000000 8204296.681474
83.000000 8248407.424073
84.000000 9269061.052814
85.000000 10289896.130844
86.000000 11309927.244499
87.000000 12329533.956077
88.000000 13349819.973487
89.000000 13917638.603348
90.000000 13806393.884907
91.000000 13691053.184242
92.000000 13716456.037934
93.000000 14318491.713587
94.000000 14914473.697623
95.000000 15507738.915403
96.000000 14877527.448816
97.000000 13422751.786048
98.000000 11968599.277150
99.000000 10514649.052303
100.000000 8462058.427289
101.000000 6257621.377144
102.000000 4057358.339758
103.000000 1849124.079027
104.000000 1494599.415674
105.000000 1140550.500779
106.000000 787776.111910
107.000000 432770.102237
108.000000 78203.074103
109.000000 51066.186433
110.000000 19541.196494
111.000000 3697.403473
112.000000 80930.352017
113.000000 15755.788421
114.000000 6522.031799
115.000000 53772.914824
116.000000 5056.279128
117.000000 16855.176707
118.000000 14467.538639
119.000000 3337.354697
120.000000 112096.165939
121.000000 159026.202853
122.000000 6966.679285
123.000000 25350.460455
124.000000 13306.435185
125.000000 91786.851507
126.000000 26888.130409
127.000000 5542.642051
128.000000 17755.847012
129.000000 34702.545890
130.000000 38240.959299
131.000000 44462.033930
132.000000 74747.972956
133.000000 129797.060971
134.000000 159979.102530
135.000000 365920.342274
136.000000 583112.559229
137.000000 731752.420568
138.000000 880428.388905
139.000000 949930.439853
140.000000 911456.101385
141.000000 885446.947082
142.000000 933653.231065
143.000000 981866.351395
144.000000 976387.935980
145.000000 952047.190694
146.000000 927706.137144
147.000000 903363.576265
148.000000 879018.307326
149.000000 810648.546302
150.000000 832836.338149
151.000000 773446.996570
152.000000 714058.366536
153.000000 654669.738428
154.000000 591802.353767
155.000000 540922.489251
156.000000 484657.695785
157.000000 441652.666158
158.000000 398098.163762
159.000000 350185.136090
160.000000 315778.424700
161.000000 277120.305719
162.000000 238458.354067
163.000000 201443.620187
164.000000 165522.922969
165.000000 145118.373054
166.000000 124715.212053
167.000000 104309.773148
168.000000 84180.105626
169.000000 68560.850254
170.000000 52940.637919
171.000000 49115.661455
172.000000 38212.138443
173.000000 29517.692015
174.000000 23315.346278
175.000000 17113.033505
176.000000 12485.274439
177.000000 8842.522147
178.000000 7151.477970
179.000000 6104.381077
180.000000 4306.960107
181.000000 281.524178
182.000000 1427.138107
183.000000 90.888243
184.000000 500.575447
185.000000 129.627413
186.000000 41.068927
187.000000 46.687228
188.000000 7.134654
189.000000 23.963616
190.000000 3.904056
191.000000 7.216384
192.000000 6.943021
193.000000 6.275406
194.000000 2.534241
195.000000 48.786477
196.000000 6.844990
197.000000 1.172790
198.000000 1.318976
199.000000 1.374697
200.000000 2.566283
201.000000 1.973796
202.000000 1.302884
203.000000 1.268392
204.000000 1.330041
205.000000 1.393107
206.000000 1.441134
207.000000 1.503686
208.000000 1.583958
209.000000 1.673970
210.000000 1.790045
211.000000 1.918223
212.000000 2.069788
213.000000 2.255859
214.000000 2.446533
215.000000 2.693368
216.000000 2.931587
217.000000 3.226147
218.000000 3.534214
219.000000 3.873270
220.000000 4.259263
221.000000 4.643889
222.000000 5.117495
223.000000 5.589130
224.000000 6.103221
225.000000 6.656288
226.000000 7.208887
227.000000 7.847871
228.000000 8.488811
229.000000 9.183065
230.000000 9.942237
231.000000 10.698894
232.000000 11.293069
233.000000 12.180655
234.000000 12.821003
235.000000 13.697277
236.000000 14.431089
237.000000 15.263641
238.000000 16.089911
239.000000 16.800161
240.000000 17.866208
241.000000 18.429116
242.000000 19.261863
243.000000 19.908874
244.000000 20.791226
245.000000 21.101852
246.000000 22.084354
247.000000 22.300003
248.000000 22.936568
249.000000 23.674762
250.000000 23.952136
251.000000 23.775847
252.000000 24.690898
253.000000 24.313165
254.000000 24.740232
255.000000 24.620860
256.000000 24.686106
257.000000 24.196992
258.000000 23.960680
259.000000 24.535196
260.000000 22.973105
261.000000 23.453062
262.000000 22.478510
263.000000 21.909710
264.000000 21.340395
265.000000 20.668718
266.000000 20.243736
267.000000 18.887101
268.000000 18.689795
269.000000 17.286844
270.000000 17.115642
271.000000 15.798692
272.000000 15.263131
273.000000 14.221163
274.000000 13.129805
275.000000 12.537673
276.000000 11.521387
277.000000 10.786880
278.000000 9.962091
279.000000 9.193049
280.000000 8.592823
281.000000 7.779545
282.000000 6.882634
283.000000 6.376370
284.000000 5.804981
285.000000 5.261284
286.000000 4.765970
287.000000 4.297330
288.000000 3.762590
289.000000 3.387501
290.000000 3.021427
291.000000 2.723746
292.000000 2.351611
293.000000 2.131233
294.000000 1.839600
295.000000 1.654715
296.000000 1.431487
297.000000 1.269981
298.000000 1.086207
299.000000 0.976076
300.000000 0.837892
301.000000 0.736275
302.000000 0.649639
303.000000 0.557385
304.000000 0.503626
305.000000 0.429622
306.000000 0.381769
307.000000 0.336845
308.000000 0.291969
309.000000 0.268508
310.000000 0.220850
311.000000 0.201140
312.000000 0.166930
313.000000 0.144274
314.000000 0.137209
315.000000 0.110759
316.000000 0.105646
317.000000 0.088827
318.000000 0.085793
319.000000 0.062935
320.000000 0.074346
321.000000 0.049274
322.000000 0.056416
323.000000 0.051845
324.000000 0.033063
325.000000 0.048437
326.000000 0.033353
327.000000 0.026681
328.000000 0.038526
329.000000 0.023249
330.000000 0.020521
331.000000 0.026878
332.000000 0.019805
333.000000 0.018106
334.000000 0.022565
335.000000 0.016371
336.000000 0.014757
337.000000 0.016792
338.000000 0.015820
339.000000 0.013809
340.000000 0.014628
341.000000 0.013654
342.000000 0.012608
343.000000 0.012518
344.000000 0.013987
345.000000 0.012438
346.000000 0.011994
347.000000 0.011732
348.000000 0.011565
349.000000 0.011285
350.000000 0.011047
351.000000 0.011018
352.000000 0.011101
353.000000 0.010653
354.000000 0.010612
355.000000 0.010568
356.000000 0.010264
357.000000 0.010412
358.000000 0.010192
359.000000 0.009938
360.000000 0.009900
361.000000 0.009908
362.000000 0.009707
363.000000 0.009635
364.000000 0.009475
365.000000 0.009608
366.000000 0.009452
367.000000 0.009269
368.000000 0.009245
369.000000 0.009114
370.000000 0.009041
371.000000 0.008862
372.000000 0.009029
373.000000 0.008833
374.000000 0.008742
375.000000 0.008589
376.000000 0.008692
377.000000 0.008551
378.000000 0.008369
379.000000 0.008311
380.000000 0.008451
381.000000 0.008264
382.000000 0.008161
383.000000 0.008024
384.000000 0.008091
385.000000 0.008034
386.000000 0.007886
387.000000 0.007819
388.000000 0.007827
389.000000 0.007755
390.000000 0.007684
391.000000 0.007592
392.000000 0.007633
393.000000 0.007420
394.000000 0.007340
395.000000 0.007311
396.000000 0.007395
397.000000 0.007131
398.000000 0.007317
399.000000 0.007012
400.000000 0.007230
401.000000 0.007120
402.000000 0.006929
403.000000 0.006776
404.000000 0.006923
405.000000 0.006797
406.000000 0.006657
407.000000 0.006462
408.000000 0.006772
409.000000 0.006704
410.000000 0.006490
411.000000 0.006567
412.000000 0.006298
413.000000 0.006500
414.000000 0.006287
415.000000 0.006268
416.000000 0.006028
417.000000 0.006030
418.000000 0.006045
419.000000 0.005947
420.000000 0.006048
421.000000 0.006104
422.000000 0.006115
423.000000 0.005929
424.000000 0.006062
425.000000 0.005897
426.000000 0.005573
427.000000 0.005712
428.000000 0.005882
429.000000 0.005535
430.000000 0.005398
431.000000 0.005818
432.000000 0.005446
433.000000 0.005414
434.000000 0.005643
435.000000 0.006002
436.000000 0.005465
437.000000 0.005207
438.000000 0.004988
439.000000 0.005851
440.000000 0.005500
441.000000 0.005179
442.000000 0.004977
443.000000 0.005106
444.000000 0.005116
445.000000 0.005426
446.000000 0.005017
447.000000 0.004948
448.000000 0.005574
449.000000 0.005000
450.000000 0.004823
451.000000 0.004927
452.000000 0.005063
453.000000 0.004830
454.000000 0.004651
455.000000 0.004871
456.000000 0.004830
457.000000 0.004700
458.000000 0.005216
459.000000 0.004833
460.000000 0.005059
461.000000 0.005042
462.000000 0.004914
463.000000 0.005352
464.000000 0.005020
465.000000 0.004732
466.000000 0.004515
467.000000 0.004935
468.000000 0.004844
469.000000 0.004655
470.000000 0.004665
471.000000 0.004645
472.000000 0.004667
473.000000 0.004575
474.000000 0.004961
475.000000 0.004880
476.000000 0.004688
477.000000 0.004746
478.000000 0.004904
479.000000 0.005044
480.000000 0.005292
481.000000 0.005334
482.000000 0.005254
483.000000 0.005096
484.000000 0.005103
485.000000 0.005012
486.000000 0.004978
487.000000 0.004805
488.000000 0.004960
489.000000 0.005242
490.000000 0.005020
491.000000 0.004905
492.000000 0.004994
493.000000 0.005006
494.000000 0.005117
495.000000 0.005110
496.000000 0.005170
497.000000 0.005110
498.000000 0.005167
499.000000 0.005197
500.000000 0.005357
501.000000 0.005651
502.000000 0.005891
503.000000 0.006193
504.000000 0.006243
505.000000 0.006469
506.000000 0.006309
507.000000 0.006270
508.000000 0.006192
509.000000 0.006227
510.000000 0.006152
511.000000 0.006063
512.000000 0.006052
513.000000 0.006082
514.000000 0.006046
515.000000 0.006102
516.000000 0.006129
517.000000 0.006152
518.000000 0.006276
519.000000 0.006358
520.000000 0.006492
521.000000 0.006486
522.000000 0.006546
523.000000 0.006737
524.000000 0.006877
525.000000 0.007209
526.000000 0.007406
527.000000 0.007511
528.000000 0.007790
529.000000 0.007872
530.000000 0.008061
531.000000 0.008202
532.000000 0.008326
533.000000 0.008370
534.000000 0.008408
535.000000 0.008304
536.000000 0.008265
537.000000 0.008233
538.000000 0.008322
539.000000 0.008372
540.000000 0.008391
541.000000 0.008466
542.000000 0.008685
543.000000 0.008817
544.000000 0.008896
545.000000 0.009021
546.000000 0.009042
547.000000 0.009110
548.000000 0.009191
549.000000 0.009257
550.000000 0.009238
551.000000 0.009264
552.000000 0.009337
553.000000 0.009505
554.000000 0.009508
555.000000 0.009541
556.000000 0.009632
557.000000 0.009801
558.000000 0.009972
559.000000 0.010141
560.000000 0.010354
561.000000 0.010573
562.000000 0.010779
563.000000 0.011011
564.000000 0.011215
565.000000 0.011333
566.000000 0.011390
567.000000 0.011483
568.000000 0.011637
569.000000 0.011747
570.000000 0.011878
571.000000 0.012020
572.000000 0.012140
573.000000 0.012124
574.000000 0.012119
575.000000 0.012101
576.000000 0.012014
577.000000 0.011934
578.000000 0.011848
579.000000 0.011773
580.000000 0.011666
581.000000 0.011519
582.000000 0.011411
583.000000 0.011325
584.000000 0.011258
585.000000 0.011250
586.000000 0.011176
587.000000 0.011162
588.000000 0.011105
589.000000 0.011124
590.000000 0.011176
591.000000 0.011247
592.000000 0.011386
593.000000 0.011535
594.000000 0.011598
595.000000 0.011758
596.000000 0.011927
597.000000 0.012128
598.000000 0.012324
599.000000 0.012520
600.000000 0.012674
601.000000 0.012746
602.000000 0.012769
603.000000 0.012736
604.000000 0.012653
605.000000 0.012556
606.000000 0.012422
607.000000 0.012270
608.000000 0.012090
609.000000 0.011893
610.000000 0.011688
611.000000 0.011506
612.000000 0.011348
613.000000 0.011154
614.000000 0.010949
615.000000 0.010762
616.000000 0.010608
617.000000 0.010473
618.000000 0.010315
619.000000 0.010163
620.000000 0.010054
621.000000 0.009949
622.000000 0.009818
623.000000 0.009713
624.000000 0.009604
625.000000 0.009495
626.000000 0.009381
627.000000 0.009257
628.000000 0.009521
629.000000 0.009017
630.000000 0.008882
631.000000 0.008763
632.000000 0.008658
633.000000 0.008524
634.000000 0.008403
635.000000 0.008272
636.000000 0.008148
637.000000 0.008002
638.000000 0.007870
639.000000 0.007733
640.000000 0.007589
641.000000 0.007444
642.000000 0.007325
643.000000 0.007207
644.000000 0.007085
645.000000 0.006977
646.000000 0.006873
647.000000 0.006790
648.000000 0.006668
649.000000 0.006557
650.000000 0.006458
651.000000 0.006380
652.000000 0.006272
653.000000 0.006171
654.000000 0.006081
655.000000 0.005984
656.000000 0.005900
657.000000 0.005796
658.000000 0.005701
659.000000 0.005611
660.000000 0.005526
661.000000 0.005438
662.000000 0.005356
663.000000 0.005271
664.000000 0.005181
665.000000 0.005090
666.000000 0.004996
667.000000 0.004893
668.000000 0.004799
669.000000 0.004704
670.000000 0.004615
671.000000 0.004516
672.000000 0.004426
673.000000 0.004336
674.000000 0.004263
675.000000 0.004174
676.000000 0.004098
677.000000 0.004016
678.000000 0.003946
679.000000 0.003870
680.000000 0.003803
681.000000 0.003748
682.000000 0.003702
683.000000 0.003649
684.000000 0.003606
685.000000 0.003562
686.000000 0.003502
687.000000 0.343059
688.000000 0.003378
689.000000 0.003301
690.000000 0.024150
691.000000 0.003151
692.000000 0.003513
693.000000 0.003011
694.000000 0.002947
695.000000 0.002886
696.000000 0.002820
697.000000 0.002757
698.000000 0.002688
699.000000 0.002635
700.000000 0.002587
701.000000 0.002541
702.000000 0.002499
703.000000 0.002462
704.000000 0.002430
705.000000 0.002399
706.000000 0.002374
707.000000 0.002344
708.000000 0.002321
709.000000 0.002288
710.000000 0.002265
711.000000 0.002246
712.000000 0.002225
713.000000 0.002210
714.000000 0.002205
715.000000 0.002195
716.000000 0.002177
717.000000 0.002150
718.000000 0.002113
719.000000 0.002064
720.000000 0.002010
721.000000 0.001958
722.000000 0.001912
723.000000 0.001873
724.000000 0.001839
725.000000 0.001810
726.000000 0.001792
727.000000 0.001747
728.000000 0.001711
729.000000 0.001676
730.000000 0.001645
731.000000 0.001619
732.000000 0.001597
733.000000 0.001579
734.000000 0.001567
735.000000 0.001558
736.000000 0.001550
737.000000 0.001542
738.000000 0.001533
739.000000 0.001528
740.000000 0.001523
741.000000 0.001523
742.000000 0.001527
743.000000 0.001536
744.000000 0.001551
745.000000 0.001565
746.000000 0.001580
747.000000 0.001580
748.000000 0.001570
749.000000 0.001550
750.000000 0.001515
751.000000 0.001468
752.000000 0.001417
753.000000 0.001365
754.000000 0.001318
755.000000 0.001278
756.000000 0.001243
757.000000 0.001214
758.000000 0.001188
759.000000 0.001168
760.000000 0.001314
761.000000 0.003106
762.000000 0.001249
763.000000 0.001617
764.000000 0.001106
765.000000 0.001348
766.000000 0.002424
767.000000 0.001086
768.000000 0.001176
769.000000 0.001075
770.000000 0.001074
771.000000 0.001080
772.000000 0.001090
773.000000 0.001105
774.000000 0.001130
775.000000 0.001151
776.000000 0.001177
777.000000 0.001201
778.000000 0.001219
779.000000 0.001226
780.000000 0.001220
781.000000 0.001202
782.000000 0.001172
783.000000 0.001134
784.000000 0.001095
785.000000 0.001057
786.000000 0.001023
787.000000 0.000993
788.000000 0.000967
789.000000 0.000945
790.000000 0.000924
791.000000 0.000906
792.000000 0.000885
793.000000 0.000866
794.000000 0.000848
795.000000 0.000832
796.000000 0.000820
797.000000 0.000808
798.000000 0.000800
799.000000 0.000793
800.000000 0.000786
801.000000 0.000779
802.000000 0.000789
803.000000 0.000771
804.000000 0.000770
805.000000 0.000771
806.000000 0.000776
807.000000 0.000786
808.000000 0.000801
809.000000 0.000818
810.000000 0.000837
811.000000 0.000856
812.000000 0.000875
813.000000 0.000894
814.000000 0.000912
815.000000 0.000924
816.000000 0.000931
817.000000 0.000931
818.000000 0.001157
819.000000 0.000906
820.000000 0.000881
821.000000 0.000852
822.000000 0.000819
823.000000 0.000782
824.000000 0.000744
825.000000 0.000718
826.000000 0.000695
827.000000 0.000661
828.000000 0.000638
829.000000 0.000625
830.000000 0.000605
831.000000 0.000591
832.000000 0.000578
833.000000 0.000568
834.000000 0.000563
835.000000 0.000555
836.000000 0.000551
837.000000 0.000546
838.000000 0.000544
839.000000 0.000543
840.000000 0.000542
841.000000 0.000543
842.000000 0.000546
843.000000 0.000549
844.000000 0.000554
845.000000 0.000560
846.000000 0.000567
847.000000 0.000578
848.000000 0.000592
849.000000 0.000610
850.000000 0.000633
851.000000 0.000658
852.000000 0.000684
853.000000 0.000702
854.000000 0.000703
855.000000 0.000692
856.000000 0.000678
857.000000 0.000661
858.000000 0.000645
859.000000 0.000627
860.000000 0.000607
861.000000 0.000586
862.000000 0.000562
863.000000 0.000537
864.000000 0.000516
865.000000 0.000499
866.000000 0.000484
867.000000 0.000470
868.000000 0.000458
869.000000 0.000447
870.000000 0.000438
871.000000 0.000430
872.000000 0.000423
873.000000 0.000418
874.000000 0.000414
875.000000 0.000410
876.000000 0.000408
877.000000 0.000406
878.000000 0.000406
879.000000 0.000406
880.000000 0.000405
881.000000 0.000409
882.000000 0.000412
883.000000 0.000414
884.000000 0.000418
885.000000 0.000420
886.000000 0.000426
887.000000 0.000430
888.000000 0.000432
889.000000 0.000431
890.000000 0.000430
891.000000 0.000425
892.000000 0.000418
893.000000 0.000419
894.000000 0.000442
895.000000 0.000436
896.000000 0.000444
897.000000 0.000451
898.000000 0.000453
899.000000 0.000450
900.000000 0.000443
901.000000 0.000434
902.000000 0.000423
903.000000 0.000411
904.000000 0.000402
905.000000 0.000389
906.000000 0.000380
907.000000 0.000371
908.000000 0.000361
909.000000 0.000352
910.000000 0.000345
911.000000 0.000342
912.000000 0.000334
913.000000 0.000329
914.000000 0.000324
915.000000 0.000325
916.000000 0.000325
917.000000 0.000302
918.000000 0.000336
919.000000 0.000309
920.000000 0.000307
921.000000 0.000306
922.000000 0.000305
923.000000 0.000303
924.000000 0.000301
925.000000 0.000309
926.000000 0.000301
927.000000 0.000301
928.000000 0.000457
929.000000 0.000304
930.000000 0.000300
931.000000 0.000302
932.000000 0.000296
933.000000 0.000294
934.000000 0.000292
935.000000 0.000293
936.000000 0.000296
937.000000 0.000299
938.000000 0.029487
939.000000 0.000333
940.000000 0.000321
941.000000 0.000331
942.000000 0.000349
943.000000 0.000453
944.000000 0.000352
945.000000 0.000353
946.000000 0.000343
947.000000 0.000333
948.000000 0.000320
949.000000 0.000323
950.000000 0.000310
951.000000 0.000296
952.000000 0.000295
953.000000 0.000276
954.000000 0.000271
955.000000 0.000295
956.000000 0.000269
957.000000 0.000275
958.000000 0.000265
959.000000 0.000260
960.000000 0.000257
961.000000 0.000253
962.000000 0.000251
963.000000 0.000249
964.000000 0.000248
965.000000 0.000248
966.000000 0.000245
967.000000 0.000243
968.000000 0.000239
969.000000 0.000253
970.000000 0.000238
971.000000 0.000234
972.000000 0.000238
973.000000 0.000230
974.000000 0.000234
975.000000 0.000228
976.000000 0.000227
977.000000 0.000238
978.000000 0.000224
979.000000 0.000223
980.000000 0.000222
981.000000 0.000222
982.000000 0.000222
983.000000 0.000224
984.000000 0.000223
985.000000 0.000224
986.000000 0.000234
987.000000 0.000231
988.000000 0.000236
989.000000 0.000241
990.000000 0.000249
991.000000 0.000284
992.000000 0.000293
993.000000 0.000267
994.000000 0.000267
995.000000 0.000264
996.000000 0.000249
997.000000 0.000233
998.000000 0.000233
999.000000 0.000223
1000.000000 0.000220
The optical depth at z= 30.000000
1.000000 0.000000
2.000000 0.000000
3.000000 0.000000
4.000000 0.000000
5.000000 29787.308720
6.000000 43544.786628
7.000000 171339.744233
8.000000 229049.233178
9.000000 294614.873496
10.000000 374973.088602
11.000000 465670.972632
12.000000 567697.016770
13.000000 676747.586549
14.000000 801213.223413
15.000000 938379.255414
16.000000 1072433.392155
17.000000 1223999.361157
18.000000 1371294.255161
19.000000 1537605.955205
20.000000 1744198.955559
21.000000 1973957.922421
22.000000 2162398.394540
23.000000 2361903.285642
24.000000 2591143.589883
25.000000 2727028.414610
26.000000 2854269.237456
27.000000 2940710.204803
28.000000 3047896.941189
29.000000 3157800.450420
30.000000 3256095.643182
31.000000 3340067.296955
32.000000 3522889.069788
33.000000 3707728.048809
34.000000 3822982.304667
35.000000 4154598.339958
36.000000 4352540.968298
37.000000 4549976.106407
38.000000 4752566.883763
39.000000 4984040.831156
40.000000 5183778.321647
41.000000 5477414.946989
42.000000 5595621.972321
43.000000 5775639.743621
44.000000 5900651.254356
45.000000 5892862.896351
46.000000 5920469.241587
47.000000 5952711.893032
48.000000 6080757.238906
49.000000 6121900.780164
50.000000 6138901.953773
51.000000 6239257.695533
52.000000 6469889.163102
53.000000 6605781.835709
54.000000 6528437.132410
55.000000 6433090.408721
56.000000 6258737.079091
57.000000 6112507.047696
58.000000 6029164.169878
59.000000 6035160.653062
60.000000 6107769.233120
61.000000 6201101.879356
62.000000 6315147.666292
63.000000 6328856.017174
64.000000 6346535.276751
65.000000 6509318.377217
66.000000 6449188.967803
67.000000 6545258.478930
68.000000 6532894.148858
69.000000 6528304.468064
70.000000 6586114.494000
71.000000 6651165.291796
72.000000 6723811.850033
73.000000 6805833.269430
74.000000 6953044.569894
75.000000 7099571.925199
76.000000 7174243.383668
77.000000 7236994.318920
78.000000 7143174.510722
79.000000 6885868.247584
80.000000 6630909.768740
81.000000 6353737.074609
82.000000 6076670.527890
83.000000 6109341.966413
84.000000 6865308.769077
85.000000 7621410.102468
86.000000 8376915.900976
87.000000 9132107.303157
88.000000 9887801.790311
89.000000 10308367.583194
90.000000 10225971.990858
91.000000 10140542.631957
92.000000 10159357.695166
93.000000 10605266.985617
94.000000 11046692.533685
95.000000 11486105.833468
96.000000 11019327.477997
97.000000 9941819.783889
98.000000 8864773.604082
99.000000 7787877.277354
100.000000 6267586.481506
101.000000 4634827.686721
102.000000 3005160.430287
103.000000 1369589.138322
104.000000 1107003.606164
105.000000 844770.461103
106.000000 583481.298275
107.000000 320539.475588
108.000000 57924.495932
109.000000 37880.807687
110.000000 14473.897372
111.000000 2732.271063
112.000000 59920.675771
113.000000 11640.760742
114.000000 4828.562804
115.000000 39834.267230
116.000000 3745.558578
117.000000 12483.950577
118.000000 10715.409657
119.000000 2471.467056
120.000000 83025.549554
121.000000 117784.947241
122.000000 5159.548819
123.000000 18775.275950
124.000000 9855.613305
125.000000 67983.460315
126.000000 19915.081531
127.000000 4105.227567
128.000000 13151.120106
129.000000 25702.912738
130.000000 28323.655444
131.000000 32931.453928
132.000000 55363.483112
133.000000 96136.679039
134.000000 118491.376914
135.000000 271025.815989
136.000000 431893.219664
137.000000 541986.396062
138.000000 652106.117309
139.000000 703584.233952
140.000000 675087.506596
141.000000 655823.271441
142.000000 691528.187394
143.000000 727238.239362
144.000000 723180.593467
145.000000 705152.160250
146.000000 687123.508483
147.000000 669093.754807
148.000000 651061.976970
149.000000 600422.601581
150.000000 616856.494080
151.000000 572868.642688
152.000000 528881.318699
153.000000 484893.994838
154.000000 438330.057729
155.000000 400644.900087
156.000000 358971.344326
157.000000 327118.818413
158.000000 294859.331504
159.000000 259371.631996
160.000000 233887.679277
161.000000 205254.761920
162.000000 176619.047801
163.000000 149203.382928
164.000000 122598.000816
165.000000 107484.984560
166.000000 92372.999100
167.000000 77259.292554
168.000000 62349.874700
169.000000 50781.154378
170.000000 39211.724208
171.000000 36378.685825
172.000000 28302.742433
173.000000 21863.023337
174.000000 17269.109710
175.000000 12675.226857
176.000000 9247.568450
177.000000 6549.475286
178.000000 5296.945768
179.000000 4439.554368
180.000000 3281.075799
181.000000 214.169034
182.000000 1084.156258
183.000000 68.060371
184.000000 381.682173
185.000000 96.845610
186.000000 31.045103
187.000000 35.438511
188.000000 5.268953
189.000000 18.190896
190.000000 2.875598
191.000000 5.457889
192.000000 5.200815
193.000000 4.725600
194.000000 1.893483
195.000000 36.501395
196.000000 5.186290
197.000000 0.861097
198.000000 0.963619
199.000000 1.005515
200.000000 1.888425
201.000000 1.449895
202.000000 0.952955
203.000000 0.927344
204.000000 0.972575
205.000000 1.018799
206.000000 1.053385
207.000000 1.098665
208.000000 1.156672
209.000000 1.221728
210.000000 1.305691
211.000000 1.398289
212.000000 1.507930
213.000000 1.642601
214.000000 1.780601
215.000000 1.959410
216.000000 2.131704
217.000000 2.344923
218.000000 2.567900
219.000000 2.813343
220.000000 3.092872
221.000000 3.371384
222.000000 3.714420
223.000000 4.055993
224.000000 4.428314
225.000000 4.828883
226.000000 5.229178
227.000000 5.691920
228.000000 6.156184
229.000000 6.659168
230.000000 7.208578
231.000000 7.748450
232.000000 8.186138
233.000000 8.827692
234.000000 9.294769
235.000000 9.930212
236.000000 10.462256
237.000000 11.064117
238.000000 11.662373
239.000000 12.178516
240.000000 12.949812
241.000000 13.357701
242.000000 13.960758
243.000000 14.428624
244.000000 15.068207
245.000000 15.293087
246.000000 16.003894
247.000000 16.161470
248.000000 16.622358
249.000000 17.156660
250.000000 17.358026
251.000000 17.231192
252.000000 17.893245
253.000000 17.620186
254.000000 17.929325
255.000000 17.842522
256.000000 17.890958
257.000000 17.536155
258.000000 17.364507
259.000000 17.780664
260.000000 16.650509
261.000000 16.996791
262.000000 16.291136
263.000000 15.880305
264.000000 15.465693
265.000000 14.981276
266.000000 14.672258
267.000000 13.690410
268.000000 13.545952
269.000000 12.530040
270.000000 12.404282
271.000000 11.450850
272.000000 11.061995
273.000000 10.307965
274.000000 9.518311
275.000000 9.088848
276.000000 8.352925
277.000000 7.820610
278.000000 7.224058
279.000000 6.666182
280.000000 6.229642
281.000000 5.639681
282.000000 4.990536
283.000000 4.624157
284.000000 4.211303
285.000000 3.817090
286.000000 3.457405
287.000000 3.117458
288.000000 2.729526
289.000000 2.457378
290.000000 2.191905
291.000000 1.976090
292.000000 1.706749
293.000000 1.546677
294.000000 1.335395
295.000000 1.201227
296.000000 1.039457
297.000000 0.922186
298.000000 0.789020
299.000000 0.708963
300.000000 0.608823
301.000000 0.535134
302.000000 0.472155
303.000000 0.405353
304.000000 0.366121
305.000000 0.312539
306.000000 0.277699
307.000000 0.245126
308.000000 0.212511
309.000000 0.195469
310.000000 0.160970
311.000000 0.146594
312.000000 0.122280
313.000000 0.105743
314.000000 0.100487
315.000000 0.081276
316.000000 0.077449
317.000000 0.065212
318.000000 0.062892
319.000000 0.046386
320.000000 0.054404
321.000000 0.036387
322.000000 0.041327
323.000000 0.038064
324.000000 0.024487
325.000000 0.035408
326.000000 0.024604
327.000000 0.019718
328.000000 0.028154
329.000000 0.017224
330.000000 0.015167
331.000000 0.019725
332.000000 0.014637
333.000000 0.013352
334.000000 0.016582
335.000000 0.012082
336.000000 0.010891
337.000000 0.012362
338.000000 0.011642
339.000000 0.010185
340.000000 0.010767
341.000000 0.010048
342.000000 0.009283
343.000000 0.009227
344.000000 0.010253
345.000000 0.009145
346.000000 0.008833
347.000000 0.008627
348.000000 0.008498
349.000000 0.008295
350.000000 0.008125
351.000000 0.008094
352.000000 0.008149
353.000000 0.007828
354.000000 0.007792
355.000000 0.007756
356.000000 0.007534
357.000000 0.007644
358.000000 0.007482
359.000000 0.007293
360.000000 0.007262
361.000000 0.007268
362.000000 0.007120
363.000000 0.007066
364.000000 0.006948
365.000000 0.007046
366.000000 0.006932
367.000000 0.006796
368.000000 0.006777
369.000000 0.006681
370.000000 0.006628
371.000000 0.006496
372.000000 0.006617
373.000000 0.006473
374.000000 0.006406
375.000000 0.006295
376.000000 0.006368
377.000000 0.006265
378.000000 0.006132
379.000000 0.006089
380.000000 0.006190
381.000000 0.006054
382.000000 0.005978
383.000000 0.005877
384.000000 0.005926
385.000000 0.005883
386.000000 0.005776
387.000000 0.005726
388.000000 0.005731
389.000000 0.005679
390.000000 0.005627
391.000000 0.005558
392.000000 0.005588
393.000000 0.005432
394.000000 0.005373
395.000000 0.005352
396.000000 0.005412
397.000000 0.005220
398.000000 0.005354
399.000000 0.005133
400.000000 0.005291
401.000000 0.005210
402.000000 0.005070
403.000000 0.004958
404.000000 0.005065
405.000000 0.004972
406.000000 0.004870
407.000000 0.004728
408.000000 0.004953
409.000000 0.004904
410.000000 0.004747
411.000000 0.004803
412.000000 0.004606
413.000000 0.004754
414.000000 0.004599
415.000000 0.004583
416.000000 0.004409
417.000000 0.004408
418.000000 0.004419
419.000000 0.004349
420.000000 0.004421
421.000000 0.004462
422.000000 0.004469
423.000000 0.004334
424.000000 0.004430
425.000000 0.004310
426.000000 0.004073
427.000000 0.004174
428.000000 0.004296
429.000000 0.004045
430.000000 0.003944
431.000000 0.004248
432.000000 0.003979
433.000000 0.003954
434.000000 0.004121
435.000000 0.004379
436.000000 0.003991
437.000000 0.003803
438.000000 0.003643
439.000000 0.004270
440.000000 0.004014
441.000000 0.003780
442.000000 0.003632
443.000000 0.003726
444.000000 0.003734
445.000000 0.003959
446.000000 0.003662
447.000000 0.003612
448.000000 0.004064
449.000000 0.003649
450.000000 0.003519
451.000000 0.003595
452.000000 0.003691
453.000000 0.003523
454.000000 0.003392
455.000000 0.003552
456.000000 0.003522
457.000000 0.003426
458.000000 0.003800
459.000000 0.003521
460.000000 0.003685
461.000000 0.003674
462.000000 0.003580
463.000000 0.003898
464.000000 0.003657
465.000000 0.003448
466.000000 0.003290
467.000000 0.003592
468.000000 0.003527
469.000000 0.003389
470.000000 0.003397
471.000000 0.003382
472.000000 0.003397
473.000000 0.003331
474.000000 0.003611
475.000000 0.003551
476.000000 0.003411
477.000000 0.003452
478.000000 0.003567
479.000000 0.003667
480.000000 0.003846
481.000000 0.003876
482.000000 0.003818
483.000000 0.003703
484.000000 0.003709
485.000000 0.003644
486.000000 0.003619
487.000000 0.003494
488.000000 0.003606
489.000000 0.003809
490.000000 0.003648
491.000000 0.003564
492.000000 0.003628
493.000000 0.003637
494.000000 0.003717
495.000000 0.003711
496.000000 0.003754
497.000000 0.003710
498.000000 0.003750
499.000000 0.003770
500.000000 0.003885
501.000000 0.004098
502.000000 0.004272
503.000000 0.004490
504.000000 0.004527
505.000000 0.004692
506.000000 0.004576
507.000000 0.004548
508.000000 0.004493
509.000000 0.004519
510.000000 0.004464
511.000000 0.004400
512.000000 0.004390
513.000000 0.004411
514.000000 0.004384
515.000000 0.004425
516.000000 0.004443
517.000000 0.004460
518.000000 0.004550
519.000000 0.004609
520.000000 0.004706
521.000000 0.004700
522.000000 0.004744
523.000000 0.004882
524.000000 0.004984
525.000000 0.005225
526.000000 0.005368
527.000000 0.005443
528.000000 0.005645
529.000000 0.005704
530.000000 0.005841
531.000000 0.005944
532.000000 0.006034
533.000000 0.006067
534.000000 0.006094
535.000000 0.006019
536.000000 0.005990
537.000000 0.005967
538.000000 0.006031
539.000000 0.006067
540.000000 0.006081
541.000000 0.006135
542.000000 0.006293
543.000000 0.006389
544.000000 0.006445
545.000000 0.006536
546.000000 0.006551
547.000000 0.006600
548.000000 0.006659
549.000000 0.006706
550.000000 0.006694
551.000000 0.006713
552.000000 0.006764
553.000000 0.006886
554.000000 0.006889
555.000000 0.006912
556.000000 0.006978
557.000000 0.007100
558.000000 0.007223
559.000000 0.007345
560.000000 0.007499
561.000000 0.007658
562.000000 0.007807
563.000000 0.007976
564.000000 0.008123
565.000000 0.008209
566.000000 0.008250
567.000000 0.008318
568.000000 0.008428
569.000000 0.008509
570.000000 0.008603
571.000000 0.008706
572.000000 0.008793
573.000000 0.008781
574.000000 0.008777
575.000000 0.008764
576.000000 0.008701
577.000000 0.008643
578.000000 0.008581
579.000000 0.008527
580.000000 0.008450
581.000000 0.008343
582.000000 0.008265
583.000000 0.008203
584.000000 0.008154
585.000000 0.008149
586.000000 0.008094
587.000000 0.008085
588.000000 0.008043
589.000000 0.008056
590.000000 0.008093
591.000000 0.008144
592.000000 0.008245
593.000000 0.008351
594.000000 0.008396
595.000000 0.008512
596.000000 0.008633
597.000000 0.008779
598.000000 0.008921
599.000000 0.009065
600.000000 0.009177
601.000000 0.009229
602.000000 0.009245
603.000000 0.009222
604.000000 0.009162
605.000000 0.009092
606.000000 0.008995
607.000000 0.008885
608.000000 0.008755
609.000000 0.008612
610.000000 0.008464
611.000000 0.008333
612.000000 0.008218
613.000000 0.008077
614.000000 0.007929
615.000000 0.007793
616.000000 0.007681
617.000000 0.007583
618.000000 0.007469
619.000000 0.007359
620.000000 0.007280
621.000000 0.007204
622.000000 0.007109
623.000000 0.007033
624.000000 0.006953
625.000000 0.006875
626.000000 0.006792
627.000000 0.006702
628.000000 0.006894
629.000000 0.006529
630.000000 0.006431
631.000000 0.006344
632.000000 0.006268
633.000000 0.006172
634.000000 0.006085
635.000000 0.005991
636.000000 0.005902
637.000000 0.005795
638.000000 0.005700
639.000000 0.005601
640.000000 0.005496
641.000000 0.005391
642.000000 0.005305
643.000000 0.005221
644.000000 0.005132
645.000000 0.005053
646.000000 0.004977
647.000000 0.004918
648.000000 0.004829
649.000000 0.004749
650.000000 0.004677
651.000000 0.004620
652.000000 0.004541
653.000000 0.004468
654.000000 0.004403
655.000000 0.004333
656.000000 0.004273
657.000000 0.004196
658.000000 0.004127
659.000000 0.004062
660.000000 0.004000
661.000000 0.003937
662.000000 0.003877
663.000000 0.003815
664.000000 0.003751
665.000000 0.003685
666.000000 0.003617
667.000000 0.003542
668.000000 0.003474
669.000000 0.003406
670.000000 0.003341
671.000000 0.003270
672.000000 0.003204
673.000000 0.003139
674.000000 0.003086
675.000000 0.003022
676.000000 0.002967
677.000000 0.002906
678.000000 0.002856
679.000000 0.002801
680.000000 0.002752
681.000000 0.002714
682.000000 0.002680
683.000000 0.002640
684.000000 0.002610
685.000000 0.002578
686.000000 0.002534
687.000000 0.257552
688.000000 0.002440
689.000000 0.002385
690.000000 0.017320
691.000000 0.002278
692.000000 0.002462
693.000000 0.002179
694.000000 0.002132
695.000000 0.002088
696.000000 0.002040
697.000000 0.001994
698.000000 0.001944
699.000000 0.001906
700.000000 0.001871
701.000000 0.001838
702.000000 0.001807
703.000000 0.001780
704.000000 0.001757
705.000000 0.001734
706.000000 0.001716
707.000000 0.001694
708.000000 0.001677
709.000000 0.001654
710.000000 0.001637
711.000000 0.001623
712.000000 0.001607
713.000000 0.001596
714.000000 0.001592
715.000000 0.001585
716.000000 0.001572
717.000000 0.001552
718.000000 0.001525
719.000000 0.001490
720.000000 0.001451
721.000000 0.001414
722.000000 0.001380
723.000000 0.001352
724.000000 0.001328
725.000000 0.001306
726.000000 0.001294
727.000000 0.001261
728.000000 0.001235
729.000000 0.001209
730.000000 0.001187
731.000000 0.001168
732.000000 0.001152
733.000000 0.001139
734.000000 0.001130
735.000000 0.001124
736.000000 0.001118
737.000000 0.001112
738.000000 0.001105
739.000000 0.001101
740.000000 0.001098
741.000000 0.001097
742.000000 0.001100
743.000000 0.001107
744.000000 0.001118
745.000000 0.001128
746.000000 0.001138
747.000000 0.001138
748.000000 0.001131
749.000000 0.001117
750.000000 0.001091
751.000000 0.001058
752.000000 0.001021
753.000000 0.000983
754.000000 0.000950
755.000000 0.000920
756.000000 0.000896
757.000000 0.000874
758.000000 0.000856
759.000000 0.000841
760.000000 0.000938
761.000000 0.002224
762.000000 0.000865
763.000000 0.001031
764.000000 0.000792
765.000000 0.000949
766.000000 0.001817
767.000000 0.000779
768.000000 0.000828
769.000000 0.000773
770.000000 0.000772
771.000000 0.000777
772.000000 0.000784
773.000000 0.000795
774.000000 0.000813
775.000000 0.000827
776.000000 0.000846
777.000000 0.000864
778.000000 0.000876
779.000000 0.000881
780.000000 0.000877
781.000000 0.000864
782.000000 0.000842
783.000000 0.000815
784.000000 0.000787
785.000000 0.000760
786.000000 0.000735
787.000000 0.000713
788.000000 0.000695
789.000000 0.000678
790.000000 0.000664
791.000000 0.000650
792.000000 0.000636
793.000000 0.000622
794.000000 0.000609
795.000000 0.000597
796.000000 0.000588
797.000000 0.000580
798.000000 0.000574
799.000000 0.000569
800.000000 0.000563
801.000000 0.000559
802.000000 0.000567
803.000000 0.000553
804.000000 0.000552
805.000000 0.000552
806.000000 0.000556
807.000000 0.000563
808.000000 0.000574
809.000000 0.000586
810.000000 0.000600
811.000000 0.000613
812.000000 0.000627
813.000000 0.000641
814.000000 0.000654
815.000000 0.000663
816.000000 0.000667
817.000000 0.000667
818.000000 0.000840
819.000000 0.000649
820.000000 0.000632
821.000000 0.000611
822.000000 0.000587
823.000000 0.000561
824.000000 0.000533
825.000000 0.000514
826.000000 0.000496
827.000000 0.000474
828.000000 0.000457
829.000000 0.000446
830.000000 0.000433
831.000000 0.000422
832.000000 0.000413
833.000000 0.000406
834.000000 0.000402
835.000000 0.000396
836.000000 0.000394
837.000000 0.000390
838.000000 0.000389
839.000000 0.000388
840.000000 0.000387
841.000000 0.000388
842.000000 0.000390
843.000000 0.000392
844.000000 0.000396
845.000000 0.000400
846.000000 0.000405
847.000000 0.000413
848.000000 0.000423
849.000000 0.000436
850.000000 0.000453
851.000000 0.000471
852.000000 0.000489
853.000000 0.000502
854.000000 0.000502
855.000000 0.000495
856.000000 0.000485
857.000000 0.000473
858.000000 0.000461
859.000000 0.000448
860.000000 0.000434
861.000000 0.000419
862.000000 0.000402
863.000000 0.000384
864.000000 0.000369
865.000000 0.000356
866.000000 0.000345
867.000000 0.000335
868.000000 0.000326
869.000000 0.000319
870.000000 0.000312
871.000000 0.000307
872.000000 0.000301
873.000000 0.000298
874.000000 0.000294
875.000000 0.000292
876.000000 0.000290
877.000000 0.000289
878.000000 0.000289
879.000000 0.000289
880.000000 0.000288
881.000000 0.000291
882.000000 0.000293
883.000000 0.000294
884.000000 0.000297
885.000000 0.000299
886.000000 0.000303
887.000000 0.000306
888.000000 0.000307
889.000000 0.000307
890.000000 0.000306
891.000000 0.000303
892.000000 0.000297
893.000000 0.000298
894.000000 0.000316
895.000000 0.000310
896.000000 0.000316
897.000000 0.000321
898.000000 0.000322
899.000000 0.000320
900.000000 0.000315
901.000000 0.000309
902.000000 0.000301
903.000000 0.000293
904.000000 0.000286
905.000000 0.000277
906.000000 0.000270
907.000000 0.000264
908.000000 0.000257
909.000000 0.000250
910.000000 0.000245
911.000000 0.000243
912.000000 0.000237
913.000000 0.000233
914.000000 0.000230
915.000000 0.000231
916.000000 0.000231
917.000000 0.000214
918.000000 0.000241
919.000000 0.000219
920.000000 0.000218
921.000000 0.000216
922.000000 0.000216
923.000000 0.000214
924.000000 0.000213
925.000000 0.000220
926.000000 0.000213
927.000000 0.000213
928.000000 0.000341
929.000000 0.000215
930.000000 0.000212
931.000000 0.000214
932.000000 0.000209
933.000000 0.000208
934.000000 0.000206
935.000000 0.000208
936.000000 0.000209
937.000000 0.000211
938.000000 0.022298
939.000000 0.000231
940.000000 0.000227
941.000000 0.000234
942.000000 0.000245
943.000000 0.000301
944.000000 0.000249
945.000000 0.000250
946.000000 0.000244
947.000000 0.000236
948.000000 0.000227
949.000000 0.000231
950.000000 0.000218
951.000000 0.000211
952.000000 0.000206
953.000000 0.000195
954.000000 0.000191
955.000000 0.000205
956.000000 0.000190
957.000000 0.000193
958.000000 0.000187
959.000000 0.000183
960.000000 0.000181
961.000000 0.000179
962.000000 0.000177
963.000000 0.000176
964.000000 0.000175
965.000000 0.000175
966.000000 0.000173
967.000000 0.000171
968.000000 0.000169
969.000000 0.000179
970.000000 0.000168
971.000000 0.000165
972.000000 0.000168
973.000000 0.000162
974.000000 0.000164
975.000000 0.000160
976.000000 0.000160
977.000000 0.000169
978.000000 0.000158
979.000000 0.000157
980.000000 0.000156
981.000000 0.000157
982.000000 0.000157
983.000000 0.000158
984.000000 0.000157
985.000000 0.000158
986.000000 0.000166
987.000000 0.000163
988.000000 0.000166
989.000000 0.000170
990.000000 0.000176
991.000000 0.000201
992.000000 0.000207
993.000000 0.000188
994.000000 0.000188
995.000000 0.000187
996.000000 0.000176
997.000000 0.000164
998.000000 0.000164
999.000000 0.000157
1000.000000 0.000155
The optical depth at z= 32.000000
1.000000 0.000000
2.000000 0.000000
3.000000 0.000000
4.000000 0.000000
5.000000 22205.996150
6.000000 32461.991558
7.000000 127731.252556
8.000000 170752.826052
9.000000 219631.044418
10.000000 279536.908244
11.000000 347150.843809
12.000000 423209.754940
13.000000 504505.348148
14.000000 597292.644266
15.000000 699547.898365
16.000000 799483.279085
17.000000 912473.472717
18.000000 1022279.643661
19.000000 1146262.561791
20.000000 1300274.594719
21.000000 1471556.511794
22.000000 1612036.102685
23.000000 1760764.054927
24.000000 1931659.315921
25.000000 2032959.451510
26.000000 2127815.611584
27.000000 2192256.084007
28.000000 2272162.221887
29.000000 2354093.675174
30.000000 2427371.288977
31.000000 2489970.932962
32.000000 2626261.864850
33.000000 2764056.599127
34.000000 2849976.948921
35.000000 3097191.803073
36.000000 3244755.110442
37.000000 3391940.089796
38.000000 3542968.530194
39.000000 3715528.935015
40.000000 3864430.283395
41.000000 4083332.054519
42.000000 4171453.661955
43.000000 4305654.256363
44.000000 4398848.501824
45.000000 4393042.410415
46.000000 4413622.530291
47.000000 4437658.960989
48.000000 4533114.877685
49.000000 4563786.790127
50.000000 4576460.917935
51.000000 4651274.653025
52.000000 4823207.008082
53.000000 4924512.615354
54.000000 4866853.278579
55.000000 4795773.704679
56.000000 4665795.879616
57.000000 4556783.557126
58.000000 4494652.668513
59.000000 4499122.950897
60.000000 4553251.563501
61.000000 4622829.660560
62.000000 4707849.096155
63.000000 4718068.452770
64.000000 4731248.066404
65.000000 4852600.435342
66.000000 4807774.845463
67.000000 4879393.233873
68.000000 4870175.793587
69.000000 4866754.238865
70.000000 4909850.745083
71.000000 4958345.138806
72.000000 5012502.044902
73.000000 5073647.769705
74.000000 5183391.583719
75.000000 5292625.527175
76.000000 5348291.962049
77.000000 5395071.825749
78.000000 5325130.528102
79.000000 5133312.513476
80.000000 4943244.744124
81.000000 4736616.602903
82.000000 4530067.593459
83.000000 4554423.644227
84.000000 5117985.678760
85.000000 5681648.098864
86.000000 6244866.512641
87.000000 6807850.510747
88.000000 7371209.512254
89.000000 7684735.049348
90.000000 7623310.327404
91.000000 7559623.978775
92.000000 7573650.294600
93.000000 7906069.017598
94.000000 8235145.205172
95.000000 8562721.276074
96.000000 8214744.888964
97.000000 7411478.873611
98.000000 6608556.885524
99.000000 5805746.629274
100.000000 4672392.442770
101.000000 3455195.023220
102.000000 2240302.282782
103.000000 1021008.174974
104.000000 825254.559896
105.000000 629763.654153
106.000000 434976.459948
107.000000 238957.397273
108.000000 43183.208736
109.000000 28280.845091
110.000000 10790.320810
111.000000 2032.027924
112.000000 44653.916113
113.000000 8656.859774
114.000000 3597.846149
115.000000 29700.184261
116.000000 2792.476749
117.000000 9306.247230
118.000000 7987.766449
119.000000 1841.852097
120.000000 61893.391017
121.000000 87805.640227
122.000000 3845.265064
123.000000 13995.282240
124.000000 7346.841338
125.000000 50680.281751
126.000000 14846.149595
127.000000 3060.220256
128.000000 9803.745173
129.000000 19160.816961
130.000000 21114.411746
131.000000 24549.390833
132.000000 41272.233516
133.000000 71668.053207
134.000000 88332.935603
135.000000 202045.185210
136.000000 321969.368994
137.000000 404042.450314
138.000000 486135.142606
139.000000 524511.395614
140.000000 503267.544660
141.000000 488906.311418
142.000000 515523.802385
143.000000 542145.174118
144.000000 539120.299831
145.000000 525680.383554
146.000000 512240.310778
147.000000 498799.426433
148.000000 485357.019724
149.000000 447606.128028
150.000000 459857.409682
151.000000 427065.132612
152.000000 394273.248964
153.000000 361481.364356
154.000000 326768.649636
155.000000 298674.926610
156.000000 267607.945705
157.000000 243862.346384
158.000000 219813.375522
159.000000 193357.829753
160.000000 174359.952011
161.000000 153014.512511
162.000000 131667.018255
163.000000 111229.056572
164.000000 91395.122402
165.000000 80128.599064
166.000000 68862.846026
167.000000 57595.785872
168.000000 46481.043790
169.000000 37856.723339
170.000000 29231.873036
171.000000 27119.889423
172.000000 21099.367642
173.000000 16298.647620
174.000000 12873.935973
175.000000 9449.251674
176.000000 6893.970992
177.000000 4882.571223
178.000000 3948.812982
179.000000 3251.078322
180.000000 2511.119017
181.000000 163.681974
182.000000 827.606997
183.000000 51.248597
184.000000 292.334048
185.000000 72.775446
186.000000 23.574181
187.000000 27.016310
188.000000 3.900595
189.000000 13.861755
190.000000 2.117672
191.000000 4.135800
192.000000 3.905785
193.000000 3.566045
194.000000 1.411665
195.000000 27.462665
196.000000 3.939104
197.000000 0.626552
198.000000 0.699227
199.000000 0.731260
200.000000 1.389819
201.000000 1.063241
202.000000 0.692605
203.000000 0.673303
204.000000 0.706214
205.000000 0.739806
206.000000 0.763978
207.000000 0.796020
208.000000 0.836926
209.000000 0.882852
210.000000 0.942247
211.000000 1.007592
212.000000 1.085204
213.000000 1.180667
214.000000 1.278482
215.000000 1.405447
216.000000 1.527461
217.000000 1.678677
218.000000 1.836781
219.000000 2.010881
220.000000 2.209330
221.000000 2.407021
222.000000 2.650655
223.000000 2.893197
224.000000 3.157573
225.000000 3.442039
226.000000 3.726350
227.000000 4.054947
228.000000 4.384731
229.000000 4.742182
230.000000 5.132137
231.000000 5.509684
232.000000 5.825981
233.000000 6.280836
234.000000 6.615045
235.000000 7.067089
236.000000 7.445483
237.000000 7.872263
238.000000 8.297194
239.000000 8.665182
240.000000 9.212674
241.000000 9.502580
242.000000 9.931052
243.000000 10.262619
244.000000 10.717312
245.000000 10.876981
246.000000 11.381536
247.000000 11.494538
248.000000 11.821979
249.000000 12.201458
250.000000 12.344909
251.000000 12.255375
252.000000 12.725401
253.000000 12.531703
254.000000 12.751281
255.000000 12.689326
256.000000 12.724607
257.000000 12.472024
258.000000 12.349659
259.000000 12.645464
260.000000 11.843115
261.000000 12.088241
262.000000 11.586838
263.000000 11.295670
264.000000 10.999320
265.000000 10.656530
266.000000 10.436005
267.000000 9.738697
268.000000 9.634881
269.000000 8.912984
270.000000 8.822306
271.000000 8.144957
272.000000 7.867874
273.000000 7.332421
274.000000 6.771758
275.000000 6.466081
276.000000 5.943137
277.000000 5.564553
278.000000 5.141159
279.000000 4.744008
280.000000 4.432413
281.000000 4.012424
282.000000 3.551389
283.000000 3.291202
284.000000 2.998491
285.000000 2.717993
286.000000 2.461657
287.000000 2.219659
288.000000 1.943472
289.000000 1.749691
290.000000 1.560760
291.000000 1.407213
292.000000 1.215915
293.000000 1.101808
294.000000 0.951595
295.000000 0.856041
296.000000 0.740995
297.000000 0.657424
298.000000 0.562729
299.000000 0.505612
300.000000 0.434394
301.000000 0.381951
302.000000 0.337016
303.000000 0.289545
304.000000 0.261442
305.000000 0.223367
306.000000 0.198470
307.000000 0.175290
308.000000 0.152025
309.000000 0.139870
310.000000 0.115362
311.000000 0.105068
312.000000 0.088123
313.000000 0.076272
314.000000 0.072433
315.000000 0.058735
316.000000 0.055923
317.000000 0.047181
318.000000 0.045439
319.000000 0.033742
320.000000 0.039257
321.000000 0.026553
322.000000 0.029891
323.000000 0.027604
324.000000 0.017972
325.000000 0.025573
326.000000 0.017980
327.000000 0.014467
328.000000 0.020356
329.000000 0.012684
330.000000 0.011158
331.000000 0.014362
332.000000 0.010770
333.000000 0.009812
334.000000 0.012109
335.000000 0.008896
336.000000 0.008033
337.000000 0.009074
338.000000 0.008550
339.000000 0.007507
340.000000 0.007913
341.000000 0.007389
342.000000 0.006839
343.000000 0.006806
344.000000 0.007503
345.000000 0.006723
346.000000 0.006506
347.000000 0.006346
348.000000 0.006246
349.000000 0.006099
350.000000 0.005981
351.000000 0.005949
352.000000 0.005983
353.000000 0.005758
354.000000 0.005722
355.000000 0.005690
356.000000 0.005533
357.000000 0.005607
358.000000 0.005490
359.000000 0.005354
360.000000 0.005327
361.000000 0.005327
362.000000 0.005220
363.000000 0.005179
364.000000 0.005094
365.000000 0.005157
366.000000 0.005076
367.000000 0.004978
368.000000 0.004960
369.000000 0.004891
370.000000 0.004851
371.000000 0.004758
372.000000 0.004836
373.000000 0.004734
374.000000 0.004685
375.000000 0.004605
376.000000 0.004652
377.000000 0.004578
378.000000 0.004484
379.000000 0.004451
380.000000 0.004517
381.000000 0.004421
382.000000 0.004365
383.000000 0.004293
384.000000 0.004323
385.000000 0.004292
386.000000 0.004215
387.000000 0.004178
388.000000 0.004178
389.000000 0.004140
390.000000 0.004102
391.000000 0.004052
392.000000 0.004070
393.000000 0.003961
394.000000 0.003918
395.000000 0.003901
396.000000 0.003939
397.000000 0.003806
398.000000 0.003894
399.000000 0.003742
400.000000 0.003846
401.000000 0.003788
402.000000 0.003691
403.000000 0.003612
404.000000 0.003683
405.000000 0.003616
406.000000 0.003545
407.000000 0.003446
408.000000 0.003597
409.000000 0.003562
410.000000 0.003453
411.000000 0.003489
412.000000 0.003352
413.000000 0.003452
414.000000 0.003344
415.000000 0.003330
416.000000 0.003209
417.000000 0.003207
418.000000 0.003212
419.000000 0.003163
420.000000 0.003210
421.000000 0.003236
422.000000 0.003239
423.000000 0.003146
424.000000 0.003210
425.000000 0.003126
426.000000 0.002963
427.000000 0.003030
428.000000 0.003110
429.000000 0.002938
430.000000 0.002868
431.000000 0.003073
432.000000 0.002889
433.000000 0.002870
434.000000 0.002982
435.000000 0.003154
436.000000 0.002890
437.000000 0.002761
438.000000 0.002651
439.000000 0.003076
440.000000 0.002901
441.000000 0.002741
442.000000 0.002640
443.000000 0.002702
444.000000 0.002707
445.000000 0.002858
446.000000 0.002654
447.000000 0.002618
448.000000 0.002924
449.000000 0.002642
450.000000 0.002553
451.000000 0.002603
452.000000 0.002666
453.000000 0.002551
454.000000 0.002460
455.000000 0.002569
456.000000 0.002548
457.000000 0.002482
458.000000 0.002737
459.000000 0.002548
460.000000 0.002660
461.000000 0.002653
462.000000 0.002589
463.000000 0.002803
464.000000 0.002637
465.000000 0.002493
466.000000 0.002383
467.000000 0.002586
468.000000 0.002542
469.000000 0.002449
470.000000 0.002454
471.000000 0.002443
472.000000 0.002452
473.000000 0.002407
474.000000 0.002597
475.000000 0.002556
476.000000 0.002461
477.000000 0.002491
478.000000 0.002570
479.000000 0.002641
480.000000 0.002764
481.000000 0.002786
482.000000 0.002749
483.000000 0.002669
484.000000 0.002672
485.000000 0.002626
486.000000 0.002606
487.000000 0.002519
488.000000 0.002594
489.000000 0.002731
490.000000 0.002623
491.000000 0.002566
492.000000 0.002610
493.000000 0.002616
494.000000 0.002669
495.000000 0.002666
496.000000 0.002695
497.000000 0.002666
498.000000 0.002694
499.000000 0.002710
500.000000 0.002791
501.000000 0.002941
502.000000 0.003063
503.000000 0.003215
504.000000 0.003243
505.000000 0.003358
506.000000 0.003280
507.000000 0.003260
508.000000 0.003222
509.000000 0.003237
510.000000 0.003198
511.000000 0.003153
512.000000 0.003146
513.000000 0.003160
514.000000 0.003143
515.000000 0.003171
516.000000 0.003185
517.000000 0.003196
518.000000 0.003258
519.000000 0.003300
520.000000 0.003366
521.000000 0.003363
522.000000 0.003395
523.000000 0.003493
524.000000 0.003566
525.000000 0.003734
526.000000 0.003835
527.000000 0.003891
528.000000 0.004032
529.000000 0.004076
530.000000 0.004173
531.000000 0.004246
532.000000 0.004311
533.000000 0.004335
534.000000 0.004353
535.000000 0.004302
536.000000 0.004282
537.000000 0.004265
538.000000 0.004309
539.000000 0.004333
540.000000 0.004344
541.000000 0.004383
542.000000 0.004492
543.000000 0.004560
544.000000 0.004600
545.000000 0.004664
546.000000 0.004675
547.000000 0.004710
548.000000 0.004752
549.000000 0.004785
550.000000 0.004778
551.000000 0.004792
552.000000 0.004828
553.000000 0.004912
554.000000 0.004916
555.000000 0.004933
556.000000 0.004980
557.000000 0.005066
558.000000 0.005153
559.000000 0.005239
560.000000 0.005348
561.000000 0.005462
562.000000 0.005568
563.000000 0.005687
564.000000 0.005790
565.000000 0.005851
566.000000 0.005881
567.000000 0.005930
568.000000 0.006007
569.000000 0.006064
570.000000 0.006131
571.000000 0.006204
572.000000 0.006264
573.000000 0.006257
574.000000 0.006254
575.000000 0.006246
576.000000 0.006202
577.000000 0.006161
578.000000 0.006116
579.000000 0.006077
580.000000 0.006022
581.000000 0.005947
582.000000 0.005891
583.000000 0.005847
584.000000 0.005812
585.000000 0.005807
586.000000 0.005769
587.000000 0.005761
588.000000 0.005732
589.000000 0.005741
590.000000 0.005766
591.000000 0.005802
592.000000 0.005872
593.000000 0.005946
594.000000 0.005980
595.000000 0.006062
596.000000 0.006148
597.000000 0.006252
598.000000 0.006353
599.000000 0.006455
600.000000 0.006534
601.000000 0.006572
602.000000 0.006583
603.000000 0.006567
604.000000 0.006525
605.000000 0.006475
606.000000 0.006406
607.000000 0.006328
608.000000 0.006235
609.000000 0.006135
610.000000 0.006029
611.000000 0.005935
612.000000 0.005853
613.000000 0.005753
614.000000 0.005648
615.000000 0.005551
616.000000 0.005471
617.000000 0.005401
618.000000 0.005320
619.000000 0.005242
620.000000 0.005186
621.000000 0.005132
622.000000 0.005064
623.000000 0.005010
624.000000 0.004953
625.000000 0.004897
626.000000 0.004838
627.000000 0.004775
628.000000 0.004928
629.000000 0.004652
630.000000 0.004582
631.000000 0.004520
632.000000 0.004466
633.000000 0.004398
634.000000 0.004336
635.000000 0.004270
636.000000 0.004207
637.000000 0.004131
638.000000 0.004063
639.000000 0.003993
640.000000 0.003918
641.000000 0.003843
642.000000 0.003783
643.000000 0.003723
644.000000 0.003659
645.000000 0.003603
646.000000 0.003549
647.000000 0.003506
648.000000 0.003443
649.000000 0.003386
650.000000 0.003335
651.000000 0.003295
652.000000 0.003238
653.000000 0.003186
654.000000 0.003140
655.000000 0.003089
656.000000 0.003047
657.000000 0.002993
658.000000 0.002943
659.000000 0.002897
660.000000 0.002853
661.000000 0.002808
662.000000 0.002766
663.000000 0.002721
664.000000 0.002675
665.000000 0.002629
666.000000 0.002581
667.000000 0.002527
668.000000 0.002478
669.000000 0.002430
670.000000 0.002384
671.000000 0.002333
672.000000 0.002287
673.000000 0.002239
674.000000 0.002203
675.000000 0.002156
676.000000 0.002117
677.000000 0.002074
678.000000 0.002039
679.000000 0.001999
680.000000 0.001965
681.000000 0.001937
682.000000 0.001913
683.000000 0.001885
684.000000 0.001863
685.000000 0.001841
686.000000 0.001809
687.000000 0.193171
688.000000 0.001741
689.000000 0.001703
690.000000 0.012936
691.000000 0.001627
692.000000 0.001746
693.000000 0.001556
694.000000 0.001523
695.000000 0.001492
696.000000 0.001458
697.000000 0.001424
698.000000 0.001389
699.000000 0.001361
700.000000 0.001337
701.000000 0.001313
702.000000 0.001291
703.000000 0.001272
704.000000 0.001255
705.000000 0.001239
706.000000 0.001226
707.000000 0.001210
708.000000 0.001198
709.000000 0.001181
710.000000 0.001169
711.000000 0.001159
712.000000 0.001148
713.000000 0.001140
714.000000 0.001136
715.000000 0.001131
716.000000 0.001122
717.000000 0.001108
718.000000 0.001089
719.000000 0.001063
720.000000 0.001036
721.000000 0.001010
722.000000 0.000986
723.000000 0.000966
724.000000 0.000948
725.000000 0.000933
726.000000 0.000925
727.000000 0.000901
728.000000 0.000882
729.000000 0.000864
730.000000 0.000848
731.000000 0.000834
732.000000 0.000823
733.000000 0.000813
734.000000 0.000807
735.000000 0.000803
736.000000 0.000798
737.000000 0.000794
738.000000 0.000789
739.000000 0.000787
740.000000 0.000784
741.000000 0.000783
742.000000 0.000785
743.000000 0.000790
744.000000 0.000797
745.000000 0.000804
746.000000 0.000812
747.000000 0.000811
748.000000 0.000806
749.000000 0.000796
750.000000 0.000778
751.000000 0.000755
752.000000 0.000728
753.000000 0.000702
754.000000 0.000678
755.000000 0.000657
756.000000 0.000640
757.000000 0.000625
758.000000 0.000611
759.000000 0.000601
760.000000 0.000671
761.000000 0.001626
762.000000 0.000610
763.000000 0.000705
764.000000 0.000565
765.000000 0.000677
766.000000 0.001365
767.000000 0.000556
768.000000 0.000588
769.000000 0.000552
770.000000 0.000551
771.000000 0.000554
772.000000 0.000559
773.000000 0.000567
774.000000 0.000580
775.000000 0.000590
776.000000 0.000603
777.000000 0.000615
778.000000 0.000624
779.000000 0.000627
780.000000 0.000624
781.000000 0.000615
782.000000 0.000600
783.000000 0.000580
784.000000 0.000561
785.000000 0.000542
786.000000 0.000524
787.000000 0.000509
788.000000 0.000496
789.000000 0.000484
790.000000 0.000473
791.000000 0.000464
792.000000 0.000453
793.000000 0.000444
794.000000 0.000434
795.000000 0.000426
796.000000 0.000420
797.000000 0.000414
798.000000 0.000410
799.000000 0.000406
800.000000 0.000402
801.000000 0.000399
802.000000 0.000405
803.000000 0.000394
804.000000 0.000394
805.000000 0.000394
806.000000 0.000396
807.000000 0.000402
808.000000 0.000409
809.000000 0.000418
810.000000 0.000427
811.000000 0.000437
812.000000 0.000447
813.000000 0.000456
814.000000 0.000465
815.000000 0.000471
816.000000 0.000475
817.000000 0.000475
818.000000 0.000606
819.000000 0.000462
820.000000 0.000450
821.000000 0.000435
822.000000 0.000418
823.000000 0.000399
824.000000 0.000380
825.000000 0.000367
826.000000 0.000353
827.000000 0.000338
828.000000 0.000326
829.000000 0.000318
830.000000 0.000309
831.000000 0.000301
832.000000 0.000295
833.000000 0.000290
834.000000 0.000287
835.000000 0.000282
836.000000 0.000281
837.000000 0.000278
838.000000 0.000277
839.000000 0.000276
840.000000 0.000276
841.000000 0.000276
842.000000 0.000277
843.000000 0.000279
844.000000 0.000282
845.000000 0.000285
846.000000 0.000288
847.000000 0.000294
848.000000 0.000301
849.000000 0.000310
850.000000 0.000322
851.000000 0.000334
852.000000 0.000347
853.000000 0.000356
854.000000 0.000357
855.000000 0.000352
856.000000 0.000344
857.000000 0.000336
858.000000 0.000328
859.000000 0.000319
860.000000 0.000309
861.000000 0.000298
862.000000 0.000286
863.000000 0.000273
864.000000 0.000263
865.000000 0.000254
866.000000 0.000246
867.000000 0.000238
868.000000 0.000232
869.000000 0.000227
870.000000 0.000222
871.000000 0.000218
872.000000 0.000215
873.000000 0.000212
874.000000 0.000210
875.000000 0.000208
876.000000 0.000207
877.000000 0.000206
878.000000 0.000205
879.000000 0.000205
880.000000 0.000205
881.000000 0.000207
882.000000 0.000208
883.000000 0.000209
884.000000 0.000211
885.000000 0.000212
886.000000 0.000215
887.000000 0.000217
888.000000 0.000218
889.000000 0.000218
890.000000 0.000217
891.000000 0.000215
892.000000 0.000211
893.000000 0.000212
894.000000 0.000226
895.000000 0.000220
896.000000 0.000224
897.000000 0.000227
898.000000 0.000229
899.000000 0.000227
900.000000 0.000224
901.000000 0.000219
902.000000 0.000214
903.000000 0.000208
904.000000 0.000203
905.000000 0.000197
906.000000 0.000192
907.000000 0.000187
908.000000 0.000182
909.000000 0.000178
910.000000 0.000174
911.000000 0.000173
912.000000 0.000168
913.000000 0.000166
914.000000 0.000163
915.000000 0.000164
916.000000 0.000165
917.000000 0.000153
918.000000 0.000172
919.000000 0.000155
920.000000 0.000154
921.000000 0.000154
922.000000 0.000153
923.000000 0.000152
924.000000 0.000151
925.000000 0.000156
926.000000 0.000151
927.000000 0.000151
928.000000 0.000254
929.000000 0.000153
930.000000 0.000151
931.000000 0.000152
932.000000 0.000148
933.000000 0.000148
934.000000 0.000146
935.000000 0.000147
936.000000 0.000148
937.000000 0.000150
938.000000 0.016732
939.000000 0.000163
940.000000 0.000161
941.000000 0.000166
942.000000 0.000173
943.000000 0.000208
944.000000 0.000176
945.000000 0.000176
946.000000 0.000172
947.000000 0.000167
948.000000 0.000161
949.000000 0.000165
950.000000 0.000154
951.000000 0.000150
952.000000 0.000145
953.000000 0.000138
954.000000 0.000136
955.000000 0.000145
956.000000 0.000134
957.000000 0.000136
958.000000 0.000133
959.000000 0.000130
960.000000 0.000128
961.000000 0.000126
962.000000 0.000125
963.000000 0.000124
964.000000 0.000124
965.000000 0.000123
966.000000 0.000122
967.000000 0.000121
968.000000 0.000119
969.000000 0.000128
970.000000 0.000119
971.000000 0.000117
972.000000 0.000120
973.000000 0.000115
974.000000 0.000116
975.000000 0.000113
976.000000 0.000113
977.000000 0.000121
978.000000 0.000112
979.000000 0.000111
980.000000 0.000111
981.000000 0.000111
982.000000 0.000111
983.000000 0.000111
984.000000 0.000111
985.000000 0.000112
986.000000 0.000118
987.000000 0.000115
988.000000 0.000117
989.000000 0.000120
990.000000 0.000124
991.000000 0.000142
992.000000 0.000146
993.000000 0.000133
994.000000 0.000133
995.000000 0.000132
996.000000 0.000124
997.000000 0.000116
998.000000 0.000116
999.000000 0.000111
1000.000000 0.000109
The optical depth at z= 34.000000
1.000000 0.000000
2.000000 0.000000
3.000000 0.000000
4.000000 0.000000
5.000000 16679.662031
6.000000 24383.281182
7.000000 95943.195598
8.000000 128258.131671
9.000000 164972.188944
10.000000 209969.476901
11.000000 260756.554612
12.000000 317886.934122
13.000000 378950.760868
14.000000 448646.386906
15.000000 525453.711556
16.000000 600518.500907
17.000000 685389.194788
18.000000 767868.264045
19.000000 860995.958286
20.000000 976679.519400
21.000000 1105335.063064
22.000000 1210853.956604
23.000000 1322568.469468
24.000000 1450933.582919
25.000000 1527023.488341
26.000000 1598273.109820
27.000000 1646676.498118
28.000000 1706696.662500
29.000000 1768238.109159
30.000000 1823279.361716
31.000000 1870300.046304
32.000000 1972672.695647
33.000000 2076174.904446
34.000000 2140712.538582
35.000000 2326403.831340
36.000000 2437243.537714
37.000000 2547799.068353
38.000000 2661241.556039
39.000000 2790857.410126
40.000000 2902702.162352
41.000000 3067126.562083
42.000000 3133317.641835
43.000000 3234120.172325
44.000000 3304121.475564
45.000000 3299760.337930
46.000000 3315218.749476
47.000000 3333273.319752
48.000000 3404973.434475
49.000000 3428012.135429
50.000000 3437532.098276
51.000000 3493727.190269
52.000000 3622871.299212
53.000000 3698965.063543
54.000000 3655655.218613
55.000000 3602264.988911
56.000000 3504634.329796
57.000000 3422751.555070
58.000000 3376082.976189
59.000000 3379440.748429
60.000000 3420098.541943
61.000000 3472360.956072
62.000000 3536221.871399
63.000000 3543897.957581
64.000000 3553797.593244
65.000000 3644949.377877
66.000000 3611279.377400
67.000000 3665074.319756
68.000000 3658150.784283
69.000000 3655580.730887
70.000000 3687951.941586
71.000000 3724377.684483
72.000000 3765056.718638
73.000000 3810985.285327
74.000000 3893417.486008
75.000000 3975466.706240
76.000000 4017279.591741
77.000000 4052417.480042
78.000000 3999882.234722
79.000000 3855801.349693
80.000000 3713035.136567
81.000000 3557829.876084
82.000000 3402684.054412
83.000000 3420978.675278
84.000000 3844288.811574
85.000000 4267674.412818
86.000000 4690726.477286
87.000000 5113602.439391
88.000000 5536760.053563
89.000000 5772259.468991
90.000000 5726121.302175
91.000000 5678284.353247
92.000000 5688819.960788
93.000000 5938510.665799
94.000000 6185690.699807
95.000000 6431743.936184
96.000000 6170367.292113
97.000000 5567007.523785
98.000000 4963906.149451
99.000000 4360888.712843
100.000000 3509588.810531
101.000000 2595311.469087
102.000000 1682765.237611
103.000000 766912.995170
104.000000 619875.960574
105.000000 473036.262213
106.000000 326725.136735
107.000000 179488.820341
108.000000 32437.224256
109.000000 21269.358987
110.000000 8105.129744
111.000000 1522.953398
112.000000 33530.417591
113.000000 6488.533826
114.000000 2701.125543
115.000000 22311.458589
116.000000 2097.549681
117.000000 6989.834629
118.000000 5999.444076
119.000000 1382.881510
120.000000 46489.255298
121.000000 65952.434300
122.000000 2887.059235
123.000000 10510.931636
124.000000 5517.987755
125.000000 38067.252715
126.000000 11151.164859
127.000000 2298.426153
128.000000 7363.667588
129.000000 14391.989379
130.000000 15859.243814
131.000000 18439.264155
132.000000 31000.400169
133.000000 53831.709032
134.000000 66349.077637
135.000000 151762.212098
136.000000 241841.255376
137.000000 303489.322159
138.000000 365151.979090
139.000000 393977.728552
140.000000 378020.797070
141.000000 367233.580489
142.000000 387226.871187
143.000000 407223.110565
144.000000 404951.057199
145.000000 394855.901658
146.000000 384760.632547
147.000000 374664.759664
148.000000 364567.734553
149.000000 336211.794634
150.000000 345414.181088
151.000000 320782.823094
152.000000 296151.760791
153.000000 271520.697101
154.000000 245446.831974
155.000000 224344.707398
156.000000 201009.288652
157.000000 183173.170552
158.000000 165109.187651
159.000000 145237.552545
160.000000 130967.634982
161.000000 114934.349922
162.000000 98899.540980
163.000000 83547.914769
164.000000 68649.976741
165.000000 60187.320590
166.000000 51725.244449
167.000000 43262.170934
168.000000 34913.524031
169.000000 28435.503497
170.000000 21957.084539
171.000000 20370.706891
172.000000 15848.476638
173.000000 12242.493470
174.000000 9670.068076
175.000000 7097.666074
176.000000 5178.302431
177.000000 3667.466375
178.000000 2966.079676
179.000000 2404.135787
180.000000 1928.264320
181.000000 125.531375
182.000000 634.157929
183.000000 38.810307
184.000000 224.607004
185.000000 55.024838
186.000000 17.973055
187.000000 20.666988
188.000000 2.900739
189.000000 10.595515
190.000000 1.563528
191.000000 3.140129
192.000000 2.943044
193.000000 2.697764
194.000000 1.052174
195.000000 20.782842
196.000000 2.998432
197.000000 0.453636
198.000000 0.506056
199.000000 0.530885
200.000000 1.025868
201.000000 0.780870
202.000000 0.502247
203.000000 0.487499
204.000000 0.511345
205.000000 0.535653
206.000000 0.552129
207.000000 0.574412
208.000000 0.602709
209.000000 0.634544
210.000000 0.675852
211.000000 0.721135
212.000000 0.775181
213.000000 0.841808
214.000000 0.910070
215.000000 0.998907
216.000000 1.083958
217.000000 1.189589
218.000000 1.299996
219.000000 1.421645
220.000000 1.560494
221.000000 1.698773
222.000000 1.869346
223.000000 2.039095
224.000000 2.224125
225.000000 2.423252
226.000000 2.622294
227.000000 2.852308
228.000000 3.083250
229.000000 3.333741
230.000000 3.606660
231.000000 3.867274
232.000000 4.092282
233.000000 4.410360
234.000000 4.646006
235.000000 4.963107
236.000000 5.228460
237.000000 5.526955
238.000000 5.824627
239.000000 6.083293
240.000000 6.466655
241.000000 6.669824
242.000000 6.970102
243.000000 7.201637
244.000000 7.520324
245.000000 7.632105
246.000000 7.985426
247.000000 8.065301
248.000000 8.294804
249.000000 8.560704
250.000000 8.661495
251.000000 8.599102
252.000000 8.928332
253.000000 8.792748
254.000000 8.946616
255.000000 8.902998
256.000000 8.928281
257.000000 8.750904
258.000000 8.664861
259.000000 8.872283
260.000000 8.310263
261.000000 8.481497
262.000000 8.130003
263.000000 7.926368
264.000000 7.717494
265.000000 7.478099
266.000000 7.322890
267.000000 6.834288
268.000000 6.760754
269.000000 6.254666
270.000000 6.190247
271.000000 5.715487
272.000000 5.520741
273.000000 5.145587
274.000000 4.752827
275.000000 4.538205
276.000000 4.171591
277.000000 3.905973
278.000000 3.609479
279.000000 3.330585
280.000000 3.111241
281.000000 2.816312
282.000000 2.493258
283.000000 2.310952
284.000000 2.106170
285.000000 1.909282
286.000000 1.729095
287.000000 1.559160
288.000000 1.365199
289.000000 1.229092
290.000000 1.096454
291.000000 0.988684
292.000000 0.854632
293.000000 0.774402
294.000000 0.669042
295.000000 0.601913
296.000000 0.521198
297.000000 0.462453
298.000000 0.396021
299.000000 0.355829
300.000000 0.305860
301.000000 0.269041
302.000000 0.237419
303.000000 0.204135
304.000000 0.184286
305.000000 0.157591
306.000000 0.140045
307.000000 0.123769
308.000000 0.107399
309.000000 0.098847
310.000000 0.081668
311.000000 0.074397
312.000000 0.062729
313.000000 0.054355
314.000000 0.051594
315.000000 0.041958
316.000000 0.039926
317.000000 0.033765
318.000000 0.032480
319.000000 0.024300
320.000000 0.028045
321.000000 0.019202
322.000000 0.021428
323.000000 0.019843
324.000000 0.013098
325.000000 0.018323
326.000000 0.013052
327.000000 0.010561
328.000000 0.014618
329.000000 0.009299
330.000000 0.008186
331.000000 0.010409
332.000000 0.007904
333.000000 0.007199
334.000000 0.008811
335.000000 0.006546
336.000000 0.005929
337.000000 0.006654
338.000000 0.006278
339.000000 0.005538
340.000000 0.005818
341.000000 0.005438
342.000000 0.005048
343.000000 0.005030
344.000000 0.005495
345.000000 0.004952
346.000000 0.004799
347.000000 0.004677
348.000000 0.004600
349.000000 0.004493
350.000000 0.004414
351.000000 0.004381
352.000000 0.004402
353.000000 0.004246
354.000000 0.004209
355.000000 0.004180
356.000000 0.004073
357.000000 0.004117
358.000000 0.004033
359.000000 0.003938
360.000000 0.003915
361.000000 0.003909
362.000000 0.003832
363.000000 0.003800
364.000000 0.003740
365.000000 0.003776
366.000000 0.003718
367.000000 0.003649
368.000000 0.003632
369.000000 0.003582
370.000000 0.003552
371.000000 0.003487
372.000000 0.003531
373.000000 0.003461
374.000000 0.003426
375.000000 0.003370
376.000000 0.003394
377.000000 0.003343
378.000000 0.003278
379.000000 0.003253
380.000000 0.003290
381.000000 0.003224
382.000000 0.003184
383.000000 0.003134
384.000000 0.003149
385.000000 0.003124
386.000000 0.003072
387.000000 0.003044
388.000000 0.003040
389.000000 0.003012
390.000000 0.002984
391.000000 0.002948
392.000000 0.002955
393.000000 0.002882
394.000000 0.002851
395.000000 0.002836
396.000000 0.002857
397.000000 0.002769
398.000000 0.002821
399.000000 0.002722
400.000000 0.002784
401.000000 0.002743
402.000000 0.002678
403.000000 0.002625
404.000000 0.002666
405.000000 0.002620
406.000000 0.002572
407.000000 0.002506
408.000000 0.002600
409.000000 0.002575
410.000000 0.002503
411.000000 0.002522
412.000000 0.002432
413.000000 0.002493
414.000000 0.002421
415.000000 0.002410
416.000000 0.002330
417.000000 0.002325
418.000000 0.002326
419.000000 0.002293
420.000000 0.002320
421.000000 0.002334
422.000000 0.002333
423.000000 0.002272
424.000000 0.002311
425.000000 0.002256
426.000000 0.002150
427.000000 0.002189
428.000000 0.002237
429.000000 0.002126
430.000000 0.002078
431.000000 0.002206
432.000000 0.002088
433.000000 0.002074
434.000000 0.002143
435.000000 0.002249
436.000000 0.002080
437.000000 0.001996
438.000000 0.001925
439.000000 0.002194
440.000000 0.002082
441.000000 0.001980
442.000000 0.001914
443.000000 0.001952
444.000000 0.001954
445.000000 0.002046
446.000000 0.001915
447.000000 0.001889
448.000000 0.002081
449.000000 0.001903
450.000000 0.001845
451.000000 0.001876
452.000000 0.001913
453.000000 0.001838
454.000000 0.001779
455.000000 0.001847
456.000000 0.001833
457.000000 0.001792
458.000000 0.001954
459.000000 0.001836
460.000000 0.001908
461.000000 0.001904
462.000000 0.001863
463.000000 0.001995
464.000000 0.001887
465.000000 0.001792
466.000000 0.001720
467.000000 0.001847
468.000000 0.001820
469.000000 0.001761
470.000000 0.001764
471.000000 0.001756
472.000000 0.001760
473.000000 0.001730
474.000000 0.001851
475.000000 0.001824
476.000000 0.001766
477.000000 0.001787
478.000000 0.001841
479.000000 0.001890
480.000000 0.001971
481.000000 0.001988
482.000000 0.001966
483.000000 0.001915
484.000000 0.001914
485.000000 0.001881
486.000000 0.001865
487.000000 0.001807
488.000000 0.001853
489.000000 0.001940
490.000000 0.001873
491.000000 0.001838
492.000000 0.001866
493.000000 0.001869
494.000000 0.001902
495.000000 0.001900
496.000000 0.001919
497.000000 0.001902
498.000000 0.001923
499.000000 0.001937
500.000000 0.001994
501.000000 0.002096
502.000000 0.002180
503.000000 0.002282
504.000000 0.002305
505.000000 0.002381
506.000000 0.002332
507.000000 0.002319
508.000000 0.002292
509.000000 0.002298
510.000000 0.002271
511.000000 0.002241
512.000000 0.002235
513.000000 0.002245
514.000000 0.002236
515.000000 0.002256
516.000000 0.002266
517.000000 0.002275
518.000000 0.002314
519.000000 0.002343
520.000000 0.002387
521.000000 0.002387
522.000000 0.002411
523.000000 0.002477
524.000000 0.002529
525.000000 0.002642
526.000000 0.002713
527.000000 0.002755
528.000000 0.002851
529.000000 0.002885
530.000000 0.002953
531.000000 0.003005
532.000000 0.003050
533.000000 0.003068
534.000000 0.003079
535.000000 0.003047
536.000000 0.003032
537.000000 0.003021
538.000000 0.003048
539.000000 0.003064
540.000000 0.003074
541.000000 0.003102
542.000000 0.003174
543.000000 0.003222
544.000000 0.003250
545.000000 0.003293
546.000000 0.003303
547.000000 0.003327
548.000000 0.003356
549.000000 0.003378
550.000000 0.003375
551.000000 0.003386
552.000000 0.003410
553.000000 0.003466
554.000000 0.003471
555.000000 0.003484
556.000000 0.003518
557.000000 0.003577
558.000000 0.003638
559.000000 0.003699
560.000000 0.003774
561.000000 0.003854
562.000000 0.003928
563.000000 0.004010
564.000000 0.004080
565.000000 0.004124
566.000000 0.004147
567.000000 0.004182
568.000000 0.004234
569.000000 0.004274
570.000000 0.004320
571.000000 0.004370
572.000000 0.004411
573.000000 0.004409
574.000000 0.004407
575.000000 0.004402
576.000000 0.004372
577.000000 0.004343
578.000000 0.004311
579.000000 0.004282
580.000000 0.004243
581.000000 0.004192
582.000000 0.004153
583.000000 0.004122
584.000000 0.004097
585.000000 0.004091
586.000000 0.004065
587.000000 0.004060
588.000000 0.004039
589.000000 0.004045
590.000000 0.004062
591.000000 0.004087
592.000000 0.004134
593.000000 0.004184
594.000000 0.004211
595.000000 0.004269
596.000000 0.004329
597.000000 0.004401
598.000000 0.004472
599.000000 0.004544
600.000000 0.004599
601.000000 0.004625
602.000000 0.004633
603.000000 0.004623
604.000000 0.004594
605.000000 0.004559
606.000000 0.004510
607.000000 0.004456
608.000000 0.004390
609.000000 0.004320
610.000000 0.004245
611.000000 0.004180
612.000000 0.004120
613.000000 0.004050
614.000000 0.003978
615.000000 0.003909
616.000000 0.003852
617.000000 0.003803
618.000000 0.003747
619.000000 0.003693
620.000000 0.003653
621.000000 0.003614
622.000000 0.003567
623.000000 0.003529
624.000000 0.003489
625.000000 0.003450
626.000000 0.003408
627.000000 0.003364
628.000000 0.003488
629.000000 0.003278
630.000000 0.003229
631.000000 0.003185
632.000000 0.003147
633.000000 0.003100
634.000000 0.003056
635.000000 0.003010
636.000000 0.002966
637.000000 0.002912
638.000000 0.002865
639.000000 0.002816
640.000000 0.002763
641.000000 0.002710
642.000000 0.002668
643.000000 0.002626
644.000000 0.002581
645.000000 0.002542
646.000000 0.002503
647.000000 0.002473
648.000000 0.002428
649.000000 0.002389
650.000000 0.002353
651.000000 0.002324
652.000000 0.002285
653.000000 0.002248
654.000000 0.002216
655.000000 0.002180
656.000000 0.002151
657.000000 0.002112
658.000000 0.002078
659.000000 0.002045
660.000000 0.002014
661.000000 0.001983
662.000000 0.001953
663.000000 0.001922
664.000000 0.001889
665.000000 0.001856
666.000000 0.001823
667.000000 0.001784
668.000000 0.001750
669.000000 0.001716
670.000000 0.001684
671.000000 0.001649
672.000000 0.001616
673.000000 0.001582
674.000000 0.001557
675.000000 0.001524
676.000000 0.001496
677.000000 0.001466
678.000000 0.001442
679.000000 0.001414
680.000000 0.001389
681.000000 0.001371
682.000000 0.001354
683.000000 0.001333
684.000000 0.001318
685.000000 0.001302
686.000000 0.001280
687.000000 0.145675
688.000000 0.001232
689.000000 0.001205
690.000000 0.009749
691.000000 0.001152
692.000000 0.001233
693.000000 0.001102
694.000000 0.001079
695.000000 0.001057
696.000000 0.001033
697.000000 0.001009
698.000000 0.000984
699.000000 0.000965
700.000000 0.000947
701.000000 0.000931
702.000000 0.000915
703.000000 0.000902
704.000000 0.000890
705.000000 0.000879
706.000000 0.000869
707.000000 0.000858
708.000000 0.000849
709.000000 0.000837
710.000000 0.000829
711.000000 0.000821
712.000000 0.000814
713.000000 0.000808
714.000000 0.000805
715.000000 0.000802
716.000000 0.000795
717.000000 0.000785
718.000000 0.000772
719.000000 0.000754
720.000000 0.000735
721.000000 0.000716
722.000000 0.000699
723.000000 0.000685
724.000000 0.000673
725.000000 0.000662
726.000000 0.000657
727.000000 0.000640
728.000000 0.000627
729.000000 0.000614
730.000000 0.000603
731.000000 0.000593
732.000000 0.000585
733.000000 0.000578
734.000000 0.000573
735.000000 0.000570
736.000000 0.000567
737.000000 0.000564
738.000000 0.000561
739.000000 0.000559
740.000000 0.000557
741.000000 0.000556
742.000000 0.000557
743.000000 0.000560
744.000000 0.000566
745.000000 0.000570
746.000000 0.000576
747.000000 0.000575
748.000000 0.000572
749.000000 0.000564
750.000000 0.000552
751.000000 0.000535
752.000000 0.000517
753.000000 0.000499
754.000000 0.000482
755.000000 0.000467
756.000000 0.000455
757.000000 0.000444
758.000000 0.000435
759.000000 0.000427
760.000000 0.000480
761.000000 0.001197
762.000000 0.000431
763.000000 0.000488
764.000000 0.000402
765.000000 0.000484
766.000000 0.001026
767.000000 0.000395
768.000000 0.000417
769.000000 0.000393
770.000000 0.000392
771.000000 0.000394
772.000000 0.000397
773.000000 0.000403
774.000000 0.000412
775.000000 0.000419
776.000000 0.000428
777.000000 0.000436
778.000000 0.000442
779.000000 0.000445
780.000000 0.000442
781.000000 0.000436
782.000000 0.000425
783.000000 0.000411
784.000000 0.000398
785.000000 0.000385
786.000000 0.000372
787.000000 0.000362
788.000000 0.000352
789.000000 0.000344
790.000000 0.000337
791.000000 0.000330
792.000000 0.000323
793.000000 0.000316
794.000000 0.000309
795.000000 0.000303
796.000000 0.000299
797.000000 0.000295
798.000000 0.000292
799.000000 0.000289
800.000000 0.000286
801.000000 0.000284
802.000000 0.000289
803.000000 0.000281
804.000000 0.000280
805.000000 0.000280
806.000000 0.000282
807.000000 0.000286
808.000000 0.000291
809.000000 0.000297
810.000000 0.000303
811.000000 0.000310
812.000000 0.000317
813.000000 0.000323
814.000000 0.000330
815.000000 0.000334
816.000000 0.000336
817.000000 0.000336
818.000000 0.000437
819.000000 0.000327
820.000000 0.000319
821.000000 0.000308
822.000000 0.000296
823.000000 0.000283
824.000000 0.000270
825.000000 0.000261
826.000000 0.000251
827.000000 0.000240
828.000000 0.000232
829.000000 0.000226
830.000000 0.000220
831.000000 0.000215
832.000000 0.000210
833.000000 0.000207
834.000000 0.000205
835.000000 0.000201
836.000000 0.000200
837.000000 0.000198
838.000000 0.000197
839.000000 0.000197
840.000000 0.000197
841.000000 0.000197
842.000000 0.000198
843.000000 0.000199
844.000000 0.000201
845.000000 0.000203
846.000000 0.000205
847.000000 0.000209
848.000000 0.000214
849.000000 0.000220
850.000000 0.000228
851.000000 0.000237
852.000000 0.000246
853.000000 0.000252
854.000000 0.000253
855.000000 0.000249
856.000000 0.000244
857.000000 0.000238
858.000000 0.000232
859.000000 0.000226
860.000000 0.000219
861.000000 0.000212
862.000000 0.000203
863.000000 0.000194
864.000000 0.000187
865.000000 0.000181
866.000000 0.000175
867.000000 0.000170
868.000000 0.000166
869.000000 0.000162
870.000000 0.000159
871.000000 0.000156
872.000000 0.000153
873.000000 0.000151
874.000000 0.000150
875.000000 0.000148
876.000000 0.000147
877.000000 0.000147
878.000000 0.000146
879.000000 0.000146
880.000000 0.000146
881.000000 0.000147
882.000000 0.000148
883.000000 0.000149
884.000000 0.000150
885.000000 0.000151
886.000000 0.000153
887.000000 0.000154
888.000000 0.000155
889.000000 0.000155
890.000000 0.000155
891.000000 0.000153
892.000000 0.000150
893.000000 0.000151
894.000000 0.000162
895.000000 0.000156
896.000000 0.000159
897.000000 0.000161
898.000000 0.000162
899.000000 0.000161
900.000000 0.000159
901.000000 0.000156
902.000000 0.000152
903.000000 0.000148
904.000000 0.000144
905.000000 0.000140
906.000000 0.000137
907.000000 0.000133
908.000000 0.000130
909.000000 0.000127
910.000000 0.000124
911.000000 0.000123
912.000000 0.000120
913.000000 0.000118
914.000000 0.000116
915.000000 0.000118
916.000000 0.000118
917.000000 0.000109
918.000000 0.000124
919.000000 0.000111
920.000000 0.000110
921.000000 0.000109
922.000000 0.000109
923.000000 0.000108
924.000000 0.000108
925.000000 0.000112
926.000000 0.000108
927.000000 0.000107
928.000000 0.000190
929.000000 0.000109
930.000000 0.000107
931.000000 0.000109
932.000000 0.000106
933.000000 0.000105
934.000000 0.000104
935.000000 0.000105
936.000000 0.000106
937.000000 0.000106
938.000000 0.012615
939.000000 0.000115
940.000000 0.000114
941.000000 0.000118
942.000000 0.000122
943.000000 0.000146
944.000000 0.000125
945.000000 0.000125
946.000000 0.000122
947.000000 0.000118
948.000000 0.000114
949.000000 0.000118
950.000000 0.000109
951.000000 0.000108
952.000000 0.000103
953.000000 0.000099
954.000000 0.000096
955.000000 0.000103
956.000000 0.000095
957.000000 0.000097
958.000000 0.000094
959.000000 0.000092
960.000000 0.000091
961.000000 0.000090
962.000000 0.000089
963.000000 0.000088
964.000000 0.000088
965.000000 0.000088
966.000000 0.000087
967.000000 0.000086
968.000000 0.000085
969.000000 0.000092
970.000000 0.000085
971.000000 0.000083
972.000000 0.000085
973.000000 0.000082
974.000000 0.000082
975.000000 0.000081
976.000000 0.000080
977.000000 0.000086
978.000000 0.000079
979.000000 0.000079
980.000000 0.000079
981.000000 0.000079
982.000000 0.000079
983.000000 0.000079
984.000000 0.000079
985.000000 0.000079
986.000000 0.000084
987.000000 0.000081
988.000000 0.000083
989.000000 0.000085
990.000000 0.000088
991.000000 0.000100
992.000000 0.000103
993.000000 0.000094
994.000000 0.000094
995.000000 0.000093
996.000000 0.000088
997.000000 0.000082
998.000000 0.000082
999.000000 0.000079
1000.000000 0.000078
The optical depth at z= 36.000000
1.000000 0.000000
2.000000 0.000000
3.000000 0.000000
4.000000 0.000000
5.000000 12614.839689
6.000000 18441.092069
7.000000 72561.914095
8.000000 97001.725982
9.000000 124768.596302
10.000000 158800.080324
11.000000 197210.387347
12.000000 240418.138225
13.000000 286600.759114
14.000000 339311.615551
15.000000 397401.055550
16.000000 454172.613713
17.000000 518360.385801
18.000000 580739.370586
19.000000 651171.918474
20.000000 738663.486122
21.000000 835965.773671
22.000000 915769.795217
23.000000 1000259.568466
24.000000 1097342.202956
25.000000 1154889.059245
26.000000 1208775.204685
27.000000 1245382.727438
28.000000 1290776.027507
29.000000 1337319.875091
30.000000 1378947.617066
31.000000 1414509.403468
32.000000 1491933.917775
33.000000 1570212.720983
34.000000 1619022.585759
35.000000 1759461.053481
36.000000 1843289.210126
37.000000 1926902.443554
38.000000 2012699.088065
39.000000 2110727.657664
40.000000 2195315.930586
41.000000 2319670.233060
42.000000 2369730.604843
43.000000 2445967.638719
44.000000 2498909.683319
45.000000 2495611.357386
46.000000 2507302.564925
47.000000 2520957.254377
48.000000 2575184.107278
49.000000 2592608.297860
50.000000 2599808.254221
51.000000 2642308.650246
52.000000 2739980.440556
53.000000 2797530.056609
54.000000 2764774.785591
55.000000 2724395.713081
56.000000 2650557.572466
57.000000 2588629.568768
58.000000 2553334.084575
59.000000 2555873.567498
60.000000 2586623.083131
61.000000 2626149.181857
62.000000 2674447.235049
63.000000 2680252.659085
64.000000 2687739.756550
65.000000 2756677.908972
66.000000 2731213.262608
67.000000 2771898.414268
68.000000 2766662.134418
69.000000 2764718.396001
70.000000 2789200.761751
71.000000 2816749.572781
72.000000 2847515.145245
73.000000 2882250.942457
74.000000 2944594.464982
75.000000 3006648.339307
76.000000 3038271.443488
77.000000 3064846.243457
78.000000 3025113.790811
79.000000 2916145.308399
80.000000 2808171.115974
81.000000 2690789.261616
82.000000 2573452.361082
83.000000 2587288.589689
84.000000 2907438.358254
85.000000 3227645.238209
86.000000 3547599.846395
87.000000 3867421.252721
88.000000 4187455.657535
89.000000 4365564.030504
90.000000 4330669.688936
91.000000 4294490.557843
92.000000 4302458.630863
93.000000 4491299.874948
94.000000 4678242.308612
95.000000 4864332.537984
96.000000 4666653.169342
97.000000 4210331.728699
98.000000 3754205.701195
99.000000 3298143.163656
100.000000 2654304.447928
101.000000 1962835.846343
102.000000 1272676.477319
103.000000 580016.771443
104.000000 468812.557815
105.000000 357757.593825
106.000000 247102.384877
107.000000 135747.519245
108.000000 24532.844539
109.000000 16102.522346
110.000000 6130.017279
111.000000 1149.532629
112.000000 25352.314448
113.000000 4898.477903
114.000000 2041.884678
115.000000 16875.706816
116.000000 1586.302805
117.000000 5286.033698
118.000000 4536.980641
119.000000 1045.333126
120.000000 35159.012298
121.000000 49878.686989
122.000000 2182.281210
123.000000 7948.176794
124.000000 4172.782513
125.000000 28789.926852
126.000000 8433.374859
127.000000 1738.092061
128.000000 5568.902404
129.000000 10884.358382
130.000000 11993.887934
131.000000 13945.042465
132.000000 23445.063035
133.000000 40712.391159
134.000000 50179.142328
135.000000 114777.224839
136.000000 182904.108299
137.000000 229528.802201
138.000000 276164.423372
139.000000 297965.414215
140.000000 285897.202044
141.000000 277738.815703
142.000000 292859.763345
143.000000 307982.962011
144.000000 306264.628578
145.000000 298629.666627
146.000000 290994.621156
147.000000 283359.122043
148.000000 275722.746063
149.000000 254277.138276
150.000000 261236.937647
151.000000 242608.234753
152.000000 223979.755609
153.000000 205351.275012
154.000000 185631.601432
155.000000 169672.056019
156.000000 152023.477828
157.000000 138534.004360
158.000000 124872.201318
159.000000 109843.273536
160.000000 99050.937877
161.000000 86924.944054
162.000000 74797.809781
163.000000 63187.368662
164.000000 51920.041736
165.000000 45519.731967
166.000000 39119.861955
167.000000 32719.228018
168.000000 26405.144551
169.000000 21505.809583
170.000000 16606.173019
171.000000 15406.397157
172.000000 11986.221849
173.000000 9259.013090
174.000000 7313.479915
175.000000 5367.966194
176.000000 3916.346069
177.000000 2773.695972
178.000000 2243.231114
179.000000 1794.836677
180.000000 1484.343840
181.000000 96.524420
182.000000 487.337439
183.000000 29.535902
184.000000 172.965391
185.000000 41.827681
186.000000 13.747076
187.000000 15.851967
188.000000 2.166530
189.000000 8.117981
190.000000 1.157374
191.000000 2.387738
192.000000 2.224061
193.000000 2.045104
194.000000 0.784019
195.000000 15.807397
196.000000 2.286209
197.000000 0.326878
198.000000 0.365393
199.000000 0.384850
200.000000 0.759474
201.000000 0.574441
202.000000 0.363488
203.000000 0.352090
204.000000 0.369301
205.000000 0.386821
206.000000 0.397731
207.000000 0.412934
208.000000 0.432096
209.000000 0.453722
210.000000 0.481922
211.000000 0.512677
212.000000 0.549648
213.000000 0.595375
214.000000 0.642216
215.000000 0.703401
216.000000 0.761679
217.000000 0.834269
218.000000 0.910107
219.000000 0.993739
220.000000 1.089379
221.000000 1.184589
222.000000 1.302188
223.000000 1.419162
224.000000 1.546668
225.000000 1.683922
226.000000 1.821131
227.000000 1.979680
228.000000 2.138956
229.000000 2.311885
230.000000 2.500051
231.000000 2.677517
232.000000 2.834894
233.000000 3.054087
234.000000 3.217633
235.000000 3.436768
236.000000 3.620072
237.000000 3.825808
238.000000 4.031279
239.000000 4.210359
240.000000 4.474928
241.000000 4.615186
242.000000 4.822570
243.000000 4.981707
244.000000 5.201697
245.000000 5.278782
246.000000 5.522657
247.000000 5.578249
248.000000 5.736809
249.000000 5.920468
250.000000 5.990250
251.000000 5.947356
252.000000 6.174690
253.000000 6.081116
254.000000 6.187397
255.000000 6.157137
256.000000 6.174937
257.000000 6.052170
258.000000 5.992545
259.000000 6.135907
260.000000 5.747805
261.000000 5.865755
262.000000 5.622860
263.000000 5.482432
264.000000 5.337400
265.000000 5.172523
266.000000 5.064889
267.000000 4.727387
268.000000 4.676104
269.000000 4.326368
270.000000 4.281326
271.000000 3.953298
272.000000 3.818411
273.000000 3.559295
274.000000 3.288055
275.000000 3.139536
276.000000 2.886181
277.000000 2.702493
278.000000 2.497798
279.000000 2.304776
280.000000 2.152643
281.000000 1.948526
282.000000 1.725371
283.000000 1.599447
284.000000 1.458187
285.000000 1.321976
286.000000 1.197159
287.000000 1.079549
288.000000 0.945301
289.000000 0.851084
290.000000 0.759306
291.000000 0.684752
292.000000 0.592148
293.000000 0.536558
294.000000 0.463714
295.000000 0.417235
296.000000 0.361416
297.000000 0.320721
298.000000 0.274781
299.000000 0.246913
300.000000 0.212354
301.000000 0.186875
302.000000 0.164945
303.000000 0.141939
304.000000 0.128130
305.000000 0.109679
306.000000 0.097495
307.000000 0.086229
308.000000 0.074878
309.000000 0.068946
310.000000 0.057074
311.000000 0.052014
312.000000 0.044078
313.000000 0.038248
314.000000 0.036296
315.000000 0.029615
316.000000 0.028171
317.000000 0.023892
318.000000 0.022962
319.000000 0.017320
320.000000 0.019832
321.000000 0.013757
322.000000 0.015224
323.000000 0.014137
324.000000 0.009480
325.000000 0.013024
326.000000 0.009412
327.000000 0.007672
328.000000 0.010430
329.000000 0.006790
330.000000 0.005991
331.000000 0.007512
332.000000 0.005787
333.000000 0.005276
334.000000 0.006392
335.000000 0.004815
336.000000 0.004382
337.000000 0.004878
338.000000 0.004612
339.000000 0.004092
340.000000 0.004281
341.000000 0.004010
342.000000 0.003736
343.000000 0.003727
344.000000 0.004032
345.000000 0.003657
346.000000 0.003550
347.000000 0.003457
348.000000 0.003398
349.000000 0.003320
350.000000 0.003268
351.000000 0.003237
352.000000 0.003249
353.000000 0.003143
354.000000 0.003106
355.000000 0.003081
356.000000 0.003008
357.000000 0.003030
358.000000 0.002971
359.000000 0.002907
360.000000 0.002888
361.000000 0.002876
362.000000 0.002822
363.000000 0.002796
364.000000 0.002754
365.000000 0.002770
366.000000 0.002730
367.000000 0.002682
368.000000 0.002666
369.000000 0.002631
370.000000 0.002607
371.000000 0.002563
372.000000 0.002583
373.000000 0.002536
374.000000 0.002510
375.000000 0.002472
376.000000 0.002480
377.000000 0.002445
378.000000 0.002401
379.000000 0.002382
380.000000 0.002398
381.000000 0.002355
382.000000 0.002326
383.000000 0.002292
384.000000 0.002296
385.000000 0.002277
386.000000 0.002241
387.000000 0.002220
388.000000 0.002213
389.000000 0.002192
390.000000 0.002171
391.000000 0.002146
392.000000 0.002146
393.000000 0.002099
394.000000 0.002076
395.000000 0.002064
396.000000 0.002071
397.000000 0.002016
398.000000 0.002042
399.000000 0.001980
400.000000 0.002013
401.000000 0.001985
402.000000 0.001943
403.000000 0.001908
404.000000 0.001929
405.000000 0.001898
406.000000 0.001866
407.000000 0.001824
408.000000 0.001876
409.000000 0.001859
410.000000 0.001813
411.000000 0.001821
412.000000 0.001764
413.000000 0.001797
414.000000 0.001752
415.000000 0.001742
416.000000 0.001692
417.000000 0.001686
418.000000 0.001684
419.000000 0.001662
420.000000 0.001674
421.000000 0.001679
422.000000 0.001676
423.000000 0.001639
424.000000 0.001659
425.000000 0.001625
426.000000 0.001560
427.000000 0.001580
428.000000 0.001605
429.000000 0.001536
430.000000 0.001506
431.000000 0.001579
432.000000 0.001508
433.000000 0.001498
434.000000 0.001536
435.000000 0.001594
436.000000 0.001493
437.000000 0.001442
438.000000 0.001399
439.000000 0.001555
440.000000 0.001489
441.000000 0.001428
442.000000 0.001388
443.000000 0.001409
444.000000 0.001408
445.000000 0.001459
446.000000 0.001378
447.000000 0.001361
448.000000 0.001471
449.000000 0.001367
450.000000 0.001332
451.000000 0.001348
452.000000 0.001368
453.000000 0.001322
454.000000 0.001285
455.000000 0.001324
456.000000 0.001316
457.000000 0.001292
458.000000 0.001388
459.000000 0.001320
460.000000 0.001363
461.000000 0.001362
462.000000 0.001337
463.000000 0.001412
464.000000 0.001345
465.000000 0.001285
466.000000 0.001240
467.000000 0.001312
468.000000 0.001297
469.000000 0.001263
470.000000 0.001265
471.000000 0.001259
472.000000 0.001260
473.000000 0.001241
474.000000 0.001311
475.000000 0.001295
476.000000 0.001263
477.000000 0.001279
478.000000 0.001314
479.000000 0.001346
480.000000 0.001398
481.000000 0.001411
482.000000 0.001400
483.000000 0.001369
484.000000 0.001365
485.000000 0.001342
486.000000 0.001329
487.000000 0.001292
488.000000 0.001317
489.000000 0.001368
490.000000 0.001331
491.000000 0.001311
492.000000 0.001328
493.000000 0.001329
494.000000 0.001348
495.000000 0.001346
496.000000 0.001358
497.000000 0.001350
498.000000 0.001366
499.000000 0.001379
500.000000 0.001419
501.000000 0.001485
502.000000 0.001542
503.000000 0.001609
504.000000 0.001627
505.000000 0.001675
506.000000 0.001647
507.000000 0.001638
508.000000 0.001620
509.000000 0.001619
510.000000 0.001600
511.000000 0.001581
512.000000 0.001577
513.000000 0.001583
514.000000 0.001580
515.000000 0.001593
516.000000 0.001601
517.000000 0.001608
518.000000 0.001632
519.000000 0.001651
520.000000 0.001678
521.000000 0.001681
522.000000 0.001699
523.000000 0.001743
524.000000 0.001780
525.000000 0.001853
526.000000 0.001901
527.000000 0.001933
528.000000 0.001997
529.000000 0.002024
530.000000 0.002071
531.000000 0.002106
532.000000 0.002137
533.000000 0.002150
534.000000 0.002158
535.000000 0.002138
536.000000 0.002128
537.000000 0.002120
538.000000 0.002136
539.000000 0.002146
540.000000 0.002154
541.000000 0.002175
542.000000 0.002221
543.000000 0.002253
544.000000 0.002273
545.000000 0.002302
546.000000 0.002310
547.000000 0.002326
548.000000 0.002346
549.000000 0.002360
550.000000 0.002360
551.000000 0.002368
552.000000 0.002384
553.000000 0.002419
554.000000 0.002425
555.000000 0.002436
556.000000 0.002460
557.000000 0.002500
558.000000 0.002541
559.000000 0.002584
560.000000 0.002635
561.000000 0.002690
562.000000 0.002741
563.000000 0.002796
564.000000 0.002842
565.000000 0.002874
566.000000 0.002891
567.000000 0.002916
568.000000 0.002950
569.000000 0.002978
570.000000 0.003009
571.000000 0.003043
572.000000 0.003069
573.000000 0.003070
574.000000 0.003070
575.000000 0.003067
576.000000 0.003047
577.000000 0.003027
578.000000 0.003004
579.000000 0.002983
580.000000 0.002956
581.000000 0.002922
582.000000 0.002895
583.000000 0.002872
584.000000 0.002855
585.000000 0.002849
586.000000 0.002832
587.000000 0.002828
588.000000 0.002814
589.000000 0.002818
590.000000 0.002829
591.000000 0.002845
592.000000 0.002876
593.000000 0.002909
594.000000 0.002931
595.000000 0.002972
596.000000 0.003013
597.000000 0.003062
598.000000 0.003111
599.000000 0.003161
600.000000 0.003198
601.000000 0.003216
602.000000 0.003221
603.000000 0.003216
604.000000 0.003196
605.000000 0.003172
606.000000 0.003138
607.000000 0.003100
608.000000 0.003054
609.000000 0.003006
610.000000 0.002954
611.000000 0.002908
612.000000 0.002866
613.000000 0.002818
614.000000 0.002768
615.000000 0.002721
616.000000 0.002681
617.000000 0.002646
618.000000 0.002608
619.000000 0.002571
620.000000 0.002543
621.000000 0.002516
622.000000 0.002484
623.000000 0.002457
624.000000 0.002429
625.000000 0.002402
626.000000 0.002373
627.000000 0.002343
628.000000 0.002442
629.000000 0.002283
630.000000 0.002249
631.000000 0.002219
632.000000 0.002192
633.000000 0.002160
634.000000 0.002129
635.000000 0.002098
636.000000 0.002068
637.000000 0.002030
638.000000 0.001997
639.000000 0.001963
640.000000 0.001926
641.000000 0.001890
642.000000 0.001860
643.000000 0.001832
644.000000 0.001800
645.000000 0.001773
646.000000 0.001746
647.000000 0.001724
648.000000 0.001694
649.000000 0.001668
650.000000 0.001642
651.000000 0.001622
652.000000 0.001594
653.000000 0.001569
654.000000 0.001547
655.000000 0.001522
656.000000 0.001502
657.000000 0.001475
658.000000 0.001451
659.000000 0.001428
660.000000 0.001407
661.000000 0.001385
662.000000 0.001364
663.000000 0.001343
664.000000 0.001320
665.000000 0.001297
666.000000 0.001274
667.000000 0.001247
668.000000 0.001223
669.000000 0.001200
670.000000 0.001178
671.000000 0.001153
672.000000 0.001130
673.000000 0.001107
674.000000 0.001089
675.000000 0.001067
676.000000 0.001047
677.000000 0.001026
678.000000 0.001010
679.000000 0.000990
680.000000 0.000973
681.000000 0.000960
682.000000 0.000949
683.000000 0.000934
684.000000 0.000924
685.000000 0.000913
686.000000 0.000897
687.000000 0.110495
688.000000 0.000864
689.000000 0.000845
690.000000 0.007362
691.000000 0.000808
692.000000 0.000864
693.000000 0.000774
694.000000 0.000758
695.000000 0.000743
696.000000 0.000726
697.000000 0.000709
698.000000 0.000692
699.000000 0.000679
700.000000 0.000666
701.000000 0.000655
702.000000 0.000644
703.000000 0.000635
704.000000 0.000626
705.000000 0.000618
706.000000 0.000611
707.000000 0.000604
708.000000 0.000597
709.000000 0.000589
710.000000 0.000583
711.000000 0.000578
712.000000 0.000572
713.000000 0.000569
714.000000 0.000567
715.000000 0.000564
716.000000 0.000559
717.000000 0.000553
718.000000 0.000543
719.000000 0.000531
720.000000 0.000518
721.000000 0.000505
722.000000 0.000493
723.000000 0.000483
724.000000 0.000475
725.000000 0.000467
726.000000 0.000464
727.000000 0.000452
728.000000 0.000442
729.000000 0.000433
730.000000 0.000426
731.000000 0.000419
732.000000 0.000413
733.000000 0.000408
734.000000 0.000405
735.000000 0.000403
736.000000 0.000401
737.000000 0.000399
738.000000 0.000396
739.000000 0.000395
740.000000 0.000393
741.000000 0.000393
742.000000 0.000394
743.000000 0.000395
744.000000 0.000399
745.000000 0.000402
746.000000 0.000406
747.000000 0.000405
748.000000 0.000403
749.000000 0.000398
750.000000 0.000389
751.000000 0.000378
752.000000 0.000365
753.000000 0.000352
754.000000 0.000341
755.000000 0.000331
756.000000 0.000322
757.000000 0.000315
758.000000 0.000308
759.000000 0.000303
760.000000 0.000342
761.000000 0.000884
762.000000 0.000303
763.000000 0.000338
764.000000 0.000285
765.000000 0.000345
766.000000 0.000771
767.000000 0.000280
768.000000 0.000294
769.000000 0.000279
770.000000 0.000278
771.000000 0.000279
772.000000 0.000281
773.000000 0.000285
774.000000 0.000292
775.000000 0.000296
776.000000 0.000302
777.000000 0.000308
778.000000 0.000312
779.000000 0.000313
780.000000 0.000312
781.000000 0.000307
782.000000 0.000300
783.000000 0.000290
784.000000 0.000281
785.000000 0.000272
786.000000 0.000264
787.000000 0.000256
788.000000 0.000250
789.000000 0.000244
790.000000 0.000239
791.000000 0.000234
792.000000 0.000229
793.000000 0.000224
794.000000 0.000220
795.000000 0.000216
796.000000 0.000212
797.000000 0.000209
798.000000 0.000207
799.000000 0.000205
800.000000 0.000204
801.000000 0.000202
802.000000 0.000206
803.000000 0.000200
804.000000 0.000199
805.000000 0.000199
806.000000 0.000200
807.000000 0.000203
808.000000 0.000206
809.000000 0.000210
810.000000 0.000215
811.000000 0.000219
812.000000 0.000224
813.000000 0.000228
814.000000 0.000233
815.000000 0.000236
816.000000 0.000237
817.000000 0.000237
818.000000 0.000314
819.000000 0.000231
820.000000 0.000225
821.000000 0.000218
822.000000 0.000210
823.000000 0.000201
824.000000 0.000192
825.000000 0.000185
826.000000 0.000179
827.000000 0.000171
828.000000 0.000165
829.000000 0.000161
830.000000 0.000157
831.000000 0.000153
832.000000 0.000150
833.000000 0.000148
834.000000 0.000146
835.000000 0.000144
836.000000 0.000143
837.000000 0.000142
838.000000 0.000141
839.000000 0.000141
840.000000 0.000140
841.000000 0.000141
842.000000 0.000141
843.000000 0.000142
844.000000 0.000143
845.000000 0.000144
846.000000 0.000146
847.000000 0.000149
848.000000 0.000152
849.000000 0.000156
850.000000 0.000162
851.000000 0.000168
852.000000 0.000174
853.000000 0.000178
854.000000 0.000178
855.000000 0.000176
856.000000 0.000173
857.000000 0.000169
858.000000 0.000165
859.000000 0.000160
860.000000 0.000155
861.000000 0.000150
862.000000 0.000144
863.000000 0.000138
864.000000 0.000133
865.000000 0.000129
866.000000 0.000125
867.000000 0.000121
868.000000 0.000118
869.000000 0.000116
870.000000 0.000113
871.000000 0.000111
872.000000 0.000110
873.000000 0.000108
874.000000 0.000107
875.000000 0.000106
876.000000 0.000105
877.000000 0.000105
878.000000 0.000105
879.000000 0.000105
880.000000 0.000105
881.000000 0.000105
882.000000 0.000106
883.000000 0.000106
884.000000 0.000107
885.000000 0.000108
886.000000 0.000109
887.000000 0.000110
888.000000 0.000110
889.000000 0.000110
890.000000 0.000110
891.000000 0.000109
892.000000 0.000107
893.000000 0.000107
894.000000 0.000116
895.000000 0.000111
896.000000 0.000113
897.000000 0.000114
898.000000 0.000115
899.000000 0.000115
900.000000 0.000113
901.000000 0.000111
902.000000 0.000108
903.000000 0.000105
904.000000 0.000103
905.000000 0.000100
906.000000 0.000097
907.000000 0.000095
908.000000 0.000093
909.000000 0.000091
910.000000 0.000089
911.000000 0.000088
912.000000 0.000086
913.000000 0.000085
914.000000 0.000083
915.000000 0.000084
916.000000 0.000085
917.000000 0.000078
918.000000 0.000090
919.000000 0.000079
920.000000 0.000079
921.000000 0.000078
922.000000 0.000078
923.000000 0.000078
924.000000 0.000077
925.000000 0.000080
926.000000 0.000077
927.000000 0.000077
928.000000 0.000143
929.000000 0.000078
930.000000 0.000077
931.000000 0.000078
932.000000 0.000076
933.000000 0.000075
934.000000 0.000074
935.000000 0.000075
936.000000 0.000076
937.000000 0.000076
938.000000 0.009572
939.000000 0.000082
940.000000 0.000081
941.000000 0.000084
942.000000 0.000087
943.000000 0.000102
944.000000 0.000089
945.000000 0.000089
946.000000 0.000087
947.000000 0.000084
948.000000 0.000081
949.000000 0.000085
950.000000 0.000078
951.000000 0.000077
952.000000 0.000074
953.000000 0.000070
954.000000 0.000069
955.000000 0.000074
956.000000 0.000068
957.000000 0.000069
958.000000 0.000068
959.000000 0.000066
960.000000 0.000065
961.000000 0.000064
962.000000 0.000064
963.000000 0.000063
964.000000 0.000063
965.000000 0.000063
966.000000 0.000062
967.000000 0.000062
968.000000 0.000061
969.000000 0.000066
970.000000 0.000061
971.000000 0.000060
972.000000 0.000062
973.000000 0.000058
974.000000 0.000059
975.000000 0.000058
976.000000 0.000057
977.000000 0.000062
978.000000 0.000057
979.000000 0.000057
980.000000 0.000056
981.000000 0.000056
982.000000 0.000056
983.000000 0.000057
984.000000 0.000056
985.000000 0.000057
986.000000 0.000061
987.000000 0.000058
988.000000 0.000059
989.000000 0.000060
990.000000 0.000063
991.000000 0.000071
992.000000 0.000073
993.000000 0.000067
994.000000 0.000067
995.000000 0.000066
996.000000 0.000063
997.000000 0.000059
998.000000 0.000059
999.000000 0.000056
1000.000000 0.000055
The optical depth at z= 38.000000
1.000000 0.000000
2.000000 0.000000
3.000000 0.000000
4.000000 0.000000
5.000000 9597.512900
6.000000 14030.191693
7.000000 55205.932613
8.000000 73800.020798
9.000000 94925.372658
10.000000 120816.914112
11.000000 150039.914371
12.000000 182912.864538
13.000000 218049.130239
14.000000 258152.151431
15.000000 302347.260572
16.000000 345539.709458
17.000000 394374.499045
18.000000 441833.142823
19.000000 495419.029109
20.000000 561983.612367
21.000000 636012.302927
22.000000 696728.113297
23.000000 761008.897027
24.000000 834870.472755
25.000000 878652.778693
26.000000 919649.973624
27.000000 947501.396152
28.000000 982037.138673
29.000000 1017448.231136
30.000000 1049119.092458
31.000000 1076174.908761
32.000000 1135080.362577
33.000000 1194635.770613
34.000000 1231770.874001
35.000000 1338618.061604
36.000000 1402395.480013
37.000000 1466009.381717
38.000000 1531284.449406
39.000000 1605865.702900
40.000000 1670221.426185
41.000000 1764831.598945
42.000000 1802918.105291
43.000000 1860920.111467
44.000000 1901199.026068
45.000000 1898689.625776
46.000000 1907584.429397
47.000000 1917973.075402
48.000000 1959229.483899
49.000000 1972486.008492
50.000000 1977963.818048
51.000000 2010298.606740
52.000000 2084608.419203
53.000000 2128392.725825
54.000000 2103472.140893
55.000000 2072751.281532
56.000000 2016574.383465
57.000000 1969458.853182
58.000000 1942605.644977
59.000000 1944537.710812
60.000000 1967932.289828
61.000000 1998004.192983
62.000000 2034749.898411
63.000000 2039166.727898
64.000000 2044862.994401
65.000000 2097311.918886
66.000000 2077938.126677
67.000000 2108891.851245
68.000000 2104908.027821
69.000000 2103429.207157
70.000000 2122055.666819
71.000000 2143015.112600
72.000000 2166421.903455
73.000000 2192849.286057
74.000000 2240280.939828
75.000000 2287492.226077
76.000000 2311551.436341
77.000000 2331769.840076
78.000000 2301540.933641
79.000000 2218636.471172
80.000000 2136488.477256
81.000000 2047183.026837
82.000000 1957911.777954
83.000000 1968438.535650
84.000000 2212012.124404
85.000000 2455629.183704
86.000000 2699054.302060
87.000000 2942378.070024
88.000000 3185863.881856
89.000000 3321370.754570
90.000000 3294822.735402
91.000000 3267297.234156
92.000000 3273359.425638
93.000000 3417031.978788
94.000000 3559259.902808
95.000000 3700839.456120
96.000000 3550442.729705
97.000000 3203268.182890
98.000000 2856242.302113
99.000000 2509264.730085
100.000000 2019424.927911
101.000000 1493347.765722
102.000000 968266.678070
103.000000 441283.306766
104.000000 356677.878575
105.000000 272186.003700
106.000000 187998.264004
107.000000 103278.256430
108.000000 18665.193401
109.000000 12260.653663
110.000000 4663.849389
111.000000 873.066926
112.000000 19284.186057
113.000000 3721.475605
114.000000 1552.778037
115.000000 12840.029600
116.000000 1206.749206
117.000000 4021.325354
118.000000 3451.427335
119.000000 794.827163
120.000000 26748.637620
121.000000 37947.233823
122.000000 1659.208555
123.000000 6045.980772
124.000000 3174.254095
125.000000 21903.381653
126.000000 6415.973293
127.000000 1322.163928
128.000000 4236.660249
129.000000 8280.665335
130.000000 9124.660785
131.000000 10609.008011
132.000000 17836.739508
133.000000 30973.910577
134.000000 38176.208973
135.000000 87323.221538
136.000000 139154.987872
137.000000 174627.771927
138.000000 210108.788126
139.000000 226695.274792
140.000000 217513.663448
141.000000 211306.669509
142.000000 222810.865564
143.000000 234316.786581
144.000000 233009.475001
145.000000 227200.718952
146.000000 221391.900718
147.000000 215582.738445
148.000000 209772.905838
149.000000 193456.852006
150.000000 198751.965077
151.000000 184579.045038
152.000000 170406.295302
153.000000 156233.544228
154.000000 141230.600425
155.000000 129088.403207
156.000000 115661.173920
157.000000 105398.226838
158.000000 95004.172237
159.000000 83569.995906
160.000000 75359.072325
161.000000 66133.473533
162.000000 56907.014147
163.000000 48073.661697
164.000000 39501.348263
165.000000 34631.921945
166.000000 29762.831075
167.000000 24893.153368
168.000000 20089.329836
169.000000 16361.858593
170.000000 12634.157735
171.000000 11721.356638
172.000000 9119.243380
173.000000 7044.351725
174.000000 5564.164858
175.000000 4083.993827
176.000000 2979.582779
177.000000 2110.239822
178.000000 1706.653256
179.000000 1351.793800
180.000000 1144.534752
181.000000 74.354846
182.000000 375.288982
183.000000 22.568483
184.000000 133.398484
185.000000 31.937851
186.000000 10.540023
187.000000 12.181399
188.000000 1.623894
189.000000 6.229566
190.000000 0.858232
191.000000 1.816978
192.000000 1.684258
193.000000 1.552327
194.000000 0.583546
195.000000 12.073091
196.000000 1.744777
197.000000 0.234027
198.000000 0.262859
199.000000 0.278246
200.000000 0.563488
201.000000 0.422931
202.000000 0.262222
203.000000 0.253326
204.000000 0.265684
205.000000 0.278246
206.000000 0.285177
207.000000 0.295288
208.000000 0.307891
209.000000 0.322184
210.000000 0.340958
211.000000 0.361282
212.000000 0.385971
213.000000 0.416655
214.000000 0.448080
215.000000 0.489339
216.000000 0.528362
217.000000 0.577166
218.000000 0.628120
219.000000 0.684380
220.000000 0.748896
221.000000 0.813086
222.000000 0.892520
223.000000 0.971476
224.000000 1.057541
225.000000 1.150221
226.000000 1.242875
227.000000 1.349946
228.000000 1.457584
229.000000 1.574614
230.000000 1.701777
231.000000 1.820404
232.000000 1.928099
233.000000 2.076221
234.000000 2.187393
235.000000 2.335848
236.000000 2.459967
237.000000 2.599025
238.000000 2.738097
239.000000 2.859611
240.000000 3.038701
241.000000 3.133609
242.000000 3.274079
243.000000 3.381157
244.000000 3.529974
245.000000 3.582076
246.000000 3.747204
247.000000 3.785119
248.000000 3.892589
249.000000 4.017045
250.000000 4.064424
251.000000 4.035468
252.000000 4.189481
253.000000 4.126105
254.000000 4.198126
255.000000 4.177534
256.000000 4.189790
257.000000 4.106438
258.000000 4.065910
259.000000 4.163114
260.000000 3.900151
261.000000 3.979887
262.000000 3.815208
263.000000 3.720170
264.000000 3.621429
265.000000 3.509971
266.000000 3.436769
267.000000 3.208033
268.000000 3.172984
269.000000 2.935865
270.000000 2.905012
271.000000 2.682645
272.000000 2.591009
273.000000 2.415410
274.000000 2.231616
275.000000 2.130798
276.000000 1.959023
277.000000 1.834405
278.000000 1.695738
279.000000 1.564698
280.000000 1.461225
281.000000 1.322653
282.000000 1.171410
283.000000 1.086067
284.000000 0.990444
285.000000 0.898003
286.000000 0.813200
287.000000 0.733356
288.000000 0.642212
289.000000 0.578237
290.000000 0.515941
291.000000 0.465345
292.000000 0.402577
293.000000 0.364799
294.000000 0.315390
295.000000 0.283822
296.000000 0.245952
297.000000 0.218299
298.000000 0.187132
299.000000 0.168180
300.000000 0.144731
301.000000 0.127433
302.000000 0.112518
303.000000 0.096914
304.000000 0.087495
305.000000 0.074981
306.000000 0.066683
307.000000 0.059032
308.000000 0.051312
309.000000 0.047274
310.000000 0.039223
311.000000 0.035769
312.000000 0.030462
313.000000 0.026482
314.000000 0.025131
315.000000 0.020584
316.000000 0.019581
317.000000 0.016665
318.000000 0.016008
319.000000 0.012187
320.000000 0.013843
321.000000 0.009744
322.000000 0.010695
323.000000 0.009961
324.000000 0.006804
325.000000 0.009166
326.000000 0.006733
327.000000 0.005541
328.000000 0.007382
329.000000 0.004933
330.000000 0.004373
331.000000 0.005394
332.000000 0.004227
333.000000 0.003864
334.000000 0.004620
335.000000 0.003543
336.000000 0.003243
337.000000 0.003576
338.000000 0.003391
339.000000 0.003030
340.000000 0.003156
341.000000 0.002964
342.000000 0.002775
343.000000 0.002771
344.000000 0.002966
345.000000 0.002710
346.000000 0.002635
347.000000 0.002566
348.000000 0.002522
349.000000 0.002465
350.000000 0.002431
351.000000 0.002403
352.000000 0.002409
353.000000 0.002337
354.000000 0.002303
355.000000 0.002281
356.000000 0.002234
357.000000 0.002241
358.000000 0.002200
359.000000 0.002157
360.000000 0.002141
361.000000 0.002126
362.000000 0.002089
363.000000 0.002068
364.000000 0.002039
365.000000 0.002042
366.000000 0.002014
367.000000 0.001981
368.000000 0.001966
369.000000 0.001941
370.000000 0.001923
371.000000 0.001893
372.000000 0.001898
373.000000 0.001867
374.000000 0.001848
375.000000 0.001822
376.000000 0.001821
377.000000 0.001796
378.000000 0.001767
379.000000 0.001752
380.000000 0.001756
381.000000 0.001727
382.000000 0.001707
383.000000 0.001683
384.000000 0.001681
385.000000 0.001666
386.000000 0.001642
387.000000 0.001626
388.000000 0.001618
389.000000 0.001602
390.000000 0.001587
391.000000 0.001568
392.000000 0.001564
393.000000 0.001534
394.000000 0.001518
395.000000 0.001507
396.000000 0.001508
397.000000 0.001474
398.000000 0.001484
399.000000 0.001447
400.000000 0.001460
401.000000 0.001442
402.000000 0.001415
403.000000 0.001393
404.000000 0.001400
405.000000 0.001380
406.000000 0.001359
407.000000 0.001333
408.000000 0.001358
409.000000 0.001346
410.000000 0.001318
411.000000 0.001319
412.000000 0.001284
413.000000 0.001299
414.000000 0.001271
415.000000 0.001263
416.000000 0.001233
417.000000 0.001227
418.000000 0.001223
419.000000 0.001208
420.000000 0.001212
421.000000 0.001212
422.000000 0.001208
423.000000 0.001185
424.000000 0.001194
425.000000 0.001173
426.000000 0.001135
427.000000 0.001143
428.000000 0.001154
429.000000 0.001114
430.000000 0.001095
431.000000 0.001132
432.000000 0.001092
433.000000 0.001084
434.000000 0.001102
435.000000 0.001131
436.000000 0.001074
437.000000 0.001045
438.000000 0.001020
439.000000 0.001103
440.000000 0.001066
441.000000 0.001032
442.000000 0.001010
443.000000 0.001019
444.000000 0.001016
445.000000 0.001041
446.000000 0.000994
447.000000 0.000982
448.000000 0.001040
449.000000 0.000983
450.000000 0.000963
451.000000 0.000971
452.000000 0.000979
453.000000 0.000952
454.000000 0.000930
455.000000 0.000950
456.000000 0.000945
457.000000 0.000933
458.000000 0.000986
459.000000 0.000950
460.000000 0.000974
461.000000 0.000974
462.000000 0.000960
463.000000 0.000997
464.000000 0.000958
465.000000 0.000922
466.000000 0.000895
467.000000 0.000932
468.000000 0.000924
469.000000 0.000906
470.000000 0.000907
471.000000 0.000903
472.000000 0.000901
473.000000 0.000890
474.000000 0.000927
475.000000 0.000919
476.000000 0.000903
477.000000 0.000914
478.000000 0.000936
479.000000 0.000957
480.000000 0.000988
481.000000 0.000998
482.000000 0.000994
483.000000 0.000976
484.000000 0.000971
485.000000 0.000955
486.000000 0.000944
487.000000 0.000921
488.000000 0.000934
489.000000 0.000961
490.000000 0.000942
491.000000 0.000933
492.000000 0.000942
493.000000 0.000942
494.000000 0.000951
495.000000 0.000950
496.000000 0.000957
497.000000 0.000954
498.000000 0.000966
499.000000 0.000978
500.000000 0.001005
501.000000 0.001047
502.000000 0.001084
503.000000 0.001126
504.000000 0.001141
505.000000 0.001169
506.000000 0.001155
507.000000 0.001148
508.000000 0.001136
509.000000 0.001132
510.000000 0.001119
511.000000 0.001107
512.000000 0.001104
513.000000 0.001108
514.000000 0.001108
515.000000 0.001117
516.000000 0.001123
517.000000 0.001128
518.000000 0.001142
519.000000 0.001154
520.000000 0.001170
521.000000 0.001174
522.000000 0.001187
523.000000 0.001215
524.000000 0.001240
525.000000 0.001286
526.000000 0.001319
527.000000 0.001343
528.000000 0.001384
529.000000 0.001405
530.000000 0.001436
531.000000 0.001460
532.000000 0.001480
533.000000 0.001490
534.000000 0.001494
535.000000 0.001483
536.000000 0.001476
537.000000 0.001471
538.000000 0.001479
539.000000 0.001485
540.000000 0.001492
541.000000 0.001507
542.000000 0.001535
543.000000 0.001556
544.000000 0.001570
545.000000 0.001588
546.000000 0.001595
547.000000 0.001606
548.000000 0.001618
549.000000 0.001627
550.000000 0.001629
551.000000 0.001635
552.000000 0.001646
553.000000 0.001666
554.000000 0.001673
555.000000 0.001681
556.000000 0.001698
557.000000 0.001724
558.000000 0.001752
559.000000 0.001781
560.000000 0.001815
561.000000 0.001852
562.000000 0.001886
563.000000 0.001922
564.000000 0.001952
565.000000 0.001973
566.000000 0.001987
567.000000 0.002004
568.000000 0.002026
569.000000 0.002045
570.000000 0.002065
571.000000 0.002087
572.000000 0.002104
573.000000 0.002107
574.000000 0.002107
575.000000 0.002105
576.000000 0.002092
577.000000 0.002078
578.000000 0.002063
579.000000 0.002047
580.000000 0.002028
581.000000 0.002006
582.000000 0.001988
583.000000 0.001972
584.000000 0.001960
585.000000 0.001955
586.000000 0.001943
587.000000 0.001940
588.000000 0.001932
589.000000 0.001934
590.000000 0.001940
591.000000 0.001951
592.000000 0.001970
593.000000 0.001992
594.000000 0.002009
595.000000 0.002037
596.000000 0.002065
597.000000 0.002098
598.000000 0.002131
599.000000 0.002165
600.000000 0.002189
601.000000 0.002201
602.000000 0.002205
603.000000 0.002202
604.000000 0.002189
605.000000 0.002172
606.000000 0.002149
607.000000 0.002123
608.000000 0.002092
609.000000 0.002059
610.000000 0.002024
611.000000 0.001992
612.000000 0.001962
613.000000 0.001930
614.000000 0.001897
615.000000 0.001864
616.000000 0.001837
617.000000 0.001813
618.000000 0.001787
619.000000 0.001762
620.000000 0.001743
621.000000 0.001724
622.000000 0.001703
623.000000 0.001685
624.000000 0.001666
625.000000 0.001647
626.000000 0.001628
627.000000 0.001607
628.000000 0.001687
629.000000 0.001566
630.000000 0.001544
631.000000 0.001523
632.000000 0.001505
633.000000 0.001482
634.000000 0.001462
635.000000 0.001440
636.000000 0.001420
637.000000 0.001394
638.000000 0.001371
639.000000 0.001349
640.000000 0.001323
641.000000 0.001299
642.000000 0.001278
643.000000 0.001259
644.000000 0.001237
645.000000 0.001219
646.000000 0.001200
647.000000 0.001185
648.000000 0.001165
649.000000 0.001147
650.000000 0.001130
651.000000 0.001116
652.000000 0.001097
653.000000 0.001080
654.000000 0.001065
655.000000 0.001048
656.000000 0.001034
657.000000 0.001016
658.000000 0.000999
659.000000 0.000984
660.000000 0.000969
661.000000 0.000955
662.000000 0.000940
663.000000 0.000925
664.000000 0.000910
665.000000 0.000895
666.000000 0.000879
667.000000 0.000860
668.000000 0.000844
669.000000 0.000828
670.000000 0.000813
671.000000 0.000796
672.000000 0.000781
673.000000 0.000764
674.000000 0.000752
675.000000 0.000737
676.000000 0.000724
677.000000 0.000709
678.000000 0.000698
679.000000 0.000685
680.000000 0.000673
681.000000 0.000665
682.000000 0.000657
683.000000 0.000647
684.000000 0.000639
685.000000 0.000632
686.000000 0.000621
687.000000 0.084215
688.000000 0.000599
689.000000 0.000586
690.000000 0.005565
691.000000 0.000561
692.000000 0.000598
693.000000 0.000538
694.000000 0.000527
695.000000 0.000516
696.000000 0.000505
697.000000 0.000493
698.000000 0.000481
699.000000 0.000472
700.000000 0.000464
701.000000 0.000456
702.000000 0.000448
703.000000 0.000442
704.000000 0.000436
705.000000 0.000431
706.000000 0.000426
707.000000 0.000421
708.000000 0.000416
709.000000 0.000411
710.000000 0.000407
711.000000 0.000403
712.000000 0.000399
713.000000 0.000396
714.000000 0.000395
715.000000 0.000393
716.000000 0.000390
717.000000 0.000385
718.000000 0.000379
719.000000 0.000370
720.000000 0.000361
721.000000 0.000353
722.000000 0.000345
723.000000 0.000338
724.000000 0.000332
725.000000 0.000327
726.000000 0.000325
727.000000 0.000316
728.000000 0.000310
729.000000 0.000304
730.000000 0.000298
731.000000 0.000294
732.000000 0.000290
733.000000 0.000286
734.000000 0.000284
735.000000 0.000283
736.000000 0.000281
737.000000 0.000280
738.000000 0.000278
739.000000 0.000277
740.000000 0.000276
741.000000 0.000275
742.000000 0.000276
743.000000 0.000277
744.000000 0.000279
745.000000 0.000281
746.000000 0.000284
747.000000 0.000283
748.000000 0.000282
749.000000 0.000278
750.000000 0.000272
751.000000 0.000265
752.000000 0.000256
753.000000 0.000247
754.000000 0.000239
755.000000 0.000233
756.000000 0.000227
757.000000 0.000222
758.000000 0.000217
759.000000 0.000214
760.000000 0.000243
761.000000 0.000654
762.000000 0.000213
763.000000 0.000233
764.000000 0.000201
765.000000 0.000245
766.000000 0.000580
767.000000 0.000198
768.000000 0.000207
769.000000 0.000197
770.000000 0.000196
771.000000 0.000197
772.000000 0.000198
773.000000 0.000201
774.000000 0.000206
775.000000 0.000208
776.000000 0.000212
777.000000 0.000216
778.000000 0.000218
779.000000 0.000219
780.000000 0.000218
781.000000 0.000215
782.000000 0.000210
783.000000 0.000204
784.000000 0.000197
785.000000 0.000191
786.000000 0.000186
787.000000 0.000180
788.000000 0.000176
789.000000 0.000172
790.000000 0.000169
791.000000 0.000165
792.000000 0.000162
793.000000 0.000159
794.000000 0.000155
795.000000 0.000153
796.000000 0.000151
797.000000 0.000148
798.000000 0.000147
799.000000 0.000146
800.000000 0.000144
801.000000 0.000143
802.000000 0.000146
803.000000 0.000142
804.000000 0.000141
805.000000 0.000141
806.000000 0.000142
807.000000 0.000144
808.000000 0.000146
809.000000 0.000149
810.000000 0.000152
811.000000 0.000155
812.000000 0.000158
813.000000 0.000161
814.000000 0.000164
815.000000 0.000166
816.000000 0.000166
817.000000 0.000166
818.000000 0.000226
819.000000 0.000162
820.000000 0.000158
821.000000 0.000153
822.000000 0.000148
823.000000 0.000142
824.000000 0.000136
825.000000 0.000131
826.000000 0.000127
827.000000 0.000122
828.000000 0.000118
829.000000 0.000115
830.000000 0.000112
831.000000 0.000109
832.000000 0.000107
833.000000 0.000105
834.000000 0.000105
835.000000 0.000103
836.000000 0.000102
837.000000 0.000101
838.000000 0.000101
839.000000 0.000100
840.000000 0.000100
841.000000 0.000100
842.000000 0.000101
843.000000 0.000101
844.000000 0.000102
845.000000 0.000103
846.000000 0.000104
847.000000 0.000106
848.000000 0.000108
849.000000 0.000111
850.000000 0.000114
851.000000 0.000118
852.000000 0.000122
853.000000 0.000125
854.000000 0.000126
855.000000 0.000124
856.000000 0.000122
857.000000 0.000119
858.000000 0.000116
859.000000 0.000113
860.000000 0.000110
861.000000 0.000106
862.000000 0.000102
863.000000 0.000098
864.000000 0.000095
865.000000 0.000092
866.000000 0.000089
867.000000 0.000087
868.000000 0.000085
869.000000 0.000083
870.000000 0.000081
871.000000 0.000080
872.000000 0.000079
873.000000 0.000078
874.000000 0.000077
875.000000 0.000076
876.000000 0.000076
877.000000 0.000075
878.000000 0.000075
879.000000 0.000075
880.000000 0.000075
881.000000 0.000075
882.000000 0.000076
883.000000 0.000076
884.000000 0.000077
885.000000 0.000077
886.000000 0.000078
887.000000 0.000078
888.000000 0.000079
889.000000 0.000079
890.000000 0.000078
891.000000 0.000078
892.000000 0.000076
893.000000 0.000077
894.000000 0.000083
895.000000 0.000079
896.000000 0.000080
897.000000 0.000081
898.000000 0.000082
899.000000 0.000081
900.000000 0.000080
901.000000 0.000079
902.000000 0.000077
903.000000 0.000075
904.000000 0.000073
905.000000 0.000071
906.000000 0.000070
907.000000 0.000068
908.000000 0.000067
909.000000 0.000065
910.000000 0.000064
911.000000 0.000063
912.000000 0.000062
913.000000 0.000061
914.000000 0.000060
915.000000 0.000061
916.000000 0.000061
917.000000 0.000057
918.000000 0.000065
919.000000 0.000057
920.000000 0.000057
921.000000 0.000056
922.000000 0.000057
923.000000 0.000056
924.000000 0.000056
925.000000 0.000058
926.000000 0.000055
927.000000 0.000055
928.000000 0.000108
929.000000 0.000057
930.000000 0.000055
931.000000 0.000056
932.000000 0.000054
933.000000 0.000054
934.000000 0.000054
935.000000 0.000054
936.000000 0.000054
937.000000 0.000055
938.000000 0.007309
939.000000 0.000058
940.000000 0.000058
941.000000 0.000060
942.000000 0.000062
943.000000 0.000072
944.000000 0.000063
945.000000 0.000063
946.000000 0.000062
947.000000 0.000060
948.000000 0.000058
949.000000 0.000061
950.000000 0.000056
951.000000 0.000056
952.000000 0.000053
953.000000 0.000051
954.000000 0.000050
955.000000 0.000053
956.000000 0.000049
957.000000 0.000050
958.000000 0.000049
959.000000 0.000047
960.000000 0.000047
961.000000 0.000046
962.000000 0.000046
963.000000 0.000046
964.000000 0.000045
965.000000 0.000045
966.000000 0.000045
967.000000 0.000044
968.000000 0.000044
969.000000 0.000048
970.000000 0.000044
971.000000 0.000043
972.000000 0.000045
973.000000 0.000042
974.000000 0.000042
975.000000 0.000042
976.000000 0.000041
977.000000 0.000045
978.000000 0.000041
979.000000 0.000041
980.000000 0.000041
981.000000 0.000041
982.000000 0.000041
983.000000 0.000041
984.000000 0.000041
985.000000 0.000041
986.000000 0.000044
987.000000 0.000042
988.000000 0.000043
989.000000 0.000043
990.000000 0.000045
991.000000 0.000050
992.000000 0.000052
993.000000 0.000047
994.000000 0.000047
995.000000 0.000047
996.000000 0.000045
997.000000 0.000042
998.000000 0.000042
999.000000 0.000040
1000.000000 0.000040
The optical depth at z= 40.000000
1.000000 0.000000
2.000000 0.000000
3.000000 0.000000
4.000000 0.000000
5.000000 7341.446565
6.000000 10732.145264
7.000000 42228.797109
8.000000 56452.014607
9.000000 72611.477053
10.000000 92416.751489
11.000000 114770.366240
12.000000 139915.945253
13.000000 166792.807484
14.000000 197468.900733
15.000000 231275.163957
16.000000 264314.459635
17.000000 301669.763747
18.000000 337972.409844
19.000000 378961.980790
20.000000 429879.375237
21.000000 486506.305483
22.000000 532949.785003
23.000000 582120.227652
24.000000 638619.326366
25.000000 672109.823681
26.000000 703469.899499
27.000000 724774.351096
28.000000 751191.854579
29.000000 778278.941431
30.000000 802505.004132
31.000000 823200.871354
32.000000 868259.550028
33.000000 913815.400649
34.000000 942221.238372
35.000000 1023952.092660
36.000000 1072737.494424
37.000000 1121397.816514
38.000000 1171328.819125
39.000000 1228378.421998
40.000000 1277606.187818
41.000000 1349976.556532
42.000000 1379110.154815
43.000000 1423477.757961
44.000000 1454288.399176
45.000000 1452368.880672
46.000000 1459172.802688
47.000000 1467119.414530
48.000000 1498677.770390
49.000000 1508818.114061
50.000000 1513008.267779
51.000000 1537742.190713
52.000000 1594584.159565
53.000000 1628076.127066
54.000000 1609013.568817
55.000000 1585514.194020
56.000000 1542542.676823
57.000000 1506502.491200
58.000000 1485961.606539
59.000000 1487439.504704
60.000000 1505334.769840
61.000000 1528337.734898
62.000000 1556445.705622
63.000000 1559824.278601
64.000000 1564181.534484
65.000000 1604301.401820
66.000000 1589481.763678
67.000000 1613159.262551
68.000000 1610111.907231
69.000000 1608980.709021
70.000000 1623228.686452
71.000000 1639261.239781
72.000000 1657165.843909
73.000000 1677380.995500
74.000000 1713662.988657
75.000000 1749776.415677
76.000000 1768180.075382
77.000000 1783645.779073
78.000000 1760522.713177
79.000000 1697106.421124
80.000000 1634268.776804
81.000000 1565956.164144
82.000000 1497669.713465
83.000000 1505721.968785
84.000000 1692039.247268
85.000000 1878389.785158
86.000000 2064593.496987
87.000000 2250719.678241
88.000000 2436969.809364
89.000000 2540623.375340
90.000000 2520315.937231
91.000000 2499260.791860
92.000000 2503897.951684
93.000000 2613797.701312
94.000000 2722592.412096
95.000000 2830891.160847
96.000000 2715847.855186
97.000000 2450282.868583
98.000000 2184831.597496
99.000000 1919417.282260
100.000000 1544723.065120
101.000000 1142309.725011
102.000000 740658.311676
103.000000 337551.780977
104.000000 272834.367495
105.000000 208203.816042
106.000000 143805.905622
107.000000 79000.866517
108.000000 14277.776999
109.000000 9383.440058
110.000000 3567.563265
111.000000 666.904981
112.000000 14748.836418
113.000000 2843.811059
114.000000 1187.276926
115.000000 9822.056718
116.000000 922.933971
117.000000 3075.742234
118.000000 2639.805372
119.000000 607.594503
120.000000 20460.282386
121.000000 29026.200802
122.000000 1268.247790
123.000000 4623.873320
124.000000 2427.700353
125.000000 16754.332484
126.000000 4907.585116
127.000000 1011.194056
128.000000 3240.565611
129.000000 6333.914418
130.000000 6979.383065
131.000000 8114.707570
132.000000 13643.430711
133.000000 23692.468178
134.000000 29201.652720
135.000000 66795.833108
136.000000 106443.687635
137.000000 133578.116876
138.000000 160718.783820
139.000000 173406.356892
140.000000 166383.063384
141.000000 161635.136265
142.000000 170435.073002
143.000000 179236.335534
144.000000 178236.341844
145.000000 173793.045108
146.000000 169349.701506
147.000000 164906.094508
148.000000 160461.973142
149.000000 147981.304336
150.000000 152031.718530
151.000000 141190.402087
152.000000 130349.215957
153.000000 119508.028708
154.000000 108031.799891
155.000000 98743.847495
156.000000 88472.932264
157.000000 80622.472423
158.000000 72671.725625
159.000000 63925.357354
160.000000 57644.561640
161.000000 50587.601657
162.000000 43529.986918
163.000000 36773.072801
164.000000 30215.832742
165.000000 26491.052912
166.000000 22766.530370
167.000000 19041.556082
168.000000 15366.958580
169.000000 12515.695371
170.000000 9664.256433
171.000000 8966.026835
172.000000 6975.584370
173.000000 5388.433046
174.000000 4256.189126
175.000000 3123.957857
176.000000 2279.157565
177.000000 1614.168497
178.000000 1305.450958
179.000000 1027.105088
180.000000 883.144483
181.000000 57.327435
182.000000 289.333311
183.000000 17.302025
184.000000 102.939027
185.000000 24.478603
186.000000 8.094103
187.000000 9.370134
188.000000 1.221541
189.000000 4.784104
190.000000 0.637748
191.000000 1.382930
192.000000 1.277668
193.000000 1.179252
194.000000 0.433853
195.000000 9.252906
196.000000 1.331972
197.000000 0.166525
198.000000 0.188533
199.000000 0.200784
200.000000 0.419155
201.000000 0.311814
202.000000 0.188699
203.000000 0.181704
204.000000 0.190539
205.000000 0.199503
206.000000 0.203664
207.000000 0.210187
208.000000 0.218181
209.000000 0.227314
210.000000 0.239443
211.000000 0.252430
212.000000 0.268452
213.000000 0.288505
214.000000 0.309036
215.000000 0.336190
216.000000 0.361620
217.000000 0.393605
218.000000 0.426968
219.000000 0.463871
220.000000 0.506358
221.000000 0.548594
222.000000 0.601002
223.000000 0.653043
224.000000 0.709770
225.000000 0.770889
226.000000 0.831991
227.000000 0.902617
228.000000 0.973684
229.000000 1.051105
230.000000 1.135102
231.000000 1.212774
232.000000 1.284634
233.000000 1.382527
234.000000 1.456315
235.000000 1.554634
236.000000 1.636783
237.000000 1.728709
238.000000 1.820762
239.000000 1.901342
240.000000 2.019944
241.000000 2.082714
242.000000 2.175784
243.000000 2.246083
244.000000 2.344449
245.000000 2.378867
246.000000 2.488271
247.000000 2.513539
248.000000 2.584820
249.000000 2.667357
250.000000 2.698821
251.000000 2.679668
252.000000 2.781787
253.000000 2.739765
254.000000 2.787525
255.000000 2.773815
256.000000 2.782040
257.000000 2.726667
258.000000 2.699716
259.000000 2.764208
260.000000 2.589812
261.000000 2.642589
262.000000 2.533318
263.000000 2.470344
264.000000 2.404606
265.000000 2.330820
266.000000 2.282126
267.000000 2.130399
268.000000 2.106990
269.000000 1.949654
270.000000 1.929012
271.000000 1.781483
272.000000 1.720580
273.000000 1.604106
274.000000 1.482207
275.000000 1.415245
276.000000 1.301265
277.000000 1.218533
278.000000 1.126584
279.000000 1.039542
280.000000 0.970709
281.000000 0.878666
282.000000 0.778340
283.000000 0.721728
284.000000 0.658356
285.000000 0.596969
286.000000 0.540604
287.000000 0.487568
288.000000 0.427023
289.000000 0.384521
290.000000 0.343146
291.000000 0.309546
292.000000 0.267906
293.000000 0.242790
294.000000 0.209991
295.000000 0.189014
296.000000 0.163870
297.000000 0.145487
298.000000 0.124794
299.000000 0.112186
300.000000 0.096615
301.000000 0.085123
302.000000 0.075198
303.000000 0.064840
304.000000 0.058557
305.000000 0.050249
306.000000 0.044722
307.000000 0.039636
308.000000 0.034498
309.000000 0.031809
310.000000 0.026463
311.000000 0.024157
312.000000 0.020672
313.000000 0.018014
314.000000 0.017101
315.000000 0.014074
316.000000 0.013393
317.000000 0.011448
318.000000 0.010996
319.000000 0.008462
320.000000 0.009533
321.000000 0.006822
322.000000 0.007428
323.000000 0.006941
324.000000 0.004845
325.000000 0.006389
326.000000 0.004781
327.000000 0.003981
328.000000 0.005186
329.000000 0.003570
330.000000 0.003187
331.000000 0.003857
332.000000 0.003082
333.000000 0.002831
334.000000 0.003332
335.000000 0.002611
336.000000 0.002407
337.000000 0.002624
338.000000 0.002498
339.000000 0.002253
340.000000 0.002333
341.000000 0.002200
342.000000 0.002072
343.000000 0.002069
344.000000 0.002190
345.000000 0.002019
346.000000 0.001966
347.000000 0.001916
348.000000 0.001883
349.000000 0.001842
350.000000 0.001820
351.000000 0.001795
352.000000 0.001798
353.000000 0.001749
354.000000 0.001720
355.000000 0.001702
356.000000 0.001670
357.000000 0.001669
358.000000 0.001641
359.000000 0.001612
360.000000 0.001598
361.000000 0.001584
362.000000 0.001558
363.000000 0.001541
364.000000 0.001521
365.000000 0.001518
366.000000 0.001498
367.000000 0.001475
368.000000 0.001461
369.000000 0.001444
370.000000 0.001429
371.000000 0.001409
372.000000 0.001406
373.000000 0.001385
374.000000 0.001371
375.000000 0.001353
376.000000 0.001347
377.000000 0.001330
378.000000 0.001311
379.000000 0.001299
380.000000 0.001296
381.000000 0.001277
382.000000 0.001263
383.000000 0.001247
384.000000 0.001241
385.000000 0.001229
386.000000 0.001213
387.000000 0.001201
388.000000 0.001192
389.000000 0.001181
390.000000 0.001169
391.000000 0.001156
392.000000 0.001150
393.000000 0.001131
394.000000 0.001119
395.000000 0.001110
396.000000 0.001106
397.000000 0.001086
398.000000 0.001087
399.000000 0.001065
400.000000 0.001068
401.000000 0.001056
402.000000 0.001039
403.000000 0.001025
404.000000 0.001025
405.000000 0.001012
406.000000 0.000998
407.000000 0.000982
408.000000 0.000992
409.000000 0.000982
410.000000 0.000966
411.000000 0.000963
412.000000 0.000943
413.000000 0.000947
414.000000 0.000930
415.000000 0.000923
416.000000 0.000906
417.000000 0.000900
418.000000 0.000895
419.000000 0.000885
420.000000 0.000884
421.000000 0.000882
422.000000 0.000877
423.000000 0.000864
424.000000 0.000866
425.000000 0.000854
426.000000 0.000833
427.000000 0.000834
428.000000 0.000836
429.000000 0.000814
430.000000 0.000802
431.000000 0.000818
432.000000 0.000797
433.000000 0.000791
434.000000 0.000798
435.000000 0.000809
436.000000 0.000779
437.000000 0.000762
438.000000 0.000749
439.000000 0.000788
440.000000 0.000769
441.000000 0.000752
442.000000 0.000739
443.000000 0.000742
444.000000 0.000739
445.000000 0.000748
446.000000 0.000722
447.000000 0.000714
448.000000 0.000741
449.000000 0.000712
450.000000 0.000701
451.000000 0.000704
452.000000 0.000706
453.000000 0.000691
454.000000 0.000678
455.000000 0.000686
456.000000 0.000684
457.000000 0.000678
458.000000 0.000704
459.000000 0.000687
460.000000 0.000700
461.000000 0.000700
462.000000 0.000692
463.000000 0.000708
464.000000 0.000685
465.000000 0.000665
466.000000 0.000649
467.000000 0.000666
468.000000 0.000662
469.000000 0.000653
470.000000 0.000653
471.000000 0.000650
472.000000 0.000648
473.000000 0.000641
474.000000 0.000658
475.000000 0.000654
476.000000 0.000647
477.000000 0.000655
478.000000 0.000668
479.000000 0.000682
480.000000 0.000700
481.000000 0.000707
482.000000 0.000706
483.000000 0.000696
484.000000 0.000691
485.000000 0.000680
486.000000 0.000671
487.000000 0.000657
488.000000 0.000662
489.000000 0.000676
490.000000 0.000667
491.000000 0.000663
492.000000 0.000668
493.000000 0.000667
494.000000 0.000671
495.000000 0.000670
496.000000 0.000673
497.000000 0.000674
498.000000 0.000682
499.000000 0.000692
500.000000 0.000710
501.000000 0.000735
502.000000 0.000759
503.000000 0.000785
504.000000 0.000796
505.000000 0.000812
506.000000 0.000806
507.000000 0.000801
508.000000 0.000792
509.000000 0.000787
510.000000 0.000778
511.000000 0.000771
512.000000 0.000769
513.000000 0.000771
514.000000 0.000773
515.000000 0.000779
516.000000 0.000783
517.000000 0.000786
518.000000 0.000794
519.000000 0.000801
520.000000 0.000810
521.000000 0.000814
522.000000 0.000823
523.000000 0.000841
524.000000 0.000858
525.000000 0.000885
526.000000 0.000907
527.000000 0.000924
528.000000 0.000949
529.000000 0.000965
530.000000 0.000985
531.000000 0.001001
532.000000 0.001014
533.000000 0.001021
534.000000 0.001023
535.000000 0.001017
536.000000 0.001013
537.000000 0.001009
538.000000 0.001013
539.000000 0.001017
540.000000 0.001022
541.000000 0.001031
542.000000 0.001048
543.000000 0.001062
544.000000 0.001071
545.000000 0.001083
546.000000 0.001088
547.000000 0.001095
548.000000 0.001102
549.000000 0.001108
550.000000 0.001110
551.000000 0.001114
552.000000 0.001121
553.000000 0.001133
554.000000 0.001138
555.000000 0.001144
556.000000 0.001156
557.000000 0.001172
558.000000 0.001190
559.000000 0.001210
560.000000 0.001232
561.000000 0.001256
562.000000 0.001279
563.000000 0.001301
564.000000 0.001320
565.000000 0.001335
566.000000 0.001345
567.000000 0.001357
568.000000 0.001370
569.000000 0.001382
570.000000 0.001395
571.000000 0.001409
572.000000 0.001420
573.000000 0.001423
574.000000 0.001423
575.000000 0.001422
576.000000 0.001414
577.000000 0.001404
578.000000 0.001394
579.000000 0.001382
580.000000 0.001370
581.000000 0.001356
582.000000 0.001343
583.000000 0.001333
584.000000 0.001324
585.000000 0.001320
586.000000 0.001313
587.000000 0.001310
588.000000 0.001305
589.000000 0.001306
590.000000 0.001310
591.000000 0.001316
592.000000 0.001328
593.000000 0.001342
594.000000 0.001355
595.000000 0.001374
596.000000 0.001392
597.000000 0.001414
598.000000 0.001436
599.000000 0.001458
600.000000 0.001473
601.000000 0.001481
602.000000 0.001484
603.000000 0.001482
604.000000 0.001474
605.000000 0.001462
606.000000 0.001447
607.000000 0.001430
608.000000 0.001408
609.000000 0.001387
610.000000 0.001363
611.000000 0.001342
612.000000 0.001321
613.000000 0.001299
614.000000 0.001278
615.000000 0.001256
616.000000 0.001238
617.000000 0.001222
618.000000 0.001205
619.000000 0.001188
620.000000 0.001175
621.000000 0.001162
622.000000 0.001149
623.000000 0.001136
624.000000 0.001124
625.000000 0.001111
626.000000 0.001098
627.000000 0.001084
628.000000 0.001148
629.000000 0.001057
630.000000 0.001042
631.000000 0.001028
632.000000 0.001016
633.000000 0.001001
634.000000 0.000987
635.000000 0.000973
636.000000 0.000960
637.000000 0.000942
638.000000 0.000927
639.000000 0.000912
640.000000 0.000895
641.000000 0.000878
642.000000 0.000865
643.000000 0.000852
644.000000 0.000837
645.000000 0.000825
646.000000 0.000812
647.000000 0.000802
648.000000 0.000788
649.000000 0.000777
650.000000 0.000765
651.000000 0.000756
652.000000 0.000743
653.000000 0.000732
654.000000 0.000722
655.000000 0.000710
656.000000 0.000702
657.000000 0.000689
658.000000 0.000678
659.000000 0.000668
660.000000 0.000658
661.000000 0.000648
662.000000 0.000639
663.000000 0.000629
664.000000 0.000619
665.000000 0.000608
666.000000 0.000597
667.000000 0.000585
668.000000 0.000574
669.000000 0.000563
670.000000 0.000553
671.000000 0.000542
672.000000 0.000532
673.000000 0.000521
674.000000 0.000513
675.000000 0.000503
676.000000 0.000494
677.000000 0.000484
678.000000 0.000477
679.000000 0.000468
680.000000 0.000460
681.000000 0.000454
682.000000 0.000449
683.000000 0.000442
684.000000 0.000437
685.000000 0.000432
686.000000 0.000425
687.000000 0.064488
688.000000 0.000410
689.000000 0.000401
690.000000 0.004208
691.000000 0.000384
692.000000 0.000410
693.000000 0.000369
694.000000 0.000362
695.000000 0.000355
696.000000 0.000347
697.000000 0.000339
698.000000 0.000331
699.000000 0.000325
700.000000 0.000319
701.000000 0.000314
702.000000 0.000309
703.000000 0.000305
704.000000 0.000301
705.000000 0.000297
706.000000 0.000294
707.000000 0.000290
708.000000 0.000287
709.000000 0.000284
710.000000 0.000281
711.000000 0.000278
712.000000 0.000275
713.000000 0.000273
714.000000 0.000272
715.000000 0.000271
716.000000 0.000269
717.000000 0.000266
718.000000 0.000262
719.000000 0.000256
720.000000 0.000250
721.000000 0.000244
722.000000 0.000239
723.000000 0.000234
724.000000 0.000230
725.000000 0.000227
726.000000 0.000226
727.000000 0.000220
728.000000 0.000215
729.000000 0.000211
730.000000 0.000208
731.000000 0.000205
732.000000 0.000202
733.000000 0.000200
734.000000 0.000198
735.000000 0.000197
736.000000 0.000196
737.000000 0.000195
738.000000 0.000194
739.000000 0.000193
740.000000 0.000192
741.000000 0.000192
742.000000 0.000192
743.000000 0.000193
744.000000 0.000194
745.000000 0.000195
746.000000 0.000197
747.000000 0.000196
748.000000 0.000195
749.000000 0.000193
750.000000 0.000189
751.000000 0.000184
752.000000 0.000178
753.000000 0.000173
754.000000 0.000167
755.000000 0.000163
756.000000 0.000159
757.000000 0.000155
758.000000 0.000152
759.000000 0.000150
760.000000 0.000172
761.000000 0.000486
762.000000 0.000148
763.000000 0.000160
764.000000 0.000141
765.000000 0.000174
766.000000 0.000435
767.000000 0.000139
768.000000 0.000144
769.000000 0.000138
770.000000 0.000138
771.000000 0.000138
772.000000 0.000139
773.000000 0.000141
774.000000 0.000144
775.000000 0.000145
776.000000 0.000148
777.000000 0.000150
778.000000 0.000152
779.000000 0.000153
780.000000 0.000152
781.000000 0.000150
782.000000 0.000146
783.000000 0.000142
784.000000 0.000138
785.000000 0.000134
786.000000 0.000130
787.000000 0.000127
788.000000 0.000124
789.000000 0.000121
790.000000 0.000119
791.000000 0.000116
792.000000 0.000114
793.000000 0.000112
794.000000 0.000110
795.000000 0.000108
796.000000 0.000107
797.000000 0.000105
798.000000 0.000104
799.000000 0.000103
800.000000 0.000102
801.000000 0.000101
802.000000 0.000104
803.000000 0.000100
804.000000 0.000100
805.000000 0.000100
806.000000 0.000100
807.000000 0.000101
808.000000 0.000103
809.000000 0.000105
810.000000 0.000107
811.000000 0.000109
812.000000 0.000111
813.000000 0.000113
814.000000 0.000115
815.000000 0.000116
816.000000 0.000116
817.000000 0.000116
818.000000 0.000162
819.000000 0.000113
820.000000 0.000111
821.000000 0.000107
822.000000 0.000104
823.000000 0.000100
824.000000 0.000096
825.000000 0.000093
826.000000 0.000090
827.000000 0.000086
828.000000 0.000084
829.000000 0.000082
830.000000 0.000080
831.000000 0.000078
832.000000 0.000077
833.000000 0.000075
834.000000 0.000075
835.000000 0.000074
836.000000 0.000073
837.000000 0.000072
838.000000 0.000072
839.000000 0.000072
840.000000 0.000072
841.000000 0.000072
842.000000 0.000072
843.000000 0.000072
844.000000 0.000073
845.000000 0.000073
846.000000 0.000074
847.000000 0.000075
848.000000 0.000077
849.000000 0.000078
850.000000 0.000081
851.000000 0.000083
852.000000 0.000086
853.000000 0.000088
854.000000 0.000088
855.000000 0.000087
856.000000 0.000085
857.000000 0.000084
858.000000 0.000082
859.000000 0.000080
860.000000 0.000078
861.000000 0.000075
862.000000 0.000073
863.000000 0.000070
864.000000 0.000068
865.000000 0.000066
866.000000 0.000064
867.000000 0.000062
868.000000 0.000061
869.000000 0.000059
870.000000 0.000058
871.000000 0.000058
872.000000 0.000057
873.000000 0.000056
874.000000 0.000055
875.000000 0.000055
876.000000 0.000055
877.000000 0.000054
878.000000 0.000054
879.000000 0.000054
880.000000 0.000054
881.000000 0.000054
882.000000 0.000055
883.000000 0.000055
884.000000 0.000055
885.000000 0.000055
886.000000 0.000056
887.000000 0.000056
888.000000 0.000056
889.000000 0.000056
890.000000 0.000056
891.000000 0.000056
892.000000 0.000055
893.000000 0.000055
894.000000 0.000060
895.000000 0.000056
896.000000 0.000057
897.000000 0.000058
898.000000 0.000058
899.000000 0.000058
900.000000 0.000057
901.000000 0.000056
902.000000 0.000055
903.000000 0.000054
904.000000 0.000052
905.000000 0.000051
906.000000 0.000050
907.000000 0.000049
908.000000 0.000048
909.000000 0.000047
910.000000 0.000046
911.000000 0.000046
912.000000 0.000045
913.000000 0.000044
914.000000 0.000043
915.000000 0.000044
916.000000 0.000044
917.000000 0.000041
918.000000 0.000048
919.000000 0.000041
920.000000 0.000041
921.000000 0.000041
922.000000 0.000041
923.000000 0.000041
924.000000 0.000040
925.000000 0.000042
926.000000 0.000040
927.000000 0.000040
928.000000 0.000081
929.000000 0.000041
930.000000 0.000040
931.000000 0.000041
932.000000 0.000039
933.000000 0.000039
934.000000 0.000039
935.000000 0.000039
936.000000 0.000039
937.000000 0.000039
938.000000 0.005615
939.000000 0.000042
940.000000 0.000042
941.000000 0.000043
942.000000 0.000044
943.000000 0.000051
944.000000 0.000045
945.000000 0.000045
946.000000 0.000044
947.000000 0.000043
948.000000 0.000041
949.000000 0.000044
950.000000 0.000040
951.000000 0.000041
952.000000 0.000038
953.000000 0.000037
954.000000 0.000036
955.000000 0.000038
956.000000 0.000035
957.000000 0.000036
958.000000 0.000035
959.000000 0.000034
960.000000 0.000034
961.000000 0.000034
962.000000 0.000033
963.000000 0.000033
964.000000 0.000033
965.000000 0.000033
966.000000 0.000033
967.000000 0.000032
968.000000 0.000032
969.000000 0.000035
970.000000 0.000032
971.000000 0.000031
972.000000 0.000033
973.000000 0.000031
974.000000 0.000031
975.000000 0.000030
976.000000 0.000030
977.000000 0.000033
978.000000 0.000030
979.000000 0.000030
980.000000 0.000030
981.000000 0.000030
982.000000 0.000030
983.000000 0.000030
984.000000 0.000030
985.000000 0.000030
986.000000 0.000032
987.000000 0.000030
988.000000 0.000031
989.000000 0.000031
990.000000 0.000032
991.000000 0.000036
992.000000 0.000037
993.000000 0.000034
994.000000 0.000034
995.000000 0.000034
996.000000 0.000032
997.000000 0.000030
998.000000 0.000030
999.000000 0.000029
1000.000000 0.000029
The optical depth at z= 42.000000
1.000000 0.000000
2.000000 0.000000
3.000000 0.000000
4.000000 0.000000
5.000000 5640.081702
6.000000 8244.993080
7.000000 32442.363751
8.000000 43369.381206
9.000000 55783.922694
10.000000 70999.367122
11.000000 88172.579509
12.000000 107490.724407
13.000000 128138.931462
14.000000 151705.905667
15.000000 177677.639649
16.000000 203060.148995
17.000000 231758.441163
18.000000 259648.026757
19.000000 291138.352154
20.000000 330255.749195
21.000000 373759.509149
22.000000 409439.811414
23.000000 447215.108984
24.000000 490620.662065
25.000000 516349.808596
26.000000 540442.253805
27.000000 556809.444757
28.000000 577104.748871
29.000000 597914.461774
30.000000 616526.186783
31.000000 632425.831547
32.000000 667042.257150
33.000000 702040.636870
34.000000 723863.482956
35.000000 786653.384995
36.000000 824132.873903
37.000000 861516.269676
38.000000 899875.869013
39.000000 943704.348047
40.000000 981523.684270
41.000000 1037122.374078
42.000000 1059504.324765
43.000000 1093589.830465
44.000000 1117260.172565
45.000000 1115785.499943
46.000000 1121012.627847
47.000000 1127117.630396
48.000000 1151362.404339
49.000000 1159152.745088
50.000000 1162371.839911
51.000000 1181373.729560
52.000000 1225042.692789
53.000000 1250772.933514
54.000000 1236128.082414
55.000000 1218074.637587
56.000000 1185061.678962
57.000000 1157373.730219
58.000000 1141593.151375
59.000000 1142728.549132
60.000000 1156476.623432
61.000000 1174148.698745
62.000000 1195742.704988
63.000000 1198338.300049
64.000000 1201685.770436
65.000000 1232507.940916
66.000000 1221122.723084
67.000000 1239313.011019
68.000000 1236971.874522
69.000000 1236102.829628
70.000000 1247048.867899
71.000000 1259365.910100
72.000000 1273121.158027
73.000000 1288651.488656
74.000000 1316525.203161
75.000000 1344269.416423
76.000000 1358408.064514
77.000000 1370289.622085
78.000000 1352525.277083
79.000000 1303805.577178
80.000000 1255530.424645
81.000000 1203049.117120
82.000000 1150587.908699
83.000000 1156774.072878
84.000000 1299912.719064
85.000000 1443076.916408
86.000000 1586128.313569
87.000000 1729120.146174
88.000000 1872207.204121
89.000000 1951839.275834
90.000000 1936238.041898
91.000000 1920062.380442
92.000000 1923624.885199
93.000000 2008055.592657
94.000000 2091637.354350
95.000000 2174838.090762
96.000000 2086455.821724
97.000000 1882434.957659
98.000000 1678501.453475
99.000000 1474596.342421
100.000000 1186736.726919
101.000000 877581.837080
102.000000 569012.297486
103.000000 259324.861317
104.000000 209605.572925
105.000000 159953.017251
106.000000 110479.187529
107.000000 60692.588822
108.000000 10969.003941
109.000000 7210.719652
110.000000 2740.805366
111.000000 511.818546
112.000000 11329.781267
113.000000 2183.484159
114.000000 911.800478
115.000000 7545.831561
116.000000 708.903974
117.000000 2362.703642
118.000000 2027.794202
119.000000 466.473927
120.000000 15718.172749
121.000000 22298.762053
122.000000 973.583256
123.000000 3551.601290
124.000000 1864.768128
125.000000 12871.336688
126.000000 3770.101800
127.000000 776.710932
128.000000 2489.415762
129.000000 4865.857841
130.000000 5361.631790
131.000000 6233.764504
132.000000 10481.211904
133.000000 18201.399610
134.000000 22433.780565
135.000000 51315.626033
136.000000 81775.237370
137.000000 102621.440327
138.000000 123472.393829
139.000000 133219.674796
140.000000 127824.027338
141.000000 124176.426374
142.000000 130937.001839
143.000000 137698.598370
144.000000 136930.358446
145.000000 133516.792487
146.000000 130103.190832
147.000000 126689.385766
148.000000 123275.184931
149.000000 113686.889475
150.000000 116798.635370
151.000000 108469.775930
152.000000 100141.016629
153.000000 91812.256454
154.000000 82995.624043
155.000000 75860.139330
156.000000 67969.489157
157.000000 61938.356633
158.000000 55830.178990
159.000000 49110.763898
160.000000 44285.531163
161.000000 38864.006086
162.000000 33441.979325
163.000000 28250.966631
164.000000 23213.352774
165.000000 20351.783430
166.000000 17490.412324
167.000000 14628.693039
168.000000 11805.676894
169.000000 9615.188179
170.000000 7424.564412
171.000000 6888.148919
172.000000 5358.986757
173.000000 4139.654707
174.000000 3269.805674
175.000000 2399.966590
176.000000 1750.946979
177.000000 1240.067716
178.000000 1002.894619
179.000000 786.409146
180.000000 681.399712
181.000000 44.203597
182.000000 223.137397
183.000000 13.296613
184.000000 79.417307
185.000000 18.814512
186.000000 6.221117
187.000000 7.209677
188.000000 0.921990
189.000000 3.674513
190.000000 0.475053
191.000000 1.052472
192.000000 0.970566
193.000000 0.896306
194.000000 0.322345
195.000000 7.109576
196.000000 1.016744
197.000000 0.117901
198.000000 0.134987
199.000000 0.144775
200.000000 0.312678
201.000000 0.230349
202.000000 0.135618
203.000000 0.130092
204.000000 0.136387
205.000000 0.142763
206.000000 0.145062
207.000000 0.149116
208.000000 0.153958
209.000000 0.159556
210.000000 0.167112
211.000000 0.175070
212.000000 0.185121
213.000000 0.197832
214.000000 0.210839
215.000000 0.228221
216.000000 0.244274
217.000000 0.264631
218.000000 0.285835
219.000000 0.309350
220.000000 0.336576
221.000000 0.363611
222.000000 0.397285
223.000000 0.430676
224.000000 0.467075
225.000000 0.506320
226.000000 0.545551
227.000000 0.590919
228.000000 0.636629
229.000000 0.686567
230.000000 0.740651
231.000000 0.790336
232.000000 0.836965
233.000000 0.900078
234.000000 0.947769
235.000000 1.011262
236.000000 1.064269
237.000000 1.123553
238.000000 1.182990
239.000000 1.235080
240.000000 1.311738
241.000000 1.352207
242.000000 1.412384
243.000000 1.457258
244.000000 1.520611
245.000000 1.542771
246.000000 1.613533
247.000000 1.629949
248.000000 1.676113
249.000000 1.729561
250.000000 1.749952
251.000000 1.737564
252.000000 1.803687
253.000000 1.776467
254.000000 1.807391
255.000000 1.798480
256.000000 1.803846
257.000000 1.767931
258.000000 1.750434
259.000000 1.792211
260.000000 1.679253
261.000000 1.713380
262.000000 1.642575
263.000000 1.601809
264.000000 1.559106
265.000000 1.511374
266.000000 1.479760
267.000000 1.381471
268.000000 1.366227
269.000000 1.264281
270.000000 1.250821
271.000000 1.155238
272.000000 1.115726
273.000000 1.040276
274.000000 0.961317
275.000000 0.917895
276.000000 0.844040
277.000000 0.790412
278.000000 0.730861
279.000000 0.674417
280.000000 0.629732
281.000000 0.570046
282.000000 0.505053
283.000000 0.468376
284.000000 0.427350
285.000000 0.387549
286.000000 0.350980
287.000000 0.316587
288.000000 0.277323
289.000000 0.249757
290.000000 0.222927
291.000000 0.201140
292.000000 0.174161
293.000000 0.157862
294.000000 0.136602
295.000000 0.122992
296.000000 0.106691
297.000000 0.094761
298.000000 0.081344
299.000000 0.073157
300.000000 0.063060
301.000000 0.055604
302.000000 0.049158
303.000000 0.042442
304.000000 0.038353
305.000000 0.032966
306.000000 0.029372
307.000000 0.026070
308.000000 0.022732
309.000000 0.020982
310.000000 0.017514
311.000000 0.016011
312.000000 0.013768
313.000000 0.012036
314.000000 0.011435
315.000000 0.009466
316.000000 0.009016
317.000000 0.007749
318.000000 0.007446
319.000000 0.005803
320.000000 0.006482
321.000000 0.004728
322.000000 0.005107
323.000000 0.004789
324.000000 0.003429
325.000000 0.004416
326.000000 0.003376
327.000000 0.002852
328.000000 0.003623
329.000000 0.002578
330.000000 0.002323
331.000000 0.002752
332.000000 0.002248
333.000000 0.002078
334.000000 0.002401
335.000000 0.001929
336.000000 0.001794
337.000000 0.001931
338.000000 0.001847
339.000000 0.001683
340.000000 0.001733
341.000000 0.001643
342.000000 0.001557
343.000000 0.001553
344.000000 0.001627
345.000000 0.001514
346.000000 0.001477
347.000000 0.001441
348.000000 0.001416
349.000000 0.001387
350.000000 0.001372
351.000000 0.001352
352.000000 0.001352
353.000000 0.001319
354.000000 0.001295
355.000000 0.001280
356.000000 0.001259
357.000000 0.001255
358.000000 0.001234
359.000000 0.001215
360.000000 0.001204
361.000000 0.001191
362.000000 0.001173
363.000000 0.001160
364.000000 0.001145
365.000000 0.001139
366.000000 0.001124
367.000000 0.001109
368.000000 0.001097
369.000000 0.001085
370.000000 0.001073
371.000000 0.001059
372.000000 0.001053
373.000000 0.001039
374.000000 0.001028
375.000000 0.001015
376.000000 0.001008
377.000000 0.000996
378.000000 0.000983
379.000000 0.000973
380.000000 0.000968
381.000000 0.000955
382.000000 0.000944
383.000000 0.000933
384.000000 0.000926
385.000000 0.000917
386.000000 0.000906
387.000000 0.000897
388.000000 0.000889
389.000000 0.000880
390.000000 0.000871
391.000000 0.000862
392.000000 0.000855
393.000000 0.000843
394.000000 0.000835
395.000000 0.000827
396.000000 0.000822
397.000000 0.000810
398.000000 0.000807
399.000000 0.000794
400.000000 0.000792
401.000000 0.000783
402.000000 0.000773
403.000000 0.000763
404.000000 0.000760
405.000000 0.000751
406.000000 0.000742
407.000000 0.000732
408.000000 0.000733
409.000000 0.000727
410.000000 0.000716
411.000000 0.000712
412.000000 0.000700
413.000000 0.000699
414.000000 0.000689
415.000000 0.000684
416.000000 0.000673
417.000000 0.000668
418.000000 0.000664
419.000000 0.000657
420.000000 0.000654
421.000000 0.000650
422.000000 0.000646
423.000000 0.000638
424.000000 0.000637
425.000000 0.000629
426.000000 0.000618
427.000000 0.000616
428.000000 0.000614
429.000000 0.000602
430.000000 0.000595
431.000000 0.000600
432.000000 0.000588
433.000000 0.000584
434.000000 0.000585
435.000000 0.000588
436.000000 0.000572
437.000000 0.000563
438.000000 0.000555
439.000000 0.000572
440.000000 0.000562
441.000000 0.000554
442.000000 0.000547
443.000000 0.000547
444.000000 0.000543
445.000000 0.000545
446.000000 0.000531
447.000000 0.000525
448.000000 0.000535
449.000000 0.000522
450.000000 0.000516
451.000000 0.000516
452.000000 0.000515
453.000000 0.000506
454.000000 0.000499
455.000000 0.000502
456.000000 0.000500
457.000000 0.000497
458.000000 0.000509
459.000000 0.000502
460.000000 0.000508
461.000000 0.000508
462.000000 0.000503
463.000000 0.000508
464.000000 0.000495
465.000000 0.000484
466.000000 0.000474
467.000000 0.000481
468.000000 0.000479
469.000000 0.000475
470.000000 0.000475
471.000000 0.000472
472.000000 0.000470
473.000000 0.000465
474.000000 0.000472
475.000000 0.000470
476.000000 0.000468
477.000000 0.000473
478.000000 0.000480
479.000000 0.000488
480.000000 0.000499
481.000000 0.000503
482.000000 0.000504
483.000000 0.000498
484.000000 0.000494
485.000000 0.000486
486.000000 0.000480
487.000000 0.000471
488.000000 0.000472
489.000000 0.000478
490.000000 0.000475
491.000000 0.000473
492.000000 0.000475
493.000000 0.000474
494.000000 0.000475
495.000000 0.000474
496.000000 0.000476
497.000000 0.000477
498.000000 0.000483
499.000000 0.000490
500.000000 0.000501
501.000000 0.000517
502.000000 0.000531
503.000000 0.000546
504.000000 0.000554
505.000000 0.000563
506.000000 0.000560
507.000000 0.000557
508.000000 0.000551
509.000000 0.000546
510.000000 0.000540
511.000000 0.000536
512.000000 0.000534
513.000000 0.000536
514.000000 0.000537
515.000000 0.000541
516.000000 0.000544
517.000000 0.000546
518.000000 0.000550
519.000000 0.000554
520.000000 0.000558
521.000000 0.000561
522.000000 0.000568
523.000000 0.000578
524.000000 0.000589
525.000000 0.000606
526.000000 0.000619
527.000000 0.000631
528.000000 0.000647
529.000000 0.000658
530.000000 0.000670
531.000000 0.000681
532.000000 0.000688
533.000000 0.000693
534.000000 0.000694
535.000000 0.000691
536.000000 0.000688
537.000000 0.000686
538.000000 0.000687
539.000000 0.000689
540.000000 0.000692
541.000000 0.000699
542.000000 0.000708
543.000000 0.000717
544.000000 0.000723
545.000000 0.000730
546.000000 0.000734
547.000000 0.000738
548.000000 0.000742
549.000000 0.000745
550.000000 0.000747
551.000000 0.000750
552.000000 0.000754
553.000000 0.000760
554.000000 0.000765
555.000000 0.000769
556.000000 0.000776
557.000000 0.000787
558.000000 0.000798
559.000000 0.000811
560.000000 0.000825
561.000000 0.000840
562.000000 0.000855
563.000000 0.000869
564.000000 0.000880
565.000000 0.000890
566.000000 0.000897
567.000000 0.000904
568.000000 0.000912
569.000000 0.000920
570.000000 0.000928
571.000000 0.000937
572.000000 0.000943
573.000000 0.000946
574.000000 0.000946
575.000000 0.000945
576.000000 0.000940
577.000000 0.000934
578.000000 0.000927
579.000000 0.000919
580.000000 0.000910
581.000000 0.000901
582.000000 0.000893
583.000000 0.000886
584.000000 0.000881
585.000000 0.000877
586.000000 0.000872
587.000000 0.000871
588.000000 0.000868
589.000000 0.000868
590.000000 0.000870
591.000000 0.000874
592.000000 0.000881
593.000000 0.000890
594.000000 0.000899
595.000000 0.000911
596.000000 0.000923
597.000000 0.000936
598.000000 0.000951
599.000000 0.000965
600.000000 0.000974
601.000000 0.000980
602.000000 0.000981
603.000000 0.000980
604.000000 0.000975
605.000000 0.000967
606.000000 0.000957
607.000000 0.000946
608.000000 0.000932
609.000000 0.000918
610.000000 0.000902
611.000000 0.000888
612.000000 0.000874
613.000000 0.000860
614.000000 0.000846
615.000000 0.000832
616.000000 0.000820
617.000000 0.000809
618.000000 0.000798
619.000000 0.000788
620.000000 0.000779
621.000000 0.000771
622.000000 0.000762
623.000000 0.000754
624.000000 0.000745
625.000000 0.000737
626.000000 0.000729
627.000000 0.000720
628.000000 0.000770
629.000000 0.000702
630.000000 0.000692
631.000000 0.000683
632.000000 0.000675
633.000000 0.000665
634.000000 0.000656
635.000000 0.000647
636.000000 0.000638
637.000000 0.000626
638.000000 0.000617
639.000000 0.000607
640.000000 0.000595
641.000000 0.000585
642.000000 0.000576
643.000000 0.000567
644.000000 0.000558
645.000000 0.000550
646.000000 0.000541
647.000000 0.000534
648.000000 0.000526
649.000000 0.000518
650.000000 0.000511
651.000000 0.000504
652.000000 0.000496
653.000000 0.000489
654.000000 0.000482
655.000000 0.000475
656.000000 0.000469
657.000000 0.000461
658.000000 0.000454
659.000000 0.000447
660.000000 0.000440
661.000000 0.000434
662.000000 0.000428
663.000000 0.000421
664.000000 0.000414
665.000000 0.000407
666.000000 0.000400
667.000000 0.000392
668.000000 0.000385
669.000000 0.000378
670.000000 0.000371
671.000000 0.000364
672.000000 0.000357
673.000000 0.000350
674.000000 0.000345
675.000000 0.000338
676.000000 0.000332
677.000000 0.000326
678.000000 0.000321
679.000000 0.000315
680.000000 0.000310
681.000000 0.000307
682.000000 0.000303
683.000000 0.000298
684.000000 0.000295
685.000000 0.000292
686.000000 0.000287
687.000000 0.049581
688.000000 0.000277
689.000000 0.000272
690.000000 0.003181
691.000000 0.000261
692.000000 0.000277
693.000000 0.000250
694.000000 0.000246
695.000000 0.000241
696.000000 0.000236
697.000000 0.000231
698.000000 0.000226
699.000000 0.000222
700.000000 0.000218
701.000000 0.000214
702.000000 0.000211
703.000000 0.000208
704.000000 0.000205
705.000000 0.000203
706.000000 0.000201
707.000000 0.000198
708.000000 0.000196
709.000000 0.000194
710.000000 0.000192
711.000000 0.000190
712.000000 0.000189
713.000000 0.000187
714.000000 0.000186
715.000000 0.000186
716.000000 0.000184
717.000000 0.000182
718.000000 0.000179
719.000000 0.000176
720.000000 0.000172
721.000000 0.000168
722.000000 0.000164
723.000000 0.000161
724.000000 0.000159
725.000000 0.000156
726.000000 0.000156
727.000000 0.000152
728.000000 0.000149
729.000000 0.000146
730.000000 0.000144
731.000000 0.000142
732.000000 0.000140
733.000000 0.000138
734.000000 0.000137
735.000000 0.000136
736.000000 0.000136
737.000000 0.000135
738.000000 0.000134
739.000000 0.000133
740.000000 0.000133
741.000000 0.000133
742.000000 0.000133
743.000000 0.000133
744.000000 0.000134
745.000000 0.000135
746.000000 0.000136
747.000000 0.000135
748.000000 0.000135
749.000000 0.000133
750.000000 0.000131
751.000000 0.000127
752.000000 0.000124
753.000000 0.000120
754.000000 0.000116
755.000000 0.000113
756.000000 0.000111
757.000000 0.000108
758.000000 0.000106
759.000000 0.000105
760.000000 0.000122
761.000000 0.000362
762.000000 0.000103
763.000000 0.000110
764.000000 0.000099
765.000000 0.000123
766.000000 0.000326
767.000000 0.000097
768.000000 0.000100
769.000000 0.000097
770.000000 0.000096
771.000000 0.000097
772.000000 0.000097
773.000000 0.000098
774.000000 0.000101
775.000000 0.000101
776.000000 0.000103
777.000000 0.000104
778.000000 0.000105
779.000000 0.000106
780.000000 0.000105
781.000000 0.000104
782.000000 0.000102
783.000000 0.000099
784.000000 0.000096
785.000000 0.000093
786.000000 0.000091
787.000000 0.000089
788.000000 0.000087
789.000000 0.000085
790.000000 0.000083
791.000000 0.000082
792.000000 0.000080
793.000000 0.000079
794.000000 0.000077
795.000000 0.000076
796.000000 0.000075
797.000000 0.000074
798.000000 0.000074
799.000000 0.000073
800.000000 0.000072
801.000000 0.000072
802.000000 0.000074
803.000000 0.000071
804.000000 0.000071
805.000000 0.000071
806.000000 0.000071
807.000000 0.000072
808.000000 0.000073
809.000000 0.000074
810.000000 0.000075
811.000000 0.000076
812.000000 0.000077
813.000000 0.000079
814.000000 0.000080
815.000000 0.000081
816.000000 0.000081
817.000000 0.000081
818.000000 0.000116
819.000000 0.000079
820.000000 0.000077
821.000000 0.000075
822.000000 0.000073
823.000000 0.000070
824.000000 0.000067
825.000000 0.000066
826.000000 0.000063
827.000000 0.000061
828.000000 0.000059
829.000000 0.000058
830.000000 0.000057
831.000000 0.000056
832.000000 0.000055
833.000000 0.000054
834.000000 0.000054
835.000000 0.000053
836.000000 0.000052
837.000000 0.000052
838.000000 0.000052
839.000000 0.000052
840.000000 0.000051
841.000000 0.000051
842.000000 0.000052
843.000000 0.000052
844.000000 0.000052
845.000000 0.000052
846.000000 0.000053
847.000000 0.000053
848.000000 0.000054
849.000000 0.000056
850.000000 0.000057
851.000000 0.000059
852.000000 0.000060
853.000000 0.000062
854.000000 0.000062
855.000000 0.000061
856.000000 0.000060
857.000000 0.000059
858.000000 0.000058
859.000000 0.000056
860.000000 0.000055
861.000000 0.000053
862.000000 0.000052
863.000000 0.000050
864.000000 0.000048
865.000000 0.000047
866.000000 0.000046
867.000000 0.000045
868.000000 0.000044
869.000000 0.000043
870.000000 0.000042
871.000000 0.000042
872.000000 0.000041
873.000000 0.000040
874.000000 0.000040
875.000000 0.000040
876.000000 0.000040
877.000000 0.000039
878.000000 0.000039
879.000000 0.000039
880.000000 0.000039
881.000000 0.000039
882.000000 0.000039
883.000000 0.000039
884.000000 0.000040
885.000000 0.000040
886.000000 0.000040
887.000000 0.000040
888.000000 0.000040
889.000000 0.000040
890.000000 0.000040
891.000000 0.000040
892.000000 0.000039
893.000000 0.000039
894.000000 0.000043
895.000000 0.000040
896.000000 0.000041
897.000000 0.000041
898.000000 0.000041
899.000000 0.000041
900.000000 0.000041
901.000000 0.000040
902.000000 0.000039
903.000000 0.000038
904.000000 0.000038
905.000000 0.000037
906.000000 0.000036
907.000000 0.000035
908.000000 0.000035
909.000000 0.000034
910.000000 0.000033
911.000000 0.000033
912.000000 0.000033
913.000000 0.000032
914.000000 0.000032
915.000000 0.000032
916.000000 0.000032
917.000000 0.000030
918.000000 0.000035
919.000000 0.000030
920.000000 0.000030
921.000000 0.000030
922.000000 0.000030
923.000000 0.000030
924.000000 0.000029
925.000000 0.000031
926.000000 0.000029
927.000000 0.000029
928.000000 0.000061
929.000000 0.000030
930.000000 0.000029
931.000000 0.000030
932.000000 0.000029
933.000000 0.000029
934.000000 0.000028
935.000000 0.000029
936.000000 0.000029
937.000000 0.000029
938.000000 0.004333
939.000000 0.000030
940.000000 0.000030
941.000000 0.000031
942.000000 0.000032
943.000000 0.000036
944.000000 0.000032
945.000000 0.000032
946.000000 0.000031
947.000000 0.000031
948.000000 0.000030
949.000000 0.000032
950.000000 0.000029
951.000000 0.000030
952.000000 0.000027
953.000000 0.000027
954.000000 0.000026
955.000000 0.000028
956.000000 0.000026
957.000000 0.000026
958.000000 0.000026
959.000000 0.000025
960.000000 0.000025
961.000000 0.000025
962.000000 0.000024
963.000000 0.000024
964.000000 0.000024
965.000000 0.000024
966.000000 0.000024
967.000000 0.000024
968.000000 0.000023
969.000000 0.000026
970.000000 0.000024
971.000000 0.000023
972.000000 0.000024
973.000000 0.000023
974.000000 0.000023
975.000000 0.000022
976.000000 0.000022
977.000000 0.000025
978.000000 0.000022
979.000000 0.000022
980.000000 0.000022
981.000000 0.000022
982.000000 0.000022
983.000000 0.000022
984.000000 0.000022
985.000000 0.000022
986.000000 0.000024
987.000000 0.000022
988.000000 0.000022
989.000000 0.000023
990.000000 0.000023
991.000000 0.000026
992.000000 0.000026
993.000000 0.000024
994.000000 0.000024
995.000000 0.000024
996.000000 0.000023
997.000000 0.000022
998.000000 0.000022
999.000000 0.000021
1000.000000 0.000021
The optical depth at z= 44.000000
1.000000 0.000000
2.000000 0.000000
3.000000 0.000000
4.000000 0.000000
5.000000 4347.530751
6.000000 6355.468387
7.000000 25007.471286
8.000000 33430.318724
9.000000 42999.790528
10.000000 54728.275907
11.000000 67965.862998
12.000000 82856.823414
13.000000 98773.032580
14.000000 116939.108070
15.000000 136958.838874
16.000000 156524.379013
17.000000 178645.816274
18.000000 200143.880317
19.000000 224417.493999
20.000000 254570.265480
21.000000 288104.166730
22.000000 315607.530427
23.000000 344725.774487
24.000000 378183.975167
25.000000 398016.713154
26.000000 416587.836011
27.000000 429204.119676
28.000000 444848.301700
29.000000 460889.004123
30.000000 475235.437185
31.000000 487491.323034
32.000000 514174.620803
33.000000 541152.339888
34.000000 557973.993679
35.000000 606374.185648
36.000000 635264.412093
37.000000 664080.566933
38.000000 693649.206683
39.000000 727433.410531
40.000000 756585.600967
41.000000 799442.608175
42.000000 816695.235789
43.000000 842969.285980
44.000000 861215.041143
45.000000 860078.323707
46.000000 864107.538881
47.000000 868813.444327
48.000000 887501.986203
49.000000 893506.995964
50.000000 895988.363413
51.000000 910635.545586
52.000000 944296.789433
53.000000 964130.350730
54.000000 952841.694566
55.000000 938925.600012
56.000000 913478.299393
57.000000 892135.663300
58.000000 879971.556508
59.000000 880846.752141
60.000000 891444.147148
61.000000 905066.270337
62.000000 921711.525850
63.000000 923712.282160
64.000000 926292.604726
65.000000 950051.184877
66.000000 941275.144300
67.000000 955296.720761
68.000000 953492.109382
69.000000 952822.226769
70.000000 961259.735559
71.000000 970754.051863
72.000000 981356.976112
73.000000 993328.182988
74.000000 1014814.010254
75.000000 1036200.014404
76.000000 1047098.474050
77.000000 1056257.106197
78.000000 1042563.858227
79.000000 1005009.367770
80.000000 967797.546446
81.000000 927343.505901
82.000000 886904.958399
83.000000 891673.428012
84.000000 1002008.657059
85.000000 1112363.576450
86.000000 1222631.547714
87.000000 1332853.605191
88.000000 1443149.067585
89.000000 1504531.671608
90.000000 1492505.808864
91.000000 1480037.161574
92.000000 1482783.237070
93.000000 1547864.754426
94.000000 1612291.882392
95.000000 1676425.304725
96.000000 1608297.804119
97.000000 1451032.880880
98.000000 1293835.295745
99.000000 1136659.597800
100.000000 914769.455502
101.000000 676464.327859
102.000000 438610.403479
103.000000 199894.773700
104.000000 161569.772886
105.000000 123296.211881
106.000000 85160.417227
107.000000 46783.532982
108.000000 8455.223833
109.000000 5558.275741
110.000000 2112.695595
111.000000 394.270058
112.000000 8733.038729
113.000000 1682.809010
114.000000 702.642092
115.000000 5816.396483
116.000000 546.320932
117.000000 1821.055237
118.000000 1562.899358
119.000000 359.340828
120.000000 12115.647460
121.000000 17188.004427
122.000000 749.905067
123.000000 2737.161721
124.000000 1437.174109
125.000000 9921.422652
126.000000 2905.977825
127.000000 598.602661
128.000000 1918.793416
129.000000 3750.600704
130.000000 4132.673137
131.000000 4804.874469
132.000000 8078.917291
133.000000 14029.846549
134.000000 17292.241579
135.000000 39555.193307
136.000000 63034.357178
137.000000 79103.274180
138.000000 95175.826004
139.000000 102689.317725
140.000000 98530.212487
141.000000 95718.545335
142.000000 100929.787952
143.000000 106141.817835
144.000000 105549.641777
145.000000 102918.375311
146.000000 100287.081406
147.000000 97655.629157
148.000000 95023.871846
149.000000 87632.951907
150.000000 90031.574658
151.000000 83611.462786
152.000000 77191.428117
153.000000 70771.392814
154.000000 63975.292012
155.000000 58475.066339
156.000000 52392.735492
157.000000 47743.772145
158.000000 43035.420322
159.000000 37855.909775
160.000000 34136.487352
161.000000 29957.426244
162.000000 25777.978420
163.000000 21776.602629
164.000000 17893.470880
165.000000 15687.694341
166.000000 13482.071111
167.000000 11276.179421
168.000000 9100.121190
169.000000 7411.632530
170.000000 5723.039745
171.000000 5309.556339
172.000000 4130.836277
173.000000 3190.941761
174.000000 2520.438392
175.000000 1849.942735
176.000000 1349.660823
177.000000 955.861258
178.000000 773.041989
179.000000 606.104280
180.000000 525.297715
181.000000 34.061898
182.000000 172.006529
183.000000 10.234995
184.000000 61.211292
185.000000 14.489521
186.000000 4.782586
187.000000 5.545337
188.000000 0.698488
189.000000 2.821174
190.000000 0.355173
191.000000 0.800944
192.000000 0.738330
193.000000 0.681658
194.000000 0.239696
195.000000 5.472259
196.000000 0.775950
197.000000 0.083400
198.000000 0.096846
199.000000 0.104665
200.000000 0.234189
201.000000 0.170826
202.000000 0.097694
203.000000 0.093322
204.000000 0.097812
205.000000 0.102350
206.000000 0.103464
207.000000 0.105888
208.000000 0.108668
209.000000 0.111942
210.000000 0.116475
211.000000 0.121129
212.000000 0.127221
213.000000 0.135043
214.000000 0.143041
215.000000 0.153887
216.000000 0.163710
217.000000 0.176310
218.000000 0.189409
219.000000 0.203989
220.000000 0.221007
221.000000 0.237878
222.000000 0.259005
223.000000 0.279913
224.000000 0.302704
225.000000 0.327304
226.000000 0.351888
227.000000 0.380344
228.000000 0.409063
229.000000 0.440561
230.000000 0.474603
231.000000 0.505752
232.000000 0.535257
233.000000 0.575070
234.000000 0.605170
235.000000 0.645274
236.000000 0.678717
237.000000 0.716131
238.000000 0.753685
239.000000 0.786607
240.000000 0.835124
241.000000 0.860630
242.000000 0.898722
243.000000 0.926629
244.000000 0.966499
245.000000 0.980444
246.000000 1.025272
247.000000 1.035703
248.000000 1.064992
249.000000 1.098903
250.000000 1.111842
251.000000 1.103979
252.000000 1.145932
253.000000 1.128647
254.000000 1.148264
255.000000 1.142589
256.000000 1.146003
257.000000 1.123182
258.000000 1.112056
259.000000 1.138567
260.000000 1.066866
261.000000 1.088498
262.000000 1.043542
263.000000 1.017671
264.000000 0.990514
265.000000 0.960237
266.000000 0.940137
267.000000 0.877743
268.000000 0.868030
269.000000 0.803306
270.000000 0.794723
271.000000 0.734042
272.000000 0.708934
273.000000 0.661038
274.000000 0.610917
275.000000 0.583334
276.000000 0.536443
277.000000 0.502385
278.000000 0.464586
279.000000 0.428732
280.000000 0.400327
281.000000 0.362414
282.000000 0.321154
283.000000 0.297869
284.000000 0.271834
285.000000 0.246553
286.000000 0.223316
287.000000 0.201467
288.000000 0.176525
289.000000 0.159011
290.000000 0.141967
291.000000 0.128127
292.000000 0.110997
293.000000 0.100636
294.000000 0.087133
295.000000 0.078483
296.000000 0.068128
297.000000 0.060544
298.000000 0.052021
299.000000 0.046814
300.000000 0.040398
301.000000 0.035659
302.000000 0.031558
303.000000 0.027289
304.000000 0.024685
305.000000 0.021260
306.000000 0.018971
307.000000 0.016870
308.000000 0.014745
309.000000 0.013629
310.000000 0.011424
311.000000 0.010464
312.000000 0.009044
313.000000 0.007938
314.000000 0.007550
315.000000 0.006296
316.000000 0.006004
317.000000 0.005195
318.000000 0.004997
319.000000 0.003951
320.000000 0.004375
321.000000 0.003261
322.000000 0.003494
323.000000 0.003290
324.000000 0.002423
325.000000 0.003043
326.000000 0.002382
327.000000 0.002045
328.000000 0.002529
329.000000 0.001865
330.000000 0.001698
331.000000 0.001967
332.000000 0.001645
333.000000 0.001533
334.000000 0.001736
335.000000 0.001433
336.000000 0.001345
337.000000 0.001429
338.000000 0.001373
339.000000 0.001266
340.000000 0.001295
341.000000 0.001235
342.000000 0.001178
343.000000 0.001174
344.000000 0.001217
345.000000 0.001143
346.000000 0.001118
347.000000 0.001092
348.000000 0.001074
349.000000 0.001053
350.000000 0.001042
351.000000 0.001027
352.000000 0.001025
353.000000 0.001002
354.000000 0.000984
355.000000 0.000972
356.000000 0.000958
357.000000 0.000952
358.000000 0.000937
359.000000 0.000924
360.000000 0.000915
361.000000 0.000904
362.000000 0.000891
363.000000 0.000881
364.000000 0.000870
365.000000 0.000864
366.000000 0.000853
367.000000 0.000842
368.000000 0.000832
369.000000 0.000823
370.000000 0.000814
371.000000 0.000804
372.000000 0.000797
373.000000 0.000787
374.000000 0.000779
375.000000 0.000770
376.000000 0.000763
377.000000 0.000754
378.000000 0.000745
379.000000 0.000737
380.000000 0.000731
381.000000 0.000723
382.000000 0.000715
383.000000 0.000706
384.000000 0.000700
385.000000 0.000693
386.000000 0.000685
387.000000 0.000678
388.000000 0.000671
389.000000 0.000665
390.000000 0.000658
391.000000 0.000651
392.000000 0.000645
393.000000 0.000637
394.000000 0.000630
395.000000 0.000624
396.000000 0.000619
397.000000 0.000611
398.000000 0.000607
399.000000 0.000599
400.000000 0.000595
401.000000 0.000589
402.000000 0.000582
403.000000 0.000575
404.000000 0.000572
405.000000 0.000565
406.000000 0.000559
407.000000 0.000552
408.000000 0.000551
409.000000 0.000545
410.000000 0.000539
411.000000 0.000535
412.000000 0.000527
413.000000 0.000525
414.000000 0.000518
415.000000 0.000513
416.000000 0.000507
417.000000 0.000503
418.000000 0.000499
419.000000 0.000494
420.000000 0.000490
421.000000 0.000487
422.000000 0.000483
423.000000 0.000478
424.000000 0.000476
425.000000 0.000471
426.000000 0.000464
427.000000 0.000462
428.000000 0.000459
429.000000 0.000452
430.000000 0.000447
431.000000 0.000447
432.000000 0.000441
433.000000 0.000437
434.000000 0.000436
435.000000 0.000435
436.000000 0.000427
437.000000 0.000422
438.000000 0.000417
439.000000 0.000423
440.000000 0.000418
441.000000 0.000413
442.000000 0.000409
443.000000 0.000408
444.000000 0.000405
445.000000 0.000403
446.000000 0.000396
447.000000 0.000392
448.000000 0.000395
449.000000 0.000388
450.000000 0.000385
451.000000 0.000384
452.000000 0.000382
453.000000 0.000377
454.000000 0.000372
455.000000 0.000372
456.000000 0.000371
457.000000 0.000369
458.000000 0.000374
459.000000 0.000371
460.000000 0.000374
461.000000 0.000373
462.000000 0.000370
463.000000 0.000371
464.000000 0.000364
465.000000 0.000357
466.000000 0.000351
467.000000 0.000353
468.000000 0.000351
469.000000 0.000350
470.000000 0.000349
471.000000 0.000347
472.000000 0.000345
473.000000 0.000342
474.000000 0.000344
475.000000 0.000343
476.000000 0.000342
477.000000 0.000345
478.000000 0.000349
479.000000 0.000354
480.000000 0.000359
481.000000 0.000362
482.000000 0.000363
483.000000 0.000360
484.000000 0.000356
485.000000 0.000351
486.000000 0.000346
487.000000 0.000341
488.000000 0.000340
489.000000 0.000342
490.000000 0.000341
491.000000 0.000341
492.000000 0.000341
493.000000 0.000340
494.000000 0.000340
495.000000 0.000339
496.000000 0.000340
497.000000 0.000341
498.000000 0.000344
499.000000 0.000349
500.000000 0.000356
501.000000 0.000365
502.000000 0.000374
503.000000 0.000383
504.000000 0.000387
505.000000 0.000392
506.000000 0.000391
507.000000 0.000389
508.000000 0.000385
509.000000 0.000381
510.000000 0.000377
511.000000 0.000374
512.000000 0.000373
513.000000 0.000373
514.000000 0.000375
515.000000 0.000377
516.000000 0.000378
517.000000 0.000379
518.000000 0.000381
519.000000 0.000384
520.000000 0.000386
521.000000 0.000388
522.000000 0.000392
523.000000 0.000398
524.000000 0.000405
525.000000 0.000414
526.000000 0.000423
527.000000 0.000431
528.000000 0.000440
529.000000 0.000447
530.000000 0.000455
531.000000 0.000461
532.000000 0.000466
533.000000 0.000469
534.000000 0.000469
535.000000 0.000467
536.000000 0.000465
537.000000 0.000464
538.000000 0.000464
539.000000 0.000465
540.000000 0.000467
541.000000 0.000471
542.000000 0.000476
543.000000 0.000481
544.000000 0.000485
545.000000 0.000489
546.000000 0.000492
547.000000 0.000494
548.000000 0.000497
549.000000 0.000499
550.000000 0.000500
551.000000 0.000502
552.000000 0.000504
553.000000 0.000507
554.000000 0.000510
555.000000 0.000513
556.000000 0.000518
557.000000 0.000524
558.000000 0.000531
559.000000 0.000539
560.000000 0.000548
561.000000 0.000557
562.000000 0.000566
563.000000 0.000575
564.000000 0.000582
565.000000 0.000588
566.000000 0.000592
567.000000 0.000597
568.000000 0.000602
569.000000 0.000606
570.000000 0.000611
571.000000 0.000616
572.000000 0.000620
573.000000 0.000622
574.000000 0.000622
575.000000 0.000621
576.000000 0.000618
577.000000 0.000614
578.000000 0.000609
579.000000 0.000604
580.000000 0.000599
581.000000 0.000593
582.000000 0.000588
583.000000 0.000583
584.000000 0.000579
585.000000 0.000577
586.000000 0.000574
587.000000 0.000572
588.000000 0.000570
589.000000 0.000570
590.000000 0.000571
591.000000 0.000574
592.000000 0.000578
593.000000 0.000583
594.000000 0.000589
595.000000 0.000597
596.000000 0.000604
597.000000 0.000613
598.000000 0.000622
599.000000 0.000631
600.000000 0.000636
601.000000 0.000640
602.000000 0.000641
603.000000 0.000640
604.000000 0.000637
605.000000 0.000632
606.000000 0.000625
607.000000 0.000618
608.000000 0.000609
609.000000 0.000600
610.000000 0.000590
611.000000 0.000581
612.000000 0.000572
613.000000 0.000563
614.000000 0.000554
615.000000 0.000545
616.000000 0.000537
617.000000 0.000530
618.000000 0.000523
619.000000 0.000516
620.000000 0.000511
621.000000 0.000505
622.000000 0.000499
623.000000 0.000494
624.000000 0.000489
625.000000 0.000483
626.000000 0.000478
627.000000 0.000472
628.000000 0.000512
629.000000 0.000461
630.000000 0.000454
631.000000 0.000448
632.000000 0.000443
633.000000 0.000437
634.000000 0.000431
635.000000 0.000425
636.000000 0.000419
637.000000 0.000412
638.000000 0.000406
639.000000 0.000399
640.000000 0.000392
641.000000 0.000385
642.000000 0.000379
643.000000 0.000374
644.000000 0.000368
645.000000 0.000363
646.000000 0.000357
647.000000 0.000352
648.000000 0.000347
649.000000 0.000342
650.000000 0.000337
651.000000 0.000333
652.000000 0.000328
653.000000 0.000323
654.000000 0.000319
655.000000 0.000314
656.000000 0.000311
657.000000 0.000305
658.000000 0.000300
659.000000 0.000296
660.000000 0.000292
661.000000 0.000288
662.000000 0.000284
663.000000 0.000279
664.000000 0.000275
665.000000 0.000271
666.000000 0.000266
667.000000 0.000261
668.000000 0.000256
669.000000 0.000252
670.000000 0.000247
671.000000 0.000243
672.000000 0.000238
673.000000 0.000234
674.000000 0.000230
675.000000 0.000226
676.000000 0.000222
677.000000 0.000218
678.000000 0.000215
679.000000 0.000211
680.000000 0.000208
681.000000 0.000205
682.000000 0.000203
683.000000 0.000200
684.000000 0.000198
685.000000 0.000196
686.000000 0.000193
687.000000 0.038236
688.000000 0.000186
689.000000 0.000183
690.000000 0.002404
691.000000 0.000176
692.000000 0.000187
693.000000 0.000169
694.000000 0.000166
695.000000 0.000163
696.000000 0.000160
697.000000 0.000156
698.000000 0.000153
699.000000 0.000150
700.000000 0.000148
701.000000 0.000146
702.000000 0.000144
703.000000 0.000142
704.000000 0.000140
705.000000 0.000138
706.000000 0.000137
707.000000 0.000135
708.000000 0.000134
709.000000 0.000132
710.000000 0.000131
711.000000 0.000130
712.000000 0.000129
713.000000 0.000128
714.000000 0.000127
715.000000 0.000127
716.000000 0.000126
717.000000 0.000124
718.000000 0.000123
719.000000 0.000120
720.000000 0.000118
721.000000 0.000115
722.000000 0.000113
723.000000 0.000111
724.000000 0.000109
725.000000 0.000108
726.000000 0.000108
727.000000 0.000105
728.000000 0.000103
729.000000 0.000101
730.000000 0.000099
731.000000 0.000098
732.000000 0.000097
733.000000 0.000096
734.000000 0.000095
735.000000 0.000094
736.000000 0.000094
737.000000 0.000093
738.000000 0.000093
739.000000 0.000092
740.000000 0.000092
741.000000 0.000092
742.000000 0.000092
743.000000 0.000092
744.000000 0.000093
745.000000 0.000093
746.000000 0.000094
747.000000 0.000093
748.000000 0.000093
749.000000 0.000092
750.000000 0.000090
751.000000 0.000088
752.000000 0.000086
753.000000 0.000083
754.000000 0.000081
755.000000 0.000079
756.000000 0.000077
757.000000 0.000076
758.000000 0.000075
759.000000 0.000073
760.000000 0.000087
761.000000 0.000270
762.000000 0.000072
763.000000 0.000075
764.000000 0.000069
765.000000 0.000088
766.000000 0.000245
767.000000 0.000068
768.000000 0.000070
769.000000 0.000068
770.000000 0.000068
771.000000 0.000068
772.000000 0.000068
773.000000 0.000069
774.000000 0.000070
775.000000 0.000071
776.000000 0.000072
777.000000 0.000073
778.000000 0.000073
779.000000 0.000073
780.000000 0.000073
781.000000 0.000072
782.000000 0.000071
783.000000 0.000069
784.000000 0.000067
785.000000 0.000065
786.000000 0.000064
787.000000 0.000062
788.000000 0.000061
789.000000 0.000060
790.000000 0.000059
791.000000 0.000058
792.000000 0.000057
793.000000 0.000056
794.000000 0.000055
795.000000 0.000054
796.000000 0.000053
797.000000 0.000053
798.000000 0.000052
799.000000 0.000052
800.000000 0.000052
801.000000 0.000051
802.000000 0.000053
803.000000 0.000051
804.000000 0.000050
805.000000 0.000050
806.000000 0.000050
807.000000 0.000051
808.000000 0.000051
809.000000 0.000052
810.000000 0.000053
811.000000 0.000054
812.000000 0.000054
813.000000 0.000055
814.000000 0.000056
815.000000 0.000056
816.000000 0.000056
817.000000 0.000056
818.000000 0.000084
819.000000 0.000055
820.000000 0.000054
821.000000 0.000053
822.000000 0.000051
823.000000 0.000049
824.000000 0.000048
825.000000 0.000047
826.000000 0.000045
827.000000 0.000044
828.000000 0.000043
829.000000 0.000042
830.000000 0.000041
831.000000 0.000040
832.000000 0.000040
833.000000 0.000039
834.000000 0.000039
835.000000 0.000038
836.000000 0.000038
837.000000 0.000038
838.000000 0.000037
839.000000 0.000037
840.000000 0.000037
841.000000 0.000037
842.000000 0.000037
843.000000 0.000037
844.000000 0.000037
845.000000 0.000038
846.000000 0.000038
847.000000 0.000038
848.000000 0.000039
849.000000 0.000040
850.000000 0.000041
851.000000 0.000042
852.000000 0.000043
853.000000 0.000043
854.000000 0.000043
855.000000 0.000043
856.000000 0.000042
857.000000 0.000041
858.000000 0.000041
859.000000 0.000040
860.000000 0.000039
861.000000 0.000038
862.000000 0.000037
863.000000 0.000036
864.000000 0.000035
865.000000 0.000034
866.000000 0.000033
867.000000 0.000032
868.000000 0.000032
869.000000 0.000031
870.000000 0.000031
871.000000 0.000030
872.000000 0.000030
873.000000 0.000030
874.000000 0.000029
875.000000 0.000029
876.000000 0.000029
877.000000 0.000029
878.000000 0.000029
879.000000 0.000029
880.000000 0.000029
881.000000 0.000029
882.000000 0.000029
883.000000 0.000029
884.000000 0.000029
885.000000 0.000029
886.000000 0.000029
887.000000 0.000029
888.000000 0.000029
889.000000 0.000029
890.000000 0.000029
891.000000 0.000029
892.000000 0.000029
893.000000 0.000029
894.000000 0.000031
895.000000 0.000029
896.000000 0.000029
897.000000 0.000030
898.000000 0.000030
899.000000 0.000030
900.000000 0.000029
901.000000 0.000029
902.000000 0.000028
903.000000 0.000028
904.000000 0.000027
905.000000 0.000027
906.000000 0.000026
907.000000 0.000026
908.000000 0.000025
909.000000 0.000025
910.000000 0.000024
911.000000 0.000024
912.000000 0.000024
913.000000 0.000024
914.000000 0.000023
915.000000 0.000024
916.000000 0.000024
917.000000 0.000022
918.000000 0.000026
919.000000 0.000022
920.000000 0.000022
921.000000 0.000022
922.000000 0.000022
923.000000 0.000022
924.000000 0.000022
925.000000 0.000023
926.000000 0.000022
927.000000 0.000022
928.000000 0.000047
929.000000 0.000022
930.000000 0.000021
931.000000 0.000022
932.000000 0.000021
933.000000 0.000021
934.000000 0.000021
935.000000 0.000021
936.000000 0.000021
937.000000 0.000021
938.000000 0.003357
939.000000 0.000022
940.000000 0.000022
941.000000 0.000022
942.000000 0.000023
943.000000 0.000026
944.000000 0.000023
945.000000 0.000023
946.000000 0.000023
947.000000 0.000022
948.000000 0.000022
949.000000 0.000024
950.000000 0.000021
951.000000 0.000022
952.000000 0.000020
953.000000 0.000020
954.000000 0.000019
955.000000 0.000020
956.000000 0.000019
957.000000 0.000019
958.000000 0.000019
959.000000 0.000019
960.000000 0.000018
961.000000 0.000018
962.000000 0.000018
963.000000 0.000018
964.000000 0.000018
965.000000 0.000018
966.000000 0.000018
967.000000 0.000018
968.000000 0.000017
969.000000 0.000019
970.000000 0.000018
971.000000 0.000017
972.000000 0.000018
973.000000 0.000017
974.000000 0.000017
975.000000 0.000017
976.000000 0.000017
977.000000 0.000018
978.000000 0.000016
979.000000 0.000016
980.000000 0.000016
981.000000 0.000016
982.000000 0.000016
983.000000 0.000016
984.000000 0.000016
985.000000 0.000016
986.000000 0.000017
987.000000 0.000016
988.000000 0.000017
989.000000 0.000017
990.000000 0.000017
991.000000 0.000019
992.000000 0.000019
993.000000 0.000018
994.000000 0.000018
995.000000 0.000018
996.000000 0.000017
997.000000 0.000016
998.000000 0.000016
999.000000 0.000016
1000.000000 0.000016
The optical depth at z= 46.000000
1.000000 0.000000
2.000000 0.000000
3.000000 0.000000
4.000000 0.000000
5.000000 3360.512728
6.000000 4912.589152
7.000000 19330.037045
8.000000 25840.649616
9.000000 33237.568654
10.000000 42303.341604
11.000000 52535.605627
12.000000 64045.878459
13.000000 76348.638323
14.000000 90390.478355
15.000000 105865.139181
16.000000 120988.724095
17.000000 138087.942007
18.000000 154705.310979
19.000000 173468.097746
20.000000 196775.299982
21.000000 222696.015707
22.000000 243955.303870
23.000000 266462.846900
24.000000 292325.048322
25.000000 307655.169463
26.000000 322010.098840
27.000000 331762.113704
28.000000 343854.604703
29.000000 356253.594121
30.000000 367342.964105
31.000000 376816.401678
32.000000 397441.802810
33.000000 418294.783343
34.000000 431297.425602
35.000000 468709.344386
36.000000 491040.636512
37.000000 513314.673142
38.000000 536170.358405
39.000000 562284.550950
40.000000 584818.333839
41.000000 617945.534774
42.000000 631281.307351
43.000000 651590.372245
44.000000 665693.803039
45.000000 664815.154679
46.000000 667929.619537
47.000000 671567.145923
48.000000 686012.836682
49.000000 690654.531364
50.000000 692572.555158
51.000000 703894.394469
52.000000 729913.541604
53.000000 745244.287651
54.000000 736518.489762
55.000000 725761.759422
56.000000 706091.747898
57.000000 689594.520577
58.000000 680192.025004
59.000000 680868.525230
60.000000 689059.998116
61.000000 699589.496308
62.000000 712455.786090
63.000000 714002.311948
64.000000 715996.825303
65.000000 734361.505382
66.000000 727577.885892
67.000000 738416.150424
68.000000 737021.240851
69.000000 736503.442973
70.000000 743025.388259
71.000000 750364.214339
72.000000 758559.961158
73.000000 767813.349897
74.000000 784421.258269
75.000000 800952.006332
76.000000 809376.193446
77.000000 816455.545495
78.000000 805871.069870
79.000000 776842.558829
80.000000 748078.920462
81.000000 716809.143828
82.000000 685551.342949
83.000000 689237.233170
84.000000 774523.111953
85.000000 859824.203144
86.000000 945058.088473
87.000000 1030256.484940
88.000000 1115511.624853
89.000000 1162958.568160
90.000000 1153662.931658
91.000000 1144025.035816
92.000000 1146147.670265
93.000000 1196453.756729
94.000000 1246254.020358
95.000000 1295827.257742
96.000000 1243166.707705
97.000000 1121605.563858
98.000000 1000096.469633
99.000000 878604.294117
100.000000 707089.770607
101.000000 522886.949024
102.000000 339032.893734
103.000000 154512.765720
104.000000 124888.672606
105.000000 95304.341106
106.000000 65826.498617
107.000000 36162.297849
108.000000 6535.611498
109.000000 4295.246739
110.000000 1633.051435
111.000000 304.712418
112.000000 6750.642194
113.000000 1301.159380
114.000000 543.026085
115.000000 4495.676203
116.000000 422.192772
117.000000 1407.495987
118.000000 1207.951358
119.000000 277.604386
120.000000 9364.799878
121.000000 13285.486897
122.000000 579.274835
123.000000 2115.405445
124.000000 1110.726628
125.000000 7668.857920
126.000000 2246.151409
127.000000 462.626519
128.000000 1483.089943
129.000000 2899.011165
130.000000 3194.282070
131.000000 3713.830660
132.000000 6244.562284
133.000000 10844.451722
134.000000 13366.163069
135.000000 30574.785091
136.000000 48723.527162
137.000000 61144.383137
138.000000 73568.033794
139.000000 79375.752100
140.000000 76160.892386
141.000000 73987.561110
142.000000 78015.700638
143.000000 82044.447384
144.000000 81586.715041
145.000000 79552.826865
146.000000 77518.917422
147.000000 75484.883718
148.000000 73450.614621
149.000000 67737.653730
150.000000 69591.718531
151.000000 64629.163491
152.000000 59666.668135
153.000000 54704.172373
154.000000 49450.989049
155.000000 45199.479142
156.000000 40498.016330
157.000000 36904.505599
158.000000 33265.089026
159.000000 29261.480385
160.000000 26386.476075
161.000000 23156.186164
162.000000 19925.596443
163.000000 16832.651035
164.000000 13831.105518
165.000000 12126.105314
166.000000 10421.224051
167.000000 8716.135877
168.000000 7034.107398
169.000000 5728.956272
170.000000 4423.724648
171.000000 4104.114328
172.000000 3192.999441
173.000000 2466.488976
174.000000 1948.210241
175.000000 1429.937397
176.000000 1043.234721
177.000000 738.839660
178.000000 597.526284
179.000000 470.111987
180.000000 404.222299
181.000000 26.205748
182.000000 132.407215
183.000000 7.886174
184.000000 47.087760
185.000000 11.173689
186.000000 3.675025
187.000000 4.260386
188.000000 0.531652
189.000000 2.163771
190.000000 0.267120
191.000000 0.609532
192.000000 0.562621
193.000000 0.518823
194.000000 0.178773
195.000000 4.216792
196.000000 0.591945
197.000000 0.059367
198.000000 0.070072
199.000000 0.076298
200.000000 0.176483
201.000000 0.127570
202.000000 0.070967
203.000000 0.067513
204.000000 0.070740
205.000000 0.073997
206.000000 0.074421
207.000000 0.075828
208.000000 0.077343
209.000000 0.079181
210.000000 0.081826
211.000000 0.084439
212.000000 0.088046
213.000000 0.092777
214.000000 0.097610
215.000000 0.104294
216.000000 0.110191
217.000000 0.117873
218.000000 0.125839
219.000000 0.134750
220.000000 0.145264
221.000000 0.155664
222.000000 0.168780
223.000000 0.181727
224.000000 0.195841
225.000000 0.211096
226.000000 0.226334
227.000000 0.243996
228.000000 0.261860
229.000000 0.281553
230.000000 0.302785
231.000000 0.322205
232.000000 0.340641
233.000000 0.365556
234.000000 0.384351
235.000000 0.409463
236.000000 0.430375
237.000000 0.453800
238.000000 0.477336
239.000000 0.497955
240.000000 0.528436
241.000000 0.544366
242.000000 0.568297
243.000000 0.585428
244.000000 0.610277
245.000000 0.618972
246.000000 0.647172
247.000000 0.653739
248.000000 0.672197
249.000000 0.693568
250.000000 0.701717
251.000000 0.696748
252.000000 0.723191
253.000000 0.712283
254.000000 0.724642
255.000000 0.721053
256.000000 0.723198
257.000000 0.708798
258.000000 0.701772
259.000000 0.718480
260.000000 0.673260
261.000000 0.686890
262.000000 0.658534
263.000000 0.642213
264.000000 0.625078
265.000000 0.605981
266.000000 0.593298
267.000000 0.553947
268.000000 0.547813
269.000000 0.506993
270.000000 0.501571
271.000000 0.463301
272.000000 0.447461
273.000000 0.417253
274.000000 0.385643
275.000000 0.368242
276.000000 0.338668
277.000000 0.317185
278.000000 0.293345
279.000000 0.270730
280.000000 0.252810
281.000000 0.228896
282.000000 0.202875
283.000000 0.188186
284.000000 0.171765
285.000000 0.155818
286.000000 0.141159
287.000000 0.127376
288.000000 0.111642
289.000000 0.100593
290.000000 0.089840
291.000000 0.081108
292.000000 0.070302
293.000000 0.063764
294.000000 0.055245
295.000000 0.049786
296.000000 0.043252
297.000000 0.038465
298.000000 0.033086
299.000000 0.029798
300.000000 0.025749
301.000000 0.022756
302.000000 0.020166
303.000000 0.017471
304.000000 0.015824
305.000000 0.013661
306.000000 0.012214
307.000000 0.010886
308.000000 0.009542
309.000000 0.008835
310.000000 0.007441
311.000000 0.006832
312.000000 0.005934
313.000000 0.005234
314.000000 0.004986
315.000000 0.004192
316.000000 0.004005
317.000000 0.003492
318.000000 0.003364
319.000000 0.002702
320.000000 0.002965
321.000000 0.002260
322.000000 0.002404
323.000000 0.002273
324.000000 0.001724
325.000000 0.002112
326.000000 0.001692
327.000000 0.001478
328.000000 0.001780
329.000000 0.001359
330.000000 0.001252
331.000000 0.001419
332.000000 0.001214
333.000000 0.001140
334.000000 0.001266
335.000000 0.001073
336.000000 0.001015
337.000000 0.001066
338.000000 0.001029
339.000000 0.000959
340.000000 0.000975
341.000000 0.000935
342.000000 0.000897
343.000000 0.000893
344.000000 0.000918
345.000000 0.000870
346.000000 0.000852
347.000000 0.000834
348.000000 0.000821
349.000000 0.000805
350.000000 0.000797
351.000000 0.000785
352.000000 0.000783
353.000000 0.000767
354.000000 0.000753
355.000000 0.000744
356.000000 0.000734
357.000000 0.000728
358.000000 0.000718
359.000000 0.000708
360.000000 0.000701
361.000000 0.000692
362.000000 0.000683
363.000000 0.000675
364.000000 0.000667
365.000000 0.000661
366.000000 0.000653
367.000000 0.000645
368.000000 0.000637
369.000000 0.000630
370.000000 0.000623
371.000000 0.000616
372.000000 0.000610
373.000000 0.000602
374.000000 0.000596
375.000000 0.000589
376.000000 0.000583
377.000000 0.000577
378.000000 0.000570
379.000000 0.000564
380.000000 0.000559
381.000000 0.000552
382.000000 0.000546
383.000000 0.000540
384.000000 0.000535
385.000000 0.000529
386.000000 0.000523
387.000000 0.000518
388.000000 0.000513
389.000000 0.000507
390.000000 0.000502
391.000000 0.000497
392.000000 0.000492
393.000000 0.000486
394.000000 0.000481
395.000000 0.000476
396.000000 0.000472
397.000000 0.000467
398.000000 0.000463
399.000000 0.000457
400.000000 0.000453
401.000000 0.000449
402.000000 0.000444
403.000000 0.000439
404.000000 0.000435
405.000000 0.000431
406.000000 0.000426
407.000000 0.000421
408.000000 0.000419
409.000000 0.000415
410.000000 0.000410
411.000000 0.000407
412.000000 0.000402
413.000000 0.000399
414.000000 0.000394
415.000000 0.000391
416.000000 0.000386
417.000000 0.000383
418.000000 0.000380
419.000000 0.000376
420.000000 0.000373
421.000000 0.000370
422.000000 0.000367
423.000000 0.000363
424.000000 0.000361
425.000000 0.000357
426.000000 0.000353
427.000000 0.000350
428.000000 0.000348
429.000000 0.000343
430.000000 0.000340
431.000000 0.000338
432.000000 0.000335
433.000000 0.000332
434.000000 0.000330
435.000000 0.000328
436.000000 0.000324
437.000000 0.000320
438.000000 0.000317
439.000000 0.000318
440.000000 0.000316
441.000000 0.000313
442.000000 0.000310
443.000000 0.000308
444.000000 0.000306
445.000000 0.000304
446.000000 0.000299
447.000000 0.000296
448.000000 0.000296
449.000000 0.000293
450.000000 0.000291
451.000000 0.000289
452.000000 0.000287
453.000000 0.000284
454.000000 0.000281
455.000000 0.000280
456.000000 0.000279
457.000000 0.000278
458.000000 0.000280
459.000000 0.000278
460.000000 0.000279
461.000000 0.000279
462.000000 0.000277
463.000000 0.000275
464.000000 0.000271
465.000000 0.000267
466.000000 0.000263
467.000000 0.000263
468.000000 0.000262
469.000000 0.000261
470.000000 0.000260
471.000000 0.000258
472.000000 0.000257
473.000000 0.000254
474.000000 0.000255
475.000000 0.000254
476.000000 0.000254
477.000000 0.000255
478.000000 0.000257
479.000000 0.000260
480.000000 0.000263
481.000000 0.000265
482.000000 0.000265
483.000000 0.000263
484.000000 0.000260
485.000000 0.000257
486.000000 0.000253
487.000000 0.000250
488.000000 0.000249
489.000000 0.000249
490.000000 0.000249
491.000000 0.000248
492.000000 0.000248
493.000000 0.000247
494.000000 0.000247
495.000000 0.000246
496.000000 0.000246
497.000000 0.000247
498.000000 0.000249
499.000000 0.000252
500.000000 0.000256
501.000000 0.000261
502.000000 0.000266
503.000000 0.000271
504.000000 0.000274
505.000000 0.000277
506.000000 0.000276
507.000000 0.000275
508.000000 0.000272
509.000000 0.000269
510.000000 0.000266
511.000000 0.000264
512.000000 0.000263
513.000000 0.000263
514.000000 0.000264
515.000000 0.000265
516.000000 0.000266
517.000000 0.000267
518.000000 0.000267
519.000000 0.000269
520.000000 0.000270
521.000000 0.000271
522.000000 0.000273
523.000000 0.000277
524.000000 0.000281
525.000000 0.000287
526.000000 0.000292
527.000000 0.000297
528.000000 0.000302
529.000000 0.000307
530.000000 0.000311
531.000000 0.000315
532.000000 0.000318
533.000000 0.000320
534.000000 0.000320
535.000000 0.000318
536.000000 0.000317
537.000000 0.000316
538.000000 0.000316
539.000000 0.000316
540.000000 0.000317
541.000000 0.000320
542.000000 0.000323
543.000000 0.000326
544.000000 0.000328
545.000000 0.000330
546.000000 0.000332
547.000000 0.000333
548.000000 0.000335
549.000000 0.000336
550.000000 0.000336
551.000000 0.000337
552.000000 0.000339
553.000000 0.000340
554.000000 0.000342
555.000000 0.000344
556.000000 0.000347
557.000000 0.000351
558.000000 0.000355
559.000000 0.000360
560.000000 0.000365
561.000000 0.000371
562.000000 0.000376
563.000000 0.000382
564.000000 0.000386
565.000000 0.000389
566.000000 0.000392
567.000000 0.000395
568.000000 0.000398
569.000000 0.000401
570.000000 0.000404
571.000000 0.000407
572.000000 0.000409
573.000000 0.000410
574.000000 0.000410
575.000000 0.000410
576.000000 0.000408
577.000000 0.000405
578.000000 0.000402
579.000000 0.000398
580.000000 0.000395
581.000000 0.000391
582.000000 0.000388
583.000000 0.000384
584.000000 0.000382
585.000000 0.000380
586.000000 0.000378
587.000000 0.000377
588.000000 0.000376
589.000000 0.000376
590.000000 0.000376
591.000000 0.000378
592.000000 0.000380
593.000000 0.000383
594.000000 0.000387
595.000000 0.000392
596.000000 0.000396
597.000000 0.000402
598.000000 0.000407
599.000000 0.000413
600.000000 0.000416
601.000000 0.000418
602.000000 0.000419
603.000000 0.000418
604.000000 0.000416
605.000000 0.000413
606.000000 0.000409
607.000000 0.000404
608.000000 0.000398
609.000000 0.000392
610.000000 0.000386
611.000000 0.000380
612.000000 0.000374
613.000000 0.000368
614.000000 0.000363
615.000000 0.000357
616.000000 0.000352
617.000000 0.000347
618.000000 0.000343
619.000000 0.000339
620.000000 0.000335
621.000000 0.000331
622.000000 0.000328
623.000000 0.000324
624.000000 0.000321
625.000000 0.000317
626.000000 0.000314
627.000000 0.000310
628.000000 0.000341
629.000000 0.000303
630.000000 0.000299
631.000000 0.000295
632.000000 0.000291
633.000000 0.000288
634.000000 0.000284
635.000000 0.000280
636.000000 0.000276
637.000000 0.000271
638.000000 0.000267
639.000000 0.000263
640.000000 0.000259
641.000000 0.000254
642.000000 0.000250
643.000000 0.000247
644.000000 0.000243
645.000000 0.000240
646.000000 0.000236
647.000000 0.000233
648.000000 0.000230
649.000000 0.000227
650.000000 0.000223
651.000000 0.000221
652.000000 0.000218
653.000000 0.000214
654.000000 0.000212
655.000000 0.000208
656.000000 0.000206
657.000000 0.000203
658.000000 0.000200
659.000000 0.000197
660.000000 0.000194
661.000000 0.000192
662.000000 0.000189
663.000000 0.000186
664.000000 0.000183
665.000000 0.000181
666.000000 0.000178
667.000000 0.000174
668.000000 0.000171
669.000000 0.000168
670.000000 0.000165
671.000000 0.000163
672.000000 0.000160
673.000000 0.000157
674.000000 0.000154
675.000000 0.000152
676.000000 0.000149
677.000000 0.000147
678.000000 0.000145
679.000000 0.000142
680.000000 0.000140
681.000000 0.000138
682.000000 0.000137
683.000000 0.000135
684.000000 0.000134
685.000000 0.000132
686.000000 0.000130
687.000000 0.029559
688.000000 0.000126
689.000000 0.000124
690.000000 0.001816
691.000000 0.000119
692.000000 0.000127
693.000000 0.000115
694.000000 0.000113
695.000000 0.000111
696.000000 0.000109
697.000000 0.000107
698.000000 0.000105
699.000000 0.000103
700.000000 0.000101
701.000000 0.000100
702.000000 0.000098
703.000000 0.000097
704.000000 0.000096
705.000000 0.000095
706.000000 0.000094
707.000000 0.000093
708.000000 0.000092
709.000000 0.000091
710.000000 0.000090
711.000000 0.000089
712.000000 0.000089
713.000000 0.000088
714.000000 0.000088
715.000000 0.000087
716.000000 0.000087
717.000000 0.000086
718.000000 0.000085
719.000000 0.000083
720.000000 0.000081
721.000000 0.000080
722.000000 0.000078
723.000000 0.000077
724.000000 0.000076
725.000000 0.000075
726.000000 0.000075
727.000000 0.000073
728.000000 0.000072
729.000000 0.000070
730.000000 0.000069
731.000000 0.000068
732.000000 0.000068
733.000000 0.000067
734.000000 0.000067
735.000000 0.000066
736.000000 0.000066
737.000000 0.000065
738.000000 0.000065
739.000000 0.000065
740.000000 0.000064
741.000000 0.000064
742.000000 0.000064
743.000000 0.000064
744.000000 0.000065
745.000000 0.000065
746.000000 0.000065
747.000000 0.000065
748.000000 0.000065
749.000000 0.000064
750.000000 0.000063
751.000000 0.000061
752.000000 0.000060
753.000000 0.000058
754.000000 0.000057
755.000000 0.000056
756.000000 0.000055
757.000000 0.000054
758.000000 0.000053
759.000000 0.000052
760.000000 0.000062
761.000000 0.000203
762.000000 0.000051
763.000000 0.000053
764.000000 0.000049
765.000000 0.000063
766.000000 0.000184
767.000000 0.000049
768.000000 0.000049
769.000000 0.000048
770.000000 0.000048
771.000000 0.000048
772.000000 0.000048
773.000000 0.000049
774.000000 0.000050
775.000000 0.000050
776.000000 0.000050
777.000000 0.000051
778.000000 0.000051
779.000000 0.000051
780.000000 0.000051
781.000000 0.000051
782.000000 0.000050
783.000000 0.000048
784.000000 0.000047
785.000000 0.000046
786.000000 0.000045
787.000000 0.000044
788.000000 0.000043
789.000000 0.000043
790.000000 0.000042
791.000000 0.000041
792.000000 0.000041
793.000000 0.000040
794.000000 0.000039
795.000000 0.000039
796.000000 0.000038
797.000000 0.000038
798.000000 0.000038
799.000000 0.000037
800.000000 0.000037
801.000000 0.000037
802.000000 0.000038
803.000000 0.000036
804.000000 0.000036
805.000000 0.000036
806.000000 0.000036
807.000000 0.000037
808.000000 0.000037
809.000000 0.000037
810.000000 0.000038
811.000000 0.000038
812.000000 0.000039
813.000000 0.000039
814.000000 0.000040
815.000000 0.000040
816.000000 0.000040
817.000000 0.000040
818.000000 0.000061
819.000000 0.000039
820.000000 0.000038
821.000000 0.000037
822.000000 0.000036
823.000000 0.000035
824.000000 0.000034
825.000000 0.000033
826.000000 0.000032
827.000000 0.000032
828.000000 0.000031
829.000000 0.000030
830.000000 0.000030
831.000000 0.000029
832.000000 0.000029
833.000000 0.000028
834.000000 0.000028
835.000000 0.000028
836.000000 0.000028
837.000000 0.000028
838.000000 0.000027
839.000000 0.000027
840.000000 0.000027
841.000000 0.000027
842.000000 0.000027
843.000000 0.000027
844.000000 0.000027
845.000000 0.000027
846.000000 0.000028
847.000000 0.000028
848.000000 0.000028
849.000000 0.000029
850.000000 0.000029
851.000000 0.000030
852.000000 0.000030
853.000000 0.000031
854.000000 0.000031
855.000000 0.000031
856.000000 0.000030
857.000000 0.000030
858.000000 0.000029
859.000000 0.000029
860.000000 0.000028
861.000000 0.000027
862.000000 0.000027
863.000000 0.000026
864.000000 0.000025
865.000000 0.000025
866.000000 0.000024
867.000000 0.000024
868.000000 0.000023
869.000000 0.000023
870.000000 0.000023
871.000000 0.000022
872.000000 0.000022
873.000000 0.000022
874.000000 0.000022
875.000000 0.000022
876.000000 0.000021
877.000000 0.000021
878.000000 0.000021
879.000000 0.000021
880.000000 0.000021
881.000000 0.000021
882.000000 0.000021
883.000000 0.000021
884.000000 0.000021
885.000000 0.000021
886.000000 0.000021
887.000000 0.000021
888.000000 0.000021
889.000000 0.000021
890.000000 0.000021
891.000000 0.000021
892.000000 0.000021
893.000000 0.000021
894.000000 0.000023
895.000000 0.000021
896.000000 0.000021
897.000000 0.000022
898.000000 0.000022
899.000000 0.000022
900.000000 0.000021
901.000000 0.000021
902.000000 0.000021
903.000000 0.000020
904.000000 0.000020
905.000000 0.000020
906.000000 0.000019
907.000000 0.000019
908.000000 0.000019
909.000000 0.000018
910.000000 0.000018
911.000000 0.000018
912.000000 0.000018
913.000000 0.000018
914.000000 0.000017
915.000000 0.000018
916.000000 0.000018
917.000000 0.000017
918.000000 0.000020
919.000000 0.000017
920.000000 0.000017
921.000000 0.000016
922.000000 0.000017
923.000000 0.000016
924.000000 0.000016
925.000000 0.000017
926.000000 0.000016
927.000000 0.000016
928.000000 0.000035
929.000000 0.000017
930.000000 0.000016
931.000000 0.000016
932.000000 0.000016
933.000000 0.000016
934.000000 0.000016
935.000000 0.000016
936.000000 0.000016
937.000000 0.000016
938.000000 0.002612
939.000000 0.000016
940.000000 0.000016
941.000000 0.000016
942.000000 0.000017
943.000000 0.000019
944.000000 0.000017
945.000000 0.000017
946.000000 0.000017
947.000000 0.000016
948.000000 0.000016
949.000000 0.000018
950.000000 0.000016
951.000000 0.000016
952.000000 0.000015
953.000000 0.000015
954.000000 0.000014
955.000000 0.000015
956.000000 0.000014
957.000000 0.000014
958.000000 0.000014
959.000000 0.000014
960.000000 0.000014
961.000000 0.000014
962.000000 0.000014
963.000000 0.000013
964.000000 0.000013
965.000000 0.000013
966.000000 0.000013
967.000000 0.000013
968.000000 0.000013
969.000000 0.000015
970.000000 0.000013
971.000000 0.000013
972.000000 0.000014
973.000000 0.000013
974.000000 0.000013
975.000000 0.000013
976.000000 0.000012
977.000000 0.000014
978.000000 0.000012
979.000000 0.000012
980.000000 0.000012
981.000000 0.000012
982.000000 0.000012
983.000000 0.000012
984.000000 0.000012
985.000000 0.000012
986.000000 0.000013
987.000000 0.000012
988.000000 0.000012
989.000000 0.000012
990.000000 0.000013
991.000000 0.000014
992.000000 0.000014
993.000000 0.000013
994.000000 0.000013
995.000000 0.000013
996.000000 0.000013
997.000000 0.000012
998.000000 0.000012
999.000000 0.000012
1000.000000 0.000012
The optical depth at z= 48.000000
1.000000 0.000000
2.000000 0.000000
3.000000 0.000000
4.000000 0.000000
5.000000 2602.228583
6.000000 3804.086146
7.000000 14968.303990
8.000000 20009.827213
9.000000 25737.665687
10.000000 32757.789076
11.000000 40681.190225
12.000000 49594.223479
13.000000 59120.922731
14.000000 69994.286752
15.000000 81977.162143
16.000000 93688.180382
17.000000 106929.039125
18.000000 119796.776073
19.000000 134325.827067
20.000000 152373.867313
21.000000 172445.693824
22.000000 188907.922229
23.000000 206336.742640
24.000000 226363.258384
25.000000 238234.209044
26.000000 249350.014951
27.000000 256901.532990
28.000000 266265.409643
29.000000 275866.624587
30.000000 284453.730483
31.000000 291789.530271
32.000000 307760.904904
33.000000 323908.507069
34.000000 333977.163828
35.000000 362947.255785
36.000000 380239.595303
37.000000 397487.598461
38.000000 415186.003884
39.000000 435407.650337
40.000000 452856.789878
41.000000 478508.991029
42.000000 488835.608954
43.000000 504562.027188
44.000000 515483.084805
45.000000 514802.699958
46.000000 517214.400846
47.000000 520031.136661
48.000000 531217.223923
49.000000 534811.541145
50.000000 536296.771853
51.000000 545063.890454
52.000000 565211.937029
53.000000 577083.364724
54.000000 570326.502921
55.000000 561996.978942
56.000000 546765.414999
57.000000 533990.710849
58.000000 526709.844739
59.000000 527233.695705
60.000000 533576.800313
61.000000 541730.365371
62.000000 551693.435400
63.000000 552890.995230
64.000000 554435.456100
65.000000 568656.230958
66.000000 563403.304003
67.000000 571795.964313
68.000000 570715.811489
69.000000 570314.854055
70.000000 575365.152987
71.000000 581048.007140
72.000000 587394.421523
73.000000 594559.825667
74.000000 607420.234935
75.000000 620220.894769
76.000000 626744.202916
77.000000 632226.131998
78.000000 624029.995134
79.000000 601551.634358
80.000000 579278.378439
81.000000 555064.484247
82.000000 530859.863619
83.000000 533714.053802
84.000000 599755.573238
85.000000 665808.863759
86.000000 731810.116069
87.000000 797783.888983
88.000000 863801.605493
89.000000 900542.368609
90.000000 893344.250061
91.000000 885881.101429
92.000000 887524.772789
93.000000 926479.519432
94.000000 965042.580308
95.000000 1003429.842090
96.000000 962651.898001
97.000000 868520.461409
98.000000 774429.329250
99.000000 680351.298496
100.000000 547538.236737
101.000000 404899.933626
102.000000 262531.699015
103.000000 119647.687968
104.000000 96708.134909
105.000000 73799.371481
106.000000 50973.068134
107.000000 28002.451854
108.000000 5060.833953
109.000000 3324.283541
110.000000 1264.557691
111.000000 236.037518
112.000000 5227.951359
113.000000 1008.333139
114.000000 420.469059
115.000000 3480.986650
116.000000 326.852053
117.000000 1089.818427
118.000000 935.302432
119.000000 214.865366
120.000000 7251.527051
121.000000 10287.470584
122.000000 448.322702
123.000000 1637.863145
124.000000 859.987459
125.000000 5938.345835
126.000000 1739.262884
127.000000 358.186313
128.000000 1148.385030
129.000000 2244.804435
130.000000 2473.408086
131.000000 2875.695011
132.000000 4835.372960
133.000000 8397.317105
134.000000 10350.004918
135.000000 23675.592926
136.000000 37729.187765
137.000000 47347.371000
138.000000 56967.711805
139.000000 61464.951667
140.000000 58975.513517
141.000000 57292.588312
142.000000 60411.798889
143.000000 63531.477546
144.000000 63177.031128
145.000000 61602.082330
146.000000 60027.116932
147.000000 58452.053293
148.000000 56876.808000
149.000000 52452.950983
150.000000 53888.653231
151.000000 50045.876336
152.000000 46203.145665
153.000000 42360.414785
154.000000 38292.588625
155.000000 35000.413276
156.000000 31359.812243
157.000000 28577.161176
158.000000 25758.962226
159.000000 22658.749006
160.000000 20432.474803
161.000000 17931.085899
162.000000 15429.463479
163.000000 13034.426409
164.000000 10710.166410
165.000000 9389.891251
166.000000 8069.708596
167.000000 6749.366671
168.000000 5446.880077
169.000000 4436.230972
170.000000 3425.519528
171.000000 3178.027693
172.000000 2472.502747
173.000000 1909.926115
174.000000 1508.595207
175.000000 1107.268733
176.000000 807.824193
177.000000 572.114821
178.000000 462.688727
179.000000 366.534862
180.000000 310.211882
181.000000 20.112094
182.000000 101.691314
183.000000 6.077026
184.000000 36.120954
185.000000 8.620331
186.000000 2.820327
187.000000 3.266731
188.000000 0.406439
189.000000 1.656527
190.000000 0.202159
191.000000 0.463621
192.000000 0.429246
193.000000 0.394999
194.000000 0.133796
195.000000 3.250150
196.000000 0.451111
197.000000 0.042699
198.000000 0.051300
199.000000 0.056233
200.000000 0.133852
201.000000 0.096016
202.000000 0.052139
203.000000 0.049417
204.000000 0.051766
205.000000 0.054132
206.000000 0.054190
207.000000 0.054990
208.000000 0.055771
209.000000 0.056765
210.000000 0.058281
211.000000 0.059694
212.000000 0.061805
213.000000 0.064654
214.000000 0.067561
215.000000 0.071683
216.000000 0.075200
217.000000 0.079875
218.000000 0.084706
219.000000 0.090145
220.000000 0.096651
221.000000 0.103068
222.000000 0.111235
223.000000 0.119269
224.000000 0.128028
225.000000 0.137512
226.000000 0.146978
227.000000 0.157973
228.000000 0.169121
229.000000 0.181487
230.000000 0.194784
231.000000 0.206991
232.000000 0.218513
233.000000 0.234186
234.000000 0.245951
235.000000 0.261746
236.000000 0.274878
237.000000 0.289622
238.000000 0.304448
239.000000 0.317414
240.000000 0.336676
241.000000 0.346667
242.000000 0.361785
243.000000 0.372304
244.000000 0.387846
245.000000 0.393289
246.000000 0.411138
247.000000 0.415289
248.000000 0.426994
249.000000 0.440549
250.000000 0.445709
251.000000 0.442543
252.000000 0.459319
253.000000 0.452386
254.000000 0.460222
255.000000 0.457939
256.000000 0.459286
257.000000 0.450144
258.000000 0.445681
259.000000 0.456276
260.000000 0.427567
261.000000 0.436217
262.000000 0.418215
263.000000 0.407846
264.000000 0.396978
265.000000 0.384842
266.000000 0.376794
267.000000 0.351813
268.000000 0.347923
269.000000 0.322013
270.000000 0.318577
271.000000 0.294284
272.000000 0.284231
273.000000 0.265053
274.000000 0.244985
275.000000 0.233941
276.000000 0.215168
277.000000 0.201533
278.000000 0.186395
279.000000 0.172044
280.000000 0.160678
281.000000 0.145503
282.000000 0.128983
283.000000 0.119657
284.000000 0.109226
285.000000 0.099105
286.000000 0.089804
287.000000 0.081056
288.000000 0.071072
289.000000 0.064059
290.000000 0.057234
291.000000 0.051690
292.000000 0.044828
293.000000 0.040678
294.000000 0.035269
295.000000 0.031803
296.000000 0.027654
297.000000 0.024614
298.000000 0.021198
299.000000 0.019110
300.000000 0.016538
301.000000 0.014636
302.000000 0.012991
303.000000 0.011278
304.000000 0.010232
305.000000 0.008856
306.000000 0.007936
307.000000 0.007091
308.000000 0.006236
309.000000 0.005785
310.000000 0.004898
311.000000 0.004510
312.000000 0.003935
313.000000 0.003488
314.000000 0.003329
315.000000 0.002823
316.000000 0.002703
317.000000 0.002376
318.000000 0.002293
319.000000 0.001870
320.000000 0.002037
321.000000 0.001586
322.000000 0.001677
323.000000 0.001591
324.000000 0.001241
325.000000 0.001486
326.000000 0.001218
327.000000 0.001080
328.000000 0.001270
329.000000 0.001001
330.000000 0.000931
331.000000 0.001036
332.000000 0.000904
333.000000 0.000856
334.000000 0.000934
335.000000 0.000809
336.000000 0.000771
337.000000 0.000802
338.000000 0.000777
339.000000 0.000731
340.000000 0.000740
341.000000 0.000713
342.000000 0.000687
343.000000 0.000683
344.000000 0.000698
345.000000 0.000666
346.000000 0.000653
347.000000 0.000640
348.000000 0.000630
349.000000 0.000619
350.000000 0.000613
351.000000 0.000604
352.000000 0.000601
353.000000 0.000590
354.000000 0.000580
355.000000 0.000573
356.000000 0.000565
357.000000 0.000560
358.000000 0.000553
359.000000 0.000545
360.000000 0.000540
361.000000 0.000533
362.000000 0.000526
363.000000 0.000520
364.000000 0.000514
365.000000 0.000509
366.000000 0.000503
367.000000 0.000496
368.000000 0.000491
369.000000 0.000485
370.000000 0.000480
371.000000 0.000474
372.000000 0.000469
373.000000 0.000464
374.000000 0.000459
375.000000 0.000454
376.000000 0.000449
377.000000 0.000444
378.000000 0.000439
379.000000 0.000434
380.000000 0.000430
381.000000 0.000425
382.000000 0.000420
383.000000 0.000416
384.000000 0.000411
385.000000 0.000407
386.000000 0.000403
387.000000 0.000398
388.000000 0.000394
389.000000 0.000390
390.000000 0.000386
391.000000 0.000382
392.000000 0.000378
393.000000 0.000374
394.000000 0.000370
395.000000 0.000366
396.000000 0.000363
397.000000 0.000359
398.000000 0.000355
399.000000 0.000351
400.000000 0.000348
401.000000 0.000345
402.000000 0.000341
403.000000 0.000337
404.000000 0.000334
405.000000 0.000331
406.000000 0.000327
407.000000 0.000324
408.000000 0.000321
409.000000 0.000318
410.000000 0.000315
411.000000 0.000312
412.000000 0.000309
413.000000 0.000306
414.000000 0.000303
415.000000 0.000300
416.000000 0.000297
417.000000 0.000294
418.000000 0.000291
419.000000 0.000288
420.000000 0.000286
421.000000 0.000283
422.000000 0.000281
423.000000 0.000278
424.000000 0.000276
425.000000 0.000274
426.000000 0.000271
427.000000 0.000268
428.000000 0.000266
429.000000 0.000263
430.000000 0.000260
431.000000 0.000259
432.000000 0.000256
433.000000 0.000254
434.000000 0.000252
435.000000 0.000250
436.000000 0.000247
437.000000 0.000245
438.000000 0.000243
439.000000 0.000243
440.000000 0.000241
441.000000 0.000239
442.000000 0.000237
443.000000 0.000235
444.000000 0.000233
445.000000 0.000231
446.000000 0.000228
447.000000 0.000226
448.000000 0.000225
449.000000 0.000223
450.000000 0.000222
451.000000 0.000220
452.000000 0.000219
453.000000 0.000216
454.000000 0.000214
455.000000 0.000213
456.000000 0.000212
457.000000 0.000211
458.000000 0.000212
459.000000 0.000211
460.000000 0.000211
461.000000 0.000210
462.000000 0.000209
463.000000 0.000207
464.000000 0.000204
465.000000 0.000202
466.000000 0.000199
467.000000 0.000198
468.000000 0.000198
469.000000 0.000197
470.000000 0.000196
471.000000 0.000195
472.000000 0.000193
473.000000 0.000192
474.000000 0.000191
475.000000 0.000191
476.000000 0.000190
477.000000 0.000191
478.000000 0.000192
479.000000 0.000194
480.000000 0.000195
481.000000 0.000196
482.000000 0.000196
483.000000 0.000195
484.000000 0.000193
485.000000 0.000190
486.000000 0.000188
487.000000 0.000185
488.000000 0.000184
489.000000 0.000184
490.000000 0.000184
491.000000 0.000184
492.000000 0.000183
493.000000 0.000182
494.000000 0.000182
495.000000 0.000181
496.000000 0.000181
497.000000 0.000181
498.000000 0.000182
499.000000 0.000184
500.000000 0.000187
501.000000 0.000190
502.000000 0.000193
503.000000 0.000196
504.000000 0.000197
505.000000 0.000199
506.000000 0.000198
507.000000 0.000197
508.000000 0.000195
509.000000 0.000193
510.000000 0.000191
511.000000 0.000190
512.000000 0.000189
513.000000 0.000189
514.000000 0.000189
515.000000 0.000190
516.000000 0.000190
517.000000 0.000190
518.000000 0.000191
519.000000 0.000191
520.000000 0.000192
521.000000 0.000192
522.000000 0.000194
523.000000 0.000196
524.000000 0.000198
525.000000 0.000202
526.000000 0.000205
527.000000 0.000208
528.000000 0.000211
529.000000 0.000214
530.000000 0.000217
531.000000 0.000219
532.000000 0.000220
533.000000 0.000221
534.000000 0.000221
535.000000 0.000220
536.000000 0.000219
537.000000 0.000219
538.000000 0.000218
539.000000 0.000218
540.000000 0.000219
541.000000 0.000220
542.000000 0.000222
543.000000 0.000224
544.000000 0.000225
545.000000 0.000227
546.000000 0.000227
547.000000 0.000228
548.000000 0.000229
549.000000 0.000229
550.000000 0.000230
551.000000 0.000230
552.000000 0.000231
553.000000 0.000232
554.000000 0.000233
555.000000 0.000234
556.000000 0.000236
557.000000 0.000238
558.000000 0.000241
559.000000 0.000244
560.000000 0.000247
561.000000 0.000251
562.000000 0.000254
563.000000 0.000257
564.000000 0.000259
565.000000 0.000262
566.000000 0.000263
567.000000 0.000265
568.000000 0.000267
569.000000 0.000269
570.000000 0.000270
571.000000 0.000272
572.000000 0.000273
573.000000 0.000274
574.000000 0.000274
575.000000 0.000274
576.000000 0.000272
577.000000 0.000270
578.000000 0.000268
579.000000 0.000266
580.000000 0.000264
581.000000 0.000261
582.000000 0.000259
583.000000 0.000257
584.000000 0.000255
585.000000 0.000254
586.000000 0.000253
587.000000 0.000252
588.000000 0.000251
589.000000 0.000251
590.000000 0.000251
591.000000 0.000252
592.000000 0.000253
593.000000 0.000255
594.000000 0.000258
595.000000 0.000261
596.000000 0.000263
597.000000 0.000267
598.000000 0.000270
599.000000 0.000274
600.000000 0.000276
601.000000 0.000277
602.000000 0.000277
603.000000 0.000277
604.000000 0.000275
605.000000 0.000273
606.000000 0.000270
607.000000 0.000267
608.000000 0.000263
609.000000 0.000260
610.000000 0.000256
611.000000 0.000252
612.000000 0.000248
613.000000 0.000244
614.000000 0.000241
615.000000 0.000237
616.000000 0.000234
617.000000 0.000231
618.000000 0.000228
619.000000 0.000225
620.000000 0.000223
621.000000 0.000220
622.000000 0.000218
623.000000 0.000216
624.000000 0.000213
625.000000 0.000211
626.000000 0.000209
627.000000 0.000206
628.000000 0.000230
629.000000 0.000202
630.000000 0.000199
631.000000 0.000196
632.000000 0.000194
633.000000 0.000192
634.000000 0.000189
635.000000 0.000187
636.000000 0.000184
637.000000 0.000181
638.000000 0.000179
639.000000 0.000176
640.000000 0.000173
641.000000 0.000170
642.000000 0.000168
643.000000 0.000165
644.000000 0.000163
645.000000 0.000161
646.000000 0.000158
647.000000 0.000156
648.000000 0.000154
649.000000 0.000152
650.000000 0.000150
651.000000 0.000148
652.000000 0.000146
653.000000 0.000144
654.000000 0.000142
655.000000 0.000140
656.000000 0.000139
657.000000 0.000137
658.000000 0.000135
659.000000 0.000133
660.000000 0.000131
661.000000 0.000129
662.000000 0.000128
663.000000 0.000126
664.000000 0.000124
665.000000 0.000122
666.000000 0.000120
667.000000 0.000118
668.000000 0.000116
669.000000 0.000114
670.000000 0.000112
671.000000 0.000110
672.000000 0.000109
673.000000 0.000107
674.000000 0.000105
675.000000 0.000103
676.000000 0.000102
677.000000 0.000100
678.000000 0.000099
679.000000 0.000097
680.000000 0.000096
681.000000 0.000095
682.000000 0.000094
683.000000 0.000092
684.000000 0.000092
685.000000 0.000091
686.000000 0.000089
687.000000 0.022883
688.000000 0.000087
689.000000 0.000085
690.000000 0.001371
691.000000 0.000082
692.000000 0.000087
693.000000 0.000079
694.000000 0.000078
695.000000 0.000077
696.000000 0.000075
697.000000 0.000074
698.000000 0.000073
699.000000 0.000071
700.000000 0.000070
701.000000 0.000069
702.000000 0.000069
703.000000 0.000068
704.000000 0.000067
705.000000 0.000066
706.000000 0.000066
707.000000 0.000065
708.000000 0.000064
709.000000 0.000064
710.000000 0.000063
711.000000 0.000062
712.000000 0.000062
713.000000 0.000062
714.000000 0.000061
715.000000 0.000061
716.000000 0.000061
717.000000 0.000060
718.000000 0.000059
719.000000 0.000058
720.000000 0.000057
721.000000 0.000056
722.000000 0.000055
723.000000 0.000054
724.000000 0.000053
725.000000 0.000053
726.000000 0.000053
727.000000 0.000051
728.000000 0.000051
729.000000 0.000050
730.000000 0.000049
731.000000 0.000049
732.000000 0.000048
733.000000 0.000048
734.000000 0.000047
735.000000 0.000047
736.000000 0.000047
737.000000 0.000046
738.000000 0.000046
739.000000 0.000046
740.000000 0.000046
741.000000 0.000046
742.000000 0.000046
743.000000 0.000046
744.000000 0.000046
745.000000 0.000046
746.000000 0.000046
747.000000 0.000046
748.000000 0.000046
749.000000 0.000045
750.000000 0.000045
751.000000 0.000044
752.000000 0.000043
753.000000 0.000042
754.000000 0.000041
755.000000 0.000040
756.000000 0.000039
757.000000 0.000038
758.000000 0.000038
759.000000 0.000037
760.000000 0.000045
761.000000 0.000154
762.000000 0.000037
763.000000 0.000038
764.000000 0.000036
765.000000 0.000046
766.000000 0.000138
767.000000 0.000035
768.000000 0.000035
769.000000 0.000035
770.000000 0.000035
771.000000 0.000035
772.000000 0.000035
773.000000 0.000035
774.000000 0.000036
775.000000 0.000036
776.000000 0.000036
777.000000 0.000036
778.000000 0.000037
779.000000 0.000037
780.000000 0.000036
781.000000 0.000036
782.000000 0.000035
783.000000 0.000035
784.000000 0.000034
785.000000 0.000033
786.000000 0.000032
787.000000 0.000032
788.000000 0.000031
789.000000 0.000031
790.000000 0.000030
791.000000 0.000030
792.000000 0.000029
793.000000 0.000029
794.000000 0.000029
795.000000 0.000028
796.000000 0.000028
797.000000 0.000028
798.000000 0.000028
799.000000 0.000027
800.000000 0.000027
801.000000 0.000027
802.000000 0.000028
803.000000 0.000027
804.000000 0.000027
805.000000 0.000026
806.000000 0.000026
807.000000 0.000027
808.000000 0.000027
809.000000 0.000027
810.000000 0.000027
811.000000 0.000028
812.000000 0.000028
813.000000 0.000028
814.000000 0.000028
815.000000 0.000029
816.000000 0.000029
817.000000 0.000029
818.000000 0.000045
819.000000 0.000028
820.000000 0.000027
821.000000 0.000027
822.000000 0.000026
823.000000 0.000026
824.000000 0.000025
825.000000 0.000024
826.000000 0.000024
827.000000 0.000023
828.000000 0.000023
829.000000 0.000022
830.000000 0.000022
831.000000 0.000022
832.000000 0.000021
833.000000 0.000021
834.000000 0.000021
835.000000 0.000021
836.000000 0.000021
837.000000 0.000020
838.000000 0.000020
839.000000 0.000020
840.000000 0.000020
841.000000 0.000020
842.000000 0.000020
843.000000 0.000020
844.000000 0.000020
845.000000 0.000020
846.000000 0.000020
847.000000 0.000020
848.000000 0.000021
849.000000 0.000021
850.000000 0.000021
851.000000 0.000022
852.000000 0.000022
853.000000 0.000022
854.000000 0.000022
855.000000 0.000022
856.000000 0.000022
857.000000 0.000021
858.000000 0.000021
859.000000 0.000021
860.000000 0.000020
861.000000 0.000020
862.000000 0.000019
863.000000 0.000019
864.000000 0.000019
865.000000 0.000018
866.000000 0.000018
867.000000 0.000018
868.000000 0.000017
869.000000 0.000017
870.000000 0.000017
871.000000 0.000017
872.000000 0.000017
873.000000 0.000016
874.000000 0.000016
875.000000 0.000016
876.000000 0.000016
877.000000 0.000016
878.000000 0.000016
879.000000 0.000016
880.000000 0.000016
881.000000 0.000016
882.000000 0.000016
883.000000 0.000016
884.000000 0.000016
885.000000 0.000016
886.000000 0.000016
887.000000 0.000016
888.000000 0.000016
889.000000 0.000016
890.000000 0.000016
891.000000 0.000016
892.000000 0.000016
893.000000 0.000016
894.000000 0.000017
895.000000 0.000016
896.000000 0.000016
897.000000 0.000016
898.000000 0.000016
899.000000 0.000016
900.000000 0.000016
901.000000 0.000016
902.000000 0.000015
903.000000 0.000015
904.000000 0.000015
905.000000 0.000015
906.000000 0.000014
907.000000 0.000014
908.000000 0.000014
909.000000 0.000014
910.000000 0.000014
911.000000 0.000014
912.000000 0.000013
913.000000 0.000013
914.000000 0.000013
915.000000 0.000013
916.000000 0.000014
917.000000 0.000013
918.000000 0.000015
919.000000 0.000013
920.000000 0.000013
921.000000 0.000012
922.000000 0.000013
923.000000 0.000012
924.000000 0.000012
925.000000 0.000013
926.000000 0.000012
927.000000 0.000012
928.000000 0.000027
929.000000 0.000013
930.000000 0.000012
931.000000 0.000012
932.000000 0.000012
933.000000 0.000012
934.000000 0.000012
935.000000 0.000012
936.000000 0.000012
937.000000 0.000012
938.000000 0.002040
939.000000 0.000012
940.000000 0.000012
941.000000 0.000012
942.000000 0.000012
943.000000 0.000014
944.000000 0.000013
945.000000 0.000013
946.000000 0.000012
947.000000 0.000012
948.000000 0.000012
949.000000 0.000013
950.000000 0.000012
951.000000 0.000012
952.000000 0.000011
953.000000 0.000011
954.000000 0.000011
955.000000 0.000011
956.000000 0.000011
957.000000 0.000011
958.000000 0.000011
959.000000 0.000011
960.000000 0.000010
961.000000 0.000010
962.000000 0.000010
963.000000 0.000010
964.000000 0.000010
965.000000 0.000010
966.000000 0.000010
967.000000 0.000010
968.000000 0.000010
969.000000 0.000011
970.000000 0.000010
971.000000 0.000010
972.000000 0.000010
973.000000 0.000010
974.000000 0.000010
975.000000 0.000010
976.000000 0.000009
977.000000 0.000011
978.000000 0.000009
979.000000 0.000009
980.000000 0.000009
981.000000 0.000009
982.000000 0.000009
983.000000 0.000009
984.000000 0.000009
985.000000 0.000009
986.000000 0.000010
987.000000 0.000009
988.000000 0.000009
989.000000 0.000009
990.000000 0.000010
991.000000 0.000010
992.000000 0.000010
993.000000 0.000010
994.000000 0.000010
995.000000 0.000010
996.000000 0.000009
997.000000 0.000009
998.000000 0.000009
999.000000 0.000009
1000.000000 0.000009
The optical depth at z= 50.000000
1.000000 0.000000
2.000000 0.000000
3.000000 0.000000
4.000000 0.000000
5.000000 2017.603197
6.000000 2949.447415
7.000000 11605.475286
8.000000 15514.353361
9.000000 19955.356530
10.000000 25398.315768
11.000000 31541.619374
12.000000 38452.221111
13.000000 45838.620595
14.000000 54269.138648
15.000000 63559.901515
16.000000 72639.883679
17.000000 82906.007247
18.000000 92882.835945
19.000000 104147.742237
20.000000 118141.050059
21.000000 133703.473631
22.000000 146467.243279
23.000000 159980.447205
24.000000 175507.739710
25.000000 184711.723441
26.000000 193330.215236
27.000000 199185.184210
28.000000 206445.341379
29.000000 213889.515460
30.000000 220547.414507
31.000000 226235.128604
32.000000 238618.321004
33.000000 251138.149407
34.000000 258944.748815
35.000000 281406.323248
36.000000 294813.708453
37.000000 308186.717751
38.000000 321908.940343
39.000000 337587.525156
40.000000 351116.483539
41.000000 371005.575757
42.000000 379012.182010
43.000000 391205.450721
44.000000 399672.947901
45.000000 399145.421023
46.000000 401015.301757
47.000000 403199.220653
48.000000 411872.204112
49.000000 414659.009428
50.000000 415810.563284
51.000000 422608.031729
52.000000 438229.550800
53.000000 447433.900189
54.000000 442195.057538
55.000000 435736.871995
56.000000 423927.282225
57.000000 414022.585670
58.000000 408377.463028
59.000000 408783.623867
60.000000 413701.665240
61.000000 420023.422750
62.000000 427748.155447
63.000000 428676.668063
64.000000 429874.145609
65.000000 440900.033894
66.000000 436827.247391
67.000000 443334.384917
68.000000 442496.904789
69.000000 442186.029640
70.000000 446101.712081
71.000000 450507.837585
72.000000 455428.445453
73.000000 460984.045994
74.000000 470955.191879
75.000000 480880.011839
76.000000 485937.772066
77.000000 490188.113080
78.000000 483833.348512
79.000000 466405.052038
80.000000 449135.780331
81.000000 430361.862054
82.000000 411595.133987
83.000000 413808.096571
84.000000 465012.514059
85.000000 516226.049132
86.000000 567399.240159
87.000000 618551.127115
88.000000 669737.089285
89.000000 698223.553973
90.000000 692642.589365
91.000000 686856.137228
92.000000 688130.535687
93.000000 718333.575796
94.000000 748232.927861
95.000000 777995.976280
96.000000 746379.337134
97.000000 673395.778957
98.000000 600443.470023
99.000000 527501.319285
100.000000 424526.483251
101.000000 313933.778209
102.000000 203550.467001
103.000000 92767.255446
104.000000 74981.379068
105.000000 57219.374998
106.000000 39521.305146
107.000000 21711.337243
108.000000 3923.790871
109.000000 2575.307716
110.000000 980.452676
111.000000 183.172162
112.000000 4054.165241
113.000000 782.800781
114.000000 326.024898
115.000000 2698.657935
116.000000 253.361253
117.000000 844.922907
118.000000 725.123280
119.000000 166.532235
120.000000 5622.285023
121.000000 7976.129098
122.000000 347.453272
123.000000 1269.770802
124.000000 666.710299
125.000000 4604.173468
126.000000 1348.478847
127.000000 277.681347
128.000000 890.351612
129.000000 1740.443892
130.000000 1917.660850
131.000000 2229.551055
132.000000 3748.956119
133.000000 6510.661347
134.000000 8024.648996
135.000000 18356.473221
136.000000 29252.765686
137.000000 36710.116635
138.000000 44169.139458
139.000000 47656.017309
140.000000 45725.866473
141.000000 44421.036498
142.000000 46839.476208
143.000000 49258.276239
144.000000 48983.460705
145.000000 47762.346377
146.000000 46541.219010
147.000000 45320.013368
148.000000 44098.667631
149.000000 40668.689170
150.000000 41781.839229
151.000000 38802.393337
152.000000 35822.983292
153.000000 32843.573210
154.000000 29689.638491
155.000000 27137.094712
156.000000 24314.401375
157.000000 22156.910685
158.000000 19971.857834
159.000000 17568.148434
160.000000 15842.034812
161.000000 13902.617519
162.000000 11963.017537
163.000000 10106.056887
164.000000 8303.973675
165.000000 7280.315474
166.000000 6256.729366
167.000000 5233.020928
168.000000 4223.155114
169.000000 3439.562533
170.000000 2655.921612
171.000000 2464.031858
172.000000 1917.013689
173.000000 1480.827427
174.000000 1169.661513
175.000000 858.498878
176.000000 626.329000
177.000000 443.575201
178.000000 358.733714
179.000000 287.217830
180.000000 237.136848
181.000000 15.379518
182.000000 77.834431
183.000000 4.679711
184.000000 27.596353
185.000000 6.648436
186.000000 2.159342
187.000000 2.496999
188.000000 0.311906
189.000000 1.264358
190.000000 0.153892
191.000000 0.352006
192.000000 0.327568
193.000000 0.300472
194.000000 0.100381
195.000000 2.503770
196.000000 0.342995
197.000000 0.031065
198.000000 0.038037
199.000000 0.041929
200.000000 0.102133
201.000000 0.072821
202.000000 0.038774
203.000000 0.036637
204.000000 0.038369
205.000000 0.040111
206.000000 0.039998
207.000000 0.040449
208.000000 0.040823
209.000000 0.041343
210.000000 0.042205
211.000000 0.042943
212.000000 0.044179
213.000000 0.045910
214.000000 0.047673
215.000000 0.050249
216.000000 0.052361
217.000000 0.055238
218.000000 0.058198
219.000000 0.061557
220.000000 0.065641
221.000000 0.069657
222.000000 0.074820
223.000000 0.079880
224.000000 0.085398
225.000000 0.091383
226.000000 0.097352
227.000000 0.104302
228.000000 0.111369
229.000000 0.119265
230.000000 0.127731
231.000000 0.135571
232.000000 0.142855
233.000000 0.152888
234.000000 0.160358
235.000000 0.170459
236.000000 0.178842
237.000000 0.188287
238.000000 0.197788
239.000000 0.206072
240.000000 0.218464
241.000000 0.224833
242.000000 0.234553
243.000000 0.241099
244.000000 0.250975
245.000000 0.254438
246.000000 0.265942
247.000000 0.268605
248.000000 0.276163
249.000000 0.284918
250.000000 0.288242
251.000000 0.286183
252.000000 0.297023
253.000000 0.292533
254.000000 0.297592
255.000000 0.296115
256.000000 0.296970
257.000000 0.291062
258.000000 0.288177
259.000000 0.295018
260.000000 0.276453
261.000000 0.282048
262.000000 0.270410
263.000000 0.263696
264.000000 0.256689
265.000000 0.248825
266.000000 0.243631
267.000000 0.227479
268.000000 0.224975
269.000000 0.208227
270.000000 0.206018
271.000000 0.190314
272.000000 0.183823
273.000000 0.171422
274.000000 0.158445
275.000000 0.151310
276.000000 0.139176
277.000000 0.130365
278.000000 0.120573
279.000000 0.111304
280.000000 0.103973
281.000000 0.094172
282.000000 0.083491
283.000000 0.077459
284.000000 0.070708
285.000000 0.064169
286.000000 0.058165
287.000000 0.052514
288.000000 0.046065
289.000000 0.041535
290.000000 0.037125
291.000000 0.033543
292.000000 0.029105
293.000000 0.026425
294.000000 0.022928
295.000000 0.020688
296.000000 0.018005
297.000000 0.016042
298.000000 0.013833
299.000000 0.012484
300.000000 0.010820
301.000000 0.009590
302.000000 0.008527
303.000000 0.007417
304.000000 0.006742
305.000000 0.005851
306.000000 0.005256
307.000000 0.004708
308.000000 0.004155
309.000000 0.003862
310.000000 0.003287
311.000000 0.003035
312.000000 0.002658
313.000000 0.002369
314.000000 0.002266
315.000000 0.001937
316.000000 0.001859
317.000000 0.001646
318.000000 0.001592
319.000000 0.001317
320.000000 0.001426
321.000000 0.001132
322.000000 0.001191
323.000000 0.001134
324.000000 0.000906
325.000000 0.001064
326.000000 0.000888
327.000000 0.000798
328.000000 0.000921
329.000000 0.000745
330.000000 0.000699
331.000000 0.000766
332.000000 0.000679
333.000000 0.000647
334.000000 0.000696
335.000000 0.000615
336.000000 0.000589
337.000000 0.000608
338.000000 0.000591
339.000000 0.000560
340.000000 0.000565
341.000000 0.000546
342.000000 0.000529
343.000000 0.000525
344.000000 0.000534
345.000000 0.000512
346.000000 0.000502
347.000000 0.000493
348.000000 0.000486
349.000000 0.000478
350.000000 0.000473
351.000000 0.000466
352.000000 0.000464
353.000000 0.000455
354.000000 0.000448
355.000000 0.000443
356.000000 0.000437
357.000000 0.000433
358.000000 0.000427
359.000000 0.000421
360.000000 0.000417
361.000000 0.000412
362.000000 0.000407
363.000000 0.000402
364.000000 0.000397
365.000000 0.000393
366.000000 0.000388
367.000000 0.000384
368.000000 0.000379
369.000000 0.000375
370.000000 0.000371
371.000000 0.000367
372.000000 0.000363
373.000000 0.000359
374.000000 0.000355
375.000000 0.000351
376.000000 0.000347
377.000000 0.000343
378.000000 0.000339
379.000000 0.000335
380.000000 0.000332
381.000000 0.000328
382.000000 0.000325
383.000000 0.000321
384.000000 0.000318
385.000000 0.000314
386.000000 0.000311
387.000000 0.000308
388.000000 0.000304
389.000000 0.000301
390.000000 0.000298
391.000000 0.000295
392.000000 0.000292
393.000000 0.000289
394.000000 0.000286
395.000000 0.000283
396.000000 0.000280
397.000000 0.000277
398.000000 0.000274
399.000000 0.000271
400.000000 0.000269
401.000000 0.000266
402.000000 0.000263
403.000000 0.000260
404.000000 0.000258
405.000000 0.000255
406.000000 0.000253
407.000000 0.000250
408.000000 0.000248
409.000000 0.000246
410.000000 0.000243
411.000000 0.000241
412.000000 0.000238
413.000000 0.000236
414.000000 0.000233
415.000000 0.000231
416.000000 0.000229
417.000000 0.000227
418.000000 0.000225
419.000000 0.000222
420.000000 0.000220
421.000000 0.000218
422.000000 0.000216
423.000000 0.000214
424.000000 0.000213
425.000000 0.000211
426.000000 0.000209
427.000000 0.000207
428.000000 0.000205
429.000000 0.000203
430.000000 0.000201
431.000000 0.000199
432.000000 0.000197
433.000000 0.000196
434.000000 0.000194
435.000000 0.000193
436.000000 0.000190
437.000000 0.000189
438.000000 0.000187
439.000000 0.000186
440.000000 0.000185
441.000000 0.000183
442.000000 0.000182
443.000000 0.000181
444.000000 0.000179
445.000000 0.000177
446.000000 0.000175
447.000000 0.000174
448.000000 0.000173
449.000000 0.000171
450.000000 0.000170
451.000000 0.000169
452.000000 0.000167
453.000000 0.000166
454.000000 0.000164
455.000000 0.000163
456.000000 0.000162
457.000000 0.000162
458.000000 0.000162
459.000000 0.000161
460.000000 0.000161
461.000000 0.000160
462.000000 0.000159
463.000000 0.000158
464.000000 0.000156
465.000000 0.000154
466.000000 0.000152
467.000000 0.000151
468.000000 0.000150
469.000000 0.000150
470.000000 0.000149
471.000000 0.000148
472.000000 0.000147
473.000000 0.000146
474.000000 0.000145
475.000000 0.000144
476.000000 0.000144
477.000000 0.000145
478.000000 0.000145
479.000000 0.000146
480.000000 0.000147
481.000000 0.000147
482.000000 0.000147
483.000000 0.000146
484.000000 0.000144
485.000000 0.000143
486.000000 0.000141
487.000000 0.000139
488.000000 0.000138
489.000000 0.000138
490.000000 0.000138
491.000000 0.000137
492.000000 0.000137
493.000000 0.000136
494.000000 0.000136
495.000000 0.000135
496.000000 0.000135
497.000000 0.000135
498.000000 0.000136
499.000000 0.000137
500.000000 0.000138
501.000000 0.000140
502.000000 0.000142
503.000000 0.000143
504.000000 0.000144
505.000000 0.000145
506.000000 0.000145
507.000000 0.000144
508.000000 0.000142
509.000000 0.000141
510.000000 0.000139
511.000000 0.000138
512.000000 0.000138
513.000000 0.000138
514.000000 0.000138
515.000000 0.000138
516.000000 0.000138
517.000000 0.000138
518.000000 0.000138
519.000000 0.000138
520.000000 0.000139
521.000000 0.000139
522.000000 0.000140
523.000000 0.000141
524.000000 0.000143
525.000000 0.000144
526.000000 0.000146
527.000000 0.000148
528.000000 0.000150
529.000000 0.000152
530.000000 0.000154
531.000000 0.000155
532.000000 0.000156
533.000000 0.000156
534.000000 0.000156
535.000000 0.000156
536.000000 0.000155
537.000000 0.000154
538.000000 0.000154
539.000000 0.000154
540.000000 0.000154
541.000000 0.000155
542.000000 0.000156
543.000000 0.000157
544.000000 0.000158
545.000000 0.000159
546.000000 0.000159
547.000000 0.000160
548.000000 0.000160
549.000000 0.000160
550.000000 0.000160
551.000000 0.000161
552.000000 0.000161
553.000000 0.000161
554.000000 0.000162
555.000000 0.000163
556.000000 0.000164
557.000000 0.000165
558.000000 0.000167
559.000000 0.000169
560.000000 0.000171
561.000000 0.000173
562.000000 0.000175
563.000000 0.000177
564.000000 0.000178
565.000000 0.000180
566.000000 0.000181
567.000000 0.000182
568.000000 0.000183
569.000000 0.000184
570.000000 0.000185
571.000000 0.000186
572.000000 0.000187
573.000000 0.000187
574.000000 0.000187
575.000000 0.000187
576.000000 0.000186
577.000000 0.000184
578.000000 0.000183
579.000000 0.000181
580.000000 0.000180
581.000000 0.000178
582.000000 0.000177
583.000000 0.000175
584.000000 0.000174
585.000000 0.000173
586.000000 0.000172
587.000000 0.000172
588.000000 0.000171
589.000000 0.000171
590.000000 0.000171
591.000000 0.000172
592.000000 0.000172
593.000000 0.000174
594.000000 0.000175
595.000000 0.000177
596.000000 0.000179
597.000000 0.000181
598.000000 0.000183
599.000000 0.000185
600.000000 0.000186
601.000000 0.000187
602.000000 0.000187
603.000000 0.000187
604.000000 0.000186
605.000000 0.000184
606.000000 0.000183
607.000000 0.000181
608.000000 0.000178
609.000000 0.000176
610.000000 0.000173
611.000000 0.000170
612.000000 0.000168
613.000000 0.000165
614.000000 0.000163
615.000000 0.000161
616.000000 0.000158
617.000000 0.000156
618.000000 0.000155
619.000000 0.000153
620.000000 0.000151
621.000000 0.000149
622.000000 0.000148
623.000000 0.000146
624.000000 0.000145
625.000000 0.000143
626.000000 0.000142
627.000000 0.000140
628.000000 0.000158
629.000000 0.000137
630.000000 0.000135
631.000000 0.000134
632.000000 0.000132
633.000000 0.000131
634.000000 0.000129
635.000000 0.000127
636.000000 0.000126
637.000000 0.000124
638.000000 0.000122
639.000000 0.000120
640.000000 0.000118
641.000000 0.000116
642.000000 0.000115
643.000000 0.000113
644.000000 0.000111
645.000000 0.000110
646.000000 0.000108
647.000000 0.000107
648.000000 0.000106
649.000000 0.000104
650.000000 0.000103
651.000000 0.000102
652.000000 0.000100
653.000000 0.000099
654.000000 0.000098
655.000000 0.000096
656.000000 0.000096
657.000000 0.000094
658.000000 0.000093
659.000000 0.000091
660.000000 0.000090
661.000000 0.000089
662.000000 0.000088
663.000000 0.000087
664.000000 0.000086
665.000000 0.000084
666.000000 0.000083
667.000000 0.000082
668.000000 0.000080
669.000000 0.000079
670.000000 0.000078
671.000000 0.000077
672.000000 0.000075
673.000000 0.000074
674.000000 0.000073
675.000000 0.000072
676.000000 0.000071
677.000000 0.000070
678.000000 0.000069
679.000000 0.000068
680.000000 0.000067
681.000000 0.000066
682.000000 0.000065
683.000000 0.000065
684.000000 0.000064
685.000000 0.000063
686.000000 0.000062
687.000000 0.017731
688.000000 0.000061
689.000000 0.000060
690.000000 0.001032
691.000000 0.000058
692.000000 0.000061
693.000000 0.000056
694.000000 0.000055
695.000000 0.000054
696.000000 0.000053
697.000000 0.000052
698.000000 0.000051
699.000000 0.000051
700.000000 0.000050
701.000000 0.000049
702.000000 0.000049
703.000000 0.000048
704.000000 0.000048
705.000000 0.000047
706.000000 0.000047
707.000000 0.000046
708.000000 0.000046
709.000000 0.000045
710.000000 0.000045
711.000000 0.000044
712.000000 0.000044
713.000000 0.000044
714.000000 0.000044
715.000000 0.000043
716.000000 0.000043
717.000000 0.000043
718.000000 0.000042
719.000000 0.000041
720.000000 0.000041
721.000000 0.000040
722.000000 0.000039
723.000000 0.000039
724.000000 0.000038
725.000000 0.000038
726.000000 0.000038
727.000000 0.000037
728.000000 0.000036
729.000000 0.000036
730.000000 0.000036
731.000000 0.000035
732.000000 0.000035
733.000000 0.000034
734.000000 0.000034
735.000000 0.000034
736.000000 0.000034
737.000000 0.000034
738.000000 0.000033
739.000000 0.000033
740.000000 0.000033
741.000000 0.000033
742.000000 0.000033
743.000000 0.000033
744.000000 0.000033
745.000000 0.000033
746.000000 0.000033
747.000000 0.000033
748.000000 0.000033
749.000000 0.000033
750.000000 0.000032
751.000000 0.000032
752.000000 0.000031
753.000000 0.000030
754.000000 0.000030
755.000000 0.000029
756.000000 0.000028
757.000000 0.000028
758.000000 0.000028
759.000000 0.000027
760.000000 0.000033
761.000000 0.000117
762.000000 0.000027
763.000000 0.000027
764.000000 0.000026
765.000000 0.000034
766.000000 0.000104
767.000000 0.000026
768.000000 0.000026
769.000000 0.000026
770.000000 0.000025
771.000000 0.000025
772.000000 0.000025
773.000000 0.000026
774.000000 0.000026
775.000000 0.000026
776.000000 0.000026
777.000000 0.000026
778.000000 0.000027
779.000000 0.000027
780.000000 0.000026
781.000000 0.000026
782.000000 0.000026
783.000000 0.000025
784.000000 0.000025
785.000000 0.000024
786.000000 0.000024
787.000000 0.000023
788.000000 0.000023
789.000000 0.000023
790.000000 0.000022
791.000000 0.000022
792.000000 0.000022
793.000000 0.000021
794.000000 0.000021
795.000000 0.000021
796.000000 0.000021
797.000000 0.000021
798.000000 0.000020
799.000000 0.000020
800.000000 0.000020
801.000000 0.000020
802.000000 0.000021
803.000000 0.000020
804.000000 0.000020
805.000000 0.000020
806.000000 0.000020
807.000000 0.000020
808.000000 0.000020
809.000000 0.000020
810.000000 0.000020
811.000000 0.000020
812.000000 0.000020
813.000000 0.000021
814.000000 0.000021
815.000000 0.000021
816.000000 0.000021
817.000000 0.000021
818.000000 0.000034
819.000000 0.000020
820.000000 0.000020
821.000000 0.000020
822.000000 0.000019
823.000000 0.000019
824.000000 0.000018
825.000000 0.000018
826.000000 0.000018
827.000000 0.000017
828.000000 0.000017
829.000000 0.000017
830.000000 0.000016
831.000000 0.000016
832.000000 0.000016
833.000000 0.000016
834.000000 0.000016
835.000000 0.000016
836.000000 0.000015
837.000000 0.000015
838.000000 0.000015
839.000000 0.000015
840.000000 0.000015
841.000000 0.000015
842.000000 0.000015
843.000000 0.000015
844.000000 0.000015
845.000000 0.000015
846.000000 0.000015
847.000000 0.000015
848.000000 0.000015
849.000000 0.000016
850.000000 0.000016
851.000000 0.000016
852.000000 0.000016
853.000000 0.000016
854.000000 0.000016
855.000000 0.000016
856.000000 0.000016
857.000000 0.000016
858.000000 0.000016
859.000000 0.000015
860.000000 0.000015
861.000000 0.000015
862.000000 0.000014
863.000000 0.000014
864.000000 0.000014
865.000000 0.000014
866.000000 0.000013
867.000000 0.000013
868.000000 0.000013
869.000000 0.000013
870.000000 0.000013
871.000000 0.000013
872.000000 0.000012
873.000000 0.000012
874.000000 0.000012
875.000000 0.000012
876.000000 0.000012
877.000000 0.000012
878.000000 0.000012
879.000000 0.000012
880.000000 0.000012
881.000000 0.000012
882.000000 0.000012
883.000000 0.000012
884.000000 0.000012
885.000000 0.000012
886.000000 0.000012
887.000000 0.000012
888.000000 0.000012
889.000000 0.000012
890.000000 0.000012
891.000000 0.000012
892.000000 0.000012
893.000000 0.000012
894.000000 0.000013
895.000000 0.000012
896.000000 0.000012
897.000000 0.000012
898.000000 0.000012
899.000000 0.000012
900.000000 0.000012
901.000000 0.000012
902.000000 0.000011
903.000000 0.000011
904.000000 0.000011
905.000000 0.000011
906.000000 0.000011
907.000000 0.000011
908.000000 0.000011
909.000000 0.000010
910.000000 0.000010
911.000000 0.000010
912.000000 0.000010
913.000000 0.000010
914.000000 0.000010
915.000000 0.000010
916.000000 0.000010
917.000000 0.000010
918.000000 0.000011
919.000000 0.000010
920.000000 0.000010
921.000000 0.000010
922.000000 0.000010
923.000000 0.000009
924.000000 0.000009
925.000000 0.000010
926.000000 0.000009
927.000000 0.000009
928.000000 0.000020
929.000000 0.000010
930.000000 0.000009
931.000000 0.000009
932.000000 0.000009
933.000000 0.000009
934.000000 0.000009
935.000000 0.000009
936.000000 0.000009
937.000000 0.000009
938.000000 0.001598
939.000000 0.000009
940.000000 0.000009
941.000000 0.000009
942.000000 0.000009
943.000000 0.000010
944.000000 0.000009
945.000000 0.000009
946.000000 0.000009
947.000000 0.000009
948.000000 0.000009
949.000000 0.000010
950.000000 0.000009
951.000000 0.000009
952.000000 0.000009
953.000000 0.000008
954.000000 0.000008
955.000000 0.000009
956.000000 0.000008
957.000000 0.000008
958.000000 0.000008
959.000000 0.000008
960.000000 0.000008
961.000000 0.000008
962.000000 0.000008
963.000000 0.000008
964.000000 0.000008
965.000000 0.000008
966.000000 0.000008
967.000000 0.000008
968.000000 0.000008
969.000000 0.000009
970.000000 0.000008
971.000000 0.000008
972.000000 0.000008
973.000000 0.000007
974.000000 0.000007
975.000000 0.000007
976.000000 0.000007
977.000000 0.000008
978.000000 0.000007
979.000000 0.000007
980.000000 0.000007
981.000000 0.000007
982.000000 0.000007
983.000000 0.000007
984.000000 0.000007
985.000000 0.000007
986.000000 0.000008
987.000000 0.000007
988.000000 0.000007
989.000000 0.000007
990.000000 0.000007
991.000000 0.000008
992.000000 0.000008
993.000000 0.000007
994.000000 0.000007
995.000000 0.000007
996.000000 0.000007
997.000000 0.000007
998.000000 0.000007
999.000000 0.000007
1000.000000 0.000007
The optical depth at z= 52.000000
1.000000 0.000000
2.000000 0.000000
3.000000 0.000000
4.000000 0.000000
5.000000 1564.039873
6.000000 2286.402682
7.000000 8996.529544
8.000000 12026.680204
9.000000 15469.332355
10.000000 19688.697983
11.000000 24450.968432
12.000000 29808.046138
13.000000 35533.960798
14.000000 42069.273008
15.000000 49271.444344
16.000000 56310.219243
17.000000 64268.487302
18.000000 72002.495001
19.000000 80735.016417
20.000000 91582.586527
21.000000 103646.530435
22.000000 113540.966186
23.000000 124016.361177
24.000000 136053.071636
25.000000 143187.972265
26.000000 149869.000818
27.000000 154407.755130
28.000000 160035.807153
29.000000 165806.508347
30.000000 170967.692424
31.000000 175376.790598
32.000000 184976.203653
33.000000 194681.536846
34.000000 200733.189567
35.000000 218145.333552
36.000000 228538.698047
37.000000 238905.414151
38.000000 249542.839237
39.000000 261696.831306
40.000000 272184.439336
41.000000 287602.403135
42.000000 293809.100628
43.000000 303261.285405
44.000000 309825.264186
45.000000 309416.327394
46.000000 310865.853882
47.000000 312558.821512
48.000000 319282.091749
49.000000 321442.414153
50.000000 322335.095260
51.000000 327604.472032
52.000000 339714.225847
53.000000 346849.407034
54.000000 342788.272290
55.000000 337781.906385
56.000000 328627.148649
57.000000 320949.058042
58.000000 316572.976001
59.000000 316887.830632
60.000000 320700.281183
61.000000 325600.887975
62.000000 331589.076503
63.000000 332308.857223
64.000000 333237.138560
65.000000 341784.373625
66.000000 338627.162361
67.000000 343671.475819
68.000000 343022.265750
69.000000 342781.278155
70.000000 345816.703843
71.000000 349232.319305
72.000000 353046.759756
73.000000 357353.444466
74.000000 365083.045452
75.000000 372776.734727
76.000000 376697.495317
77.000000 379992.347152
78.000000 375066.153873
79.000000 361555.792342
80.000000 348168.705781
81.000000 333615.223172
82.000000 319067.314464
83.000000 320782.800458
84.000000 360476.314642
85.000000 400176.887916
86.000000 439846.189648
87.000000 479498.978241
88.000000 519178.185888
89.000000 541260.810282
90.000000 536934.464180
91.000000 532448.824785
92.000000 533436.734425
93.000000 556850.035851
94.000000 580027.919429
95.000000 603100.140732
96.000000 578591.014493
97.000000 522014.378476
98.000000 465461.966606
99.000000 408917.429467
100.000000 329091.650503
101.000000 243360.523607
102.000000 157791.718053
103.000000 71912.910999
104.000000 58125.353974
105.000000 44356.302639
106.000000 30636.812844
107.000000 16830.572895
108.000000 3041.651112
109.000000 1994.209463
110.000000 760.038993
111.000000 142.186716
112.000000 3143.556515
113.000000 607.868967
114.000000 252.773990
115.000000 2091.723635
116.000000 196.357339
117.000000 654.946010
118.000000 562.079715
119.000000 129.056779
120.000000 4358.323090
121.000000 6182.995743
122.000000 269.251678
123.000000 984.247926
124.000000 516.785688
125.000000 3569.113072
126.000000 1045.313037
127.000000 215.234591
128.000000 690.175972
129.000000 1349.165110
130.000000 1486.523485
131.000000 1728.288456
132.000000 2906.122356
133.000000 5046.987852
134.000000 6220.627943
135.000000 14229.831588
136.000000 22676.624674
137.000000 28457.552921
138.000000 34239.778944
139.000000 36942.797250
140.000000 35446.551154
141.000000 34435.054170
142.000000 36309.822329
143.000000 38184.867155
144.000000 37971.830324
145.000000 37025.226997
146.000000 36078.613384
147.000000 35131.936991
148.000000 34185.152755
149.000000 31526.243489
150.000000 32389.151083
151.000000 30079.493148
152.000000 27769.863007
153.000000 25460.232961
154.000000 23015.311938
155.000000 21036.587785
156.000000 18848.442463
157.000000 17175.962845
158.000000 15482.116529
159.000000 13618.767765
160.000000 12280.687998
161.000000 10777.258757
162.000000 9273.686241
163.000000 7834.175283
164.000000 6437.206548
165.000000 5643.669270
166.000000 4850.188249
167.000000 4056.613577
168.000000 3273.768379
169.000000 2666.330451
170.000000 2058.855048
171.000000 1910.102374
172.000000 1486.056703
173.000000 1147.926421
174.000000 906.712171
175.000000 665.500299
176.000000 485.523331
177.000000 343.853428
178.000000 278.085113
179.000000 225.725448
180.000000 180.399139
181.000000 11.706581
182.000000 59.313524
183.000000 3.596730
184.000000 20.978657
185.000000 5.119529
186.000000 1.647515
187.000000 1.900631
188.000000 0.239759
189.000000 0.961009
190.000000 0.117523
191.000000 0.266370
192.000000 0.249614
193.000000 0.228003
194.000000 0.075303
195.000000 1.925335
196.000000 0.259825
197.000000 0.022770
198.000000 0.028455
199.000000 0.031511
200.000000 0.078196
201.000000 0.055487
202.000000 0.029078
203.000000 0.027405
204.000000 0.028694
205.000000 0.029990
206.000000 0.029809
207.000000 0.030058
208.000000 0.030211
209.000000 0.030464
210.000000 0.030947
211.000000 0.031307
212.000000 0.032027
213.000000 0.033085
214.000000 0.034160
215.000000 0.035789
216.000000 0.037061
217.000000 0.038847
218.000000 0.040675
219.000000 0.042770
220.000000 0.045365
221.000000 0.047908
222.000000 0.051216
223.000000 0.054445
224.000000 0.057966
225.000000 0.061793
226.000000 0.065606
227.000000 0.070060
228.000000 0.074602
229.000000 0.079717
230.000000 0.085188
231.000000 0.090320
232.000000 0.094969
233.000000 0.101493
234.000000 0.106295
235.000000 0.112850
236.000000 0.118279
237.000000 0.124423
238.000000 0.130606
239.000000 0.135974
240.000000 0.144073
241.000000 0.148192
242.000000 0.154539
243.000000 0.158659
244.000000 0.165023
245.000000 0.167258
246.000000 0.174792
247.000000 0.176524
248.000000 0.181483
249.000000 0.187230
250.000000 0.189404
251.000000 0.188040
252.000000 0.195159
253.000000 0.192203
254.000000 0.195522
255.000000 0.194551
256.000000 0.195098
257.000000 0.191220
258.000000 0.189327
259.000000 0.193814
260.000000 0.181611
261.000000 0.185293
262.000000 0.177646
263.000000 0.173225
264.000000 0.168641
265.000000 0.163457
266.000000 0.160054
267.000000 0.149440
268.000000 0.147807
269.000000 0.136806
270.000000 0.135368
271.000000 0.125051
272.000000 0.120795
273.000000 0.112645
274.000000 0.104115
275.000000 0.099433
276.000000 0.091462
277.000000 0.085678
278.000000 0.079240
279.000000 0.073159
280.000000 0.068359
281.000000 0.061930
282.000000 0.054911
283.000000 0.050946
284.000000 0.046503
285.000000 0.042211
286.000000 0.038274
287.000000 0.034567
288.000000 0.030336
289.000000 0.027364
290.000000 0.024470
291.000000 0.022118
292.000000 0.019200
293.000000 0.017443
294.000000 0.015146
295.000000 0.013676
296.000000 0.011913
297.000000 0.010625
298.000000 0.009174
299.000000 0.008289
300.000000 0.007195
301.000000 0.006387
302.000000 0.005689
303.000000 0.004959
304.000000 0.004517
305.000000 0.003930
306.000000 0.003540
307.000000 0.003179
308.000000 0.002816
309.000000 0.002622
310.000000 0.002243
311.000000 0.002077
312.000000 0.001825
313.000000 0.001635
314.000000 0.001567
315.000000 0.001351
316.000000 0.001299
317.000000 0.001159
318.000000 0.001123
319.000000 0.000941
320.000000 0.001013
321.000000 0.000818
322.000000 0.000858
323.000000 0.000819
324.000000 0.000668
325.000000 0.000773
326.000000 0.000655
327.000000 0.000595
328.000000 0.000677
329.000000 0.000558
330.000000 0.000528
331.000000 0.000572
332.000000 0.000513
333.000000 0.000492
334.000000 0.000523
335.000000 0.000469
336.000000 0.000452
337.000000 0.000463
338.000000 0.000451
339.000000 0.000430
340.000000 0.000432
341.000000 0.000420
342.000000 0.000408
343.000000 0.000404
344.000000 0.000410
345.000000 0.000394
346.000000 0.000387
347.000000 0.000381
348.000000 0.000375
349.000000 0.000369
350.000000 0.000365
351.000000 0.000360
352.000000 0.000358
353.000000 0.000352
354.000000 0.000346
355.000000 0.000342
356.000000 0.000338
357.000000 0.000335
358.000000 0.000330
359.000000 0.000326
360.000000 0.000323
361.000000 0.000319
362.000000 0.000315
363.000000 0.000311
364.000000 0.000307
365.000000 0.000304
366.000000 0.000301
367.000000 0.000297
368.000000 0.000294
369.000000 0.000290
370.000000 0.000287
371.000000 0.000284
372.000000 0.000281
373.000000 0.000277
374.000000 0.000274
375.000000 0.000271
376.000000 0.000268
377.000000 0.000265
378.000000 0.000262
379.000000 0.000260
380.000000 0.000257
381.000000 0.000254
382.000000 0.000251
383.000000 0.000248
384.000000 0.000246
385.000000 0.000243
386.000000 0.000241
387.000000 0.000238
388.000000 0.000236
389.000000 0.000233
390.000000 0.000231
391.000000 0.000228
392.000000 0.000226
393.000000 0.000223
394.000000 0.000221
395.000000 0.000219
396.000000 0.000217
397.000000 0.000214
398.000000 0.000212
399.000000 0.000210
400.000000 0.000208
401.000000 0.000206
402.000000 0.000203
403.000000 0.000201
404.000000 0.000199
405.000000 0.000197
406.000000 0.000195
407.000000 0.000193
408.000000 0.000192
409.000000 0.000190
410.000000 0.000188
411.000000 0.000186
412.000000 0.000184
413.000000 0.000182
414.000000 0.000180
415.000000 0.000179
416.000000 0.000177
417.000000 0.000175
418.000000 0.000174
419.000000 0.000172
420.000000 0.000170
421.000000 0.000169
422.000000 0.000167
423.000000 0.000166
424.000000 0.000164
425.000000 0.000163
426.000000 0.000161
427.000000 0.000160
428.000000 0.000158
429.000000 0.000156
430.000000 0.000155
431.000000 0.000154
432.000000 0.000152
433.000000 0.000151
434.000000 0.000150
435.000000 0.000148
436.000000 0.000147
437.000000 0.000146
438.000000 0.000144
439.000000 0.000144
440.000000 0.000142
441.000000 0.000141
442.000000 0.000140
443.000000 0.000139
444.000000 0.000138
445.000000 0.000137
446.000000 0.000135
447.000000 0.000134
448.000000 0.000133
449.000000 0.000132
450.000000 0.000131
451.000000 0.000130
452.000000 0.000129
453.000000 0.000128
454.000000 0.000126
455.000000 0.000126
456.000000 0.000125
457.000000 0.000124
458.000000 0.000124
459.000000 0.000123
460.000000 0.000123
461.000000 0.000123
462.000000 0.000122
463.000000 0.000121
464.000000 0.000119
465.000000 0.000118
466.000000 0.000116
467.000000 0.000116
468.000000 0.000115
469.000000 0.000115
470.000000 0.000114
471.000000 0.000113
472.000000 0.000112
473.000000 0.000111
474.000000 0.000111
475.000000 0.000110
476.000000 0.000110
477.000000 0.000110
478.000000 0.000110
479.000000 0.000111
480.000000 0.000111
481.000000 0.000111
482.000000 0.000111
483.000000 0.000110
484.000000 0.000109
485.000000 0.000108
486.000000 0.000106
487.000000 0.000105
488.000000 0.000105
489.000000 0.000104
490.000000 0.000104
491.000000 0.000104
492.000000 0.000103
493.000000 0.000103
494.000000 0.000102
495.000000 0.000102
496.000000 0.000101
497.000000 0.000101
498.000000 0.000102
499.000000 0.000102
500.000000 0.000103
501.000000 0.000104
502.000000 0.000105
503.000000 0.000106
504.000000 0.000107
505.000000 0.000107
506.000000 0.000107
507.000000 0.000106
508.000000 0.000105
509.000000 0.000104
510.000000 0.000103
511.000000 0.000102
512.000000 0.000102
513.000000 0.000102
514.000000 0.000102
515.000000 0.000102
516.000000 0.000102
517.000000 0.000102
518.000000 0.000102
519.000000 0.000102
520.000000 0.000102
521.000000 0.000102
522.000000 0.000102
523.000000 0.000103
524.000000 0.000104
525.000000 0.000105
526.000000 0.000106
527.000000 0.000107
528.000000 0.000109
529.000000 0.000110
530.000000 0.000111
531.000000 0.000112
532.000000 0.000112
533.000000 0.000112
534.000000 0.000112
535.000000 0.000112
536.000000 0.000111
537.000000 0.000111
538.000000 0.000110
539.000000 0.000110
540.000000 0.000110
541.000000 0.000111
542.000000 0.000111
543.000000 0.000112
544.000000 0.000112
545.000000 0.000113
546.000000 0.000113
547.000000 0.000113
548.000000 0.000114
549.000000 0.000114
550.000000 0.000114
551.000000 0.000114
552.000000 0.000114
553.000000 0.000114
554.000000 0.000115
555.000000 0.000115
556.000000 0.000116
557.000000 0.000116
558.000000 0.000117
559.000000 0.000119
560.000000 0.000120
561.000000 0.000121
562.000000 0.000123
563.000000 0.000124
564.000000 0.000125
565.000000 0.000126
566.000000 0.000126
567.000000 0.000127
568.000000 0.000127
569.000000 0.000128
570.000000 0.000129
571.000000 0.000129
572.000000 0.000130
573.000000 0.000130
574.000000 0.000130
575.000000 0.000130
576.000000 0.000129
577.000000 0.000128
578.000000 0.000127
579.000000 0.000126
580.000000 0.000125
581.000000 0.000124
582.000000 0.000123
583.000000 0.000122
584.000000 0.000121
585.000000 0.000120
586.000000 0.000120
587.000000 0.000119
588.000000 0.000119
589.000000 0.000119
590.000000 0.000119
591.000000 0.000119
592.000000 0.000119
593.000000 0.000120
594.000000 0.000121
595.000000 0.000122
596.000000 0.000123
597.000000 0.000125
598.000000 0.000126
599.000000 0.000128
600.000000 0.000128
601.000000 0.000129
602.000000 0.000129
603.000000 0.000129
604.000000 0.000128
605.000000 0.000127
606.000000 0.000126
607.000000 0.000124
608.000000 0.000123
609.000000 0.000121
610.000000 0.000119
611.000000 0.000117
612.000000 0.000116
613.000000 0.000114
614.000000 0.000112
615.000000 0.000111
616.000000 0.000109
617.000000 0.000108
618.000000 0.000107
619.000000 0.000105
620.000000 0.000104
621.000000 0.000103
622.000000 0.000102
623.000000 0.000101
624.000000 0.000100
625.000000 0.000099
626.000000 0.000098
627.000000 0.000097
628.000000 0.000110
629.000000 0.000095
630.000000 0.000094
631.000000 0.000093
632.000000 0.000092
633.000000 0.000090
634.000000 0.000089
635.000000 0.000088
636.000000 0.000087
637.000000 0.000086
638.000000 0.000085
639.000000 0.000083
640.000000 0.000082
641.000000 0.000081
642.000000 0.000080
643.000000 0.000079
644.000000 0.000078
645.000000 0.000077
646.000000 0.000076
647.000000 0.000075
648.000000 0.000074
649.000000 0.000073
650.000000 0.000072
651.000000 0.000071
652.000000 0.000070
653.000000 0.000069
654.000000 0.000068
655.000000 0.000067
656.000000 0.000067
657.000000 0.000066
658.000000 0.000065
659.000000 0.000064
660.000000 0.000063
661.000000 0.000062
662.000000 0.000062
663.000000 0.000061
664.000000 0.000060
665.000000 0.000059
666.000000 0.000058
667.000000 0.000057
668.000000 0.000057
669.000000 0.000056
670.000000 0.000055
671.000000 0.000054
672.000000 0.000053
673.000000 0.000052
674.000000 0.000052
675.000000 0.000051
676.000000 0.000050
677.000000 0.000049
678.000000 0.000049
679.000000 0.000048
680.000000 0.000047
681.000000 0.000047
682.000000 0.000046
683.000000 0.000046
684.000000 0.000045
685.000000 0.000045
686.000000 0.000044
687.000000 0.013735
688.000000 0.000043
689.000000 0.000043
690.000000 0.000772
691.000000 0.000041
692.000000 0.000044
693.000000 0.000040
694.000000 0.000039
695.000000 0.000039
696.000000 0.000038
697.000000 0.000038
698.000000 0.000037
699.000000 0.000036
700.000000 0.000036
701.000000 0.000035
702.000000 0.000035
703.000000 0.000035
704.000000 0.000034
705.000000 0.000034
706.000000 0.000034
707.000000 0.000033
708.000000 0.000033
709.000000 0.000033
710.000000 0.000032
711.000000 0.000032
712.000000 0.000032
713.000000 0.000032
714.000000 0.000032
715.000000 0.000031
716.000000 0.000031
717.000000 0.000031
718.000000 0.000031
719.000000 0.000030
720.000000 0.000030
721.000000 0.000029
722.000000 0.000029
723.000000 0.000028
724.000000 0.000028
725.000000 0.000028
726.000000 0.000028
727.000000 0.000027
728.000000 0.000027
729.000000 0.000026
730.000000 0.000026
731.000000 0.000026
732.000000 0.000025
733.000000 0.000025
734.000000 0.000025
735.000000 0.000025
736.000000 0.000025
737.000000 0.000025
738.000000 0.000024
739.000000 0.000024
740.000000 0.000024
741.000000 0.000024
742.000000 0.000024
743.000000 0.000024
744.000000 0.000024
745.000000 0.000024
746.000000 0.000024
747.000000 0.000024
748.000000 0.000024
749.000000 0.000024
750.000000 0.000023
751.000000 0.000023
752.000000 0.000023
753.000000 0.000022
754.000000 0.000022
755.000000 0.000021
756.000000 0.000021
757.000000 0.000021
758.000000 0.000020
759.000000 0.000020
760.000000 0.000025
761.000000 0.000089
762.000000 0.000020
763.000000 0.000020
764.000000 0.000019
765.000000 0.000025
766.000000 0.000078
767.000000 0.000019
768.000000 0.000019
769.000000 0.000019
770.000000 0.000019
771.000000 0.000019
772.000000 0.000019
773.000000 0.000019
774.000000 0.000019
775.000000 0.000019
776.000000 0.000019
777.000000 0.000019
778.000000 0.000019
779.000000 0.000019
780.000000 0.000019
781.000000 0.000019
782.000000 0.000019
783.000000 0.000019
784.000000 0.000018
785.000000 0.000018
786.000000 0.000018
787.000000 0.000017
788.000000 0.000017
789.000000 0.000017
790.000000 0.000017
791.000000 0.000016
792.000000 0.000016
793.000000 0.000016
794.000000 0.000016
795.000000 0.000016
796.000000 0.000015
797.000000 0.000015
798.000000 0.000015
799.000000 0.000015
800.000000 0.000015
801.000000 0.000015
802.000000 0.000015
803.000000 0.000015
804.000000 0.000015
805.000000 0.000015
806.000000 0.000015
807.000000 0.000015
808.000000 0.000015
809.000000 0.000015
810.000000 0.000015
811.000000 0.000015
812.000000 0.000015
813.000000 0.000015
814.000000 0.000015
815.000000 0.000015
816.000000 0.000015
817.000000 0.000015
818.000000 0.000025
819.000000 0.000015
820.000000 0.000015
821.000000 0.000015
822.000000 0.000014
823.000000 0.000014
824.000000 0.000014
825.000000 0.000013
826.000000 0.000013
827.000000 0.000013
828.000000 0.000013
829.000000 0.000013
830.000000 0.000012
831.000000 0.000012
832.000000 0.000012
833.000000 0.000012
834.000000 0.000012
835.000000 0.000012
836.000000 0.000012
837.000000 0.000012
838.000000 0.000012
839.000000 0.000012
840.000000 0.000011
841.000000 0.000011
842.000000 0.000011
843.000000 0.000011
844.000000 0.000011
845.000000 0.000011
846.000000 0.000011
847.000000 0.000011
848.000000 0.000012
849.000000 0.000012
850.000000 0.000012
851.000000 0.000012
852.000000 0.000012
853.000000 0.000012
854.000000 0.000012
855.000000 0.000012
856.000000 0.000012
857.000000 0.000012
858.000000 0.000012
859.000000 0.000011
860.000000 0.000011
861.000000 0.000011
862.000000 0.000011
863.000000 0.000011
864.000000 0.000010
865.000000 0.000010
866.000000 0.000010
867.000000 0.000010
868.000000 0.000010
869.000000 0.000010
870.000000 0.000010
871.000000 0.000010
872.000000 0.000009
873.000000 0.000009
874.000000 0.000009
875.000000 0.000009
876.000000 0.000009
877.000000 0.000009
878.000000 0.000009
879.000000 0.000009
880.000000 0.000009
881.000000 0.000009
882.000000 0.000009
883.000000 0.000009
884.000000 0.000009
885.000000 0.000009
886.000000 0.000009
887.000000 0.000009
888.000000 0.000009
889.000000 0.000009
890.000000 0.000009
891.000000 0.000009
892.000000 0.000009
893.000000 0.000009
894.000000 0.000010
895.000000 0.000009
896.000000 0.000009
897.000000 0.000009
898.000000 0.000009
899.000000 0.000009
900.000000 0.000009
901.000000 0.000009
902.000000 0.000009
903.000000 0.000009
904.000000 0.000008
905.000000 0.000008
906.000000 0.000008
907.000000 0.000008
908.000000 0.000008
909.000000 0.000008
910.000000 0.000008
911.000000 0.000008
912.000000 0.000008
913.000000 0.000008
914.000000 0.000008
915.000000 0.000008
916.000000 0.000008
917.000000 0.000007
918.000000 0.000009
919.000000 0.000007
920.000000 0.000007
921.000000 0.000007
922.000000 0.000007
923.000000 0.000007
924.000000 0.000007
925.000000 0.000008
926.000000 0.000007
927.000000 0.000007
928.000000 0.000015
929.000000 0.000007
930.000000 0.000007
931.000000 0.000007
932.000000 0.000007
933.000000 0.000007
934.000000 0.000007
935.000000 0.000007
936.000000 0.000007
937.000000 0.000007
938.000000 0.001256
939.000000 0.000007
940.000000 0.000007
941.000000 0.000007
942.000000 0.000007
943.000000 0.000008
944.000000 0.000007
945.000000 0.000007
946.000000 0.000007
947.000000 0.000007
948.000000 0.000007
949.000000 0.000008
950.000000 0.000007
951.000000 0.000007
952.000000 0.000006
953.000000 0.000006
954.000000 0.000006
955.000000 0.000007
956.000000 0.000006
957.000000 0.000006
958.000000 0.000006
959.000000 0.000006
960.000000 0.000006
961.000000 0.000006
962.000000 0.000006
963.000000 0.000006
964.000000 0.000006
965.000000 0.000006
966.000000 0.000006
967.000000 0.000006
968.000000 0.000006
969.000000 0.000007
970.000000 0.000006
971.000000 0.000006
972.000000 0.000006
973.000000 0.000006
974.000000 0.000006
975.000000 0.000006
976.000000 0.000006
977.000000 0.000006
978.000000 0.000006
979.000000 0.000006
980.000000 0.000006
981.000000 0.000005
982.000000 0.000005
983.000000 0.000005
984.000000 0.000005
985.000000 0.000005
986.000000 0.000006
987.000000 0.000005
988.000000 0.000005
989.000000 0.000006
990.000000 0.000006
991.000000 0.000006
992.000000 0.000006
993.000000 0.000006
994.000000 0.000006
995.000000 0.000006
996.000000 0.000005
997.000000 0.000005
998.000000 0.000005
999.000000 0.000005
1000.000000 0.000005
The optical depth at z= 54.000000
1.000000 0.000000
2.000000 0.000000
3.000000 0.000000
4.000000 0.000000
5.000000 1210.439840
6.000000 1769.489988
7.000000 6962.583500
8.000000 9307.674243
9.000000 11972.007372
10.000000 15237.453820
11.000000 18923.064497
12.000000 23069.007753
13.000000 27500.400840
14.000000 32558.201898
15.000000 38132.097713
16.000000 43579.538085
17.000000 49738.591420
18.000000 55724.085592
19.000000 62482.348158
20.000000 70877.486736
21.000000 80213.999867
22.000000 87871.489768
23.000000 95978.594999
24.000000 105294.031704
25.000000 110815.865671
26.000000 115986.439015
27.000000 119499.066350
28.000000 123854.721725
29.000000 128320.775791
30.000000 132315.114012
31.000000 135727.397352
32.000000 143156.563267
33.000000 150667.703085
34.000000 155351.191316
35.000000 168826.776189
36.000000 176870.396317
37.000000 184893.392465
38.000000 193125.895278
39.000000 202532.098682
40.000000 210648.656030
41.000000 222580.907618
42.000000 227384.387979
43.000000 234699.611152
44.000000 239779.598251
45.000000 239463.114827
46.000000 240584.931218
47.000000 241895.150988
48.000000 247098.415867
49.000000 248770.329327
50.000000 249461.192058
51.000000 253539.261553
52.000000 262911.227080
53.000000 268433.276108
54.000000 265290.287878
55.000000 261415.767246
56.000000 254330.728759
57.000000 248388.510371
58.000000 245001.778224
59.000000 245245.450133
60.000000 248195.977044
61.000000 251988.648256
62.000000 256623.019035
63.000000 257180.071424
64.000000 257898.486166
65.000000 264513.352279
66.000000 262069.927233
67.000000 265973.816349
68.000000 265471.382481
69.000000 265284.879545
70.000000 267634.053058
71.000000 270277.462398
72.000000 273229.529691
73.000000 276562.553936
74.000000 282544.636278
75.000000 288498.925873
76.000000 291533.276372
77.000000 294083.224479
78.000000 290270.751930
79.000000 279814.830428
80.000000 269454.313222
81.000000 258191.101552
82.000000 246932.203695
83.000000 248259.854508
84.000000 278979.415527
85.000000 309704.431247
86.000000 340405.248222
87.000000 371093.286998
88.000000 401801.775855
89.000000 418891.936851
90.000000 415543.697087
91.000000 412072.177252
92.000000 412836.738883
93.000000 430956.728895
94.000000 448894.524735
95.000000 466750.546481
96.000000 447782.469905
97.000000 403996.745553
98.000000 360229.768610
99.000000 316468.886155
100.000000 254690.218082
101.000000 188341.291391
102.000000 122117.988162
103.000000 55654.768957
104.000000 44984.320050
105.000000 34328.192979
106.000000 23710.422469
107.000000 13025.507775
108.000000 2353.937916
109.000000 1541.366621
110.000000 588.205287
111.000000 110.230629
112.000000 2433.588379
113.000000 471.415478
114.000000 195.673120
115.000000 1618.584165
116.000000 151.926354
117.000000 506.850182
118.000000 434.980806
119.000000 99.854045
120.000000 3372.952974
121.000000 4785.089385
122.000000 208.317811
123.000000 761.682327
124.000000 399.918121
125.000000 2762.184825
126.000000 808.971058
127.000000 166.557675
128.000000 534.125356
129.000000 1044.130604
130.000000 1150.420575
131.000000 1337.519477
132.000000 2249.063770
133.000000 3905.920213
134.000000 4814.225680
135.000000 11012.702254
136.000000 17549.850494
137.000000 22023.827104
138.000000 26498.810894
139.000000 28590.727879
140.000000 27432.755472
141.000000 26649.941802
142.000000 28100.860912
143.000000 29551.991684
144.000000 29387.117709
145.000000 28654.524182
146.000000 27921.922525
147.000000 27189.270234
148.000000 26456.535178
149.000000 24398.754718
150.000000 25066.572112
151.000000 23279.083678
152.000000 21491.616758
153.000000 19704.150019
154.000000 17811.979058
155.000000 16280.607009
156.000000 14587.158288
157.000000 13292.795368
158.000000 11981.895810
159.000000 10539.814615
160.000000 9504.247864
161.000000 8340.716707
162.000000 7177.073145
163.000000 6063.007843
164.000000 4981.868054
165.000000 4367.734059
166.000000 3753.643987
167.000000 3139.482531
168.000000 2533.623633
169.000000 2063.516593
170.000000 1593.380548
171.000000 1478.257750
172.000000 1150.081895
173.000000 888.396502
174.000000 701.716837
175.000000 515.038854
176.000000 375.751677
177.000000 266.110944
178.000000 215.212121
179.000000 177.527024
180.000000 136.456044
181.000000 8.862017
182.000000 44.961549
183.000000 2.755712
184.000000 15.855029
185.000000 3.931103
186.000000 1.251315
187.000000 1.439227
188.000000 0.184232
189.000000 0.726649
190.000000 0.089813
191.000000 0.200625
192.000000 0.189647
193.000000 0.172338
194.000000 0.056360
195.000000 1.476071
196.000000 0.195850
197.000000 0.016750
198.000000 0.021396
199.000000 0.023785
200.000000 0.059924
201.000000 0.042358
202.000000 0.021909
203.000000 0.020604
204.000000 0.021570
205.000000 0.022539
206.000000 0.022342
207.000000 0.022474
208.000000 0.022509
209.000000 0.022614
210.000000 0.022875
211.000000 0.023024
212.000000 0.023437
213.000000 0.024083
214.000000 0.024738
215.000000 0.025774
216.000000 0.026537
217.000000 0.027650
218.000000 0.028781
219.000000 0.030093
220.000000 0.031755
221.000000 0.033376
222.000000 0.035515
223.000000 0.037592
224.000000 0.039856
225.000000 0.042325
226.000000 0.044780
227.000000 0.047660
228.000000 0.050606
229.000000 0.053954
230.000000 0.057524
231.000000 0.060932
232.000000 0.063915
233.000000 0.068204
234.000000 0.071315
235.000000 0.075613
236.000000 0.079163
237.000000 0.083205
238.000000 0.087272
239.000000 0.090784
240.000000 0.096137
241.000000 0.098827
242.000000 0.103018
243.000000 0.105627
244.000000 0.109767
245.000000 0.111224
246.000000 0.116214
247.000000 0.117351
248.000000 0.120643
249.000000 0.124459
250.000000 0.125896
251.000000 0.124982
252.000000 0.129712
253.000000 0.127741
254.000000 0.129944
255.000000 0.129299
256.000000 0.129651
257.000000 0.127077
258.000000 0.125820
259.000000 0.128798
260.000000 0.120681
261.000000 0.123134
262.000000 0.118051
263.000000 0.115104
264.000000 0.112074
265.000000 0.108614
266.000000 0.106360
267.000000 0.099303
268.000000 0.098227
269.000000 0.090918
270.000000 0.089973
271.000000 0.083116
272.000000 0.080294
273.000000 0.074875
274.000000 0.069202
275.000000 0.066095
276.000000 0.060798
277.000000 0.056957
278.000000 0.052673
279.000000 0.048639
280.000000 0.045462
281.000000 0.041198
282.000000 0.036531
283.000000 0.033894
284.000000 0.030934
285.000000 0.028085
286.000000 0.025476
287.000000 0.023016
288.000000 0.020209
289.000000 0.018238
290.000000 0.016316
291.000000 0.014754
292.000000 0.012814
293.000000 0.011649
294.000000 0.010122
295.000000 0.009146
296.000000 0.007975
297.000000 0.007121
298.000000 0.006156
299.000000 0.005569
300.000000 0.004842
301.000000 0.004305
302.000000 0.003842
303.000000 0.003356
304.000000 0.003064
305.000000 0.002673
306.000000 0.002414
307.000000 0.002173
308.000000 0.001932
309.000000 0.001803
310.000000 0.001550
311.000000 0.001440
312.000000 0.001268
313.000000 0.001141
314.000000 0.001097
315.000000 0.000952
316.000000 0.000918
317.000000 0.000825
318.000000 0.000801
319.000000 0.000679
320.000000 0.000728
321.000000 0.000596
322.000000 0.000624
323.000000 0.000597
324.000000 0.000495
325.000000 0.000566
326.000000 0.000486
327.000000 0.000446
328.000000 0.000501
329.000000 0.000420
330.000000 0.000400
331.000000 0.000429
332.000000 0.000389
333.000000 0.000375
334.000000 0.000395
335.000000 0.000358
336.000000 0.000346
337.000000 0.000353
338.000000 0.000345
339.000000 0.000330
340.000000 0.000331
341.000000 0.000323
342.000000 0.000314
343.000000 0.000311
344.000000 0.000314
345.000000 0.000304
346.000000 0.000298
347.000000 0.000294
348.000000 0.000290
349.000000 0.000285
350.000000 0.000282
351.000000 0.000278
352.000000 0.000276
353.000000 0.000272
354.000000 0.000268
355.000000 0.000265
356.000000 0.000261
357.000000 0.000258
358.000000 0.000255
359.000000 0.000252
360.000000 0.000249
361.000000 0.000246
362.000000 0.000243
363.000000 0.000240
364.000000 0.000238
365.000000 0.000235
366.000000 0.000232
367.000000 0.000230
368.000000 0.000227
369.000000 0.000224
370.000000 0.000222
371.000000 0.000219
372.000000 0.000217
373.000000 0.000214
374.000000 0.000212
375.000000 0.000210
376.000000 0.000207
377.000000 0.000205
378.000000 0.000203
379.000000 0.000201
380.000000 0.000198
381.000000 0.000196
382.000000 0.000194
383.000000 0.000192
384.000000 0.000190
385.000000 0.000188
386.000000 0.000186
387.000000 0.000184
388.000000 0.000182
389.000000 0.000180
390.000000 0.000178
391.000000 0.000176
392.000000 0.000174
393.000000 0.000173
394.000000 0.000171
395.000000 0.000169
396.000000 0.000167
397.000000 0.000166
398.000000 0.000164
399.000000 0.000162
400.000000 0.000160
401.000000 0.000159
402.000000 0.000157
403.000000 0.000156
404.000000 0.000154
405.000000 0.000152
406.000000 0.000151
407.000000 0.000149
408.000000 0.000148
409.000000 0.000147
410.000000 0.000145
411.000000 0.000144
412.000000 0.000142
413.000000 0.000141
414.000000 0.000139
415.000000 0.000138
416.000000 0.000137
417.000000 0.000135
418.000000 0.000134
419.000000 0.000133
420.000000 0.000131
421.000000 0.000130
422.000000 0.000129
423.000000 0.000128
424.000000 0.000127
425.000000 0.000126
426.000000 0.000124
427.000000 0.000123
428.000000 0.000122
429.000000 0.000121
430.000000 0.000120
431.000000 0.000119
432.000000 0.000118
433.000000 0.000117
434.000000 0.000115
435.000000 0.000114
436.000000 0.000113
437.000000 0.000112
438.000000 0.000111
439.000000 0.000111
440.000000 0.000110
441.000000 0.000109
442.000000 0.000108
443.000000 0.000107
444.000000 0.000106
445.000000 0.000105
446.000000 0.000104
447.000000 0.000103
448.000000 0.000102
449.000000 0.000101
450.000000 0.000101
451.000000 0.000100
452.000000 0.000099
453.000000 0.000098
454.000000 0.000097
455.000000 0.000097
456.000000 0.000096
457.000000 0.000096
458.000000 0.000095
459.000000 0.000095
460.000000 0.000094
461.000000 0.000094
462.000000 0.000093
463.000000 0.000092
464.000000 0.000091
465.000000 0.000090
466.000000 0.000089
467.000000 0.000089
468.000000 0.000088
469.000000 0.000088
470.000000 0.000087
471.000000 0.000087
472.000000 0.000086
473.000000 0.000085
474.000000 0.000085
475.000000 0.000084
476.000000 0.000084
477.000000 0.000084
478.000000 0.000084
479.000000 0.000084
480.000000 0.000084
481.000000 0.000084
482.000000 0.000084
483.000000 0.000084
484.000000 0.000083
485.000000 0.000082
486.000000 0.000081
487.000000 0.000080
488.000000 0.000079
489.000000 0.000079
490.000000 0.000079
491.000000 0.000079
492.000000 0.000078
493.000000 0.000078
494.000000 0.000077
495.000000 0.000077
496.000000 0.000077
497.000000 0.000077
498.000000 0.000077
499.000000 0.000077
500.000000 0.000078
501.000000 0.000078
502.000000 0.000079
503.000000 0.000079
504.000000 0.000080
505.000000 0.000080
506.000000 0.000080
507.000000 0.000079
508.000000 0.000078
509.000000 0.000077
510.000000 0.000077
511.000000 0.000076
512.000000 0.000076
513.000000 0.000076
514.000000 0.000076
515.000000 0.000075
516.000000 0.000075
517.000000 0.000075
518.000000 0.000075
519.000000 0.000075
520.000000 0.000075
521.000000 0.000075
522.000000 0.000075
523.000000 0.000076
524.000000 0.000076
525.000000 0.000077
526.000000 0.000078
527.000000 0.000079
528.000000 0.000079
529.000000 0.000080
530.000000 0.000081
531.000000 0.000081
532.000000 0.000081
533.000000 0.000081
534.000000 0.000081
535.000000 0.000081
536.000000 0.000081
537.000000 0.000080
538.000000 0.000080
539.000000 0.000080
540.000000 0.000080
541.000000 0.000080
542.000000 0.000080
543.000000 0.000081
544.000000 0.000081
545.000000 0.000081
546.000000 0.000081
547.000000 0.000082
548.000000 0.000082
549.000000 0.000082
550.000000 0.000082
551.000000 0.000082
552.000000 0.000082
553.000000 0.000082
554.000000 0.000082
555.000000 0.000082
556.000000 0.000083
557.000000 0.000083
558.000000 0.000084
559.000000 0.000084
560.000000 0.000085
561.000000 0.000086
562.000000 0.000087
563.000000 0.000088
564.000000 0.000088
565.000000 0.000089
566.000000 0.000089
567.000000 0.000090
568.000000 0.000090
569.000000 0.000090
570.000000 0.000091
571.000000 0.000091
572.000000 0.000091
573.000000 0.000091
574.000000 0.000091
575.000000 0.000091
576.000000 0.000091
577.000000 0.000090
578.000000 0.000089
579.000000 0.000089
580.000000 0.000088
581.000000 0.000087
582.000000 0.000086
583.000000 0.000086
584.000000 0.000085
585.000000 0.000085
586.000000 0.000084
587.000000 0.000084
588.000000 0.000084
589.000000 0.000083
590.000000 0.000083
591.000000 0.000084
592.000000 0.000084
593.000000 0.000084
594.000000 0.000085
595.000000 0.000086
596.000000 0.000086
597.000000 0.000087
598.000000 0.000088
599.000000 0.000089
600.000000 0.000089
601.000000 0.000090
602.000000 0.000090
603.000000 0.000090
604.000000 0.000089
605.000000 0.000088
606.000000 0.000088
607.000000 0.000087
608.000000 0.000085
609.000000 0.000084
610.000000 0.000083
611.000000 0.000082
612.000000 0.000081
613.000000 0.000080
614.000000 0.000079
615.000000 0.000077
616.000000 0.000076
617.000000 0.000076
618.000000 0.000075
619.000000 0.000074
620.000000 0.000073
621.000000 0.000072
622.000000 0.000072
623.000000 0.000071
624.000000 0.000070
625.000000 0.000069
626.000000 0.000069
627.000000 0.000068
628.000000 0.000077
629.000000 0.000067
630.000000 0.000066
631.000000 0.000065
632.000000 0.000064
633.000000 0.000063
634.000000 0.000063
635.000000 0.000062
636.000000 0.000061
637.000000 0.000060
638.000000 0.000059
639.000000 0.000059
640.000000 0.000058
641.000000 0.000057
642.000000 0.000056
643.000000 0.000055
644.000000 0.000055
645.000000 0.000054
646.000000 0.000053
647.000000 0.000053
648.000000 0.000052
649.000000 0.000051
650.000000 0.000051
651.000000 0.000050
652.000000 0.000050
653.000000 0.000049
654.000000 0.000048
655.000000 0.000048
656.000000 0.000047
657.000000 0.000047
658.000000 0.000046
659.000000 0.000045
660.000000 0.000045
661.000000 0.000044
662.000000 0.000044
663.000000 0.000043
664.000000 0.000043
665.000000 0.000042
666.000000 0.000042
667.000000 0.000041
668.000000 0.000040
669.000000 0.000040
670.000000 0.000039
671.000000 0.000039
672.000000 0.000038
673.000000 0.000037
674.000000 0.000037
675.000000 0.000036
676.000000 0.000036
677.000000 0.000035
678.000000 0.000035
679.000000 0.000034
680.000000 0.000034
681.000000 0.000034
682.000000 0.000033
683.000000 0.000033
684.000000 0.000033
685.000000 0.000032
686.000000 0.000032
687.000000 0.010620
688.000000 0.000031
689.000000 0.000031
690.000000 0.000573
691.000000 0.000030
692.000000 0.000031
693.000000 0.000029
694.000000 0.000028
695.000000 0.000028
696.000000 0.000028
697.000000 0.000027
698.000000 0.000027
699.000000 0.000026
700.000000 0.000026
701.000000 0.000026
702.000000 0.000026
703.000000 0.000025
704.000000 0.000025
705.000000 0.000025
706.000000 0.000025
707.000000 0.000024
708.000000 0.000024
709.000000 0.000024
710.000000 0.000024
711.000000 0.000023
712.000000 0.000023
713.000000 0.000023
714.000000 0.000023
715.000000 0.000023
716.000000 0.000023
717.000000 0.000023
718.000000 0.000022
719.000000 0.000022
720.000000 0.000022
721.000000 0.000021
722.000000 0.000021
723.000000 0.000021
724.000000 0.000021
725.000000 0.000020
726.000000 0.000021
727.000000 0.000020
728.000000 0.000020
729.000000 0.000019
730.000000 0.000019
731.000000 0.000019
732.000000 0.000019
733.000000 0.000019
734.000000 0.000019
735.000000 0.000018
736.000000 0.000018
737.000000 0.000018
738.000000 0.000018
739.000000 0.000018
740.000000 0.000018
741.000000 0.000018
742.000000 0.000018
743.000000 0.000018
744.000000 0.000018
745.000000 0.000018
746.000000 0.000018
747.000000 0.000018
748.000000 0.000018
749.000000 0.000018
750.000000 0.000017
751.000000 0.000017
752.000000 0.000017
753.000000 0.000016
754.000000 0.000016
755.000000 0.000016
756.000000 0.000016
757.000000 0.000015
758.000000 0.000015
759.000000 0.000015
760.000000 0.000019
761.000000 0.000067
762.000000 0.000015
763.000000 0.000015
764.000000 0.000014
765.000000 0.000019
766.000000 0.000058
767.000000 0.000014
768.000000 0.000014
769.000000 0.000014
770.000000 0.000014
771.000000 0.000014
772.000000 0.000014
773.000000 0.000014
774.000000 0.000014
775.000000 0.000014
776.000000 0.000014
777.000000 0.000014
778.000000 0.000014
779.000000 0.000014
780.000000 0.000014
781.000000 0.000014
782.000000 0.000014
783.000000 0.000014
784.000000 0.000014
785.000000 0.000013
786.000000 0.000013
787.000000 0.000013
788.000000 0.000013
789.000000 0.000013
790.000000 0.000012
791.000000 0.000012
792.000000 0.000012
793.000000 0.000012
794.000000 0.000012
795.000000 0.000012
796.000000 0.000012
797.000000 0.000012
798.000000 0.000011
799.000000 0.000011
800.000000 0.000011
801.000000 0.000011
802.000000 0.000012
803.000000 0.000011
804.000000 0.000011
805.000000 0.000011
806.000000 0.000011
807.000000 0.000011
808.000000 0.000011
809.000000 0.000011
810.000000 0.000011
811.000000 0.000011
812.000000 0.000011
813.000000 0.000011
814.000000 0.000011
815.000000 0.000011
816.000000 0.000011
817.000000 0.000011
818.000000 0.000019
819.000000 0.000011
820.000000 0.000011
821.000000 0.000011
822.000000 0.000011
823.000000 0.000010
824.000000 0.000010
825.000000 0.000010
826.000000 0.000010
827.000000 0.000010
828.000000 0.000010
829.000000 0.000009
830.000000 0.000009
831.000000 0.000009
832.000000 0.000009
833.000000 0.000009
834.000000 0.000009
835.000000 0.000009
836.000000 0.000009
837.000000 0.000009
838.000000 0.000009
839.000000 0.000009
840.000000 0.000009
841.000000 0.000009
842.000000 0.000009
843.000000 0.000009
844.000000 0.000009
845.000000 0.000009
846.000000 0.000009
847.000000 0.000009
848.000000 0.000009
849.000000 0.000009
850.000000 0.000009
851.000000 0.000009
852.000000 0.000009
853.000000 0.000009
854.000000 0.000009
855.000000 0.000009
856.000000 0.000009
857.000000 0.000009
858.000000 0.000009
859.000000 0.000009
860.000000 0.000008
861.000000 0.000008
862.000000 0.000008
863.000000 0.000008
864.000000 0.000008
865.000000 0.000008
866.000000 0.000008
867.000000 0.000008
868.000000 0.000008
869.000000 0.000007
870.000000 0.000007
871.000000 0.000007
872.000000 0.000007
873.000000 0.000007
874.000000 0.000007
875.000000 0.000007
876.000000 0.000007
877.000000 0.000007
878.000000 0.000007
879.000000 0.000007
880.000000 0.000007
881.000000 0.000007
882.000000 0.000007
883.000000 0.000007
884.000000 0.000007
885.000000 0.000007
886.000000 0.000007
887.000000 0.000007
888.000000 0.000007
889.000000 0.000007
890.000000 0.000007
891.000000 0.000007
892.000000 0.000007
893.000000 0.000007
894.000000 0.000007
895.000000 0.000007
896.000000 0.000007
897.000000 0.000007
898.000000 0.000007
899.000000 0.000007
900.000000 0.000007
901.000000 0.000007
902.000000 0.000007
903.000000 0.000006
904.000000 0.000006
905.000000 0.000006
906.000000 0.000006
907.000000 0.000006
908.000000 0.000006
909.000000 0.000006
910.000000 0.000006
911.000000 0.000006
912.000000 0.000006
913.000000 0.000006
914.000000 0.000006
915.000000 0.000006
916.000000 0.000006
917.000000 0.000006
918.000000 0.000007
919.000000 0.000006
920.000000 0.000006
921.000000 0.000006
922.000000 0.000006
923.000000 0.000006
924.000000 0.000006
925.000000 0.000006
926.000000 0.000005
927.000000 0.000005
928.000000 0.000012
929.000000 0.000006
930.000000 0.000005
931.000000 0.000006
932.000000 0.000005
933.000000 0.000005
934.000000 0.000005
935.000000 0.000005
936.000000 0.000005
937.000000 0.000005
938.000000 0.000986
939.000000 0.000005
940.000000 0.000005
941.000000 0.000005
942.000000 0.000005
943.000000 0.000006
944.000000 0.000005
945.000000 0.000005
946.000000 0.000005
947.000000 0.000005
948.000000 0.000005
949.000000 0.000006
950.000000 0.000005
951.000000 0.000005
952.000000 0.000005
953.000000 0.000005
954.000000 0.000005
955.000000 0.000005
956.000000 0.000005
957.000000 0.000005
958.000000 0.000005
959.000000 0.000005
960.000000 0.000005
961.000000 0.000005
962.000000 0.000005
963.000000 0.000005
964.000000 0.000005
965.000000 0.000005
966.000000 0.000005
967.000000 0.000005
968.000000 0.000004
969.000000 0.000005
970.000000 0.000005
971.000000 0.000004
972.000000 0.000005
973.000000 0.000004
974.000000 0.000004
975.000000 0.000004
976.000000 0.000004
977.000000 0.000005
978.000000 0.000004
979.000000 0.000004
980.000000 0.000004
981.000000 0.000004
982.000000 0.000004
983.000000 0.000004
984.000000 0.000004
985.000000 0.000004
986.000000 0.000004
987.000000 0.000004
988.000000 0.000004
989.000000 0.000004
990.000000 0.000004
991.000000 0.000004
992.000000 0.000004
993.000000 0.000004
994.000000 0.000004
995.000000 0.000004
996.000000 0.000004
997.000000 0.000004
998.000000 0.000004
999.000000 0.000004
1000.000000 0.000004
The optical depth at z= 56.000000
1.000000 0.000000
2.000000 0.000000
3.000000 0.000000
4.000000 0.000000
5.000000 934.329319
6.000000 1365.855883
7.000000 5374.365776
8.000000 7184.523795
9.000000 9241.102320
10.000000 11761.675842
11.000000 14606.570942
12.000000 17806.793346
13.000000 21227.352301
14.000000 25131.430823
15.000000 29433.878938
16.000000 33638.717181
17.000000 38392.844027
18.000000 43013.001999
19.000000 48229.653939
20.000000 54709.798187
21.000000 61916.582365
22.000000 67827.341089
23.000000 74085.154535
24.000000 81275.670018
25.000000 85537.932193
26.000000 89529.058447
27.000000 92240.428993
28.000000 95602.526591
29.000000 99049.839927
30.000000 102133.040281
31.000000 104766.955421
32.000000 110501.472253
33.000000 116299.264433
34.000000 119914.414087
35.000000 130316.115717
36.000000 136524.925379
37.000000 142717.815251
38.000000 149072.421635
39.000000 156332.999534
40.000000 162598.109259
41.000000 171808.523807
42.000000 175516.294548
43.000000 181162.859819
44.000000 185084.064056
45.000000 184839.773311
46.000000 185705.695486
47.000000 186717.044507
48.000000 190733.405044
49.000000 192023.941739
50.000000 192557.213472
51.000000 195705.044283
52.000000 202939.193166
53.000000 207201.619837
54.000000 204775.571209
55.000000 201784.858017
56.000000 196315.970874
57.000000 191729.217610
58.000000 189115.024652
59.000000 189303.113179
60.000000 191580.602403
61.000000 194508.136192
62.000000 198085.371153
63.000000 198515.356298
64.000000 199069.895630
65.000000 204175.860816
66.000000 202289.799914
67.000000 205303.182620
68.000000 204915.359736
69.000000 204771.401434
70.000000 206584.711238
71.000000 208625.139263
72.000000 210903.817843
73.000000 213476.554088
74.000000 218094.077210
75.000000 222690.147322
76.000000 225032.339797
77.000000 227000.625886
78.000000 224057.808140
79.000000 215986.962515
80.000000 207989.758251
81.000000 199295.772219
82.000000 190605.116049
83.000000 191629.923574
84.000000 215342.125232
85.000000 239058.529406
86.000000 262756.257413
87.000000 286444.123519
88.000000 310147.778512
89.000000 323339.547666
90.000000 320755.067425
91.000000 318075.428237
92.000000 318665.587359
93.000000 332652.266795
94.000000 346498.312024
95.000000 360281.236402
96.000000 345639.918090
97.000000 311842.045503
98.000000 278058.643820
99.000000 244279.946484
100.000000 196593.461429
101.000000 145379.229420
102.000000 94261.965155
103.000000 42959.511581
104.000000 34723.073320
105.000000 26497.689902
106.000000 18301.913591
107.000000 10054.303290
108.000000 1816.942111
109.000000 1188.000604
110.000000 454.030127
111.000000 85.262570
112.000000 1879.126175
113.000000 364.756100
114.000000 151.085352
115.000000 1249.162977
116.000000 117.239800
117.000000 391.216025
118.000000 335.741779
119.000000 77.059317
120.000000 2603.533965
121.000000 3693.544183
122.000000 160.757592
123.000000 587.908771
124.000000 308.670777
125.000000 2132.096693
126.000000 624.427135
127.000000 128.552762
128.000000 412.277190
129.000000 805.948014
130.000000 887.981896
131.000000 1032.397022
132.000000 1736.008356
133.000000 3014.923968
134.000000 3716.042207
135.000000 8500.601725
136.000000 13546.590253
137.000000 17000.023630
138.000000 20454.237581
139.000000 22068.972344
140.000000 21175.142579
141.000000 20570.897134
142.000000 21690.851248
143.000000 22810.966547
144.000000 22683.700830
145.000000 22118.217894
146.000000 21552.728528
147.000000 20987.198096
148.000000 20421.604398
149.000000 18833.218498
150.000000 19348.698765
151.000000 17968.949099
152.000000 16589.216041
153.000000 15209.483215
154.000000 13748.930011
155.000000 12566.875093
156.000000 11259.713058
157.000000 10260.604481
158.000000 9248.730907
159.000000 8135.598777
160.000000 7336.251073
161.000000 6438.130987
162.000000 5539.922786
163.000000 4679.983502
164.000000 3845.460318
165.000000 3371.414341
166.000000 2897.402673
167.000000 2423.336881
168.000000 1955.678720
169.000000 1592.807169
170.000000 1229.913232
171.000000 1141.050537
172.000000 887.735029
173.000000 685.742056
174.000000 541.645957
175.000000 397.551014
176.000000 290.036641
177.000000 205.406038
178.000000 166.118094
179.000000 139.554255
180.000000 102.518879
181.000000 6.664728
182.000000 33.867182
183.000000 2.102670
184.000000 11.899853
185.000000 3.007135
186.000000 0.945084
187.000000 1.083018
188.000000 0.141326
189.000000 0.545963
190.000000 0.068579
191.000000 0.150198
192.000000 0.143482
193.000000 0.129588
194.000000 0.042010
195.000000 1.127126
196.000000 0.146710
197.000000 0.012336
198.000000 0.016133
199.000000 0.017992
200.000000 0.045893
201.000000 0.032339
202.000000 0.016548
203.000000 0.015535
204.000000 0.016260
205.000000 0.016989
206.000000 0.016802
207.000000 0.016866
208.000000 0.016843
209.000000 0.016868
210.000000 0.017001
211.000000 0.017037
212.000000 0.017267
213.000000 0.017660
214.000000 0.018058
215.000000 0.018720
216.000000 0.019174
217.000000 0.019868
218.000000 0.020568
219.000000 0.021392
220.000000 0.022463
221.000000 0.023503
222.000000 0.024896
223.000000 0.026241
224.000000 0.027708
225.000000 0.029312
226.000000 0.030904
227.000000 0.032781
228.000000 0.034708
229.000000 0.036919
230.000000 0.039269
231.000000 0.041562
232.000000 0.043483
233.000000 0.046330
234.000000 0.048360
235.000000 0.051203
236.000000 0.053546
237.000000 0.056231
238.000000 0.058932
239.000000 0.061248
240.000000 0.064823
241.000000 0.066596
242.000000 0.069390
243.000000 0.071051
244.000000 0.073765
245.000000 0.074724
246.000000 0.078064
247.000000 0.078816
248.000000 0.081023
249.000000 0.083584
250.000000 0.084543
251.000000 0.083922
252.000000 0.087098
253.000000 0.085770
254.000000 0.087248
255.000000 0.086815
256.000000 0.087042
257.000000 0.085316
258.000000 0.084474
259.000000 0.086470
260.000000 0.081014
261.000000 0.082666
262.000000 0.079253
263.000000 0.077267
264.000000 0.075245
265.000000 0.072909
266.000000 0.071403
267.000000 0.066662
268.000000 0.065948
269.000000 0.061040
270.000000 0.060415
271.000000 0.055810
272.000000 0.053921
273.000000 0.050279
274.000000 0.046466
275.000000 0.044384
276.000000 0.040827
277.000000 0.038250
278.000000 0.035370
279.000000 0.032667
280.000000 0.030545
281.000000 0.027688
282.000000 0.024552
283.000000 0.022780
284.000000 0.020787
285.000000 0.018876
286.000000 0.017130
287.000000 0.015482
288.000000 0.013601
289.000000 0.012280
290.000000 0.010992
291.000000 0.009944
292.000000 0.008640
293.000000 0.007860
294.000000 0.006835
295.000000 0.006181
296.000000 0.005395
297.000000 0.004822
298.000000 0.004174
299.000000 0.003781
300.000000 0.003293
301.000000 0.002932
302.000000 0.002622
303.000000 0.002295
304.000000 0.002100
305.000000 0.001837
306.000000 0.001664
307.000000 0.001502
308.000000 0.001340
309.000000 0.001253
310.000000 0.001082
311.000000 0.001008
312.000000 0.000889
313.000000 0.000805
314.000000 0.000775
315.000000 0.000678
316.000000 0.000655
317.000000 0.000592
318.000000 0.000576
319.000000 0.000493
320.000000 0.000527
321.000000 0.000437
322.000000 0.000457
323.000000 0.000438
324.000000 0.000369
325.000000 0.000417
326.000000 0.000362
327.000000 0.000335
328.000000 0.000372
329.000000 0.000317
330.000000 0.000304
331.000000 0.000323
332.000000 0.000295
333.000000 0.000285
334.000000 0.000299
335.000000 0.000274
336.000000 0.000265
337.000000 0.000270
338.000000 0.000264
339.000000 0.000253
340.000000 0.000254
341.000000 0.000248
342.000000 0.000241
343.000000 0.000239
344.000000 0.000241
345.000000 0.000233
346.000000 0.000229
347.000000 0.000226
348.000000 0.000223
349.000000 0.000220
350.000000 0.000217
351.000000 0.000214
352.000000 0.000213
353.000000 0.000209
354.000000 0.000206
355.000000 0.000204
356.000000 0.000201
357.000000 0.000199
358.000000 0.000197
359.000000 0.000194
360.000000 0.000192
361.000000 0.000190
362.000000 0.000188
363.000000 0.000185
364.000000 0.000183
365.000000 0.000181
366.000000 0.000179
367.000000 0.000177
368.000000 0.000175
369.000000 0.000173
370.000000 0.000171
371.000000 0.000169
372.000000 0.000167
373.000000 0.000165
374.000000 0.000164
375.000000 0.000162
376.000000 0.000160
377.000000 0.000158
378.000000 0.000156
379.000000 0.000155
380.000000 0.000153
381.000000 0.000151
382.000000 0.000150
383.000000 0.000148
384.000000 0.000147
385.000000 0.000145
386.000000 0.000143
387.000000 0.000142
388.000000 0.000140
389.000000 0.000139
390.000000 0.000137
391.000000 0.000136
392.000000 0.000135
393.000000 0.000133
394.000000 0.000132
395.000000 0.000130
396.000000 0.000129
397.000000 0.000128
398.000000 0.000126
399.000000 0.000125
400.000000 0.000124
401.000000 0.000122
402.000000 0.000121
403.000000 0.000120
404.000000 0.000119
405.000000 0.000118
406.000000 0.000116
407.000000 0.000115
408.000000 0.000114
409.000000 0.000113
410.000000 0.000112
411.000000 0.000111
412.000000 0.000110
413.000000 0.000109
414.000000 0.000107
415.000000 0.000106
416.000000 0.000105
417.000000 0.000104
418.000000 0.000103
419.000000 0.000102
420.000000 0.000101
421.000000 0.000100
422.000000 0.000099
423.000000 0.000099
424.000000 0.000098
425.000000 0.000097
426.000000 0.000096
427.000000 0.000095
428.000000 0.000094
429.000000 0.000093
430.000000 0.000092
431.000000 0.000091
432.000000 0.000091
433.000000 0.000090
434.000000 0.000089
435.000000 0.000088
436.000000 0.000087
437.000000 0.000086
438.000000 0.000086
439.000000 0.000085
440.000000 0.000084
441.000000 0.000084
442.000000 0.000083
443.000000 0.000082
444.000000 0.000082
445.000000 0.000081
446.000000 0.000080
447.000000 0.000079
448.000000 0.000079
449.000000 0.000078
450.000000 0.000077
451.000000 0.000077
452.000000 0.000076
453.000000 0.000075
454.000000 0.000075
455.000000 0.000074
456.000000 0.000074
457.000000 0.000073
458.000000 0.000073
459.000000 0.000073
460.000000 0.000072
461.000000 0.000072
462.000000 0.000071
463.000000 0.000071
464.000000 0.000070
465.000000 0.000069
466.000000 0.000068
467.000000 0.000068
468.000000 0.000068
469.000000 0.000067
470.000000 0.000067
471.000000 0.000066
472.000000 0.000066
473.000000 0.000065
474.000000 0.000065
475.000000 0.000064
476.000000 0.000064
477.000000 0.000064
478.000000 0.000064
479.000000 0.000064
480.000000 0.000064
481.000000 0.000064
482.000000 0.000064
483.000000 0.000063
484.000000 0.000063
485.000000 0.000062
486.000000 0.000061
487.000000 0.000061
488.000000 0.000060
489.000000 0.000060
490.000000 0.000060
491.000000 0.000060
492.000000 0.000059
493.000000 0.000059
494.000000 0.000059
495.000000 0.000058
496.000000 0.000058
497.000000 0.000058
498.000000 0.000058
499.000000 0.000058
500.000000 0.000058
501.000000 0.000059
502.000000 0.000059
503.000000 0.000060
504.000000 0.000060
505.000000 0.000060
506.000000 0.000060
507.000000 0.000059
508.000000 0.000059
509.000000 0.000058
510.000000 0.000057
511.000000 0.000057
512.000000 0.000057
513.000000 0.000056
514.000000 0.000056
515.000000 0.000056
516.000000 0.000056
517.000000 0.000056
518.000000 0.000056
519.000000 0.000056
520.000000 0.000056
521.000000 0.000056
522.000000 0.000056
523.000000 0.000056
524.000000 0.000057
525.000000 0.000057
526.000000 0.000057
527.000000 0.000058
528.000000 0.000058
529.000000 0.000059
530.000000 0.000059
531.000000 0.000059
532.000000 0.000060
533.000000 0.000060
534.000000 0.000059
535.000000 0.000059
536.000000 0.000059
537.000000 0.000059
538.000000 0.000058
539.000000 0.000058
540.000000 0.000058
541.000000 0.000058
542.000000 0.000059
543.000000 0.000059
544.000000 0.000059
545.000000 0.000059
546.000000 0.000059
547.000000 0.000059
548.000000 0.000059
549.000000 0.000059
550.000000 0.000059
551.000000 0.000059
552.000000 0.000059
553.000000 0.000059
554.000000 0.000059
555.000000 0.000059
556.000000 0.000060
557.000000 0.000060
558.000000 0.000060
559.000000 0.000061
560.000000 0.000061
561.000000 0.000062
562.000000 0.000062
563.000000 0.000063
564.000000 0.000063
565.000000 0.000063
566.000000 0.000064
567.000000 0.000064
568.000000 0.000064
569.000000 0.000064
570.000000 0.000065
571.000000 0.000065
572.000000 0.000065
573.000000 0.000065
574.000000 0.000065
575.000000 0.000065
576.000000 0.000064
577.000000 0.000064
578.000000 0.000063
579.000000 0.000063
580.000000 0.000062
581.000000 0.000062
582.000000 0.000061
583.000000 0.000061
584.000000 0.000060
585.000000 0.000060
586.000000 0.000060
587.000000 0.000060
588.000000 0.000059
589.000000 0.000059
590.000000 0.000059
591.000000 0.000059
592.000000 0.000059
593.000000 0.000060
594.000000 0.000060
595.000000 0.000061
596.000000 0.000061
597.000000 0.000062
598.000000 0.000062
599.000000 0.000063
600.000000 0.000063
601.000000 0.000063
602.000000 0.000063
603.000000 0.000063
604.000000 0.000063
605.000000 0.000062
606.000000 0.000062
607.000000 0.000061
608.000000 0.000060
609.000000 0.000059
610.000000 0.000059
611.000000 0.000058
612.000000 0.000057
613.000000 0.000056
614.000000 0.000055
615.000000 0.000055
616.000000 0.000054
617.000000 0.000053
618.000000 0.000053
619.000000 0.000052
620.000000 0.000052
621.000000 0.000051
622.000000 0.000051
623.000000 0.000050
624.000000 0.000050
625.000000 0.000049
626.000000 0.000049
627.000000 0.000048
628.000000 0.000055
629.000000 0.000047
630.000000 0.000047
631.000000 0.000046
632.000000 0.000046
633.000000 0.000045
634.000000 0.000044
635.000000 0.000044
636.000000 0.000043
637.000000 0.000043
638.000000 0.000042
639.000000 0.000042
640.000000 0.000041
641.000000 0.000040
642.000000 0.000040
643.000000 0.000039
644.000000 0.000039
645.000000 0.000038
646.000000 0.000038
647.000000 0.000038
648.000000 0.000037
649.000000 0.000037
650.000000 0.000036
651.000000 0.000036
652.000000 0.000035
653.000000 0.000035
654.000000 0.000035
655.000000 0.000034
656.000000 0.000034
657.000000 0.000033
658.000000 0.000033
659.000000 0.000033
660.000000 0.000032
661.000000 0.000032
662.000000 0.000031
663.000000 0.000031
664.000000 0.000031
665.000000 0.000030
666.000000 0.000030
667.000000 0.000029
668.000000 0.000029
669.000000 0.000029
670.000000 0.000028
671.000000 0.000028
672.000000 0.000027
673.000000 0.000027
674.000000 0.000027
675.000000 0.000026
676.000000 0.000026
677.000000 0.000026
678.000000 0.000025
679.000000 0.000025
680.000000 0.000025
681.000000 0.000024
682.000000 0.000024
683.000000 0.000024
684.000000 0.000024
685.000000 0.000023
686.000000 0.000023
687.000000 0.008188
688.000000 0.000023
689.000000 0.000022
690.000000 0.000421
691.000000 0.000022
692.000000 0.000023
693.000000 0.000021
694.000000 0.000021
695.000000 0.000020
696.000000 0.000020
697.000000 0.000020
698.000000 0.000020
699.000000 0.000019
700.000000 0.000019
701.000000 0.000019
702.000000 0.000019
703.000000 0.000019
704.000000 0.000018
705.000000 0.000018
706.000000 0.000018
707.000000 0.000018
708.000000 0.000018
709.000000 0.000018
710.000000 0.000017
711.000000 0.000017
712.000000 0.000017
713.000000 0.000017
714.000000 0.000017
715.000000 0.000017
716.000000 0.000017
717.000000 0.000017
718.000000 0.000016
719.000000 0.000016
720.000000 0.000016
721.000000 0.000016
722.000000 0.000016
723.000000 0.000015
724.000000 0.000015
725.000000 0.000015
726.000000 0.000015
727.000000 0.000015
728.000000 0.000015
729.000000 0.000014
730.000000 0.000014
731.000000 0.000014
732.000000 0.000014
733.000000 0.000014
734.000000 0.000014
735.000000 0.000014
736.000000 0.000014
737.000000 0.000014
738.000000 0.000013
739.000000 0.000013
740.000000 0.000013
741.000000 0.000013
742.000000 0.000013
743.000000 0.000013
744.000000 0.000013
745.000000 0.000013
746.000000 0.000013
747.000000 0.000013
748.000000 0.000013
749.000000 0.000013
750.000000 0.000013
751.000000 0.000013
752.000000 0.000012
753.000000 0.000012
754.000000 0.000012
755.000000 0.000012
756.000000 0.000012
757.000000 0.000012
758.000000 0.000011
759.000000 0.000011
760.000000 0.000014
761.000000 0.000051
762.000000 0.000011
763.000000 0.000011
764.000000 0.000011
765.000000 0.000014
766.000000 0.000043
767.000000 0.000011
768.000000 0.000011
769.000000 0.000011
770.000000 0.000011
771.000000 0.000011
772.000000 0.000011
773.000000 0.000011
774.000000 0.000011
775.000000 0.000011
776.000000 0.000011
777.000000 0.000011
778.000000 0.000011
779.000000 0.000011
780.000000 0.000011
781.000000 0.000011
782.000000 0.000010
783.000000 0.000010
784.000000 0.000010
785.000000 0.000010
786.000000 0.000010
787.000000 0.000010
788.000000 0.000010
789.000000 0.000009
790.000000 0.000009
791.000000 0.000009
792.000000 0.000009
793.000000 0.000009
794.000000 0.000009
795.000000 0.000009
796.000000 0.000009
797.000000 0.000009
798.000000 0.000009
799.000000 0.000009
800.000000 0.000009
801.000000 0.000008
802.000000 0.000009
803.000000 0.000008
804.000000 0.000008
805.000000 0.000008
806.000000 0.000008
807.000000 0.000008
808.000000 0.000008
809.000000 0.000008
810.000000 0.000008
811.000000 0.000008
812.000000 0.000008
813.000000 0.000009
814.000000 0.000009
815.000000 0.000009
816.000000 0.000009
817.000000 0.000009
818.000000 0.000015
819.000000 0.000008
820.000000 0.000008
821.000000 0.000008
822.000000 0.000008
823.000000 0.000008
824.000000 0.000008
825.000000 0.000008
826.000000 0.000007
827.000000 0.000007
828.000000 0.000007
829.000000 0.000007
830.000000 0.000007
831.000000 0.000007
832.000000 0.000007
833.000000 0.000007
834.000000 0.000007
835.000000 0.000007
836.000000 0.000007
837.000000 0.000007
838.000000 0.000007
839.000000 0.000007
840.000000 0.000007
841.000000 0.000007
842.000000 0.000007
843.000000 0.000007
844.000000 0.000007
845.000000 0.000007
846.000000 0.000007
847.000000 0.000007
848.000000 0.000007
849.000000 0.000007
850.000000 0.000007
851.000000 0.000007
852.000000 0.000007
853.000000 0.000007
854.000000 0.000007
855.000000 0.000007
856.000000 0.000007
857.000000 0.000007
858.000000 0.000007
859.000000 0.000006
860.000000 0.000006
861.000000 0.000006
862.000000 0.000006
863.000000 0.000006
864.000000 0.000006
865.000000 0.000006
866.000000 0.000006
867.000000 0.000006
868.000000 0.000006
869.000000 0.000006
870.000000 0.000006
871.000000 0.000006
872.000000 0.000006
873.000000 0.000005
874.000000 0.000005
875.000000 0.000005
876.000000 0.000005
877.000000 0.000005
878.000000 0.000005
879.000000 0.000005
880.000000 0.000005
881.000000 0.000005
882.000000 0.000005
883.000000 0.000005
884.000000 0.000005
885.000000 0.000005
886.000000 0.000005
887.000000 0.000005
888.000000 0.000005
889.000000 0.000005
890.000000 0.000005
891.000000 0.000005
892.000000 0.000005
893.000000 0.000005
894.000000 0.000006
895.000000 0.000005
896.000000 0.000005
897.000000 0.000005
898.000000 0.000005
899.000000 0.000005
900.000000 0.000005
901.000000 0.000005
902.000000 0.000005
903.000000 0.000005
904.000000 0.000005
905.000000 0.000005
906.000000 0.000005
907.000000 0.000005
908.000000 0.000005
909.000000 0.000005
910.000000 0.000005
911.000000 0.000005
912.000000 0.000005
913.000000 0.000005
914.000000 0.000004
915.000000 0.000005
916.000000 0.000005
917.000000 0.000004
918.000000 0.000005
919.000000 0.000004
920.000000 0.000004
921.000000 0.000004
922.000000 0.000004
923.000000 0.000004
924.000000 0.000004
925.000000 0.000004
926.000000 0.000004
927.000000 0.000004
928.000000 0.000009
929.000000 0.000004
930.000000 0.000004
931.000000 0.000004
932.000000 0.000004
933.000000 0.000004
934.000000 0.000004
935.000000 0.000004
936.000000 0.000004
937.000000 0.000004
938.000000 0.000773
939.000000 0.000004
940.000000 0.000004
941.000000 0.000004
942.000000 0.000004
943.000000 0.000004
944.000000 0.000004
945.000000 0.000004
946.000000 0.000004
947.000000 0.000004
948.000000 0.000004
949.000000 0.000004
950.000000 0.000004
951.000000 0.000004
952.000000 0.000004
953.000000 0.000004
954.000000 0.000004
955.000000 0.000004
956.000000 0.000004
957.000000 0.000004
958.000000 0.000004
959.000000 0.000004
960.000000 0.000004
961.000000 0.000004
962.000000 0.000004
963.000000 0.000004
964.000000 0.000004
965.000000 0.000004
966.000000 0.000003
967.000000 0.000003
968.000000 0.000003
969.000000 0.000004
970.000000 0.000004
971.000000 0.000003
972.000000 0.000004
973.000000 0.000003
974.000000 0.000003
975.000000 0.000003
976.000000 0.000003
977.000000 0.000004
978.000000 0.000003
979.000000 0.000003
980.000000 0.000003
981.000000 0.000003
982.000000 0.000003
983.000000 0.000003
984.000000 0.000003
985.000000 0.000003
986.000000 0.000003
987.000000 0.000003
988.000000 0.000003
989.000000 0.000003
990.000000 0.000003
991.000000 0.000003
992.000000 0.000003
993.000000 0.000003
994.000000 0.000003
995.000000 0.000003
996.000000 0.000003
997.000000 0.000003
998.000000 0.000003
999.000000 0.000003
1000.000000 0.000003
The optical depth at z= 58.000000
1.000000 0.000000
2.000000 0.000000
3.000000 0.000000
4.000000 0.000000
5.000000 717.934533
6.000000 1049.517644
7.000000 4129.639669
8.000000 5520.557489
9.000000 7100.823468
10.000000 9037.621380
11.000000 11223.626586
12.000000 13682.663822
13.000000 16311.006704
14.000000 19310.883914
15.000000 22616.866562
16.000000 25847.846329
17.000000 29500.897037
18.000000 33051.006760
19.000000 37059.459788
20.000000 42038.774953
21.000000 47576.437153
22.000000 52118.238853
23.000000 56926.715936
24.000000 62451.877363
25.000000 65726.981504
26.000000 68793.745459
27.000000 70877.150932
28.000000 73460.572356
29.000000 76109.473023
30.000000 78478.591757
31.000000 80502.480249
32.000000 84908.858154
33.000000 89363.856876
34.000000 92141.722811
35.000000 100134.345158
36.000000 104905.167893
37.000000 109663.757625
38.000000 114546.609538
39.000000 120125.606953
40.000000 124939.690785
41.000000 132016.933456
42.000000 134865.969112
43.000000 139204.765390
44.000000 142217.802454
45.000000 142030.090893
46.000000 142695.462318
47.000000 143472.578807
48.000000 146558.732653
49.000000 147550.374794
50.000000 147960.138467
51.000000 150378.917897
52.000000 155937.606318
53.000000 159212.835711
54.000000 157348.670581
55.000000 155050.619413
56.000000 150848.350552
57.000000 147323.909271
58.000000 145315.174656
59.000000 145459.701123
60.000000 147209.713842
61.000000 149459.217753
62.000000 152207.948902
63.000000 152538.348308
64.000000 152964.454418
65.000000 156887.856093
66.000000 155438.615559
67.000000 157754.086119
68.000000 157456.086725
69.000000 157345.471701
70.000000 158738.811643
71.000000 160306.668065
72.000000 162057.594991
73.000000 164034.474447
74.000000 167582.558386
75.000000 171114.157927
76.000000 172913.888854
77.000000 174426.311881
78.000000 172165.064399
79.000000 165963.462519
80.000000 159818.445884
81.000000 153138.026312
82.000000 146460.165446
83.000000 147247.626967
84.000000 165467.985543
85.000000 183691.566010
86.000000 201900.798188
87.000000 220102.453848
88.000000 238316.244959
89.000000 248452.746672
90.000000 246466.843841
91.000000 244407.821295
92.000000 244861.296752
93.000000 255608.597111
94.000000 266247.834822
95.000000 276838.570714
96.000000 265588.241224
97.000000 239618.098228
98.000000 213659.074555
99.000000 187703.665724
100.000000 151061.577466
101.000000 111708.784786
102.000000 72430.501657
103.000000 33009.919881
104.000000 26681.076848
105.000000 20360.728236
106.000000 14063.129572
107.000000 7725.697007
108.000000 1396.097094
109.000000 911.395000
110.000000 348.876446
111.000000 65.665964
112.000000 1444.460423
113.000000 281.003466
114.000000 116.134713
115.000000 959.679674
116.000000 90.062291
117.000000 300.595704
118.000000 257.970223
119.000000 59.199838
120.000000 2000.528652
121.000000 2838.083406
122.000000 123.496189
123.000000 451.728967
124.000000 237.164224
125.000000 1638.284918
126.000000 479.798985
127.000000 98.770892
128.000000 316.785082
129.000000 619.281753
130.000000 682.308557
131.000000 793.273080
132.000000 1333.922904
133.000000 2316.636980
134.000000 2855.377242
135.000000 6531.813719
136.000000 10409.139891
137.000000 13062.746141
138.000000 15716.955047
139.000000 16957.709981
140.000000 16270.895401
141.000000 15806.597946
142.000000 16667.166342
143.000000 17527.856766
144.000000 17430.065748
145.000000 16995.551532
146.000000 16561.032241
147.000000 16126.479500
148.000000 15691.878660
149.000000 14471.369022
150.000000 14867.459128
151.000000 13807.264545
152.000000 12747.082722
153.000000 11686.901145
154.000000 10564.617575
155.000000 9656.331139
156.000000 8651.911949
157.000000 7884.201464
158.000000 7106.682005
159.000000 6251.355549
160.000000 5637.138849
161.000000 4947.027846
162.000000 4256.848027
163.000000 3596.073737
164.000000 2954.830012
165.000000 2590.574548
166.000000 2226.345876
167.000000 1862.076434
168.000000 1502.729721
169.000000 1223.901227
170.000000 945.055537
171.000000 876.773607
172.000000 682.127882
173.000000 526.917390
174.000000 416.195034
175.000000 305.473440
176.000000 222.860169
177.000000 157.830616
178.000000 127.642358
179.000000 109.318980
180.000000 76.450929
181.000000 4.975893
182.000000 25.330278
183.000000 1.595612
184.000000 8.863986
185.000000 2.288272
186.000000 0.709137
187.000000 0.809237
188.000000 0.107993
189.000000 0.407289
190.000000 0.052194
191.000000 0.111666
192.000000 0.107953
193.000000 0.096830
194.000000 0.031138
195.000000 0.856042
196.000000 0.109122
197.000000 0.009066
198.000000 0.012157
199.000000 0.013595
200.000000 0.035037
201.000000 0.024625
202.000000 0.012488
203.000000 0.011705
204.000000 0.012250
205.000000 0.012797
206.000000 0.012632
207.000000 0.012658
208.000000 0.012608
209.000000 0.012593
210.000000 0.012651
211.000000 0.012629
212.000000 0.012751
213.000000 0.012987
214.000000 0.013224
215.000000 0.013647
216.000000 0.013911
217.000000 0.014340
218.000000 0.014770
219.000000 0.015283
220.000000 0.015974
221.000000 0.016639
222.000000 0.017548
223.000000 0.018420
224.000000 0.019371
225.000000 0.020414
226.000000 0.021446
227.000000 0.022671
228.000000 0.023933
229.000000 0.025398
230.000000 0.026949
231.000000 0.028501
232.000000 0.029736
233.000000 0.031633
234.000000 0.032957
235.000000 0.034844
236.000000 0.036394
237.000000 0.038185
238.000000 0.039984
239.000000 0.041517
240.000000 0.043913
241.000000 0.045085
242.000000 0.046955
243.000000 0.048009
244.000000 0.049793
245.000000 0.050425
246.000000 0.052670
247.000000 0.053169
248.000000 0.054656
249.000000 0.056381
250.000000 0.057024
251.000000 0.056600
252.000000 0.058742
253.000000 0.057844
254.000000 0.058838
255.000000 0.058547
256.000000 0.058693
257.000000 0.057531
258.000000 0.056964
259.000000 0.058308
260.000000 0.054624
261.000000 0.055742
262.000000 0.053439
263.000000 0.052095
264.000000 0.050741
265.000000 0.049156
266.000000 0.048145
267.000000 0.044945
268.000000 0.044470
269.000000 0.041160
270.000000 0.040746
271.000000 0.037640
272.000000 0.036370
273.000000 0.033911
274.000000 0.031337
275.000000 0.029935
276.000000 0.027537
277.000000 0.025800
278.000000 0.023854
279.000000 0.022036
280.000000 0.020613
281.000000 0.018691
282.000000 0.016574
283.000000 0.015378
284.000000 0.014029
285.000000 0.012743
286.000000 0.011570
287.000000 0.010460
288.000000 0.009195
289.000000 0.008306
290.000000 0.007438
291.000000 0.006732
292.000000 0.005852
293.000000 0.005328
294.000000 0.004636
295.000000 0.004196
296.000000 0.003666
297.000000 0.003281
298.000000 0.002844
299.000000 0.002580
300.000000 0.002251
301.000000 0.002007
302.000000 0.001799
303.000000 0.001578
304.000000 0.001447
305.000000 0.001269
306.000000 0.001153
307.000000 0.001043
308.000000 0.000934
309.000000 0.000875
310.000000 0.000760
311.000000 0.000710
312.000000 0.000627
313.000000 0.000570
314.000000 0.000550
315.000000 0.000484
316.000000 0.000469
317.000000 0.000427
318.000000 0.000416
319.000000 0.000360
320.000000 0.000383
321.000000 0.000322
322.000000 0.000335
323.000000 0.000322
324.000000 0.000275
325.000000 0.000308
326.000000 0.000270
327.000000 0.000252
328.000000 0.000277
329.000000 0.000239
330.000000 0.000230
331.000000 0.000243
332.000000 0.000224
333.000000 0.000217
334.000000 0.000226
335.000000 0.000209
336.000000 0.000203
337.000000 0.000205
338.000000 0.000201
339.000000 0.000194
340.000000 0.000194
341.000000 0.000189
342.000000 0.000185
343.000000 0.000183
344.000000 0.000184
345.000000 0.000179
346.000000 0.000176
347.000000 0.000173
348.000000 0.000171
349.000000 0.000169
350.000000 0.000167
351.000000 0.000165
352.000000 0.000163
353.000000 0.000161
354.000000 0.000158
355.000000 0.000157
356.000000 0.000155
357.000000 0.000153
358.000000 0.000151
359.000000 0.000149
360.000000 0.000148
361.000000 0.000146
362.000000 0.000144
363.000000 0.000142
364.000000 0.000141
365.000000 0.000139
366.000000 0.000138
367.000000 0.000136
368.000000 0.000134
369.000000 0.000133
370.000000 0.000131
371.000000 0.000130
372.000000 0.000128
373.000000 0.000127
374.000000 0.000126
375.000000 0.000124
376.000000 0.000123
377.000000 0.000121
378.000000 0.000120
379.000000 0.000119
380.000000 0.000118
381.000000 0.000116
382.000000 0.000115
383.000000 0.000114
384.000000 0.000113
385.000000 0.000111
386.000000 0.000110
387.000000 0.000109
388.000000 0.000108
389.000000 0.000107
390.000000 0.000106
391.000000 0.000104
392.000000 0.000103
393.000000 0.000102
394.000000 0.000101
395.000000 0.000100
396.000000 0.000099
397.000000 0.000098
398.000000 0.000097
399.000000 0.000096
400.000000 0.000095
401.000000 0.000094
402.000000 0.000093
403.000000 0.000092
404.000000 0.000091
405.000000 0.000090
406.000000 0.000089
407.000000 0.000088
408.000000 0.000088
409.000000 0.000087
410.000000 0.000086
411.000000 0.000085
412.000000 0.000084
413.000000 0.000083
414.000000 0.000082
415.000000 0.000082
416.000000 0.000081
417.000000 0.000080
418.000000 0.000079
419.000000 0.000079
420.000000 0.000078
421.000000 0.000077
422.000000 0.000076
423.000000 0.000076
424.000000 0.000075
425.000000 0.000074
426.000000 0.000074
427.000000 0.000073
428.000000 0.000072
429.000000 0.000071
430.000000 0.000071
431.000000 0.000070
432.000000 0.000069
433.000000 0.000069
434.000000 0.000068
435.000000 0.000068
436.000000 0.000067
437.000000 0.000066
438.000000 0.000066
439.000000 0.000065
440.000000 0.000065
441.000000 0.000064
442.000000 0.000064
443.000000 0.000063
444.000000 0.000063
445.000000 0.000062
446.000000 0.000061
447.000000 0.000061
448.000000 0.000060
449.000000 0.000060
450.000000 0.000059
451.000000 0.000059
452.000000 0.000058
453.000000 0.000058
454.000000 0.000057
455.000000 0.000057
456.000000 0.000056
457.000000 0.000056
458.000000 0.000056
459.000000 0.000056
460.000000 0.000055
461.000000 0.000055
462.000000 0.000055
463.000000 0.000054
464.000000 0.000053
465.000000 0.000053
466.000000 0.000052
467.000000 0.000052
468.000000 0.000052
469.000000 0.000051
470.000000 0.000051
471.000000 0.000051
472.000000 0.000050
473.000000 0.000050
474.000000 0.000049
475.000000 0.000049
476.000000 0.000049
477.000000 0.000049
478.000000 0.000049
479.000000 0.000049
480.000000 0.000049
481.000000 0.000049
482.000000 0.000048
483.000000 0.000048
484.000000 0.000048
485.000000 0.000047
486.000000 0.000047
487.000000 0.000046
488.000000 0.000046
489.000000 0.000046
490.000000 0.000045
491.000000 0.000045
492.000000 0.000045
493.000000 0.000045
494.000000 0.000044
495.000000 0.000044
496.000000 0.000044
497.000000 0.000044
498.000000 0.000044
499.000000 0.000044
500.000000 0.000044
501.000000 0.000044
502.000000 0.000044
503.000000 0.000045
504.000000 0.000045
505.000000 0.000045
506.000000 0.000045
507.000000 0.000044
508.000000 0.000044
509.000000 0.000043
510.000000 0.000043
511.000000 0.000043
512.000000 0.000042
513.000000 0.000042
514.000000 0.000042
515.000000 0.000042
516.000000 0.000042
517.000000 0.000042
518.000000 0.000042
519.000000 0.000042
520.000000 0.000042
521.000000 0.000042
522.000000 0.000042
523.000000 0.000042
524.000000 0.000042
525.000000 0.000042
526.000000 0.000042
527.000000 0.000043
528.000000 0.000043
529.000000 0.000043
530.000000 0.000044
531.000000 0.000044
532.000000 0.000044
533.000000 0.000044
534.000000 0.000044
535.000000 0.000043
536.000000 0.000043
537.000000 0.000043
538.000000 0.000043
539.000000 0.000043
540.000000 0.000043
541.000000 0.000043
542.000000 0.000043
543.000000 0.000043
544.000000 0.000043
545.000000 0.000043
546.000000 0.000043
547.000000 0.000043
548.000000 0.000043
549.000000 0.000043
550.000000 0.000043
551.000000 0.000043
552.000000 0.000043
553.000000 0.000043
554.000000 0.000043
555.000000 0.000043
556.000000 0.000043
557.000000 0.000043
558.000000 0.000044
559.000000 0.000044
560.000000 0.000044
561.000000 0.000045
562.000000 0.000045
563.000000 0.000045
564.000000 0.000045
565.000000 0.000046
566.000000 0.000046
567.000000 0.000046
568.000000 0.000046
569.000000 0.000046
570.000000 0.000046
571.000000 0.000046
572.000000 0.000046
573.000000 0.000046
574.000000 0.000046
575.000000 0.000046
576.000000 0.000046
577.000000 0.000046
578.000000 0.000045
579.000000 0.000045
580.000000 0.000045
581.000000 0.000044
582.000000 0.000044
583.000000 0.000043
584.000000 0.000043
585.000000 0.000043
586.000000 0.000043
587.000000 0.000043
588.000000 0.000042
589.000000 0.000042
590.000000 0.000042
591.000000 0.000042
592.000000 0.000042
593.000000 0.000043
594.000000 0.000043
595.000000 0.000043
596.000000 0.000043
597.000000 0.000044
598.000000 0.000044
599.000000 0.000045
600.000000 0.000045
601.000000 0.000045
602.000000 0.000045
603.000000 0.000045
604.000000 0.000044
605.000000 0.000044
606.000000 0.000044
607.000000 0.000043
608.000000 0.000043
609.000000 0.000042
610.000000 0.000042
611.000000 0.000041
612.000000 0.000040
613.000000 0.000040
614.000000 0.000039
615.000000 0.000039
616.000000 0.000038
617.000000 0.000038
618.000000 0.000037
619.000000 0.000037
620.000000 0.000037
621.000000 0.000036
622.000000 0.000036
623.000000 0.000036
624.000000 0.000035
625.000000 0.000035
626.000000 0.000035
627.000000 0.000034
628.000000 0.000039
629.000000 0.000034
630.000000 0.000033
631.000000 0.000033
632.000000 0.000032
633.000000 0.000032
634.000000 0.000032
635.000000 0.000031
636.000000 0.000031
637.000000 0.000031
638.000000 0.000030
639.000000 0.000030
640.000000 0.000029
641.000000 0.000029
642.000000 0.000029
643.000000 0.000028
644.000000 0.000028
645.000000 0.000028
646.000000 0.000027
647.000000 0.000027
648.000000 0.000027
649.000000 0.000026
650.000000 0.000026
651.000000 0.000026
652.000000 0.000025
653.000000 0.000025
654.000000 0.000025
655.000000 0.000025
656.000000 0.000024
657.000000 0.000024
658.000000 0.000024
659.000000 0.000023
660.000000 0.000023
661.000000 0.000023
662.000000 0.000023
663.000000 0.000022
664.000000 0.000022
665.000000 0.000022
666.000000 0.000022
667.000000 0.000021
668.000000 0.000021
669.000000 0.000021
670.000000 0.000020
671.000000 0.000020
672.000000 0.000020
673.000000 0.000020
674.000000 0.000019
675.000000 0.000019
676.000000 0.000019
677.000000 0.000019
678.000000 0.000018
679.000000 0.000018
680.000000 0.000018
681.000000 0.000018
682.000000 0.000018
683.000000 0.000017
684.000000 0.000017
685.000000 0.000017
686.000000 0.000017
687.000000 0.006280
688.000000 0.000016
689.000000 0.000016
690.000000 0.000306
691.000000 0.000016
692.000000 0.000016
693.000000 0.000015
694.000000 0.000015
695.000000 0.000015
696.000000 0.000015
697.000000 0.000015
698.000000 0.000014
699.000000 0.000014
700.000000 0.000014
701.000000 0.000014
702.000000 0.000014
703.000000 0.000014
704.000000 0.000013
705.000000 0.000013
706.000000 0.000013
707.000000 0.000013
708.000000 0.000013
709.000000 0.000013
710.000000 0.000013
711.000000 0.000013
712.000000 0.000013
713.000000 0.000013
714.000000 0.000013
715.000000 0.000012
716.000000 0.000012
717.000000 0.000012
718.000000 0.000012
719.000000 0.000012
720.000000 0.000012
721.000000 0.000012
722.000000 0.000012
723.000000 0.000011
724.000000 0.000011
725.000000 0.000011
726.000000 0.000011
727.000000 0.000011
728.000000 0.000011
729.000000 0.000011
730.000000 0.000011
731.000000 0.000010
732.000000 0.000010
733.000000 0.000010
734.000000 0.000010
735.000000 0.000010
736.000000 0.000010
737.000000 0.000010
738.000000 0.000010
739.000000 0.000010
740.000000 0.000010
741.000000 0.000010
742.000000 0.000010
743.000000 0.000010
744.000000 0.000010
745.000000 0.000010
746.000000 0.000010
747.000000 0.000010
748.000000 0.000010
749.000000 0.000010
750.000000 0.000010
751.000000 0.000009
752.000000 0.000009
753.000000 0.000009
754.000000 0.000009
755.000000 0.000009
756.000000 0.000009
757.000000 0.000009
758.000000 0.000009
759.000000 0.000008
760.000000 0.000010
761.000000 0.000038
762.000000 0.000008
763.000000 0.000008
764.000000 0.000008
765.000000 0.000011
766.000000 0.000031
767.000000 0.000008
768.000000 0.000008
769.000000 0.000008
770.000000 0.000008
771.000000 0.000008
772.000000 0.000008
773.000000 0.000008
774.000000 0.000008
775.000000 0.000008
776.000000 0.000008
777.000000 0.000008
778.000000 0.000008
779.000000 0.000008
780.000000 0.000008
781.000000 0.000008
782.000000 0.000008
783.000000 0.000008
784.000000 0.000008
785.000000 0.000007
786.000000 0.000007
787.000000 0.000007
788.000000 0.000007
789.000000 0.000007
790.000000 0.000007
791.000000 0.000007
792.000000 0.000007
793.000000 0.000007
794.000000 0.000007
795.000000 0.000007
796.000000 0.000007
797.000000 0.000007
798.000000 0.000007
799.000000 0.000006
800.000000 0.000006
801.000000 0.000006
802.000000 0.000007
803.000000 0.000006
804.000000 0.000006
805.000000 0.000006
806.000000 0.000006
807.000000 0.000006
808.000000 0.000006
809.000000 0.000006
810.000000 0.000006
811.000000 0.000006
812.000000 0.000006
813.000000 0.000006
814.000000 0.000006
815.000000 0.000006
816.000000 0.000006
817.000000 0.000006
818.000000 0.000011
819.000000 0.000006
820.000000 0.000006
821.000000 0.000006
822.000000 0.000006
823.000000 0.000006
824.000000 0.000006
825.000000 0.000006
826.000000 0.000006
827.000000 0.000006
828.000000 0.000005
829.000000 0.000005
830.000000 0.000005
831.000000 0.000005
832.000000 0.000005
833.000000 0.000005
834.000000 0.000005
835.000000 0.000005
836.000000 0.000005
837.000000 0.000005
838.000000 0.000005
839.000000 0.000005
840.000000 0.000005
841.000000 0.000005
842.000000 0.000005
843.000000 0.000005
844.000000 0.000005
845.000000 0.000005
846.000000 0.000005
847.000000 0.000005
848.000000 0.000005
849.000000 0.000005
850.000000 0.000005
851.000000 0.000005
852.000000 0.000005
853.000000 0.000005
854.000000 0.000005
855.000000 0.000005
856.000000 0.000005
857.000000 0.000005
858.000000 0.000005
859.000000 0.000005
860.000000 0.000005
861.000000 0.000005
862.000000 0.000005
863.000000 0.000005
864.000000 0.000005
865.000000 0.000004
866.000000 0.000004
867.000000 0.000004
868.000000 0.000004
869.000000 0.000004
870.000000 0.000004
871.000000 0.000004
872.000000 0.000004
873.000000 0.000004
874.000000 0.000004
875.000000 0.000004
876.000000 0.000004
877.000000 0.000004
878.000000 0.000004
879.000000 0.000004
880.000000 0.000004
881.000000 0.000004
882.000000 0.000004
883.000000 0.000004
884.000000 0.000004
885.000000 0.000004
886.000000 0.000004
887.000000 0.000004
888.000000 0.000004
889.000000 0.000004
890.000000 0.000004
891.000000 0.000004
892.000000 0.000004
893.000000 0.000004
894.000000 0.000004
895.000000 0.000004
896.000000 0.000004
897.000000 0.000004
898.000000 0.000004
899.000000 0.000004
900.000000 0.000004
901.000000 0.000004
902.000000 0.000004
903.000000 0.000004
904.000000 0.000004
905.000000 0.000004
906.000000 0.000004
907.000000 0.000004
908.000000 0.000004
909.000000 0.000004
910.000000 0.000004
911.000000 0.000004
912.000000 0.000003
913.000000 0.000003
914.000000 0.000003
915.000000 0.000003
916.000000 0.000004
917.000000 0.000003
918.000000 0.000004
919.000000 0.000003
920.000000 0.000003
921.000000 0.000003
922.000000 0.000003
923.000000 0.000003
924.000000 0.000003
925.000000 0.000003
926.000000 0.000003
927.000000 0.000003
928.000000 0.000006
929.000000 0.000003
930.000000 0.000003
931.000000 0.000003
932.000000 0.000003
933.000000 0.000003
934.000000 0.000003
935.000000 0.000003
936.000000 0.000003
937.000000 0.000003
938.000000 0.000603
939.000000 0.000003
940.000000 0.000003
941.000000 0.000003
942.000000 0.000003
943.000000 0.000003
944.000000 0.000003
945.000000 0.000003
946.000000 0.000003
947.000000 0.000003
948.000000 0.000003
949.000000 0.000003
950.000000 0.000003
951.000000 0.000003
952.000000 0.000003
953.000000 0.000003
954.000000 0.000003
955.000000 0.000003
956.000000 0.000003
957.000000 0.000003
958.000000 0.000003
959.000000 0.000003
960.000000 0.000003
961.000000 0.000003
962.000000 0.000003
963.000000 0.000003
964.000000 0.000003
965.000000 0.000003
966.000000 0.000003
967.000000 0.000003
968.000000 0.000003
969.000000 0.000003
970.000000 0.000003
971.000000 0.000003
972.000000 0.000003
973.000000 0.000003
974.000000 0.000003
975.000000 0.000003
976.000000 0.000003
977.000000 0.000003
978.000000 0.000003
979.000000 0.000003
980.000000 0.000003
981.000000 0.000002
982.000000 0.000002
983.000000 0.000002
984.000000 0.000002
985.000000 0.000002
986.000000 0.000003
987.000000 0.000002
988.000000 0.000002
989.000000 0.000002
990.000000 0.000002
991.000000 0.000003
992.000000 0.000003
993.000000 0.000003
994.000000 0.000002
995.000000 0.000002
996.000000 0.000002
997.000000 0.000002
998.000000 0.000002
999.000000 0.000002
1000.000000 0.000002
The optical depth at z= 60.000000
1.000000 0.000000
2.000000 0.000000
3.000000 0.000000
4.000000 0.000000
5.000000 548.464618
6.000000 801.776857
7.000000 3154.830206
8.000000 4217.419306
9.000000 5424.660282
10.000000 6904.273280
11.000000 8574.267683
12.000000 10452.844425
13.000000 12460.761865
14.000000 14752.512202
15.000000 17278.111130
16.000000 19746.411884
17.000000 22537.152823
18.000000 25249.252328
19.000000 28311.502172
20.000000 32115.440296
21.000000 36345.926541
22.000000 39815.627040
23.000000 43489.053717
24.000000 47709.990062
25.000000 50211.999629
26.000000 52554.847630
27.000000 54146.461167
28.000000 56120.060972
29.000000 58143.683339
30.000000 59953.567733
31.000000 61499.712768
32.000000 64865.956173
33.000000 68269.343673
34.000000 70391.489297
35.000000 76497.436676
36.000000 80142.097247
37.000000 83777.412139
38.000000 87507.656813
39.000000 91769.721309
40.000000 95447.431482
41.000000 100854.076618
42.000000 103030.592305
43.000000 106345.206850
44.000000 108647.011102
45.000000 108503.609681
46.000000 109011.919429
47.000000 109605.596327
48.000000 111963.257104
49.000000 112720.819501
50.000000 113033.857667
51.000000 114881.679193
52.000000 119128.227638
53.000000 121630.331869
54.000000 120206.206923
55.000000 118450.615377
56.000000 115240.301070
57.000000 112547.811452
58.000000 111013.242680
59.000000 111123.653417
60.000000 112460.571963
61.000000 114179.075546
62.000000 116278.962433
63.000000 116531.371000
64.000000 116856.894313
65.000000 119854.169126
66.000000 118747.025166
67.000000 120515.924470
68.000000 120288.270436
69.000000 120203.768196
70.000000 121268.207996
71.000000 122465.969130
72.000000 123803.586389
73.000000 125313.819502
74.000000 128024.370054
75.000000 130722.327385
76.000000 132097.228439
77.000000 133252.641356
78.000000 131525.166812
79.000000 126787.466636
80.000000 122092.994229
81.000000 116989.502905
82.000000 111887.966348
83.000000 112489.549512
84.000000 126408.960221
85.000000 140330.825668
86.000000 154241.731874
87.000000 168146.851152
88.000000 182061.244304
89.000000 189805.007097
90.000000 188287.881210
91.000000 186714.895671
92.000000 187061.326962
93.000000 195271.701330
94.000000 203399.521510
95.000000 211490.288800
96.000000 202895.618591
97.000000 183055.776849
98.000000 163224.429649
99.000000 143395.844032
100.000000 115403.196111
101.000000 85339.712200
102.000000 55333.149677
103.000000 25217.878405
104.000000 20382.972182
105.000000 15554.555183
106.000000 10743.517942
107.000000 5902.045756
108.000000 1066.523064
109.000000 695.092552
110.000000 266.527747
111.000000 50.289968
112.000000 1103.935090
113.000000 215.256814
114.000000 88.756060
115.000000 733.009160
116.000000 68.784400
117.000000 229.630091
118.000000 197.066678
119.000000 45.216936
120.000000 1528.289471
121.000000 2168.135296
122.000000 94.323836
123.000000 345.086897
124.000000 181.168449
125.000000 1251.558548
126.000000 366.535960
127.000000 75.449955
128.000000 242.002856
129.000000 473.096279
130.000000 521.240037
131.000000 606.008955
132.000000 1019.035925
133.000000 1769.779469
134.000000 2181.352784
135.000000 4989.960596
136.000000 7952.044605
137.000000 9979.263952
138.000000 12006.946146
139.000000 12954.818224
140.000000 12430.127887
141.000000 12075.430523
142.000000 12732.860518
143.000000 13390.382263
144.000000 13315.674574
145.000000 12983.728673
146.000000 12651.778782
147.000000 12319.801526
148.000000 11987.787934
149.000000 11055.381099
150.000000 11357.970927
151.000000 10548.036359
152.000000 9738.111535
153.000000 8928.186948
154.000000 8070.819709
155.000000 7376.935355
156.000000 6609.609914
157.000000 6023.119037
158.000000 5429.134283
159.000000 4775.708745
160.000000 4306.477853
161.000000 3779.269238
162.000000 3252.007168
163.000000 2747.209282
164.000000 2257.332485
165.000000 1979.059639
166.000000 1700.807714
167.000000 1422.525305
168.000000 1148.002914
169.000000 934.992776
170.000000 721.969509
171.000000 669.805493
172.000000 521.106947
173.000000 402.534247
174.000000 317.948516
175.000000 233.363260
176.000000 170.251280
177.000000 120.572297
178.000000 97.510417
179.000000 85.185485
180.000000 56.542359
181.000000 3.684993
182.000000 18.795728
183.000000 1.202965
184.000000 6.547510
185.000000 1.730258
186.000000 0.528155
187.000000 0.599906
188.000000 0.082095
189.000000 0.301423
190.000000 0.039540
191.000000 0.082371
192.000000 0.080691
193.000000 0.071833
194.000000 0.022928
195.000000 0.645983
196.000000 0.080521
197.000000 0.006644
198.000000 0.009141
199.000000 0.010245
200.000000 0.026628
201.000000 0.018676
202.000000 0.009401
203.000000 0.008801
204.000000 0.009210
205.000000 0.009619
206.000000 0.009480
207.000000 0.009486
208.000000 0.009428
209.000000 0.009395
210.000000 0.009413
211.000000 0.009366
212.000000 0.009425
213.000000 0.009565
214.000000 0.009705
215.000000 0.009975
216.000000 0.010125
217.000000 0.010390
218.000000 0.010651
219.000000 0.010971
220.000000 0.011417
221.000000 0.011845
222.000000 0.012440
223.000000 0.013007
224.000000 0.013625
225.000000 0.014307
226.000000 0.014979
227.000000 0.015782
228.000000 0.016613
229.000000 0.017588
230.000000 0.018618
231.000000 0.019677
232.000000 0.020471
233.000000 0.021743
234.000000 0.022611
235.000000 0.023870
236.000000 0.024902
237.000000 0.026103
238.000000 0.027310
239.000000 0.028329
240.000000 0.029946
241.000000 0.030724
242.000000 0.031985
243.000000 0.032654
244.000000 0.033833
245.000000 0.034251
246.000000 0.035770
247.000000 0.036103
248.000000 0.037111
249.000000 0.038282
250.000000 0.038715
251.000000 0.038423
252.000000 0.039878
253.000000 0.039265
254.000000 0.039940
255.000000 0.039742
256.000000 0.039836
257.000000 0.039049
258.000000 0.038665
259.000000 0.039575
260.000000 0.037071
261.000000 0.037833
262.000000 0.036270
263.000000 0.035352
264.000000 0.034441
265.000000 0.033358
266.000000 0.032676
267.000000 0.030501
268.000000 0.030183
269.000000 0.027936
270.000000 0.027661
271.000000 0.025551
272.000000 0.024692
273.000000 0.023021
274.000000 0.021272
275.000000 0.020322
276.000000 0.018693
277.000000 0.017516
278.000000 0.016192
279.000000 0.014961
280.000000 0.014001
281.000000 0.012700
282.000000 0.011262
283.000000 0.010448
284.000000 0.009529
285.000000 0.008658
286.000000 0.007864
287.000000 0.007113
288.000000 0.006256
289.000000 0.005654
290.000000 0.005067
291.000000 0.004588
292.000000 0.003989
293.000000 0.003635
294.000000 0.003166
295.000000 0.002867
296.000000 0.002508
297.000000 0.002247
298.000000 0.001950
299.000000 0.001772
300.000000 0.001548
301.000000 0.001383
302.000000 0.001242
303.000000 0.001092
304.000000 0.001003
305.000000 0.000882
306.000000 0.000804
307.000000 0.000729
308.000000 0.000655
309.000000 0.000615
310.000000 0.000536
311.000000 0.000502
312.000000 0.000444
313.000000 0.000406
314.000000 0.000392
315.000000 0.000348
316.000000 0.000338
317.000000 0.000308
318.000000 0.000302
319.000000 0.000263
320.000000 0.000279
321.000000 0.000237
322.000000 0.000246
323.000000 0.000237
324.000000 0.000205
325.000000 0.000228
326.000000 0.000201
327.000000 0.000189
328.000000 0.000206
329.000000 0.000180
330.000000 0.000174
331.000000 0.000182
332.000000 0.000169
333.000000 0.000164
334.000000 0.000170
335.000000 0.000158
336.000000 0.000154
337.000000 0.000156
338.000000 0.000153
339.000000 0.000147
340.000000 0.000147
341.000000 0.000144
342.000000 0.000141
343.000000 0.000139
344.000000 0.000140
345.000000 0.000136
346.000000 0.000134
347.000000 0.000132
348.000000 0.000131
349.000000 0.000129
350.000000 0.000127
351.000000 0.000126
352.000000 0.000124
353.000000 0.000123
354.000000 0.000121
355.000000 0.000120
356.000000 0.000118
357.000000 0.000117
358.000000 0.000115
359.000000 0.000114
360.000000 0.000113
361.000000 0.000111
362.000000 0.000110
363.000000 0.000109
364.000000 0.000107
365.000000 0.000106
366.000000 0.000105
367.000000 0.000104
368.000000 0.000103
369.000000 0.000101
370.000000 0.000100
371.000000 0.000099
372.000000 0.000098
373.000000 0.000097
374.000000 0.000096
375.000000 0.000095
376.000000 0.000094
377.000000 0.000093
378.000000 0.000092
379.000000 0.000091
380.000000 0.000090
381.000000 0.000089
382.000000 0.000088
383.000000 0.000087
384.000000 0.000086
385.000000 0.000085
386.000000 0.000084
387.000000 0.000083
388.000000 0.000082
389.000000 0.000081
390.000000 0.000081
391.000000 0.000080
392.000000 0.000079
393.000000 0.000078
394.000000 0.000077
395.000000 0.000076
396.000000 0.000076
397.000000 0.000075
398.000000 0.000074
399.000000 0.000073
400.000000 0.000073
401.000000 0.000072
402.000000 0.000071
403.000000 0.000070
404.000000 0.000070
405.000000 0.000069
406.000000 0.000068
407.000000 0.000068
408.000000 0.000067
409.000000 0.000066
410.000000 0.000066
411.000000 0.000065
412.000000 0.000064
413.000000 0.000064
414.000000 0.000063
415.000000 0.000062
416.000000 0.000062
417.000000 0.000061
418.000000 0.000061
419.000000 0.000060
420.000000 0.000059
421.000000 0.000059
422.000000 0.000058
423.000000 0.000058
424.000000 0.000057
425.000000 0.000057
426.000000 0.000056
427.000000 0.000056
428.000000 0.000055
429.000000 0.000054
430.000000 0.000054
431.000000 0.000053
432.000000 0.000053
433.000000 0.000053
434.000000 0.000052
435.000000 0.000052
436.000000 0.000051
437.000000 0.000051
438.000000 0.000050
439.000000 0.000050
440.000000 0.000049
441.000000 0.000049
442.000000 0.000049
443.000000 0.000048
444.000000 0.000048
445.000000 0.000047
446.000000 0.000047
447.000000 0.000046
448.000000 0.000046
449.000000 0.000046
450.000000 0.000045
451.000000 0.000045
452.000000 0.000044
453.000000 0.000044
454.000000 0.000044
455.000000 0.000043
456.000000 0.000043
457.000000 0.000043
458.000000 0.000043
459.000000 0.000042
460.000000 0.000042
461.000000 0.000042
462.000000 0.000041
463.000000 0.000041
464.000000 0.000041
465.000000 0.000040
466.000000 0.000040
467.000000 0.000039
468.000000 0.000039
469.000000 0.000039
470.000000 0.000039
471.000000 0.000038
472.000000 0.000038
473.000000 0.000038
474.000000 0.000038
475.000000 0.000037
476.000000 0.000037
477.000000 0.000037
478.000000 0.000037
479.000000 0.000037
480.000000 0.000037
481.000000 0.000037
482.000000 0.000037
483.000000 0.000036
484.000000 0.000036
485.000000 0.000036
486.000000 0.000035
487.000000 0.000035
488.000000 0.000035
489.000000 0.000034
490.000000 0.000034
491.000000 0.000034
492.000000 0.000034
493.000000 0.000034
494.000000 0.000033
495.000000 0.000033
496.000000 0.000033
497.000000 0.000033
498.000000 0.000033
499.000000 0.000033
500.000000 0.000033
501.000000 0.000033
502.000000 0.000033
503.000000 0.000033
504.000000 0.000033
505.000000 0.000033
506.000000 0.000033
507.000000 0.000033
508.000000 0.000033
509.000000 0.000032
510.000000 0.000032
511.000000 0.000032
512.000000 0.000032
513.000000 0.000032
514.000000 0.000031
515.000000 0.000031
516.000000 0.000031
517.000000 0.000031
518.000000 0.000031
519.000000 0.000031
520.000000 0.000031
521.000000 0.000031
522.000000 0.000031
523.000000 0.000031
524.000000 0.000031
525.000000 0.000031
526.000000 0.000031
527.000000 0.000032
528.000000 0.000032
529.000000 0.000032
530.000000 0.000032
531.000000 0.000032
532.000000 0.000032
533.000000 0.000032
534.000000 0.000032
535.000000 0.000032
536.000000 0.000032
537.000000 0.000031
538.000000 0.000031
539.000000 0.000031
540.000000 0.000031
541.000000 0.000031
542.000000 0.000031
543.000000 0.000031
544.000000 0.000031
545.000000 0.000031
546.000000 0.000031
547.000000 0.000031
548.000000 0.000031
549.000000 0.000031
550.000000 0.000031
551.000000 0.000031
552.000000 0.000031
553.000000 0.000031
554.000000 0.000031
555.000000 0.000031
556.000000 0.000031
557.000000 0.000031
558.000000 0.000032
559.000000 0.000032
560.000000 0.000032
561.000000 0.000032
562.000000 0.000032
563.000000 0.000033
564.000000 0.000033
565.000000 0.000033
566.000000 0.000033
567.000000 0.000033
568.000000 0.000033
569.000000 0.000033
570.000000 0.000033
571.000000 0.000033
572.000000 0.000033
573.000000 0.000033
574.000000 0.000033
575.000000 0.000033
576.000000 0.000033
577.000000 0.000033
578.000000 0.000033
579.000000 0.000032
580.000000 0.000032
581.000000 0.000032
582.000000 0.000031
583.000000 0.000031
584.000000 0.000031
585.000000 0.000031
586.000000 0.000031
587.000000 0.000031
588.000000 0.000030
589.000000 0.000030
590.000000 0.000030
591.000000 0.000030
592.000000 0.000030
593.000000 0.000030
594.000000 0.000031
595.000000 0.000031
596.000000 0.000031
597.000000 0.000031
598.000000 0.000032
599.000000 0.000032
600.000000 0.000032
601.000000 0.000032
602.000000 0.000032
603.000000 0.000032
604.000000 0.000032
605.000000 0.000031
606.000000 0.000031
607.000000 0.000031
608.000000 0.000030
609.000000 0.000030
610.000000 0.000030
611.000000 0.000029
612.000000 0.000029
613.000000 0.000028
614.000000 0.000028
615.000000 0.000028
616.000000 0.000027
617.000000 0.000027
618.000000 0.000027
619.000000 0.000026
620.000000 0.000026
621.000000 0.000026
622.000000 0.000026
623.000000 0.000026
624.000000 0.000025
625.000000 0.000025
626.000000 0.000025
627.000000 0.000025
628.000000 0.000028
629.000000 0.000024
630.000000 0.000024
631.000000 0.000023
632.000000 0.000023
633.000000 0.000023
634.000000 0.000023
635.000000 0.000022
636.000000 0.000022
637.000000 0.000022
638.000000 0.000022
639.000000 0.000021
640.000000 0.000021
641.000000 0.000021
642.000000 0.000021
643.000000 0.000020
644.000000 0.000020
645.000000 0.000020
646.000000 0.000020
647.000000 0.000019
648.000000 0.000019
649.000000 0.000019
650.000000 0.000019
651.000000 0.000019
652.000000 0.000018
653.000000 0.000018
654.000000 0.000018
655.000000 0.000018
656.000000 0.000018
657.000000 0.000017
658.000000 0.000017
659.000000 0.000017
660.000000 0.000017
661.000000 0.000017
662.000000 0.000016
663.000000 0.000016
664.000000 0.000016
665.000000 0.000016
666.000000 0.000016
667.000000 0.000015
668.000000 0.000015
669.000000 0.000015
670.000000 0.000015
671.000000 0.000015
672.000000 0.000014
673.000000 0.000014
674.000000 0.000014
675.000000 0.000014
676.000000 0.000014
677.000000 0.000014
678.000000 0.000013
679.000000 0.000013
680.000000 0.000013
681.000000 0.000013
682.000000 0.000013
683.000000 0.000013
684.000000 0.000013
685.000000 0.000012
686.000000 0.000012
687.000000 0.004785
688.000000 0.000012
689.000000 0.000012
690.000000 0.000220
691.000000 0.000012
692.000000 0.000012
693.000000 0.000011
694.000000 0.000011
695.000000 0.000011
696.000000 0.000011
697.000000 0.000011
698.000000 0.000011
699.000000 0.000010
700.000000 0.000010
701.000000 0.000010
702.000000 0.000010
703.000000 0.000010
704.000000 0.000010
705.000000 0.000010
706.000000 0.000010
707.000000 0.000010
708.000000 0.000010
709.000000 0.000010
710.000000 0.000009
711.000000 0.000009
712.000000 0.000009
713.000000 0.000009
714.000000 0.000009
715.000000 0.000009
716.000000 0.000009
717.000000 0.000009
718.000000 0.000009
719.000000 0.000009
720.000000 0.000009
721.000000 0.000009
722.000000 0.000009
723.000000 0.000008
724.000000 0.000008
725.000000 0.000008
726.000000 0.000008
727.000000 0.000008
728.000000 0.000008
729.000000 0.000008
730.000000 0.000008
731.000000 0.000008
732.000000 0.000008
733.000000 0.000008
734.000000 0.000008
735.000000 0.000008
736.000000 0.000008
737.000000 0.000007
738.000000 0.000007
739.000000 0.000007
740.000000 0.000007
741.000000 0.000007
742.000000 0.000007
743.000000 0.000007
744.000000 0.000007
745.000000 0.000007
746.000000 0.000007
747.000000 0.000007
748.000000 0.000007
749.000000 0.000007
750.000000 0.000007
751.000000 0.000007
752.000000 0.000007
753.000000 0.000007
754.000000 0.000007
755.000000 0.000007
756.000000 0.000007
757.000000 0.000006
758.000000 0.000006
759.000000 0.000006
760.000000 0.000008
761.000000 0.000029
762.000000 0.000006
763.000000 0.000006
764.000000 0.000006
765.000000 0.000008
766.000000 0.000023
767.000000 0.000006
768.000000 0.000006
769.000000 0.000006
770.000000 0.000006
771.000000 0.000006
772.000000 0.000006
773.000000 0.000006
774.000000 0.000006
775.000000 0.000006
776.000000 0.000006
777.000000 0.000006
778.000000 0.000006
779.000000 0.000006
780.000000 0.000006
781.000000 0.000006
782.000000 0.000006
783.000000 0.000006
784.000000 0.000006
785.000000 0.000006
786.000000 0.000005
787.000000 0.000005
788.000000 0.000005
789.000000 0.000005
790.000000 0.000005
791.000000 0.000005
792.000000 0.000005
793.000000 0.000005
794.000000 0.000005
795.000000 0.000005
796.000000 0.000005
797.000000 0.000005
798.000000 0.000005
799.000000 0.000005
800.000000 0.000005
801.000000 0.000005
802.000000 0.000005
803.000000 0.000005
804.000000 0.000005
805.000000 0.000005
806.000000 0.000005
807.000000 0.000005
808.000000 0.000005
809.000000 0.000005
810.000000 0.000005
811.000000 0.000005
812.000000 0.000005
813.000000 0.000005
814.000000 0.000005
815.000000 0.000005
816.000000 0.000005
817.000000 0.000005
818.000000 0.000008
819.000000 0.000005
820.000000 0.000005
821.000000 0.000005
822.000000 0.000005
823.000000 0.000004
824.000000 0.000004
825.000000 0.000004
826.000000 0.000004
827.000000 0.000004
828.000000 0.000004
829.000000 0.000004
830.000000 0.000004
831.000000 0.000004
832.000000 0.000004
833.000000 0.000004
834.000000 0.000004
835.000000 0.000004
836.000000 0.000004
837.000000 0.000004
838.000000 0.000004
839.000000 0.000004
840.000000 0.000004
841.000000 0.000004
842.000000 0.000004
843.000000 0.000004
844.000000 0.000004
845.000000 0.000004
846.000000 0.000004
847.000000 0.000004
848.000000 0.000004
849.000000 0.000004
850.000000 0.000004
851.000000 0.000004
852.000000 0.000004
853.000000 0.000004
854.000000 0.000004
855.000000 0.000004
856.000000 0.000004
857.000000 0.000004
858.000000 0.000004
859.000000 0.000004
860.000000 0.000004
861.000000 0.000004
862.000000 0.000004
863.000000 0.000003
864.000000 0.000003
865.000000 0.000003
866.000000 0.000003
867.000000 0.000003
868.000000 0.000003
869.000000 0.000003
870.000000 0.000003
871.000000 0.000003
872.000000 0.000003
873.000000 0.000003
874.000000 0.000003
875.000000 0.000003
876.000000 0.000003
877.000000 0.000003
878.000000 0.000003
879.000000 0.000003
880.000000 0.000003
881.000000 0.000003
882.000000 0.000003
883.000000 0.000003
884.000000 0.000003
885.000000 0.000003
886.000000 0.000003
887.000000 0.000003
888.000000 0.000003
889.000000 0.000003
890.000000 0.000003
891.000000 0.000003
892.000000 0.000003
893.000000 0.000003
894.000000 0.000003
895.000000 0.000003
896.000000 0.000003
897.000000 0.000003
898.000000 0.000003
899.000000 0.000003
900.000000 0.000003
901.000000 0.000003
902.000000 0.000003
903.000000 0.000003
904.000000 0.000003
905.000000 0.000003
906.000000 0.000003
907.000000 0.000003
908.000000 0.000003
909.000000 0.000003
910.000000 0.000003
911.000000 0.000003
912.000000 0.000003
913.000000 0.000003
914.000000 0.000003
915.000000 0.000003
916.000000 0.000003
917.000000 0.000003
918.000000 0.000003
919.000000 0.000003
920.000000 0.000003
921.000000 0.000002
922.000000 0.000002
923.000000 0.000002
924.000000 0.000002
925.000000 0.000003
926.000000 0.000002
927.000000 0.000002
928.000000 0.000005
929.000000 0.000002
930.000000 0.000002
931.000000 0.000002
932.000000 0.000002
933.000000 0.000002
934.000000 0.000002
935.000000 0.000002
936.000000 0.000002
937.000000 0.000002
938.000000 0.000466
939.000000 0.000002
940.000000 0.000002
941.000000 0.000002
942.000000 0.000002
943.000000 0.000002
944.000000 0.000002
945.000000 0.000002
946.000000 0.000002
947.000000 0.000002
948.000000 0.000002
949.000000 0.000002
950.000000 0.000002
951.000000 0.000002
952.000000 0.000002
953.000000 0.000002
954.000000 0.000002
955.000000 0.000002
956.000000 0.000002
957.000000 0.000002
958.000000 0.000002
959.000000 0.000002
960.000000 0.000002
961.000000 0.000002
962.000000 0.000002
963.000000 0.000002
964.000000 0.000002
965.000000 0.000002
966.000000 0.000002
967.000000 0.000002
968.000000 0.000002
969.000000 0.000002
970.000000 0.000002
971.000000 0.000002
972.000000 0.000002
973.000000 0.000002
974.000000 0.000002
975.000000 0.000002
976.000000 0.000002
977.000000 0.000002
978.000000 0.000002
979.000000 0.000002
980.000000 0.000002
981.000000 0.000002
982.000000 0.000002
983.000000 0.000002
984.000000 0.000002
985.000000 0.000002
986.000000 0.000002
987.000000 0.000002
988.000000 0.000002
989.000000 0.000002
990.000000 0.000002
991.000000 0.000002
992.000000 0.000002
993.000000 0.000002
994.000000 0.000002
995.000000 0.000002
996.000000 0.000002
997.000000 0.000002
998.000000 0.000002
999.000000 0.000002
1000.000000 0.000002
The optical depth at z= 62.000000
1.000000 0.000000
2.000000 0.000000
3.000000 0.000000
4.000000 0.000000
5.000000 415.784314
6.000000 607.817222
7.000000 2391.638699
8.000000 3197.174805
9.000000 4112.369465
10.000000 5234.046215
11.000000 6500.048789
12.000000 7924.175165
13.000000 9446.353146
14.000000 11183.701382
15.000000 13098.327354
16.000000 14969.516401
17.000000 17085.143373
18.000000 19141.153345
19.000000 21462.607939
20.000000 24346.327504
21.000000 27553.408045
22.000000 30183.746040
23.000000 32968.526421
24.000000 36168.367330
25.000000 38065.110704
26.000000 39841.195127
27.000000 41047.778112
28.000000 42543.940334
29.000000 44078.023884
30.000000 45450.076132
31.000000 46622.189405
32.000000 49174.097492
33.000000 51754.164387
34.000000 53362.937725
35.000000 57991.781844
36.000000 60754.754867
37.000000 63510.642738
38.000000 66338.495679
39.000000 69569.515604
40.000000 72357.543498
41.000000 76456.255303
42.000000 78106.246038
43.000000 80619.014902
44.000000 82363.985384
45.000000 82255.274963
46.000000 82640.618973
47.000000 83090.678528
48.000000 84877.992255
49.000000 85452.290474
50.000000 85689.600920
51.000000 87090.411810
52.000000 90309.668181
53.000000 92206.482428
54.000000 91126.870867
55.000000 89795.978284
56.000000 87362.278580
57.000000 85321.135154
58.000000 84157.797235
59.000000 84241.498318
60.000000 85254.999866
61.000000 86557.776136
62.000000 88149.674122
63.000000 88341.022606
64.000000 88587.798291
65.000000 90859.995880
66.000000 90020.683950
67.000000 91361.665252
68.000000 91189.085493
69.000000 91125.027248
70.000000 91931.966654
71.000000 92839.975171
72.000000 93854.006674
73.000000 94998.896036
74.000000 97053.730423
75.000000 99099.018045
76.000000 100141.314046
77.000000 101017.218913
78.000000 99707.642367
79.000000 96116.050576
80.000000 92557.228861
81.000000 88688.335857
82.000000 84820.924783
83.000000 85276.981024
84.000000 95829.121396
85.000000 106383.116772
86.000000 116928.805882
87.000000 127470.108930
88.000000 138018.445085
89.000000 143888.900058
90.000000 142738.785880
91.000000 141546.325186
92.000000 141808.950083
93.000000 148033.130818
94.000000 154194.728275
95.000000 160328.236369
96.000000 153812.717644
97.000000 138772.371487
98.000000 123738.464906
99.000000 108706.651870
100.000000 87485.767504
101.000000 64695.008788
102.000000 41947.401456
103.000000 19117.383360
104.000000 15452.100503
105.000000 11791.736981
106.000000 8144.548827
107.000000 4474.285349
108.000000 808.506208
109.000000 526.063759
110.000000 202.058251
111.000000 38.222197
112.000000 837.217363
113.000000 163.628105
114.000000 67.313156
115.000000 555.583386
116.000000 52.131271
117.000000 174.073175
118.000000 149.387058
119.000000 34.272306
120.000000 1158.570791
121.000000 1643.628912
122.000000 71.490936
123.000000 261.600418
124.000000 137.332252
125.000000 948.787583
126.000000 277.862985
127.000000 57.193965
128.000000 183.456869
129.000000 358.647551
130.000000 395.141144
131.000000 459.402154
132.000000 772.512108
133.000000 1341.642883
134.000000 1653.654896
135.000000 3782.827564
136.000000 6028.353856
137.000000 7565.165708
138.000000 9102.330369
139.000000 9820.900571
140.000000 9423.139522
141.000000 9154.249184
142.000000 9652.639304
143.000000 10151.097851
144.000000 10094.462602
145.000000 9842.818804
146.000000 9591.171890
147.000000 9339.502502
148.000000 9087.805878
149.000000 8380.958613
150.000000 8610.346134
151.000000 7996.343521
152.000000 7382.348289
153.000000 6768.353263
154.000000 6118.392594
155.000000 5592.366446
156.000000 5010.665154
157.000000 4566.053415
158.000000 4115.760408
159.000000 3620.405856
160.000000 3264.686509
161.000000 2865.016153
162.000000 2465.304614
163.000000 2082.622812
164.000000 1711.253075
165.000000 1500.297203
166.000000 1289.357669
167.000000 1078.395536
168.000000 870.283306
169.000000 708.803163
170.000000 547.313077
171.000000 507.768053
172.000000 395.042025
173.000000 305.153571
174.000000 241.030485
175.000000 176.907671
176.000000 129.063471
177.000000 91.402634
178.000000 73.920037
179.000000 65.842195
180.000000 41.455609
181.000000 2.705568
182.000000 13.828852
183.000000 0.899890
184.000000 4.794122
185.000000 1.298221
186.000000 0.390154
187.000000 0.440978
188.000000 0.061972
189.000000 0.221192
190.000000 0.029763
191.000000 0.060263
192.000000 0.059862
193.000000 0.052871
194.000000 0.016764
195.000000 0.483700
196.000000 0.058922
197.000000 0.004851
198.000000 0.006846
199.000000 0.007686
200.000000 0.020107
201.000000 0.014079
202.000000 0.007047
203.000000 0.006591
204.000000 0.006896
205.000000 0.007202
206.000000 0.007089
207.000000 0.007085
208.000000 0.007030
209.000000 0.006993
210.000000 0.006992
211.000000 0.006938
212.000000 0.006964
213.000000 0.007046
214.000000 0.007128
215.000000 0.007302
216.000000 0.007387
217.000000 0.007551
218.000000 0.007711
219.000000 0.007911
220.000000 0.008203
221.000000 0.008480
222.000000 0.008874
223.000000 0.009247
224.000000 0.009654
225.000000 0.010104
226.000000 0.010546
227.000000 0.011078
228.000000 0.011631
229.000000 0.012288
230.000000 0.012980
231.000000 0.013712
232.000000 0.014226
233.000000 0.015088
234.000000 0.015663
235.000000 0.016512
236.000000 0.017206
237.000000 0.018021
238.000000 0.018839
239.000000 0.019524
240.000000 0.020627
241.000000 0.021150
242.000000 0.022008
243.000000 0.022438
244.000000 0.023225
245.000000 0.023505
246.000000 0.024544
247.000000 0.024768
248.000000 0.025458
249.000000 0.026261
250.000000 0.026556
251.000000 0.026353
252.000000 0.027352
253.000000 0.026930
254.000000 0.027392
255.000000 0.027256
256.000000 0.027317
257.000000 0.026778
258.000000 0.026516
259.000000 0.027139
260.000000 0.025419
261.000000 0.025944
262.000000 0.024871
263.000000 0.024239
264.000000 0.023619
265.000000 0.022871
266.000000 0.022406
267.000000 0.020913
268.000000 0.020698
269.000000 0.019157
270.000000 0.018972
271.000000 0.017524
272.000000 0.016937
273.000000 0.015790
274.000000 0.014588
275.000000 0.013938
276.000000 0.012821
277.000000 0.012014
278.000000 0.011104
279.000000 0.010262
280.000000 0.009608
281.000000 0.008718
282.000000 0.007730
283.000000 0.007172
284.000000 0.006539
285.000000 0.005942
286.000000 0.005400
287.000000 0.004886
288.000000 0.004300
289.000000 0.003888
290.000000 0.003486
291.000000 0.003158
292.000000 0.002747
293.000000 0.002504
294.000000 0.002183
295.000000 0.001978
296.000000 0.001732
297.000000 0.001554
298.000000 0.001350
299.000000 0.001228
300.000000 0.001075
301.000000 0.000961
302.000000 0.000865
303.000000 0.000762
304.000000 0.000702
305.000000 0.000618
306.000000 0.000565
307.000000 0.000513
308.000000 0.000463
309.000000 0.000435
310.000000 0.000381
311.000000 0.000358
312.000000 0.000316
313.000000 0.000290
314.000000 0.000281
315.000000 0.000251
316.000000 0.000244
317.000000 0.000224
318.000000 0.000219
319.000000 0.000192
320.000000 0.000204
321.000000 0.000174
322.000000 0.000181
323.000000 0.000174
324.000000 0.000152
325.000000 0.000168
326.000000 0.000150
327.000000 0.000141
328.000000 0.000153
329.000000 0.000134
330.000000 0.000130
331.000000 0.000136
332.000000 0.000127
333.000000 0.000124
334.000000 0.000127
335.000000 0.000119
336.000000 0.000116
337.000000 0.000117
338.000000 0.000115
339.000000 0.000111
340.000000 0.000111
341.000000 0.000109
342.000000 0.000107
343.000000 0.000105
344.000000 0.000106
345.000000 0.000103
346.000000 0.000101
347.000000 0.000100
348.000000 0.000099
349.000000 0.000097
350.000000 0.000096
351.000000 0.000095
352.000000 0.000094
353.000000 0.000093
354.000000 0.000092
355.000000 0.000091
356.000000 0.000089
357.000000 0.000088
358.000000 0.000087
359.000000 0.000086
360.000000 0.000085
361.000000 0.000084
362.000000 0.000083
363.000000 0.000082
364.000000 0.000081
365.000000 0.000081
366.000000 0.000080
367.000000 0.000079
368.000000 0.000078
369.000000 0.000077
370.000000 0.000076
371.000000 0.000075
372.000000 0.000074
373.000000 0.000074
374.000000 0.000073
375.000000 0.000072
376.000000 0.000071
377.000000 0.000070
378.000000 0.000070
379.000000 0.000069
380.000000 0.000068
381.000000 0.000067
382.000000 0.000067
383.000000 0.000066
384.000000 0.000065
385.000000 0.000064
386.000000 0.000064
387.000000 0.000063
388.000000 0.000062
389.000000 0.000062
390.000000 0.000061
391.000000 0.000060
392.000000 0.000060
393.000000 0.000059
394.000000 0.000059
395.000000 0.000058
396.000000 0.000057
397.000000 0.000057
398.000000 0.000056
399.000000 0.000056
400.000000 0.000055
401.000000 0.000054
402.000000 0.000054
403.000000 0.000053
404.000000 0.000053
405.000000 0.000052
406.000000 0.000052
407.000000 0.000051
408.000000 0.000051
409.000000 0.000050
410.000000 0.000050
411.000000 0.000049
412.000000 0.000049
413.000000 0.000048
414.000000 0.000048
415.000000 0.000047
416.000000 0.000047
417.000000 0.000046
418.000000 0.000046
419.000000 0.000045
420.000000 0.000045
421.000000 0.000045
422.000000 0.000044
423.000000 0.000044
424.000000 0.000043
425.000000 0.000043
426.000000 0.000043
427.000000 0.000042
428.000000 0.000042
429.000000 0.000041
430.000000 0.000041
431.000000 0.000041
432.000000 0.000040
433.000000 0.000040
434.000000 0.000039
435.000000 0.000039
436.000000 0.000039
437.000000 0.000038
438.000000 0.000038
439.000000 0.000038
440.000000 0.000037
441.000000 0.000037
442.000000 0.000037
443.000000 0.000036
444.000000 0.000036
445.000000 0.000036
446.000000 0.000035
447.000000 0.000035
448.000000 0.000035
449.000000 0.000034
450.000000 0.000034
451.000000 0.000034
452.000000 0.000034
453.000000 0.000033
454.000000 0.000033
455.000000 0.000033
456.000000 0.000033
457.000000 0.000032
458.000000 0.000032
459.000000 0.000032
460.000000 0.000032
461.000000 0.000032
462.000000 0.000031
463.000000 0.000031
464.000000 0.000031
465.000000 0.000030
466.000000 0.000030
467.000000 0.000030
468.000000 0.000030
469.000000 0.000029
470.000000 0.000029
471.000000 0.000029
472.000000 0.000029
473.000000 0.000029
474.000000 0.000028
475.000000 0.000028
476.000000 0.000028
477.000000 0.000028
478.000000 0.000028
479.000000 0.000028
480.000000 0.000028
481.000000 0.000028
482.000000 0.000028
483.000000 0.000027
484.000000 0.000027
485.000000 0.000027
486.000000 0.000026
487.000000 0.000026
488.000000 0.000026
489.000000 0.000026
490.000000 0.000026
491.000000 0.000026
492.000000 0.000025
493.000000 0.000025
494.000000 0.000025
495.000000 0.000025
496.000000 0.000025
497.000000 0.000025
498.000000 0.000025
499.000000 0.000025
500.000000 0.000025
501.000000 0.000025
502.000000 0.000025
503.000000 0.000025
504.000000 0.000025
505.000000 0.000025
506.000000 0.000025
507.000000 0.000025
508.000000 0.000024
509.000000 0.000024
510.000000 0.000024
511.000000 0.000024
512.000000 0.000024
513.000000 0.000024
514.000000 0.000023
515.000000 0.000023
516.000000 0.000023
517.000000 0.000023
518.000000 0.000023
519.000000 0.000023
520.000000 0.000023
521.000000 0.000023
522.000000 0.000023
523.000000 0.000023
524.000000 0.000023
525.000000 0.000023
526.000000 0.000023
527.000000 0.000023
528.000000 0.000023
529.000000 0.000024
530.000000 0.000024
531.000000 0.000024
532.000000 0.000024
533.000000 0.000024
534.000000 0.000024
535.000000 0.000023
536.000000 0.000023
537.000000 0.000023
538.000000 0.000023
539.000000 0.000023
540.000000 0.000023
541.000000 0.000023
542.000000 0.000023
543.000000 0.000023
544.000000 0.000023
545.000000 0.000023
546.000000 0.000023
547.000000 0.000023
548.000000 0.000023
549.000000 0.000023
550.000000 0.000023
551.000000 0.000023
552.000000 0.000023
553.000000 0.000023
554.000000 0.000023
555.000000 0.000023
556.000000 0.000023
557.000000 0.000023
558.000000 0.000023
559.000000 0.000023
560.000000 0.000023
561.000000 0.000023
562.000000 0.000024
563.000000 0.000024
564.000000 0.000024
565.000000 0.000024
566.000000 0.000024
567.000000 0.000024
568.000000 0.000024
569.000000 0.000024
570.000000 0.000024
571.000000 0.000024
572.000000 0.000024
573.000000 0.000024
574.000000 0.000024
575.000000 0.000024
576.000000 0.000024
577.000000 0.000024
578.000000 0.000023
579.000000 0.000023
580.000000 0.000023
581.000000 0.000023
582.000000 0.000023
583.000000 0.000022
584.000000 0.000022
585.000000 0.000022
586.000000 0.000022
587.000000 0.000022
588.000000 0.000022
589.000000 0.000022
590.000000 0.000022
591.000000 0.000022
592.000000 0.000022
593.000000 0.000022
594.000000 0.000022
595.000000 0.000022
596.000000 0.000022
597.000000 0.000022
598.000000 0.000023
599.000000 0.000023
600.000000 0.000023
601.000000 0.000023
602.000000 0.000023
603.000000 0.000023
604.000000 0.000023
605.000000 0.000022
606.000000 0.000022
607.000000 0.000022
608.000000 0.000022
609.000000 0.000021
610.000000 0.000021
611.000000 0.000021
612.000000 0.000021
613.000000 0.000020
614.000000 0.000020
615.000000 0.000020
616.000000 0.000020
617.000000 0.000019
618.000000 0.000019
619.000000 0.000019
620.000000 0.000019
621.000000 0.000019
622.000000 0.000018
623.000000 0.000018
624.000000 0.000018
625.000000 0.000018
626.000000 0.000018
627.000000 0.000018
628.000000 0.000020
629.000000 0.000017
630.000000 0.000017
631.000000 0.000017
632.000000 0.000017
633.000000 0.000017
634.000000 0.000016
635.000000 0.000016
636.000000 0.000016
637.000000 0.000016
638.000000 0.000016
639.000000 0.000015
640.000000 0.000015
641.000000 0.000015
642.000000 0.000015
643.000000 0.000015
644.000000 0.000014
645.000000 0.000014
646.000000 0.000014
647.000000 0.000014
648.000000 0.000014
649.000000 0.000014
650.000000 0.000014
651.000000 0.000013
652.000000 0.000013
653.000000 0.000013
654.000000 0.000013
655.000000 0.000013
656.000000 0.000013
657.000000 0.000013
658.000000 0.000012
659.000000 0.000012
660.000000 0.000012
661.000000 0.000012
662.000000 0.000012
663.000000 0.000012
664.000000 0.000012
665.000000 0.000011
666.000000 0.000011
667.000000 0.000011
668.000000 0.000011
669.000000 0.000011
670.000000 0.000011
671.000000 0.000011
672.000000 0.000010
673.000000 0.000010
674.000000 0.000010
675.000000 0.000010
676.000000 0.000010
677.000000 0.000010
678.000000 0.000010
679.000000 0.000010
680.000000 0.000010
681.000000 0.000009
682.000000 0.000009
683.000000 0.000009
684.000000 0.000009
685.000000 0.000009
686.000000 0.000009
687.000000 0.003615
688.000000 0.000009
689.000000 0.000009
690.000000 0.000157
691.000000 0.000008
692.000000 0.000009
693.000000 0.000008
694.000000 0.000008
695.000000 0.000008
696.000000 0.000008
697.000000 0.000008
698.000000 0.000008
699.000000 0.000008
700.000000 0.000008
701.000000 0.000008
702.000000 0.000007
703.000000 0.000007
704.000000 0.000007
705.000000 0.000007
706.000000 0.000007
707.000000 0.000007
708.000000 0.000007
709.000000 0.000007
710.000000 0.000007
711.000000 0.000007
712.000000 0.000007
713.000000 0.000007
714.000000 0.000007
715.000000 0.000007
716.000000 0.000007
717.000000 0.000007
718.000000 0.000007
719.000000 0.000007
720.000000 0.000006
721.000000 0.000006
722.000000 0.000006
723.000000 0.000006
724.000000 0.000006
725.000000 0.000006
726.000000 0.000006
727.000000 0.000006
728.000000 0.000006
729.000000 0.000006
730.000000 0.000006
731.000000 0.000006
732.000000 0.000006
733.000000 0.000006
734.000000 0.000006
735.000000 0.000006
736.000000 0.000006
737.000000 0.000006
738.000000 0.000006
739.000000 0.000005
740.000000 0.000005
741.000000 0.000005
742.000000 0.000005
743.000000 0.000005
744.000000 0.000005
745.000000 0.000005
746.000000 0.000005
747.000000 0.000005
748.000000 0.000005
749.000000 0.000005
750.000000 0.000005
751.000000 0.000005
752.000000 0.000005
753.000000 0.000005
754.000000 0.000005
755.000000 0.000005
756.000000 0.000005
757.000000 0.000005
758.000000 0.000005
759.000000 0.000005
760.000000 0.000006
761.000000 0.000021
762.000000 0.000005
763.000000 0.000005
764.000000 0.000005
765.000000 0.000006
766.000000 0.000016
767.000000 0.000004
768.000000 0.000004
769.000000 0.000004
770.000000 0.000004
771.000000 0.000004
772.000000 0.000004
773.000000 0.000004
774.000000 0.000004
775.000000 0.000004
776.000000 0.000004
777.000000 0.000004
778.000000 0.000004
779.000000 0.000004
780.000000 0.000004
781.000000 0.000004
782.000000 0.000004
783.000000 0.000004
784.000000 0.000004
785.000000 0.000004
786.000000 0.000004
787.000000 0.000004
788.000000 0.000004
789.000000 0.000004
790.000000 0.000004
791.000000 0.000004
792.000000 0.000004
793.000000 0.000004
794.000000 0.000004
795.000000 0.000004
796.000000 0.000004
797.000000 0.000004
798.000000 0.000004
799.000000 0.000004
800.000000 0.000004
801.000000 0.000004
802.000000 0.000004
803.000000 0.000004
804.000000 0.000004
805.000000 0.000004
806.000000 0.000004
807.000000 0.000004
808.000000 0.000004
809.000000 0.000004
810.000000 0.000004
811.000000 0.000004
812.000000 0.000004
813.000000 0.000004
814.000000 0.000004
815.000000 0.000004
816.000000 0.000004
817.000000 0.000004
818.000000 0.000006
819.000000 0.000004
820.000000 0.000003
821.000000 0.000003
822.000000 0.000003
823.000000 0.000003
824.000000 0.000003
825.000000 0.000003
826.000000 0.000003
827.000000 0.000003
828.000000 0.000003
829.000000 0.000003
830.000000 0.000003
831.000000 0.000003
832.000000 0.000003
833.000000 0.000003
834.000000 0.000003
835.000000 0.000003
836.000000 0.000003
837.000000 0.000003
838.000000 0.000003
839.000000 0.000003
840.000000 0.000003
841.000000 0.000003
842.000000 0.000003
843.000000 0.000003
844.000000 0.000003
845.000000 0.000003
846.000000 0.000003
847.000000 0.000003
848.000000 0.000003
849.000000 0.000003
850.000000 0.000003
851.000000 0.000003
852.000000 0.000003
853.000000 0.000003
854.000000 0.000003
855.000000 0.000003
856.000000 0.000003
857.000000 0.000003
858.000000 0.000003
859.000000 0.000003
860.000000 0.000003
861.000000 0.000003
862.000000 0.000003
863.000000 0.000003
864.000000 0.000003
865.000000 0.000003
866.000000 0.000003
867.000000 0.000002
868.000000 0.000002
869.000000 0.000002
870.000000 0.000002
871.000000 0.000002
872.000000 0.000002
873.000000 0.000002
874.000000 0.000002
875.000000 0.000002
876.000000 0.000002
877.000000 0.000002
878.000000 0.000002
879.000000 0.000002
880.000000 0.000002
881.000000 0.000002
882.000000 0.000002
883.000000 0.000002
884.000000 0.000002
885.000000 0.000002
886.000000 0.000002
887.000000 0.000002
888.000000 0.000002
889.000000 0.000002
890.000000 0.000002
891.000000 0.000002
892.000000 0.000002
893.000000 0.000002
894.000000 0.000002
895.000000 0.000002
896.000000 0.000002
897.000000 0.000002
898.000000 0.000002
899.000000 0.000002
900.000000 0.000002
901.000000 0.000002
902.000000 0.000002
903.000000 0.000002
904.000000 0.000002
905.000000 0.000002
906.000000 0.000002
907.000000 0.000002
908.000000 0.000002
909.000000 0.000002
910.000000 0.000002
911.000000 0.000002
912.000000 0.000002
913.000000 0.000002
914.000000 0.000002
915.000000 0.000002
916.000000 0.000002
917.000000 0.000002
918.000000 0.000002
919.000000 0.000002
920.000000 0.000002
921.000000 0.000002
922.000000 0.000002
923.000000 0.000002
924.000000 0.000002
925.000000 0.000002
926.000000 0.000002
927.000000 0.000002
928.000000 0.000003
929.000000 0.000002
930.000000 0.000002
931.000000 0.000002
932.000000 0.000002
933.000000 0.000002
934.000000 0.000002
935.000000 0.000002
936.000000 0.000002
937.000000 0.000002
938.000000 0.000357
939.000000 0.000002
940.000000 0.000002
941.000000 0.000002
942.000000 0.000002
943.000000 0.000002
944.000000 0.000002
945.000000 0.000002
946.000000 0.000002
947.000000 0.000002
948.000000 0.000002
949.000000 0.000002
950.000000 0.000002
951.000000 0.000002
952.000000 0.000002
953.000000 0.000002
954.000000 0.000002
955.000000 0.000002
956.000000 0.000002
957.000000 0.000002
958.000000 0.000002
959.000000 0.000002
960.000000 0.000002
961.000000 0.000002
962.000000 0.000002
963.000000 0.000002
964.000000 0.000002
965.000000 0.000002
966.000000 0.000002
967.000000 0.000002
968.000000 0.000002
969.000000 0.000002
970.000000 0.000002
971.000000 0.000002
972.000000 0.000002
973.000000 0.000001
974.000000 0.000001
975.000000 0.000001
976.000000 0.000001
977.000000 0.000002
978.000000 0.000001
979.000000 0.000001
980.000000 0.000001
981.000000 0.000001
982.000000 0.000001
983.000000 0.000001
984.000000 0.000001
985.000000 0.000001
986.000000 0.000001
987.000000 0.000001
988.000000 0.000001
989.000000 0.000001
990.000000 0.000001
991.000000 0.000001
992.000000 0.000001
993.000000 0.000001
994.000000 0.000001
995.000000 0.000001
996.000000 0.000001
997.000000 0.000001
998.000000 0.000001
999.000000 0.000001
1000.000000 0.000001
The optical depth at z= 64.000000
1.000000 0.000000
2.000000 0.000000
3.000000 0.000000
4.000000 0.000000
5.000000 312.066732
6.000000 456.196946
7.000000 1795.043876
8.000000 2399.638950
9.000000 3086.537943
10.000000 3928.412164
11.000000 4878.610080
12.000000 5947.487825
13.000000 7089.958166
14.000000 8393.924452
15.000000 9830.946443
16.000000 11235.366987
17.000000 12823.250271
18.000000 14366.388147
19.000000 16108.755298
20.000000 18273.130328
21.000000 20680.203851
22.000000 22654.403340
23.000000 24744.519562
24.000000 27146.159413
25.000000 28569.759840
26.000000 29902.799237
27.000000 30808.399804
28.000000 31931.344056
29.000000 33082.749983
30.000000 34112.544202
31.000000 34992.272954
32.000000 36907.606548
33.000000 38844.075051
34.000000 40051.539852
35.000000 43525.716805
36.000000 45599.465378
37.000000 47667.895885
38.000000 49790.339730
39.000000 52215.381223
40.000000 54307.935087
41.000000 57384.221642
42.000000 58622.622279
43.000000 60508.579938
44.000000 61818.267588
45.000000 61736.675493
46.000000 62025.895869
47.000000 62363.688244
48.000000 63705.155691
49.000000 64136.194418
50.000000 64314.307718
51.000000 65365.685709
52.000000 67781.897065
53.000000 69205.549849
54.000000 68395.248047
55.000000 67396.347141
56.000000 65569.735274
57.000000 64037.756050
58.000000 63164.613211
59.000000 63227.435073
60.000000 63988.118161
61.000000 64965.916030
62.000000 66160.713779
63.000000 66304.330912
64.000000 66489.548712
65.000000 68194.945772
66.000000 67565.000922
67.000000 68571.474193
68.000000 68441.946491
69.000000 68393.869449
70.000000 68999.518069
71.000000 69681.023908
72.000000 70442.104994
73.000000 71301.401277
74.000000 72843.655420
75.000000 74378.744243
76.000000 75161.039323
77.000000 75818.449747
78.000000 74835.548402
79.000000 72139.881581
80.000000 69468.810004
81.000000 66565.015415
82.000000 63662.333126
83.000000 64004.629108
84.000000 71924.538347
85.000000 79845.834677
86.000000 87760.898238
87.000000 95672.670582
88.000000 103589.723987
89.000000 107995.794146
90.000000 107132.576801
91.000000 106237.576300
92.000000 106434.688775
93.000000 111106.240968
94.000000 115730.821339
95.000000 120334.319236
96.000000 115444.095194
97.000000 104155.565430
98.000000 92871.868860
99.000000 81589.743621
100.000000 65662.418304
101.000000 48556.825633
102.000000 31483.620196
103.000000 14348.561401
104.000000 11597.585510
105.000000 8850.301763
106.000000 6112.906771
107.000000 3358.190545
108.000000 606.821998
109.000000 394.231355
110.000000 151.663903
111.000000 28.759977
112.000000 628.611406
113.000000 123.122767
114.000000 50.543184
115.000000 416.922982
116.000000 39.118373
117.000000 130.646213
118.000000 112.117474
119.000000 25.718893
120.000000 869.560627
121.000000 1233.620477
122.000000 53.647176
123.000000 196.341734
124.000000 103.067991
125.000000 712.110228
126.000000 208.548180
127.000000 42.924980
128.000000 137.692506
129.000000 269.183218
130.000000 296.571410
131.000000 344.801951
132.000000 579.806316
133.000000 1006.968566
134.000000 1241.151821
135.000000 2839.202728
136.000000 4524.586421
137.000000 5678.041171
138.000000 6831.762105
139.000000 7371.084763
140.000000 7072.545691
141.000000 6870.731251
142.000000 7244.798188
143.000000 7618.915685
144.000000 7576.408033
145.000000 7387.537211
146.000000 7198.663977
147.000000 7009.772230
148.000000 6820.860256
149.000000 6290.335250
150.000000 6462.500102
151.000000 6001.659551
152.000000 5540.824533
153.000000 5079.989679
154.000000 4592.160882
155.000000 4197.351176
156.000000 3760.754443
157.000000 3427.050970
158.000000 3089.083244
159.000000 2717.294452
160.000000 2450.308448
161.000000 2150.335868
162.000000 1850.331926
163.000000 1563.109586
164.000000 1284.377905
165.000000 1126.044439
166.000000 967.723731
167.000000 809.386427
168.000000 653.187759
169.000000 531.989066
170.000000 410.782923
171.000000 381.102351
172.000000 296.496271
173.000000 229.030609
174.000000 180.903314
175.000000 132.776155
176.000000 96.866894
177.000000 68.600742
178.000000 55.479474
179.000000 50.297894
180.000000 30.133726
181.000000 1.969376
182.000000 10.086823
183.000000 0.667028
184.000000 3.480250
185.000000 0.965028
186.000000 0.285731
187.000000 0.321392
188.000000 0.046356
189.000000 0.160950
190.000000 0.022217
191.000000 0.043735
192.000000 0.044041
193.000000 0.038601
194.000000 0.012173
195.000000 0.358875
196.000000 0.042766
197.000000 0.003529
198.000000 0.005097
199.000000 0.005729
200.000000 0.015052
201.000000 0.010529
202.000000 0.005250
203.000000 0.004907
204.000000 0.005134
205.000000 0.005361
206.000000 0.005273
207.000000 0.005266
208.000000 0.005219
209.000000 0.005185
210.000000 0.005176
211.000000 0.005128
212.000000 0.005137
213.000000 0.005188
214.000000 0.005237
215.000000 0.005353
216.000000 0.005402
217.000000 0.005507
218.000000 0.005608
219.000000 0.005738
220.000000 0.005933
221.000000 0.006118
222.000000 0.006386
223.000000 0.006638
224.000000 0.006913
225.000000 0.007217
226.000000 0.007516
227.000000 0.007878
228.000000 0.008255
229.000000 0.008707
230.000000 0.009183
231.000000 0.009700
232.000000 0.010040
233.000000 0.010637
234.000000 0.011026
235.000000 0.011611
236.000000 0.012088
237.000000 0.012654
238.000000 0.013220
239.000000 0.013690
240.000000 0.014458
241.000000 0.014817
242.000000 0.015413
243.000000 0.015698
244.000000 0.016236
245.000000 0.016428
246.000000 0.017153
247.000000 0.017306
248.000000 0.017788
249.000000 0.018349
250.000000 0.018554
251.000000 0.018411
252.000000 0.019109
253.000000 0.018813
254.000000 0.019135
255.000000 0.019041
256.000000 0.019081
257.000000 0.018705
258.000000 0.018522
259.000000 0.018957
260.000000 0.017753
261.000000 0.018122
262.000000 0.017372
263.000000 0.016928
264.000000 0.016499
265.000000 0.015973
266.000000 0.015649
267.000000 0.014605
268.000000 0.014458
269.000000 0.013380
270.000000 0.013254
271.000000 0.012242
272.000000 0.011833
273.000000 0.011030
274.000000 0.010189
275.000000 0.009736
276.000000 0.008955
277.000000 0.008392
278.000000 0.007755
279.000000 0.007168
280.000000 0.006714
281.000000 0.006094
282.000000 0.005403
283.000000 0.005012
284.000000 0.004568
285.000000 0.004152
286.000000 0.003775
287.000000 0.003416
288.000000 0.003008
289.000000 0.002721
290.000000 0.002440
291.000000 0.002211
292.000000 0.001924
293.000000 0.001755
294.000000 0.001530
295.000000 0.001388
296.000000 0.001216
297.000000 0.001092
298.000000 0.000949
299.000000 0.000865
300.000000 0.000757
301.000000 0.000678
302.000000 0.000611
303.000000 0.000539
304.000000 0.000497
305.000000 0.000439
306.000000 0.000402
307.000000 0.000366
308.000000 0.000330
309.000000 0.000311
310.000000 0.000273
311.000000 0.000257
312.000000 0.000227
313.000000 0.000209
314.000000 0.000203
315.000000 0.000181
316.000000 0.000177
317.000000 0.000163
318.000000 0.000159
319.000000 0.000140
320.000000 0.000149
321.000000 0.000128
322.000000 0.000133
323.000000 0.000128
324.000000 0.000113
325.000000 0.000124
326.000000 0.000111
327.000000 0.000105
328.000000 0.000113
329.000000 0.000100
330.000000 0.000097
331.000000 0.000101
332.000000 0.000095
333.000000 0.000092
334.000000 0.000095
335.000000 0.000089
336.000000 0.000087
337.000000 0.000088
338.000000 0.000086
339.000000 0.000083
340.000000 0.000083
341.000000 0.000082
342.000000 0.000080
343.000000 0.000079
344.000000 0.000079
345.000000 0.000077
346.000000 0.000076
347.000000 0.000075
348.000000 0.000074
349.000000 0.000073
350.000000 0.000072
351.000000 0.000071
352.000000 0.000071
353.000000 0.000070
354.000000 0.000069
355.000000 0.000068
356.000000 0.000067
357.000000 0.000066
358.000000 0.000066
359.000000 0.000065
360.000000 0.000064
361.000000 0.000063
362.000000 0.000063
363.000000 0.000062
364.000000 0.000061
365.000000 0.000060
366.000000 0.000060
367.000000 0.000059
368.000000 0.000058
369.000000 0.000058
370.000000 0.000057
371.000000 0.000056
372.000000 0.000056
373.000000 0.000055
374.000000 0.000055
375.000000 0.000054
376.000000 0.000053
377.000000 0.000053
378.000000 0.000052
379.000000 0.000052
380.000000 0.000051
381.000000 0.000050
382.000000 0.000050
383.000000 0.000049
384.000000 0.000049
385.000000 0.000048
386.000000 0.000048
387.000000 0.000047
388.000000 0.000047
389.000000 0.000046
390.000000 0.000046
391.000000 0.000045
392.000000 0.000045
393.000000 0.000044
394.000000 0.000044
395.000000 0.000043
396.000000 0.000043
397.000000 0.000043
398.000000 0.000042
399.000000 0.000042
400.000000 0.000041
401.000000 0.000041
402.000000 0.000040
403.000000 0.000040
404.000000 0.000040
405.000000 0.000039
406.000000 0.000039
407.000000 0.000038
408.000000 0.000038
409.000000 0.000038
410.000000 0.000037
411.000000 0.000037
412.000000 0.000037
413.000000 0.000036
414.000000 0.000036
415.000000 0.000035
416.000000 0.000035
417.000000 0.000035
418.000000 0.000034
419.000000 0.000034
420.000000 0.000034
421.000000 0.000033
422.000000 0.000033
423.000000 0.000033
424.000000 0.000032
425.000000 0.000032
426.000000 0.000032
427.000000 0.000032
428.000000 0.000031
429.000000 0.000031
430.000000 0.000031
431.000000 0.000030
432.000000 0.000030
433.000000 0.000030
434.000000 0.000030
435.000000 0.000029
436.000000 0.000029
437.000000 0.000029
438.000000 0.000028
439.000000 0.000028
440.000000 0.000028
441.000000 0.000028
442.000000 0.000028
443.000000 0.000027
444.000000 0.000027
445.000000 0.000027
446.000000 0.000027
447.000000 0.000026
448.000000 0.000026
449.000000 0.000026
450.000000 0.000026
451.000000 0.000025
452.000000 0.000025
453.000000 0.000025
454.000000 0.000025
455.000000 0.000025
456.000000 0.000024
457.000000 0.000024
458.000000 0.000024
459.000000 0.000024
460.000000 0.000024
461.000000 0.000024
462.000000 0.000023
463.000000 0.000023
464.000000 0.000023
465.000000 0.000023
466.000000 0.000023
467.000000 0.000022
468.000000 0.000022
469.000000 0.000022
470.000000 0.000022
471.000000 0.000022
472.000000 0.000022
473.000000 0.000021
474.000000 0.000021
475.000000 0.000021
476.000000 0.000021
477.000000 0.000021
478.000000 0.000021
479.000000 0.000021
480.000000 0.000021
481.000000 0.000021
482.000000 0.000021
483.000000 0.000020
484.000000 0.000020
485.000000 0.000020
486.000000 0.000020
487.000000 0.000020
488.000000 0.000019
489.000000 0.000019
490.000000 0.000019
491.000000 0.000019
492.000000 0.000019
493.000000 0.000019
494.000000 0.000019
495.000000 0.000019
496.000000 0.000019
497.000000 0.000018
498.000000 0.000018
499.000000 0.000018
500.000000 0.000018
501.000000 0.000018
502.000000 0.000019
503.000000 0.000019
504.000000 0.000019
505.000000 0.000019
506.000000 0.000018
507.000000 0.000018
508.000000 0.000018
509.000000 0.000018
510.000000 0.000018
511.000000 0.000018
512.000000 0.000018
513.000000 0.000017
514.000000 0.000017
515.000000 0.000017
516.000000 0.000017
517.000000 0.000017
518.000000 0.000017
519.000000 0.000017
520.000000 0.000017
521.000000 0.000017
522.000000 0.000017
523.000000 0.000017
524.000000 0.000017
525.000000 0.000017
526.000000 0.000017
527.000000 0.000017
528.000000 0.000017
529.000000 0.000017
530.000000 0.000017
531.000000 0.000017
532.000000 0.000017
533.000000 0.000017
534.000000 0.000017
535.000000 0.000017
536.000000 0.000017
537.000000 0.000017
538.000000 0.000017
539.000000 0.000017
540.000000 0.000017
541.000000 0.000017
542.000000 0.000017
543.000000 0.000017
544.000000 0.000017
545.000000 0.000017
546.000000 0.000017
547.000000 0.000017
548.000000 0.000017
549.000000 0.000017
550.000000 0.000017
551.000000 0.000017
552.000000 0.000017
553.000000 0.000017
554.000000 0.000017
555.000000 0.000017
556.000000 0.000017
557.000000 0.000017
558.000000 0.000017
559.000000 0.000017
560.000000 0.000017
561.000000 0.000017
562.000000 0.000017
563.000000 0.000017
564.000000 0.000017
565.000000 0.000017
566.000000 0.000017
567.000000 0.000017
568.000000 0.000017
569.000000 0.000017
570.000000 0.000017
571.000000 0.000017
572.000000 0.000017
573.000000 0.000017
574.000000 0.000017
575.000000 0.000017
576.000000 0.000017
577.000000 0.000017
578.000000 0.000017
579.000000 0.000017
580.000000 0.000017
581.000000 0.000017
582.000000 0.000016
583.000000 0.000016
584.000000 0.000016
585.000000 0.000016
586.000000 0.000016
587.000000 0.000016
588.000000 0.000016
589.000000 0.000016
590.000000 0.000016
591.000000 0.000016
592.000000 0.000016
593.000000 0.000016
594.000000 0.000016
595.000000 0.000016
596.000000 0.000016
597.000000 0.000016
598.000000 0.000016
599.000000 0.000016
600.000000 0.000016
601.000000 0.000016
602.000000 0.000016
603.000000 0.000016
604.000000 0.000016
605.000000 0.000016
606.000000 0.000016
607.000000 0.000016
608.000000 0.000016
609.000000 0.000016
610.000000 0.000015
611.000000 0.000015
612.000000 0.000015
613.000000 0.000015
614.000000 0.000015
615.000000 0.000014
616.000000 0.000014
617.000000 0.000014
618.000000 0.000014
619.000000 0.000014
620.000000 0.000014
621.000000 0.000014
622.000000 0.000013
623.000000 0.000013
624.000000 0.000013
625.000000 0.000013
626.000000 0.000013
627.000000 0.000013
628.000000 0.000014
629.000000 0.000013
630.000000 0.000012
631.000000 0.000012
632.000000 0.000012
633.000000 0.000012
634.000000 0.000012
635.000000 0.000012
636.000000 0.000012
637.000000 0.000011
638.000000 0.000011
639.000000 0.000011
640.000000 0.000011
641.000000 0.000011
642.000000 0.000011
643.000000 0.000011
644.000000 0.000010
645.000000 0.000010
646.000000 0.000010
647.000000 0.000010
648.000000 0.000010
649.000000 0.000010
650.000000 0.000010
651.000000 0.000010
652.000000 0.000010
653.000000 0.000010
654.000000 0.000009
655.000000 0.000009
656.000000 0.000009
657.000000 0.000009
658.000000 0.000009
659.000000 0.000009
660.000000 0.000009
661.000000 0.000009
662.000000 0.000009
663.000000 0.000009
664.000000 0.000008
665.000000 0.000008
666.000000 0.000008
667.000000 0.000008
668.000000 0.000008
669.000000 0.000008
670.000000 0.000008
671.000000 0.000008
672.000000 0.000008
673.000000 0.000008
674.000000 0.000007
675.000000 0.000007
676.000000 0.000007
677.000000 0.000007
678.000000 0.000007
679.000000 0.000007
680.000000 0.000007
681.000000 0.000007
682.000000 0.000007
683.000000 0.000007
684.000000 0.000007
685.000000 0.000007
686.000000 0.000007
687.000000 0.002703
688.000000 0.000006
689.000000 0.000006
690.000000 0.000111
691.000000 0.000006
692.000000 0.000006
693.000000 0.000006
694.000000 0.000006
695.000000 0.000006
696.000000 0.000006
697.000000 0.000006
698.000000 0.000006
699.000000 0.000006
700.000000 0.000006
701.000000 0.000006
702.000000 0.000005
703.000000 0.000005
704.000000 0.000005
705.000000 0.000005
706.000000 0.000005
707.000000 0.000005
708.000000 0.000005
709.000000 0.000005
710.000000 0.000005
711.000000 0.000005
712.000000 0.000005
713.000000 0.000005
714.000000 0.000005
715.000000 0.000005
716.000000 0.000005
717.000000 0.000005
718.000000 0.000005
719.000000 0.000005
720.000000 0.000005
721.000000 0.000005
722.000000 0.000005
723.000000 0.000005
724.000000 0.000005
725.000000 0.000005
726.000000 0.000005
727.000000 0.000004
728.000000 0.000004
729.000000 0.000004
730.000000 0.000004
731.000000 0.000004
732.000000 0.000004
733.000000 0.000004
734.000000 0.000004
735.000000 0.000004
736.000000 0.000004
737.000000 0.000004
738.000000 0.000004
739.000000 0.000004
740.000000 0.000004
741.000000 0.000004
742.000000 0.000004
743.000000 0.000004
744.000000 0.000004
745.000000 0.000004
746.000000 0.000004
747.000000 0.000004
748.000000 0.000004
749.000000 0.000004
750.000000 0.000004
751.000000 0.000004
752.000000 0.000004
753.000000 0.000004
754.000000 0.000004
755.000000 0.000004
756.000000 0.000004
757.000000 0.000004
758.000000 0.000004
759.000000 0.000003
760.000000 0.000004
761.000000 0.000016
762.000000 0.000003
763.000000 0.000003
764.000000 0.000003
765.000000 0.000004
766.000000 0.000012
767.000000 0.000003
768.000000 0.000003
769.000000 0.000003
770.000000 0.000003
771.000000 0.000003
772.000000 0.000003
773.000000 0.000003
774.000000 0.000003
775.000000 0.000003
776.000000 0.000003
777.000000 0.000003
778.000000 0.000003
779.000000 0.000003
780.000000 0.000003
781.000000 0.000003
782.000000 0.000003
783.000000 0.000003
784.000000 0.000003
785.000000 0.000003
786.000000 0.000003
787.000000 0.000003
788.000000 0.000003
789.000000 0.000003
790.000000 0.000003
791.000000 0.000003
792.000000 0.000003
793.000000 0.000003
794.000000 0.000003
795.000000 0.000003
796.000000 0.000003
797.000000 0.000003
798.000000 0.000003
799.000000 0.000003
800.000000 0.000003
801.000000 0.000003
802.000000 0.000003
803.000000 0.000003
804.000000 0.000003
805.000000 0.000003
806.000000 0.000003
807.000000 0.000003
808.000000 0.000003
809.000000 0.000003
810.000000 0.000003
811.000000 0.000003
812.000000 0.000003
813.000000 0.000003
814.000000 0.000003
815.000000 0.000003
816.000000 0.000003
817.000000 0.000003
818.000000 0.000005
819.000000 0.000003
820.000000 0.000003
821.000000 0.000003
822.000000 0.000003
823.000000 0.000002
824.000000 0.000002
825.000000 0.000002
826.000000 0.000002
827.000000 0.000002
828.000000 0.000002
829.000000 0.000002
830.000000 0.000002
831.000000 0.000002
832.000000 0.000002
833.000000 0.000002
834.000000 0.000002
835.000000 0.000002
836.000000 0.000002
837.000000 0.000002
838.000000 0.000002
839.000000 0.000002
840.000000 0.000002
841.000000 0.000002
842.000000 0.000002
843.000000 0.000002
844.000000 0.000002
845.000000 0.000002
846.000000 0.000002
847.000000 0.000002
848.000000 0.000002
849.000000 0.000002
850.000000 0.000002
851.000000 0.000002
852.000000 0.000002
853.000000 0.000002
854.000000 0.000002
855.000000 0.000002
856.000000 0.000002
857.000000 0.000002
858.000000 0.000002
859.000000 0.000002
860.000000 0.000002
861.000000 0.000002
862.000000 0.000002
863.000000 0.000002
864.000000 0.000002
865.000000 0.000002
866.000000 0.000002
867.000000 0.000002
868.000000 0.000002
869.000000 0.000002
870.000000 0.000002
871.000000 0.000002
872.000000 0.000002
873.000000 0.000002
874.000000 0.000002
875.000000 0.000002
876.000000 0.000002
877.000000 0.000002
878.000000 0.000002
879.000000 0.000002
880.000000 0.000002
881.000000 0.000002
882.000000 0.000002
883.000000 0.000002
884.000000 0.000002
885.000000 0.000002
886.000000 0.000002
887.000000 0.000002
888.000000 0.000002
889.000000 0.000002
890.000000 0.000002
891.000000 0.000002
892.000000 0.000002
893.000000 0.000002
894.000000 0.000002
895.000000 0.000002
896.000000 0.000002
897.000000 0.000002
898.000000 0.000002
899.000000 0.000002
900.000000 0.000002
901.000000 0.000002
902.000000 0.000002
903.000000 0.000002
904.000000 0.000002
905.000000 0.000002
906.000000 0.000002
907.000000 0.000002
908.000000 0.000002
909.000000 0.000002
910.000000 0.000001
911.000000 0.000001
912.000000 0.000001
913.000000 0.000001
914.000000 0.000001
915.000000 0.000001
916.000000 0.000002
917.000000 0.000001
918.000000 0.000002
919.000000 0.000001
920.000000 0.000001
921.000000 0.000001
922.000000 0.000001
923.000000 0.000001
924.000000 0.000001
925.000000 0.000001
926.000000 0.000001
927.000000 0.000001
928.000000 0.000002
929.000000 0.000001
930.000000 0.000001
931.000000 0.000001
932.000000 0.000001
933.000000 0.000001
934.000000 0.000001
935.000000 0.000001
936.000000 0.000001
937.000000 0.000001
938.000000 0.000268
939.000000 0.000001
940.000000 0.000001
941.000000 0.000001
942.000000 0.000001
943.000000 0.000001
944.000000 0.000001
945.000000 0.000001
946.000000 0.000001
947.000000 0.000001
948.000000 0.000001
949.000000 0.000001
950.000000 0.000001
951.000000 0.000001
952.000000 0.000001
953.000000 0.000001
954.000000 0.000001
955.000000 0.000001
956.000000 0.000001
957.000000 0.000001
958.000000 0.000001
959.000000 0.000001
960.000000 0.000001
961.000000 0.000001
962.000000 0.000001
963.000000 0.000001
964.000000 0.000001
965.000000 0.000001
966.000000 0.000001
967.000000 0.000001
968.000000 0.000001
969.000000 0.000001
970.000000 0.000001
971.000000 0.000001
972.000000 0.000001
973.000000 0.000001
974.000000 0.000001
975.000000 0.000001
976.000000 0.000001
977.000000 0.000001
978.000000 0.000001
979.000000 0.000001
980.000000 0.000001
981.000000 0.000001
982.000000 0.000001
983.000000 0.000001
984.000000 0.000001
985.000000 0.000001
986.000000 0.000001
987.000000 0.000001
988.000000 0.000001
989.000000 0.000001
990.000000 0.000001
991.000000 0.000001
992.000000 0.000001
993.000000 0.000001
994.000000 0.000001
995.000000 0.000001
996.000000 0.000001
997.000000 0.000001
998.000000 0.000001
999.000000 0.000001
1000.000000 0.000001
The optical depth at z= 66.000000
1.000000 0.000000
2.000000 0.000000
3.000000 0.000000
4.000000 0.000000
5.000000 231.612649
6.000000 338.584578
7.000000 1332.263281
8.000000 1780.987720
9.000000 2290.797009
10.000000 2915.627474
11.000000 3620.854666
12.000000 4414.164863
13.000000 5262.094724
14.000000 6229.885187
15.000000 7296.428184
16.000000 8338.774842
17.000000 9517.285591
18.000000 10662.586864
19.000000 11955.753961
20.000000 13562.131045
21.000000 15348.636465
22.000000 16813.867138
23.000000 18365.130060
24.000000 20147.602692
25.000000 21204.184553
26.000000 22193.552461
27.000000 22865.679966
28.000000 23699.117798
29.000000 24553.679433
30.000000 25317.982921
31.000000 25970.908078
32.000000 27392.448751
33.000000 28829.675859
34.000000 29725.844285
35.000000 32304.342133
36.000000 33843.457025
37.000000 35378.624593
38.000000 36953.880299
39.000000 38753.721627
40.000000 40306.793971
41.000000 42589.981901
42.000000 43509.110731
43.000000 44908.848885
44.000000 45880.886186
45.000000 45820.329855
46.000000 46034.986771
47.000000 46285.693110
48.000000 47281.316136
49.000000 47601.228031
50.000000 47733.421900
51.000000 48513.743653
52.000000 50307.030362
53.000000 51363.650303
54.000000 50762.252957
55.000000 50020.879097
56.000000 48665.187259
57.000000 47528.168394
58.000000 46880.130848
59.000000 46926.756635
60.000000 47491.327614
61.000000 48217.038681
62.000000 49103.804502
63.000000 49210.396245
64.000000 49347.863375
65.000000 50613.591344
66.000000 50146.053254
67.000000 50893.047538
68.000000 50796.915360
69.000000 50761.234895
70.000000 51210.741545
71.000000 51716.548483
72.000000 52281.415057
73.000000 52919.175815
74.000000 54063.819804
75.000000 55203.145769
76.000000 55783.757251
77.000000 56271.680781
78.000000 55542.182411
79.000000 53541.487512
80.000000 51559.046669
81.000000 49403.881997
82.000000 47249.542896
83.000000 47503.594362
84.000000 53381.672895
85.000000 59260.776467
86.000000 65135.255333
87.000000 71007.292035
88.000000 76883.250314
89.000000 80153.392054
90.000000 79512.721443
91.000000 78848.461706
92.000000 78994.755920
93.000000 82461.929073
94.000000 85894.240255
95.000000 89310.904231
96.000000 85681.426733
97.000000 77303.193447
98.000000 68928.547284
99.000000 60555.067363
100.000000 48733.973294
101.000000 36038.382690
102.000000 23366.829538
103.000000 10649.369472
104.000000 8607.624568
105.000000 6568.619879
106.000000 4536.954513
107.000000 2492.432139
108.000000 450.382369
109.000000 292.197026
110.000000 112.574241
111.000000 21.397955
112.000000 466.710872
113.000000 91.590445
114.000000 37.528661
115.000000 309.390562
116.000000 29.028122
117.000000 96.961727
118.000000 83.209020
119.000000 19.085686
120.000000 645.376644
121.000000 915.578371
122.000000 39.809710
123.000000 145.723022
124.000000 76.491510
125.000000 528.520257
126.000000 154.781855
127.000000 31.857989
128.000000 102.194239
129.000000 199.786541
130.000000 220.112877
131.000000 255.909104
132.000000 430.327119
133.000000 747.363906
134.000000 921.174596
135.000000 2107.232354
136.000000 3358.109997
137.000000 4214.192983
138.000000 5070.474491
139.000000 5470.754300
140.000000 5249.182062
141.000000 5099.398348
142.000000 5377.027321
143.000000 5654.693273
144.000000 5623.144579
145.000000 5482.966948
146.000000 5342.787473
147.000000 5202.592687
148.000000 5062.383032
149.000000 4668.631821
150.000000 4796.409137
151.000000 4454.376953
152.000000 4112.348865
153.000000 3770.320897
154.000000 3408.258366
155.000000 3115.233675
156.000000 2791.195231
157.000000 2543.523588
158.000000 2292.686937
159.000000 2016.748558
160.000000 1818.593466
161.000000 1595.956644
162.000000 1373.296253
163.000000 1160.122191
164.000000 953.250067
165.000000 835.736011
166.000000 718.231930
167.000000 600.715785
168.000000 484.786679
169.000000 394.834380
170.000000 304.876563
171.000000 282.847918
172.000000 220.054461
173.000000 169.982241
174.000000 134.262875
175.000000 98.543556
176.000000 71.892227
177.000000 50.913539
178.000000 41.175316
179.000000 37.916292
180.000000 21.711992
181.000000 1.420829
182.000000 7.291679
183.000000 0.489499
184.000000 2.504493
185.000000 0.710037
186.000000 0.207370
187.000000 0.232184
188.000000 0.034330
189.000000 0.116112
190.000000 0.016436
191.000000 0.031491
192.000000 0.032121
193.000000 0.027954
194.000000 0.008785
195.000000 0.263602
196.000000 0.030791
197.000000 0.002564
198.000000 0.003774
199.000000 0.004244
200.000000 0.011163
201.000000 0.007807
202.000000 0.003888
203.000000 0.003634
204.000000 0.003802
205.000000 0.003970
206.000000 0.003904
207.000000 0.003897
208.000000 0.003861
209.000000 0.003835
210.000000 0.003827
211.000000 0.003789
212.000000 0.003794
213.000000 0.003829
214.000000 0.003863
215.000000 0.003945
216.000000 0.003978
217.000000 0.004052
218.000000 0.004123
219.000000 0.004215
220.000000 0.004355
221.000000 0.004487
222.000000 0.004680
223.000000 0.004861
224.000000 0.005058
225.000000 0.005277
226.000000 0.005491
227.000000 0.005752
228.000000 0.006023
229.000000 0.006350
230.000000 0.006693
231.000000 0.007076
232.000000 0.007313
233.000000 0.007747
234.000000 0.008024
235.000000 0.008447
236.000000 0.008791
237.000000 0.009201
238.000000 0.009611
239.000000 0.009950
240.000000 0.010507
241.000000 0.010766
242.000000 0.011199
243.000000 0.011402
244.000000 0.011789
245.000000 0.011928
246.000000 0.012455
247.000000 0.012565
248.000000 0.012915
249.000000 0.013322
250.000000 0.013471
251.000000 0.013365
252.000000 0.013873
253.000000 0.013657
254.000000 0.013892
255.000000 0.013824
256.000000 0.013851
257.000000 0.013579
258.000000 0.013446
259.000000 0.013762
260.000000 0.012886
261.000000 0.013155
262.000000 0.012610
263.000000 0.012287
264.000000 0.011978
265.000000 0.011593
266.000000 0.011359
267.000000 0.010600
268.000000 0.010495
269.000000 0.009712
270.000000 0.009622
271.000000 0.008886
272.000000 0.008590
273.000000 0.008007
274.000000 0.007395
275.000000 0.007066
276.000000 0.006499
277.000000 0.006090
278.000000 0.005627
279.000000 0.005201
280.000000 0.004873
281.000000 0.004424
282.000000 0.003921
283.000000 0.003637
284.000000 0.003314
285.000000 0.003012
286.000000 0.002739
287.000000 0.002479
288.000000 0.002183
289.000000 0.001975
290.000000 0.001771
291.000000 0.001605
292.000000 0.001396
293.000000 0.001274
294.000000 0.001111
295.000000 0.001008
296.000000 0.000883
297.000000 0.000793
298.000000 0.000690
299.000000 0.000628
300.000000 0.000550
301.000000 0.000493
302.000000 0.000445
303.000000 0.000392
304.000000 0.000362
305.000000 0.000320
306.000000 0.000293
307.000000 0.000267
308.000000 0.000241
309.000000 0.000227
310.000000 0.000199
311.000000 0.000188
312.000000 0.000166
313.000000 0.000152
314.000000 0.000148
315.000000 0.000133
316.000000 0.000129
317.000000 0.000119
318.000000 0.000117
319.000000 0.000103
320.000000 0.000109
321.000000 0.000094
322.000000 0.000098
323.000000 0.000094
324.000000 0.000083
325.000000 0.000091
326.000000 0.000082
327.000000 0.000077
328.000000 0.000084
329.000000 0.000074
330.000000 0.000072
331.000000 0.000075
332.000000 0.000070
333.000000 0.000068
334.000000 0.000070
335.000000 0.000066
336.000000 0.000064
337.000000 0.000065
338.000000 0.000064
339.000000 0.000062
340.000000 0.000062
341.000000 0.000060
342.000000 0.000059
343.000000 0.000059
344.000000 0.000059
345.000000 0.000057
346.000000 0.000056
347.000000 0.000056
348.000000 0.000055
349.000000 0.000054
350.000000 0.000054
351.000000 0.000053
352.000000 0.000052
353.000000 0.000052
354.000000 0.000051
355.000000 0.000050
356.000000 0.000050
357.000000 0.000049
358.000000 0.000049
359.000000 0.000048
360.000000 0.000048
361.000000 0.000047
362.000000 0.000046
363.000000 0.000046
364.000000 0.000045
365.000000 0.000045
366.000000 0.000044
367.000000 0.000044
368.000000 0.000043
369.000000 0.000043
370.000000 0.000042
371.000000 0.000042
372.000000 0.000041
373.000000 0.000041
374.000000 0.000040
375.000000 0.000040
376.000000 0.000040
377.000000 0.000039
378.000000 0.000039
379.000000 0.000038
380.000000 0.000038
381.000000 0.000037
382.000000 0.000037
383.000000 0.000037
384.000000 0.000036
385.000000 0.000036
386.000000 0.000035
387.000000 0.000035
388.000000 0.000035
389.000000 0.000034
390.000000 0.000034
391.000000 0.000034
392.000000 0.000033
393.000000 0.000033
394.000000 0.000033
395.000000 0.000032
396.000000 0.000032
397.000000 0.000032
398.000000 0.000031
399.000000 0.000031
400.000000 0.000031
401.000000 0.000030
402.000000 0.000030
403.000000 0.000030
404.000000 0.000029
405.000000 0.000029
406.000000 0.000029
407.000000 0.000028
408.000000 0.000028
409.000000 0.000028
410.000000 0.000028
411.000000 0.000027
412.000000 0.000027
413.000000 0.000027
414.000000 0.000027
415.000000 0.000026
416.000000 0.000026
417.000000 0.000026
418.000000 0.000026
419.000000 0.000025
420.000000 0.000025
421.000000 0.000025
422.000000 0.000025
423.000000 0.000024
424.000000 0.000024
425.000000 0.000024
426.000000 0.000024
427.000000 0.000023
428.000000 0.000023
429.000000 0.000023
430.000000 0.000023
431.000000 0.000023
432.000000 0.000022
433.000000 0.000022
434.000000 0.000022
435.000000 0.000022
436.000000 0.000022
437.000000 0.000021
438.000000 0.000021
439.000000 0.000021
440.000000 0.000021
441.000000 0.000021
442.000000 0.000020
443.000000 0.000020
444.000000 0.000020
445.000000 0.000020
446.000000 0.000020
447.000000 0.000020
448.000000 0.000019
449.000000 0.000019
450.000000 0.000019
451.000000 0.000019
452.000000 0.000019
453.000000 0.000019
454.000000 0.000018
455.000000 0.000018
456.000000 0.000018
457.000000 0.000018
458.000000 0.000018
459.000000 0.000018
460.000000 0.000018
461.000000 0.000018
462.000000 0.000017
463.000000 0.000017
464.000000 0.000017
465.000000 0.000017
466.000000 0.000017
467.000000 0.000017
468.000000 0.000016
469.000000 0.000016
470.000000 0.000016
471.000000 0.000016
472.000000 0.000016
473.000000 0.000016
474.000000 0.000016
475.000000 0.000016
476.000000 0.000016
477.000000 0.000015
478.000000 0.000015
479.000000 0.000015
480.000000 0.000015
481.000000 0.000015
482.000000 0.000015
483.000000 0.000015
484.000000 0.000015
485.000000 0.000015
486.000000 0.000015
487.000000 0.000015
488.000000 0.000014
489.000000 0.000014
490.000000 0.000014
491.000000 0.000014
492.000000 0.000014
493.000000 0.000014
494.000000 0.000014
495.000000 0.000014
496.000000 0.000014
497.000000 0.000014
498.000000 0.000014
499.000000 0.000014
500.000000 0.000014
501.000000 0.000014
502.000000 0.000014
503.000000 0.000014
504.000000 0.000014
505.000000 0.000014
506.000000 0.000014
507.000000 0.000014
508.000000 0.000013
509.000000 0.000013
510.000000 0.000013
511.000000 0.000013
512.000000 0.000013
513.000000 0.000013
514.000000 0.000013
515.000000 0.000013
516.000000 0.000013
517.000000 0.000013
518.000000 0.000013
519.000000 0.000013
520.000000 0.000013
521.000000 0.000013
522.000000 0.000013
523.000000 0.000013
524.000000 0.000013
525.000000 0.000013
526.000000 0.000013
527.000000 0.000013
528.000000 0.000013
529.000000 0.000013
530.000000 0.000013
531.000000 0.000013
532.000000 0.000013
533.000000 0.000013
534.000000 0.000013
535.000000 0.000013
536.000000 0.000013
537.000000 0.000013
538.000000 0.000012
539.000000 0.000012
540.000000 0.000012
541.000000 0.000012
542.000000 0.000012
543.000000 0.000012
544.000000 0.000012
545.000000 0.000012
546.000000 0.000012
547.000000 0.000012
548.000000 0.000012
549.000000 0.000012
550.000000 0.000012
551.000000 0.000012
552.000000 0.000012
553.000000 0.000012
554.000000 0.000012
555.000000 0.000012
556.000000 0.000012
557.000000 0.000012
558.000000 0.000012
559.000000 0.000012
560.000000 0.000012
561.000000 0.000013
562.000000 0.000013
563.000000 0.000013
564.000000 0.000013
565.000000 0.000013
566.000000 0.000013
567.000000 0.000013
568.000000 0.000013
569.000000 0.000013
570.000000 0.000013
571.000000 0.000013
572.000000 0.000013
573.000000 0.000013
574.000000 0.000013
575.000000 0.000013
576.000000 0.000013
577.000000 0.000013
578.000000 0.000012
579.000000 0.000012
580.000000 0.000012
581.000000 0.000012
582.000000 0.000012
583.000000 0.000012
584.000000 0.000012
585.000000 0.000012
586.000000 0.000012
587.000000 0.000012
588.000000 0.000012
589.000000 0.000012
590.000000 0.000012
591.000000 0.000012
592.000000 0.000012
593.000000 0.000012
594.000000 0.000012
595.000000 0.000012
596.000000 0.000012
597.000000 0.000012
598.000000 0.000012
599.000000 0.000012
600.000000 0.000012
601.000000 0.000012
602.000000 0.000012
603.000000 0.000012
604.000000 0.000012
605.000000 0.000012
606.000000 0.000012
607.000000 0.000012
608.000000 0.000012
609.000000 0.000011
610.000000 0.000011
611.000000 0.000011
612.000000 0.000011
613.000000 0.000011
614.000000 0.000011
615.000000 0.000011
616.000000 0.000010
617.000000 0.000010
618.000000 0.000010
619.000000 0.000010
620.000000 0.000010
621.000000 0.000010
622.000000 0.000010
623.000000 0.000010
624.000000 0.000010
625.000000 0.000010
626.000000 0.000009
627.000000 0.000009
628.000000 0.000010
629.000000 0.000009
630.000000 0.000009
631.000000 0.000009
632.000000 0.000009
633.000000 0.000009
634.000000 0.000009
635.000000 0.000009
636.000000 0.000009
637.000000 0.000008
638.000000 0.000008
639.000000 0.000008
640.000000 0.000008
641.000000 0.000008
642.000000 0.000008
643.000000 0.000008
644.000000 0.000008
645.000000 0.000008
646.000000 0.000008
647.000000 0.000007
648.000000 0.000007
649.000000 0.000007
650.000000 0.000007
651.000000 0.000007
652.000000 0.000007
653.000000 0.000007
654.000000 0.000007
655.000000 0.000007
656.000000 0.000007
657.000000 0.000007
658.000000 0.000007
659.000000 0.000007
660.000000 0.000006
661.000000 0.000006
662.000000 0.000006
663.000000 0.000006
664.000000 0.000006
665.000000 0.000006
666.000000 0.000006
667.000000 0.000006
668.000000 0.000006
669.000000 0.000006
670.000000 0.000006
671.000000 0.000006
672.000000 0.000006
673.000000 0.000006
674.000000 0.000005
675.000000 0.000005
676.000000 0.000005
677.000000 0.000005
678.000000 0.000005
679.000000 0.000005
680.000000 0.000005
681.000000 0.000005
682.000000 0.000005
683.000000 0.000005
684.000000 0.000005
685.000000 0.000005
686.000000 0.000005
687.000000 0.001998
688.000000 0.000005
689.000000 0.000005
690.000000 0.000078
691.000000 0.000005
692.000000 0.000005
693.000000 0.000004
694.000000 0.000004
695.000000 0.000004
696.000000 0.000004
697.000000 0.000004
698.000000 0.000004
699.000000 0.000004
700.000000 0.000004
701.000000 0.000004
702.000000 0.000004
703.000000 0.000004
704.000000 0.000004
705.000000 0.000004
706.000000 0.000004
707.000000 0.000004
708.000000 0.000004
709.000000 0.000004
710.000000 0.000004
711.000000 0.000004
712.000000 0.000004
713.000000 0.000004
714.000000 0.000004
715.000000 0.000004
716.000000 0.000004
717.000000 0.000004
718.000000 0.000004
719.000000 0.000004
720.000000 0.000004
721.000000 0.000003
722.000000 0.000003
723.000000 0.000003
724.000000 0.000003
725.000000 0.000003
726.000000 0.000003
727.000000 0.000003
728.000000 0.000003
729.000000 0.000003
730.000000 0.000003
731.000000 0.000003
732.000000 0.000003
733.000000 0.000003
734.000000 0.000003
735.000000 0.000003
736.000000 0.000003
737.000000 0.000003
738.000000 0.000003
739.000000 0.000003
740.000000 0.000003
741.000000 0.000003
742.000000 0.000003
743.000000 0.000003
744.000000 0.000003
745.000000 0.000003
746.000000 0.000003
747.000000 0.000003
748.000000 0.000003
749.000000 0.000003
750.000000 0.000003
751.000000 0.000003
752.000000 0.000003
753.000000 0.000003
754.000000 0.000003
755.000000 0.000003
756.000000 0.000003
757.000000 0.000003
758.000000 0.000003
759.000000 0.000003
760.000000 0.000003
761.000000 0.000011
762.000000 0.000003
763.000000 0.000003
764.000000 0.000002
765.000000 0.000003
766.000000 0.000008
767.000000 0.000002
768.000000 0.000002
769.000000 0.000002
770.000000 0.000002
771.000000 0.000002
772.000000 0.000002
773.000000 0.000002
774.000000 0.000002
775.000000 0.000002
776.000000 0.000002
777.000000 0.000002
778.000000 0.000002
779.000000 0.000002
780.000000 0.000002
781.000000 0.000002
782.000000 0.000002
783.000000 0.000002
784.000000 0.000002
785.000000 0.000002
786.000000 0.000002
787.000000 0.000002
788.000000 0.000002
789.000000 0.000002
790.000000 0.000002
791.000000 0.000002
792.000000 0.000002
793.000000 0.000002
794.000000 0.000002
795.000000 0.000002
796.000000 0.000002
797.000000 0.000002
798.000000 0.000002
799.000000 0.000002
800.000000 0.000002
801.000000 0.000002
802.000000 0.000002
803.000000 0.000002
804.000000 0.000002
805.000000 0.000002
806.000000 0.000002
807.000000 0.000002
808.000000 0.000002
809.000000 0.000002
810.000000 0.000002
811.000000 0.000002
812.000000 0.000002
813.000000 0.000002
814.000000 0.000002
815.000000 0.000002
816.000000 0.000002
817.000000 0.000002
818.000000 0.000003
819.000000 0.000002
820.000000 0.000002
821.000000 0.000002
822.000000 0.000002
823.000000 0.000002
824.000000 0.000002
825.000000 0.000002
826.000000 0.000002
827.000000 0.000002
828.000000 0.000002
829.000000 0.000002
830.000000 0.000002
831.000000 0.000002
832.000000 0.000002
833.000000 0.000002
834.000000 0.000002
835.000000 0.000002
836.000000 0.000002
837.000000 0.000002
838.000000 0.000002
839.000000 0.000002
840.000000 0.000002
841.000000 0.000002
842.000000 0.000002
843.000000 0.000002
844.000000 0.000002
845.000000 0.000002
846.000000 0.000002
847.000000 0.000002
848.000000 0.000002
849.000000 0.000002
850.000000 0.000002
851.000000 0.000002
852.000000 0.000002
853.000000 0.000002
854.000000 0.000002
855.000000 0.000002
856.000000 0.000002
857.000000 0.000002
858.000000 0.000002
859.000000 0.000002
860.000000 0.000001
861.000000 0.000001
862.000000 0.000001
863.000000 0.000001
864.000000 0.000001
865.000000 0.000001
866.000000 0.000001
867.000000 0.000001
868.000000 0.000001
869.000000 0.000001
870.000000 0.000001
871.000000 0.000001
872.000000 0.000001
873.000000 0.000001
874.000000 0.000001
875.000000 0.000001
876.000000 0.000001
877.000000 0.000001
878.000000 0.000001
879.000000 0.000001
880.000000 0.000001
881.000000 0.000001
882.000000 0.000001
883.000000 0.000001
884.000000 0.000001
885.000000 0.000001
886.000000 0.000001
887.000000 0.000001
888.000000 0.000001
889.000000 0.000001
890.000000 0.000001
891.000000 0.000001
892.000000 0.000001
893.000000 0.000001
894.000000 0.000001
895.000000 0.000001
896.000000 0.000001
897.000000 0.000001
898.000000 0.000001
899.000000 0.000001
900.000000 0.000001
901.000000 0.000001
902.000000 0.000001
903.000000 0.000001
904.000000 0.000001
905.000000 0.000001
906.000000 0.000001
907.000000 0.000001
908.000000 0.000001
909.000000 0.000001
910.000000 0.000001
911.000000 0.000001
912.000000 0.000001
913.000000 0.000001
914.000000 0.000001
915.000000 0.000001
916.000000 0.000001
917.000000 0.000001
918.000000 0.000001
919.000000 0.000001
920.000000 0.000001
921.000000 0.000001
922.000000 0.000001
923.000000 0.000001
924.000000 0.000001
925.000000 0.000001
926.000000 0.000001
927.000000 0.000001
928.000000 0.000002
929.000000 0.000001
930.000000 0.000001
931.000000 0.000001
932.000000 0.000001
933.000000 0.000001
934.000000 0.000001
935.000000 0.000001
936.000000 0.000001
937.000000 0.000001
938.000000 0.000197
939.000000 0.000001
940.000000 0.000001
941.000000 0.000001
942.000000 0.000001
943.000000 0.000001
944.000000 0.000001
945.000000 0.000001
946.000000 0.000001
947.000000 0.000001
948.000000 0.000001
949.000000 0.000001
950.000000 0.000001
951.000000 0.000001
952.000000 0.000001
953.000000 0.000001
954.000000 0.000001
955.000000 0.000001
956.000000 0.000001
957.000000 0.000001
958.000000 0.000001
959.000000 0.000001
960.000000 0.000001
961.000000 0.000001
962.000000 0.000001
963.000000 0.000001
964.000000 0.000001
965.000000 0.000001
966.000000 0.000001
967.000000 0.000001
968.000000 0.000001
969.000000 0.000001
970.000000 0.000001
971.000000 0.000001
972.000000 0.000001
973.000000 0.000001
974.000000 0.000001
975.000000 0.000001
976.000000 0.000001
977.000000 0.000001
978.000000 0.000001
979.000000 0.000001
980.000000 0.000001
981.000000 0.000001
982.000000 0.000001
983.000000 0.000001
984.000000 0.000001
985.000000 0.000001
986.000000 0.000001
987.000000 0.000001
988.000000 0.000001
989.000000 0.000001
990.000000 0.000001
991.000000 0.000001
992.000000 0.000001
993.000000 0.000001
994.000000 0.000001
995.000000 0.000001
996.000000 0.000001
997.000000 0.000001
998.000000 0.000001
999.000000 0.000001
1000.000000 0.000001
The optical depth at z= 68.000000
1.000000 0.000000
2.000000 0.000000
3.000000 0.000000
4.000000 0.000000
5.000000 169.729082
6.000000 248.119651
7.000000 976.302321
8.000000 1305.134388
9.000000 1678.730065
10.000000 2136.615105
11.000000 2653.416046
12.000000 3234.765566
13.000000 3856.141178
14.000000 4565.352373
15.000000 5346.930840
16.000000 6110.777989
17.000000 6974.408125
18.000000 7813.701965
19.000000 8761.353972
20.000000 9938.530945
21.000000 11247.708627
22.000000 12321.451355
23.000000 13458.239821
24.000000 14764.462240
25.000000 15538.741246
26.000000 16263.764402
27.000000 16756.309415
28.000000 17367.065092
29.000000 17993.300449
30.000000 18553.394084
31.000000 19031.866814
32.000000 20073.592538
33.000000 21126.813834
34.000000 21783.539714
35.000000 23673.100368
36.000000 24800.986454
37.000000 25925.979578
38.000000 27080.349890
39.000000 28399.300573
40.000000 29537.415234
41.000000 31210.568673
42.000000 31884.120433
43.000000 32909.868951
44.000000 33622.192793
45.000000 33577.816704
46.000000 33735.120958
47.000000 33918.842566
48.000000 34648.449470
49.000000 34882.885025
50.000000 34979.758644
51.000000 35551.589749
52.000000 36865.736163
53.000000 37640.042340
54.000000 37199.329824
55.000000 36656.040272
56.000000 35662.570037
57.000000 34829.346240
58.000000 34354.454882
59.000000 34388.622996
60.000000 34802.348741
61.000000 35334.160051
62.000000 35983.994344
63.000000 36062.106911
64.000000 36162.845220
65.000000 37090.389072
66.000000 36747.770799
67.000000 37295.179380
68.000000 37224.734200
69.000000 37198.588796
70.000000 37527.994340
71.000000 37898.657409
72.000000 38312.599944
73.000000 38779.960289
74.000000 39618.771090
75.000000 40453.684767
76.000000 40879.165504
77.000000 41236.723298
78.000000 40702.137005
79.000000 39235.999601
80.000000 37783.238801
81.000000 36203.904130
82.000000 34625.174476
83.000000 34811.349808
84.000000 39118.895409
85.000000 43427.188466
86.000000 47732.093365
87.000000 52035.208963
88.000000 56341.200042
89.000000 58737.609610
90.000000 58268.117100
91.000000 57781.338141
92.000000 57888.543994
93.000000 60429.334646
94.000000 62944.577966
95.000000 65448.354777
96.000000 62788.616725
97.000000 56648.921461
98.000000 50511.854873
99.000000 44375.642938
100.000000 35712.974173
101.000000 26409.462854
102.000000 17123.566513
103.000000 7804.028928
104.000000 6307.809368
105.000000 4813.597829
106.000000 3324.764643
107.000000 1826.508809
108.000000 330.057447
109.000000 213.884745
110.000000 82.508032
111.000000 15.718407
112.000000 342.117319
113.000000 67.252494
114.000000 27.513616
115.000000 226.699020
116.000000 21.269854
117.000000 71.053852
118.000000 60.974604
119.000000 13.984897
120.000000 472.940754
121.000000 670.949254
122.000000 29.169366
123.000000 106.790073
124.000000 56.051392
125.000000 387.307858
126.000000 113.427004
127.000000 23.346639
128.000000 74.890713
129.000000 146.408905
130.000000 161.304290
131.000000 187.536704
132.000000 315.353278
133.000000 547.683854
134.000000 675.056812
135.000000 1544.218055
136.000000 2460.881738
137.000000 3088.232424
138.000000 3715.729241
139.000000 4009.060302
140.000000 3846.689308
141.000000 3736.926301
142.000000 3940.377200
143.000000 4143.854844
144.000000 4120.735639
145.000000 4018.011750
146.000000 3915.286469
147.000000 3812.548477
148.000000 3709.799677
149.000000 3421.251998
150.000000 3514.887612
151.000000 3264.240346
152.000000 3013.596074
153.000000 2762.951877
154.000000 2497.626123
155.000000 2282.892306
156.000000 2045.431458
157.000000 1863.933615
158.000000 1680.116330
159.000000 1477.904087
160.000000 1332.692402
161.000000 1169.540504
162.000000 1006.371161
163.000000 850.153510
164.000000 698.554169
165.000000 612.437574
166.000000 526.328792
167.000000 440.211339
168.000000 355.256747
169.000000 289.338459
170.000000 223.416141
171.000000 207.273219
172.000000 161.257474
173.000000 124.563916
174.000000 98.388413
175.000000 72.212900
176.000000 52.682540
177.000000 37.309187
178.000000 30.173084
179.000000 28.150663
180.000000 15.503719
181.000000 1.015735
182.000000 5.222093
183.000000 0.355267
184.000000 1.786406
185.000000 0.516493
186.000000 0.149068
187.000000 0.166221
188.000000 0.025143
189.000000 0.083036
190.000000 0.012041
191.000000 0.022502
192.000000 0.023213
193.000000 0.020077
194.000000 0.006307
195.000000 0.191479
196.000000 0.021994
197.000000 0.001866
198.000000 0.002781
199.000000 0.003124
200.000000 0.008195
201.000000 0.005735
202.000000 0.002864
203.000000 0.002677
204.000000 0.002801
205.000000 0.002925
206.000000 0.002878
207.000000 0.002875
208.000000 0.002850
209.000000 0.002833
210.000000 0.002830
211.000000 0.002805
212.000000 0.002812
213.000000 0.002841
214.000000 0.002871
215.000000 0.002936
216.000000 0.002966
217.000000 0.003026
218.000000 0.003085
219.000000 0.003159
220.000000 0.003270
221.000000 0.003375
222.000000 0.003526
223.000000 0.003668
224.000000 0.003823
225.000000 0.003995
226.000000 0.004163
227.000000 0.004368
228.000000 0.004580
229.000000 0.004834
230.000000 0.005101
231.000000 0.005404
232.000000 0.005584
233.000000 0.005921
234.000000 0.006135
235.000000 0.006462
236.000000 0.006729
237.000000 0.007048
238.000000 0.007365
239.000000 0.007627
240.000000 0.008058
241.000000 0.008259
242.000000 0.008593
243.000000 0.008756
244.000000 0.009058
245.000000 0.009166
246.000000 0.009573
247.000000 0.009656
248.000000 0.009926
249.000000 0.010240
250.000000 0.010354
251.000000 0.010273
252.000000 0.010664
253.000000 0.010498
254.000000 0.010679
255.000000 0.010627
256.000000 0.010647
257.000000 0.010438
258.000000 0.010337
259.000000 0.010580
260.000000 0.009905
261.000000 0.010113
262.000000 0.009694
263.000000 0.009444
264.000000 0.009207
265.000000 0.008910
266.000000 0.008731
267.000000 0.008146
268.000000 0.008066
269.000000 0.007464
270.000000 0.007396
271.000000 0.006829
272.000000 0.006602
273.000000 0.006153
274.000000 0.005681
275.000000 0.005429
276.000000 0.004992
277.000000 0.004678
278.000000 0.004320
279.000000 0.003993
280.000000 0.003742
281.000000 0.003397
282.000000 0.003010
283.000000 0.002791
284.000000 0.002542
285.000000 0.002310
286.000000 0.002100
287.000000 0.001901
288.000000 0.001673
289.000000 0.001513
290.000000 0.001357
291.000000 0.001229
292.000000 0.001068
293.000000 0.000975
294.000000 0.000849
295.000000 0.000770
296.000000 0.000674
297.000000 0.000605
298.000000 0.000526
299.000000 0.000479
300.000000 0.000419
301.000000 0.000375
302.000000 0.000338
303.000000 0.000297
304.000000 0.000274
305.000000 0.000242
306.000000 0.000221
307.000000 0.000201
308.000000 0.000182
309.000000 0.000171
310.000000 0.000150
311.000000 0.000141
312.000000 0.000123
313.000000 0.000113
314.000000 0.000110
315.000000 0.000098
316.000000 0.000096
317.000000 0.000088
318.000000 0.000087
319.000000 0.000076
320.000000 0.000081
321.000000 0.000069
322.000000 0.000072
323.000000 0.000070
324.000000 0.000061
325.000000 0.000068
326.000000 0.000060
327.000000 0.000057
328.000000 0.000062
329.000000 0.000054
330.000000 0.000053
331.000000 0.000055
332.000000 0.000051
333.000000 0.000050
334.000000 0.000052
335.000000 0.000048
336.000000 0.000047
337.000000 0.000048
338.000000 0.000047
339.000000 0.000045
340.000000 0.000045
341.000000 0.000044
342.000000 0.000043
343.000000 0.000043
344.000000 0.000043
345.000000 0.000042
346.000000 0.000041
347.000000 0.000041
348.000000 0.000040
349.000000 0.000040
350.000000 0.000039
351.000000 0.000039
352.000000 0.000038
353.000000 0.000038
354.000000 0.000037
355.000000 0.000037
356.000000 0.000036
357.000000 0.000036
358.000000 0.000036
359.000000 0.000035
360.000000 0.000035
361.000000 0.000034
362.000000 0.000034
363.000000 0.000034
364.000000 0.000033
365.000000 0.000033
366.000000 0.000032
367.000000 0.000032
368.000000 0.000032
369.000000 0.000031
370.000000 0.000031
371.000000 0.000031
372.000000 0.000030
373.000000 0.000030
374.000000 0.000030
375.000000 0.000029
376.000000 0.000029
377.000000 0.000029
378.000000 0.000028
379.000000 0.000028
380.000000 0.000028
381.000000 0.000027
382.000000 0.000027
383.000000 0.000027
384.000000 0.000027
385.000000 0.000026
386.000000 0.000026
387.000000 0.000026
388.000000 0.000025
389.000000 0.000025
390.000000 0.000025
391.000000 0.000025
392.000000 0.000024
393.000000 0.000024
394.000000 0.000024
395.000000 0.000024
396.000000 0.000023
397.000000 0.000023
398.000000 0.000023
399.000000 0.000023
400.000000 0.000022
401.000000 0.000022
402.000000 0.000022
403.000000 0.000022
404.000000 0.000022
405.000000 0.000021
406.000000 0.000021
407.000000 0.000021
408.000000 0.000021
409.000000 0.000020
410.000000 0.000020
411.000000 0.000020
412.000000 0.000020
413.000000 0.000020
414.000000 0.000019
415.000000 0.000019
416.000000 0.000019
417.000000 0.000019
418.000000 0.000019
419.000000 0.000019
420.000000 0.000018
421.000000 0.000018
422.000000 0.000018
423.000000 0.000018
424.000000 0.000018
425.000000 0.000018
426.000000 0.000017
427.000000 0.000017
428.000000 0.000017
429.000000 0.000017
430.000000 0.000017
431.000000 0.000017
432.000000 0.000016
433.000000 0.000016
434.000000 0.000016
435.000000 0.000016
436.000000 0.000016
437.000000 0.000016
438.000000 0.000015
439.000000 0.000015
440.000000 0.000015
441.000000 0.000015
442.000000 0.000015
443.000000 0.000015
444.000000 0.000015
445.000000 0.000015
446.000000 0.000014
447.000000 0.000014
448.000000 0.000014
449.000000 0.000014
450.000000 0.000014
451.000000 0.000014
452.000000 0.000014
453.000000 0.000014
454.000000 0.000013
455.000000 0.000013
456.000000 0.000013
457.000000 0.000013
458.000000 0.000013
459.000000 0.000013
460.000000 0.000013
461.000000 0.000013
462.000000 0.000013
463.000000 0.000013
464.000000 0.000012
465.000000 0.000012
466.000000 0.000012
467.000000 0.000012
468.000000 0.000012
469.000000 0.000012
470.000000 0.000012
471.000000 0.000012
472.000000 0.000012
473.000000 0.000012
474.000000 0.000012
475.000000 0.000011
476.000000 0.000011
477.000000 0.000011
478.000000 0.000011
479.000000 0.000011
480.000000 0.000011
481.000000 0.000011
482.000000 0.000011
483.000000 0.000011
484.000000 0.000011
485.000000 0.000011
486.000000 0.000011
487.000000 0.000011
488.000000 0.000011
489.000000 0.000011
490.000000 0.000010
491.000000 0.000010
492.000000 0.000010
493.000000 0.000010
494.000000 0.000010
495.000000 0.000010
496.000000 0.000010
497.000000 0.000010
498.000000 0.000010
499.000000 0.000010
500.000000 0.000010
501.000000 0.000010
502.000000 0.000010
503.000000 0.000010
504.000000 0.000010
505.000000 0.000010
506.000000 0.000010
507.000000 0.000010
508.000000 0.000010
509.000000 0.000010
510.000000 0.000010
511.000000 0.000010
512.000000 0.000010
513.000000 0.000010
514.000000 0.000009
515.000000 0.000009
516.000000 0.000009
517.000000 0.000009
518.000000 0.000009
519.000000 0.000009
520.000000 0.000009
521.000000 0.000009
522.000000 0.000009
523.000000 0.000009
524.000000 0.000009
525.000000 0.000009
526.000000 0.000009
527.000000 0.000009
528.000000 0.000009
529.000000 0.000009
530.000000 0.000010
531.000000 0.000010
532.000000 0.000010
533.000000 0.000010
534.000000 0.000009
535.000000 0.000009
536.000000 0.000009
537.000000 0.000009
538.000000 0.000009
539.000000 0.000009
540.000000 0.000009
541.000000 0.000009
542.000000 0.000009
543.000000 0.000009
544.000000 0.000009
545.000000 0.000009
546.000000 0.000009
547.000000 0.000009
548.000000 0.000009
549.000000 0.000009
550.000000 0.000009
551.000000 0.000009
552.000000 0.000009
553.000000 0.000009
554.000000 0.000009
555.000000 0.000009
556.000000 0.000009
557.000000 0.000009
558.000000 0.000009
559.000000 0.000009
560.000000 0.000009
561.000000 0.000009
562.000000 0.000009
563.000000 0.000009
564.000000 0.000009
565.000000 0.000010
566.000000 0.000010
567.000000 0.000010
568.000000 0.000010
569.000000 0.000010
570.000000 0.000010
571.000000 0.000010
572.000000 0.000010
573.000000 0.000010
574.000000 0.000010
575.000000 0.000010
576.000000 0.000009
577.000000 0.000009
578.000000 0.000009
579.000000 0.000009
580.000000 0.000009
581.000000 0.000009
582.000000 0.000009
583.000000 0.000009
584.000000 0.000009
585.000000 0.000009
586.000000 0.000009
587.000000 0.000009
588.000000 0.000009
589.000000 0.000009
590.000000 0.000009
591.000000 0.000009
592.000000 0.000009
593.000000 0.000009
594.000000 0.000009
595.000000 0.000009
596.000000 0.000009
597.000000 0.000009
598.000000 0.000009
599.000000 0.000009
600.000000 0.000009
601.000000 0.000009
602.000000 0.000009
603.000000 0.000009
604.000000 0.000009
605.000000 0.000009
606.000000 0.000009
607.000000 0.000009
608.000000 0.000009
609.000000 0.000009
610.000000 0.000008
611.000000 0.000008
612.000000 0.000008
613.000000 0.000008
614.000000 0.000008
615.000000 0.000008
616.000000 0.000008
617.000000 0.000008
618.000000 0.000008
619.000000 0.000008
620.000000 0.000008
621.000000 0.000007
622.000000 0.000007
623.000000 0.000007
624.000000 0.000007
625.000000 0.000007
626.000000 0.000007
627.000000 0.000007
628.000000 0.000008
629.000000 0.000007
630.000000 0.000007
631.000000 0.000007
632.000000 0.000007
633.000000 0.000007
634.000000 0.000007
635.000000 0.000006
636.000000 0.000006
637.000000 0.000006
638.000000 0.000006
639.000000 0.000006
640.000000 0.000006
641.000000 0.000006
642.000000 0.000006
643.000000 0.000006
644.000000 0.000006
645.000000 0.000006
646.000000 0.000006
647.000000 0.000006
648.000000 0.000006
649.000000 0.000005
650.000000 0.000005
651.000000 0.000005
652.000000 0.000005
653.000000 0.000005
654.000000 0.000005
655.000000 0.000005
656.000000 0.000005
657.000000 0.000005
658.000000 0.000005
659.000000 0.000005
660.000000 0.000005
661.000000 0.000005
662.000000 0.000005
663.000000 0.000005
664.000000 0.000005
665.000000 0.000005
666.000000 0.000005
667.000000 0.000004
668.000000 0.000004
669.000000 0.000004
670.000000 0.000004
671.000000 0.000004
672.000000 0.000004
673.000000 0.000004
674.000000 0.000004
675.000000 0.000004
676.000000 0.000004
677.000000 0.000004
678.000000 0.000004
679.000000 0.000004
680.000000 0.000004
681.000000 0.000004
682.000000 0.000004
683.000000 0.000004
684.000000 0.000004
685.000000 0.000004
686.000000 0.000004
687.000000 0.001457
688.000000 0.000004
689.000000 0.000003
690.000000 0.000054
691.000000 0.000003
692.000000 0.000003
693.000000 0.000003
694.000000 0.000003
695.000000 0.000003
696.000000 0.000003
697.000000 0.000003
698.000000 0.000003
699.000000 0.000003
700.000000 0.000003
701.000000 0.000003
702.000000 0.000003
703.000000 0.000003
704.000000 0.000003
705.000000 0.000003
706.000000 0.000003
707.000000 0.000003
708.000000 0.000003
709.000000 0.000003
710.000000 0.000003
711.000000 0.000003
712.000000 0.000003
713.000000 0.000003
714.000000 0.000003
715.000000 0.000003
716.000000 0.000003
717.000000 0.000003
718.000000 0.000003
719.000000 0.000003
720.000000 0.000003
721.000000 0.000003
722.000000 0.000003
723.000000 0.000003
724.000000 0.000002
725.000000 0.000002
726.000000 0.000002
727.000000 0.000002
728.000000 0.000002
729.000000 0.000002
730.000000 0.000002
731.000000 0.000002
732.000000 0.000002
733.000000 0.000002
734.000000 0.000002
735.000000 0.000002
736.000000 0.000002
737.000000 0.000002
738.000000 0.000002
739.000000 0.000002
740.000000 0.000002
741.000000 0.000002
742.000000 0.000002
743.000000 0.000002
744.000000 0.000002
745.000000 0.000002
746.000000 0.000002
747.000000 0.000002
748.000000 0.000002
749.000000 0.000002
750.000000 0.000002
751.000000 0.000002
752.000000 0.000002
753.000000 0.000002
754.000000 0.000002
755.000000 0.000002
756.000000 0.000002
757.000000 0.000002
758.000000 0.000002
759.000000 0.000002
760.000000 0.000002
761.000000 0.000008
762.000000 0.000002
763.000000 0.000002
764.000000 0.000002
765.000000 0.000002
766.000000 0.000006
767.000000 0.000002
768.000000 0.000002
769.000000 0.000002
770.000000 0.000002
771.000000 0.000002
772.000000 0.000002
773.000000 0.000002
774.000000 0.000002
775.000000 0.000002
776.000000 0.000002
777.000000 0.000002
778.000000 0.000002
779.000000 0.000002
780.000000 0.000002
781.000000 0.000002
782.000000 0.000002
783.000000 0.000002
784.000000 0.000002
785.000000 0.000002
786.000000 0.000002
787.000000 0.000002
788.000000 0.000002
789.000000 0.000002
790.000000 0.000002
791.000000 0.000002
792.000000 0.000002
793.000000 0.000002
794.000000 0.000002
795.000000 0.000002
796.000000 0.000002
797.000000 0.000001
798.000000 0.000001
799.000000 0.000001
800.000000 0.000001
801.000000 0.000001
802.000000 0.000002
803.000000 0.000001
804.000000 0.000001
805.000000 0.000001
806.000000 0.000001
807.000000 0.000001
808.000000 0.000001
809.000000 0.000001
810.000000 0.000001
811.000000 0.000001
812.000000 0.000001
813.000000 0.000001
814.000000 0.000001
815.000000 0.000001
816.000000 0.000001
817.000000 0.000001
818.000000 0.000002
819.000000 0.000001
820.000000 0.000001
821.000000 0.000001
822.000000 0.000001
823.000000 0.000001
824.000000 0.000001
825.000000 0.000001
826.000000 0.000001
827.000000 0.000001
828.000000 0.000001
829.000000 0.000001
830.000000 0.000001
831.000000 0.000001
832.000000 0.000001
833.000000 0.000001
834.000000 0.000001
835.000000 0.000001
836.000000 0.000001
837.000000 0.000001
838.000000 0.000001
839.000000 0.000001
840.000000 0.000001
841.000000 0.000001
842.000000 0.000001
843.000000 0.000001
844.000000 0.000001
845.000000 0.000001
846.000000 0.000001
847.000000 0.000001
848.000000 0.000001
849.000000 0.000001
850.000000 0.000001
851.000000 0.000001
852.000000 0.000001
853.000000 0.000001
854.000000 0.000001
855.000000 0.000001
856.000000 0.000001
857.000000 0.000001
858.000000 0.000001
859.000000 0.000001
860.000000 0.000001
861.000000 0.000001
862.000000 0.000001
863.000000 0.000001
864.000000 0.000001
865.000000 0.000001
866.000000 0.000001
867.000000 0.000001
868.000000 0.000001
869.000000 0.000001
870.000000 0.000001
871.000000 0.000001
872.000000 0.000001
873.000000 0.000001
874.000000 0.000001
875.000000 0.000001
876.000000 0.000001
877.000000 0.000001
878.000000 0.000001
879.000000 0.000001
880.000000 0.000001
881.000000 0.000001
882.000000 0.000001
883.000000 0.000001
884.000000 0.000001
885.000000 0.000001
886.000000 0.000001
887.000000 0.000001
888.000000 0.000001
889.000000 0.000001
890.000000 0.000001
891.000000 0.000001
892.000000 0.000001
893.000000 0.000001
894.000000 0.000001
895.000000 0.000001
896.000000 0.000001
897.000000 0.000001
898.000000 0.000001
899.000000 0.000001
900.000000 0.000001
901.000000 0.000001
902.000000 0.000001
903.000000 0.000001
904.000000 0.000001
905.000000 0.000001
906.000000 0.000001
907.000000 0.000001
908.000000 0.000001
909.000000 0.000001
910.000000 0.000001
911.000000 0.000001
912.000000 0.000001
913.000000 0.000001
914.000000 0.000001
915.000000 0.000001
916.000000 0.000001
917.000000 0.000001
918.000000 0.000001
919.000000 0.000001
920.000000 0.000001
921.000000 0.000001
922.000000 0.000001
923.000000 0.000001
924.000000 0.000001
925.000000 0.000001
926.000000 0.000001
927.000000 0.000001
928.000000 0.000001
929.000000 0.000001
930.000000 0.000001
931.000000 0.000001
932.000000 0.000001
933.000000 0.000001
934.000000 0.000001
935.000000 0.000001
936.000000 0.000001
937.000000 0.000001
938.000000 0.000141
939.000000 0.000001
940.000000 0.000001
941.000000 0.000001
942.000000 0.000001
943.000000 0.000001
944.000000 0.000001
945.000000 0.000001
946.000000 0.000001
947.000000 0.000001
948.000000 0.000001
949.000000 0.000001
950.000000 0.000001
951.000000 0.000001
952.000000 0.000001
953.000000 0.000001
954.000000 0.000001
955.000000 0.000001
956.000000 0.000001
957.000000 0.000001
958.000000 0.000001
959.000000 0.000001
960.000000 0.000001
961.000000 0.000001
962.000000 0.000001
963.000000 0.000001
964.000000 0.000001
965.000000 0.000001
966.000000 0.000001
967.000000 0.000001
968.000000 0.000001
969.000000 0.000001
970.000000 0.000001
971.000000 0.000001
972.000000 0.000001
973.000000 0.000001
974.000000 0.000001
975.000000 0.000001
976.000000 0.000001
977.000000 0.000001
978.000000 0.000001
979.000000 0.000001
980.000000 0.000001
981.000000 0.000001
982.000000 0.000001
983.000000 0.000001
984.000000 0.000001
985.000000 0.000001
986.000000 0.000001
987.000000 0.000001
988.000000 0.000001
989.000000 0.000001
990.000000 0.000001
991.000000 0.000001
992.000000 0.000001
993.000000 0.000001
994.000000 0.000001
995.000000 0.000001
996.000000 0.000001
997.000000 0.000001
998.000000 0.000001
999.000000 0.000001
1000.000000 0.000001
The optical depth at z= 70.000000
1.000000 0.000000
2.000000 0.000000
3.000000 0.000000
4.000000 0.000000
5.000000 122.524947
6.000000 179.113955
7.000000 704.778956
8.000000 942.158341
9.000000 1211.851685
10.000000 1542.392469
11.000000 1915.463800
12.000000 2335.131886
13.000000 2783.694241
14.000000 3295.663825
15.000000 3859.874277
16.000000 4411.284854
17.000000 5034.727286
18.000000 5640.601783
19.000000 6324.698416
20.000000 7174.485935
21.000000 8119.562895
22.000000 8894.682627
23.000000 9715.314223
24.000000 10658.257844
25.000000 11217.199121
26.000000 11740.582847
27.000000 12096.144190
28.000000 12537.040208
29.000000 12989.110640
30.000000 13393.435029
31.000000 13738.837290
32.000000 14490.844069
33.000000 15251.149650
34.000000 15725.231173
35.000000 17089.277616
36.000000 17903.482569
37.000000 18715.598838
38.000000 19548.922111
39.000000 20501.054283
40.000000 21322.643434
41.000000 22530.468828
42.000000 23016.696882
43.000000 23757.169950
44.000000 24271.386984
45.000000 24239.353001
46.000000 24352.909193
47.000000 24485.535526
48.000000 25012.228084
49.000000 25181.463230
50.000000 25251.394937
51.000000 25664.191537
52.000000 26612.854676
53.000000 27171.814859
54.000000 26853.671085
55.000000 26461.478227
56.000000 25744.306908
57.000000 25142.814876
58.000000 24799.997661
59.000000 24824.663181
60.000000 25123.325745
61.000000 25507.232341
62.000000 25976.337756
63.000000 26032.726633
64.000000 26105.448522
65.000000 26775.029011
66.000000 26527.698201
67.000000 26922.864821
68.000000 26872.013255
69.000000 26853.140942
70.000000 27090.934557
71.000000 27358.511250
72.000000 27657.330459
73.000000 27994.711105
74.000000 28600.235526
75.000000 29202.946670
76.000000 29510.095213
77.000000 29768.211297
78.000000 29382.301846
79.000000 28323.919340
80.000000 27275.193024
81.000000 26135.095420
82.000000 24995.434592
83.000000 25129.834304
84.000000 28239.392932
85.000000 31349.488154
86.000000 34457.138125
87.000000 37563.496601
88.000000 40671.932208
89.000000 42401.867447
90.000000 42062.947758
91.000000 41711.549235
92.000000 41788.938859
93.000000 43623.094621
94.000000 45438.808155
95.000000 47246.244173
96.000000 45326.213684
97.000000 40894.052570
98.000000 36463.789043
99.000000 32034.142489
100.000000 25780.688207
101.000000 19064.620171
102.000000 12361.268120
103.000000 5633.630947
104.000000 4553.532521
105.000000 3474.883615
106.000000 2400.117256
107.000000 1318.548371
108.000000 238.278039
109.000000 154.276452
110.000000 59.573951
111.000000 11.373027
112.000000 247.030908
113.000000 48.624436
114.000000 19.870674
115.000000 163.637805
116.000000 15.354105
117.000000 51.292728
118.000000 44.015484
119.000000 10.095077
120.000000 341.409654
121.000000 484.350179
122.000000 21.055413
123.000000 77.093637
124.000000 40.461405
125.000000 279.593292
126.000000 81.882712
127.000000 16.855089
128.000000 54.064558
129.000000 105.693520
130.000000 116.446835
131.000000 135.384330
132.000000 227.653989
133.000000 395.371455
134.000000 487.321811
135.000000 1114.757567
136.000000 1776.485441
137.000000 2229.361314
138.000000 2682.343089
139.000000 2894.094791
140.000000 2776.881865
141.000000 2697.646056
142.000000 2844.514653
143.000000 2991.402349
144.000000 2974.713128
145.000000 2900.558535
146.000000 2826.402906
147.000000 2752.236698
148.000000 2678.062736
149.000000 2469.763278
150.000000 2537.356187
151.000000 2356.416460
152.000000 2175.478884
153.000000 1994.541347
154.000000 1803.005463
155.000000 1647.991154
156.000000 1476.570929
157.000000 1345.549753
158.000000 1212.854158
159.000000 1066.879491
160.000000 962.052605
161.000000 844.275137
162.000000 726.484990
163.000000 613.713152
164.000000 504.275289
165.000000 442.108399
166.000000 379.947639
167.000000 317.780725
168.000000 256.453189
169.000000 208.867756
170.000000 161.279425
171.000000 149.626089
172.000000 116.408132
173.000000 89.919669
174.000000 71.024078
175.000000 52.128448
176.000000 38.029857
177.000000 26.932168
178.000000 21.780891
179.000000 20.519699
180.000000 10.970714
181.000000 0.719392
182.000000 3.703849
183.000000 0.254617
184.000000 1.263039
185.000000 0.370802
186.000000 0.106074
187.000000 0.117897
188.000000 0.018179
189.000000 0.058862
190.000000 0.008725
191.000000 0.015964
192.000000 0.016612
193.000000 0.014301
194.000000 0.004510
195.000000 0.137333
196.000000 0.015593
197.000000 0.001364
198.000000 0.002038
199.000000 0.002285
200.000000 0.005945
201.000000 0.004169
202.000000 0.002097
203.000000 0.001963
204.000000 0.002054
205.000000 0.002145
206.000000 0.002114
207.000000 0.002114
208.000000 0.002101
209.000000 0.002093
210.000000 0.002096
211.000000 0.002084
212.000000 0.002096
213.000000 0.002126
214.000000 0.002156
215.000000 0.002214
216.000000 0.002246
217.000000 0.002303
218.000000 0.002359
219.000000 0.002429
220.000000 0.002525
221.000000 0.002618
222.000000 0.002748
223.000000 0.002871
224.000000 0.003006
225.000000 0.003154
226.000000 0.003299
227.000000 0.003475
228.000000 0.003656
229.000000 0.003869
230.000000 0.004096
231.000000 0.004353
232.000000 0.004503
233.000000 0.004786
234.000000 0.004966
235.000000 0.005239
236.000000 0.005463
237.000000 0.005730
238.000000 0.005995
239.000000 0.006213
240.000000 0.006571
241.000000 0.006741
242.000000 0.007018
243.000000 0.007164
244.000000 0.007420
245.000000 0.007512
246.000000 0.007848
247.000000 0.007917
248.000000 0.008139
249.000000 0.008398
250.000000 0.008492
251.000000 0.008425
252.000000 0.008747
253.000000 0.008610
254.000000 0.008759
255.000000 0.008717
256.000000 0.008734
257.000000 0.008562
258.000000 0.008479
259.000000 0.008679
260.000000 0.008124
261.000000 0.008296
262.000000 0.007951
263.000000 0.007746
264.000000 0.007552
265.000000 0.007308
266.000000 0.007161
267.000000 0.006680
268.000000 0.006615
269.000000 0.006120
270.000000 0.006065
271.000000 0.005599
272.000000 0.005413
273.000000 0.005044
274.000000 0.004656
275.000000 0.004449
276.000000 0.004090
277.000000 0.003832
278.000000 0.003538
279.000000 0.003270
280.000000 0.003064
281.000000 0.002781
282.000000 0.002463
283.000000 0.002283
284.000000 0.002078
285.000000 0.001887
286.000000 0.001715
287.000000 0.001552
288.000000 0.001365
289.000000 0.001234
290.000000 0.001106
291.000000 0.001001
292.000000 0.000869
293.000000 0.000792
294.000000 0.000689
295.000000 0.000624
296.000000 0.000545
297.000000 0.000489
298.000000 0.000424
299.000000 0.000385
300.000000 0.000336
301.000000 0.000300
302.000000 0.000270
303.000000 0.000237
304.000000 0.000218
305.000000 0.000191
306.000000 0.000174
307.000000 0.000158
308.000000 0.000142
309.000000 0.000134
310.000000 0.000116
311.000000 0.000109
312.000000 0.000095
313.000000 0.000087
314.000000 0.000084
315.000000 0.000074
316.000000 0.000073
317.000000 0.000066
318.000000 0.000065
319.000000 0.000056
320.000000 0.000061
321.000000 0.000051
322.000000 0.000054
323.000000 0.000052
324.000000 0.000044
325.000000 0.000050
326.000000 0.000044
327.000000 0.000041
328.000000 0.000046
329.000000 0.000039
330.000000 0.000038
331.000000 0.000040
332.000000 0.000037
333.000000 0.000036
334.000000 0.000038
335.000000 0.000035
336.000000 0.000034
337.000000 0.000034
338.000000 0.000034
339.000000 0.000033
340.000000 0.000033
341.000000 0.000032
342.000000 0.000031
343.000000 0.000031
344.000000 0.000031
345.000000 0.000030
346.000000 0.000030
347.000000 0.000029
348.000000 0.000029
349.000000 0.000029
350.000000 0.000028
351.000000 0.000028
352.000000 0.000028
353.000000 0.000027
354.000000 0.000027
355.000000 0.000027
356.000000 0.000026
357.000000 0.000026
358.000000 0.000026
359.000000 0.000025
360.000000 0.000025
361.000000 0.000025
362.000000 0.000025
363.000000 0.000024
364.000000 0.000024
365.000000 0.000024
366.000000 0.000023
367.000000 0.000023
368.000000 0.000023
369.000000 0.000023
370.000000 0.000022
371.000000 0.000022
372.000000 0.000022
373.000000 0.000022
374.000000 0.000021
375.000000 0.000021
376.000000 0.000021
377.000000 0.000021
378.000000 0.000020
379.000000 0.000020
380.000000 0.000020
381.000000 0.000020
382.000000 0.000020
383.000000 0.000019
384.000000 0.000019
385.000000 0.000019
386.000000 0.000019
387.000000 0.000019
388.000000 0.000018
389.000000 0.000018
390.000000 0.000018
391.000000 0.000018
392.000000 0.000018
393.000000 0.000017
394.000000 0.000017
395.000000 0.000017
396.000000 0.000017
397.000000 0.000017
398.000000 0.000017
399.000000 0.000016
400.000000 0.000016
401.000000 0.000016
402.000000 0.000016
403.000000 0.000016
404.000000 0.000016
405.000000 0.000015
406.000000 0.000015
407.000000 0.000015
408.000000 0.000015
409.000000 0.000015
410.000000 0.000015
411.000000 0.000014
412.000000 0.000014
413.000000 0.000014
414.000000 0.000014
415.000000 0.000014
416.000000 0.000014
417.000000 0.000014
418.000000 0.000014
419.000000 0.000013
420.000000 0.000013
421.000000 0.000013
422.000000 0.000013
423.000000 0.000013
424.000000 0.000013
425.000000 0.000013
426.000000 0.000013
427.000000 0.000012
428.000000 0.000012
429.000000 0.000012
430.000000 0.000012
431.000000 0.000012
432.000000 0.000012
433.000000 0.000012
434.000000 0.000012
435.000000 0.000012
436.000000 0.000011
437.000000 0.000011
438.000000 0.000011
439.000000 0.000011
440.000000 0.000011
441.000000 0.000011
442.000000 0.000011
443.000000 0.000011
444.000000 0.000011
445.000000 0.000011
446.000000 0.000010
447.000000 0.000010
448.000000 0.000010
449.000000 0.000010
450.000000 0.000010
451.000000 0.000010
452.000000 0.000010
453.000000 0.000010
454.000000 0.000010
455.000000 0.000010
456.000000 0.000010
457.000000 0.000010
458.000000 0.000009
459.000000 0.000009
460.000000 0.000009
461.000000 0.000009
462.000000 0.000009
463.000000 0.000009
464.000000 0.000009
465.000000 0.000009
466.000000 0.000009
467.000000 0.000009
468.000000 0.000009
469.000000 0.000009
470.000000 0.000009
471.000000 0.000009
472.000000 0.000008
473.000000 0.000008
474.000000 0.000008
475.000000 0.000008
476.000000 0.000008
477.000000 0.000008
478.000000 0.000008
479.000000 0.000008
480.000000 0.000008
481.000000 0.000008
482.000000 0.000008
483.000000 0.000008
484.000000 0.000008
485.000000 0.000008
486.000000 0.000008
487.000000 0.000008
488.000000 0.000008
489.000000 0.000008
490.000000 0.000008
491.000000 0.000008
492.000000 0.000008
493.000000 0.000008
494.000000 0.000007
495.000000 0.000007
496.000000 0.000007
497.000000 0.000007
498.000000 0.000007
499.000000 0.000007
500.000000 0.000007
501.000000 0.000007
502.000000 0.000007
503.000000 0.000007
504.000000 0.000007
505.000000 0.000007
506.000000 0.000007
507.000000 0.000007
508.000000 0.000007
509.000000 0.000007
510.000000 0.000007
511.000000 0.000007
512.000000 0.000007
513.000000 0.000007
514.000000 0.000007
515.000000 0.000007
516.000000 0.000007
517.000000 0.000007
518.000000 0.000007
519.000000 0.000007
520.000000 0.000007
521.000000 0.000007
522.000000 0.000007
523.000000 0.000007
524.000000 0.000007
525.000000 0.000007
526.000000 0.000007
527.000000 0.000007
528.000000 0.000007
529.000000 0.000007
530.000000 0.000007
531.000000 0.000007
532.000000 0.000007
533.000000 0.000007
534.000000 0.000007
535.000000 0.000007
536.000000 0.000007
537.000000 0.000007
538.000000 0.000007
539.000000 0.000007
540.000000 0.000007
541.000000 0.000007
542.000000 0.000007
543.000000 0.000007
544.000000 0.000007
545.000000 0.000007
546.000000 0.000007
547.000000 0.000007
548.000000 0.000007
549.000000 0.000007
550.000000 0.000007
551.000000 0.000007
552.000000 0.000007
553.000000 0.000007
554.000000 0.000007
555.000000 0.000007
556.000000 0.000007
557.000000 0.000007
558.000000 0.000007
559.000000 0.000007
560.000000 0.000007
561.000000 0.000007
562.000000 0.000007
563.000000 0.000007
564.000000 0.000007
565.000000 0.000007
566.000000 0.000007
567.000000 0.000007
568.000000 0.000007
569.000000 0.000007
570.000000 0.000007
571.000000 0.000007
572.000000 0.000007
573.000000 0.000007
574.000000 0.000007
575.000000 0.000007
576.000000 0.000007
577.000000 0.000007
578.000000 0.000007
579.000000 0.000007
580.000000 0.000007
581.000000 0.000007
582.000000 0.000007
583.000000 0.000007
584.000000 0.000007
585.000000 0.000007
586.000000 0.000007
587.000000 0.000007
588.000000 0.000007
589.000000 0.000007
590.000000 0.000007
591.000000 0.000007
592.000000 0.000007
593.000000 0.000007
594.000000 0.000007
595.000000 0.000007
596.000000 0.000007
597.000000 0.000007
598.000000 0.000007
599.000000 0.000007
600.000000 0.000007
601.000000 0.000007
602.000000 0.000007
603.000000 0.000007
604.000000 0.000007
605.000000 0.000007
606.000000 0.000007
607.000000 0.000007
608.000000 0.000007
609.000000 0.000007
610.000000 0.000007
611.000000 0.000006
612.000000 0.000006
613.000000 0.000006
614.000000 0.000006
615.000000 0.000006
616.000000 0.000006
617.000000 0.000006
618.000000 0.000006
619.000000 0.000006
620.000000 0.000006
621.000000 0.000006
622.000000 0.000006
623.000000 0.000006
624.000000 0.000006
625.000000 0.000006
626.000000 0.000005
627.000000 0.000005
628.000000 0.000006
629.000000 0.000005
630.000000 0.000005
631.000000 0.000005
632.000000 0.000005
633.000000 0.000005
634.000000 0.000005
635.000000 0.000005
636.000000 0.000005
637.000000 0.000005
638.000000 0.000005
639.000000 0.000005
640.000000 0.000005
641.000000 0.000005
642.000000 0.000005
643.000000 0.000004
644.000000 0.000004
645.000000 0.000004
646.000000 0.000004
647.000000 0.000004
648.000000 0.000004
649.000000 0.000004
650.000000 0.000004
651.000000 0.000004
652.000000 0.000004
653.000000 0.000004
654.000000 0.000004
655.000000 0.000004
656.000000 0.000004
657.000000 0.000004
658.000000 0.000004
659.000000 0.000004
660.000000 0.000004
661.000000 0.000004
662.000000 0.000004
663.000000 0.000004
664.000000 0.000004
665.000000 0.000003
666.000000 0.000003
667.000000 0.000003
668.000000 0.000003
669.000000 0.000003
670.000000 0.000003
671.000000 0.000003
672.000000 0.000003
673.000000 0.000003
674.000000 0.000003
675.000000 0.000003
676.000000 0.000003
677.000000 0.000003
678.000000 0.000003
679.000000 0.000003
680.000000 0.000003
681.000000 0.000003
682.000000 0.000003
683.000000 0.000003
684.000000 0.000003
685.000000 0.000003
686.000000 0.000003
687.000000 0.001048
688.000000 0.000003
689.000000 0.000003
690.000000 0.000038
691.000000 0.000003
692.000000 0.000003
693.000000 0.000002
694.000000 0.000002
695.000000 0.000002
696.000000 0.000002
697.000000 0.000002
698.000000 0.000002
699.000000 0.000002
700.000000 0.000002
701.000000 0.000002
702.000000 0.000002
703.000000 0.000002
704.000000 0.000002
705.000000 0.000002
706.000000 0.000002
707.000000 0.000002
708.000000 0.000002
709.000000 0.000002
710.000000 0.000002
711.000000 0.000002
712.000000 0.000002
713.000000 0.000002
714.000000 0.000002
715.000000 0.000002
716.000000 0.000002
717.000000 0.000002
718.000000 0.000002
719.000000 0.000002
720.000000 0.000002
721.000000 0.000002
722.000000 0.000002
723.000000 0.000002
724.000000 0.000002
725.000000 0.000002
726.000000 0.000002
727.000000 0.000002
728.000000 0.000002
729.000000 0.000002
730.000000 0.000002
731.000000 0.000002
732.000000 0.000002
733.000000 0.000002
734.000000 0.000002
735.000000 0.000002
736.000000 0.000002
737.000000 0.000002
738.000000 0.000002
739.000000 0.000002
740.000000 0.000002
741.000000 0.000002
742.000000 0.000002
743.000000 0.000002
744.000000 0.000002
745.000000 0.000002
746.000000 0.000002
747.000000 0.000002
748.000000 0.000002
749.000000 0.000002
750.000000 0.000002
751.000000 0.000002
752.000000 0.000002
753.000000 0.000002
754.000000 0.000001
755.000000 0.000001
756.000000 0.000001
757.000000 0.000001
758.000000 0.000001
759.000000 0.000001
760.000000 0.000002
761.000000 0.000006
762.000000 0.000001
763.000000 0.000001
764.000000 0.000001
765.000000 0.000002
766.000000 0.000004
767.000000 0.000001
768.000000 0.000001
769.000000 0.000001
770.000000 0.000001
771.000000 0.000001
772.000000 0.000001
773.000000 0.000001
774.000000 0.000001
775.000000 0.000001
776.000000 0.000001
777.000000 0.000001
778.000000 0.000001
779.000000 0.000001
780.000000 0.000001
781.000000 0.000001
782.000000 0.000001
783.000000 0.000001
784.000000 0.000001
785.000000 0.000001
786.000000 0.000001
787.000000 0.000001
788.000000 0.000001
789.000000 0.000001
790.000000 0.000001
791.000000 0.000001
792.000000 0.000001
793.000000 0.000001
794.000000 0.000001
795.000000 0.000001
796.000000 0.000001
797.000000 0.000001
798.000000 0.000001
799.000000 0.000001
800.000000 0.000001
801.000000 0.000001
802.000000 0.000001
803.000000 0.000001
804.000000 0.000001
805.000000 0.000001
806.000000 0.000001
807.000000 0.000001
808.000000 0.000001
809.000000 0.000001
810.000000 0.000001
811.000000 0.000001
812.000000 0.000001
813.000000 0.000001
814.000000 0.000001
815.000000 0.000001
816.000000 0.000001
817.000000 0.000001
818.000000 0.000002
819.000000 0.000001
820.000000 0.000001
821.000000 0.000001
822.000000 0.000001
823.000000 0.000001
824.000000 0.000001
825.000000 0.000001
826.000000 0.000001
827.000000 0.000001
828.000000 0.000001
829.000000 0.000001
830.000000 0.000001
831.000000 0.000001
832.000000 0.000001
833.000000 0.000001
834.000000 0.000001
835.000000 0.000001
836.000000 0.000001
837.000000 0.000001
838.000000 0.000001
839.000000 0.000001
840.000000 0.000001
841.000000 0.000001
842.000000 0.000001
843.000000 0.000001
844.000000 0.000001
845.000000 0.000001
846.000000 0.000001
847.000000 0.000001
848.000000 0.000001
849.000000 0.000001
850.000000 0.000001
851.000000 0.000001
852.000000 0.000001
853.000000 0.000001
854.000000 0.000001
855.000000 0.000001
856.000000 0.000001
857.000000 0.000001
858.000000 0.000001
859.000000 0.000001
860.000000 0.000001
861.000000 0.000001
862.000000 0.000001
863.000000 0.000001
864.000000 0.000001
865.000000 0.000001
866.000000 0.000001
867.000000 0.000001
868.000000 0.000001
869.000000 0.000001
870.000000 0.000001
871.000000 0.000001
872.000000 0.000001
873.000000 0.000001
874.000000 0.000001
875.000000 0.000001
876.000000 0.000001
877.000000 0.000001
878.000000 0.000001
879.000000 0.000001
880.000000 0.000001
881.000000 0.000001
882.000000 0.000001
883.000000 0.000001
884.000000 0.000001
885.000000 0.000001
886.000000 0.000001
887.000000 0.000001
888.000000 0.000001
889.000000 0.000001
890.000000 0.000001
891.000000 0.000001
892.000000 0.000001
893.000000 0.000001
894.000000 0.000001
895.000000 0.000001
896.000000 0.000001
897.000000 0.000001
898.000000 0.000001
899.000000 0.000001
900.000000 0.000001
901.000000 0.000001
902.000000 0.000001
903.000000 0.000001
904.000000 0.000001
905.000000 0.000001
906.000000 0.000001
907.000000 0.000001
908.000000 0.000001
909.000000 0.000001
910.000000 0.000001
911.000000 0.000001
912.000000 0.000001
913.000000 0.000001
914.000000 0.000001
915.000000 0.000001
916.000000 0.000001
917.000000 0.000001
918.000000 0.000001
919.000000 0.000001
920.000000 0.000001
921.000000 0.000001
922.000000 0.000001
923.000000 0.000001
924.000000 0.000001
925.000000 0.000001
926.000000 0.000001
927.000000 0.000001
928.000000 0.000001
929.000000 0.000001
930.000000 0.000001
931.000000 0.000001
932.000000 0.000001
933.000000 0.000001
934.000000 0.000001
935.000000 0.000001
936.000000 0.000001
937.000000 0.000001
938.000000 0.000097
939.000000 0.000001
940.000000 0.000001
941.000000 0.000001
942.000000 0.000001
943.000000 0.000001
944.000000 0.000001
945.000000 0.000001
946.000000 0.000001
947.000000 0.000001
948.000000 0.000001
949.000000 0.000001
950.000000 0.000001
951.000000 0.000000
952.000000 0.000000
953.000000 0.000000
954.000000 0.000000
955.000000 0.000000
956.000000 0.000000
957.000000 0.000000
958.000000 0.000000
959.000000 0.000000
960.000000 0.000000
961.000000 0.000000
962.000000 0.000000
963.000000 0.000000
964.000000 0.000000
965.000000 0.000000
966.000000 0.000000
967.000000 0.000000
968.000000 0.000000
969.000000 0.000000
970.000000 0.000000
971.000000 0.000000
972.000000 0.000000
973.000000 0.000000
974.000000 0.000000
975.000000 0.000000
976.000000 0.000000
977.000000 0.000000
978.000000 0.000000
979.000000 0.000000
980.000000 0.000000
981.000000 0.000000
982.000000 0.000000
983.000000 0.000000
984.000000 0.000000
985.000000 0.000000
986.000000 0.000000
987.000000 0.000000
988.000000 0.000000
989.000000 0.000000
990.000000 0.000000
991.000000 0.000000
992.000000 0.000000
993.000000 0.000000
994.000000 0.000000
995.000000 0.000000
996.000000 0.000000
997.000000 0.000000
998.000000 0.000000
999.000000 0.000000
1000.000000 0.000000
The optical depth at z= 72.000000
1.000000 0.000000
2.000000 0.000000
3.000000 0.000000
4.000000 0.000000
5.000000 87.083951
6.000000 127.304286
7.000000 500.918453
8.000000 669.634895
9.000000 861.318092
10.000000 1096.248451
11.000000 1361.407193
12.000000 1659.684404
13.000000 1978.498084
14.000000 2342.378118
15.000000 2743.388066
16.000000 3135.300666
17.000000 3578.409507
18.000000 4009.032100
19.000000 4495.250631
20.000000 5099.233239
21.000000 5770.942368
22.000000 6321.855133
23.000000 6905.115274
24.000000 7575.308162
25.000000 7972.573259
26.000000 8344.565570
27.000000 8597.279192
28.000000 8910.644100
29.000000 9231.951036
30.000000 9519.323369
31.000000 9764.816020
32.000000 10299.301057
33.000000 10839.684723
34.000000 11176.636326
35.000000 12146.125336
36.000000 12724.817646
37.000000 13302.025152
38.000000 13894.305476
39.000000 14571.029268
40.000000 15154.970172
41.000000 16013.426047
42.000000 16359.010906
43.000000 16885.298420
44.000000 17250.776275
45.000000 17228.008735
46.000000 17308.718702
47.000000 17402.982534
48.000000 17777.326480
49.000000 17897.609041
50.000000 17947.312678
51.000000 18240.705762
52.000000 18914.963120
53.000000 19312.241003
54.000000 19086.122138
55.000000 18807.373078
56.000000 18297.647669
57.000000 17870.140448
58.000000 17626.484854
59.000000 17644.015799
60.000000 17856.288632
61.000000 18129.148009
62.000000 18462.561768
63.000000 18502.640386
64.000000 18554.327437
65.000000 19030.228303
66.000000 18854.439578
67.000000 19135.302508
68.000000 19099.161690
69.000000 19085.749851
70.000000 19254.760926
71.000000 19444.940048
72.000000 19657.324333
73.000000 19897.115862
74.000000 20327.488345
75.000000 20755.861307
76.000000 20974.165700
77.000000 21157.620645
78.000000 20883.338072
79.000000 20131.098934
80.000000 19385.722740
81.000000 18575.405320
82.000000 17765.398353
83.000000 17860.924413
84.000000 20071.030778
85.000000 22281.516252
86.000000 24490.264127
87.000000 26698.094098
88.000000 28907.401416
89.000000 30136.945650
90.000000 29896.060307
91.000000 29646.305700
92.000000 29701.309232
93.000000 31004.921986
94.000000 32295.427040
95.000000 33580.048885
96.000000 32215.393128
97.000000 29065.253505
98.000000 25916.462568
99.000000 22768.110152
100.000000 18323.500395
101.000000 13550.091438
102.000000 8785.720289
103.000000 4004.088623
104.000000 3236.415021
105.000000 2469.771623
106.000000 1705.887720
107.000000 937.168712
108.000000 169.370411
109.000000 109.589825
110.000000 42.354286
111.000000 8.102979
112.000000 175.613824
113.000000 34.604328
114.000000 14.130331
115.000000 116.299311
116.000000 10.913771
117.000000 36.456783
118.000000 31.283332
119.000000 7.175343
120.000000 242.656582
121.000000 344.252057
122.000000 14.965262
123.000000 54.798191
124.000000 28.757542
125.000000 198.721357
126.000000 58.199610
127.000000 11.981688
128.000000 38.428611
129.000000 75.124540
130.000000 82.768270
131.000000 96.228832
132.000000 161.809806
133.000000 281.015410
134.000000 346.370108
135.000000 792.317537
136.000000 1262.638309
137.000000 1584.517807
138.000000 1906.472871
139.000000 2056.974536
140.000000 1973.666376
141.000000 1917.350352
142.000000 2021.736747
143.000000 2126.136592
144.000000 2114.275033
145.000000 2061.570314
146.000000 2008.864835
147.000000 1956.150539
148.000000 1903.430757
149.000000 1755.381991
150.000000 1803.422151
151.000000 1674.819148
152.000000 1546.217668
153.000000 1417.616197
154.000000 1281.482056
155.000000 1171.305416
156.000000 1049.468789
157.000000 956.345667
158.000000 862.032430
159.000000 758.281158
160.000000 683.775399
161.000000 600.065193
162.000000 516.345936
163.000000 436.193405
164.000000 358.410523
165.000000 314.225202
166.000000 270.044700
167.000000 225.859889
168.000000 182.271624
169.000000 148.450531
170.000000 114.627388
171.000000 106.344849
172.000000 82.735457
173.000000 63.908994
174.000000 50.479146
175.000000 37.049245
176.000000 27.028816
177.000000 19.141281
178.000000 15.480179
179.000000 14.692878
180.000000 7.676007
181.000000 0.503707
182.000000 2.596360
183.000000 0.179991
184.000000 0.883178
185.000000 0.262465
186.000000 0.074591
187.000000 0.082687
188.000000 0.012977
189.000000 0.041283
190.000000 0.006257
191.000000 0.011229
192.000000 0.011761
193.000000 0.010092
194.000000 0.003212
195.000000 0.097148
196.000000 0.010954
197.000000 0.001005
198.000000 0.001491
199.000000 0.001665
200.000000 0.004266
201.000000 0.003003
202.000000 0.001531
203.000000 0.001436
204.000000 0.001503
205.000000 0.001570
206.000000 0.001551
207.000000 0.001556
208.000000 0.001552
209.000000 0.001552
210.000000 0.001562
211.000000 0.001562
212.000000 0.001581
213.000000 0.001613
214.000000 0.001647
215.000000 0.001703
216.000000 0.001741
217.000000 0.001799
218.000000 0.001858
219.000000 0.001928
220.000000 0.002020
221.000000 0.002109
222.000000 0.002230
223.000000 0.002346
224.000000 0.002472
225.000000 0.002611
226.000000 0.002747
227.000000 0.002910
228.000000 0.003077
229.000000 0.003269
230.000000 0.003476
231.000000 0.003709
232.000000 0.003846
233.000000 0.004101
234.000000 0.004264
235.000000 0.004509
236.000000 0.004712
237.000000 0.004951
238.000000 0.005189
239.000000 0.005384
240.000000 0.005702
241.000000 0.005856
242.000000 0.006101
243.000000 0.006246
244.000000 0.006479
245.000000 0.006563
246.000000 0.006860
247.000000 0.006921
248.000000 0.007116
249.000000 0.007344
250.000000 0.007426
251.000000 0.007368
252.000000 0.007651
253.000000 0.007531
254.000000 0.007662
255.000000 0.007625
256.000000 0.007640
257.000000 0.007490
258.000000 0.007418
259.000000 0.007594
260.000000 0.007107
261.000000 0.007258
262.000000 0.006956
263.000000 0.006776
264.000000 0.006607
265.000000 0.006392
266.000000 0.006264
267.000000 0.005842
268.000000 0.005786
269.000000 0.005352
270.000000 0.005304
271.000000 0.004896
272.000000 0.004733
273.000000 0.004409
274.000000 0.004069
275.000000 0.003888
276.000000 0.003573
277.000000 0.003347
278.000000 0.003089
279.000000 0.002854
280.000000 0.002674
281.000000 0.002426
282.000000 0.002147
283.000000 0.001990
284.000000 0.001810
285.000000 0.001643
286.000000 0.001492
287.000000 0.001349
288.000000 0.001186
289.000000 0.001071
290.000000 0.000959
291.000000 0.000867
292.000000 0.000751
293.000000 0.000684
294.000000 0.000594
295.000000 0.000537
296.000000 0.000468
297.000000 0.000419
298.000000 0.000362
299.000000 0.000328
300.000000 0.000285
301.000000 0.000254
302.000000 0.000228
303.000000 0.000199
304.000000 0.000182
305.000000 0.000159
306.000000 0.000145
307.000000 0.000130
308.000000 0.000117
309.000000 0.000109
310.000000 0.000094
311.000000 0.000088
312.000000 0.000075
313.000000 0.000068
314.000000 0.000066
315.000000 0.000058
316.000000 0.000056
317.000000 0.000051
318.000000 0.000050
319.000000 0.000042
320.000000 0.000046
321.000000 0.000038
322.000000 0.000041
323.000000 0.000039
324.000000 0.000032
325.000000 0.000038
326.000000 0.000032
327.000000 0.000030
328.000000 0.000034
329.000000 0.000028
330.000000 0.000027
331.000000 0.000029
332.000000 0.000027
333.000000 0.000026
334.000000 0.000027
335.000000 0.000025
336.000000 0.000024
337.000000 0.000025
338.000000 0.000024
339.000000 0.000023
340.000000 0.000023
341.000000 0.000023
342.000000 0.000022
343.000000 0.000022
344.000000 0.000022
345.000000 0.000022
346.000000 0.000021
347.000000 0.000021
348.000000 0.000021
349.000000 0.000020
350.000000 0.000020
351.000000 0.000020
352.000000 0.000020
353.000000 0.000019
354.000000 0.000019
355.000000 0.000019
356.000000 0.000019
357.000000 0.000019
358.000000 0.000018
359.000000 0.000018
360.000000 0.000018
361.000000 0.000018
362.000000 0.000017
363.000000 0.000017
364.000000 0.000017
365.000000 0.000017
366.000000 0.000017
367.000000 0.000016
368.000000 0.000016
369.000000 0.000016
370.000000 0.000016
371.000000 0.000016
372.000000 0.000016
373.000000 0.000015
374.000000 0.000015
375.000000 0.000015
376.000000 0.000015
377.000000 0.000015
378.000000 0.000015
379.000000 0.000014
380.000000 0.000014
381.000000 0.000014
382.000000 0.000014
383.000000 0.000014
384.000000 0.000014
385.000000 0.000013
386.000000 0.000013
387.000000 0.000013
388.000000 0.000013
389.000000 0.000013
390.000000 0.000013
391.000000 0.000013
392.000000 0.000013
393.000000 0.000012
394.000000 0.000012
395.000000 0.000012
396.000000 0.000012
397.000000 0.000012
398.000000 0.000012
399.000000 0.000012
400.000000 0.000012
401.000000 0.000011
402.000000 0.000011
403.000000 0.000011
404.000000 0.000011
405.000000 0.000011
406.000000 0.000011
407.000000 0.000011
408.000000 0.000011
409.000000 0.000011
410.000000 0.000010
411.000000 0.000010
412.000000 0.000010
413.000000 0.000010
414.000000 0.000010
415.000000 0.000010
416.000000 0.000010
417.000000 0.000010
418.000000 0.000010
419.000000 0.000010
420.000000 0.000009
421.000000 0.000009
422.000000 0.000009
423.000000 0.000009
424.000000 0.000009
425.000000 0.000009
426.000000 0.000009
427.000000 0.000009
428.000000 0.000009
429.000000 0.000009
430.000000 0.000009
431.000000 0.000008
432.000000 0.000008
433.000000 0.000008
434.000000 0.000008
435.000000 0.000008
436.000000 0.000008
437.000000 0.000008
438.000000 0.000008
439.000000 0.000008
440.000000 0.000008
441.000000 0.000008
442.000000 0.000008
443.000000 0.000008
444.000000 0.000008
445.000000 0.000008
446.000000 0.000007
447.000000 0.000007
448.000000 0.000007
449.000000 0.000007
450.000000 0.000007
451.000000 0.000007
452.000000 0.000007
453.000000 0.000007
454.000000 0.000007
455.000000 0.000007
456.000000 0.000007
457.000000 0.000007
458.000000 0.000007
459.000000 0.000007
460.000000 0.000007
461.000000 0.000007
462.000000 0.000007
463.000000 0.000007
464.000000 0.000006
465.000000 0.000006
466.000000 0.000006
467.000000 0.000006
468.000000 0.000006
469.000000 0.000006
470.000000 0.000006
471.000000 0.000006
472.000000 0.000006
473.000000 0.000006
474.000000 0.000006
475.000000 0.000006
476.000000 0.000006
477.000000 0.000006
478.000000 0.000006
479.000000 0.000006
480.000000 0.000006
481.000000 0.000006
482.000000 0.000006
483.000000 0.000006
484.000000 0.000006
485.000000 0.000006
486.000000 0.000006
487.000000 0.000006
488.000000 0.000006
489.000000 0.000006
490.000000 0.000006
491.000000 0.000006
492.000000 0.000005
493.000000 0.000005
494.000000 0.000005
495.000000 0.000005
496.000000 0.000005
497.000000 0.000005
498.000000 0.000005
499.000000 0.000005
500.000000 0.000005
501.000000 0.000005
502.000000 0.000005
503.000000 0.000005
504.000000 0.000006
505.000000 0.000006
506.000000 0.000005
507.000000 0.000005
508.000000 0.000005
509.000000 0.000005
510.000000 0.000005
511.000000 0.000005
512.000000 0.000005
513.000000 0.000005
514.000000 0.000005
515.000000 0.000005
516.000000 0.000005
517.000000 0.000005
518.000000 0.000005
519.000000 0.000005
520.000000 0.000005
521.000000 0.000005
522.000000 0.000005
523.000000 0.000005
524.000000 0.000005
525.000000 0.000005
526.000000 0.000005
527.000000 0.000005
528.000000 0.000005
529.000000 0.000005
530.000000 0.000005
531.000000 0.000005
532.000000 0.000005
533.000000 0.000005
534.000000 0.000005
535.000000 0.000005
536.000000 0.000005
537.000000 0.000005
538.000000 0.000005
539.000000 0.000005
540.000000 0.000005
541.000000 0.000005
542.000000 0.000005
543.000000 0.000005
544.000000 0.000005
545.000000 0.000005
546.000000 0.000005
547.000000 0.000005
548.000000 0.000005
549.000000 0.000005
550.000000 0.000005
551.000000 0.000005
552.000000 0.000005
553.000000 0.000005
554.000000 0.000005
555.000000 0.000005
556.000000 0.000005
557.000000 0.000005
558.000000 0.000005
559.000000 0.000005
560.000000 0.000006
561.000000 0.000006
562.000000 0.000006
563.000000 0.000006
564.000000 0.000006
565.000000 0.000006
566.000000 0.000006
567.000000 0.000006
568.000000 0.000006
569.000000 0.000006
570.000000 0.000006
571.000000 0.000006
572.000000 0.000006
573.000000 0.000006
574.000000 0.000006
575.000000 0.000006
576.000000 0.000006
577.000000 0.000006
578.000000 0.000006
579.000000 0.000006
580.000000 0.000006
581.000000 0.000006
582.000000 0.000006
583.000000 0.000005
584.000000 0.000005
585.000000 0.000005
586.000000 0.000005
587.000000 0.000005
588.000000 0.000005
589.000000 0.000005
590.000000 0.000005
591.000000 0.000005
592.000000 0.000005
593.000000 0.000005
594.000000 0.000005
595.000000 0.000005
596.000000 0.000006
597.000000 0.000006
598.000000 0.000006
599.000000 0.000006
600.000000 0.000006
601.000000 0.000006
602.000000 0.000006
603.000000 0.000006
604.000000 0.000006
605.000000 0.000006
606.000000 0.000006
607.000000 0.000005
608.000000 0.000005
609.000000 0.000005
610.000000 0.000005
611.000000 0.000005
612.000000 0.000005
613.000000 0.000005
614.000000 0.000005
615.000000 0.000005
616.000000 0.000005
617.000000 0.000005
618.000000 0.000005
619.000000 0.000005
620.000000 0.000005
621.000000 0.000005
622.000000 0.000005
623.000000 0.000005
624.000000 0.000004
625.000000 0.000004
626.000000 0.000004
627.000000 0.000004
628.000000 0.000005
629.000000 0.000004
630.000000 0.000004
631.000000 0.000004
632.000000 0.000004
633.000000 0.000004
634.000000 0.000004
635.000000 0.000004
636.000000 0.000004
637.000000 0.000004
638.000000 0.000004
639.000000 0.000004
640.000000 0.000004
641.000000 0.000004
642.000000 0.000004
643.000000 0.000004
644.000000 0.000003
645.000000 0.000003
646.000000 0.000003
647.000000 0.000003
648.000000 0.000003
649.000000 0.000003
650.000000 0.000003
651.000000 0.000003
652.000000 0.000003
653.000000 0.000003
654.000000 0.000003
655.000000 0.000003
656.000000 0.000003
657.000000 0.000003
658.000000 0.000003
659.000000 0.000003
660.000000 0.000003
661.000000 0.000003
662.000000 0.000003
663.000000 0.000003
664.000000 0.000003
665.000000 0.000003
666.000000 0.000003
667.000000 0.000003
668.000000 0.000003
669.000000 0.000003
670.000000 0.000003
671.000000 0.000002
672.000000 0.000002
673.000000 0.000002
674.000000 0.000002
675.000000 0.000002
676.000000 0.000002
677.000000 0.000002
678.000000 0.000002
679.000000 0.000002
680.000000 0.000002
681.000000 0.000002
682.000000 0.000002
683.000000 0.000002
684.000000 0.000002
685.000000 0.000002
686.000000 0.000002
687.000000 0.000742
688.000000 0.000002
689.000000 0.000002
690.000000 0.000026
691.000000 0.000002
692.000000 0.000002
693.000000 0.000002
694.000000 0.000002
695.000000 0.000002
696.000000 0.000002
697.000000 0.000002
698.000000 0.000002
699.000000 0.000002
700.000000 0.000002
701.000000 0.000002
702.000000 0.000002
703.000000 0.000002
704.000000 0.000002
705.000000 0.000002
706.000000 0.000002
707.000000 0.000002
708.000000 0.000002
709.000000 0.000002
710.000000 0.000002
711.000000 0.000002
712.000000 0.000002
713.000000 0.000002
714.000000 0.000002
715.000000 0.000002
716.000000 0.000002
717.000000 0.000002
718.000000 0.000001
719.000000 0.000001
720.000000 0.000001
721.000000 0.000001
722.000000 0.000001
723.000000 0.000001
724.000000 0.000001
725.000000 0.000001
726.000000 0.000001
727.000000 0.000001
728.000000 0.000001
729.000000 0.000001
730.000000 0.000001
731.000000 0.000001
732.000000 0.000001
733.000000 0.000001
734.000000 0.000001
735.000000 0.000001
736.000000 0.000001
737.000000 0.000001
738.000000 0.000001
739.000000 0.000001
740.000000 0.000001
741.000000 0.000001
742.000000 0.000001
743.000000 0.000001
744.000000 0.000001
745.000000 0.000001
746.000000 0.000001
747.000000 0.000001
748.000000 0.000001
749.000000 0.000001
750.000000 0.000001
751.000000 0.000001
752.000000 0.000001
753.000000 0.000001
754.000000 0.000001
755.000000 0.000001
756.000000 0.000001
757.000000 0.000001
758.000000 0.000001
759.000000 0.000001
760.000000 0.000001
761.000000 0.000004
762.000000 0.000001
763.000000 0.000001
764.000000 0.000001
765.000000 0.000001
766.000000 0.000003
767.000000 0.000001
768.000000 0.000001
769.000000 0.000001
770.000000 0.000001
771.000000 0.000001
772.000000 0.000001
773.000000 0.000001
774.000000 0.000001
775.000000 0.000001
776.000000 0.000001
777.000000 0.000001
778.000000 0.000001
779.000000 0.000001
780.000000 0.000001
781.000000 0.000001
782.000000 0.000001
783.000000 0.000001
784.000000 0.000001
785.000000 0.000001
786.000000 0.000001
787.000000 0.000001
788.000000 0.000001
789.000000 0.000001
790.000000 0.000001
791.000000 0.000001
792.000000 0.000001
793.000000 0.000001
794.000000 0.000001
795.000000 0.000001
796.000000 0.000001
797.000000 0.000001
798.000000 0.000001
799.000000 0.000001
800.000000 0.000001
801.000000 0.000001
802.000000 0.000001
803.000000 0.000001
804.000000 0.000001
805.000000 0.000001
806.000000 0.000001
807.000000 0.000001
808.000000 0.000001
809.000000 0.000001
810.000000 0.000001
811.000000 0.000001
812.000000 0.000001
813.000000 0.000001
814.000000 0.000001
815.000000 0.000001
816.000000 0.000001
817.000000 0.000001
818.000000 0.000001
819.000000 0.000001
820.000000 0.000001
821.000000 0.000001
822.000000 0.000001
823.000000 0.000001
824.000000 0.000001
825.000000 0.000001
826.000000 0.000001
827.000000 0.000001
828.000000 0.000001
829.000000 0.000001
830.000000 0.000001
831.000000 0.000001
832.000000 0.000001
833.000000 0.000001
834.000000 0.000001
835.000000 0.000001
836.000000 0.000001
837.000000 0.000001
838.000000 0.000001
839.000000 0.000001
840.000000 0.000001
841.000000 0.000001
842.000000 0.000001
843.000000 0.000001
844.000000 0.000001
845.000000 0.000001
846.000000 0.000001
847.000000 0.000001
848.000000 0.000001
849.000000 0.000001
850.000000 0.000001
851.000000 0.000001
852.000000 0.000001
853.000000 0.000001
854.000000 0.000001
855.000000 0.000001
856.000000 0.000001
857.000000 0.000001
858.000000 0.000001
859.000000 0.000001
860.000000 0.000001
861.000000 0.000001
862.000000 0.000001
863.000000 0.000001
864.000000 0.000001
865.000000 0.000001
866.000000 0.000001
867.000000 0.000001
868.000000 0.000001
869.000000 0.000001
870.000000 0.000001
871.000000 0.000001
872.000000 0.000001
873.000000 0.000001
874.000000 0.000001
875.000000 0.000000
876.000000 0.000000
877.000000 0.000000
878.000000 0.000000
879.000000 0.000000
880.000000 0.000000
881.000000 0.000000
882.000000 0.000000
883.000000 0.000000
884.000000 0.000000
885.000000 0.000000
886.000000 0.000000
887.000000 0.000000
888.000000 0.000000
889.000000 0.000000
890.000000 0.000000
891.000000 0.000000
892.000000 0.000000
893.000000 0.000000
894.000000 0.000000
895.000000 0.000000
896.000000 0.000000
897.000000 0.000000
898.000000 0.000000
899.000000 0.000000
900.000000 0.000000
901.000000 0.000000
902.000000 0.000000
903.000000 0.000000
904.000000 0.000000
905.000000 0.000000
906.000000 0.000000
907.000000 0.000000
908.000000 0.000000
909.000000 0.000000
910.000000 0.000000
911.000000 0.000000
912.000000 0.000000
913.000000 0.000000
914.000000 0.000000
915.000000 0.000000
916.000000 0.000000
917.000000 0.000000
918.000000 0.000000
919.000000 0.000000
920.000000 0.000000
921.000000 0.000000
922.000000 0.000000
923.000000 0.000000
924.000000 0.000000
925.000000 0.000000
926.000000 0.000000
927.000000 0.000000
928.000000 0.000001
929.000000 0.000000
930.000000 0.000000
931.000000 0.000000
932.000000 0.000000
933.000000 0.000000
934.000000 0.000000
935.000000 0.000000
936.000000 0.000000
937.000000 0.000000
938.000000 0.000065
939.000000 0.000000
940.000000 0.000000
941.000000 0.000000
942.000000 0.000000
943.000000 0.000000
944.000000 0.000000
945.000000 0.000000
946.000000 0.000000
947.000000 0.000000
948.000000 0.000000
949.000000 0.000000
950.000000 0.000000
951.000000 0.000000
952.000000 0.000000
953.000000 0.000000
954.000000 0.000000
955.000000 0.000000
956.000000 0.000000
957.000000 0.000000
958.000000 0.000000
959.000000 0.000000
960.000000 0.000000
961.000000 0.000000
962.000000 0.000000
963.000000 0.000000
964.000000 0.000000
965.000000 0.000000
966.000000 0.000000
967.000000 0.000000
968.000000 0.000000
969.000000 0.000000
970.000000 0.000000
971.000000 0.000000
972.000000 0.000000
973.000000 0.000000
974.000000 0.000000
975.000000 0.000000
976.000000 0.000000
977.000000 0.000000
978.000000 0.000000
979.000000 0.000000
980.000000 0.000000
981.000000 0.000000
982.000000 0.000000
983.000000 0.000000
984.000000 0.000000
985.000000 0.000000
986.000000 0.000000
987.000000 0.000000
988.000000 0.000000
989.000000 0.000000
990.000000 0.000000
991.000000 0.000000
992.000000 0.000000
993.000000 0.000000
994.000000 0.000000
995.000000 0.000000
996.000000 0.000000
997.000000 0.000000
998.000000 0.000000
999.000000 0.000000
1000.000000 0.000000
The optical depth at z= 74.000000
1.000000 0.000000
2.000000 0.000000
3.000000 0.000000
4.000000 0.000000
5.000000 60.844648
6.000000 88.946177
7.000000 349.987040
8.000000 467.867750
9.000000 601.794893
10.000000 765.938532
11.000000 951.202451
12.000000 1159.605967
13.000000 1382.358121
14.000000 1636.597671
15.000000 1916.779505
16.000000 2190.605201
17.000000 2500.201163
18.000000 2801.073172
19.000000 3140.789464
20.000000 3562.786444
21.000000 4032.103293
22.000000 4417.020821
23.000000 4824.539183
24.000000 5292.796664
25.000000 5570.362178
26.000000 5830.269455
27.000000 6006.838110
28.000000 6225.783300
29.000000 6450.277388
30.000000 6651.062294
31.000000 6822.585326
32.000000 7196.024682
33.000000 7573.585621
34.000000 7809.010834
35.000000 8486.382992
36.000000 8890.709737
37.000000 9293.998807
38.000000 9707.819158
39.000000 10180.639882
40.000000 10588.634051
41.000000 11188.428639
42.000000 11429.885986
43.000000 11797.597820
44.000000 12052.954170
45.000000 12037.047133
46.000000 12093.438807
47.000000 12159.300309
48.000000 12420.850555
49.000000 12504.890360
50.000000 12539.617820
51.000000 12744.608619
52.000000 13215.705321
53.000000 13493.279183
54.000000 13335.292396
55.000000 13140.533258
56.000000 12784.393676
57.000000 12485.698860
58.000000 12315.459152
59.000000 12327.707896
60.000000 12476.020727
61.000000 12666.664568
62.000000 12899.616928
63.000000 12927.619913
64.000000 12963.733437
65.000000 13296.240525
66.000000 13173.419047
67.000000 13369.655387
68.000000 13344.405669
69.000000 13335.036357
70.000000 13453.123114
71.000000 13585.999666
72.000000 13734.390459
73.000000 13901.930327
74.000000 14202.626399
75.000000 14501.925426
76.000000 14654.452608
77.000000 14782.630943
78.000000 14590.993003
79.000000 14065.411864
80.000000 13544.625694
81.000000 12978.466088
82.000000 12412.523405
83.000000 12479.268319
84.000000 14023.450309
85.000000 15567.895587
86.000000 17111.126943
87.000000 18653.716858
88.000000 20197.339707
89.000000 21056.411151
90.000000 20888.107032
91.000000 20713.606051
92.000000 20752.035728
93.000000 21662.852985
94.000000 22564.512043
95.000000 23462.060556
96.000000 22508.585783
97.000000 20307.611631
98.000000 18107.579781
99.000000 15907.854330
100.000000 12802.451307
101.000000 9467.320681
102.000000 6138.504670
103.000000 2797.628917
104.000000 2261.263943
105.000000 1725.618733
106.000000 1191.901549
107.000000 654.805972
108.000000 118.352246
109.000000 76.534001
110.000000 29.604038
111.000000 5.677807
112.000000 122.726981
113.000000 24.208861
114.000000 9.879283
115.000000 81.254976
116.000000 7.626850
117.000000 25.473224
118.000000 21.857479
119.000000 5.014214
120.000000 169.543740
121.000000 240.528796
122.000000 10.457686
123.000000 38.291726
124.000000 20.093228
125.000000 138.846743
126.000000 40.665627
127.000000 8.373766
128.000000 26.852409
129.000000 52.492299
130.000000 57.833876
131.000000 67.239515
132.000000 113.061032
133.000000 196.349906
134.000000 242.013877
135.000000 553.593381
136.000000 882.202487
137.000000 1107.096549
138.000000 1332.043673
139.000000 1437.197841
140.000000 1378.991557
141.000000 1339.644471
142.000000 1412.578441
143.000000 1485.521719
144.000000 1477.234376
145.000000 1440.410370
146.000000 1403.585815
147.000000 1366.753929
148.000000 1329.918228
149.000000 1226.477154
150.000000 1260.041302
151.000000 1170.186766
152.000000 1080.333287
153.000000 990.479799
154.000000 895.363354
155.000000 818.383128
156.000000 733.256608
157.000000 668.191977
158.000000 602.295804
159.000000 529.805374
160.000000 477.748442
161.000000 419.260531
162.000000 360.766275
163.000000 304.764046
164.000000 250.417493
165.000000 219.545189
166.000000 188.676669
167.000000 157.805185
168.000000 127.350479
169.000000 103.720024
170.000000 80.088147
171.000000 74.301227
172.000000 57.805658
173.000000 44.651858
174.000000 35.268632
175.000000 25.885349
176.000000 18.884230
177.000000 13.373359
178.000000 10.815497
179.000000 10.335655
180.000000 5.285034
181.000000 0.347068
182.000000 1.790827
183.000000 0.125168
184.000000 0.607760
185.000000 0.182726
186.000000 0.051640
187.000000 0.057098
188.000000 0.009141
189.000000 0.028524
190.000000 0.004441
191.000000 0.007802
192.000000 0.008219
193.000000 0.007033
194.000000 0.002276
195.000000 0.067606
196.000000 0.007595
197.000000 0.000748
198.000000 0.001091
199.000000 0.001211
200.000000 0.003027
201.000000 0.002144
202.000000 0.001117
203.000000 0.001051
204.000000 0.001100
205.000000 0.001150
206.000000 0.001142
207.000000 0.001150
208.000000 0.001153
209.000000 0.001161
210.000000 0.001177
211.000000 0.001187
212.000000 0.001211
213.000000 0.001248
214.000000 0.001285
215.000000 0.001342
216.000000 0.001386
217.000000 0.001448
218.000000 0.001512
219.000000 0.001585
220.000000 0.001677
221.000000 0.001767
222.000000 0.001884
223.000000 0.001999
224.000000 0.002123
225.000000 0.002259
226.000000 0.002394
227.000000 0.002553
228.000000 0.002714
229.000000 0.002897
230.000000 0.003095
231.000000 0.003318
232.000000 0.003449
233.000000 0.003690
234.000000 0.003846
235.000000 0.004078
236.000000 0.004270
237.000000 0.004496
238.000000 0.004720
239.000000 0.004904
240.000000 0.005201
241.000000 0.005347
242.000000 0.005577
243.000000 0.005725
244.000000 0.005949
245.000000 0.006030
246.000000 0.006306
247.000000 0.006362
248.000000 0.006543
249.000000 0.006753
250.000000 0.006829
251.000000 0.006775
252.000000 0.007037
253.000000 0.006927
254.000000 0.007048
255.000000 0.007014
256.000000 0.007028
257.000000 0.006890
258.000000 0.006824
259.000000 0.006986
260.000000 0.006538
261.000000 0.006677
262.000000 0.006399
263.000000 0.006233
264.000000 0.006078
265.000000 0.005880
266.000000 0.005762
267.000000 0.005373
268.000000 0.005321
269.000000 0.004921
270.000000 0.004878
271.000000 0.004501
272.000000 0.004351
273.000000 0.004053
274.000000 0.003739
275.000000 0.003572
276.000000 0.003282
277.000000 0.003074
278.000000 0.002836
279.000000 0.002620
280.000000 0.002455
281.000000 0.002226
282.000000 0.001969
283.000000 0.001823
284.000000 0.001658
285.000000 0.001504
286.000000 0.001365
287.000000 0.001233
288.000000 0.001083
289.000000 0.000977
290.000000 0.000874
291.000000 0.000790
292.000000 0.000683
293.000000 0.000621
294.000000 0.000538
295.000000 0.000486
296.000000 0.000422
297.000000 0.000377
298.000000 0.000325
299.000000 0.000294
300.000000 0.000254
301.000000 0.000226
302.000000 0.000201
303.000000 0.000175
304.000000 0.000160
305.000000 0.000139
306.000000 0.000125
307.000000 0.000112
308.000000 0.000100
309.000000 0.000093
310.000000 0.000079
311.000000 0.000073
312.000000 0.000062
313.000000 0.000056
314.000000 0.000054
315.000000 0.000046
316.000000 0.000045
317.000000 0.000040
318.000000 0.000039
319.000000 0.000032
320.000000 0.000036
321.000000 0.000028
322.000000 0.000031
323.000000 0.000029
324.000000 0.000024
325.000000 0.000028
326.000000 0.000024
327.000000 0.000022
328.000000 0.000025
329.000000 0.000020
330.000000 0.000020
331.000000 0.000021
332.000000 0.000019
333.000000 0.000018
334.000000 0.000020
335.000000 0.000018
336.000000 0.000017
337.000000 0.000018
338.000000 0.000017
339.000000 0.000016
340.000000 0.000016
341.000000 0.000016
342.000000 0.000016
343.000000 0.000015
344.000000 0.000016
345.000000 0.000015
346.000000 0.000015
347.000000 0.000015
348.000000 0.000014
349.000000 0.000014
350.000000 0.000014
351.000000 0.000014
352.000000 0.000014
353.000000 0.000014
354.000000 0.000013
355.000000 0.000013
356.000000 0.000013
357.000000 0.000013
358.000000 0.000013
359.000000 0.000013
360.000000 0.000013
361.000000 0.000012
362.000000 0.000012
363.000000 0.000012
364.000000 0.000012
365.000000 0.000012
366.000000 0.000012
367.000000 0.000012
368.000000 0.000011
369.000000 0.000011
370.000000 0.000011
371.000000 0.000011
372.000000 0.000011
373.000000 0.000011
374.000000 0.000011
375.000000 0.000011
376.000000 0.000010
377.000000 0.000010
378.000000 0.000010
379.000000 0.000010
380.000000 0.000010
381.000000 0.000010
382.000000 0.000010
383.000000 0.000010
384.000000 0.000010
385.000000 0.000009
386.000000 0.000009
387.000000 0.000009
388.000000 0.000009
389.000000 0.000009
390.000000 0.000009
391.000000 0.000009
392.000000 0.000009
393.000000 0.000009
394.000000 0.000009
395.000000 0.000008
396.000000 0.000008
397.000000 0.000008
398.000000 0.000008
399.000000 0.000008
400.000000 0.000008
401.000000 0.000008
402.000000 0.000008
403.000000 0.000008
404.000000 0.000008
405.000000 0.000008
406.000000 0.000008
407.000000 0.000007
408.000000 0.000007
409.000000 0.000007
410.000000 0.000007
411.000000 0.000007
412.000000 0.000007
413.000000 0.000007
414.000000 0.000007
415.000000 0.000007
416.000000 0.000007
417.000000 0.000007
418.000000 0.000007
419.000000 0.000007
420.000000 0.000007
421.000000 0.000007
422.000000 0.000006
423.000000 0.000006
424.000000 0.000006
425.000000 0.000006
426.000000 0.000006
427.000000 0.000006
428.000000 0.000006
429.000000 0.000006
430.000000 0.000006
431.000000 0.000006
432.000000 0.000006
433.000000 0.000006
434.000000 0.000006
435.000000 0.000006
436.000000 0.000006
437.000000 0.000006
438.000000 0.000006
439.000000 0.000006
440.000000 0.000006
441.000000 0.000005
442.000000 0.000005
443.000000 0.000005
444.000000 0.000005
445.000000 0.000005
446.000000 0.000005
447.000000 0.000005
448.000000 0.000005
449.000000 0.000005
450.000000 0.000005
451.000000 0.000005
452.000000 0.000005
453.000000 0.000005
454.000000 0.000005
455.000000 0.000005
456.000000 0.000005
457.000000 0.000005
458.000000 0.000005
459.000000 0.000005
460.000000 0.000005
461.000000 0.000005
462.000000 0.000005
463.000000 0.000005
464.000000 0.000005
465.000000 0.000005
466.000000 0.000004
467.000000 0.000004
468.000000 0.000004
469.000000 0.000004
470.000000 0.000004
471.000000 0.000004
472.000000 0.000004
473.000000 0.000004
474.000000 0.000004
475.000000 0.000004
476.000000 0.000004
477.000000 0.000004
478.000000 0.000004
479.000000 0.000004
480.000000 0.000004
481.000000 0.000004
482.000000 0.000004
483.000000 0.000004
484.000000 0.000004
485.000000 0.000004
486.000000 0.000004
487.000000 0.000004
488.000000 0.000004
489.000000 0.000004
490.000000 0.000004
491.000000 0.000004
492.000000 0.000004
493.000000 0.000004
494.000000 0.000004
495.000000 0.000004
496.000000 0.000004
497.000000 0.000004
498.000000 0.000004
499.000000 0.000004
500.000000 0.000004
501.000000 0.000004
502.000000 0.000004
503.000000 0.000004
504.000000 0.000004
505.000000 0.000004
506.000000 0.000004
507.000000 0.000004
508.000000 0.000004
509.000000 0.000004
510.000000 0.000004
511.000000 0.000004
512.000000 0.000004
513.000000 0.000004
514.000000 0.000004
515.000000 0.000004
516.000000 0.000004
517.000000 0.000004
518.000000 0.000004
519.000000 0.000004
520.000000 0.000004
521.000000 0.000004
522.000000 0.000004
523.000000 0.000004
524.000000 0.000004
525.000000 0.000004
526.000000 0.000004
527.000000 0.000004
528.000000 0.000004
529.000000 0.000004
530.000000 0.000004
531.000000 0.000004
532.000000 0.000004
533.000000 0.000004
534.000000 0.000004
535.000000 0.000004
536.000000 0.000004
537.000000 0.000004
538.000000 0.000004
539.000000 0.000004
540.000000 0.000004
541.000000 0.000004
542.000000 0.000004
543.000000 0.000004
544.000000 0.000004
545.000000 0.000004
546.000000 0.000004
547.000000 0.000004
548.000000 0.000004
549.000000 0.000004
550.000000 0.000004
551.000000 0.000004
552.000000 0.000004
553.000000 0.000004
554.000000 0.000004
555.000000 0.000004
556.000000 0.000004
557.000000 0.000004
558.000000 0.000004
559.000000 0.000004
560.000000 0.000004
561.000000 0.000005
562.000000 0.000005
563.000000 0.000005
564.000000 0.000005
565.000000 0.000005
566.000000 0.000005
567.000000 0.000005
568.000000 0.000005
569.000000 0.000005
570.000000 0.000005
571.000000 0.000005
572.000000 0.000005
573.000000 0.000005
574.000000 0.000005
575.000000 0.000005
576.000000 0.000005
577.000000 0.000005
578.000000 0.000005
579.000000 0.000005
580.000000 0.000005
581.000000 0.000005
582.000000 0.000005
583.000000 0.000005
584.000000 0.000004
585.000000 0.000004
586.000000 0.000004
587.000000 0.000004
588.000000 0.000004
589.000000 0.000004
590.000000 0.000004
591.000000 0.000004
592.000000 0.000004
593.000000 0.000004
594.000000 0.000004
595.000000 0.000005
596.000000 0.000005
597.000000 0.000005
598.000000 0.000005
599.000000 0.000005
600.000000 0.000005
601.000000 0.000005
602.000000 0.000005
603.000000 0.000005
604.000000 0.000005
605.000000 0.000005
606.000000 0.000005
607.000000 0.000005
608.000000 0.000005
609.000000 0.000004
610.000000 0.000004
611.000000 0.000004
612.000000 0.000004
613.000000 0.000004
614.000000 0.000004
615.000000 0.000004
616.000000 0.000004
617.000000 0.000004
618.000000 0.000004
619.000000 0.000004
620.000000 0.000004
621.000000 0.000004
622.000000 0.000004
623.000000 0.000004
624.000000 0.000004
625.000000 0.000004
626.000000 0.000004
627.000000 0.000004
628.000000 0.000004
629.000000 0.000004
630.000000 0.000003
631.000000 0.000003
632.000000 0.000003
633.000000 0.000003
634.000000 0.000003
635.000000 0.000003
636.000000 0.000003
637.000000 0.000003
638.000000 0.000003
639.000000 0.000003
640.000000 0.000003
641.000000 0.000003
642.000000 0.000003
643.000000 0.000003
644.000000 0.000003
645.000000 0.000003
646.000000 0.000003
647.000000 0.000003
648.000000 0.000003
649.000000 0.000003
650.000000 0.000003
651.000000 0.000003
652.000000 0.000003
653.000000 0.000003
654.000000 0.000003
655.000000 0.000002
656.000000 0.000002
657.000000 0.000002
658.000000 0.000002
659.000000 0.000002
660.000000 0.000002
661.000000 0.000002
662.000000 0.000002
663.000000 0.000002
664.000000 0.000002
665.000000 0.000002
666.000000 0.000002
667.000000 0.000002
668.000000 0.000002
669.000000 0.000002
670.000000 0.000002
671.000000 0.000002
672.000000 0.000002
673.000000 0.000002
674.000000 0.000002
675.000000 0.000002
676.000000 0.000002
677.000000 0.000002
678.000000 0.000002
679.000000 0.000002
680.000000 0.000002
681.000000 0.000002
682.000000 0.000002
683.000000 0.000002
684.000000 0.000002
685.000000 0.000002
686.000000 0.000002
687.000000 0.000517
688.000000 0.000002
689.000000 0.000002
690.000000 0.000018
691.000000 0.000002
692.000000 0.000002
693.000000 0.000001
694.000000 0.000001
695.000000 0.000001
696.000000 0.000001
697.000000 0.000001
698.000000 0.000001
699.000000 0.000001
700.000000 0.000001
701.000000 0.000001
702.000000 0.000001
703.000000 0.000001
704.000000 0.000001
705.000000 0.000001
706.000000 0.000001
707.000000 0.000001
708.000000 0.000001
709.000000 0.000001
710.000000 0.000001
711.000000 0.000001
712.000000 0.000001
713.000000 0.000001
714.000000 0.000001
715.000000 0.000001
716.000000 0.000001
717.000000 0.000001
718.000000 0.000001
719.000000 0.000001
720.000000 0.000001
721.000000 0.000001
722.000000 0.000001
723.000000 0.000001
724.000000 0.000001
725.000000 0.000001
726.000000 0.000001
727.000000 0.000001
728.000000 0.000001
729.000000 0.000001
730.000000 0.000001
731.000000 0.000001
732.000000 0.000001
733.000000 0.000001
734.000000 0.000001
735.000000 0.000001
736.000000 0.000001
737.000000 0.000001
738.000000 0.000001
739.000000 0.000001
740.000000 0.000001
741.000000 0.000001
742.000000 0.000001
743.000000 0.000001
744.000000 0.000001
745.000000 0.000001
746.000000 0.000001
747.000000 0.000001
748.000000 0.000001
749.000000 0.000001
750.000000 0.000001
751.000000 0.000001
752.000000 0.000001
753.000000 0.000001
754.000000 0.000001
755.000000 0.000001
756.000000 0.000001
757.000000 0.000001
758.000000 0.000001
759.000000 0.000001
760.000000 0.000001
761.000000 0.000003
762.000000 0.000001
763.000000 0.000001
764.000000 0.000001
765.000000 0.000001
766.000000 0.000002
767.000000 0.000001
768.000000 0.000001
769.000000 0.000001
770.000000 0.000001
771.000000 0.000001
772.000000 0.000001
773.000000 0.000001
774.000000 0.000001
775.000000 0.000001
776.000000 0.000001
777.000000 0.000001
778.000000 0.000001
779.000000 0.000001
780.000000 0.000001
781.000000 0.000001
782.000000 0.000001
783.000000 0.000001
784.000000 0.000001
785.000000 0.000001
786.000000 0.000001
787.000000 0.000001
788.000000 0.000001
789.000000 0.000001
790.000000 0.000001
791.000000 0.000001
792.000000 0.000001
793.000000 0.000001
794.000000 0.000001
795.000000 0.000001
796.000000 0.000001
797.000000 0.000001
798.000000 0.000001
799.000000 0.000001
800.000000 0.000001
801.000000 0.000001
802.000000 0.000001
803.000000 0.000001
804.000000 0.000001
805.000000 0.000001
806.000000 0.000001
807.000000 0.000001
808.000000 0.000001
809.000000 0.000001
810.000000 0.000001
811.000000 0.000001
812.000000 0.000001
813.000000 0.000001
814.000000 0.000001
815.000000 0.000001
816.000000 0.000001
817.000000 0.000001
818.000000 0.000001
819.000000 0.000001
820.000000 0.000001
821.000000 0.000001
822.000000 0.000001
823.000000 0.000001
824.000000 0.000001
825.000000 0.000001
826.000000 0.000000
827.000000 0.000000
828.000000 0.000000
829.000000 0.000000
830.000000 0.000000
831.000000 0.000000
832.000000 0.000000
833.000000 0.000000
834.000000 0.000000
835.000000 0.000000
836.000000 0.000000
837.000000 0.000000
838.000000 0.000000
839.000000 0.000000
840.000000 0.000000
841.000000 0.000000
842.000000 0.000000
843.000000 0.000000
844.000000 0.000000
845.000000 0.000000
846.000000 0.000000
847.000000 0.000000
848.000000 0.000000
849.000000 0.000000
850.000000 0.000000
851.000000 0.000000
852.000000 0.000000
853.000000 0.000000
854.000000 0.000000
855.000000 0.000000
856.000000 0.000000
857.000000 0.000000
858.000000 0.000000
859.000000 0.000000
860.000000 0.000000
861.000000 0.000000
862.000000 0.000000
863.000000 0.000000
864.000000 0.000000
865.000000 0.000000
866.000000 0.000000
867.000000 0.000000
868.000000 0.000000
869.000000 0.000000
870.000000 0.000000
871.000000 0.000000
872.000000 0.000000
873.000000 0.000000
874.000000 0.000000
875.000000 0.000000
876.000000 0.000000
877.000000 0.000000
878.000000 0.000000
879.000000 0.000000
880.000000 0.000000
881.000000 0.000000
882.000000 0.000000
883.000000 0.000000
884.000000 0.000000
885.000000 0.000000
886.000000 0.000000
887.000000 0.000000
888.000000 0.000000
889.000000 0.000000
890.000000 0.000000
891.000000 0.000000
892.000000 0.000000
893.000000 0.000000
894.000000 0.000000
895.000000 0.000000
896.000000 0.000000
897.000000 0.000000
898.000000 0.000000
899.000000 0.000000
900.000000 0.000000
901.000000 0.000000
902.000000 0.000000
903.000000 0.000000
904.000000 0.000000
905.000000 0.000000
906.000000 0.000000
907.000000 0.000000
908.000000 0.000000
909.000000 0.000000
910.000000 0.000000
911.000000 0.000000
912.000000 0.000000
913.000000 0.000000
914.000000 0.000000
915.000000 0.000000
916.000000 0.000000
917.000000 0.000000
918.000000 0.000000
919.000000 0.000000
920.000000 0.000000
921.000000 0.000000
922.000000 0.000000
923.000000 0.000000
924.000000 0.000000
925.000000 0.000000
926.000000 0.000000
927.000000 0.000000
928.000000 0.000000
929.000000 0.000000
930.000000 0.000000
931.000000 0.000000
932.000000 0.000000
933.000000 0.000000
934.000000 0.000000
935.000000 0.000000
936.000000 0.000000
937.000000 0.000000
938.000000 0.000042
939.000000 0.000000
940.000000 0.000000
941.000000 0.000000
942.000000 0.000000
943.000000 0.000000
944.000000 0.000000
945.000000 0.000000
946.000000 0.000000
947.000000 0.000000
948.000000 0.000000
949.000000 0.000000
950.000000 0.000000
951.000000 0.000000
952.000000 0.000000
953.000000 0.000000
954.000000 0.000000
955.000000 0.000000
956.000000 0.000000
957.000000 0.000000
958.000000 0.000000
959.000000 0.000000
960.000000 0.000000
961.000000 0.000000
962.000000 0.000000
963.000000 0.000000
964.000000 0.000000
965.000000 0.000000
966.000000 0.000000
967.000000 0.000000
968.000000 0.000000
969.000000 0.000000
970.000000 0.000000
971.000000 0.000000
972.000000 0.000000
973.000000 0.000000
974.000000 0.000000
975.000000 0.000000
976.000000 0.000000
977.000000 0.000000
978.000000 0.000000
979.000000 0.000000
980.000000 0.000000
981.000000 0.000000
982.000000 0.000000
983.000000 0.000000
984.000000 0.000000
985.000000 0.000000
986.000000 0.000000
987.000000 0.000000
988.000000 0.000000
989.000000 0.000000
990.000000 0.000000
991.000000 0.000000
992.000000 0.000000
993.000000 0.000000
994.000000 0.000000
995.000000 0.000000
996.000000 0.000000
997.000000 0.000000
998.000000 0.000000
999.000000 0.000000
1000.000000 0.000000
The optical depth at z= 76.000000
1.000000 0.000000
2.000000 0.000000
3.000000 0.000000
4.000000 0.000000
5.000000 41.509246
6.000000 60.680582
7.000000 238.767544
8.000000 319.188009
9.000000 410.555450
10.000000 522.537230
11.000000 648.927642
12.000000 791.104338
13.000000 943.069936
14.000000 1116.516770
15.000000 1307.661869
16.000000 1494.470776
17.000000 1705.682752
18.000000 1910.943147
19.000000 2142.703754
20.000000 2430.597769
21.000000 2750.774247
22.000000 3013.371943
23.000000 3291.388361
24.000000 3610.842130
25.000000 3800.202480
26.000000 3977.515729
27.000000 4097.974098
28.000000 4247.342555
29.000000 4400.496466
30.000000 4537.476061
31.000000 4654.491872
32.000000 4909.258710
33.000000 5166.837600
34.000000 5327.449216
35.000000 5789.564196
36.000000 6065.403130
37.000000 6340.533917
38.000000 6622.849384
39.000000 6945.416416
40.000000 7223.757577
41.000000 7632.947939
42.000000 7797.674933
43.000000 8048.534361
44.000000 8222.743461
45.000000 8211.891773
46.000000 8250.363523
47.000000 8295.295658
48.000000 8473.729682
49.000000 8531.062741
50.000000 8554.754442
51.000000 8694.602728
52.000000 9015.992953
53.000000 9205.358486
54.000000 9097.577331
55.000000 8964.709298
56.000000 8721.745088
57.000000 8517.970470
58.000000 8401.829996
59.000000 8410.186342
60.000000 8511.367875
61.000000 8641.428179
62.000000 8800.351902
63.000000 8819.456417
64.000000 8844.093946
65.000000 9070.935989
66.000000 8987.145327
67.000000 9121.021363
68.000000 9103.796876
69.000000 9097.406186
70.000000 9177.967381
71.000000 9268.618343
72.000000 9369.853130
73.000000 9484.151669
74.000000 9689.290986
75.000000 9893.477215
76.000000 9997.533975
77.000000 10084.979627
78.000000 9954.241353
79.000000 9595.681473
80.000000 9240.392741
81.000000 8854.149708
82.000000 8468.054671
83.000000 8513.590674
84.000000 9567.060806
85.000000 10620.709576
86.000000 11673.530121
87.000000 12725.912855
88.000000 13779.000723
89.000000 14365.075119
90.000000 14250.255131
91.000000 14131.207540
92.000000 14157.424237
93.000000 14778.796101
94.000000 15393.920096
95.000000 16006.239803
96.000000 15355.759667
97.000000 13854.214068
98.000000 12353.311315
99.000000 10852.617599
100.000000 8734.058860
101.000000 6458.776941
102.000000 4187.802952
103.000000 1908.601605
104.000000 1542.684913
105.000000 1177.259234
106.000000 813.148883
107.000000 446.733640
108.000000 80.755382
109.000000 52.194379
110.000000 20.206625
111.000000 3.887040
112.000000 83.746326
113.000000 16.537383
114.000000 6.745647
115.000000 55.433441
116.000000 5.205006
117.000000 17.379850
118.000000 14.912139
119.000000 3.422082
120.000000 115.668173
121.000000 164.096784
122.000000 7.137113
123.000000 26.128352
124.000000 13.709194
125.000000 94.725925
126.000000 27.745040
127.000000 5.715097
128.000000 18.321950
129.000000 35.814642
130.000000 39.459786
131.000000 45.877363
132.000000 77.138282
133.000000 133.960351
134.000000 165.114261
135.000000 377.679601
136.000000 601.862880
137.000000 755.289444
138.000000 908.752456
139.000000 980.490571
140.000000 940.781472
141.000000 913.938494
142.000000 963.695515
143.000000 1013.458828
144.000000 1007.805242
145.000000 982.683480
146.000000 957.561329
147.000000 932.433163
148.000000 907.302403
149.000000 836.732327
150.000000 859.629484
151.000000 798.328364
152.000000 737.027959
153.000000 675.727536
154.000000 610.836666
155.000000 558.318618
156.000000 500.243412
157.000000 455.854804
158.000000 410.898892
159.000000 361.444266
160.000000 325.929694
161.000000 286.027845
162.000000 246.121656
163.000000 207.915566
164.000000 170.839023
165.000000 149.776999
166.000000 128.717920
167.000000 107.656851
168.000000 86.880103
169.000000 70.758994
170.000000 54.636922
171.000000 50.688988
172.000000 39.435478
173.000000 30.461773
174.000000 24.060426
175.000000 17.659026
176.000000 12.882779
177.000000 9.123218
178.000000 7.378287
179.000000 7.094799
180.000000 3.556796
181.000000 0.233772
182.000000 1.207274
183.000000 0.085068
184.000000 0.408858
185.000000 0.124294
186.000000 0.034976
187.000000 0.038574
188.000000 0.006322
189.000000 0.019298
190.000000 0.003110
191.000000 0.005331
192.000000 0.005641
193.000000 0.004818
194.000000 0.001602
195.000000 0.045980
196.000000 0.005172
197.000000 0.000564
198.000000 0.000800
199.000000 0.000879
200.000000 0.002118
201.000000 0.001514
202.000000 0.000814
203.000000 0.000770
204.000000 0.000807
205.000000 0.000843
206.000000 0.000843
207.000000 0.000854
208.000000 0.000864
209.000000 0.000877
210.000000 0.000897
211.000000 0.000916
212.000000 0.000945
213.000000 0.000985
214.000000 0.001026
215.000000 0.001085
216.000000 0.001134
217.000000 0.001201
218.000000 0.001269
219.000000 0.001346
220.000000 0.001439
221.000000 0.001531
222.000000 0.001648
223.000000 0.001763
224.000000 0.001889
225.000000 0.002025
226.000000 0.002160
227.000000 0.002319
228.000000 0.002479
229.000000 0.002657
230.000000 0.002852
231.000000 0.003070
232.000000 0.003199
233.000000 0.003433
234.000000 0.003587
235.000000 0.003812
236.000000 0.004000
237.000000 0.004219
238.000000 0.004436
239.000000 0.004615
240.000000 0.004900
241.000000 0.005044
242.000000 0.005265
243.000000 0.005418
244.000000 0.005639
245.000000 0.005719
246.000000 0.005983
247.000000 0.006037
248.000000 0.006209
249.000000 0.006409
250.000000 0.006482
251.000000 0.006431
252.000000 0.006680
253.000000 0.006576
254.000000 0.006692
255.000000 0.006660
256.000000 0.006673
257.000000 0.006542
258.000000 0.006479
259.000000 0.006634
260.000000 0.006207
261.000000 0.006341
262.000000 0.006076
263.000000 0.005918
264.000000 0.005771
265.000000 0.005582
266.000000 0.005471
267.000000 0.005101
268.000000 0.005052
269.000000 0.004671
270.000000 0.004630
271.000000 0.004272
272.000000 0.004129
273.000000 0.003845
274.000000 0.003547
275.000000 0.003389
276.000000 0.003113
277.000000 0.002915
278.000000 0.002689
279.000000 0.002483
280.000000 0.002326
281.000000 0.002108
282.000000 0.001864
283.000000 0.001726
284.000000 0.001568
285.000000 0.001422
286.000000 0.001290
287.000000 0.001165
288.000000 0.001022
289.000000 0.000921
290.000000 0.000823
291.000000 0.000743
292.000000 0.000641
293.000000 0.000583
294.000000 0.000504
295.000000 0.000455
296.000000 0.000394
297.000000 0.000351
298.000000 0.000301
299.000000 0.000272
300.000000 0.000235
301.000000 0.000207
302.000000 0.000184
303.000000 0.000159
304.000000 0.000145
305.000000 0.000125
306.000000 0.000113
307.000000 0.000100
308.000000 0.000088
309.000000 0.000082
310.000000 0.000069
311.000000 0.000064
312.000000 0.000053
313.000000 0.000047
314.000000 0.000045
315.000000 0.000038
316.000000 0.000037
317.000000 0.000032
318.000000 0.000032
319.000000 0.000025
320.000000 0.000029
321.000000 0.000022
322.000000 0.000024
323.000000 0.000023
324.000000 0.000017
325.000000 0.000022
326.000000 0.000017
327.000000 0.000016
328.000000 0.000019
329.000000 0.000014
330.000000 0.000014
331.000000 0.000015
332.000000 0.000013
333.000000 0.000013
334.000000 0.000014
335.000000 0.000012
336.000000 0.000012
337.000000 0.000012
338.000000 0.000012
339.000000 0.000011
340.000000 0.000011
341.000000 0.000011
342.000000 0.000011
343.000000 0.000011
344.000000 0.000011
345.000000 0.000010
346.000000 0.000010
347.000000 0.000010
348.000000 0.000010
349.000000 0.000010
350.000000 0.000010
351.000000 0.000010
352.000000 0.000009
353.000000 0.000009
354.000000 0.000009
355.000000 0.000009
356.000000 0.000009
357.000000 0.000009
358.000000 0.000009
359.000000 0.000009
360.000000 0.000009
361.000000 0.000008
362.000000 0.000008
363.000000 0.000008
364.000000 0.000008
365.000000 0.000008
366.000000 0.000008
367.000000 0.000008
368.000000 0.000008
369.000000 0.000008
370.000000 0.000008
371.000000 0.000008
372.000000 0.000007
373.000000 0.000007
374.000000 0.000007
375.000000 0.000007
376.000000 0.000007
377.000000 0.000007
378.000000 0.000007
379.000000 0.000007
380.000000 0.000007
381.000000 0.000007
382.000000 0.000007
383.000000 0.000007
384.000000 0.000006
385.000000 0.000006
386.000000 0.000006
387.000000 0.000006
388.000000 0.000006
389.000000 0.000006
390.000000 0.000006
391.000000 0.000006
392.000000 0.000006
393.000000 0.000006
394.000000 0.000006
395.000000 0.000006
396.000000 0.000006
397.000000 0.000006
398.000000 0.000006
399.000000 0.000006
400.000000 0.000005
401.000000 0.000005
402.000000 0.000005
403.000000 0.000005
404.000000 0.000005
405.000000 0.000005
406.000000 0.000005
407.000000 0.000005
408.000000 0.000005
409.000000 0.000005
410.000000 0.000005
411.000000 0.000005
412.000000 0.000005
413.000000 0.000005
414.000000 0.000005
415.000000 0.000005
416.000000 0.000005
417.000000 0.000005
418.000000 0.000005
419.000000 0.000005
420.000000 0.000005
421.000000 0.000004
422.000000 0.000004
423.000000 0.000004
424.000000 0.000004
425.000000 0.000004
426.000000 0.000004
427.000000 0.000004
428.000000 0.000004
429.000000 0.000004
430.000000 0.000004
431.000000 0.000004
432.000000 0.000004
433.000000 0.000004
434.000000 0.000004
435.000000 0.000004
436.000000 0.000004
437.000000 0.000004
438.000000 0.000004
439.000000 0.000004
440.000000 0.000004
441.000000 0.000004
442.000000 0.000004
443.000000 0.000004
444.000000 0.000004
445.000000 0.000004
446.000000 0.000004
447.000000 0.000004
448.000000 0.000004
449.000000 0.000004
450.000000 0.000003
451.000000 0.000003
452.000000 0.000003
453.000000 0.000003
454.000000 0.000003
455.000000 0.000003
456.000000 0.000003
457.000000 0.000003
458.000000 0.000003
459.000000 0.000003
460.000000 0.000003
461.000000 0.000003
462.000000 0.000003
463.000000 0.000003
464.000000 0.000003
465.000000 0.000003
466.000000 0.000003
467.000000 0.000003
468.000000 0.000003
469.000000 0.000003
470.000000 0.000003
471.000000 0.000003
472.000000 0.000003
473.000000 0.000003
474.000000 0.000003
475.000000 0.000003
476.000000 0.000003
477.000000 0.000003
478.000000 0.000003
479.000000 0.000003
480.000000 0.000003
481.000000 0.000003
482.000000 0.000003
483.000000 0.000003
484.000000 0.000003
485.000000 0.000003
486.000000 0.000003
487.000000 0.000003
488.000000 0.000003
489.000000 0.000003
490.000000 0.000003
491.000000 0.000003
492.000000 0.000003
493.000000 0.000003
494.000000 0.000003
495.000000 0.000003
496.000000 0.000003
497.000000 0.000003
498.000000 0.000003
499.000000 0.000003
500.000000 0.000003
501.000000 0.000003
502.000000 0.000003
503.000000 0.000003
504.000000 0.000003
505.000000 0.000003
506.000000 0.000003
507.000000 0.000003
508.000000 0.000003
509.000000 0.000003
510.000000 0.000003
511.000000 0.000003
512.000000 0.000003
513.000000 0.000003
514.000000 0.000003
515.000000 0.000003
516.000000 0.000003
517.000000 0.000003
518.000000 0.000003
519.000000 0.000003
520.000000 0.000003
521.000000 0.000003
522.000000 0.000003
523.000000 0.000003
524.000000 0.000003
525.000000 0.000003
526.000000 0.000003
527.000000 0.000003
528.000000 0.000003
529.000000 0.000003
530.000000 0.000003
531.000000 0.000003
532.000000 0.000003
533.000000 0.000003
534.000000 0.000003
535.000000 0.000003
536.000000 0.000003
537.000000 0.000003
538.000000 0.000003
539.000000 0.000003
540.000000 0.000003
541.000000 0.000003
542.000000 0.000003
543.000000 0.000003
544.000000 0.000003
545.000000 0.000003
546.000000 0.000003
547.000000 0.000003
548.000000 0.000003
549.000000 0.000003
550.000000 0.000003
551.000000 0.000003
552.000000 0.000003
553.000000 0.000003
554.000000 0.000003
555.000000 0.000004
556.000000 0.000004
557.000000 0.000004
558.000000 0.000004
559.000000 0.000004
560.000000 0.000004
561.000000 0.000004
562.000000 0.000004
563.000000 0.000004
564.000000 0.000004
565.000000 0.000004
566.000000 0.000004
567.000000 0.000004
568.000000 0.000004
569.000000 0.000004
570.000000 0.000004
571.000000 0.000004
572.000000 0.000004
573.000000 0.000004
574.000000 0.000004
575.000000 0.000004
576.000000 0.000004
577.000000 0.000004
578.000000 0.000004
579.000000 0.000004
580.000000 0.000004
581.000000 0.000004
582.000000 0.000004
583.000000 0.000004
584.000000 0.000004
585.000000 0.000004
586.000000 0.000004
587.000000 0.000004
588.000000 0.000004
589.000000 0.000004
590.000000 0.000004
591.000000 0.000004
592.000000 0.000004
593.000000 0.000004
594.000000 0.000004
595.000000 0.000004
596.000000 0.000004
597.000000 0.000004
598.000000 0.000004
599.000000 0.000004
600.000000 0.000004
601.000000 0.000004
602.000000 0.000004
603.000000 0.000004
604.000000 0.000004
605.000000 0.000004
606.000000 0.000004
607.000000 0.000004
608.000000 0.000004
609.000000 0.000004
610.000000 0.000004
611.000000 0.000004
612.000000 0.000004
613.000000 0.000004
614.000000 0.000004
615.000000 0.000004
616.000000 0.000003
617.000000 0.000003
618.000000 0.000003
619.000000 0.000003
620.000000 0.000003
621.000000 0.000003
622.000000 0.000003
623.000000 0.000003
624.000000 0.000003
625.000000 0.000003
626.000000 0.000003
627.000000 0.000003
628.000000 0.000003
629.000000 0.000003
630.000000 0.000003
631.000000 0.000003
632.000000 0.000003
633.000000 0.000003
634.000000 0.000003
635.000000 0.000003
636.000000 0.000003
637.000000 0.000003
638.000000 0.000003
639.000000 0.000003
640.000000 0.000003
641.000000 0.000003
642.000000 0.000002
643.000000 0.000002
644.000000 0.000002
645.000000 0.000002
646.000000 0.000002
647.000000 0.000002
648.000000 0.000002
649.000000 0.000002
650.000000 0.000002
651.000000 0.000002
652.000000 0.000002
653.000000 0.000002
654.000000 0.000002
655.000000 0.000002
656.000000 0.000002
657.000000 0.000002
658.000000 0.000002
659.000000 0.000002
660.000000 0.000002
661.000000 0.000002
662.000000 0.000002
663.000000 0.000002
664.000000 0.000002
665.000000 0.000002
666.000000 0.000002
667.000000 0.000002
668.000000 0.000002
669.000000 0.000002
670.000000 0.000002
671.000000 0.000002
672.000000 0.000002
673.000000 0.000002
674.000000 0.000002
675.000000 0.000002
676.000000 0.000002
677.000000 0.000001
678.000000 0.000001
679.000000 0.000001
680.000000 0.000001
681.000000 0.000001
682.000000 0.000001
683.000000 0.000001
684.000000 0.000001
685.000000 0.000001
686.000000 0.000001
687.000000 0.000352
688.000000 0.000001
689.000000 0.000001
690.000000 0.000012
691.000000 0.000001
692.000000 0.000001
693.000000 0.000001
694.000000 0.000001
695.000000 0.000001
696.000000 0.000001
697.000000 0.000001
698.000000 0.000001
699.000000 0.000001
700.000000 0.000001
701.000000 0.000001
702.000000 0.000001
703.000000 0.000001
704.000000 0.000001
705.000000 0.000001
706.000000 0.000001
707.000000 0.000001
708.000000 0.000001
709.000000 0.000001
710.000000 0.000001
711.000000 0.000001
712.000000 0.000001
713.000000 0.000001
714.000000 0.000001
715.000000 0.000001
716.000000 0.000001
717.000000 0.000001
718.000000 0.000001
719.000000 0.000001
720.000000 0.000001
721.000000 0.000001
722.000000 0.000001
723.000000 0.000001
724.000000 0.000001
725.000000 0.000001
726.000000 0.000001
727.000000 0.000001
728.000000 0.000001
729.000000 0.000001
730.000000 0.000001
731.000000 0.000001
732.000000 0.000001
733.000000 0.000001
734.000000 0.000001
735.000000 0.000001
736.000000 0.000001
737.000000 0.000001
738.000000 0.000001
739.000000 0.000001
740.000000 0.000001
741.000000 0.000001
742.000000 0.000001
743.000000 0.000001
744.000000 0.000001
745.000000 0.000001
746.000000 0.000001
747.000000 0.000001
748.000000 0.000001
749.000000 0.000001
750.000000 0.000001
751.000000 0.000001
752.000000 0.000001
753.000000 0.000001
754.000000 0.000001
755.000000 0.000001
756.000000 0.000001
757.000000 0.000001
758.000000 0.000001
759.000000 0.000001
760.000000 0.000001
761.000000 0.000002
762.000000 0.000001
763.000000 0.000001
764.000000 0.000001
765.000000 0.000001
766.000000 0.000001
767.000000 0.000001
768.000000 0.000001
769.000000 0.000001
770.000000 0.000001
771.000000 0.000001
772.000000 0.000001
773.000000 0.000001
774.000000 0.000001
775.000000 0.000001
776.000000 0.000001
777.000000 0.000001
778.000000 0.000001
779.000000 0.000001
780.000000 0.000001
781.000000 0.000001
782.000000 0.000001
783.000000 0.000001
784.000000 0.000001
785.000000 0.000001
786.000000 0.000000
787.000000 0.000000
788.000000 0.000000
789.000000 0.000000
790.000000 0.000000
791.000000 0.000000
792.000000 0.000000
793.000000 0.000000
794.000000 0.000000
795.000000 0.000000
796.000000 0.000000
797.000000 0.000000
798.000000 0.000000
799.000000 0.000000
800.000000 0.000000
801.000000 0.000000
802.000000 0.000000
803.000000 0.000000
804.000000 0.000000
805.000000 0.000000
806.000000 0.000000
807.000000 0.000000
808.000000 0.000000
809.000000 0.000000
810.000000 0.000000
811.000000 0.000000
812.000000 0.000000
813.000000 0.000000
814.000000 0.000000
815.000000 0.000000
816.000000 0.000000
817.000000 0.000000
818.000000 0.000001
819.000000 0.000000
820.000000 0.000000
821.000000 0.000000
822.000000 0.000000
823.000000 0.000000
824.000000 0.000000
825.000000 0.000000
826.000000 0.000000
827.000000 0.000000
828.000000 0.000000
829.000000 0.000000
830.000000 0.000000
831.000000 0.000000
832.000000 0.000000
833.000000 0.000000
834.000000 0.000000
835.000000 0.000000
836.000000 0.000000
837.000000 0.000000
838.000000 0.000000
839.000000 0.000000
840.000000 0.000000
841.000000 0.000000
842.000000 0.000000
843.000000 0.000000
844.000000 0.000000
845.000000 0.000000
846.000000 0.000000
847.000000 0.000000
848.000000 0.000000
849.000000 0.000000
850.000000 0.000000
851.000000 0.000000
852.000000 0.000000
853.000000 0.000000
854.000000 0.000000
855.000000 0.000000
856.000000 0.000000
857.000000 0.000000
858.000000 0.000000
859.000000 0.000000
860.000000 0.000000
861.000000 0.000000
862.000000 0.000000
863.000000 0.000000
864.000000 0.000000
865.000000 0.000000
866.000000 0.000000
867.000000 0.000000
868.000000 0.000000
869.000000 0.000000
870.000000 0.000000
871.000000 0.000000
872.000000 0.000000
873.000000 0.000000
874.000000 0.000000
875.000000 0.000000
876.000000 0.000000
877.000000 0.000000
878.000000 0.000000
879.000000 0.000000
880.000000 0.000000
881.000000 0.000000
882.000000 0.000000
883.000000 0.000000
884.000000 0.000000
885.000000 0.000000
886.000000 0.000000
887.000000 0.000000
888.000000 0.000000
889.000000 0.000000
890.000000 0.000000
891.000000 0.000000
892.000000 0.000000
893.000000 0.000000
894.000000 0.000000
895.000000 0.000000
896.000000 0.000000
897.000000 0.000000
898.000000 0.000000
899.000000 0.000000
900.000000 0.000000
901.000000 0.000000
902.000000 0.000000
903.000000 0.000000
904.000000 0.000000
905.000000 0.000000
906.000000 0.000000
907.000000 0.000000
908.000000 0.000000
909.000000 0.000000
910.000000 0.000000
911.000000 0.000000
912.000000 0.000000
913.000000 0.000000
914.000000 0.000000
915.000000 0.000000
916.000000 0.000000
917.000000 0.000000
918.000000 0.000000
919.000000 0.000000
920.000000 0.000000
921.000000 0.000000
922.000000 0.000000
923.000000 0.000000
924.000000 0.000000
925.000000 0.000000
926.000000 0.000000
927.000000 0.000000
928.000000 0.000000
929.000000 0.000000
930.000000 0.000000
931.000000 0.000000
932.000000 0.000000
933.000000 0.000000
934.000000 0.000000
935.000000 0.000000
936.000000 0.000000
937.000000 0.000000
938.000000 0.000025
939.000000 0.000000
940.000000 0.000000
941.000000 0.000000
942.000000 0.000000
943.000000 0.000000
944.000000 0.000000
945.000000 0.000000
946.000000 0.000000
947.000000 0.000000
948.000000 0.000000
949.000000 0.000000
950.000000 0.000000
951.000000 0.000000
952.000000 0.000000
953.000000 0.000000
954.000000 0.000000
955.000000 0.000000
956.000000 0.000000
957.000000 0.000000
958.000000 0.000000
959.000000 0.000000
960.000000 0.000000
961.000000 0.000000
962.000000 0.000000
963.000000 0.000000
964.000000 0.000000
965.000000 0.000000
966.000000 0.000000
967.000000 0.000000
968.000000 0.000000
969.000000 0.000000
970.000000 0.000000
971.000000 0.000000
972.000000 0.000000
973.000000 0.000000
974.000000 0.000000
975.000000 0.000000
976.000000 0.000000
977.000000 0.000000
978.000000 0.000000
979.000000 0.000000
980.000000 0.000000
981.000000 0.000000
982.000000 0.000000
983.000000 0.000000
984.000000 0.000000
985.000000 0.000000
986.000000 0.000000
987.000000 0.000000
988.000000 0.000000
989.000000 0.000000
990.000000 0.000000
991.000000 0.000000
992.000000 0.000000
993.000000 0.000000
994.000000 0.000000
995.000000 0.000000
996.000000 0.000000
997.000000 0.000000
998.000000 0.000000
999.000000 0.000000
1000.000000 0.000000
The optical depth at z= 78.000000
1.000000 0.000000
2.000000 0.000000
3.000000 0.000000
4.000000 0.000000
5.000000 27.335744
6.000000 39.960950
7.000000 157.239789
8.000000 210.200571
9.000000 270.370296
10.000000 344.115621
11.000000 427.349711
12.000000 520.979843
13.000000 621.056433
14.000000 735.279405
15.000000 861.157498
16.000000 984.180070
17.000000 1123.273174
18.000000 1258.446924
19.000000 1411.072271
20.000000 1600.664158
21.000000 1811.515567
22.000000 1984.448589
23.000000 2167.535591
24.000000 2377.911072
25.000000 2502.613948
26.000000 2619.382965
27.000000 2698.710544
28.000000 2797.076827
29.000000 2897.935924
30.000000 2988.143891
31.000000 3065.204102
32.000000 3232.979929
33.000000 3402.607821
34.000000 3508.378409
35.000000 3812.702552
36.000000 3994.355486
37.000000 4175.541882
38.000000 4361.459781
39.000000 4573.885598
40.000000 4757.186570
41.000000 5026.657515
42.000000 5135.138401
43.000000 5300.341023
44.000000 5415.066284
45.000000 5407.920252
46.000000 5433.255993
47.000000 5462.846122
48.000000 5580.353144
49.000000 5618.109340
50.000000 5633.711447
51.000000 5725.808050
52.000000 5937.458353
53.000000 6062.164220
54.000000 5991.185463
55.000000 5903.685716
56.000000 5743.682823
57.000000 5609.487909
58.000000 5533.004017
59.000000 5538.507092
60.000000 5605.139788
61.000000 5690.790350
62.000000 5795.448661
63.000000 5808.030192
64.000000 5824.255356
65.000000 5973.641318
66.000000 5918.461503
67.000000 6006.625256
68.000000 5995.283209
69.000000 5991.075644
70.000000 6044.129231
71.000000 6103.827328
72.000000 6170.495148
73.000000 6245.765988
74.000000 6380.859123
75.000000 6515.324607
76.000000 6583.850868
77.000000 6641.438023
78.000000 6555.341155
79.000000 6319.213386
80.000000 6085.239790
81.000000 5830.881499
82.000000 5576.620672
83.000000 5606.609354
84.000000 6300.370252
85.000000 6994.248339
86.000000 7687.580798
87.000000 8380.624667
88.000000 9074.133106
89.000000 9460.091007
90.000000 9384.476674
91.000000 9306.078270
92.000000 9323.342565
93.000000 9732.541865
94.000000 10137.626664
95.000000 10540.864706
96.000000 10112.490705
97.000000 9123.650786
98.000000 8135.234203
99.000000 7146.955286
100.000000 5751.786860
101.000000 4253.409762
102.000000 2757.869630
103.000000 1256.911405
104.000000 1015.938964
105.000000 775.289862
106.000000 535.506960
107.000000 294.206123
108.000000 53.192496
109.000000 34.363330
110.000000 13.315555
111.000000 2.570973
112.000000 55.165599
113.000000 10.906167
114.000000 4.447468
115.000000 36.506503
116.000000 3.429691
117.000000 11.447238
118.000000 9.821307
119.000000 2.255249
120.000000 76.175758
121.000000 108.069682
122.000000 4.703770
123.000000 17.212033
124.000000 9.029871
125.000000 62.383725
126.000000 18.273613
127.000000 3.765966
128.000000 12.068519
129.000000 23.588888
130.000000 25.990427
131.000000 30.217574
132.000000 50.804938
133.000000 88.225696
134.000000 108.743012
135.000000 248.727440
136.000000 396.362763
137.000000 497.401050
138.000000 598.463587
139.000000 645.706530
140.000000 619.556420
141.000000 601.879291
142.000000 634.646759
143.000000 667.418330
144.000000 663.695328
145.000000 647.151648
146.000000 630.607703
147.000000 614.058957
148.000000 597.508510
149.000000 551.034182
150.000000 566.112291
151.000000 525.741987
152.000000 485.372151
153.000000 445.002293
154.000000 402.267985
155.000000 367.681738
156.000000 329.436176
157.000000 300.203893
158.000000 270.598004
159.000000 238.029507
160.000000 214.641160
161.000000 188.363620
162.000000 162.083216
163.000000 136.922403
164.000000 112.505457
165.000000 98.634803
166.000000 84.766388
167.000000 70.896686
168.000000 57.214214
169.000000 46.597709
170.000000 35.980574
171.000000 33.380676
172.000000 25.969751
173.000000 20.060181
174.000000 15.844632
175.000000 11.629038
176.000000 8.483682
177.000000 6.007872
178.000000 4.858818
179.000000 4.699714
180.000000 2.311712
181.000000 0.152106
182.000000 0.786006
183.000000 0.055868
184.000000 0.265676
185.000000 0.081672
186.000000 0.022921
187.000000 0.025210
188.000000 0.004261
189.000000 0.012649
190.000000 0.002138
191.000000 0.003553
192.000000 0.003771
193.000000 0.003219
194.000000 0.001118
195.000000 0.030221
196.000000 0.003428
197.000000 0.000432
198.000000 0.000587
199.000000 0.000637
200.000000 0.001452
201.000000 0.001054
202.000000 0.000594
203.000000 0.000566
204.000000 0.000593
205.000000 0.000620
206.000000 0.000626
207.000000 0.000639
208.000000 0.000653
209.000000 0.000671
210.000000 0.000695
211.000000 0.000720
212.000000 0.000753
213.000000 0.000796
214.000000 0.000840
215.000000 0.000901
216.000000 0.000955
217.000000 0.001025
218.000000 0.001097
219.000000 0.001178
220.000000 0.001273
221.000000 0.001367
222.000000 0.001485
223.000000 0.001602
224.000000 0.001729
225.000000 0.001866
226.000000 0.002003
227.000000 0.002163
228.000000 0.002323
229.000000 0.002500
230.000000 0.002694
231.000000 0.002910
232.000000 0.003039
233.000000 0.003270
234.000000 0.003423
235.000000 0.003645
236.000000 0.003831
237.000000 0.004048
238.000000 0.004261
239.000000 0.004438
240.000000 0.004717
241.000000 0.004859
242.000000 0.005076
243.000000 0.005234
244.000000 0.005455
245.000000 0.005534
246.000000 0.005792
247.000000 0.005844
248.000000 0.006011
249.000000 0.006206
250.000000 0.006277
251.000000 0.006228
252.000000 0.006470
253.000000 0.006369
254.000000 0.006481
255.000000 0.006451
256.000000 0.006464
257.000000 0.006337
258.000000 0.006276
259.000000 0.006426
260.000000 0.006012
261.000000 0.006142
262.000000 0.005885
263.000000 0.005732
264.000000 0.005589
265.000000 0.005407
266.000000 0.005298
267.000000 0.004940
268.000000 0.004892
269.000000 0.004523
270.000000 0.004483
271.000000 0.004136
272.000000 0.003998
273.000000 0.003723
274.000000 0.003433
275.000000 0.003280
276.000000 0.003012
277.000000 0.002820
278.000000 0.002601
279.000000 0.002401
280.000000 0.002249
281.000000 0.002038
282.000000 0.001801
283.000000 0.001667
284.000000 0.001514
285.000000 0.001372
286.000000 0.001245
287.000000 0.001123
288.000000 0.000984
289.000000 0.000887
290.000000 0.000792
291.000000 0.000714
292.000000 0.000616
293.000000 0.000559
294.000000 0.000483
295.000000 0.000435
296.000000 0.000376
297.000000 0.000335
298.000000 0.000286
299.000000 0.000258
300.000000 0.000222
301.000000 0.000196
302.000000 0.000173
303.000000 0.000149
304.000000 0.000136
305.000000 0.000116
306.000000 0.000104
307.000000 0.000092
308.000000 0.000081
309.000000 0.000074
310.000000 0.000062
311.000000 0.000057
312.000000 0.000046
313.000000 0.000041
314.000000 0.000039
315.000000 0.000032
316.000000 0.000031
317.000000 0.000027
318.000000 0.000026
319.000000 0.000020
320.000000 0.000024
321.000000 0.000017
322.000000 0.000019
323.000000 0.000018
324.000000 0.000013
325.000000 0.000017
326.000000 0.000013
327.000000 0.000011
328.000000 0.000015
329.000000 0.000010
330.000000 0.000010
331.000000 0.000011
332.000000 0.000009
333.000000 0.000009
334.000000 0.000010
335.000000 0.000008
336.000000 0.000008
337.000000 0.000008
338.000000 0.000008
339.000000 0.000007
340.000000 0.000008
341.000000 0.000007
342.000000 0.000007
343.000000 0.000007
344.000000 0.000007
345.000000 0.000007
346.000000 0.000007
347.000000 0.000007
348.000000 0.000007
349.000000 0.000006
350.000000 0.000006
351.000000 0.000006
352.000000 0.000006
353.000000 0.000006
354.000000 0.000006
355.000000 0.000006
356.000000 0.000006
357.000000 0.000006
358.000000 0.000006
359.000000 0.000006
360.000000 0.000006
361.000000 0.000006
362.000000 0.000005
363.000000 0.000005
364.000000 0.000005
365.000000 0.000005
366.000000 0.000005
367.000000 0.000005
368.000000 0.000005
369.000000 0.000005
370.000000 0.000005
371.000000 0.000005
372.000000 0.000005
373.000000 0.000005
374.000000 0.000005
375.000000 0.000005
376.000000 0.000005
377.000000 0.000005
378.000000 0.000005
379.000000 0.000005
380.000000 0.000004
381.000000 0.000004
382.000000 0.000004
383.000000 0.000004
384.000000 0.000004
385.000000 0.000004
386.000000 0.000004
387.000000 0.000004
388.000000 0.000004
389.000000 0.000004
390.000000 0.000004
391.000000 0.000004
392.000000 0.000004
393.000000 0.000004
394.000000 0.000004
395.000000 0.000004
396.000000 0.000004
397.000000 0.000004
398.000000 0.000004
399.000000 0.000004
400.000000 0.000004
401.000000 0.000004
402.000000 0.000004
403.000000 0.000004
404.000000 0.000003
405.000000 0.000003
406.000000 0.000003
407.000000 0.000003
408.000000 0.000003
409.000000 0.000003
410.000000 0.000003
411.000000 0.000003
412.000000 0.000003
413.000000 0.000003
414.000000 0.000003
415.000000 0.000003
416.000000 0.000003
417.000000 0.000003
418.000000 0.000003
419.000000 0.000003
420.000000 0.000003
421.000000 0.000003
422.000000 0.000003
423.000000 0.000003
424.000000 0.000003
425.000000 0.000003
426.000000 0.000003
427.000000 0.000003
428.000000 0.000003
429.000000 0.000003
430.000000 0.000003
431.000000 0.000003
432.000000 0.000003
433.000000 0.000003
434.000000 0.000003
435.000000 0.000003
436.000000 0.000003
437.000000 0.000003
438.000000 0.000003
439.000000 0.000003
440.000000 0.000003
441.000000 0.000003
442.000000 0.000002
443.000000 0.000002
444.000000 0.000002
445.000000 0.000002
446.000000 0.000002
447.000000 0.000002
448.000000 0.000002
449.000000 0.000002
450.000000 0.000002
451.000000 0.000002
452.000000 0.000002
453.000000 0.000002
454.000000 0.000002
455.000000 0.000002
456.000000 0.000002
457.000000 0.000002
458.000000 0.000002
459.000000 0.000002
460.000000 0.000002
461.000000 0.000002
462.000000 0.000002
463.000000 0.000002
464.000000 0.000002
465.000000 0.000002
466.000000 0.000002
467.000000 0.000002
468.000000 0.000002
469.000000 0.000002
470.000000 0.000002
471.000000 0.000002
472.000000 0.000002
473.000000 0.000002
474.000000 0.000002
475.000000 0.000002
476.000000 0.000002
477.000000 0.000002
478.000000 0.000002
479.000000 0.000002
480.000000 0.000002
481.000000 0.000002
482.000000 0.000002
483.000000 0.000002
484.000000 0.000002
485.000000 0.000002
486.000000 0.000002
487.000000 0.000002
488.000000 0.000002
489.000000 0.000002
490.000000 0.000002
491.000000 0.000002
492.000000 0.000002
493.000000 0.000002
494.000000 0.000002
495.000000 0.000002
496.000000 0.000002
497.000000 0.000002
498.000000 0.000002
499.000000 0.000002
500.000000 0.000002
501.000000 0.000002
502.000000 0.000002
503.000000 0.000002
504.000000 0.000002
505.000000 0.000002
506.000000 0.000002
507.000000 0.000002
508.000000 0.000002
509.000000 0.000002
510.000000 0.000002
511.000000 0.000002
512.000000 0.000002
513.000000 0.000002
514.000000 0.000002
515.000000 0.000002
516.000000 0.000002
517.000000 0.000002
518.000000 0.000002
519.000000 0.000002
520.000000 0.000002
521.000000 0.000002
522.000000 0.000002
523.000000 0.000002
524.000000 0.000002
525.000000 0.000002
526.000000 0.000002
527.000000 0.000003
528.000000 0.000003
529.000000 0.000003
530.000000 0.000003
531.000000 0.000003
532.000000 0.000003
533.000000 0.000003
534.000000 0.000003
535.000000 0.000003
536.000000 0.000003
537.000000 0.000003
538.000000 0.000003
539.000000 0.000003
540.000000 0.000003
541.000000 0.000003
542.000000 0.000003
543.000000 0.000003
544.000000 0.000003
545.000000 0.000003
546.000000 0.000003
547.000000 0.000003
548.000000 0.000003
549.000000 0.000003
550.000000 0.000003
551.000000 0.000003
552.000000 0.000003
553.000000 0.000003
554.000000 0.000003
555.000000 0.000003
556.000000 0.000003
557.000000 0.000003
558.000000 0.000003
559.000000 0.000003
560.000000 0.000003
561.000000 0.000003
562.000000 0.000003
563.000000 0.000003
564.000000 0.000003
565.000000 0.000003
566.000000 0.000003
567.000000 0.000003
568.000000 0.000003
569.000000 0.000003
570.000000 0.000004
571.000000 0.000004
572.000000 0.000004
573.000000 0.000004
574.000000 0.000004
575.000000 0.000004
576.000000 0.000004
577.000000 0.000004
578.000000 0.000004
579.000000 0.000003
580.000000 0.000003
581.000000 0.000003
582.000000 0.000003
583.000000 0.000003
584.000000 0.000003
585.000000 0.000003
586.000000 0.000003
587.000000 0.000003
588.000000 0.000003
589.000000 0.000003
590.000000 0.000003
591.000000 0.000003
592.000000 0.000003
593.000000 0.000003
594.000000 0.000003
595.000000 0.000003
596.000000 0.000003
597.000000 0.000004
598.000000 0.000004
599.000000 0.000004
600.000000 0.000004
601.000000 0.000004
602.000000 0.000004
603.000000 0.000004
604.000000 0.000004
605.000000 0.000004
606.000000 0.000004
607.000000 0.000004
608.000000 0.000003
609.000000 0.000003
610.000000 0.000003
611.000000 0.000003
612.000000 0.000003
613.000000 0.000003
614.000000 0.000003
615.000000 0.000003
616.000000 0.000003
617.000000 0.000003
618.000000 0.000003
619.000000 0.000003
620.000000 0.000003
621.000000 0.000003
622.000000 0.000003
623.000000 0.000003
624.000000 0.000003
625.000000 0.000003
626.000000 0.000003
627.000000 0.000003
628.000000 0.000003
629.000000 0.000003
630.000000 0.000003
631.000000 0.000003
632.000000 0.000003
633.000000 0.000003
634.000000 0.000002
635.000000 0.000002
636.000000 0.000002
637.000000 0.000002
638.000000 0.000002
639.000000 0.000002
640.000000 0.000002
641.000000 0.000002
642.000000 0.000002
643.000000 0.000002
644.000000 0.000002
645.000000 0.000002
646.000000 0.000002
647.000000 0.000002
648.000000 0.000002
649.000000 0.000002
650.000000 0.000002
651.000000 0.000002
652.000000 0.000002
653.000000 0.000002
654.000000 0.000002
655.000000 0.000002
656.000000 0.000002
657.000000 0.000002
658.000000 0.000002
659.000000 0.000002
660.000000 0.000002
661.000000 0.000002
662.000000 0.000002
663.000000 0.000002
664.000000 0.000002
665.000000 0.000002
666.000000 0.000002
667.000000 0.000001
668.000000 0.000001
669.000000 0.000001
670.000000 0.000001
671.000000 0.000001
672.000000 0.000001
673.000000 0.000001
674.000000 0.000001
675.000000 0.000001
676.000000 0.000001
677.000000 0.000001
678.000000 0.000001
679.000000 0.000001
680.000000 0.000001
681.000000 0.000001
682.000000 0.000001
683.000000 0.000001
684.000000 0.000001
685.000000 0.000001
686.000000 0.000001
687.000000 0.000231
688.000000 0.000001
689.000000 0.000001
690.000000 0.000008
691.000000 0.000001
692.000000 0.000001
693.000000 0.000001
694.000000 0.000001
695.000000 0.000001
696.000000 0.000001
697.000000 0.000001
698.000000 0.000001
699.000000 0.000001
700.000000 0.000001
701.000000 0.000001
702.000000 0.000001
703.000000 0.000001
704.000000 0.000001
705.000000 0.000001
706.000000 0.000001
707.000000 0.000001
708.000000 0.000001
709.000000 0.000001
710.000000 0.000001
711.000000 0.000001
712.000000 0.000001
713.000000 0.000001
714.000000 0.000001
715.000000 0.000001
716.000000 0.000001
717.000000 0.000001
718.000000 0.000001
719.000000 0.000001
720.000000 0.000001
721.000000 0.000001
722.000000 0.000001
723.000000 0.000001
724.000000 0.000001
725.000000 0.000001
726.000000 0.000001
727.000000 0.000001
728.000000 0.000001
729.000000 0.000001
730.000000 0.000001
731.000000 0.000001
732.000000 0.000001
733.000000 0.000001
734.000000 0.000001
735.000000 0.000001
736.000000 0.000001
737.000000 0.000001
738.000000 0.000001
739.000000 0.000001
740.000000 0.000001
741.000000 0.000001
742.000000 0.000001
743.000000 0.000001
744.000000 0.000001
745.000000 0.000001
746.000000 0.000001
747.000000 0.000001
748.000000 0.000001
749.000000 0.000001
750.000000 0.000001
751.000000 0.000001
752.000000 0.000000
753.000000 0.000000
754.000000 0.000000
755.000000 0.000000
756.000000 0.000000
757.000000 0.000000
758.000000 0.000000
759.000000 0.000000
760.000000 0.000000
761.000000 0.000001
762.000000 0.000000
763.000000 0.000000
764.000000 0.000000
765.000000 0.000000
766.000000 0.000001
767.000000 0.000000
768.000000 0.000000
769.000000 0.000000
770.000000 0.000000
771.000000 0.000000
772.000000 0.000000
773.000000 0.000000
774.000000 0.000000
775.000000 0.000000
776.000000 0.000000
777.000000 0.000000
778.000000 0.000000
779.000000 0.000000
780.000000 0.000000
781.000000 0.000000
782.000000 0.000000
783.000000 0.000000
784.000000 0.000000
785.000000 0.000000
786.000000 0.000000
787.000000 0.000000
788.000000 0.000000
789.000000 0.000000
790.000000 0.000000
791.000000 0.000000
792.000000 0.000000
793.000000 0.000000
794.000000 0.000000
795.000000 0.000000
796.000000 0.000000
797.000000 0.000000
798.000000 0.000000
799.000000 0.000000
800.000000 0.000000
801.000000 0.000000
802.000000 0.000000
803.000000 0.000000
804.000000 0.000000
805.000000 0.000000
806.000000 0.000000
807.000000 0.000000
808.000000 0.000000
809.000000 0.000000
810.000000 0.000000
811.000000 0.000000
812.000000 0.000000
813.000000 0.000000
814.000000 0.000000
815.000000 0.000000
816.000000 0.000000
817.000000 0.000000
818.000000 0.000000
819.000000 0.000000
820.000000 0.000000
821.000000 0.000000
822.000000 0.000000
823.000000 0.000000
824.000000 0.000000
825.000000 0.000000
826.000000 0.000000
827.000000 0.000000
828.000000 0.000000
829.000000 0.000000
830.000000 0.000000
831.000000 0.000000
832.000000 0.000000
833.000000 0.000000
834.000000 0.000000
835.000000 0.000000
836.000000 0.000000
837.000000 0.000000
838.000000 0.000000
839.000000 0.000000
840.000000 0.000000
841.000000 0.000000
842.000000 0.000000
843.000000 0.000000
844.000000 0.000000
845.000000 0.000000
846.000000 0.000000
847.000000 0.000000
848.000000 0.000000
849.000000 0.000000
850.000000 0.000000
851.000000 0.000000
852.000000 0.000000
853.000000 0.000000
854.000000 0.000000
855.000000 0.000000
856.000000 0.000000
857.000000 0.000000
858.000000 0.000000
859.000000 0.000000
860.000000 0.000000
861.000000 0.000000
862.000000 0.000000
863.000000 0.000000
864.000000 0.000000
865.000000 0.000000
866.000000 0.000000
867.000000 0.000000
868.000000 0.000000
869.000000 0.000000
870.000000 0.000000
871.000000 0.000000
872.000000 0.000000
873.000000 0.000000
874.000000 0.000000
875.000000 0.000000
876.000000 0.000000
877.000000 0.000000
878.000000 0.000000
879.000000 0.000000
880.000000 0.000000
881.000000 0.000000
882.000000 0.000000
883.000000 0.000000
884.000000 0.000000
885.000000 0.000000
886.000000 0.000000
887.000000 0.000000
888.000000 0.000000
889.000000 0.000000
890.000000 0.000000
891.000000 0.000000
892.000000 0.000000
893.000000 0.000000
894.000000 0.000000
895.000000 0.000000
896.000000 0.000000
897.000000 0.000000
898.000000 0.000000
899.000000 0.000000
900.000000 0.000000
901.000000 0.000000
902.000000 0.000000
903.000000 0.000000
904.000000 0.000000
905.000000 0.000000
906.000000 0.000000
907.000000 0.000000
908.000000 0.000000
909.000000 0.000000
910.000000 0.000000
911.000000 0.000000
912.000000 0.000000
913.000000 0.000000
914.000000 0.000000
915.000000 0.000000
916.000000 0.000000
917.000000 0.000000
918.000000 0.000000
919.000000 0.000000
920.000000 0.000000
921.000000 0.000000
922.000000 0.000000
923.000000 0.000000
924.000000 0.000000
925.000000 0.000000
926.000000 0.000000
927.000000 0.000000
928.000000 0.000000
929.000000 0.000000
930.000000 0.000000
931.000000 0.000000
932.000000 0.000000
933.000000 0.000000
934.000000 0.000000
935.000000 0.000000
936.000000 0.000000
937.000000 0.000000
938.000000 0.000014
939.000000 0.000000
940.000000 0.000000
941.000000 0.000000
942.000000 0.000000
943.000000 0.000000
944.000000 0.000000
945.000000 0.000000
946.000000 0.000000
947.000000 0.000000
948.000000 0.000000
949.000000 0.000000
950.000000 0.000000
951.000000 0.000000
952.000000 0.000000
953.000000 0.000000
954.000000 0.000000
955.000000 0.000000
956.000000 0.000000
957.000000 0.000000
958.000000 0.000000
959.000000 0.000000
960.000000 0.000000
961.000000 0.000000
962.000000 0.000000
963.000000 0.000000
964.000000 0.000000
965.000000 0.000000
966.000000 0.000000
967.000000 0.000000
968.000000 0.000000
969.000000 0.000000
970.000000 0.000000
971.000000 0.000000
972.000000 0.000000
973.000000 0.000000
974.000000 0.000000
975.000000 0.000000
976.000000 0.000000
977.000000 0.000000
978.000000 0.000000
979.000000 0.000000
980.000000 0.000000
981.000000 0.000000
982.000000 0.000000
983.000000 0.000000
984.000000 0.000000
985.000000 0.000000
986.000000 0.000000
987.000000 0.000000
988.000000 0.000000
989.000000 0.000000
990.000000 0.000000
991.000000 0.000000
992.000000 0.000000
993.000000 0.000000
994.000000 0.000000
995.000000 0.000000
996.000000 0.000000
997.000000 0.000000
998.000000 0.000000
999.000000 0.000000
1000.000000 0.000000
The optical depth at z= 80.000000
1.000000 0.000000
2.000000 0.000000
3.000000 0.000000
4.000000 0.000000
5.000000 16.990029
6.000000 24.836993
7.000000 97.729803
8.000000 130.646764
9.000000 168.044204
10.000000 213.879393
11.000000 265.612163
12.000000 323.806439
13.000000 386.007406
14.000000 457.000798
15.000000 535.238216
16.000000 611.700883
17.000000 698.151887
18.000000 782.166912
19.000000 877.028653
20.000000 994.866351
21.000000 1125.917542
22.000000 1233.401172
23.000000 1347.195853
24.000000 1477.951247
25.000000 1555.458324
26.000000 1628.034034
27.000000 1677.338794
28.000000 1738.476774
29.000000 1801.164056
30.000000 1857.231624
31.000000 1905.126926
32.000000 2009.405030
33.000000 2114.834402
34.000000 2180.574518
35.000000 2369.721745
36.000000 2482.625032
37.000000 2595.238204
38.000000 2710.792207
39.000000 2842.822031
40.000000 2956.749784
41.000000 3124.234720
42.000000 3191.659476
43.000000 3294.338252
44.000000 3365.644062
45.000000 3361.202808
46.000000 3376.950020
47.000000 3395.341415
48.000000 3468.375759
49.000000 3491.842231
50.000000 3501.539458
51.000000 3558.780471
52.000000 3690.327881
53.000000 3767.836495
54.000000 3723.721017
55.000000 3669.337124
56.000000 3569.890424
57.000000 3486.484070
58.000000 3438.946870
59.000000 3442.367231
60.000000 3483.781564
61.000000 3537.015998
62.000000 3602.064245
63.000000 3609.884313
64.000000 3619.968929
65.000000 3712.817059
66.000000 3678.521197
67.000000 3733.317933
68.000000 3726.269307
69.000000 3723.654931
70.000000 3756.629670
71.000000 3793.734135
72.000000 3835.170338
73.000000 3881.953544
74.000000 3965.917789
75.000000 4049.491930
76.000000 4092.083243
77.000000 4127.875611
78.000000 4074.363900
79.000000 3927.603325
80.000000 3782.181633
81.000000 3624.090263
82.000000 3466.059470
83.000000 3484.699154
84.000000 3915.895237
85.000000 4347.164131
86.000000 4778.093610
87.000000 5208.843428
88.000000 5639.882004
89.000000 5879.767695
90.000000 5832.770891
91.000000 5784.043700
92.000000 5794.773504
93.000000 6049.101741
94.000000 6300.872691
95.000000 6551.495821
96.000000 6285.245553
97.000000 5670.647859
98.000000 5056.313277
99.000000 4442.064262
100.000000 3574.922903
101.000000 2643.634674
102.000000 1714.109706
103.000000 781.217223
104.000000 631.445667
105.000000 481.875063
106.000000 332.842829
107.000000 182.867113
108.000000 33.069555
109.000000 21.353643
110.000000 8.282594
111.000000 1.607008
112.000000 34.298283
113.000000 6.789907
114.000000 2.768748
115.000000 22.691529
116.000000 2.133606
117.000000 7.116807
118.000000 6.105592
119.000000 1.403709
120.000000 47.349017
121.000000 67.173653
122.000000 2.928184
123.000000 10.703457
124.000000 5.614515
125.000000 38.775781
126.000000 11.359749
127.000000 2.342821
128.000000 7.503430
129.000000 14.664239
130.000000 16.157933
131.000000 18.786112
132.000000 31.582310
133.000000 54.841128
134.000000 67.594201
135.000000 154.599163
136.000000 246.359256
137.000000 309.157361
138.000000 371.970803
139.000000 401.333806
140.000000 385.080779
141.000000 374.094025
142.000000 394.460169
143.000000 414.828836
144.000000 412.514973
145.000000 402.232658
146.000000 391.950172
147.000000 381.664062
148.000000 371.376899
149.000000 342.491094
150.000000 351.862056
151.000000 326.770089
152.000000 301.678410
153.000000 276.586711
154.000000 250.025448
155.000000 228.528455
156.000000 204.757348
157.000000 186.588293
158.000000 168.187025
159.000000 147.944404
160.000000 133.407526
161.000000 117.074942
162.000000 100.740575
163.000000 85.102067
164.000000 69.925903
165.000000 61.304590
166.000000 52.684897
167.000000 44.064419
168.000000 35.560307
169.000000 28.961799
170.000000 22.362903
171.000000 20.746980
172.000000 16.140872
173.000000 12.467904
174.000000 9.847826
175.000000 7.227713
176.000000 5.272788
177.000000 3.734014
178.000000 3.019883
179.000000 2.938247
180.000000 1.417729
181.000000 0.093449
182.000000 0.482938
183.000000 0.034689
184.000000 0.162951
185.000000 0.050707
186.000000 0.014232
187.000000 0.015602
188.000000 0.002761
189.000000 0.007874
190.000000 0.001432
191.000000 0.002279
192.000000 0.002421
193.000000 0.002069
194.000000 0.000771
195.000000 0.018782
196.000000 0.002178
197.000000 0.000338
198.000000 0.000433
199.000000 0.000462
200.000000 0.000967
201.000000 0.000719
202.000000 0.000434
203.000000 0.000418
204.000000 0.000438
205.000000 0.000459
206.000000 0.000468
207.000000 0.000483
208.000000 0.000501
209.000000 0.000522
210.000000 0.000550
211.000000 0.000579
212.000000 0.000616
213.000000 0.000661
214.000000 0.000708
215.000000 0.000770
216.000000 0.000828
217.000000 0.000901
218.000000 0.000977
219.000000 0.001061
220.000000 0.001158
221.000000 0.001254
222.000000 0.001374
223.000000 0.001493
224.000000 0.001622
225.000000 0.001762
226.000000 0.001901
227.000000 0.002062
228.000000 0.002224
229.000000 0.002401
230.000000 0.002595
231.000000 0.002812
232.000000 0.002941
233.000000 0.003172
234.000000 0.003326
235.000000 0.003547
236.000000 0.003733
237.000000 0.003949
238.000000 0.004161
239.000000 0.004338
240.000000 0.004614
241.000000 0.004757
242.000000 0.004972
243.000000 0.005135
244.000000 0.005357
245.000000 0.005436
246.000000 0.005692
247.000000 0.005743
248.000000 0.005908
249.000000 0.006100
250.000000 0.006170
251.000000 0.006122
252.000000 0.006360
253.000000 0.006261
254.000000 0.006372
255.000000 0.006342
256.000000 0.006355
257.000000 0.006230
258.000000 0.006170
259.000000 0.006318
260.000000 0.005911
261.000000 0.006039
262.000000 0.005786
263.000000 0.005636
264.000000 0.005495
265.000000 0.005315
266.000000 0.005209
267.000000 0.004856
268.000000 0.004810
269.000000 0.004446
270.000000 0.004407
271.000000 0.004065
272.000000 0.003929
273.000000 0.003658
274.000000 0.003374
275.000000 0.003222
276.000000 0.002959
277.000000 0.002770
278.000000 0.002555
279.000000 0.002358
280.000000 0.002208
281.000000 0.002001
282.000000 0.001767
283.000000 0.001636
284.000000 0.001485
285.000000 0.001346
286.000000 0.001220
287.000000 0.001100
288.000000 0.000964
289.000000 0.000868
290.000000 0.000775
291.000000 0.000698
292.000000 0.000601
293.000000 0.000546
294.000000 0.000470
295.000000 0.000423
296.000000 0.000366
297.000000 0.000325
298.000000 0.000278
299.000000 0.000250
300.000000 0.000214
301.000000 0.000188
302.000000 0.000166
303.000000 0.000142
304.000000 0.000129
305.000000 0.000110
306.000000 0.000098
307.000000 0.000087
308.000000 0.000075
309.000000 0.000069
310.000000 0.000057
311.000000 0.000052
312.000000 0.000042
313.000000 0.000036
314.000000 0.000035
315.000000 0.000028
316.000000 0.000027
317.000000 0.000023
318.000000 0.000022
319.000000 0.000016
320.000000 0.000020
321.000000 0.000013
322.000000 0.000016
323.000000 0.000014
324.000000 0.000009
325.000000 0.000014
326.000000 0.000009
327.000000 0.000008
328.000000 0.000011
329.000000 0.000007
330.000000 0.000006
331.000000 0.000008
332.000000 0.000006
333.000000 0.000006
334.000000 0.000007
335.000000 0.000005
336.000000 0.000005
337.000000 0.000006
338.000000 0.000005
339.000000 0.000005
340.000000 0.000005
341.000000 0.000005
342.000000 0.000004
343.000000 0.000004
344.000000 0.000005
345.000000 0.000004
346.000000 0.000004
347.000000 0.000004
348.000000 0.000004
349.000000 0.000004
350.000000 0.000004
351.000000 0.000004
352.000000 0.000004
353.000000 0.000004
354.000000 0.000004
355.000000 0.000004
356.000000 0.000004
357.000000 0.000004
358.000000 0.000004
359.000000 0.000004
360.000000 0.000004
361.000000 0.000003
362.000000 0.000003
363.000000 0.000003
364.000000 0.000003
365.000000 0.000003
366.000000 0.000003
367.000000 0.000003
368.000000 0.000003
369.000000 0.000003
370.000000 0.000003
371.000000 0.000003
372.000000 0.000003
373.000000 0.000003
374.000000 0.000003
375.000000 0.000003
376.000000 0.000003
377.000000 0.000003
378.000000 0.000003
379.000000 0.000003
380.000000 0.000003
381.000000 0.000003
382.000000 0.000003
383.000000 0.000003
384.000000 0.000003
385.000000 0.000003
386.000000 0.000003
387.000000 0.000003
388.000000 0.000003
389.000000 0.000003
390.000000 0.000002
391.000000 0.000002
392.000000 0.000002
393.000000 0.000002
394.000000 0.000002
395.000000 0.000002
396.000000 0.000002
397.000000 0.000002
398.000000 0.000002
399.000000 0.000002
400.000000 0.000002
401.000000 0.000002
402.000000 0.000002
403.000000 0.000002
404.000000 0.000002
405.000000 0.000002
406.000000 0.000002
407.000000 0.000002
408.000000 0.000002
409.000000 0.000002
410.000000 0.000002
411.000000 0.000002
412.000000 0.000002
413.000000 0.000002
414.000000 0.000002
415.000000 0.000002
416.000000 0.000002
417.000000 0.000002
418.000000 0.000002
419.000000 0.000002
420.000000 0.000002
421.000000 0.000002
422.000000 0.000002
423.000000 0.000002
424.000000 0.000002
425.000000 0.000002
426.000000 0.000002
427.000000 0.000002
428.000000 0.000002
429.000000 0.000002
430.000000 0.000002
431.000000 0.000002
432.000000 0.000002
433.000000 0.000002
434.000000 0.000002
435.000000 0.000002
436.000000 0.000002
437.000000 0.000002
438.000000 0.000002
439.000000 0.000002
440.000000 0.000002
441.000000 0.000002
442.000000 0.000002
443.000000 0.000002
444.000000 0.000002
445.000000 0.000002
446.000000 0.000002
447.000000 0.000002
448.000000 0.000001
449.000000 0.000001
450.000000 0.000001
451.000000 0.000001
452.000000 0.000001
453.000000 0.000001
454.000000 0.000001
455.000000 0.000001
456.000000 0.000001
457.000000 0.000001
458.000000 0.000001
459.000000 0.000001
460.000000 0.000001
461.000000 0.000001
462.000000 0.000001
463.000000 0.000001
464.000000 0.000001
465.000000 0.000001
466.000000 0.000001
467.000000 0.000001
468.000000 0.000001
469.000000 0.000001
470.000000 0.000001
471.000000 0.000001
472.000000 0.000001
473.000000 0.000001
474.000000 0.000001
475.000000 0.000001
476.000000 0.000001
477.000000 0.000001
478.000000 0.000001
479.000000 0.000001
480.000000 0.000001
481.000000 0.000002
482.000000 0.000002
483.000000 0.000002
484.000000 0.000001
485.000000 0.000001
486.000000 0.000001
487.000000 0.000001
488.000000 0.000001
489.000000 0.000001
490.000000 0.000001
491.000000 0.000001
492.000000 0.000001
493.000000 0.000001
494.000000 0.000001
495.000000 0.000001
496.000000 0.000001
497.000000 0.000001
498.000000 0.000001
499.000000 0.000002
500.000000 0.000002
501.000000 0.000002
502.000000 0.000002
503.000000 0.000002
504.000000 0.000002
505.000000 0.000002
506.000000 0.000002
507.000000 0.000002
508.000000 0.000002
509.000000 0.000002
510.000000 0.000002
511.000000 0.000002
512.000000 0.000002
513.000000 0.000002
514.000000 0.000002
515.000000 0.000002
516.000000 0.000002
517.000000 0.000002
518.000000 0.000002
519.000000 0.000002
520.000000 0.000002
521.000000 0.000002
522.000000 0.000002
523.000000 0.000002
524.000000 0.000002
525.000000 0.000002
526.000000 0.000002
527.000000 0.000002
528.000000 0.000002
529.000000 0.000002
530.000000 0.000002
531.000000 0.000002
532.000000 0.000002
533.000000 0.000002
534.000000 0.000002
535.000000 0.000002
536.000000 0.000002
537.000000 0.000002
538.000000 0.000002
539.000000 0.000002
540.000000 0.000002
541.000000 0.000002
542.000000 0.000002
543.000000 0.000002
544.000000 0.000002
545.000000 0.000002
546.000000 0.000002
547.000000 0.000002
548.000000 0.000002
549.000000 0.000002
550.000000 0.000002
551.000000 0.000003
552.000000 0.000003
553.000000 0.000003
554.000000 0.000003
555.000000 0.000003
556.000000 0.000003
557.000000 0.000003
558.000000 0.000003
559.000000 0.000003
560.000000 0.000003
561.000000 0.000003
562.000000 0.000003
563.000000 0.000003
564.000000 0.000003
565.000000 0.000003
566.000000 0.000003
567.000000 0.000003
568.000000 0.000003
569.000000 0.000003
570.000000 0.000003
571.000000 0.000003
572.000000 0.000003
573.000000 0.000003
574.000000 0.000003
575.000000 0.000003
576.000000 0.000003
577.000000 0.000003
578.000000 0.000003
579.000000 0.000003
580.000000 0.000003
581.000000 0.000003
582.000000 0.000003
583.000000 0.000003
584.000000 0.000003
585.000000 0.000003
586.000000 0.000003
587.000000 0.000003
588.000000 0.000003
589.000000 0.000003
590.000000 0.000003
591.000000 0.000003
592.000000 0.000003
593.000000 0.000003
594.000000 0.000003
595.000000 0.000003
596.000000 0.000003
597.000000 0.000003
598.000000 0.000003
599.000000 0.000003
600.000000 0.000003
601.000000 0.000003
602.000000 0.000003
603.000000 0.000003
604.000000 0.000003
605.000000 0.000003
606.000000 0.000003
607.000000 0.000003
608.000000 0.000003
609.000000 0.000003
610.000000 0.000003
611.000000 0.000003
612.000000 0.000003
613.000000 0.000003
614.000000 0.000003
615.000000 0.000003
616.000000 0.000003
617.000000 0.000003
618.000000 0.000003
619.000000 0.000003
620.000000 0.000003
621.000000 0.000003
622.000000 0.000003
623.000000 0.000003
624.000000 0.000003
625.000000 0.000003
626.000000 0.000002
627.000000 0.000002
628.000000 0.000002
629.000000 0.000002
630.000000 0.000002
631.000000 0.000002
632.000000 0.000002
633.000000 0.000002
634.000000 0.000002
635.000000 0.000002
636.000000 0.000002
637.000000 0.000002
638.000000 0.000002
639.000000 0.000002
640.000000 0.000002
641.000000 0.000002
642.000000 0.000002
643.000000 0.000002
644.000000 0.000002
645.000000 0.000002
646.000000 0.000002
647.000000 0.000002
648.000000 0.000002
649.000000 0.000002
650.000000 0.000002
651.000000 0.000002
652.000000 0.000002
653.000000 0.000002
654.000000 0.000002
655.000000 0.000002
656.000000 0.000002
657.000000 0.000002
658.000000 0.000002
659.000000 0.000001
660.000000 0.000001
661.000000 0.000001
662.000000 0.000001
663.000000 0.000001
664.000000 0.000001
665.000000 0.000001
666.000000 0.000001
667.000000 0.000001
668.000000 0.000001
669.000000 0.000001
670.000000 0.000001
671.000000 0.000001
672.000000 0.000001
673.000000 0.000001
674.000000 0.000001
675.000000 0.000001
676.000000 0.000001
677.000000 0.000001
678.000000 0.000001
679.000000 0.000001
680.000000 0.000001
681.000000 0.000001
682.000000 0.000001
683.000000 0.000001
684.000000 0.000001
685.000000 0.000001
686.000000 0.000001
687.000000 0.000144
688.000000 0.000001
689.000000 0.000001
690.000000 0.000005
691.000000 0.000001
692.000000 0.000001
693.000000 0.000001
694.000000 0.000001
695.000000 0.000001
696.000000 0.000001
697.000000 0.000001
698.000000 0.000001
699.000000 0.000001
700.000000 0.000001
701.000000 0.000001
702.000000 0.000001
703.000000 0.000001
704.000000 0.000001
705.000000 0.000001
706.000000 0.000001
707.000000 0.000001
708.000000 0.000001
709.000000 0.000001
710.000000 0.000001
711.000000 0.000001
712.000000 0.000001
713.000000 0.000001
714.000000 0.000001
715.000000 0.000001
716.000000 0.000001
717.000000 0.000001
718.000000 0.000001
719.000000 0.000001
720.000000 0.000001
721.000000 0.000001
722.000000 0.000001
723.000000 0.000001
724.000000 0.000001
725.000000 0.000000
726.000000 0.000000
727.000000 0.000000
728.000000 0.000000
729.000000 0.000000
730.000000 0.000000
731.000000 0.000000
732.000000 0.000000
733.000000 0.000000
734.000000 0.000000
735.000000 0.000000
736.000000 0.000000
737.000000 0.000000
738.000000 0.000000
739.000000 0.000000
740.000000 0.000000
741.000000 0.000000
742.000000 0.000000
743.000000 0.000000
744.000000 0.000000
745.000000 0.000000
746.000000 0.000000
747.000000 0.000000
748.000000 0.000000
749.000000 0.000000
750.000000 0.000000
751.000000 0.000000
752.000000 0.000000
753.000000 0.000000
754.000000 0.000000
755.000000 0.000000
756.000000 0.000000
757.000000 0.000000
758.000000 0.000000
759.000000 0.000000
760.000000 0.000000
761.000000 0.000001
762.000000 0.000000
763.000000 0.000000
764.000000 0.000000
765.000000 0.000000
766.000000 0.000001
767.000000 0.000000
768.000000 0.000000
769.000000 0.000000
770.000000 0.000000
771.000000 0.000000
772.000000 0.000000
773.000000 0.000000
774.000000 0.000000
775.000000 0.000000
776.000000 0.000000
777.000000 0.000000
778.000000 0.000000
779.000000 0.000000
780.000000 0.000000
781.000000 0.000000
782.000000 0.000000
783.000000 0.000000
784.000000 0.000000
785.000000 0.000000
786.000000 0.000000
787.000000 0.000000
788.000000 0.000000
789.000000 0.000000
790.000000 0.000000
791.000000 0.000000
792.000000 0.000000
793.000000 0.000000
794.000000 0.000000
795.000000 0.000000
796.000000 0.000000
797.000000 0.000000
798.000000 0.000000
799.000000 0.000000
800.000000 0.000000
801.000000 0.000000
802.000000 0.000000
803.000000 0.000000
804.000000 0.000000
805.000000 0.000000
806.000000 0.000000
807.000000 0.000000
808.000000 0.000000
809.000000 0.000000
810.000000 0.000000
811.000000 0.000000
812.000000 0.000000
813.000000 0.000000
814.000000 0.000000
815.000000 0.000000
816.000000 0.000000
817.000000 0.000000
818.000000 0.000000
819.000000 0.000000
820.000000 0.000000
821.000000 0.000000
822.000000 0.000000
823.000000 0.000000
824.000000 0.000000
825.000000 0.000000
826.000000 0.000000
827.000000 0.000000
828.000000 0.000000
829.000000 0.000000
830.000000 0.000000
831.000000 0.000000
832.000000 0.000000
833.000000 0.000000
834.000000 0.000000
835.000000 0.000000
836.000000 0.000000
837.000000 0.000000
838.000000 0.000000
839.000000 0.000000
840.000000 0.000000
841.000000 0.000000
842.000000 0.000000
843.000000 0.000000
844.000000 0.000000
845.000000 0.000000
846.000000 0.000000
847.000000 0.000000
848.000000 0.000000
849.000000 0.000000
850.000000 0.000000
851.000000 0.000000
852.000000 0.000000
853.000000 0.000000
854.000000 0.000000
855.000000 0.000000
856.000000 0.000000
857.000000 0.000000
858.000000 0.000000
859.000000 0.000000
860.000000 0.000000
861.000000 0.000000
862.000000 0.000000
863.000000 0.000000
864.000000 0.000000
865.000000 0.000000
866.000000 0.000000
867.000000 0.000000
868.000000 0.000000
869.000000 0.000000
870.000000 0.000000
871.000000 0.000000
872.000000 0.000000
873.000000 0.000000
874.000000 0.000000
875.000000 0.000000
876.000000 0.000000
877.000000 0.000000
878.000000 0.000000
879.000000 0.000000
880.000000 0.000000
881.000000 0.000000
882.000000 0.000000
883.000000 0.000000
884.000000 0.000000
885.000000 0.000000
886.000000 0.000000
887.000000 0.000000
888.000000 0.000000
889.000000 0.000000
890.000000 0.000000
891.000000 0.000000
892.000000 0.000000
893.000000 0.000000
894.000000 0.000000
895.000000 0.000000
896.000000 0.000000
897.000000 0.000000
898.000000 0.000000
899.000000 0.000000
900.000000 0.000000
901.000000 0.000000
902.000000 0.000000
903.000000 0.000000
904.000000 0.000000
905.000000 0.000000
906.000000 0.000000
907.000000 0.000000
908.000000 0.000000
909.000000 0.000000
910.000000 0.000000
911.000000 0.000000
912.000000 0.000000
913.000000 0.000000
914.000000 0.000000
915.000000 0.000000
916.000000 0.000000
917.000000 0.000000
918.000000 0.000000
919.000000 0.000000
920.000000 0.000000
921.000000 0.000000
922.000000 0.000000
923.000000 0.000000
924.000000 0.000000
925.000000 0.000000
926.000000 0.000000
927.000000 0.000000
928.000000 0.000000
929.000000 0.000000
930.000000 0.000000
931.000000 0.000000
932.000000 0.000000
933.000000 0.000000
934.000000 0.000000
935.000000 0.000000
936.000000 0.000000
937.000000 0.000000
938.000000 0.000007
939.000000 0.000000
940.000000 0.000000
941.000000 0.000000
942.000000 0.000000
943.000000 0.000000
944.000000 0.000000
945.000000 0.000000
946.000000 0.000000
947.000000 0.000000
948.000000 0.000000
949.000000 0.000000
950.000000 0.000000
951.000000 0.000000
952.000000 0.000000
953.000000 0.000000
954.000000 0.000000
955.000000 0.000000
956.000000 0.000000
957.000000 0.000000
958.000000 0.000000
959.000000 0.000000
960.000000 0.000000
961.000000 0.000000
962.000000 0.000000
963.000000 0.000000
964.000000 0.000000
965.000000 0.000000
966.000000 0.000000
967.000000 0.000000
968.000000 0.000000
969.000000 0.000000
970.000000 0.000000
971.000000 0.000000
972.000000 0.000000
973.000000 0.000000
974.000000 0.000000
975.000000 0.000000
976.000000 0.000000
977.000000 0.000000
978.000000 0.000000
979.000000 0.000000
980.000000 0.000000
981.000000 0.000000
982.000000 0.000000
983.000000 0.000000
984.000000 0.000000
985.000000 0.000000
986.000000 0.000000
987.000000 0.000000
988.000000 0.000000
989.000000 0.000000
990.000000 0.000000
991.000000 0.000000
992.000000 0.000000
993.000000 0.000000
994.000000 0.000000
995.000000 0.000000
996.000000 0.000000
997.000000 0.000000
998.000000 0.000000
999.000000 0.000000
1000.000000 0.000000
The optical depth at z= 82.000000
1.000000 0.000000
2.000000 0.000000
3.000000 0.000000
4.000000 0.000000
5.000000 9.449424
6.000000 13.813706
7.000000 54.355040
8.000000 72.662726
9.000000 93.462271
10.000000 118.954732
11.000000 147.727289
12.000000 180.093595
13.000000 214.688331
14.000000 254.173191
15.000000 297.686996
16.000000 340.213759
17.000000 388.295776
18.000000 435.022978
19.000000 487.782846
20.000000 553.321416
21.000000 626.209015
22.000000 685.988876
23.000000 749.278805
24.000000 822.001892
25.000000 865.109561
26.000000 905.474383
27.000000 932.896549
28.000000 966.900093
29.000000 1001.765280
30.000000 1032.948944
31.000000 1059.587066
32.000000 1117.583985
33.000000 1176.221309
34.000000 1212.784525
35.000000 1317.983520
36.000000 1380.777628
37.000000 1443.410284
38.000000 1507.678594
39.000000 1581.110536
40.000000 1644.474529
41.000000 1737.625554
42.000000 1775.125794
43.000000 1832.233209
44.000000 1871.891976
45.000000 1869.422015
46.000000 1878.180376
47.000000 1888.409331
48.000000 1929.029192
49.000000 1942.080522
50.000000 1947.473890
51.000000 1979.309933
52.000000 2052.473307
53.000000 2095.581619
54.000000 2071.045749
55.000000 2040.798784
56.000000 1985.489152
57.000000 1939.100671
58.000000 1912.661655
59.000000 1914.563990
60.000000 1937.597596
61.000000 1967.205173
62.000000 2003.383230
63.000000 2007.732711
64.000000 2013.341623
65.000000 2064.981420
66.000000 2045.907012
67.000000 2076.383680
68.000000 2072.463940
69.000000 2071.010380
70.000000 2089.350259
71.000000 2109.986962
72.000000 2133.032755
73.000000 2159.052386
74.000000 2205.750903
75.000000 2252.232453
76.000000 2275.920708
77.000000 2295.827597
78.000000 2266.065871
79.000000 2184.441552
80.000000 2103.561898
81.000000 2015.635693
82.000000 1927.743179
83.000000 1938.110539
84.000000 2177.931948
85.000000 2417.794044
86.000000 2657.467092
87.000000 2897.039971
88.000000 3136.773363
89.000000 3270.192067
90.000000 3244.053546
91.000000 3216.952628
92.000000 3222.919923
93.000000 3364.369462
94.000000 3504.396705
95.000000 3643.785559
96.000000 3495.702403
97.000000 3153.877157
98.000000 2812.198244
99.000000 2470.566924
100.000000 1988.284855
101.000000 1470.326311
102.000000 953.348446
103.000000 434.497655
104.000000 351.198818
105.000000 268.011738
106.000000 185.124085
107.000000 101.711673
108.000000 18.398176
109.000000 11.875544
110.000000 4.610848
111.000000 0.900612
112.000000 19.083491
113.000000 3.783980
114.000000 1.543684
115.000000 12.622372
116.000000 1.188509
117.000000 3.960302
118.000000 3.397453
119.000000 0.783026
120.000000 26.338080
121.000000 37.365678
122.000000 1.634160
123.000000 5.958876
124.000000 3.125188
125.000000 21.568333
126.000000 6.319938
127.000000 1.304928
128.000000 4.175376
129.000000 8.158467
130.000000 8.990283
131.000000 10.452863
132.000000 17.570155
133.000000 30.506554
134.000000 37.600261
135.000000 85.990245
136.000000 137.024686
137.000000 171.950773
138.000000 206.885676
139.000000 223.216570
140.000000 214.177071
141.000000 208.066587
142.000000 219.393785
143.000000 230.722371
144.000000 229.435507
145.000000 223.716795
146.000000 217.997983
147.000000 212.276741
148.000000 206.554914
149.000000 190.488992
150.000000 195.700506
151.000000 181.744617
152.000000 167.788886
153.000000 153.833140
154.000000 139.060070
155.000000 127.103613
156.000000 113.882543
157.000000 103.777199
158.000000 93.542701
159.000000 82.284091
160.000000 74.198864
161.000000 65.114921
162.000000 56.029986
163.000000 47.332069
164.000000 38.891299
165.000000 34.096170
166.000000 29.302090
167.000000 24.507583
168.000000 19.777793
169.000000 16.107857
170.000000 12.437707
171.000000 11.538965
172.000000 8.977169
173.000000 6.934363
174.000000 5.477149
175.000000 4.019912
176.000000 2.932635
177.000000 2.076816
178.000000 1.679657
179.000000 1.642685
180.000000 0.779275
181.000000 0.051531
182.000000 0.265955
183.000000 0.019364
184.000000 0.089651
185.000000 0.028257
186.000000 0.007987
187.000000 0.008720
188.000000 0.001663
189.000000 0.004453
190.000000 0.000912
191.000000 0.001364
192.000000 0.001443
193.000000 0.001239
194.000000 0.000518
195.000000 0.010494
196.000000 0.001281
197.000000 0.000266
198.000000 0.000317
199.000000 0.000330
200.000000 0.000610
201.000000 0.000471
202.000000 0.000314
203.000000 0.000306
204.000000 0.000321
205.000000 0.000337
206.000000 0.000349
207.000000 0.000365
208.000000 0.000385
209.000000 0.000407
210.000000 0.000436
211.000000 0.000469
212.000000 0.000506
213.000000 0.000553
214.000000 0.000600
215.000000 0.000662
216.000000 0.000721
217.000000 0.000795
218.000000 0.000871
219.000000 0.000956
220.000000 0.001052
221.000000 0.001147
222.000000 0.001265
223.000000 0.001382
224.000000 0.001510
225.000000 0.001648
226.000000 0.001785
227.000000 0.001944
228.000000 0.002103
229.000000 0.002276
230.000000 0.002466
231.000000 0.002677
232.000000 0.002805
233.000000 0.003030
234.000000 0.003180
235.000000 0.003396
236.000000 0.003577
237.000000 0.003788
238.000000 0.003994
239.000000 0.004166
240.000000 0.004435
241.000000 0.004574
242.000000 0.004782
243.000000 0.004945
244.000000 0.005163
245.000000 0.005241
246.000000 0.005488
247.000000 0.005538
248.000000 0.005697
249.000000 0.005882
250.000000 0.005950
251.000000 0.005904
252.000000 0.006134
253.000000 0.006038
254.000000 0.006145
255.000000 0.006116
256.000000 0.006129
257.000000 0.006009
258.000000 0.005951
259.000000 0.006095
260.000000 0.005701
261.000000 0.005825
262.000000 0.005581
263.000000 0.005436
264.000000 0.005300
265.000000 0.005127
266.000000 0.005024
267.000000 0.004683
268.000000 0.004638
269.000000 0.004288
270.000000 0.004250
271.000000 0.003920
272.000000 0.003789
273.000000 0.003527
274.000000 0.003253
275.000000 0.003107
276.000000 0.002853
277.000000 0.002670
278.000000 0.002462
279.000000 0.002273
280.000000 0.002128
281.000000 0.001927
282.000000 0.001702
283.000000 0.001575
284.000000 0.001430
285.000000 0.001295
286.000000 0.001174
287.000000 0.001059
288.000000 0.000927
289.000000 0.000835
290.000000 0.000744
291.000000 0.000671
292.000000 0.000577
293.000000 0.000523
294.000000 0.000451
295.000000 0.000405
296.000000 0.000350
297.000000 0.000310
298.000000 0.000265
299.000000 0.000238
300.000000 0.000204
301.000000 0.000179
302.000000 0.000158
303.000000 0.000135
304.000000 0.000122
305.000000 0.000103
306.000000 0.000092
307.000000 0.000081
308.000000 0.000070
309.000000 0.000064
310.000000 0.000052
311.000000 0.000048
312.000000 0.000038
313.000000 0.000033
314.000000 0.000031
315.000000 0.000025
316.000000 0.000024
317.000000 0.000020
318.000000 0.000019
319.000000 0.000013
320.000000 0.000017
321.000000 0.000010
322.000000 0.000013
323.000000 0.000011
324.000000 0.000007
325.000000 0.000011
326.000000 0.000007
327.000000 0.000005
328.000000 0.000009
329.000000 0.000005
330.000000 0.000004
331.000000 0.000006
332.000000 0.000004
333.000000 0.000004
334.000000 0.000005
335.000000 0.000003
336.000000 0.000003
337.000000 0.000003
338.000000 0.000003
339.000000 0.000003
340.000000 0.000003
341.000000 0.000003
342.000000 0.000003
343.000000 0.000003
344.000000 0.000003
345.000000 0.000003
346.000000 0.000002
347.000000 0.000002
348.000000 0.000002
349.000000 0.000002
350.000000 0.000002
351.000000 0.000002
352.000000 0.000002
353.000000 0.000002
354.000000 0.000002
355.000000 0.000002
356.000000 0.000002
357.000000 0.000002
358.000000 0.000002
359.000000 0.000002
360.000000 0.000002
361.000000 0.000002
362.000000 0.000002
363.000000 0.000002
364.000000 0.000002
365.000000 0.000002
366.000000 0.000002
367.000000 0.000002
368.000000 0.000002
369.000000 0.000002
370.000000 0.000002
371.000000 0.000002
372.000000 0.000002
373.000000 0.000002
374.000000 0.000002
375.000000 0.000002
376.000000 0.000002
377.000000 0.000002
378.000000 0.000002
379.000000 0.000002
380.000000 0.000002
381.000000 0.000002
382.000000 0.000002
383.000000 0.000001
384.000000 0.000001
385.000000 0.000001
386.000000 0.000001
387.000000 0.000001
388.000000 0.000001
389.000000 0.000001
390.000000 0.000001
391.000000 0.000001
392.000000 0.000001
393.000000 0.000001
394.000000 0.000001
395.000000 0.000001
396.000000 0.000001
397.000000 0.000001
398.000000 0.000001
399.000000 0.000001
400.000000 0.000001
401.000000 0.000001
402.000000 0.000001
403.000000 0.000001
404.000000 0.000001
405.000000 0.000001
406.000000 0.000001
407.000000 0.000001
408.000000 0.000001
409.000000 0.000001
410.000000 0.000001
411.000000 0.000001
412.000000 0.000001
413.000000 0.000001
414.000000 0.000001
415.000000 0.000001
416.000000 0.000001
417.000000 0.000001
418.000000 0.000001
419.000000 0.000001
420.000000 0.000001
421.000000 0.000001
422.000000 0.000001
423.000000 0.000001
424.000000 0.000001
425.000000 0.000001
426.000000 0.000001
427.000000 0.000001
428.000000 0.000001
429.000000 0.000001
430.000000 0.000001
431.000000 0.000001
432.000000 0.000001
433.000000 0.000001
434.000000 0.000001
435.000000 0.000001
436.000000 0.000001
437.000000 0.000001
438.000000 0.000001
439.000000 0.000001
440.000000 0.000001
441.000000 0.000001
442.000000 0.000001
443.000000 0.000001
444.000000 0.000001
445.000000 0.000001
446.000000 0.000001
447.000000 0.000001
448.000000 0.000001
449.000000 0.000001
450.000000 0.000001
451.000000 0.000001
452.000000 0.000001
453.000000 0.000001
454.000000 0.000001
455.000000 0.000001
456.000000 0.000001
457.000000 0.000001
458.000000 0.000001
459.000000 0.000001
460.000000 0.000001
461.000000 0.000001
462.000000 0.000001
463.000000 0.000001
464.000000 0.000001
465.000000 0.000001
466.000000 0.000001
467.000000 0.000001
468.000000 0.000001
469.000000 0.000001
470.000000 0.000001
471.000000 0.000001
472.000000 0.000001
473.000000 0.000001
474.000000 0.000001
475.000000 0.000001
476.000000 0.000001
477.000000 0.000001
478.000000 0.000001
479.000000 0.000001
480.000000 0.000001
481.000000 0.000001
482.000000 0.000001
483.000000 0.000001
484.000000 0.000001
485.000000 0.000001
486.000000 0.000001
487.000000 0.000001
488.000000 0.000001
489.000000 0.000001
490.000000 0.000001
491.000000 0.000001
492.000000 0.000001
493.000000 0.000001
494.000000 0.000001
495.000000 0.000001
496.000000 0.000001
497.000000 0.000001
498.000000 0.000001
499.000000 0.000001
500.000000 0.000001
501.000000 0.000001
502.000000 0.000001
503.000000 0.000001
504.000000 0.000001
505.000000 0.000001
506.000000 0.000001
507.000000 0.000001
508.000000 0.000001
509.000000 0.000001
510.000000 0.000001
511.000000 0.000001
512.000000 0.000001
513.000000 0.000001
514.000000 0.000001
515.000000 0.000001
516.000000 0.000001
517.000000 0.000001
518.000000 0.000001
519.000000 0.000001
520.000000 0.000001
521.000000 0.000001
522.000000 0.000001
523.000000 0.000002
524.000000 0.000002
525.000000 0.000002
526.000000 0.000002
527.000000 0.000002
528.000000 0.000002
529.000000 0.000002
530.000000 0.000002
531.000000 0.000002
532.000000 0.000002
533.000000 0.000002
534.000000 0.000002
535.000000 0.000002
536.000000 0.000002
537.000000 0.000002
538.000000 0.000002
539.000000 0.000002
540.000000 0.000002
541.000000 0.000002
542.000000 0.000002
543.000000 0.000002
544.000000 0.000002
545.000000 0.000002
546.000000 0.000002
547.000000 0.000002
548.000000 0.000002
549.000000 0.000002
550.000000 0.000002
551.000000 0.000002
552.000000 0.000002
553.000000 0.000002
554.000000 0.000002
555.000000 0.000002
556.000000 0.000002
557.000000 0.000002
558.000000 0.000002
559.000000 0.000002
560.000000 0.000002
561.000000 0.000003
562.000000 0.000003
563.000000 0.000003
564.000000 0.000003
565.000000 0.000003
566.000000 0.000003
567.000000 0.000003
568.000000 0.000003
569.000000 0.000003
570.000000 0.000003
571.000000 0.000003
572.000000 0.000003
573.000000 0.000003
574.000000 0.000003
575.000000 0.000003
576.000000 0.000003
577.000000 0.000003
578.000000 0.000003
579.000000 0.000003
580.000000 0.000003
581.000000 0.000003
582.000000 0.000003
583.000000 0.000003
584.000000 0.000003
585.000000 0.000003
586.000000 0.000003
587.000000 0.000003
588.000000 0.000003
589.000000 0.000003
590.000000 0.000003
591.000000 0.000003
592.000000 0.000003
593.000000 0.000003
594.000000 0.000003
595.000000 0.000003
596.000000 0.000003
597.000000 0.000003
598.000000 0.000003
599.000000 0.000003
600.000000 0.000003
601.000000 0.000003
602.000000 0.000003
603.000000 0.000003
604.000000 0.000003
605.000000 0.000003
606.000000 0.000003
607.000000 0.000003
608.000000 0.000003
609.000000 0.000003
610.000000 0.000003
611.000000 0.000003
612.000000 0.000003
613.000000 0.000003
614.000000 0.000003
615.000000 0.000003
616.000000 0.000003
617.000000 0.000003
618.000000 0.000002
619.000000 0.000002
620.000000 0.000002
621.000000 0.000002
622.000000 0.000002
623.000000 0.000002
624.000000 0.000002
625.000000 0.000002
626.000000 0.000002
627.000000 0.000002
628.000000 0.000002
629.000000 0.000002
630.000000 0.000002
631.000000 0.000002
632.000000 0.000002
633.000000 0.000002
634.000000 0.000002
635.000000 0.000002
636.000000 0.000002
637.000000 0.000002
638.000000 0.000002
639.000000 0.000002
640.000000 0.000002
641.000000 0.000002
642.000000 0.000002
643.000000 0.000002
644.000000 0.000002
645.000000 0.000002
646.000000 0.000002
647.000000 0.000002
648.000000 0.000002
649.000000 0.000002
650.000000 0.000002
651.000000 0.000002
652.000000 0.000001
653.000000 0.000001
654.000000 0.000001
655.000000 0.000001
656.000000 0.000001
657.000000 0.000001
658.000000 0.000001
659.000000 0.000001
660.000000 0.000001
661.000000 0.000001
662.000000 0.000001
663.000000 0.000001
664.000000 0.000001
665.000000 0.000001
666.000000 0.000001
667.000000 0.000001
668.000000 0.000001
669.000000 0.000001
670.000000 0.000001
671.000000 0.000001
672.000000 0.000001
673.000000 0.000001
674.000000 0.000001
675.000000 0.000001
676.000000 0.000001
677.000000 0.000001
678.000000 0.000001
679.000000 0.000001
680.000000 0.000001
681.000000 0.000001
682.000000 0.000001
683.000000 0.000001
684.000000 0.000001
685.000000 0.000001
686.000000 0.000001
687.000000 0.000080
688.000000 0.000001
689.000000 0.000001
690.000000 0.000003
691.000000 0.000001
692.000000 0.000001
693.000000 0.000001
694.000000 0.000001
695.000000 0.000001
696.000000 0.000001
697.000000 0.000001
698.000000 0.000001
699.000000 0.000001
700.000000 0.000001
701.000000 0.000001
702.000000 0.000001
703.000000 0.000001
704.000000 0.000001
705.000000 0.000001
706.000000 0.000001
707.000000 0.000001
708.000000 0.000001
709.000000 0.000001
710.000000 0.000001
711.000000 0.000000
712.000000 0.000000
713.000000 0.000000
714.000000 0.000000
715.000000 0.000000
716.000000 0.000000
717.000000 0.000000
718.000000 0.000000
719.000000 0.000000
720.000000 0.000000
721.000000 0.000000
722.000000 0.000000
723.000000 0.000000
724.000000 0.000000
725.000000 0.000000
726.000000 0.000000
727.000000 0.000000
728.000000 0.000000
729.000000 0.000000
730.000000 0.000000
731.000000 0.000000
732.000000 0.000000
733.000000 0.000000
734.000000 0.000000
735.000000 0.000000
736.000000 0.000000
737.000000 0.000000
738.000000 0.000000
739.000000 0.000000
740.000000 0.000000
741.000000 0.000000
742.000000 0.000000
743.000000 0.000000
744.000000 0.000000
745.000000 0.000000
746.000000 0.000000
747.000000 0.000000
748.000000 0.000000
749.000000 0.000000
750.000000 0.000000
751.000000 0.000000
752.000000 0.000000
753.000000 0.000000
754.000000 0.000000
755.000000 0.000000
756.000000 0.000000
757.000000 0.000000
758.000000 0.000000
759.000000 0.000000
760.000000 0.000000
761.000000 0.000001
762.000000 0.000000
763.000000 0.000000
764.000000 0.000000
765.000000 0.000000
766.000000 0.000000
767.000000 0.000000
768.000000 0.000000
769.000000 0.000000
770.000000 0.000000
771.000000 0.000000
772.000000 0.000000
773.000000 0.000000
774.000000 0.000000
775.000000 0.000000
776.000000 0.000000
777.000000 0.000000
778.000000 0.000000
779.000000 0.000000
780.000000 0.000000
781.000000 0.000000
782.000000 0.000000
783.000000 0.000000
784.000000 0.000000
785.000000 0.000000
786.000000 0.000000
787.000000 0.000000
788.000000 0.000000
789.000000 0.000000
790.000000 0.000000
791.000000 0.000000
792.000000 0.000000
793.000000 0.000000
794.000000 0.000000
795.000000 0.000000
796.000000 0.000000
797.000000 0.000000
798.000000 0.000000
799.000000 0.000000
800.000000 0.000000
801.000000 0.000000
802.000000 0.000000
803.000000 0.000000
804.000000 0.000000
805.000000 0.000000
806.000000 0.000000
807.000000 0.000000
808.000000 0.000000
809.000000 0.000000
810.000000 0.000000
811.000000 0.000000
812.000000 0.000000
813.000000 0.000000
814.000000 0.000000
815.000000 0.000000
816.000000 0.000000
817.000000 0.000000
818.000000 0.000000
819.000000 0.000000
820.000000 0.000000
821.000000 0.000000
822.000000 0.000000
823.000000 0.000000
824.000000 0.000000
825.000000 0.000000
826.000000 0.000000
827.000000 0.000000
828.000000 0.000000
829.000000 0.000000
830.000000 0.000000
831.000000 0.000000
832.000000 0.000000
833.000000 0.000000
834.000000 0.000000
835.000000 0.000000
836.000000 0.000000
837.000000 0.000000
838.000000 0.000000
839.000000 0.000000
840.000000 0.000000
841.000000 0.000000
842.000000 0.000000
843.000000 0.000000
844.000000 0.000000
845.000000 0.000000
846.000000 0.000000
847.000000 0.000000
848.000000 0.000000
849.000000 0.000000
850.000000 0.000000
851.000000 0.000000
852.000000 0.000000
853.000000 0.000000
854.000000 0.000000
855.000000 0.000000
856.000000 0.000000
857.000000 0.000000
858.000000 0.000000
859.000000 0.000000
860.000000 0.000000
861.000000 0.000000
862.000000 0.000000
863.000000 0.000000
864.000000 0.000000
865.000000 0.000000
866.000000 0.000000
867.000000 0.000000
868.000000 0.000000
869.000000 0.000000
870.000000 0.000000
871.000000 0.000000
872.000000 0.000000
873.000000 0.000000
874.000000 0.000000
875.000000 0.000000
876.000000 0.000000
877.000000 0.000000
878.000000 0.000000
879.000000 0.000000
880.000000 0.000000
881.000000 0.000000
882.000000 0.000000
883.000000 0.000000
884.000000 0.000000
885.000000 0.000000
886.000000 0.000000
887.000000 0.000000
888.000000 0.000000
889.000000 0.000000
890.000000 0.000000
891.000000 0.000000
892.000000 0.000000
893.000000 0.000000
894.000000 0.000000
895.000000 0.000000
896.000000 0.000000
897.000000 0.000000
898.000000 0.000000
899.000000 0.000000
900.000000 0.000000
901.000000 0.000000
902.000000 0.000000
903.000000 0.000000
904.000000 0.000000
905.000000 0.000000
906.000000 0.000000
907.000000 0.000000
908.000000 0.000000
909.000000 0.000000
910.000000 0.000000
911.000000 0.000000
912.000000 0.000000
913.000000 0.000000
914.000000 0.000000
915.000000 0.000000
916.000000 0.000000
917.000000 0.000000
918.000000 0.000000
919.000000 0.000000
920.000000 0.000000
921.000000 0.000000
922.000000 0.000000
923.000000 0.000000
924.000000 0.000000
925.000000 0.000000
926.000000 0.000000
927.000000 0.000000
928.000000 0.000000
929.000000 0.000000
930.000000 0.000000
931.000000 0.000000
932.000000 0.000000
933.000000 0.000000
934.000000 0.000000
935.000000 0.000000
936.000000 0.000000
937.000000 0.000000
938.000000 0.000003
939.000000 0.000000
940.000000 0.000000
941.000000 0.000000
942.000000 0.000000
943.000000 0.000000
944.000000 0.000000
945.000000 0.000000
946.000000 0.000000
947.000000 0.000000
948.000000 0.000000
949.000000 0.000000
950.000000 0.000000
951.000000 0.000000
952.000000 0.000000
953.000000 0.000000
954.000000 0.000000
955.000000 0.000000
956.000000 0.000000
957.000000 0.000000
958.000000 0.000000
959.000000 0.000000
960.000000 0.000000
961.000000 0.000000
962.000000 0.000000
963.000000 0.000000
964.000000 0.000000
965.000000 0.000000
966.000000 0.000000
967.000000 0.000000
968.000000 0.000000
969.000000 0.000000
970.000000 0.000000
971.000000 0.000000
972.000000 0.000000
973.000000 0.000000
974.000000 0.000000
975.000000 0.000000
976.000000 0.000000
977.000000 0.000000
978.000000 0.000000
979.000000 0.000000
980.000000 0.000000
981.000000 0.000000
982.000000 0.000000
983.000000 0.000000
984.000000 0.000000
985.000000 0.000000
986.000000 0.000000
987.000000 0.000000
988.000000 0.000000
989.000000 0.000000
990.000000 0.000000
991.000000 0.000000
992.000000 0.000000
993.000000 0.000000
994.000000 0.000000
995.000000 0.000000
996.000000 0.000000
997.000000 0.000000
998.000000 0.000000
999.000000 0.000000
1000.000000 0.000000
The optical depth at z= 84.000000
1.000000 0.000000
2.000000 0.000000
3.000000 0.000000
4.000000 0.000000
5.000000 3.965769
6.000000 5.797388
7.000000 22.812020
8.000000 30.495507
9.000000 39.224755
10.000000 49.923569
11.000000 61.998990
12.000000 75.582660
13.000000 90.101571
14.000000 106.672787
15.000000 124.934886
16.000000 142.782754
17.000000 162.962069
18.000000 182.572796
19.000000 204.715335
20.000000 232.220913
21.000000 262.810767
22.000000 287.899491
23.000000 314.461344
24.000000 344.982157
25.000000 363.073835
26.000000 380.014320
27.000000 391.523008
28.000000 405.793813
29.000000 420.426217
30.000000 433.513632
31.000000 444.693207
32.000000 469.033609
33.000000 493.642824
34.000000 508.987917
35.000000 553.138272
36.000000 579.492013
37.000000 605.777950
38.000000 632.750364
39.000000 663.568694
40.000000 690.161653
41.000000 729.255693
42.000000 744.994073
43.000000 768.961166
44.000000 785.605437
45.000000 784.568906
46.000000 788.244720
47.000000 792.537706
48.000000 809.585206
49.000000 815.062581
50.000000 817.326098
51.000000 830.687188
52.000000 861.392686
53.000000 879.484538
54.000000 869.187253
55.000000 856.493085
56.000000 833.280582
57.000000 813.812101
58.000000 802.716064
59.000000 803.514450
60.000000 813.181283
61.000000 825.607073
62.000000 840.790356
63.000000 842.615835
64.000000 844.969851
65.000000 866.642242
66.000000 858.637060
67.000000 871.427674
68.000000 869.782863
69.000000 869.173051
70.000000 876.870076
71.000000 885.531028
72.000000 895.202983
73.000000 906.122995
74.000000 925.721477
75.000000 945.228902
76.000000 955.170496
77.000000 963.525128
78.000000 951.034674
79.000000 916.778364
80.000000 882.834584
81.000000 845.933481
82.000000 809.046517
83.000000 813.397725
84.000000 914.047357
85.000000 1014.714176
86.000000 1115.301518
87.000000 1215.846700
88.000000 1316.459197
89.000000 1372.453015
90.000000 1361.483059
91.000000 1350.109200
92.000000 1352.613413
93.000000 1411.976841
94.000000 1470.743357
95.000000 1529.241950
96.000000 1467.093163
97.000000 1323.633938
98.000000 1180.236126
99.000000 1036.858288
100.000000 834.452343
101.000000 617.073741
102.000000 400.106714
103.000000 182.353650
104.000000 147.394626
105.000000 112.482502
106.000000 77.696042
107.000000 42.689348
108.000000 7.724148
109.000000 4.985706
110.000000 1.937111
111.000000 0.382076
112.000000 8.012955
113.000000 1.591734
114.000000 0.650445
115.000000 5.299188
116.000000 0.500236
117.000000 1.663868
118.000000 1.427430
119.000000 0.330708
120.000000 11.056960
121.000000 15.686453
122.000000 0.690960
123.000000 2.505796
124.000000 1.313878
125.000000 9.053613
126.000000 2.653812
127.000000 0.549034
128.000000 1.753875
129.000000 3.425798
130.000000 3.775762
131.000000 4.390266
132.000000 7.377494
133.000000 12.806913
134.000000 15.784563
135.000000 36.092951
136.000000 57.510934
137.000000 72.168171
138.000000 86.829353
139.000000 93.683055
140.000000 89.889298
141.000000 87.324839
142.000000 92.078691
143.000000 96.833120
144.000000 96.293050
145.000000 93.893004
146.000000 91.492916
147.000000 89.091617
148.000000 86.690074
149.000000 79.947281
150.000000 82.134280
151.000000 76.277032
152.000000 70.419850
153.000000 64.562659
154.000000 58.362456
155.000000 53.344336
156.000000 47.795584
157.000000 43.554453
158.000000 39.259116
159.000000 34.533978
160.000000 31.140655
161.000000 27.328190
162.000000 23.515309
163.000000 19.864852
164.000000 16.322316
165.000000 14.309798
166.000000 12.297787
167.000000 10.285599
168.000000 8.300572
169.000000 6.760350
170.000000 5.220039
171.000000 4.842845
172.000000 3.767698
173.000000 2.910364
174.000000 2.298794
175.000000 1.687212
176.000000 1.230897
177.000000 0.871724
178.000000 0.705048
179.000000 0.690462
180.000000 0.326156
181.000000 0.021701
182.000000 0.111449
183.000000 0.008254
184.000000 0.037633
185.000000 0.011977
186.000000 0.003468
187.000000 0.003768
188.000000 0.000811
189.000000 0.001971
190.000000 0.000485
191.000000 0.000668
192.000000 0.000696
193.000000 0.000605
194.000000 0.000299
195.000000 0.004477
196.000000 0.000609
197.000000 0.000181
198.000000 0.000200
199.000000 0.000203
200.000000 0.000320
201.000000 0.000260
202.000000 0.000195
203.000000 0.000193
204.000000 0.000203
205.000000 0.000213
206.000000 0.000224
207.000000 0.000237
208.000000 0.000255
209.000000 0.000274
210.000000 0.000298
211.000000 0.000326
212.000000 0.000357
213.000000 0.000395
214.000000 0.000434
215.000000 0.000483
216.000000 0.000532
217.000000 0.000592
218.000000 0.000654
219.000000 0.000723
220.000000 0.000800
221.000000 0.000877
222.000000 0.000972
223.000000 0.001066
224.000000 0.001169
225.000000 0.001280
226.000000 0.001390
227.000000 0.001518
228.000000 0.001645
229.000000 0.001783
230.000000 0.001935
231.000000 0.002104
232.000000 0.002206
233.000000 0.002385
234.000000 0.002505
235.000000 0.002678
236.000000 0.002822
237.000000 0.002990
238.000000 0.003155
239.000000 0.003292
240.000000 0.003505
241.000000 0.003617
242.000000 0.003782
243.000000 0.003914
244.000000 0.004088
245.000000 0.004150
246.000000 0.004347
247.000000 0.004387
248.000000 0.004513
249.000000 0.004660
250.000000 0.004714
251.000000 0.004677
252.000000 0.004860
253.000000 0.004784
254.000000 0.004869
255.000000 0.004846
256.000000 0.004856
257.000000 0.004761
258.000000 0.004715
259.000000 0.004829
260.000000 0.004517
261.000000 0.004615
262.000000 0.004422
263.000000 0.004307
264.000000 0.004199
265.000000 0.004062
266.000000 0.003980
267.000000 0.003710
268.000000 0.003675
269.000000 0.003397
270.000000 0.003367
271.000000 0.003105
272.000000 0.003002
273.000000 0.002794
274.000000 0.002576
275.000000 0.002461
276.000000 0.002259
277.000000 0.002115
278.000000 0.001950
279.000000 0.001799
280.000000 0.001685
281.000000 0.001526
282.000000 0.001347
283.000000 0.001247
284.000000 0.001131
285.000000 0.001025
286.000000 0.000929
287.000000 0.000837
288.000000 0.000733
289.000000 0.000660
290.000000 0.000588
291.000000 0.000530
292.000000 0.000456
293.000000 0.000413
294.000000 0.000356
295.000000 0.000320
296.000000 0.000276
297.000000 0.000244
298.000000 0.000208
299.000000 0.000187
300.000000 0.000160
301.000000 0.000140
302.000000 0.000123
303.000000 0.000105
304.000000 0.000095
305.000000 0.000081
306.000000 0.000071
307.000000 0.000063
308.000000 0.000054
309.000000 0.000050
310.000000 0.000040
311.000000 0.000036
312.000000 0.000029
313.000000 0.000024
314.000000 0.000023
315.000000 0.000018
316.000000 0.000018
317.000000 0.000014
318.000000 0.000014
319.000000 0.000009
320.000000 0.000012
321.000000 0.000007
322.000000 0.000009
323.000000 0.000008
324.000000 0.000004
325.000000 0.000008
326.000000 0.000004
327.000000 0.000003
328.000000 0.000006
329.000000 0.000003
330.000000 0.000002
331.000000 0.000004
332.000000 0.000002
333.000000 0.000002
334.000000 0.000003
335.000000 0.000002
336.000000 0.000001
337.000000 0.000002
338.000000 0.000002
339.000000 0.000001
340.000000 0.000001
341.000000 0.000001
342.000000 0.000001
343.000000 0.000001
344.000000 0.000001
345.000000 0.000001
346.000000 0.000001
347.000000 0.000001
348.000000 0.000001
349.000000 0.000001
350.000000 0.000001
351.000000 0.000001
352.000000 0.000001
353.000000 0.000001
354.000000 0.000001
355.000000 0.000001
356.000000 0.000001
357.000000 0.000001
358.000000 0.000001
359.000000 0.000001
360.000000 0.000001
361.000000 0.000001
362.000000 0.000001
363.000000 0.000001
364.000000 0.000001
365.000000 0.000001
366.000000 0.000001
367.000000 0.000001
368.000000 0.000001
369.000000 0.000001
370.000000 0.000001
371.000000 0.000001
372.000000 0.000001
373.000000 0.000001
374.000000 0.000001
375.000000 0.000001
376.000000 0.000001
377.000000 0.000001
378.000000 0.000001
379.000000 0.000001
380.000000 0.000001
381.000000 0.000001
382.000000 0.000001
383.000000 0.000001
384.000000 0.000001
385.000000 0.000001
386.000000 0.000001
387.000000 0.000001
388.000000 0.000001
389.000000 0.000001
390.000000 0.000001
391.000000 0.000001
392.000000 0.000001
393.000000 0.000001
394.000000 0.000001
395.000000 0.000001
396.000000 0.000001
397.000000 0.000001
398.000000 0.000001
399.000000 0.000001
400.000000 0.000001
401.000000 0.000001
402.000000 0.000001
403.000000 0.000001
404.000000 0.000001
405.000000 0.000001
406.000000 0.000000
407.000000 0.000000
408.000000 0.000000
409.000000 0.000000
410.000000 0.000000
411.000000 0.000000
412.000000 0.000000
413.000000 0.000000
414.000000 0.000000
415.000000 0.000000
416.000000 0.000000
417.000000 0.000000
418.000000 0.000000
419.000000 0.000000
420.000000 0.000000
421.000000 0.000000
422.000000 0.000000
423.000000 0.000000
424.000000 0.000000
425.000000 0.000000
426.000000 0.000000
427.000000 0.000000
428.000000 0.000000
429.000000 0.000000
430.000000 0.000000
431.000000 0.000000
432.000000 0.000000
433.000000 0.000000
434.000000 0.000000
435.000000 0.000000
436.000000 0.000000
437.000000 0.000000
438.000000 0.000000
439.000000 0.000000
440.000000 0.000000
441.000000 0.000000
442.000000 0.000000
443.000000 0.000000
444.000000 0.000000
445.000000 0.000000
446.000000 0.000000
447.000000 0.000000
448.000000 0.000000
449.000000 0.000000
450.000000 0.000000
451.000000 0.000000
452.000000 0.000000
453.000000 0.000000
454.000000 0.000000
455.000000 0.000000
456.000000 0.000000
457.000000 0.000000
458.000000 0.000000
459.000000 0.000000
460.000000 0.000000
461.000000 0.000000
462.000000 0.000000
463.000000 0.000000
464.000000 0.000000
465.000000 0.000000
466.000000 0.000000
467.000000 0.000000
468.000000 0.000000
469.000000 0.000000
470.000000 0.000000
471.000000 0.000000
472.000000 0.000000
473.000000 0.000000
474.000000 0.000000
475.000000 0.000000
476.000000 0.000000
477.000000 0.000000
478.000000 0.000001
479.000000 0.000001
480.000000 0.000001
481.000000 0.000001
482.000000 0.000001
483.000000 0.000001
484.000000 0.000001
485.000000 0.000001
486.000000 0.000001
487.000000 0.000001
488.000000 0.000001
489.000000 0.000001
490.000000 0.000001
491.000000 0.000001
492.000000 0.000001
493.000000 0.000001
494.000000 0.000001
495.000000 0.000001
496.000000 0.000001
497.000000 0.000001
498.000000 0.000001
499.000000 0.000001
500.000000 0.000001
501.000000 0.000001
502.000000 0.000001
503.000000 0.000001
504.000000 0.000001
505.000000 0.000001
506.000000 0.000001
507.000000 0.000001
508.000000 0.000001
509.000000 0.000001
510.000000 0.000001
511.000000 0.000001
512.000000 0.000001
513.000000 0.000001
514.000000 0.000001
515.000000 0.000001
516.000000 0.000001
517.000000 0.000001
518.000000 0.000001
519.000000 0.000001
520.000000 0.000001
521.000000 0.000001
522.000000 0.000001
523.000000 0.000001
524.000000 0.000001
525.000000 0.000001
526.000000 0.000001
527.000000 0.000001
528.000000 0.000001
529.000000 0.000001
530.000000 0.000001
531.000000 0.000001
532.000000 0.000001
533.000000 0.000001
534.000000 0.000001
535.000000 0.000001
536.000000 0.000001
537.000000 0.000001
538.000000 0.000001
539.000000 0.000001
540.000000 0.000001
541.000000 0.000001
542.000000 0.000001
543.000000 0.000001
544.000000 0.000002
545.000000 0.000002
546.000000 0.000002
547.000000 0.000002
548.000000 0.000002
549.000000 0.000002
550.000000 0.000002
551.000000 0.000002
552.000000 0.000002
553.000000 0.000002
554.000000 0.000002
555.000000 0.000002
556.000000 0.000002
557.000000 0.000002
558.000000 0.000002
559.000000 0.000002
560.000000 0.000002
561.000000 0.000002
562.000000 0.000002
563.000000 0.000002
564.000000 0.000002
565.000000 0.000002
566.000000 0.000002
567.000000 0.000002
568.000000 0.000002
569.000000 0.000002
570.000000 0.000002
571.000000 0.000002
572.000000 0.000002
573.000000 0.000002
574.000000 0.000002
575.000000 0.000002
576.000000 0.000002
577.000000 0.000002
578.000000 0.000002
579.000000 0.000002
580.000000 0.000002
581.000000 0.000002
582.000000 0.000002
583.000000 0.000002
584.000000 0.000002
585.000000 0.000002
586.000000 0.000002
587.000000 0.000002
588.000000 0.000002
589.000000 0.000002
590.000000 0.000002
591.000000 0.000002
592.000000 0.000002
593.000000 0.000002
594.000000 0.000002
595.000000 0.000002
596.000000 0.000002
597.000000 0.000002
598.000000 0.000002
599.000000 0.000002
600.000000 0.000002
601.000000 0.000002
602.000000 0.000002
603.000000 0.000002
604.000000 0.000002
605.000000 0.000002
606.000000 0.000002
607.000000 0.000002
608.000000 0.000002
609.000000 0.000002
610.000000 0.000002
611.000000 0.000002
612.000000 0.000002
613.000000 0.000002
614.000000 0.000002
615.000000 0.000002
616.000000 0.000002
617.000000 0.000002
618.000000 0.000002
619.000000 0.000002
620.000000 0.000002
621.000000 0.000002
622.000000 0.000002
623.000000 0.000002
624.000000 0.000002
625.000000 0.000002
626.000000 0.000002
627.000000 0.000002
628.000000 0.000002
629.000000 0.000002
630.000000 0.000002
631.000000 0.000002
632.000000 0.000002
633.000000 0.000002
634.000000 0.000002
635.000000 0.000001
636.000000 0.000001
637.000000 0.000001
638.000000 0.000001
639.000000 0.000001
640.000000 0.000001
641.000000 0.000001
642.000000 0.000001
643.000000 0.000001
644.000000 0.000001
645.000000 0.000001
646.000000 0.000001
647.000000 0.000001
648.000000 0.000001
649.000000 0.000001
650.000000 0.000001
651.000000 0.000001
652.000000 0.000001
653.000000 0.000001
654.000000 0.000001
655.000000 0.000001
656.000000 0.000001
657.000000 0.000001
658.000000 0.000001
659.000000 0.000001
660.000000 0.000001
661.000000 0.000001
662.000000 0.000001
663.000000 0.000001
664.000000 0.000001
665.000000 0.000001
666.000000 0.000001
667.000000 0.000001
668.000000 0.000001
669.000000 0.000001
670.000000 0.000001
671.000000 0.000001
672.000000 0.000001
673.000000 0.000001
674.000000 0.000001
675.000000 0.000001
676.000000 0.000001
677.000000 0.000001
678.000000 0.000001
679.000000 0.000001
680.000000 0.000001
681.000000 0.000001
682.000000 0.000001
683.000000 0.000001
684.000000 0.000001
685.000000 0.000001
686.000000 0.000001
687.000000 0.000034
688.000000 0.000001
689.000000 0.000001
690.000000 0.000001
691.000000 0.000001
692.000000 0.000001
693.000000 0.000000
694.000000 0.000000
695.000000 0.000000
696.000000 0.000000
697.000000 0.000000
698.000000 0.000000
699.000000 0.000000
700.000000 0.000000
701.000000 0.000000
702.000000 0.000000
703.000000 0.000000
704.000000 0.000000
705.000000 0.000000
706.000000 0.000000
707.000000 0.000000
708.000000 0.000000
709.000000 0.000000
710.000000 0.000000
711.000000 0.000000
712.000000 0.000000
713.000000 0.000000
714.000000 0.000000
715.000000 0.000000
716.000000 0.000000
717.000000 0.000000
718.000000 0.000000
719.000000 0.000000
720.000000 0.000000
721.000000 0.000000
722.000000 0.000000
723.000000 0.000000
724.000000 0.000000
725.000000 0.000000
726.000000 0.000000
727.000000 0.000000
728.000000 0.000000
729.000000 0.000000
730.000000 0.000000
731.000000 0.000000
732.000000 0.000000
733.000000 0.000000
734.000000 0.000000
735.000000 0.000000
736.000000 0.000000
737.000000 0.000000
738.000000 0.000000
739.000000 0.000000
740.000000 0.000000
741.000000 0.000000
742.000000 0.000000
743.000000 0.000000
744.000000 0.000000
745.000000 0.000000
746.000000 0.000000
747.000000 0.000000
748.000000 0.000000
749.000000 0.000000
750.000000 0.000000
751.000000 0.000000
752.000000 0.000000
753.000000 0.000000
754.000000 0.000000
755.000000 0.000000
756.000000 0.000000
757.000000 0.000000
758.000000 0.000000
759.000000 0.000000
760.000000 0.000000
761.000000 0.000000
762.000000 0.000000
763.000000 0.000000
764.000000 0.000000
765.000000 0.000000
766.000000 0.000000
767.000000 0.000000
768.000000 0.000000
769.000000 0.000000
770.000000 0.000000
771.000000 0.000000
772.000000 0.000000
773.000000 0.000000
774.000000 0.000000
775.000000 0.000000
776.000000 0.000000
777.000000 0.000000
778.000000 0.000000
779.000000 0.000000
780.000000 0.000000
781.000000 0.000000
782.000000 0.000000
783.000000 0.000000
784.000000 0.000000
785.000000 0.000000
786.000000 0.000000
787.000000 0.000000
788.000000 0.000000
789.000000 0.000000
790.000000 0.000000
791.000000 0.000000
792.000000 0.000000
793.000000 0.000000
794.000000 0.000000
795.000000 0.000000
796.000000 0.000000
797.000000 0.000000
798.000000 0.000000
799.000000 0.000000
800.000000 0.000000
801.000000 0.000000
802.000000 0.000000
803.000000 0.000000
804.000000 0.000000
805.000000 0.000000
806.000000 0.000000
807.000000 0.000000
808.000000 0.000000
809.000000 0.000000
810.000000 0.000000
811.000000 0.000000
812.000000 0.000000
813.000000 0.000000
814.000000 0.000000
815.000000 0.000000
816.000000 0.000000
817.000000 0.000000
818.000000 0.000000
819.000000 0.000000
820.000000 0.000000
821.000000 0.000000
822.000000 0.000000
823.000000 0.000000
824.000000 0.000000
825.000000 0.000000
826.000000 0.000000
827.000000 0.000000
828.000000 0.000000
829.000000 0.000000
830.000000 0.000000
831.000000 0.000000
832.000000 0.000000
833.000000 0.000000
834.000000 0.000000
835.000000 0.000000
836.000000 0.000000
837.000000 0.000000
838.000000 0.000000
839.000000 0.000000
840.000000 0.000000
841.000000 0.000000
842.000000 0.000000
843.000000 0.000000
844.000000 0.000000
845.000000 0.000000
846.000000 0.000000
847.000000 0.000000
848.000000 0.000000
849.000000 0.000000
850.000000 0.000000
851.000000 0.000000
852.000000 0.000000
853.000000 0.000000
854.000000 0.000000
855.000000 0.000000
856.000000 0.000000
857.000000 0.000000
858.000000 0.000000
859.000000 0.000000
860.000000 0.000000
861.000000 0.000000
862.000000 0.000000
863.000000 0.000000
864.000000 0.000000
865.000000 0.000000
866.000000 0.000000
867.000000 0.000000
868.000000 0.000000
869.000000 0.000000
870.000000 0.000000
871.000000 0.000000
872.000000 0.000000
873.000000 0.000000
874.000000 0.000000
875.000000 0.000000
876.000000 0.000000
877.000000 0.000000
878.000000 0.000000
879.000000 0.000000
880.000000 0.000000
881.000000 0.000000
882.000000 0.000000
883.000000 0.000000
884.000000 0.000000
885.000000 0.000000
886.000000 0.000000
887.000000 0.000000
888.000000 0.000000
889.000000 0.000000
890.000000 0.000000
891.000000 0.000000
892.000000 0.000000
893.000000 0.000000
894.000000 0.000000
895.000000 0.000000
896.000000 0.000000
897.000000 0.000000
898.000000 0.000000
899.000000 0.000000
900.000000 0.000000
901.000000 0.000000
902.000000 0.000000
903.000000 0.000000
904.000000 0.000000
905.000000 0.000000
906.000000 0.000000
907.000000 0.000000
908.000000 0.000000
909.000000 0.000000
910.000000 0.000000
911.000000 0.000000
912.000000 0.000000
913.000000 0.000000
914.000000 0.000000
915.000000 0.000000
916.000000 0.000000
917.000000 0.000000
918.000000 0.000000
919.000000 0.000000
920.000000 0.000000
921.000000 0.000000
922.000000 0.000000
923.000000 0.000000
924.000000 0.000000
925.000000 0.000000
926.000000 0.000000
927.000000 0.000000
928.000000 0.000000
929.000000 0.000000
930.000000 0.000000
931.000000 0.000000
932.000000 0.000000
933.000000 0.000000
934.000000 0.000000
935.000000 0.000000
936.000000 0.000000
937.000000 0.000000
938.000000 0.000001
939.000000 0.000000
940.000000 0.000000
941.000000 0.000000
942.000000 0.000000
943.000000 0.000000
944.000000 0.000000
945.000000 0.000000
946.000000 0.000000
947.000000 0.000000
948.000000 0.000000
949.000000 0.000000
950.000000 0.000000
951.000000 0.000000
952.000000 0.000000
953.000000 0.000000
954.000000 0.000000
955.000000 0.000000
956.000000 0.000000
957.000000 0.000000
958.000000 0.000000
959.000000 0.000000
960.000000 0.000000
961.000000 0.000000
962.000000 0.000000
963.000000 0.000000
964.000000 0.000000
965.000000 0.000000
966.000000 0.000000
967.000000 0.000000
968.000000 0.000000
969.000000 0.000000
970.000000 0.000000
971.000000 0.000000
972.000000 0.000000
973.000000 0.000000
974.000000 0.000000
975.000000 0.000000
976.000000 0.000000
977.000000 0.000000
978.000000 0.000000
979.000000 0.000000
980.000000 0.000000
981.000000 0.000000
982.000000 0.000000
983.000000 0.000000
984.000000 0.000000
985.000000 0.000000
986.000000 0.000000
987.000000 0.000000
988.000000 0.000000
989.000000 0.000000
990.000000 0.000000
991.000000 0.000000
992.000000 0.000000
993.000000 0.000000
994.000000 0.000000
995.000000 0.000000
996.000000 0.000000
997.000000 0.000000
998.000000 0.000000
999.000000 0.000000
1000.000000 0.000000
The optical depth at z= 86.000000
1.000000 0.000000
2.000000 0.000000
3.000000 0.000000
4.000000 0.000000
5.000000 0.000000
6.000000 0.000000
7.000000 0.000000
8.000000 0.000000
9.000000 0.000000
10.000000 0.000000
11.000000 0.000000
12.000000 0.000000
13.000000 0.000000
14.000000 0.000000
15.000000 0.000000
16.000000 0.000000
17.000000 0.000000
18.000000 0.000000
19.000000 0.000000
20.000000 0.000000
21.000000 0.000000
22.000000 0.000000
23.000000 0.000000
24.000000 0.000000
25.000000 0.000000
26.000000 0.000000
27.000000 0.000000
28.000000 0.000000
29.000000 0.000000
30.000000 0.000000
31.000000 0.000000
32.000000 0.000000
33.000000 0.000000
34.000000 0.000000
35.000000 0.000000
36.000000 0.000000
37.000000 0.000000
38.000000 0.000000
39.000000 0.000000
40.000000 0.000000
41.000000 0.000000
42.000000 0.000000
43.000000 0.000000
44.000000 0.000000
45.000000 0.000000
46.000000 0.000000
47.000000 0.000000
48.000000 0.000000
49.000000 0.000000
50.000000 0.000000
51.000000 0.000000
52.000000 0.000000
53.000000 0.000000
54.000000 0.000000
55.000000 0.000000
56.000000 0.000000
57.000000 0.000000
58.000000 0.000000
59.000000 0.000000
60.000000 0.000000
61.000000 0.000000
62.000000 0.000000
63.000000 0.000000
64.000000 0.000000
65.000000 0.000000
66.000000 0.000000
67.000000 0.000000
68.000000 0.000000
69.000000 0.000000
70.000000 0.000000
71.000000 0.000000
72.000000 0.000000
73.000000 0.000000
74.000000 0.000000
75.000000 0.000000
76.000000 0.000000
77.000000 0.000000
78.000000 0.000000
79.000000 0.000000
80.000000 0.000000
81.000000 0.000000
82.000000 0.000000
83.000000 0.000000
84.000000 0.000000
85.000000 0.000000
86.000000 0.000000
87.000000 0.000000
88.000000 0.000000
89.000000 0.000000
90.000000 0.000000
91.000000 0.000000
92.000000 0.000000
93.000000 0.000000
94.000000 0.000000
95.000000 0.000000
96.000000 0.000000
97.000000 0.000000
98.000000 0.000000
99.000000 0.000000
100.000000 0.000000
101.000000 0.000000
102.000000 0.000000
103.000000 0.000000
104.000000 0.000000
105.000000 0.000000
106.000000 0.000000
107.000000 0.000000
108.000000 0.000000
109.000000 0.000000
110.000000 0.000000
111.000000 0.000000
112.000000 0.000000
113.000000 0.000000
114.000000 0.000000
115.000000 0.000000
116.000000 0.000000
117.000000 0.000000
118.000000 0.000000
119.000000 0.000000
120.000000 0.000000
121.000000 0.000000
122.000000 0.000000
123.000000 0.000000
124.000000 0.000000
125.000000 0.000000
126.000000 0.000000
127.000000 0.000000
128.000000 0.000000
129.000000 0.000000
130.000000 0.000000
131.000000 0.000000
132.000000 0.000000
133.000000 0.000000
134.000000 0.000000
135.000000 0.000000
136.000000 0.000000
137.000000 0.000000
138.000000 0.000000
139.000000 0.000000
140.000000 0.000000
141.000000 0.000000
142.000000 0.000000
143.000000 0.000000
144.000000 0.000000
145.000000 0.000000
146.000000 0.000000
147.000000 0.000000
148.000000 0.000000
149.000000 0.000000
150.000000 0.000000
151.000000 0.000000
152.000000 0.000000
153.000000 0.000000
154.000000 0.000000
155.000000 0.000000
156.000000 0.000000
157.000000 0.000000
158.000000 0.000000
159.000000 0.000000
160.000000 0.000000
161.000000 0.000000
162.000000 0.000000
163.000000 0.000000
164.000000 0.000000
165.000000 0.000000
166.000000 0.000000
167.000000 0.000000
168.000000 0.000000
169.000000 0.000000
170.000000 0.000000
171.000000 0.000000
172.000000 0.000000
173.000000 0.000000
174.000000 0.000000
175.000000 0.000000
176.000000 0.000000
177.000000 0.000000
178.000000 0.000000
179.000000 0.000000
180.000000 0.000000
181.000000 0.000000
182.000000 0.000000
183.000000 0.000000
184.000000 0.000000
185.000000 0.000000
186.000000 0.000000
187.000000 0.000000
188.000000 0.000000
189.000000 0.000000
190.000000 0.000000
191.000000 0.000000
192.000000 0.000000
193.000000 0.000000
194.000000 0.000000
195.000000 0.000000
196.000000 0.000000
197.000000 0.000000
198.000000 0.000000
199.000000 0.000000
200.000000 0.000000
201.000000 0.000000
202.000000 0.000000
203.000000 0.000000
204.000000 0.000000
205.000000 0.000000
206.000000 0.000000
207.000000 0.000000
208.000000 0.000000
209.000000 0.000000
210.000000 0.000000
211.000000 0.000000
212.000000 0.000000
213.000000 0.000000
214.000000 0.000000
215.000000 0.000000
216.000000 0.000000
217.000000 0.000000
218.000000 0.000000
219.000000 0.000000
220.000000 0.000000
221.000000 0.000000
222.000000 0.000000
223.000000 0.000000
224.000000 0.000000
225.000000 0.000000
226.000000 0.000000
227.000000 0.000000
228.000000 0.000000
229.000000 0.000000
230.000000 0.000000
231.000000 0.000000
232.000000 0.000000
233.000000 0.000000
234.000000 0.000000
235.000000 0.000000
236.000000 0.000000
237.000000 0.000000
238.000000 0.000000
239.000000 0.000000
240.000000 0.000000
241.000000 0.000000
242.000000 0.000000
243.000000 0.000000
244.000000 0.000000
245.000000 0.000000
246.000000 0.000000
247.000000 0.000000
248.000000 0.000000
249.000000 0.000000
250.000000 0.000000
251.000000 0.000000
252.000000 0.000000
253.000000 0.000000
254.000000 0.000000
255.000000 0.000000
256.000000 0.000000
257.000000 0.000000
258.000000 0.000000
259.000000 0.000000
260.000000 0.000000
261.000000 0.000000
262.000000 0.000000
263.000000 0.000000
264.000000 0.000000
265.000000 0.000000
266.000000 0.000000
267.000000 0.000000
268.000000 0.000000
269.000000 0.000000
270.000000 0.000000
271.000000 0.000000
272.000000 0.000000
273.000000 0.000000
274.000000 0.000000
275.000000 0.000000
276.000000 0.000000
277.000000 0.000000
278.000000 0.000000
279.000000 0.000000
280.000000 0.000000
281.000000 0.000000
282.000000 0.000000
283.000000 0.000000
284.000000 0.000000
285.000000 0.000000
286.000000 0.000000
287.000000 0.000000
288.000000 0.000000
289.000000 0.000000
290.000000 0.000000
291.000000 0.000000
292.000000 0.000000
293.000000 0.000000
294.000000 0.000000
295.000000 0.000000
296.000000 0.000000
297.000000 0.000000
298.000000 0.000000
299.000000 0.000000
300.000000 0.000000
301.000000 0.000000
302.000000 0.000000
303.000000 0.000000
304.000000 0.000000
305.000000 0.000000
306.000000 0.000000
307.000000 0.000000
308.000000 0.000000
309.000000 0.000000
310.000000 0.000000
311.000000 0.000000
312.000000 0.000000
313.000000 0.000000
314.000000 0.000000
315.000000 0.000000
316.000000 0.000000
317.000000 0.000000
318.000000 0.000000
319.000000 0.000000
320.000000 0.000000
321.000000 0.000000
322.000000 0.000000
323.000000 0.000000
324.000000 0.000000
325.000000 0.000000
326.000000 0.000000
327.000000 0.000000
328.000000 0.000000
329.000000 0.000000
330.000000 0.000000
331.000000 0.000000
332.000000 0.000000
333.000000 0.000000
334.000000 0.000000
335.000000 0.000000
336.000000 0.000000
337.000000 0.000000
338.000000 0.000000
339.000000 0.000000
340.000000 0.000000
341.000000 0.000000
342.000000 0.000000
343.000000 0.000000
344.000000 0.000000
345.000000 0.000000
346.000000 0.000000
347.000000 0.000000
348.000000 0.000000
349.000000 0.000000
350.000000 0.000000
351.000000 0.000000
352.000000 0.000000
353.000000 0.000000
354.000000 0.000000
355.000000 0.000000
356.000000 0.000000
357.000000 0.000000
358.000000 0.000000
359.000000 0.000000
360.000000 0.000000
361.000000 0.000000
362.000000 0.000000
363.000000 0.000000
364.000000 0.000000
365.000000 0.000000
366.000000 0.000000
367.000000 0.000000
368.000000 0.000000
369.000000 0.000000
370.000000 0.000000
371.000000 0.000000
372.000000 0.000000
373.000000 0.000000
374.000000 0.000000
375.000000 0.000000
376.000000 0.000000
377.000000 0.000000
378.000000 0.000000
379.000000 0.000000
380.000000 0.000000
381.000000 0.000000
382.000000 0.000000
383.000000 0.000000
384.000000 0.000000
385.000000 0.000000
386.000000 0.000000
387.000000 0.000000
388.000000 0.000000
389.000000 0.000000
390.000000 0.000000
391.000000 0.000000
392.000000 0.000000
393.000000 0.000000
394.000000 0.000000
395.000000 0.000000
396.000000 0.000000
397.000000 0.000000
398.000000 0.000000
399.000000 0.000000
400.000000 0.000000
401.000000 0.000000
402.000000 0.000000
403.000000 0.000000
404.000000 0.000000
405.000000 0.000000
406.000000 0.000000
407.000000 0.000000
408.000000 0.000000
409.000000 0.000000
410.000000 0.000000
411.000000 0.000000
412.000000 0.000000
413.000000 0.000000
414.000000 0.000000
415.000000 0.000000
416.000000 0.000000
417.000000 0.000000
418.000000 0.000000
419.000000 0.000000
420.000000 0.000000
421.000000 0.000000
422.000000 0.000000
423.000000 0.000000
424.000000 0.000000
425.000000 0.000000
426.000000 0.000000
427.000000 0.000000
428.000000 0.000000
429.000000 0.000000
430.000000 0.000000
431.000000 0.000000
432.000000 0.000000
433.000000 0.000000
434.000000 0.000000
435.000000 0.000000
436.000000 0.000000
437.000000 0.000000
438.000000 0.000000
439.000000 0.000000
440.000000 0.000000
441.000000 0.000000
442.000000 0.000000
443.000000 0.000000
444.000000 0.000000
445.000000 0.000000
446.000000 0.000000
447.000000 0.000000
448.000000 0.000000
449.000000 0.000000
450.000000 0.000000
451.000000 0.000000
452.000000 0.000000
453.000000 0.000000
454.000000 0.000000
455.000000 0.000000
456.000000 0.000000
457.000000 0.000000
458.000000 0.000000
459.000000 0.000000
460.000000 0.000000
461.000000 0.000000
462.000000 0.000000
463.000000 0.000000
464.000000 0.000000
465.000000 0.000000
466.000000 0.000000
467.000000 0.000000
468.000000 0.000000
469.000000 0.000000
470.000000 0.000000
471.000000 0.000000
472.000000 0.000000
473.000000 0.000000
474.000000 0.000000
475.000000 0.000000
476.000000 0.000000
477.000000 0.000000
478.000000 0.000000
479.000000 0.000000
480.000000 0.000000
481.000000 0.000000
482.000000 0.000000
483.000000 0.000000
484.000000 0.000000
485.000000 0.000000
486.000000 0.000000
487.000000 0.000000
488.000000 0.000000
489.000000 0.000000
490.000000 0.000000
491.000000 0.000000
492.000000 0.000000
493.000000 0.000000
494.000000 0.000000
495.000000 0.000000
496.000000 0.000000
497.000000 0.000000
498.000000 0.000000
499.000000 0.000000
500.000000 0.000000
501.000000 0.000000
502.000000 0.000000
503.000000 0.000000
504.000000 0.000000
505.000000 0.000000
506.000000 0.000000
507.000000 0.000000
508.000000 0.000000
509.000000 0.000000
510.000000 0.000000
511.000000 0.000000
512.000000 0.000000
513.000000 0.000000
514.000000 0.000000
515.000000 0.000000
516.000000 0.000000
517.000000 0.000000
518.000000 0.000000
519.000000 0.000000
520.000000 0.000000
521.000000 0.000000
522.000000 0.000000
523.000000 0.000000
524.000000 0.000000
525.000000 0.000000
526.000000 0.000000
527.000000 0.000000
528.000000 0.000000
529.000000 0.000000
530.000000 0.000000
531.000000 0.000000
532.000000 0.000000
533.000000 0.000000
534.000000 0.000000
535.000000 0.000000
536.000000 0.000000
537.000000 0.000000
538.000000 0.000000
539.000000 0.000000
540.000000 0.000000
541.000000 0.000000
542.000000 0.000000
543.000000 0.000000
544.000000 0.000000
545.000000 0.000000
546.000000 0.000000
547.000000 0.000000
548.000000 0.000000
549.000000 0.000000
550.000000 0.000000
551.000000 0.000000
552.000000 0.000000
553.000000 0.000000
554.000000 0.000000
555.000000 0.000000
556.000000 0.000000
557.000000 0.000000
558.000000 0.000000
559.000000 0.000000
560.000000 0.000000
561.000000 0.000000
562.000000 0.000000
563.000000 0.000000
564.000000 0.000000
565.000000 0.000000
566.000000 0.000000
567.000000 0.000000
568.000000 0.000000
569.000000 0.000000
570.000000 0.000000
571.000000 0.000000
572.000000 0.000000
573.000000 0.000000
574.000000 0.000000
575.000000 0.000000
576.000000 0.000000
577.000000 0.000000
578.000000 0.000000
579.000000 0.000000
580.000000 0.000000
581.000000 0.000000
582.000000 0.000000
583.000000 0.000000
584.000000 0.000000
585.000000 0.000000
586.000000 0.000000
587.000000 0.000000
588.000000 0.000000
589.000000 0.000000
590.000000 0.000000
591.000000 0.000000
592.000000 0.000000
593.000000 0.000000
594.000000 0.000000
595.000000 0.000000
596.000000 0.000000
597.000000 0.000000
598.000000 0.000000
599.000000 0.000000
600.000000 0.000000
601.000000 0.000000
602.000000 0.000000
603.000000 0.000000
604.000000 0.000000
605.000000 0.000000
606.000000 0.000000
607.000000 0.000000
608.000000 0.000000
609.000000 0.000000
610.000000 0.000000
611.000000 0.000000
612.000000 0.000000
613.000000 0.000000
614.000000 0.000000
615.000000 0.000000
616.000000 0.000000
617.000000 0.000000
618.000000 0.000000
619.000000 0.000000
620.000000 0.000000
621.000000 0.000000
622.000000 0.000000
623.000000 0.000000
624.000000 0.000000
625.000000 0.000000
626.000000 0.000000
627.000000 0.000000
628.000000 0.000000
629.000000 0.000000
630.000000 0.000000
631.000000 0.000000
632.000000 0.000000
633.000000 0.000000
634.000000 0.000000
635.000000 0.000000
636.000000 0.000000
637.000000 0.000000
638.000000 0.000000
639.000000 0.000000
640.000000 0.000000
641.000000 0.000000
642.000000 0.000000
643.000000 0.000000
644.000000 0.000000
645.000000 0.000000
646.000000 0.000000
647.000000 0.000000
648.000000 0.000000
649.000000 0.000000
650.000000 0.000000
651.000000 0.000000
652.000000 0.000000
653.000000 0.000000
654.000000 0.000000
655.000000 0.000000
656.000000 0.000000
657.000000 0.000000
658.000000 0.000000
659.000000 0.000000
660.000000 0.000000
661.000000 0.000000
662.000000 0.000000
663.000000 0.000000
664.000000 0.000000
665.000000 0.000000
666.000000 0.000000
667.000000 0.000000
668.000000 0.000000
669.000000 0.000000
670.000000 0.000000
671.000000 0.000000
672.000000 0.000000
673.000000 0.000000
674.000000 0.000000
675.000000 0.000000
676.000000 0.000000
677.000000 0.000000
678.000000 0.000000
679.000000 0.000000
680.000000 0.000000
681.000000 0.000000
682.000000 0.000000
683.000000 0.000000
684.000000 0.000000
685.000000 0.000000
686.000000 0.000000
687.000000 0.000000
688.000000 0.000000
689.000000 0.000000
690.000000 0.000000
691.000000 0.000000
692.000000 0.000000
693.000000 0.000000
694.000000 0.000000
695.000000 0.000000
696.000000 0.000000
697.000000 0.000000
698.000000 0.000000
699.000000 0.000000
700.000000 0.000000
701.000000 0.000000
702.000000 0.000000
703.000000 0.000000
704.000000 0.000000
705.000000 0.000000
706.000000 0.000000
707.000000 0.000000
708.000000 0.000000
709.000000 0.000000
710.000000 0.000000
711.000000 0.000000
712.000000 0.000000
713.000000 0.000000
714.000000 0.000000
715.000000 0.000000
716.000000 0.000000
717.000000 0.000000
718.000000 0.000000
719.000000 0.000000
720.000000 0.000000
721.000000 0.000000
722.000000 0.000000
723.000000 0.000000
724.000000 0.000000
725.000000 0.000000
726.000000 0.000000
727.000000 0.000000
728.000000 0.000000
729.000000 0.000000
730.000000 0.000000
731.000000 0.000000
732.000000 0.000000
733.000000 0.000000
734.000000 0.000000
735.000000 0.000000
736.000000 0.000000
737.000000 0.000000
738.000000 0.000000
739.000000 0.000000
740.000000 0.000000
741.000000 0.000000
742.000000 0.000000
743.000000 0.000000
744.000000 0.000000
745.000000 0.000000
746.000000 0.000000
747.000000 0.000000
748.000000 0.000000
749.000000 0.000000
750.000000 0.000000
751.000000 0.000000
752.000000 0.000000
753.000000 0.000000
754.000000 0.000000
755.000000 0.000000
756.000000 0.000000
757.000000 0.000000
758.000000 0.000000
759.000000 0.000000
760.000000 0.000000
761.000000 0.000000
762.000000 0.000000
763.000000 0.000000
764.000000 0.000000
765.000000 0.000000
766.000000 0.000000
767.000000 0.000000
768.000000 0.000000
769.000000 0.000000
770.000000 0.000000
771.000000 0.000000
772.000000 0.000000
773.000000 0.000000
774.000000 0.000000
775.000000 0.000000
776.000000 0.000000
777.000000 0.000000
778.000000 0.000000
779.000000 0.000000
780.000000 0.000000
781.000000 0.000000
782.000000 0.000000
783.000000 0.000000
784.000000 0.000000
785.000000 0.000000
786.000000 0.000000
787.000000 0.000000
788.000000 0.000000
789.000000 0.000000
790.000000 0.000000
791.000000 0.000000
792.000000 0.000000
793.000000 0.000000
794.000000 0.000000
795.000000 0.000000
796.000000 0.000000
797.000000 0.000000
798.000000 0.000000
799.000000 0.000000
800.000000 0.000000
801.000000 0.000000
802.000000 0.000000
803.000000 0.000000
804.000000 0.000000
805.000000 0.000000
806.000000 0.000000
807.000000 0.000000
808.000000 0.000000
809.000000 0.000000
810.000000 0.000000
811.000000 0.000000
812.000000 0.000000
813.000000 0.000000
814.000000 0.000000
815.000000 0.000000
816.000000 0.000000
817.000000 0.000000
818.000000 0.000000
819.000000 0.000000
820.000000 0.000000
821.000000 0.000000
822.000000 0.000000
823.000000 0.000000
824.000000 0.000000
825.000000 0.000000
826.000000 0.000000
827.000000 0.000000
828.000000 0.000000
829.000000 0.000000
830.000000 0.000000
831.000000 0.000000
832.000000 0.000000
833.000000 0.000000
834.000000 0.000000
835.000000 0.000000
836.000000 0.000000
837.000000 0.000000
838.000000 0.000000
839.000000 0.000000
840.000000 0.000000
841.000000 0.000000
842.000000 0.000000
843.000000 0.000000
844.000000 0.000000
845.000000 0.000000
846.000000 0.000000
847.000000 0.000000
848.000000 0.000000
849.000000 0.000000
850.000000 0.000000
851.000000 0.000000
852.000000 0.000000
853.000000 0.000000
854.000000 0.000000
855.000000 0.000000
856.000000 0.000000
857.000000 0.000000
858.000000 0.000000
859.000000 0.000000
860.000000 0.000000
861.000000 0.000000
862.000000 0.000000
863.000000 0.000000
864.000000 0.000000
865.000000 0.000000
866.000000 0.000000
867.000000 0.000000
868.000000 0.000000
869.000000 0.000000
870.000000 0.000000
871.000000 0.000000
872.000000 0.000000
873.000000 0.000000
874.000000 0.000000
875.000000 0.000000
876.000000 0.000000
877.000000 0.000000
878.000000 0.000000
879.000000 0.000000
880.000000 0.000000
881.000000 0.000000
882.000000 0.000000
883.000000 0.000000
884.000000 0.000000
885.000000 0.000000
886.000000 0.000000
887.000000 0.000000
888.000000 0.000000
889.000000 0.000000
890.000000 0.000000
891.000000 0.000000
892.000000 0.000000
893.000000 0.000000
894.000000 0.000000
895.000000 0.000000
896.000000 0.000000
897.000000 0.000000
898.000000 0.000000
899.000000 0.000000
900.000000 0.000000
901.000000 0.000000
902.000000 0.000000
903.000000 0.000000
904.000000 0.000000
905.000000 0.000000
906.000000 0.000000
907.000000 0.000000
908.000000 0.000000
909.000000 0.000000
910.000000 0.000000
911.000000 0.000000
912.000000 0.000000
913.000000 0.000000
914.000000 0.000000
915.000000 0.000000
916.000000 0.000000
917.000000 0.000000
918.000000 0.000000
919.000000 0.000000
920.000000 0.000000
921.000000 0.000000
922.000000 0.000000
923.000000 0.000000
924.000000 0.000000
925.000000 0.000000
926.000000 0.000000
927.000000 0.000000
928.000000 0.000000
929.000000 0.000000
930.000000 0.000000
931.000000 0.000000
932.000000 0.000000
933.000000 0.000000
934.000000 0.000000
935.000000 0.000000
936.000000 0.000000
937.000000 0.000000
938.000000 0.000000
939.000000 0.000000
940.000000 0.000000
941.000000 0.000000
942.000000 0.000000
943.000000 0.000000
944.000000 0.000000
945.000000 0.000000
946.000000 0.000000
947.000000 0.000000
948.000000 0.000000
949.000000 0.000000
950.000000 0.000000
951.000000 0.000000
952.000000 0.000000
953.000000 0.000000
954.000000 0.000000
955.000000 0.000000
956.000000 0.000000
957.000000 0.000000
958.000000 0.000000
959.000000 0.000000
960.000000 0.000000
961.000000 0.000000
962.000000 0.000000
963.000000 0.000000
964.000000 0.000000
965.000000 0.000000
966.000000 0.000000
967.000000 0.000000
968.000000 0.000000
969.000000 0.000000
970.000000 0.000000
971.000000 0.000000
972.000000 0.000000
973.000000 0.000000
974.000000 0.000000
975.000000 0.000000
976.000000 0.000000
977.000000 0.000000
978.000000 0.000000
979.000000 0.000000
980.000000 0.000000
981.000000 0.000000
982.000000 0.000000
983.000000 0.000000
984.000000 0.000000
985.000000 0.000000
986.000000 0.000000
987.000000 0.000000
988.000000 0.000000
989.000000 0.000000
990.000000 0.000000
991.000000 0.000000
992.000000 0.000000
993.000000 0.000000
994.000000 0.000000
995.000000 0.000000
996.000000 0.000000
997.000000 0.000000
998.000000 0.000000
999.000000 0.000000
1000.000000 0.000000
