100.500000	6.968969e-04
101.500000	6.968969e-04
102.500000	6.968969e-04
103.500000	6.968969e-04
104.500000	6.968969e-04
105.500000	6.968969e-04
106.500000	6.968969e-04
107.500000	6.968969e-04
108.500000	6.968969e-04
109.500000	6.968969e-04
110.500000	6.968969e-04
111.500000	6.968969e-04
112.500000	6.968969e-04
113.500000	6.968969e-04
114.500000	3.011532e-04
115.500000	1.947206e-06
116.500000	4.098640e-05
117.500000	2.218259e-03
118.500000	0.000000e+00
119.500000	0.000000e+00
120.500000	9.629741e-04
121.500000	1.988999e-01
122.500000	4.899216e-04
123.500000	1.358524e-03
124.500000	7.992832e-04
125.500000	1.749703e-04
126.500000	1.847594e-04
127.500000	1.442451e-04
128.500000	1.081883e-04
129.500000	2.562616e-04
130.500000	5.705307e-04
131.500000	1.231352e-04
132.500000	1.467711e-04
133.500000	1.866254e-03
134.500000	8.824291e-05
135.500000	1.906780e-04
136.500000	7.490151e-05
137.500000	1.498441e-04
138.500000	7.906749e-05
139.500000	1.019538e-03
140.500000	6.426426e-04
141.500000	1.167074e-04
142.500000	8.029369e-05
143.500000	1.475927e-04
144.500000	1.307352e-04
145.500000	1.497128e-04
146.500000	1.782624e-04
147.500000	1.730148e-04
148.500000	2.054563e-04
149.500000	1.617675e-04
150.500000	1.712975e-04
151.500000	1.799874e-04
152.500000	1.831811e-04
153.500000	1.919191e-04
154.500000	4.631657e-03
155.500000	2.719539e-03
156.500000	4.156323e-04
157.500000	1.983174e-04
158.500000	1.679624e-04
159.500000	1.833979e-04
160.500000	3.483486e-04
161.500000	1.780703e-04
162.500000	2.452461e-04
163.500000	9.067649e-04
164.500000	9.179331e-04
165.500000	1.026047e-03
166.500000	1.522666e-04
167.500000	4.720206e-04
168.500000	1.196775e-04
169.500000	1.550756e-04
170.500000	1.054926e-04
171.500000	1.085602e-04
172.500000	1.079177e-04
173.500000	1.097923e-04
174.500000	1.117694e-04
175.500000	1.138490e-04
176.500000	1.160310e-04
177.500000	1.183155e-04
178.500000	1.207024e-04
179.500000	1.231918e-04
180.500000	1.257837e-04
181.500000	1.284780e-04
182.500000	1.312749e-04
183.500000	1.341741e-04
184.500000	1.371759e-04
185.500000	1.402801e-04
186.500000	1.434868e-04
187.500000	1.467959e-04
188.500000	1.502076e-04
189.500000	1.537216e-04
190.500000	1.573382e-04
191.500000	1.610572e-04
192.500000	1.648787e-04
193.500000	1.688027e-04
194.500000	1.728291e-04
195.500000	1.769580e-04
196.500000	1.811893e-04
197.500000	1.855231e-04
198.500000	1.899594e-04
199.500000	2.261999e-04
200.500000	1.278475e-04
201.500000	2.239997e-04
202.500000	5.009951e-04
203.500000	3.721550e-04
204.500000	2.179364e-04
205.500000	3.719695e-05
206.500000	3.599926e-04
207.500000	1.304115e-04
208.500000	1.797831e-04
209.500000	3.376037e-04
210.500000	1.626958e-04
211.500000	3.612554e-04
212.500000	2.277459e-04
213.500000	2.558472e-04
214.500000	2.545542e-04
215.500000	2.026295e-04
216.500000	2.801713e-04
217.500000	2.720821e-04
218.500000	2.513095e-04
219.500000	2.012382e-04
220.500000	2.101221e-04
221.500000	2.947670e-04
222.500000	2.300753e-04
223.500000	2.404752e-04
224.500000	1.977972e-04
225.500000	3.948577e-04
226.500000	4.136945e-04
227.500000	2.448396e-04
228.500000	3.512234e-04
229.500000	2.383427e-04
230.500000	2.046968e-04
231.500000	3.022095e-04
232.500000	3.301679e-04
233.500000	7.627022e-04
234.500000	7.427556e-04
235.500000	4.945826e-04
236.500000	6.176070e-04
237.500000	5.119818e-04
238.500000	1.164547e-03
239.500000	7.042794e-04
240.500000	7.179872e-04
241.500000	5.651059e-04
242.500000	2.504485e-04
243.500000	2.625402e-04
244.500000	3.492014e-04
245.500000	2.724535e-04
246.500000	3.327531e-04
247.500000	5.743572e-04
248.500000	5.033785e-04
249.500000	3.904211e-04
250.500000	4.057682e-04
251.500000	4.365917e-04
252.500000	3.722231e-04
253.500000	4.415767e-04
254.500000	4.224826e-04
255.500000	2.921710e-04
256.500000	4.951147e-04
257.500000	4.349858e-04
258.500000	7.369272e-04
259.500000	1.001395e-03
260.500000	1.034605e-03
261.500000	1.119757e-03
262.500000	1.397140e-03
263.500000	9.481469e-04
264.500000	3.268249e-04
265.500000	3.261778e-04
266.500000	5.477792e-04
267.500000	5.314379e-04
268.500000	2.528549e-04
269.500000	1.894774e-04
270.500000	2.537936e-04
271.500000	3.743049e-04
272.500000	2.980744e-04
273.500000	6.176828e-04
274.500000	8.475399e-04
275.500000	6.831240e-04
276.500000	4.494467e-04
277.500000	3.393657e-04
278.500000	3.744961e-04
279.500000	1.140144e-02
280.500000	7.930199e-03
281.500000	3.329259e-04
282.500000	3.862684e-04
283.500000	3.810914e-04
284.500000	3.870004e-04
285.500000	8.013175e-04
286.500000	3.849912e-04
287.500000	3.417777e-04
288.500000	3.828035e-04
289.500000	3.268156e-04
290.500000	3.298682e-04
291.500000	2.003119e-04
292.500000	4.828582e-04
293.500000	4.083080e-04
294.500000	4.065338e-04
295.500000	4.025853e-04
296.500000	4.003184e-04
297.500000	3.969991e-04
298.500000	3.810175e-04
299.500000	3.254352e-04
300.500000	3.001813e-04
301.500000	3.057547e-04
302.500000	2.533987e-04
303.500000	3.121066e-04
304.500000	2.955311e-04
305.500000	3.211591e-04
306.500000	3.475247e-04
307.500000	3.291693e-04
308.500000	1.153748e-04
309.500000	2.974543e-04
310.500000	2.967435e-05
311.500000	3.489543e-04
312.500000	4.612805e-05
313.500000	4.282607e-06
314.500000	4.282607e-06
315.500000	1.325086e-04
316.500000	3.407058e-04
317.500000	3.046640e-04
318.500000	3.549081e-04
319.500000	7.335176e-04
320.500000	6.436934e-04
321.500000	2.179527e-04
322.500000	3.342545e-04
323.500000	5.417935e-05
324.500000	2.692244e-04
325.500000	4.154649e-04
326.500000	1.317496e-04
327.500000	6.702817e-04
328.500000	1.069070e-03
329.500000	5.102539e-04
330.500000	8.200606e-04
331.500000	8.626895e-04
332.500000	8.981769e-04
333.500000	9.095130e-04
334.500000	1.231543e-03
335.500000	1.064267e-03
336.500000	8.109972e-04
337.500000	1.096554e-03
338.500000	1.559109e-03
339.500000	1.251504e-03
340.500000	1.295395e-03
341.500000	1.171448e-03
342.500000	2.031240e-03
343.500000	1.302327e-03
344.500000	1.273986e-03
345.500000	1.980364e-03
346.500000	1.740475e-03
347.500000	1.779414e-03
348.500000	2.603568e-03
349.500000	1.978406e-03
350.500000	2.871778e-03
351.500000	2.388122e-03
352.500000	2.018736e-03
353.500000	3.634956e-03
354.500000	4.380719e-03
355.500000	3.636020e-03
356.500000	3.056275e-03
357.500000	1.952969e-03
358.500000	2.036200e-03
359.500000	2.157008e-03
360.500000	2.061927e-03
361.500000	2.860672e-03
362.500000	3.115755e-03
363.500000	3.145564e-03
364.500000	2.637681e-03
365.500000	3.006460e-03
366.500000	3.170130e-03
367.500000	2.824932e-03
368.500000	2.785313e-03
369.500000	3.441673e-03
370.500000	2.789220e-03
371.500000	2.958279e-03
372.500000	2.484671e-03
373.500000	1.973672e-03
374.500000	1.836212e-03
375.500000	3.606449e-03
376.500000	3.869420e-03
377.500000	4.527885e-03
378.500000	4.148456e-03
379.500000	4.716611e-03
380.500000	5.013217e-03
381.500000	4.144389e-03
382.500000	3.273538e-03
383.500000	5.175072e-03
384.500000	4.426917e-03
385.500000	2.907139e-03
386.500000	3.394300e-03
387.500000	3.885699e-03
388.500000	4.445040e-03
389.500000	4.450097e-03
390.500000	4.683640e-03
391.500000	5.055997e-03
392.500000	4.421003e-03
393.500000	1.051132e-02
394.500000	4.191135e-03
395.500000	5.279116e-03
396.500000	8.301879e-03
397.500000	1.012654e-02
398.500000	7.126050e-03
399.500000	8.248867e-03
400.500000	9.179939e-03
401.500000	9.503584e-03
402.500000	8.432335e-03
403.500000	6.692081e-03
404.500000	8.180368e-03
405.500000	8.717876e-03
406.500000	7.689841e-03
407.500000	6.844734e-03
408.500000	6.789452e-03
409.500000	6.666046e-03
410.500000	8.142672e-03
411.500000	6.109693e-03
412.500000	6.202311e-03
413.500000	6.622677e-03
414.500000	6.638488e-03
415.500000	7.092480e-03
416.500000	7.221426e-03
417.500000	6.903960e-03
418.500000	6.708001e-03
419.500000	6.595135e-03
420.500000	6.246426e-03
421.500000	4.974482e-03
422.500000	2.229748e-03
423.500000	3.375163e-03
424.500000	4.830321e-03
425.500000	4.362740e-03
426.500000	5.273337e-03
427.500000	5.442233e-03
428.500000	6.531179e-03
429.500000	6.340892e-03
430.500000	6.467192e-03
431.500000	6.721075e-03
432.500000	7.743519e-03
433.500000	1.002835e-02
434.500000	1.195053e-02
435.500000	8.153227e-03
436.500000	8.183618e-03
437.500000	9.404417e-03
438.500000	9.246453e-03
439.500000	9.735756e-03
440.500000	1.051594e-02
441.500000	1.257324e-02
442.500000	1.216212e-02
443.500000	1.344738e-02
444.500000	1.568972e-02
445.500000	1.642403e-02
446.500000	1.643775e-02
447.500000	1.908037e-02
448.500000	2.023434e-02
449.500000	2.177210e-02
450.500000	2.183535e-02
451.500000	2.136376e-02
452.500000	2.413667e-02
453.500000	2.503993e-02
454.500000	2.669855e-02
455.500000	2.635073e-02
456.500000	3.186203e-02
457.500000	3.519601e-02
458.500000	2.807468e-02
459.500000	2.649119e-02
460.500000	2.930676e-02
461.500000	3.733590e-02
462.500000	3.165094e-02
463.500000	2.644333e-02
464.500000	2.961314e-02
465.500000	3.307124e-02
466.500000	3.420270e-02
467.500000	2.441663e-02
468.500000	2.833238e-02
469.500000	3.174751e-02
470.500000	3.562380e-02
471.500000	3.184251e-02
472.500000	3.478949e-02
473.500000	3.620750e-02
474.500000	4.046203e-02
475.500000	3.991364e-02
476.500000	1.963147e-02
477.500000	2.402197e-02
478.500000	2.726976e-02
479.500000	3.345851e-02
480.500000	2.540040e-02
481.500000	2.451911e-02
482.500000	2.881740e-02
483.500000	3.219442e-02
484.500000	2.783885e-02
485.500000	3.209429e-02
486.500000	3.677052e-02
487.500000	3.252934e-02
488.500000	3.603150e-02
489.500000	3.795310e-02
490.500000	4.349360e-02
491.500000	4.944369e-02
492.500000	5.607389e-02
493.500000	5.955621e-02
494.500000	6.733819e-02
495.500000	3.609035e-02
496.500000	2.672159e-02
497.500000	3.527363e-02
498.500000	3.906805e-02
499.500000	4.034799e-02
500.500000	2.941177e-02
501.500000	3.250765e-02
502.500000	3.628751e-02
503.500000	4.267358e-02
504.500000	4.713947e-02
505.500000	4.338120e-02
506.500000	4.873854e-02
507.500000	5.193117e-02
508.500000	5.068542e-02
509.500000	5.106532e-02
510.500000	4.891916e-02
511.500000	5.508270e-02
512.500000	5.323102e-02
513.500000	5.812601e-02
514.500000	5.422092e-02
515.500000	5.432744e-02
516.500000	4.676381e-02
517.500000	2.189034e-02
518.500000	3.367728e-02
519.500000	4.168340e-02
520.500000	3.567499e-02
521.500000	5.752286e-02
522.500000	6.359377e-02
523.500000	6.396857e-02
524.500000	5.534564e-02
525.500000	6.325765e-02
526.500000	5.410982e-02
527.500000	6.353636e-02
528.500000	6.953478e-02
529.500000	7.024319e-02
530.500000	6.921303e-02
531.500000	6.572448e-02
532.500000	6.845850e-02
533.500000	7.131803e-02
534.500000	7.635114e-02
535.500000	8.287713e-02
536.500000	7.499005e-02
537.500000	8.178335e-02
538.500000	8.985926e-02
539.500000	9.170106e-02
540.500000	8.849402e-02
541.500000	9.275140e-02
542.500000	9.371072e-02
543.500000	9.696730e-02
544.500000	8.101907e-02
545.500000	4.584621e-02
546.500000	5.705477e-02
547.500000	5.842416e-02
548.500000	6.291571e-02
549.500000	5.368162e-02
550.500000	3.953805e-02
551.500000	3.692530e-02
552.500000	3.411945e-02
553.500000	3.009233e-02
554.500000	3.070177e-02
555.500000	3.989527e-02
556.500000	5.161476e-02
557.500000	5.833977e-02
558.500000	6.031165e-02
559.500000	5.947997e-02
560.500000	5.596423e-02
561.500000	5.480866e-02
562.500000	5.357440e-02
563.500000	5.309821e-02
564.500000	5.711593e-02
565.500000	5.879972e-02
566.500000	5.864058e-02
567.500000	5.620381e-02
568.500000	6.679376e-02
569.500000	7.176536e-02
570.500000	7.948565e-02
571.500000	7.330558e-02
572.500000	7.574204e-02
573.500000	7.666004e-02
574.500000	8.359345e-02
575.500000	8.188698e-02
576.500000	6.652536e-02
577.500000	7.279654e-02
578.500000	7.436414e-02
579.500000	8.158823e-02
580.500000	8.880126e-02
581.500000	6.673639e-02
582.500000	7.017803e-02
583.500000	7.344470e-02
584.500000	6.570534e-02
585.500000	5.163645e-02
586.500000	4.541498e-02
587.500000	3.909358e-02
588.500000	2.696670e-02
589.500000	2.372983e-02
590.500000	3.289760e-02
591.500000	3.757275e-02
592.500000	3.949153e-02
593.500000	4.438808e-02
594.500000	4.779692e-02
595.500000	4.404672e-02
596.500000	4.630204e-02
597.500000	4.740680e-02
598.500000	5.286636e-02
599.500000	5.849683e-02
600.500000	5.284319e-02
601.500000	5.488929e-02
602.500000	6.177097e-02
603.500000	6.434416e-02
604.500000	7.050930e-02
605.500000	7.352048e-02
606.500000	7.412585e-02
607.500000	7.526616e-02
608.500000	7.358286e-02
609.500000	7.861660e-02
610.500000	7.509257e-02
611.500000	7.189475e-02
612.500000	7.139735e-02
613.500000	7.188623e-02
614.500000	6.574075e-02
615.500000	5.150931e-02
616.500000	3.965632e-02
617.500000	3.979256e-02
618.500000	3.537730e-02
619.500000	3.379715e-02
620.500000	3.581235e-02
621.500000	3.356690e-02
622.500000	3.155984e-02
623.500000	3.356848e-02
624.500000	3.552641e-02
625.500000	3.959010e-02
626.500000	4.352580e-02
627.500000	4.816900e-02
628.500000	5.548606e-02
629.500000	6.281045e-02
630.500000	7.306740e-02
631.500000	8.550171e-02
632.500000	8.700124e-02
633.500000	9.872323e-02
634.500000	1.100263e-01
635.500000	9.975859e-02
636.500000	9.792380e-02
637.500000	1.039479e-01
638.500000	9.557649e-02
639.500000	1.132651e-01
640.500000	1.243588e-01
641.500000	1.218296e-01
642.500000	1.170455e-01
643.500000	1.258371e-01
644.500000	1.318189e-01
645.500000	1.362867e-01
646.500000	1.476811e-01
647.500000	1.519384e-01
648.500000	1.369863e-01
649.500000	1.511881e-01
650.500000	1.696856e-01
651.500000	1.783247e-01
652.500000	1.967076e-01
653.500000	2.177890e-01
654.500000	1.972483e-01
655.500000	1.901973e-01
656.500000	1.944062e-01
657.500000	1.511713e-01
658.500000	1.555577e-01
659.500000	1.450386e-01
660.500000	1.459155e-01
661.500000	1.442548e-01
662.500000	1.263787e-01
663.500000	1.230462e-01
664.500000	1.180038e-01
665.500000	9.917997e-02
666.500000	1.150516e-01
667.500000	1.100804e-01
668.500000	9.045467e-02
669.500000	9.343717e-02
670.500000	1.074925e-01
671.500000	8.810479e-02
672.500000	8.737744e-02
673.500000	9.440722e-02
674.500000	9.917289e-02
675.500000	9.475109e-02
676.500000	1.066200e-01
677.500000	1.119027e-01
678.500000	9.568304e-02
679.500000	9.952007e-02
680.500000	1.070360e-01
681.500000	1.132717e-01
682.500000	1.155532e-01
683.500000	1.222277e-01
684.500000	1.266101e-01
685.500000	1.122794e-01
686.500000	1.188196e-01
687.500000	1.306527e-01
688.500000	1.333777e-01
689.500000	1.387853e-01
690.500000	1.466835e-01
691.500000	1.538532e-01
692.500000	1.630708e-01
693.500000	1.851534e-01
694.500000	2.135099e-01
695.500000	2.148660e-01
696.500000	2.234023e-01
697.500000	2.421067e-01
698.500000	2.527443e-01
699.500000	2.485472e-01
700.500000	2.588328e-01
701.500000	2.782533e-01
702.500000	2.911762e-01
703.500000	3.213573e-01
704.500000	3.539863e-01
705.500000	2.353288e-01
706.500000	1.676251e-01
707.500000	1.955928e-01
708.500000	1.768306e-01
709.500000	1.214049e-01
710.500000	1.403258e-01
711.500000	1.683029e-01
712.500000	1.347368e-01
713.500000	9.704712e-02
714.500000	1.135271e-01
715.500000	1.278670e-01
716.500000	1.268290e-01
717.500000	1.450871e-01
718.500000	1.675478e-01
719.500000	1.657306e-01
720.500000	1.504844e-01
721.500000	1.723400e-01
722.500000	1.939303e-01
723.500000	2.087984e-01
724.500000	2.290206e-01
725.500000	2.547264e-01
726.500000	2.825323e-01
727.500000	2.881806e-01
728.500000	3.029047e-01
729.500000	3.374230e-01
730.500000	3.716270e-01
731.500000	3.934581e-01
732.500000	4.161259e-01
733.500000	4.407278e-01
734.500000	4.500681e-01
735.500000	4.591185e-01
736.500000	4.892024e-01
737.500000	5.023875e-01
738.500000	5.211056e-01
739.500000	5.252879e-01
740.500000	5.217723e-01
741.500000	5.285294e-01
742.500000	5.313516e-01
743.500000	5.366940e-01
744.500000	5.346634e-01
745.500000	5.367093e-01
746.500000	5.504742e-01
747.500000	5.455569e-01
748.500000	5.697980e-01
749.500000	5.707786e-01
750.500000	5.872245e-01
751.500000	6.006813e-01
752.500000	5.812271e-01
753.500000	6.185222e-01
754.500000	6.454193e-01
755.500000	6.398390e-01
756.500000	6.200880e-01
757.500000	6.620209e-01
758.500000	6.102921e-01
759.500000	5.157689e-01
760.500000	4.931259e-01
761.500000	5.217569e-01
762.500000	4.826714e-01
763.500000	3.861525e-01
764.500000	3.970325e-01
765.500000	3.451376e-01
766.500000	1.922063e-01
767.500000	2.527678e-01
768.500000	2.942077e-01
769.500000	2.716149e-01
770.500000	2.547160e-01
771.500000	3.204495e-01
772.500000	3.628096e-01
773.500000	4.015079e-01
774.500000	3.553054e-01
775.500000	3.217895e-01
776.500000	3.470944e-01
777.500000	3.787534e-01
778.500000	3.467373e-01
779.500000	3.668820e-01
780.500000	4.036574e-01
781.500000	4.325758e-01
782.500000	3.728826e-01
783.500000	3.839328e-01
784.500000	4.112570e-01
785.500000	4.366127e-01
786.500000	4.671351e-01
787.500000	4.835634e-01
788.500000	5.092069e-01
789.500000	4.980306e-01
790.500000	4.719342e-01
791.500000	4.455391e-01
792.500000	4.609049e-01
793.500000	5.080911e-01
794.500000	5.092575e-01
795.500000	5.501469e-01
796.500000	5.617603e-01
797.500000	5.355778e-01
798.500000	5.264439e-01
799.500000	5.257902e-01
800.500000	5.622059e-01
801.500000	6.055370e-01
802.500000	6.158347e-01
803.500000	6.434810e-01
804.500000	6.768170e-01
805.500000	7.185646e-01
806.500000	7.253814e-01
807.500000	7.100841e-01
808.500000	7.630817e-01
809.500000	7.737463e-01
810.500000	7.678044e-01
811.500000	7.797700e-01
812.500000	8.213782e-01
813.500000	8.283763e-01
814.500000	8.044459e-01
815.500000	8.914606e-01
816.500000	8.942499e-01
817.500000	8.701990e-01
818.500000	6.190487e-01
819.500000	5.734467e-01
820.500000	7.466597e-01
821.500000	7.627355e-01
822.500000	8.269775e-01
823.500000	8.076667e-01
824.500000	8.427769e-01
825.500000	8.064084e-01
826.500000	8.648297e-01
827.500000	8.038226e-01
828.500000	7.988989e-01
829.500000	7.848498e-01
830.500000	7.539165e-01
831.500000	8.236745e-01
832.500000	7.912371e-01
833.500000	8.045322e-01
834.500000	7.966347e-01
835.500000	7.675835e-01
836.500000	7.976733e-01
837.500000	8.066135e-01
838.500000	7.342407e-01
839.500000	7.751499e-01
840.500000	7.904225e-01
841.500000	7.765169e-01
842.500000	7.558388e-01
843.500000	6.287769e-01
844.500000	5.758018e-01
845.500000	5.084242e-01
846.500000	5.341250e-01
847.500000	5.166112e-01
848.500000	5.623558e-01
849.500000	5.306913e-01
850.500000	5.894756e-01
851.500000	5.961616e-01
852.500000	6.208016e-01
853.500000	6.831887e-01
854.500000	7.102049e-01
855.500000	7.287840e-01
856.500000	6.982348e-01
857.500000	6.765762e-01
858.500000	6.804214e-01
859.500000	7.049141e-01
860.500000	7.700010e-01
861.500000	8.109382e-01
862.500000	7.915947e-01
863.500000	7.586635e-01
864.500000	7.525072e-01
865.500000	7.489927e-01
866.500000	7.879344e-01
867.500000	8.439091e-01
868.500000	8.310077e-01
869.500000	7.648453e-01
870.500000	7.428278e-01
871.500000	7.574560e-01
872.500000	8.264922e-01
873.500000	8.685664e-01
874.500000	8.493738e-01
875.500000	8.547103e-01
876.500000	8.616574e-01
877.500000	8.662046e-01
878.500000	8.966707e-01
879.500000	9.559127e-01
880.500000	9.635886e-01
881.500000	9.665303e-01
882.500000	9.502196e-01
883.500000	9.686321e-01
884.500000	9.902189e-01
885.500000	9.476805e-01
886.500000	8.754858e-01
887.500000	8.339710e-01
888.500000	8.366056e-01
889.500000	8.424211e-01
890.500000	8.981799e-01
891.500000	9.219751e-01
892.500000	9.204137e-01
893.500000	9.419060e-01
894.500000	9.122063e-01
895.500000	9.095400e-01
896.500000	9.364276e-01
897.500000	9.534398e-01
898.500000	9.405332e-01
899.500000	8.435455e-01
900.500000	8.286404e-01
901.500000	8.492989e-01
902.500000	8.239228e-01
903.500000	8.513095e-01
904.500000	9.055211e-01
905.500000	8.929865e-01
906.500000	9.313131e-01
907.500000	9.430288e-01
908.500000	9.754280e-01
909.500000	9.741008e-01
910.500000	1.014453e+00
911.500000	1.063261e+00
912.500000	1.068188e+00
913.500000	1.068595e+00
914.500000	1.068778e+00
915.500000	1.097998e+00
916.500000	1.162809e+00
917.500000	1.116347e+00
918.500000	1.161275e+00
919.500000	1.172498e+00
920.500000	1.140439e+00
921.500000	1.026360e+00
922.500000	9.319882e-01
923.500000	8.889392e-01
924.500000	9.379053e-01
925.500000	9.037595e-01
926.500000	9.419670e-01
927.500000	9.750934e-01
928.500000	8.957213e-01
929.500000	8.144360e-01
930.500000	8.114638e-01
931.500000	8.603283e-01
932.500000	8.350810e-01
933.500000	8.849541e-01
934.500000	9.255075e-01
935.500000	8.780376e-01
936.500000	8.794717e-01
937.500000	8.857359e-01
938.500000	8.934185e-01
939.500000	8.763068e-01
940.500000	9.247192e-01
941.500000	9.542427e-01
942.500000	9.719073e-01
943.500000	9.705375e-01
944.500000	9.326232e-01
945.500000	9.725944e-01
946.500000	9.704188e-01
947.500000	1.016593e+00
948.500000	1.042372e+00
949.500000	1.074053e+00
950.500000	1.062605e+00
951.500000	1.039956e+00
952.500000	1.074524e+00
953.500000	1.073972e+00
954.500000	1.039850e+00
955.500000	1.107529e+00
956.500000	1.112833e+00
957.500000	1.120489e+00
958.500000	1.158493e+00
959.500000	1.105073e+00
960.500000	1.055244e+00
961.500000	1.134072e+00
962.500000	1.179786e+00
963.500000	1.148626e+00
964.500000	1.040802e+00
965.500000	1.138462e+00
966.500000	1.204647e+00
967.500000	1.076571e+00
968.500000	1.190219e+00
969.500000	1.170570e+00
970.500000	1.129225e+00
971.500000	1.200016e+00
972.500000	1.109631e+00
973.500000	1.047886e+00
974.500000	1.018619e+00
975.500000	1.082571e+00
976.500000	1.124499e+00
977.500000	1.065442e+00
978.500000	1.035944e+00
979.500000	1.105344e+00
980.500000	1.152215e+00
981.500000	1.071902e+00
982.500000	1.085097e+00
983.500000	1.046002e+00
984.500000	1.085283e+00
985.500000	1.117029e+00
986.500000	1.117575e+00
987.500000	1.133709e+00
988.500000	1.166744e+00
989.500000	9.853167e-01
990.500000	5.380545e-01
991.500000	4.495294e-01
992.500000	4.802728e-01
993.500000	5.829285e-01
994.500000	6.714335e-01
995.500000	7.419152e-01
996.500000	7.849166e-01
997.500000	6.076095e-01
998.500000	6.518873e-01
999.500000	6.748804e-01
1000.500000	7.634279e-01
1001.500000	7.307768e-01
1002.500000	7.488001e-01
1003.500000	8.021143e-01
1004.500000	8.161970e-01
1005.500000	6.183699e-01
1006.500000	6.843043e-01
1007.500000	7.890063e-01
1008.500000	9.284355e-01
1009.500000	7.396407e-01
1010.500000	9.616052e-01
1011.500000	7.317612e-01
1012.500000	8.784628e-01
1013.500000	7.684417e-01
1014.500000	8.128067e-01
1015.500000	8.647465e-01
1016.500000	7.565908e-01
1017.500000	8.938708e-01
1018.500000	7.275000e-01
1019.500000	8.306797e-01
1020.500000	8.243905e-01
1021.500000	8.939822e-01
1022.500000	8.106000e-01
1023.500000	8.326720e-01
1024.500000	9.731154e-01
1025.500000	7.848318e-01
1026.500000	6.250142e-01
1027.500000	7.271347e-01
1028.500000	7.229612e-01
1029.500000	8.300544e-01
1030.500000	7.849261e-01
1031.500000	8.287554e-01
1032.500000	7.835706e-01
1033.500000	8.724425e-01
1034.500000	7.819454e-01
1035.500000	7.789478e-01
1036.500000	9.846795e-01
1037.500000	9.969183e-01
1038.500000	8.028072e-01
1039.500000	7.593087e-01
1040.500000	1.084442e+00
1041.500000	8.259421e-01
1042.500000	8.186962e-01
1043.500000	8.424189e-01
1044.500000	9.746303e-01
1045.500000	1.164942e+00
1046.500000	9.688984e-01
1047.500000	7.673035e-01
1048.500000	9.669820e-01
1049.500000	1.029471e+00
1050.500000	1.007873e+00
1051.500000	8.363551e-01
1052.500000	8.239272e-01
1053.500000	1.166890e+00
1054.500000	9.578403e-01
1055.500000	9.651618e-01
1056.500000	9.386272e-01
1057.500000	8.977441e-01
1058.500000	1.097454e+00
1059.500000	1.054389e+00
1060.500000	1.026337e+00
1061.500000	9.852780e-01
1062.500000	9.211826e-01
1063.500000	1.134081e+00
1064.500000	1.139621e+00
1065.500000	1.057727e+00
1066.500000	1.002943e+00
1067.500000	9.634357e-01
1068.500000	1.103872e+00
1069.500000	1.099255e+00
1070.500000	1.117745e+00
1071.500000	1.181687e+00
1072.500000	1.082257e+00
1073.500000	1.093419e+00
1074.500000	1.167686e+00
1075.500000	1.189815e+00
1076.500000	1.205713e+00
1077.500000	1.211997e+00
1078.500000	1.210715e+00
1079.500000	1.205193e+00
1080.500000	1.188978e+00
1081.500000	1.148836e+00
1082.500000	1.232400e+00
1083.500000	1.215384e+00
1084.500000	1.222682e+00
1085.500000	1.212470e+00
1086.500000	1.220579e+00
1087.500000	1.235782e+00
1088.500000	1.236582e+00
1089.500000	1.210814e+00
1090.500000	1.236076e+00
1091.500000	1.199390e+00
1092.500000	1.219730e+00
1093.500000	1.236285e+00
1094.500000	1.252636e+00
1095.500000	1.220665e+00
1096.500000	1.213940e+00
1097.500000	1.180344e+00
1098.500000	1.182915e+00
1099.500000	1.216931e+00
1100.500000	1.209546e+00
1101.500000	1.194327e+00
1102.500000	1.129391e+00
1103.500000	1.123458e+00
1104.500000	1.111370e+00
1105.500000	1.126005e+00
1106.500000	1.130182e+00
1107.500000	1.149381e+00
1108.500000	1.127533e+00
1109.500000	1.138985e+00
1110.500000	1.129741e+00
1111.500000	1.134807e+00
1112.500000	1.135873e+00
1113.500000	1.146293e+00
1114.500000	1.193900e+00
1115.500000	1.135806e+00
1116.500000	1.173399e+00
1117.500000	1.143452e+00
1118.500000	1.193257e+00
1119.500000	1.127835e+00
1120.500000	1.152936e+00
1121.500000	1.157043e+00
1122.500000	1.155239e+00
1123.500000	1.191863e+00
1124.500000	1.182403e+00
1125.500000	1.141487e+00
1126.500000	1.197852e+00
1127.500000	1.174717e+00
1128.500000	1.188018e+00
1129.500000	1.189511e+00
1130.500000	1.171967e+00
1131.500000	1.187938e+00
1132.500000	1.197086e+00
1133.500000	1.190441e+00
1134.500000	1.159916e+00
1135.500000	1.167974e+00
1136.500000	1.133171e+00
1137.500000	1.084851e+00
1138.500000	8.314967e-01
1139.500000	1.064253e+00
1140.500000	7.713724e-01
1141.500000	1.042774e+00
1142.500000	1.116382e+00
1143.500000	1.162655e+00
1144.500000	1.144778e+00
1145.500000	1.182805e+00
1146.500000	1.186295e+00
1147.500000	1.186653e+00
1148.500000	1.177777e+00
1149.500000	1.205466e+00
1150.500000	1.209166e+00
1151.500000	1.209759e+00
1152.500000	1.199696e+00
1153.500000	1.195886e+00
1154.500000	1.179833e+00
1155.500000	1.183296e+00
1156.500000	1.205103e+00
1157.500000	1.189946e+00
1158.500000	1.200884e+00
1159.500000	1.161520e+00
1160.500000	1.170369e+00
1161.500000	1.117215e+00
1162.500000	1.189828e+00
1163.500000	1.196250e+00
1164.500000	1.154994e+00
1165.500000	1.173848e+00
1166.500000	1.197667e+00
1167.500000	1.182928e+00
1168.500000	1.107042e+00
1169.500000	8.271371e-01
1170.500000	1.150425e+00
1171.500000	1.171557e+00
1172.500000	1.202883e+00
1173.500000	1.162654e+00
1174.500000	1.188537e+00
1175.500000	1.134611e+00
1176.500000	1.088482e+00
1177.500000	6.686164e-01
1178.500000	1.033267e+00
1179.500000	1.151297e+00
1180.500000	1.167944e+00
1181.500000	1.157607e+00
1182.500000	1.160012e+00
1183.500000	1.125981e+00
1184.500000	1.185696e+00
1185.500000	1.165586e+00
1186.500000	1.184685e+00
1187.500000	1.186273e+00
1188.500000	1.043973e+00
1189.500000	1.158786e+00
1190.500000	1.194915e+00
1191.500000	1.163593e+00
1192.500000	1.190255e+00
1193.500000	1.165175e+00
1194.500000	1.113736e+00
1195.500000	1.068458e+00
1196.500000	1.065505e+00
1197.500000	9.636009e-01
1198.500000	1.082116e+00
1199.500000	1.008306e+00
1200.500000	1.076073e+00
1201.500000	1.042011e+00
1202.500000	1.067449e+00
1203.500000	1.084535e+00
1204.500000	1.106956e+00
1205.500000	1.133068e+00
1206.500000	1.139585e+00
1207.500000	1.122190e+00
1208.500000	1.123668e+00
1209.500000	1.099945e+00
1210.500000	1.099462e+00
1211.500000	1.061430e+00
1212.500000	1.131643e+00
1213.500000	1.110666e+00
1214.500000	1.157648e+00
1215.500000	1.168708e+00
1216.500000	1.115725e+00
1217.500000	1.188154e+00
1218.500000	1.153259e+00
1219.500000	1.136434e+00
1220.500000	1.104912e+00
1221.500000	1.110063e+00
1222.500000	1.120400e+00
1223.500000	1.118907e+00
1224.500000	1.149302e+00
1225.500000	1.172223e+00
1226.500000	1.159163e+00
1227.500000	1.137799e+00
1228.500000	1.188354e+00
1229.500000	1.130882e+00
1230.500000	1.171208e+00
1231.500000	1.120456e+00
1232.500000	1.123686e+00
1233.500000	1.114111e+00
1234.500000	1.134178e+00
1235.500000	1.127580e+00
1236.500000	1.133945e+00
1237.500000	1.117679e+00
1238.500000	1.164579e+00
1239.500000	1.047586e+00
1240.500000	1.041943e+00
1241.500000	1.014654e+00
1242.500000	9.873864e-01
1243.500000	8.706288e-01
1244.500000	1.047591e+00
1245.500000	1.118301e+00
1246.500000	1.084893e+00
1247.500000	1.093941e+00
1248.500000	1.086388e+00
1249.500000	1.100800e+00
1250.500000	1.068066e+00
1251.500000	1.040744e+00
1252.500000	8.274767e-01
1253.500000	1.068302e+00
1254.500000	1.085141e+00
1255.500000	1.071335e+00
1256.500000	1.114843e+00
1257.500000	1.094801e+00
1258.500000	1.112963e+00
1259.500000	1.050862e+00
1260.500000	1.120650e+00
1261.500000	1.120407e+00
1262.500000	1.077747e+00
1263.500000	1.080949e+00
1264.500000	1.038844e+00
1265.500000	1.114181e+00
1266.500000	1.112659e+00
1267.500000	1.080546e+00
1268.500000	1.041816e+00
1269.500000	1.114978e+00
1270.500000	1.072641e+00
1271.500000	1.117995e+00
1272.500000	1.140383e+00
1273.500000	1.118942e+00
1274.500000	1.043946e+00
1275.500000	1.084955e+00
1276.500000	1.107855e+00
1277.500000	1.106658e+00
1278.500000	1.081100e+00
1279.500000	1.135336e+00
1280.500000	1.095323e+00
1281.500000	1.080469e+00
1282.500000	1.068753e+00
1283.500000	1.067022e+00
1284.500000	1.098018e+00
1285.500000	1.074624e+00
1286.500000	1.053429e+00
1287.500000	1.109246e+00
1288.500000	1.068348e+00
1289.500000	1.092786e+00
1290.500000	1.036344e+00
1291.500000	1.049908e+00
1292.500000	1.097923e+00
1293.500000	1.087212e+00
1294.500000	1.081699e+00
1295.500000	1.101488e+00
1296.500000	1.115353e+00
1297.500000	1.102835e+00
1298.500000	1.111447e+00
1299.500000	1.082343e+00
1300.500000	1.109098e+00
1301.500000	1.080448e+00
1302.500000	1.121208e+00
1303.500000	1.104978e+00
1304.500000	1.120689e+00
1305.500000	1.109706e+00
1306.500000	1.102749e+00
1307.500000	1.099391e+00
1308.500000	1.086193e+00
1309.500000	1.075452e+00
1310.500000	1.112036e+00
1311.500000	1.096124e+00
1312.500000	9.593274e-01
1313.500000	1.049568e+00
1314.500000	1.091591e+00
1315.500000	9.775826e-01
1316.500000	1.108466e+00
1317.500000	1.093860e+00
1318.500000	1.095321e+00
1319.500000	1.117285e+00
1320.500000	1.064800e+00
1321.500000	1.079003e+00
1322.500000	1.069576e+00
1323.500000	1.069535e+00
1324.500000	1.075645e+00
1325.500000	1.046240e+00
1326.500000	1.070906e+00
1327.500000	1.030733e+00
1328.500000	1.053516e+00
1329.500000	1.007782e+00
1330.500000	1.029358e+00
1331.500000	9.742304e-01
1332.500000	8.707331e-01
1333.500000	1.004842e+00
1334.500000	8.116110e-01
1335.500000	7.896401e-01
1336.500000	8.672802e-01
1337.500000	7.786624e-01
1338.500000	8.584141e-01
1339.500000	8.641501e-01
1340.500000	8.391487e-01
1341.500000	8.591883e-01
1342.500000	7.896186e-01
1343.500000	8.175802e-01
1344.500000	7.700328e-01
1345.500000	9.039689e-01
1346.500000	8.074720e-01
1347.500000	8.216058e-01
1348.500000	8.263067e-01
1349.500000	8.787680e-01
1350.500000	7.512391e-01
1351.500000	8.323696e-01
1352.500000	8.084933e-01
1353.500000	8.343632e-01
1354.500000	7.685283e-01
1355.500000	7.965042e-01
1356.500000	8.613080e-01
1357.500000	8.027711e-01
1358.500000	8.094313e-01
1359.500000	8.047120e-01
1360.500000	8.619859e-01
1361.500000	7.726263e-01
1362.500000	7.764163e-01
1363.500000	8.216279e-01
1364.500000	7.769087e-01
1365.500000	8.673937e-01
1366.500000	8.027282e-01
1367.500000	8.347038e-01
1368.500000	8.151455e-01
1369.500000	8.284162e-01
1370.500000	8.299442e-01
1371.500000	7.947349e-01
1372.500000	8.370720e-01
1373.500000	8.296547e-01
1374.500000	8.333644e-01
1375.500000	8.446641e-01
1376.500000	8.304666e-01
1377.500000	8.563489e-01
1378.500000	8.281463e-01
1379.500000	8.585736e-01
1380.500000	8.434418e-01
1381.500000	8.787666e-01
1382.500000	7.735165e-01
1383.500000	8.389145e-01
1384.500000	8.506109e-01
1385.500000	8.235858e-01
1386.500000	8.142547e-01
1387.500000	8.660758e-01
1388.500000	7.746425e-01
1389.500000	8.082980e-01
1390.500000	7.723172e-01
1391.500000	7.601817e-01
1392.500000	7.493634e-01
1393.500000	7.605263e-01
1394.500000	8.022870e-01
1395.500000	7.568238e-01
1396.500000	7.978351e-01
1397.500000	7.442674e-01
1398.500000	7.200946e-01
1399.500000	7.606014e-01
1400.500000	7.406192e-01
1401.500000	7.646998e-01
1402.500000	7.715909e-01
1403.500000	7.968209e-01
1404.500000	7.361364e-01
1405.500000	7.798435e-01
1406.500000	7.810734e-01
1407.500000	7.464159e-01
1408.500000	7.335995e-01
1409.500000	7.439401e-01
1410.500000	7.380088e-01
1411.500000	7.279523e-01
1412.500000	6.974662e-01
1413.500000	7.674333e-01
1414.500000	6.548467e-01
1415.500000	7.698440e-01
1416.500000	7.187811e-01
1417.500000	6.727126e-01
1418.500000	6.969592e-01
1419.500000	6.961669e-01
1420.500000	7.363987e-01
1421.500000	7.178604e-01
1422.500000	7.406533e-01
1423.500000	6.585224e-01
1424.500000	7.187312e-01
1425.500000	6.865842e-01
1426.500000	6.861937e-01
1427.500000	7.109859e-01
1428.500000	6.319430e-01
1429.500000	7.108976e-01
1430.500000	7.640736e-01
1431.500000	6.889575e-01
1432.500000	7.058081e-01
1433.500000	7.131922e-01
1434.500000	6.736257e-01
1435.500000	7.186919e-01
1436.500000	6.996118e-01
1437.500000	7.207245e-01
1438.500000	7.452065e-01
1439.500000	6.518122e-01
1440.500000	7.355732e-01
1441.500000	6.850793e-01
1442.500000	7.002623e-01
1443.500000	7.573746e-01
1444.500000	7.022332e-01
1445.500000	6.859477e-01
1446.500000	7.193626e-01
1447.500000	6.870191e-01
1448.500000	7.222962e-01
1449.500000	7.448540e-01
1450.500000	6.710960e-01
1451.500000	7.220414e-01
1452.500000	7.514679e-01
1453.500000	6.999559e-01
1454.500000	7.175354e-01
1455.500000	7.418049e-01
1456.500000	6.673670e-01
1457.500000	7.084709e-01
1458.500000	7.570607e-01
1459.500000	7.361839e-01
1460.500000	6.997357e-01
1461.500000	7.020258e-01
1462.500000	6.666997e-01
1463.500000	6.870221e-01
1464.500000	7.149492e-01
1465.500000	7.409002e-01
1466.500000	7.090781e-01
1467.500000	6.800293e-01
1468.500000	6.580072e-01
1469.500000	6.712146e-01
1470.500000	6.883073e-01
1471.500000	6.945650e-01
1472.500000	7.223789e-01
1473.500000	6.912367e-01
1474.500000	6.842885e-01
1475.500000	6.717545e-01
1476.500000	6.930635e-01
1477.500000	6.784437e-01
1478.500000	7.127418e-01
1479.500000	6.756235e-01
1480.500000	6.811397e-01
1481.500000	6.801527e-01
1482.500000	6.920806e-01
1483.500000	7.258298e-01
1484.500000	6.794968e-01
1485.500000	6.976118e-01
1486.500000	7.289792e-01
1487.500000	6.861294e-01
1488.500000	6.534292e-01
1489.500000	7.112672e-01
1490.500000	6.801369e-01
1491.500000	7.283845e-01
1492.500000	6.846793e-01
1493.500000	7.166852e-01
1494.500000	6.920239e-01
1495.500000	6.858042e-01
1496.500000	7.091441e-01
1497.500000	7.163548e-01
1498.500000	7.265841e-01
1499.500000	7.017400e-01
1500.500000	6.865393e-01
1501.500000	6.959350e-01
1502.500000	6.617958e-01
1503.500000	7.155599e-01
1504.500000	7.197816e-01
1505.500000	7.045788e-01
1506.500000	7.112416e-01
1507.500000	7.062026e-01
1508.500000	6.859794e-01
1509.500000	7.371015e-01
1510.500000	7.038787e-01
1511.500000	7.052810e-01
1512.500000	7.304441e-01
1513.500000	6.620711e-01
1514.500000	7.522820e-01
1515.500000	7.179561e-01
1516.500000	6.428006e-01
1517.500000	6.058255e-01
1518.500000	7.355016e-01
1519.500000	7.168002e-01
1520.500000	7.131162e-01
1521.500000	7.575710e-01
1522.500000	7.151402e-01
1523.500000	7.554336e-01
1524.500000	6.934018e-01
1525.500000	7.153873e-01
1526.500000	6.794498e-01
1527.500000	7.195288e-01
1528.500000	7.068863e-01
1529.500000	7.267920e-01
1530.500000	7.414492e-01
1531.500000	7.248959e-01
1532.500000	6.634985e-01
1533.500000	7.255909e-01
1534.500000	7.244100e-01
1535.500000	7.210669e-01
1536.500000	7.357225e-01
1537.500000	7.258701e-01
1538.500000	7.229204e-01
1539.500000	7.179596e-01
1540.500000	6.970407e-01
1541.500000	7.143953e-01
1542.500000	6.933717e-01
1543.500000	7.081829e-01
1544.500000	7.202005e-01
1545.500000	7.415013e-01
1546.500000	7.373183e-01
1547.500000	7.038597e-01
1548.500000	7.230686e-01
1549.500000	7.516249e-01
1550.500000	6.893174e-01
1551.500000	7.241211e-01
1552.500000	7.521645e-01
1553.500000	7.219505e-01
1554.500000	7.088227e-01
1555.500000	7.333756e-01
1556.500000	7.224436e-01
1557.500000	6.976447e-01
1558.500000	7.186179e-01
1559.500000	7.357819e-01
1560.500000	7.228945e-01
1561.500000	7.271145e-01
1562.500000	7.398000e-01
1563.500000	7.294504e-01
1564.500000	7.436597e-01
1565.500000	6.932291e-01
1566.500000	7.335938e-01
1567.500000	7.604319e-01
1568.500000	7.504532e-01
1569.500000	7.283041e-01
1570.500000	7.359078e-01
1571.500000	7.426708e-01
1572.500000	7.201905e-01
1573.500000	7.225931e-01
1574.500000	7.534268e-01
1575.500000	7.469648e-01
1576.500000	7.293404e-01
1577.500000	7.463938e-01
1578.500000	7.310953e-01
1579.500000	7.610886e-01
1580.500000	7.364222e-01
1581.500000	7.544177e-01
1582.500000	7.607310e-01
1583.500000	7.421571e-01
1584.500000	7.328521e-01
1585.500000	7.526690e-01
1586.500000	7.616080e-01
1587.500000	7.630467e-01
1588.500000	7.588309e-01
1589.500000	7.234926e-01
1590.500000	7.391379e-01
1591.500000	7.410945e-01
1592.500000	7.568274e-01
1593.500000	7.487990e-01
1594.500000	7.579708e-01
1595.500000	7.698870e-01
1596.500000	7.748017e-01
1597.500000	7.528112e-01
1598.500000	7.603117e-01
1599.500000	7.549787e-01
1600.500000	7.594545e-01
1601.500000	7.687027e-01
1602.500000	7.594402e-01
1603.500000	7.678052e-01
1604.500000	7.334708e-01
1605.500000	7.548759e-01
1606.500000	7.428615e-01
1607.500000	7.500841e-01
1608.500000	7.636036e-01
1609.500000	7.620173e-01
1610.500000	7.630994e-01
1611.500000	7.619399e-01
1612.500000	7.634589e-01
1613.500000	7.531038e-01
1614.500000	7.514131e-01
1615.500000	7.255030e-01
1616.500000	7.404214e-01
1617.500000	7.806455e-01
1618.500000	7.630415e-01
1619.500000	7.176244e-01
1620.500000	7.157653e-01
1621.500000	7.419004e-01
1622.500000	7.606818e-01
1623.500000	7.640161e-01
1624.500000	7.706318e-01
1625.500000	7.393337e-01
1626.500000	7.544282e-01
1627.500000	7.768048e-01
1628.500000	7.713532e-01
1629.500000	7.717395e-01
1630.500000	7.685137e-01
1631.500000	7.672134e-01
1632.500000	7.598435e-01
1633.500000	7.864495e-01
1634.500000	7.649923e-01
1635.500000	7.527922e-01
1636.500000	7.612149e-01
1637.500000	7.680715e-01
1638.500000	7.701830e-01
1639.500000	7.643325e-01
1640.500000	7.711220e-01
1641.500000	7.610439e-01
1642.500000	7.693940e-01
1643.500000	7.763527e-01
1644.500000	7.679448e-01
1645.500000	7.618001e-01
1646.500000	7.664338e-01
1647.500000	7.772478e-01
1648.500000	7.813868e-01
1649.500000	7.672298e-01
1650.500000	7.726929e-01
1651.500000	7.715998e-01
1652.500000	7.712977e-01
1653.500000	7.651265e-01
1654.500000	7.621009e-01
1655.500000	7.837125e-01
1656.500000	7.924013e-01
1657.500000	7.778365e-01
1658.500000	7.718787e-01
1659.500000	7.758403e-01
1660.500000	7.676564e-01
1661.500000	7.650545e-01
1662.500000	7.753080e-01
1663.500000	7.777674e-01
1664.500000	7.782591e-01
1665.500000	7.697687e-01
1666.500000	7.623246e-01
1667.500000	7.590794e-01
1668.500000	7.831752e-01
1669.500000	7.766225e-01
1670.500000	7.666732e-01
1671.500000	7.555999e-01
1672.500000	7.409722e-01
1673.500000	7.694621e-01
1674.500000	7.742759e-01
1675.500000	7.284738e-01
1676.500000	7.622232e-01
1677.500000	7.646890e-01
1678.500000	7.806188e-01
1679.500000	7.758965e-01
1680.500000	7.721419e-01
1681.500000	7.732509e-01
1682.500000	7.714183e-01
1683.500000	7.738012e-01
1684.500000	7.671501e-01
1685.500000	7.669027e-01
1686.500000	7.637694e-01
1687.500000	7.487785e-01
1688.500000	7.426499e-01
1689.500000	7.418453e-01
1690.500000	7.441143e-01
1691.500000	7.567830e-01
1692.500000	7.349588e-01
1693.500000	7.690122e-01
1694.500000	7.452729e-01
1695.500000	7.443781e-01
1696.500000	7.447228e-01
1697.500000	7.224155e-01
1698.500000	7.507157e-01
1699.500000	7.287259e-01
1700.500000	7.281852e-01
1701.500000	7.412053e-01
1702.500000	7.336228e-01
1703.500000	7.350954e-01
1704.500000	7.158545e-01
1705.500000	7.095010e-01
1706.500000	7.226735e-01
1707.500000	7.085270e-01
1708.500000	6.825143e-01
1709.500000	7.141679e-01
1710.500000	6.843097e-01
1711.500000	6.584597e-01
1712.500000	6.840586e-01
1713.500000	6.887457e-01
1714.500000	6.696381e-01
1715.500000	6.744868e-01
1716.500000	6.670938e-01
1717.500000	6.636355e-01
1718.500000	6.443346e-01
1719.500000	6.411097e-01
1720.500000	6.757120e-01
1721.500000	6.554455e-01
1722.500000	6.661807e-01
1723.500000	6.306395e-01
1724.500000	6.691471e-01
1725.500000	6.861094e-01
1726.500000	6.110007e-01
1727.500000	6.369753e-01
1728.500000	6.609713e-01
1729.500000	6.285758e-01
1730.500000	6.845929e-01
1731.500000	6.072119e-01
1732.500000	6.221360e-01
1733.500000	6.464293e-01
1734.500000	6.007883e-01
1735.500000	6.070329e-01
1736.500000	6.292315e-01
1737.500000	6.245625e-01
1738.500000	6.075972e-01
1739.500000	6.179954e-01
1740.500000	5.862611e-01
1741.500000	6.126646e-01
1742.500000	5.968563e-01
1743.500000	6.022511e-01
1744.500000	5.980543e-01
1745.500000	6.030904e-01
1746.500000	5.899836e-01
1747.500000	5.824392e-01
1748.500000	6.094428e-01
1749.500000	5.887443e-01
1750.500000	5.343852e-01
1751.500000	5.908679e-01
1752.500000	5.972476e-01
1753.500000	5.804241e-01
1754.500000	5.610655e-01
1755.500000	5.455027e-01
1756.500000	5.203012e-01
1757.500000	5.710258e-01
1758.500000	5.300805e-01
1759.500000	5.639060e-01
1760.500000	5.508499e-01
1761.500000	5.715607e-01
1762.500000	5.072308e-01
1763.500000	5.660525e-01
1764.500000	5.301918e-01
1765.500000	5.582141e-01
1766.500000	5.700113e-01
1767.500000	5.065940e-01
1768.500000	4.836514e-01
1769.500000	5.623603e-01
1770.500000	5.366720e-01
1771.500000	5.155945e-01
1772.500000	4.794313e-01
1773.500000	5.343586e-01
1774.500000	5.274157e-01
1775.500000	5.056898e-01
1776.500000	4.737229e-01
1777.500000	5.114002e-01
1778.500000	5.211113e-01
1779.500000	4.668989e-01
1780.500000	5.443831e-01
1781.500000	4.576550e-01
1782.500000	4.749412e-01
1783.500000	5.203382e-01
1784.500000	5.004894e-01
1785.500000	4.652420e-01
1786.500000	4.774979e-01
1787.500000	4.529310e-01
1788.500000	4.772324e-01
1789.500000	5.185484e-01
1790.500000	4.716748e-01
1791.500000	4.483656e-01
1792.500000	4.829668e-01
1793.500000	4.715177e-01
1794.500000	4.657488e-01
1795.500000	4.897138e-01
1796.500000	4.259522e-01
1797.500000	5.026517e-01
1798.500000	5.125577e-01
1799.500000	4.266328e-01
1800.500000	4.469298e-01
1801.500000	4.345465e-01
1802.500000	4.422080e-01
1803.500000	4.495662e-01
1804.500000	4.794427e-01
1805.500000	4.331500e-01
1806.500000	4.715058e-01
1807.500000	4.273337e-01
1808.500000	4.340964e-01
1809.500000	4.841155e-01
1810.500000	4.321924e-01
1811.500000	4.388365e-01
1812.500000	4.029243e-01
1813.500000	4.742950e-01
1814.500000	5.012121e-01
1815.500000	4.413164e-01
1816.500000	4.805243e-01
1817.500000	4.183718e-01
1818.500000	4.183023e-01
1819.500000	4.327748e-01
1820.500000	4.333632e-01
1821.500000	4.136510e-01
1822.500000	4.076358e-01
1823.500000	5.030224e-01
1824.500000	4.788000e-01
1825.500000	4.568692e-01
1826.500000	3.964662e-01
1827.500000	4.059921e-01
1828.500000	4.590335e-01
1829.500000	4.711537e-01
1830.500000	4.336355e-01
1831.500000	4.415306e-01
1832.500000	3.955427e-01
1833.500000	4.423410e-01
1834.500000	4.460417e-01
1835.500000	4.273571e-01
1836.500000	4.428915e-01
1837.500000	4.042230e-01
1838.500000	4.555317e-01
1839.500000	3.868587e-01
1840.500000	4.350496e-01
1841.500000	4.667148e-01
1842.500000	3.942243e-01
1843.500000	3.964226e-01
1844.500000	3.823266e-01
1845.500000	4.115152e-01
1846.500000	3.974188e-01
1847.500000	3.723206e-01
1848.500000	3.552947e-01
1849.500000	4.098409e-01
1850.500000	3.948998e-01
1851.500000	4.336134e-01
1852.500000	4.270382e-01
1853.500000	3.632053e-01
1854.500000	4.039034e-01
1855.500000	4.242928e-01
1856.500000	3.493355e-01
1857.500000	3.662729e-01
1858.500000	3.534832e-01
1859.500000	3.504055e-01
1860.500000	3.508819e-01
1861.500000	3.626656e-01
1862.500000	3.914076e-01
1863.500000	4.029393e-01
1864.500000	3.818263e-01
1865.500000	3.538506e-01
1866.500000	4.123088e-01
1867.500000	3.908002e-01
1868.500000	3.776551e-01
1869.500000	4.147096e-01
1870.500000	4.127115e-01
1871.500000	3.746370e-01
1872.500000	3.904044e-01
1873.500000	3.471760e-01
1874.500000	3.940823e-01
1875.500000	4.050709e-01
1876.500000	3.797084e-01
1877.500000	3.809319e-01
1878.500000	3.624192e-01
1879.500000	3.747650e-01
1880.500000	4.066798e-01
1881.500000	3.798095e-01
1882.500000	4.216840e-01
1883.500000	4.292447e-01
1884.500000	3.949259e-01
1885.500000	3.741570e-01
1886.500000	3.961294e-01
1887.500000	4.158228e-01
1888.500000	3.868584e-01
1889.500000	4.071248e-01
1890.500000	4.042790e-01
1891.500000	3.766522e-01
1892.500000	3.516490e-01
1893.500000	3.908996e-01
1894.500000	3.751680e-01
1895.500000	4.210458e-01
1896.500000	3.877516e-01
1897.500000	4.046108e-01
1898.500000	3.682492e-01
1899.500000	4.197671e-01
1900.500000	4.229006e-01
1901.500000	3.886005e-01
1902.500000	4.081884e-01
1903.500000	3.914112e-01
1904.500000	4.126523e-01
1905.500000	3.999719e-01
1906.500000	3.705844e-01
1907.500000	3.971799e-01
1908.500000	4.207592e-01
1909.500000	4.028204e-01
1910.500000	3.896909e-01
1911.500000	3.536201e-01
1912.500000	4.122690e-01
1913.500000	4.113031e-01
1914.500000	4.151644e-01
1915.500000	4.156313e-01
1916.500000	3.645688e-01
1917.500000	3.970620e-01
1918.500000	4.002996e-01
1919.500000	3.972392e-01
1920.500000	3.818093e-01
1921.500000	3.987809e-01
1922.500000	3.872783e-01
1923.500000	3.977259e-01
1924.500000	3.758925e-01
1925.500000	4.028246e-01
1926.500000	3.685084e-01
1927.500000	4.113034e-01
1928.500000	4.043407e-01
1929.500000	3.843289e-01
1930.500000	3.603091e-01
1931.500000	2.987164e-01
1932.500000	3.809267e-01
1933.500000	3.765991e-01
1934.500000	3.995425e-01
1935.500000	4.005033e-01
1936.500000	3.945054e-01
1937.500000	4.077478e-01
1938.500000	3.595615e-01
1939.500000	3.594174e-01
1940.500000	3.671973e-01
1941.500000	3.776475e-01
1942.500000	4.006836e-01
1943.500000	3.519620e-01
1944.500000	3.578188e-01
1945.500000	3.039432e-01
1946.500000	3.575948e-01
1947.500000	3.821872e-01
1948.500000	3.508224e-01
1949.500000	3.749770e-01
1950.500000	3.513177e-01
1951.500000	3.234496e-01
1952.500000	3.759162e-01
1953.500000	3.735742e-01
1954.500000	3.756342e-01
1955.500000	3.450330e-01
1956.500000	3.600717e-01
1957.500000	4.113866e-01
1958.500000	3.947243e-01
1959.500000	3.844044e-01
1960.500000	3.495773e-01
1961.500000	3.699192e-01
1962.500000	3.856268e-01
1963.500000	3.385097e-01
1964.500000	3.841152e-01
1965.500000	3.741390e-01
1966.500000	3.883462e-01
1967.500000	3.647920e-01
1968.500000	3.691304e-01
1969.500000	3.803146e-01
1970.500000	3.918169e-01
1971.500000	3.485520e-01
1972.500000	3.935761e-01
1973.500000	3.431922e-01
1974.500000	3.667332e-01
1975.500000	3.217240e-01
1976.500000	3.286793e-01
1977.500000	3.255614e-01
1978.500000	2.772148e-01
1979.500000	3.394243e-01
1980.500000	3.321876e-01
1981.500000	3.447026e-01
1982.500000	3.347840e-01
1983.500000	3.617502e-01
1984.500000	3.522889e-01
1985.500000	3.411896e-01
1986.500000	2.997802e-01
1987.500000	3.551859e-01
1988.500000	3.520169e-01
1989.500000	3.296360e-01
1990.500000	3.220804e-01
1991.500000	3.333729e-01
1992.500000	3.387932e-01
1993.500000	3.591622e-01
1994.500000	3.423531e-01
1995.500000	3.350538e-01
1996.500000	3.749498e-01
1997.500000	3.046121e-01
1998.500000	3.571993e-01
1999.500000	3.376016e-01
2000.500000	3.368777e-01
2001.500000	3.476383e-01
2002.500000	3.460223e-01
2003.500000	3.576004e-01
2004.500000	3.429036e-01
2005.500000	3.449394e-01
2006.500000	3.426566e-01
2007.500000	3.519423e-01
2008.500000	3.355370e-01
2009.500000	3.307663e-01
2010.500000	3.256632e-01
2011.500000	3.426060e-01
2012.500000	3.417436e-01
2013.500000	3.272166e-01
2014.500000	3.629538e-01
2015.500000	3.403146e-01
2016.500000	3.291362e-01
2017.500000	3.342727e-01
2018.500000	3.406451e-01
2019.500000	3.124804e-01
2020.500000	3.249231e-01
2021.500000	3.703080e-01
2022.500000	3.348684e-01
2023.500000	3.474262e-01
2024.500000	3.582713e-01
2025.500000	3.318117e-01
2026.500000	3.208525e-01
2027.500000	3.237794e-01
2028.500000	3.454142e-01
2029.500000	3.237047e-01
2030.500000	3.260505e-01
2031.500000	3.454586e-01
2032.500000	3.563078e-01
2033.500000	3.414043e-01
2034.500000	3.395106e-01
2035.500000	3.157256e-01
2036.500000	3.492976e-01
2037.500000	3.477574e-01
2038.500000	3.419115e-01
2039.500000	3.210736e-01
2040.500000	3.381290e-01
2041.500000	3.356338e-01
2042.500000	3.557352e-01
2043.500000	3.373497e-01
2044.500000	3.171015e-01
2045.500000	3.185294e-01
2046.500000	3.466009e-01
2047.500000	3.502872e-01
2048.500000	3.318772e-01
2049.500000	3.093449e-01
2050.500000	3.446091e-01
2051.500000	3.495793e-01
2052.500000	3.395817e-01
2053.500000	3.433120e-01
2054.500000	3.076187e-01
2055.500000	3.400126e-01
2056.500000	3.453793e-01
2057.500000	3.403989e-01
2058.500000	3.621565e-01
2059.500000	3.384658e-01
2060.500000	3.316364e-01
2061.500000	3.430084e-01
2062.500000	3.316698e-01
2063.500000	3.189888e-01
2064.500000	3.162702e-01
2065.500000	3.309633e-01
2066.500000	3.524755e-01
2067.500000	3.248378e-01
2068.500000	3.484984e-01
2069.500000	3.259105e-01
2070.500000	3.636977e-01
2071.500000	3.292692e-01
2072.500000	3.361316e-01
2073.500000	3.217699e-01
2074.500000	3.384174e-01
2075.500000	3.373915e-01
2076.500000	3.245418e-01
2077.500000	3.433729e-01
2078.500000	3.409381e-01
2079.500000	3.399945e-01
2080.500000	3.479942e-01
2081.500000	3.203216e-01
2082.500000	3.422562e-01
2083.500000	3.373595e-01
2084.500000	3.366166e-01
2085.500000	3.287599e-01
2086.500000	3.450003e-01
2087.500000	3.337287e-01
2088.500000	3.385591e-01
2089.500000	3.244623e-01
2090.500000	3.427002e-01
2091.500000	3.460194e-01
2092.500000	3.587374e-01
2093.500000	3.310076e-01
2094.500000	3.336864e-01
2095.500000	3.412955e-01
2096.500000	3.323029e-01
2097.500000	3.299860e-01
2098.500000	3.526509e-01
2099.500000	3.280768e-01
2100.500000	3.404524e-01
2101.500000	3.488207e-01
2102.500000	3.389030e-01
2103.500000	3.417383e-01
2104.500000	3.461368e-01
2105.500000	3.342816e-01
2106.500000	3.515491e-01
2107.500000	3.383015e-01
2108.500000	3.251503e-01
2109.500000	3.457829e-01
2110.500000	3.569928e-01
2111.500000	3.297315e-01
2112.500000	3.330348e-01
2113.500000	3.506526e-01
2114.500000	3.547660e-01
2115.500000	3.416030e-01
2116.500000	3.429561e-01
2117.500000	3.271738e-01
2118.500000	3.496486e-01
2119.500000	3.421050e-01
2120.500000	3.435190e-01
2121.500000	3.436838e-01
2122.500000	3.481290e-01
2123.500000	3.408600e-01
2124.500000	3.555757e-01
2125.500000	3.463568e-01
2126.500000	3.382156e-01
2127.500000	3.362239e-01
2128.500000	3.341558e-01
2129.500000	3.407268e-01
2130.500000	3.444906e-01
2131.500000	3.539782e-01
2132.500000	3.425483e-01
2133.500000	3.554844e-01
2134.500000	3.381324e-01
2135.500000	3.561081e-01
2136.500000	3.476655e-01
2137.500000	3.409284e-01
2138.500000	3.386177e-01
2139.500000	3.505547e-01
2140.500000	3.324884e-01
2141.500000	3.482277e-01
2142.500000	3.355829e-01
2143.500000	3.572154e-01
2144.500000	3.575365e-01
2145.500000	3.550249e-01
2146.500000	3.555460e-01
2147.500000	3.537838e-01
2148.500000	3.421466e-01
2149.500000	3.414324e-01
2150.500000	3.372523e-01
2151.500000	3.514994e-01
2152.500000	3.425900e-01
2153.500000	3.458860e-01
2154.500000	3.514646e-01
2155.500000	3.490672e-01
2156.500000	3.462871e-01
2157.500000	3.533846e-01
2158.500000	3.526955e-01
2159.500000	3.454164e-01
2160.500000	3.463267e-01
2161.500000	3.596239e-01
2162.500000	3.459204e-01
2163.500000	3.432303e-01
2164.500000	3.545223e-01
2165.500000	3.489521e-01
2166.500000	3.503165e-01
2167.500000	3.510819e-01
2168.500000	3.585702e-01
2169.500000	3.579703e-01
2170.500000	3.434358e-01
2171.500000	3.483749e-01
2172.500000	3.462142e-01
2173.500000	3.512842e-01
2174.500000	3.517366e-01
2175.500000	3.459170e-01
2176.500000	3.427804e-01
2177.500000	3.485880e-01
2178.500000	3.392447e-01
2179.500000	3.487501e-01
2180.500000	3.460908e-01
2181.500000	3.562117e-01
2182.500000	3.424540e-01
2183.500000	3.458849e-01
2184.500000	3.485304e-01
2185.500000	3.526617e-01
2186.500000	3.447111e-01
2187.500000	3.490769e-01
2188.500000	3.498848e-01
2189.500000	3.491995e-01
2190.500000	3.433053e-01
2191.500000	3.511634e-01
2192.500000	3.482309e-01
2193.500000	3.439127e-01
2194.500000	3.464528e-01
2195.500000	3.516546e-01
2196.500000	3.527784e-01
2197.500000	3.446686e-01
2198.500000	3.525295e-01
2199.500000	3.499433e-01
2200.500000	3.506149e-01
2201.500000	3.485630e-01
2202.500000	3.431790e-01
2203.500000	3.383918e-01
2204.500000	3.432025e-01
2205.500000	3.239574e-01
2206.500000	2.921841e-01
2207.500000	3.381495e-01
2208.500000	3.116803e-01
2209.500000	3.234187e-01
2210.500000	3.407496e-01
2211.500000	3.444637e-01
2212.500000	3.517774e-01
2213.500000	3.459020e-01
2214.500000	3.495830e-01
2215.500000	3.482341e-01
2216.500000	3.452066e-01
2217.500000	3.438598e-01
2218.500000	3.538116e-01
2219.500000	3.382406e-01
2220.500000	3.413433e-01
2221.500000	3.351273e-01
2222.500000	3.523219e-01
2223.500000	3.400365e-01
2224.500000	3.568677e-01
2225.500000	3.546519e-01
2226.500000	3.439687e-01
2227.500000	3.401851e-01
2228.500000	3.370516e-01
2229.500000	3.420077e-01
2230.500000	3.480719e-01
2231.500000	3.485304e-01
2232.500000	3.492062e-01
2233.500000	3.386391e-01
2234.500000	3.391744e-01
2235.500000	3.390291e-01
2236.500000	3.411599e-01
2237.500000	3.484834e-01
2238.500000	3.415708e-01
2239.500000	3.494174e-01
2240.500000	3.491663e-01
2241.500000	3.405957e-01
2242.500000	3.419678e-01
2243.500000	3.414658e-01
2244.500000	3.379192e-01
2245.500000	3.510817e-01
2246.500000	3.412662e-01
2247.500000	3.446502e-01
2248.500000	3.439660e-01
2249.500000	3.447015e-01
2250.500000	3.337700e-01
2251.500000	3.450916e-01
2252.500000	3.400051e-01
2253.500000	3.440706e-01
2254.500000	3.335495e-01
2255.500000	3.381631e-01
2256.500000	3.461975e-01
2257.500000	3.328052e-01
2258.500000	3.419371e-01
2259.500000	3.413777e-01
2260.500000	3.371823e-01
2261.500000	3.380161e-01
2262.500000	3.364253e-01
2263.500000	3.288491e-01
2264.500000	3.280741e-01
2265.500000	3.397118e-01
2266.500000	3.353546e-01
2267.500000	3.419954e-01
2268.500000	3.374532e-01
2269.500000	3.412704e-01
2270.500000	3.258286e-01
2271.500000	3.388937e-01
2272.500000	3.321370e-01
2273.500000	3.371378e-01
2274.500000	3.292547e-01
2275.500000	3.447749e-01
2276.500000	3.365309e-01
2277.500000	3.378251e-01
2278.500000	3.341947e-01
2279.500000	3.309268e-01
2280.500000	3.161255e-01
2281.500000	3.411921e-01
2282.500000	3.370034e-01
2283.500000	3.276655e-01
2284.500000	3.232585e-01
2285.500000	3.356243e-01
2286.500000	3.374061e-01
2287.500000	3.354237e-01
2288.500000	3.365422e-01
2289.500000	3.318631e-01
2290.500000	3.369544e-01
2291.500000	3.225807e-01
2292.500000	3.316267e-01
2293.500000	2.682603e-01
2294.500000	2.674360e-01
2295.500000	2.826737e-01
2296.500000	2.839906e-01
2297.500000	2.938517e-01
2298.500000	3.042600e-01
2299.500000	2.969699e-01
2300.500000	3.074363e-01
2301.500000	3.000453e-01
2302.500000	3.026057e-01
2303.500000	2.979230e-01
2304.500000	3.082602e-01
2305.500000	2.984003e-01
2306.500000	3.047614e-01
2307.500000	3.043888e-01
2308.500000	3.135879e-01
2309.500000	3.060213e-01
2310.500000	3.036854e-01
2311.500000	2.946997e-01
2312.500000	3.045135e-01
2313.500000	3.046228e-01
2314.500000	2.861508e-01
2315.500000	3.090788e-01
2316.500000	2.957912e-01
2317.500000	2.939896e-01
2318.500000	3.161579e-01
2319.500000	3.024372e-01
2320.500000	2.925223e-01
2321.500000	3.070925e-01
2322.500000	2.531956e-01
2323.500000	2.474689e-01
2324.500000	2.689660e-01
2325.500000	2.696590e-01
2326.500000	2.701353e-01
2327.500000	2.909555e-01
2328.500000	2.679251e-01
2329.500000	2.923019e-01
2330.500000	2.627288e-01
2331.500000	2.722031e-01
2332.500000	2.919413e-01
2333.500000	2.854292e-01
2334.500000	2.732424e-01
2335.500000	2.627268e-01
2336.500000	2.734043e-01
2337.500000	2.762102e-01
2338.500000	2.631997e-01
2339.500000	2.704358e-01
2340.500000	2.783758e-01
2341.500000	2.644838e-01
2342.500000	2.958581e-01
2343.500000	2.804873e-01
2344.500000	2.620125e-01
2345.500000	2.768103e-01
2346.500000	2.845749e-01
2347.500000	2.910547e-01
2348.500000	2.913618e-01
2349.500000	2.710589e-01
2350.500000	2.820166e-01
2351.500000	2.567210e-01
2352.500000	2.351937e-01
2353.500000	2.482353e-01
2354.500000	2.422680e-01
2355.500000	2.625448e-01
2356.500000	2.556867e-01
2357.500000	2.603636e-01
2358.500000	2.522940e-01
2359.500000	2.563448e-01
2360.500000	2.639155e-01
2361.500000	2.525004e-01
2362.500000	2.681429e-01
2363.500000	2.532256e-01
2364.500000	2.709421e-01
2365.500000	2.757626e-01
2366.500000	2.606523e-01
2367.500000	2.451801e-01
2368.500000	2.617269e-01
2369.500000	2.704135e-01
2370.500000	2.668361e-01
2371.500000	2.676796e-01
2372.500000	2.742314e-01
2373.500000	2.658615e-01
2374.500000	2.671704e-01
2375.500000	2.590996e-01
2376.500000	2.516820e-01
2377.500000	2.748816e-01
2378.500000	2.528072e-01
2379.500000	2.474942e-01
2380.500000	2.674883e-01
2381.500000	2.495670e-01
2382.500000	2.438180e-01
2383.500000	2.203994e-01
2384.500000	2.386771e-01
2385.500000	2.420301e-01
2386.500000	2.337042e-01
2387.500000	2.398793e-01
2388.500000	2.315909e-01
2389.500000	2.458409e-01
2390.500000	2.551468e-01
2391.500000	2.304663e-01
2392.500000	2.291108e-01
2393.500000	2.533899e-01
2394.500000	2.565498e-01
2395.500000	2.404342e-01
2396.500000	2.339355e-01
2397.500000	2.447684e-01
2398.500000	2.404607e-01
2399.500000	2.353213e-01
2400.500000	2.363625e-01
2401.500000	2.298759e-01
2402.500000	2.208307e-01
2403.500000	2.524601e-01
2404.500000	2.192203e-01
2405.500000	2.317013e-01
2406.500000	2.380596e-01
2407.500000	2.230841e-01
2408.500000	2.098560e-01
2409.500000	2.263201e-01
2410.500000	2.194422e-01
2411.500000	2.258068e-01
2412.500000	2.272020e-01
2413.500000	2.074676e-01
2414.500000	2.084503e-01
2415.500000	2.381880e-01
2416.500000	2.023515e-01
2417.500000	2.042222e-01
2418.500000	2.395357e-01
2419.500000	2.049523e-01
2420.500000	2.257800e-01
2421.500000	2.161955e-01
2422.500000	2.081080e-01
2423.500000	2.100021e-01
2424.500000	2.232245e-01
2425.500000	2.058939e-01
2426.500000	1.993913e-01
2427.500000	2.139606e-01
2428.500000	2.064071e-01
2429.500000	2.232195e-01
2430.500000	2.066842e-01
2431.500000	1.872474e-01
2432.500000	2.273614e-01
2433.500000	1.902273e-01
2434.500000	1.971424e-01
2435.500000	2.182301e-01
2436.500000	1.926041e-01
2437.500000	1.788860e-01
2438.500000	2.140369e-01
2439.500000	2.199424e-01
2440.500000	2.000439e-01
2441.500000	1.917588e-01
2442.500000	1.950167e-01
2443.500000	1.931328e-01
2444.500000	1.791480e-01
2445.500000	2.220395e-01
2446.500000	1.925670e-01
2447.500000	1.920241e-01
2448.500000	1.832831e-01
2449.500000	1.966826e-01
2450.500000	1.973414e-01
2451.500000	1.899465e-01
2452.500000	1.808065e-01
2453.500000	1.780853e-01
2454.500000	1.530198e-01
2455.500000	1.956172e-01
2456.500000	2.004865e-01
2457.500000	2.046935e-01
2458.500000	1.990666e-01
2459.500000	1.822089e-01
2460.500000	1.740364e-01
2461.500000	1.525871e-01
2462.500000	2.033787e-01
2463.500000	1.904108e-01
2464.500000	2.068257e-01
2465.500000	1.850837e-01
2466.500000	1.816012e-01
2467.500000	1.675739e-01
2468.500000	1.698352e-01
2469.500000	1.978713e-01
2470.500000	1.758537e-01
2471.500000	1.774579e-01
2472.500000	1.833979e-01
2473.500000	1.698106e-01
2474.500000	1.592748e-01
2475.500000	1.625105e-01
2476.500000	1.870157e-01
2477.500000	1.866781e-01
2478.500000	1.721412e-01
2479.500000	1.702692e-01
2480.500000	1.732493e-01
2481.500000	1.568741e-01
2482.500000	1.583464e-01
2483.500000	1.898846e-01
2484.500000	1.858091e-01
2485.500000	1.882498e-01
2486.500000	1.635638e-01
2487.500000	1.632891e-01
2488.500000	1.577288e-01
2489.500000	1.667745e-01
2490.500000	1.509969e-01
2491.500000	1.598532e-01
2492.500000	1.723800e-01
2493.500000	1.668770e-01
2494.500000	1.748938e-01
2495.500000	1.786029e-01
2496.500000	1.756718e-01
2497.500000	1.612834e-01
2498.500000	1.476997e-01
2499.500000	1.673753e-01
2500.500000	1.590514e-01
2501.500000	1.754427e-01
2502.500000	1.757311e-01
2503.500000	1.421001e-01
2504.500000	1.576445e-01
2505.500000	1.506032e-01
2506.500000	1.355674e-01
2507.500000	1.665575e-01
2508.500000	1.687107e-01
2509.500000	1.754710e-01
2510.500000	1.626009e-01
2511.500000	1.551582e-01
2512.500000	1.457403e-01
2513.500000	1.556344e-01
2514.500000	1.579863e-01
2515.500000	1.285407e-01
2516.500000	1.713942e-01
2517.500000	1.780667e-01
2518.500000	1.609807e-01
2519.500000	1.474102e-01
2520.500000	1.526197e-01
2521.500000	1.707934e-01
2522.500000	1.578058e-01
2523.500000	1.540285e-01
2524.500000	1.402781e-01
2525.500000	1.515273e-01
2526.500000	1.675857e-01
2527.500000	1.396308e-01
2528.500000	1.466353e-01
2529.500000	1.585364e-01
2530.500000	1.755925e-01
2531.500000	1.428575e-01
2532.500000	1.673581e-01
2533.500000	1.479985e-01
2534.500000	1.682647e-01
2535.500000	1.389848e-01
2536.500000	1.394325e-01
2537.500000	1.369683e-01
2538.500000	1.605206e-01
2539.500000	1.400242e-01
2540.500000	1.497254e-01
2541.500000	1.479339e-01
2542.500000	1.548901e-01
2543.500000	1.341612e-01
2544.500000	1.546499e-01
2545.500000	1.511970e-01
2546.500000	1.601697e-01
2547.500000	1.477285e-01
2548.500000	1.427090e-01
2549.500000	1.462228e-01
2550.500000	1.441343e-01
2551.500000	1.676949e-01
2552.500000	1.371155e-01
2553.500000	1.482272e-01
2554.500000	1.616038e-01
2555.500000	1.481466e-01
2556.500000	1.369129e-01
2557.500000	1.520100e-01
2558.500000	1.610972e-01
2559.500000	1.465175e-01
2560.500000	1.316336e-01
2561.500000	1.442706e-01
2562.500000	1.364150e-01
2563.500000	1.422858e-01
2564.500000	1.455759e-01
2565.500000	1.541327e-01
2566.500000	1.385427e-01
2567.500000	1.457367e-01
2568.500000	1.444416e-01
2569.500000	1.294443e-01
2570.500000	1.642710e-01
2571.500000	1.775750e-01
2572.500000	1.576665e-01
2573.500000	1.301047e-01
2574.500000	1.409103e-01
2575.500000	1.426649e-01
2576.500000	1.355947e-01
2577.500000	1.242652e-01
2578.500000	1.329795e-01
2579.500000	1.547263e-01
2580.500000	1.663418e-01
2581.500000	1.381772e-01
2582.500000	1.421559e-01
2583.500000	1.363448e-01
2584.500000	1.444610e-01
2585.500000	1.587553e-01
2586.500000	1.645030e-01
2587.500000	1.348691e-01
2588.500000	1.432412e-01
2589.500000	1.335482e-01
2590.500000	1.508310e-01
2591.500000	1.519455e-01
2592.500000	1.461942e-01
2593.500000	1.427924e-01
2594.500000	1.306285e-01
2595.500000	1.486123e-01
2596.500000	1.494971e-01
2597.500000	1.343653e-01
2598.500000	1.373699e-01
2599.500000	1.451658e-01
2600.500000	1.568234e-01
2601.500000	1.377675e-01
2602.500000	1.626295e-01
2603.500000	1.423527e-01
2604.500000	1.433147e-01
2605.500000	1.467795e-01
2606.500000	1.584864e-01
2607.500000	1.387196e-01
2608.500000	1.274196e-01
2609.500000	1.386159e-01
2610.500000	1.588971e-01
2611.500000	1.610932e-01
2612.500000	1.555545e-01
2613.500000	1.454899e-01
2614.500000	1.440908e-01
2615.500000	1.571329e-01
2616.500000	1.465973e-01
2617.500000	1.366459e-01
2618.500000	1.340751e-01
2619.500000	1.432510e-01
2620.500000	1.436822e-01
2621.500000	1.509350e-01
2622.500000	1.401844e-01
2623.500000	1.505070e-01
2624.500000	1.488466e-01
2625.500000	1.427078e-01
2626.500000	1.372397e-01
2627.500000	1.483375e-01
2628.500000	1.517944e-01
2629.500000	1.522156e-01
2630.500000	1.298067e-01
2631.500000	1.499603e-01
2632.500000	1.491798e-01
2633.500000	1.428552e-01
2634.500000	1.242303e-01
2635.500000	1.475635e-01
2636.500000	1.482503e-01
2637.500000	1.534888e-01
2638.500000	1.456299e-01
2639.500000	1.601414e-01
2640.500000	1.277666e-01
2641.500000	1.314795e-01
2642.500000	1.459650e-01
2643.500000	1.493356e-01
2644.500000	1.480037e-01
2645.500000	1.296622e-01
2646.500000	1.409704e-01
2647.500000	1.448274e-01
2648.500000	1.441589e-01
2649.500000	1.426036e-01
2650.500000	1.498215e-01
2651.500000	1.494380e-01
2652.500000	1.385125e-01
2653.500000	1.564348e-01
2654.500000	1.429071e-01
2655.500000	1.471776e-01
2656.500000	1.454343e-01
2657.500000	1.605809e-01
2658.500000	1.636631e-01
2659.500000	1.508784e-01
2660.500000	1.320596e-01
2661.500000	1.525352e-01
2662.500000	1.668135e-01
2663.500000	1.487967e-01
2664.500000	1.367212e-01
2665.500000	1.406655e-01
2666.500000	1.427568e-01
2667.500000	1.406737e-01
2668.500000	1.488485e-01
2669.500000	1.415254e-01
2670.500000	1.119716e-01
2671.500000	1.513368e-01
2672.500000	1.621548e-01
2673.500000	1.388636e-01
2674.500000	1.439591e-01
2675.500000	1.484906e-01
2676.500000	1.284839e-01
2677.500000	1.128989e-01
2678.500000	1.468261e-01
2679.500000	1.449511e-01
2680.500000	1.393274e-01
2681.500000	1.380300e-01
2682.500000	1.427658e-01
2683.500000	1.413567e-01
2684.500000	1.306734e-01
2685.500000	1.374529e-01
2686.500000	1.123496e-01
2687.500000	1.572702e-01
2688.500000	1.332985e-01
2689.500000	1.551358e-01
2690.500000	1.458365e-01
2691.500000	1.349653e-01
2692.500000	1.358870e-01
2693.500000	1.149183e-01
2694.500000	1.113609e-01
2695.500000	1.316361e-01
2696.500000	1.258088e-01
2697.500000	1.271331e-01
2698.500000	1.343213e-01
2699.500000	1.495134e-01
2700.500000	1.535319e-01
2701.500000	1.242291e-01
2702.500000	1.354538e-01
2703.500000	1.238637e-01
2704.500000	1.265232e-01
2705.500000	1.252017e-01
2706.500000	1.299144e-01
2707.500000	1.386854e-01
2708.500000	1.316124e-01
2709.500000	1.291380e-01
2710.500000	1.310311e-01
2711.500000	1.143399e-01
2712.500000	1.145559e-01
2713.500000	1.399567e-01
2714.500000	1.212840e-01
2715.500000	1.333762e-01
2716.500000	1.202053e-01
2717.500000	1.271010e-01
2718.500000	1.259695e-01
2719.500000	1.366746e-01
2720.500000	1.193277e-01
2721.500000	1.369879e-01
2722.500000	1.190228e-01
2723.500000	1.252853e-01
2724.500000	1.090177e-01
2725.500000	1.159993e-01
2726.500000	1.315443e-01
2727.500000	1.241049e-01
2728.500000	1.115340e-01
2729.500000	1.194658e-01
2730.500000	1.174641e-01
2731.500000	1.481614e-01
2732.500000	1.323649e-01
2733.500000	1.312936e-01
2734.500000	1.412794e-01
2735.500000	1.082031e-01
2736.500000	1.011076e-01
2737.500000	1.228765e-01
2738.500000	1.145870e-01
2739.500000	1.152046e-01
2740.500000	1.085477e-01
2741.500000	1.189497e-01
2742.500000	1.343910e-01
2743.500000	1.296700e-01
2744.500000	1.197131e-01
2745.500000	1.235146e-01
2746.500000	1.252370e-01
2747.500000	1.220398e-01
2748.500000	1.235339e-01
2749.500000	1.260308e-01
2750.500000	1.072730e-01
2751.500000	1.193764e-01
2752.500000	1.206500e-01
2753.500000	1.265170e-01
2754.500000	1.065846e-01
2755.500000	1.097611e-01
2756.500000	1.206490e-01
2757.500000	1.319036e-01
2758.500000	1.216269e-01
2759.500000	1.249419e-01
2760.500000	1.232710e-01
2761.500000	1.213408e-01
2762.500000	1.244530e-01
2763.500000	1.293057e-01
2764.500000	1.054299e-01
2765.500000	1.160476e-01
2766.500000	1.099574e-01
2767.500000	1.110709e-01
2768.500000	1.128003e-01
2769.500000	1.186799e-01
2770.500000	1.058993e-01
2771.500000	1.191134e-01
2772.500000	1.201958e-01
2773.500000	1.158723e-01
2774.500000	1.435304e-01
2775.500000	1.143241e-01
2776.500000	1.160098e-01
2777.500000	1.191901e-01
2778.500000	1.081416e-01
2779.500000	1.111307e-01
2780.500000	1.159711e-01
2781.500000	1.199284e-01
2782.500000	1.108442e-01
2783.500000	1.258679e-01
2784.500000	1.208958e-01
2785.500000	1.022113e-01
2786.500000	9.633993e-02
2787.500000	1.157171e-01
2788.500000	1.054909e-01
2789.500000	1.133286e-01
2790.500000	1.256050e-01
2791.500000	1.158003e-01
2792.500000	1.072013e-01
2793.500000	1.249401e-01
2794.500000	1.213832e-01
2795.500000	1.184375e-01
2796.500000	1.189079e-01
2797.500000	1.147710e-01
2798.500000	1.148297e-01
2799.500000	1.264888e-01
2800.500000	1.110359e-01
2801.500000	1.114129e-01
2802.500000	1.026786e-01
2803.500000	1.005544e-01
2804.500000	1.023342e-01
2805.500000	9.162478e-02
2806.500000	1.176767e-01
2807.500000	1.244019e-01
2808.500000	1.108674e-01
2809.500000	1.068044e-01
2810.500000	1.149177e-01
2811.500000	1.271827e-01
2812.500000	1.208207e-01
2813.500000	1.002431e-01
2814.500000	1.086139e-01
2815.500000	1.173453e-01
2816.500000	1.153428e-01
2817.500000	9.941016e-02
2818.500000	1.117840e-01
2819.500000	9.670139e-02
2820.500000	8.854186e-02
2821.500000	1.074077e-01
2822.500000	1.080238e-01
2823.500000	1.173820e-01
2824.500000	1.113523e-01
2825.500000	1.007700e-01
2826.500000	1.181051e-01
2827.500000	9.335393e-02
2828.500000	1.266387e-01
2829.500000	1.214595e-01
2830.500000	1.098843e-01
2831.500000	1.159616e-01
2832.500000	1.260214e-01
2833.500000	1.034439e-01
2834.500000	1.054491e-01
2835.500000	9.423350e-02
2836.500000	1.051020e-01
2837.500000	9.387798e-02
2838.500000	1.009037e-01
2839.500000	1.219739e-01
2840.500000	1.075807e-01
2841.500000	1.142055e-01
2842.500000	1.109288e-01
2843.500000	1.018867e-01
2844.500000	1.099623e-01
2845.500000	1.068074e-01
2846.500000	1.089675e-01
2847.500000	1.119706e-01
2848.500000	1.174641e-01
2849.500000	1.000550e-01
2850.500000	1.014661e-01
2851.500000	1.089091e-01
2852.500000	1.034127e-01
2853.500000	9.683918e-02
2854.500000	9.102913e-02
2855.500000	9.500452e-02
2856.500000	1.013480e-01
2857.500000	1.022279e-01
2858.500000	1.215952e-01
2859.500000	1.188171e-01
2860.500000	1.169514e-01
2861.500000	1.040626e-01
2862.500000	1.145417e-01
2863.500000	1.076624e-01
2864.500000	1.080546e-01
2865.500000	1.051617e-01
2866.500000	1.039313e-01
2867.500000	1.070284e-01
2868.500000	9.843152e-02
2869.500000	1.065989e-01
2870.500000	1.045999e-01
2871.500000	9.444340e-02
2872.500000	9.178676e-02
2873.500000	9.393384e-02
2874.500000	1.012934e-01
2875.500000	1.168405e-01
2876.500000	1.190542e-01
2877.500000	1.022597e-01
2878.500000	1.123942e-01
2879.500000	1.112816e-01
2880.500000	1.058270e-01
2881.500000	1.070242e-01
2882.500000	1.022548e-01
2883.500000	1.122430e-01
2884.500000	1.074333e-01
2885.500000	9.898668e-02
2886.500000	9.625307e-02
2887.500000	1.084292e-01
2888.500000	9.631278e-02
2889.500000	9.396022e-02
2890.500000	1.030700e-01
2891.500000	9.015910e-02
2892.500000	1.028825e-01
2893.500000	1.026204e-01
2894.500000	1.258608e-01
2895.500000	1.066530e-01
2896.500000	1.107283e-01
2897.500000	1.158675e-01
2898.500000	1.050076e-01
2899.500000	8.977460e-02
2900.500000	9.592626e-02
2901.500000	1.067277e-01
2902.500000	9.818132e-02
2903.500000	1.116216e-01
2904.500000	9.391480e-02
2905.500000	1.089388e-01
2906.500000	1.060904e-01
2907.500000	8.957663e-02
2908.500000	7.956593e-02
2909.500000	8.715210e-02
2910.500000	8.159382e-02
2911.500000	1.115547e-01
2912.500000	1.139190e-01
2913.500000	1.058246e-01
2914.500000	1.111434e-01
2915.500000	1.012904e-01
2916.500000	1.033649e-01
2917.500000	1.039959e-01
2918.500000	9.980431e-02
2919.500000	1.011981e-01
2920.500000	9.789642e-02
2921.500000	8.827686e-02
2922.500000	9.948181e-02
2923.500000	9.232271e-02
2924.500000	9.488911e-02
2925.500000	1.033575e-01
2926.500000	1.043930e-01
2927.500000	8.632900e-02
2928.500000	9.673912e-02
2929.500000	7.612980e-02
2930.500000	1.019475e-01
2931.500000	1.075667e-01
2932.500000	1.066020e-01
2933.500000	1.038928e-01
2934.500000	1.035411e-01
2935.500000	1.020895e-01
2936.500000	1.012105e-01
2937.500000	1.015870e-01
2938.500000	1.018664e-01
2939.500000	1.053685e-01
2940.500000	8.894994e-02
2941.500000	8.976019e-02
2942.500000	9.742336e-02
2943.500000	9.710840e-02
2944.500000	8.705680e-02
2945.500000	1.028636e-01
2946.500000	9.151647e-02
2947.500000	8.670284e-02
2948.500000	8.096764e-02
2949.500000	9.854967e-02
2950.500000	1.036486e-01
2951.500000	1.052565e-01
2952.500000	9.887521e-02
2953.500000	9.378029e-02
2954.500000	9.367016e-02
2955.500000	9.310151e-02
2956.500000	9.267294e-02
2957.500000	1.076084e-01
2958.500000	9.823554e-02
2959.500000	9.779844e-02
2960.500000	9.935140e-02
2961.500000	9.418255e-02
2962.500000	9.298644e-02
2963.500000	8.642050e-02
2964.500000	1.021453e-01
2965.500000	1.038931e-01
2966.500000	8.424331e-02
2967.500000	9.956205e-02
2968.500000	7.928307e-02
2969.500000	9.451489e-02
2970.500000	9.947847e-02
2971.500000	9.172160e-02
2972.500000	9.156261e-02
2973.500000	1.020253e-01
2974.500000	9.648795e-02
2975.500000	9.763893e-02
2976.500000	9.634560e-02
2977.500000	1.080586e-01
2978.500000	9.046326e-02
2979.500000	9.660231e-02
2980.500000	1.062381e-01
2981.500000	9.089101e-02
2982.500000	9.716778e-02
2983.500000	8.886538e-02
2984.500000	9.839207e-02
2985.500000	9.909740e-02
2986.500000	8.976476e-02
2987.500000	8.336779e-02
2988.500000	8.472660e-02
2989.500000	8.088650e-02
2990.500000	9.178791e-02
2991.500000	9.449288e-02
2992.500000	9.850085e-02
2993.500000	9.944875e-02
2994.500000	1.024926e-01
2995.500000	9.755519e-02
2996.500000	8.988992e-02
2997.500000	1.015797e-01
2998.500000	9.132819e-02
2999.500000	1.020258e-01
3000.500000	9.670625e-02
3001.500000	9.216218e-02
3002.500000	9.816212e-02
3003.500000	8.618240e-02
3004.500000	9.065554e-02
3005.500000	9.137710e-02
3006.500000	9.012139e-02
3007.500000	8.370527e-02
3008.500000	8.173121e-02
3009.500000	8.101658e-02
3010.500000	8.627091e-02
3011.500000	9.020824e-02
3012.500000	9.090601e-02
3013.500000	9.522622e-02
3014.500000	1.053850e-01
3015.500000	9.877216e-02
3016.500000	1.022393e-01
3017.500000	9.416763e-02
3018.500000	9.940169e-02
3019.500000	9.930710e-02
3020.500000	9.267429e-02
3021.500000	9.222858e-02
3022.500000	8.122272e-02
3023.500000	9.301025e-02
3024.500000	9.617415e-02
3025.500000	8.537049e-02
3026.500000	8.540700e-02
3027.500000	1.001360e-01
3028.500000	8.714776e-02
3029.500000	8.534458e-02
3030.500000	9.167506e-02
3031.500000	8.112246e-02
3032.500000	9.726758e-02
3033.500000	9.456936e-02
3034.500000	9.550488e-02
3035.500000	8.946068e-02
3036.500000	8.916005e-02
3037.500000	1.013698e-01
3038.500000	9.182818e-02
3039.500000	9.131196e-02
3040.500000	1.017553e-01
3041.500000	9.376673e-02
3042.500000	9.257718e-02
3043.500000	8.826040e-02
3044.500000	8.144716e-02
3045.500000	8.635852e-02
3046.500000	9.054649e-02
3047.500000	8.954257e-02
3048.500000	8.981231e-02
3049.500000	7.812919e-02
3050.500000	8.424831e-02
3051.500000	8.542546e-02
3052.500000	8.263750e-02
3053.500000	8.839513e-02
3054.500000	9.593258e-02
3055.500000	1.057992e-01
3056.500000	9.633655e-02
3057.500000	9.685511e-02
3058.500000	8.759639e-02
3059.500000	9.177934e-02
3060.500000	9.133742e-02
3061.500000	9.131484e-02
3062.500000	1.000094e-01
3063.500000	9.806721e-02
3064.500000	8.554208e-02
3065.500000	8.123750e-02
3066.500000	8.959539e-02
3067.500000	9.350286e-02
3068.500000	9.340702e-02
3069.500000	8.363833e-02
3070.500000	8.412944e-02
3071.500000	8.416881e-02
3072.500000	8.492851e-02
3073.500000	7.949506e-02
3074.500000	8.696338e-02
3075.500000	8.805784e-02
3076.500000	9.506951e-02
3077.500000	8.972573e-02
3078.500000	1.014010e-01
3079.500000	9.750192e-02
3080.500000	9.096622e-02
3081.500000	9.848825e-02
3082.500000	8.749496e-02
3083.500000	8.286313e-02
3084.500000	9.158813e-02
3085.500000	8.730467e-02
3086.500000	9.162681e-02
3087.500000	8.585846e-02
3088.500000	8.698519e-02
3089.500000	8.403926e-02
3090.500000	8.726035e-02
3091.500000	8.284195e-02
3092.500000	8.895649e-02
3093.500000	8.915300e-02
3094.500000	8.733778e-02
3095.500000	7.994776e-02
3096.500000	8.896613e-02
3097.500000	8.202452e-02
3098.500000	8.840251e-02
3099.500000	9.275150e-02
3100.500000	9.237823e-02
3101.500000	1.013032e-01
3102.500000	8.830861e-02
3103.500000	9.422375e-02
3104.500000	9.309695e-02
3105.500000	8.939485e-02
3106.500000	8.454495e-02
3107.500000	9.083132e-02
3108.500000	8.487443e-02
3109.500000	9.303598e-02
3110.500000	8.155397e-02
3111.500000	8.763481e-02
3112.500000	8.869453e-02
3113.500000	8.065289e-02
3114.500000	8.094230e-02
3115.500000	9.059684e-02
3116.500000	8.959470e-02
3117.500000	9.046237e-02
3118.500000	8.241477e-02
3119.500000	8.904878e-02
3120.500000	8.920502e-02
3121.500000	8.285130e-02
3122.500000	8.881354e-02
3123.500000	9.709864e-02
3124.500000	8.825168e-02
3125.500000	9.383541e-02
3126.500000	9.494759e-02
3127.500000	8.979907e-02
3128.500000	8.571595e-02
3129.500000	8.188115e-02
3130.500000	8.137943e-02
3131.500000	8.214294e-02
3132.500000	8.254177e-02
3133.500000	8.103827e-02
3134.500000	8.980130e-02
3135.500000	8.051843e-02
3136.500000	1.007057e-01
3137.500000	8.213603e-02
3138.500000	8.466421e-02
3139.500000	9.400116e-02
3140.500000	9.454304e-02
3141.500000	8.217650e-02
3142.500000	9.245408e-02
3143.500000	8.012172e-02
3144.500000	7.997229e-02
3145.500000	9.276050e-02
3146.500000	8.980666e-02
3147.500000	8.549395e-02
3148.500000	8.920897e-02
3149.500000	8.380412e-02
3150.500000	9.188731e-02
3151.500000	9.329016e-02
3152.500000	8.815570e-02
3153.500000	8.241703e-02
3154.500000	8.383414e-02
3155.500000	8.214891e-02
3156.500000	8.112033e-02
3157.500000	8.365322e-02
3158.500000	8.336731e-02
3159.500000	8.765694e-02
3160.500000	9.048111e-02
3161.500000	8.708239e-02
3162.500000	9.149613e-02
3163.500000	9.183647e-02
3164.500000	9.007882e-02
3165.500000	8.325864e-02
3166.500000	8.333204e-02
3167.500000	8.531225e-02
3168.500000	8.693448e-02
3169.500000	8.429712e-02
3170.500000	8.808004e-02
3171.500000	8.676961e-02
3172.500000	8.328105e-02
3173.500000	8.793180e-02
3174.500000	8.321495e-02
3175.500000	9.062176e-02
3176.500000	7.930413e-02
3177.500000	8.214213e-02
3178.500000	8.293466e-02
3179.500000	8.061574e-02
3180.500000	8.326008e-02
3181.500000	8.302741e-02
3182.500000	9.286480e-02
3183.500000	9.048402e-02
3184.500000	8.874691e-02
3185.500000	8.364528e-02
3186.500000	8.258802e-02
3187.500000	9.451724e-02
3188.500000	8.801180e-02
3189.500000	7.533744e-02
3190.500000	8.978696e-02
3191.500000	9.010018e-02
3192.500000	8.374557e-02
3193.500000	8.349086e-02
3194.500000	8.037719e-02
3195.500000	8.463817e-02
3196.500000	8.800005e-02
3197.500000	8.494131e-02
3198.500000	8.383289e-02
3199.500000	8.038909e-02
3200.500000	8.331574e-02
3201.500000	7.905803e-02
3202.500000	8.016879e-02
3203.500000	8.416978e-02
3204.500000	8.032116e-02
3205.500000	8.730434e-02
3206.500000	9.303717e-02
3207.500000	8.732133e-02
3208.500000	8.738738e-02
3209.500000	9.014794e-02
3210.500000	8.449013e-02
3211.500000	9.034846e-02
3212.500000	8.216175e-02
3213.500000	9.294466e-02
3214.500000	8.004444e-02
3215.500000	8.692387e-02
3216.500000	8.862898e-02
3217.500000	8.551439e-02
3218.500000	7.833003e-02
3219.500000	8.065177e-02
3220.500000	8.807342e-02
3221.500000	8.323826e-02
3222.500000	8.375501e-02
3223.500000	8.578575e-02
3224.500000	7.876815e-02
3225.500000	8.946300e-02
3226.500000	8.327667e-02
3227.500000	8.265486e-02
3228.500000	7.726954e-02
3229.500000	8.395559e-02
3230.500000	8.988071e-02
3231.500000	9.282107e-02
3232.500000	8.020895e-02
3233.500000	8.694610e-02
3234.500000	8.915889e-02
3235.500000	8.513425e-02
3236.500000	8.578973e-02
3237.500000	8.275970e-02
3238.500000	8.890617e-02
3239.500000	8.100340e-02
3240.500000	7.791152e-02
3241.500000	8.659625e-02
3242.500000	8.086531e-02
3243.500000	8.338947e-02
3244.500000	7.879338e-02
3245.500000	8.167790e-02
3246.500000	8.635514e-02
3247.500000	8.538607e-02
3248.500000	8.270686e-02
3249.500000	8.557571e-02
3250.500000	7.948940e-02
3251.500000	8.901110e-02
3252.500000	8.487087e-02
3253.500000	8.582937e-02
3254.500000	7.931563e-02
3255.500000	8.858572e-02
3256.500000	8.680513e-02
3257.500000	8.680355e-02
3258.500000	8.688461e-02
3259.500000	8.662385e-02
3260.500000	9.075270e-02
3261.500000	8.421109e-02
3262.500000	8.768678e-02
3263.500000	8.524217e-02
3264.500000	8.548396e-02
3265.500000	8.013891e-02
3266.500000	8.819532e-02
3267.500000	8.527405e-02
3268.500000	8.056430e-02
3269.500000	8.208784e-02
3270.500000	8.314217e-02
3271.500000	8.245140e-02
3272.500000	9.023252e-02
3273.500000	8.475773e-02
3274.500000	8.134480e-02
3275.500000	8.106138e-02
3276.500000	8.066702e-02
3277.500000	8.544945e-02
3278.500000	8.191781e-02
3279.500000	8.422535e-02
3280.500000	8.037049e-02
3281.500000	7.882984e-02
3282.500000	8.494598e-02
3283.500000	8.518993e-02
3284.500000	8.098047e-02
3285.500000	8.692924e-02
3286.500000	8.305731e-02
3287.500000	7.670874e-02
3288.500000	8.241326e-02
3289.500000	9.058094e-02
3290.500000	8.210516e-02
3291.500000	8.461635e-02
3292.500000	8.271534e-02
3293.500000	7.902724e-02
3294.500000	8.024490e-02
3295.500000	8.129086e-02
3296.500000	8.428939e-02
3297.500000	8.100543e-02
3298.500000	8.417585e-02
3299.500000	8.496337e-02
3300.500000	7.823537e-02
3301.500000	8.526617e-02
3302.500000	8.667395e-02
3303.500000	8.437078e-02
3304.500000	8.438459e-02
3305.500000	8.282658e-02
3306.500000	8.314048e-02
3307.500000	8.568771e-02
3308.500000	8.258931e-02
3309.500000	8.208661e-02
3310.500000	8.440542e-02
3311.500000	8.269632e-02
3312.500000	7.967059e-02
3313.500000	8.841287e-02
3314.500000	7.958704e-02
3315.500000	8.049027e-02
3316.500000	8.439974e-02
3317.500000	7.884352e-02
3318.500000	8.827266e-02
3319.500000	7.835032e-02
3320.500000	7.822789e-02
3321.500000	8.157127e-02
3322.500000	8.202239e-02
3323.500000	8.750705e-02
3324.500000	8.526919e-02
3325.500000	8.346666e-02
3326.500000	8.123725e-02
3327.500000	8.585257e-02
3328.500000	8.724781e-02
3329.500000	8.924136e-02
3330.500000	8.347412e-02
3331.500000	8.567146e-02
3332.500000	8.666012e-02
3333.500000	8.298191e-02
3334.500000	8.887319e-02
3335.500000	7.894023e-02
3336.500000	8.126218e-02
3337.500000	7.982257e-02
3338.500000	7.786270e-02
3339.500000	7.670639e-02
3340.500000	7.932479e-02
3341.500000	8.392656e-02
3342.500000	8.454735e-02
3343.500000	8.052279e-02
3344.500000	7.901166e-02
3345.500000	8.151978e-02
3346.500000	8.388188e-02
3347.500000	8.377022e-02
3348.500000	8.149895e-02
3349.500000	8.134419e-02
3350.500000	8.409163e-02
3351.500000	8.364651e-02
3352.500000	8.629865e-02
3353.500000	8.194108e-02
3354.500000	7.676910e-02
3355.500000	7.904127e-02
3356.500000	8.097902e-02
3357.500000	7.936184e-02
3358.500000	8.124880e-02
3359.500000	8.684261e-02
3360.500000	8.164936e-02
3361.500000	7.896960e-02
3362.500000	8.491461e-02
3363.500000	8.033896e-02
3364.500000	7.941482e-02
3365.500000	8.710017e-02
3366.500000	8.143963e-02
3367.500000	8.165876e-02
3368.500000	8.353838e-02
3369.500000	7.982494e-02
3370.500000	8.517192e-02
3371.500000	8.157298e-02
3372.500000	7.913616e-02
3373.500000	8.209526e-02
3374.500000	8.223917e-02
3375.500000	8.166435e-02
3376.500000	7.970608e-02
3377.500000	7.589741e-02
3378.500000	8.048563e-02
3379.500000	8.120864e-02
3380.500000	8.147125e-02
3381.500000	7.922904e-02
3382.500000	8.390217e-02
3383.500000	8.410997e-02
3384.500000	7.945561e-02
3385.500000	7.940195e-02
3386.500000	8.247715e-02
3387.500000	8.256573e-02
3388.500000	8.107512e-02
3389.500000	8.306703e-02
3390.500000	8.485994e-02
3391.500000	8.621311e-02
3392.500000	8.297672e-02
3393.500000	7.407892e-02
3394.500000	8.039658e-02
3395.500000	7.822519e-02
3396.500000	7.738653e-02
3397.500000	8.046484e-02
3398.500000	8.231377e-02
3399.500000	7.995268e-02
3400.500000	8.018070e-02
3401.500000	7.758121e-02
3402.500000	8.239286e-02
3403.500000	7.909380e-02
3404.500000	8.102870e-02
3405.500000	7.917529e-02
3406.500000	8.018101e-02
3407.500000	8.562376e-02
3408.500000	7.499434e-02
3409.500000	7.900943e-02
3410.500000	8.249836e-02
3411.500000	8.258720e-02
3412.500000	7.953639e-02
3413.500000	7.723332e-02
3414.500000	7.761352e-02
3415.500000	7.870044e-02
3416.500000	7.932213e-02
3417.500000	7.672718e-02
3418.500000	7.796433e-02
3419.500000	7.776134e-02
3420.500000	8.120202e-02
3421.500000	8.301142e-02
3422.500000	8.010762e-02
3423.500000	8.244814e-02
3424.500000	8.008948e-02
3425.500000	7.810951e-02
3426.500000	8.361574e-02
3427.500000	7.904360e-02
3428.500000	7.972163e-02
3429.500000	8.049428e-02
3430.500000	7.966178e-02
3431.500000	8.228141e-02
3432.500000	8.506549e-02
3433.500000	7.554385e-02
3434.500000	8.041135e-02
3435.500000	8.231170e-02
3436.500000	7.837352e-02
3437.500000	8.182723e-02
3438.500000	8.094656e-02
3439.500000	8.296713e-02
3440.500000	7.544358e-02
3441.500000	8.078782e-02
3442.500000	7.791803e-02
3443.500000	7.727578e-02
3444.500000	7.714035e-02
3445.500000	7.578987e-02
3446.500000	7.624988e-02
3447.500000	8.346628e-02
3448.500000	7.930004e-02
3449.500000	8.010059e-02
3450.500000	8.455279e-02
3451.500000	7.930623e-02
3452.500000	7.657226e-02
3453.500000	8.037131e-02
3454.500000	7.823389e-02
3455.500000	8.030637e-02
3456.500000	7.687073e-02
3457.500000	7.499917e-02
3458.500000	7.478966e-02
3459.500000	7.395549e-02
3460.500000	7.929002e-02
3461.500000	8.039959e-02
3462.500000	7.581233e-02
3463.500000	8.171111e-02
3464.500000	8.153268e-02
3465.500000	7.555588e-02
3466.500000	8.124482e-02
3467.500000	8.193109e-02
3468.500000	7.926629e-02
3469.500000	8.093462e-02
3470.500000	8.103381e-02
3471.500000	7.754648e-02
3472.500000	8.450480e-02
3473.500000	8.035893e-02
3474.500000	7.882292e-02
3475.500000	7.696728e-02
3476.500000	8.079057e-02
3477.500000	8.072058e-02
3478.500000	7.793766e-02
3479.500000	7.920889e-02
3480.500000	7.895206e-02
3481.500000	7.373933e-02
3482.500000	7.693523e-02
3483.500000	7.867204e-02
3484.500000	7.699715e-02
3485.500000	7.851644e-02
3486.500000	7.809914e-02
3487.500000	7.447421e-02
3488.500000	7.835496e-02
3489.500000	8.070474e-02
3490.500000	7.778239e-02
3491.500000	7.437012e-02
3492.500000	7.212786e-02
3493.500000	7.700996e-02
3494.500000	8.058814e-02
3495.500000	7.885167e-02
3496.500000	7.839281e-02
3497.500000	7.970916e-02
3498.500000	7.458726e-02
3499.500000	7.408086e-02
3500.500000	7.786770e-02
3501.500000	7.831903e-02
3502.500000	8.000311e-02
3503.500000	8.255743e-02
3504.500000	7.842819e-02
3505.500000	7.596920e-02
3506.500000	8.226213e-02
3507.500000	8.082316e-02
3508.500000	7.482705e-02
3509.500000	8.193866e-02
3510.500000	7.475012e-02
3511.500000	7.719260e-02
3512.500000	7.666069e-02
3513.500000	7.845655e-02
3514.500000	8.142400e-02
3515.500000	7.711947e-02
3516.500000	7.543628e-02
3517.500000	7.570109e-02
3518.500000	7.692348e-02
3519.500000	7.217133e-02
3520.500000	7.236461e-02
3521.500000	7.448795e-02
3522.500000	7.477393e-02
3523.500000	7.600005e-02
3524.500000	7.339636e-02
3525.500000	7.791774e-02
3526.500000	7.716136e-02
3527.500000	7.227315e-02
3528.500000	7.452311e-02
3529.500000	7.682107e-02
3530.500000	8.014997e-02
3531.500000	8.201950e-02
3532.500000	7.760027e-02
3533.500000	7.594477e-02
3534.500000	8.039795e-02
3535.500000	7.722340e-02
3536.500000	7.645168e-02
3537.500000	7.530577e-02
3538.500000	7.432327e-02
3539.500000	7.409923e-02
3540.500000	8.038581e-02
3541.500000	7.453337e-02
3542.500000	7.814034e-02
3543.500000	7.798880e-02
3544.500000	6.898021e-02
3545.500000	7.368574e-02
3546.500000	7.582685e-02
3547.500000	7.650489e-02
3548.500000	8.035407e-02
3549.500000	7.769489e-02
3550.500000	7.765714e-02
3551.500000	7.354660e-02
3552.500000	7.386005e-02
3553.500000	7.520279e-02
3554.500000	7.515306e-02
3555.500000	7.836467e-02
3556.500000	7.542921e-02
3557.500000	7.506815e-02
3558.500000	7.525803e-02
3559.500000	7.764848e-02
3560.500000	7.356684e-02
3561.500000	7.531207e-02
3562.500000	7.441007e-02
3563.500000	7.724220e-02
3564.500000	7.549826e-02
3565.500000	7.821766e-02
3566.500000	7.735743e-02
3567.500000	7.455387e-02
3568.500000	7.654084e-02
3569.500000	7.442424e-02
3570.500000	7.189216e-02
3571.500000	7.332051e-02
3572.500000	7.141893e-02
3573.500000	7.846467e-02
3574.500000	7.514918e-02
3575.500000	7.018132e-02
3576.500000	7.405850e-02
3577.500000	7.375783e-02
3578.500000	7.394100e-02
3579.500000	7.615370e-02
3580.500000	7.776179e-02
3581.500000	7.433653e-02
3582.500000	7.423595e-02
3583.500000	7.724209e-02
3584.500000	7.374226e-02
3585.500000	7.560099e-02
3586.500000	7.320321e-02
3587.500000	7.482181e-02
3588.500000	7.626372e-02
3589.500000	7.223428e-02
3590.500000	7.727334e-02
3591.500000	7.302918e-02
3592.500000	7.467260e-02
3593.500000	7.169717e-02
3594.500000	7.753065e-02
3595.500000	7.375826e-02
3596.500000	7.652929e-02
3597.500000	6.804000e-02
3598.500000	7.612039e-02
3599.500000	7.606573e-02
3600.500000	7.087402e-02
3601.500000	7.203508e-02
3602.500000	6.715670e-02
3603.500000	7.511519e-02
3604.500000	7.736240e-02
3605.500000	7.512086e-02
3606.500000	7.237626e-02
3607.500000	7.987867e-02
3608.500000	7.218366e-02
3609.500000	7.784062e-02
3610.500000	7.671511e-02
3611.500000	7.493376e-02
3612.500000	7.535795e-02
3613.500000	7.005468e-02
3614.500000	7.317771e-02
3615.500000	7.347898e-02
3616.500000	7.230143e-02
3617.500000	7.073556e-02
3618.500000	7.566298e-02
3619.500000	7.415534e-02
3620.500000	7.424762e-02
3621.500000	7.355636e-02
3622.500000	7.060842e-02
3623.500000	7.291991e-02
3624.500000	7.289430e-02
3625.500000	7.224624e-02
3626.500000	7.227613e-02
3627.500000	7.633735e-02
3628.500000	7.708532e-02
3629.500000	7.525204e-02
3630.500000	7.378283e-02
3631.500000	7.347151e-02
3632.500000	7.407749e-02
3633.500000	6.809762e-02
3634.500000	7.537277e-02
3635.500000	6.928122e-02
3636.500000	6.726783e-02
3637.500000	6.750692e-02
3638.500000	7.226629e-02
3639.500000	7.461631e-02
3640.500000	7.013950e-02
3641.500000	7.273992e-02
3642.500000	7.554446e-02
3643.500000	7.510404e-02
3644.500000	7.634886e-02
3645.500000	7.450116e-02
3646.500000	7.199516e-02
3647.500000	7.393345e-02
3648.500000	7.164302e-02
3649.500000	7.215905e-02
3650.500000	7.191014e-02
3651.500000	7.104472e-02
3652.500000	7.123325e-02
3653.500000	7.274504e-02
3654.500000	7.012955e-02
3655.500000	7.245437e-02
3656.500000	7.227849e-02
3657.500000	7.105687e-02
3658.500000	6.838378e-02
3659.500000	7.086581e-02
3660.500000	7.027823e-02
3661.500000	6.877468e-02
3662.500000	6.766271e-02
3663.500000	7.262532e-02
3664.500000	7.071762e-02
3665.500000	6.895436e-02
3666.500000	7.283676e-02
3667.500000	7.232247e-02
3668.500000	7.197323e-02
3669.500000	7.287093e-02
3670.500000	7.369361e-02
3671.500000	7.238357e-02
3672.500000	7.246816e-02
3673.500000	6.868675e-02
3674.500000	7.099671e-02
3675.500000	7.036730e-02
3676.500000	7.274644e-02
3677.500000	6.696658e-02
3678.500000	7.279041e-02
3679.500000	6.913050e-02
3680.500000	7.014017e-02
3681.500000	7.267087e-02
3682.500000	7.211069e-02
3683.500000	7.220562e-02
3684.500000	6.974854e-02
3685.500000	7.080169e-02
3686.500000	7.438008e-02
3687.500000	7.198411e-02
3688.500000	7.373980e-02
3689.500000	7.025887e-02
3690.500000	7.040203e-02
3691.500000	6.917562e-02
3692.500000	7.240213e-02
3693.500000	6.996570e-02
3694.500000	6.942429e-02
3695.500000	7.144759e-02
3696.500000	7.051981e-02
3697.500000	7.213068e-02
3698.500000	6.916539e-02
3699.500000	6.413079e-02
3700.500000	7.181558e-02
3701.500000	6.891451e-02
3702.500000	7.042513e-02
3703.500000	7.169155e-02
3704.500000	6.994730e-02
3705.500000	7.104964e-02
3706.500000	7.204119e-02
3707.500000	6.330131e-02
3708.500000	6.780532e-02
3709.500000	6.709789e-02
3710.500000	7.298238e-02
3711.500000	7.191420e-02
3712.500000	7.325456e-02
3713.500000	7.075649e-02
3714.500000	6.995776e-02
3715.500000	7.081155e-02
3716.500000	7.103923e-02
3717.500000	6.762558e-02
3718.500000	6.916986e-02
3719.500000	7.137330e-02
3720.500000	7.000657e-02
3721.500000	7.066415e-02
3722.500000	6.854406e-02
3723.500000	6.953208e-02
3724.500000	7.313707e-02
3725.500000	7.043030e-02
3726.500000	6.998412e-02
3727.500000	7.192848e-02
3728.500000	7.120714e-02
3729.500000	7.147894e-02
3730.500000	7.167885e-02
3731.500000	6.998318e-02
3732.500000	6.704698e-02
3733.500000	6.724136e-02
3734.500000	6.154063e-02
3735.500000	6.623985e-02
3736.500000	6.581881e-02
3737.500000	6.752643e-02
3738.500000	6.424371e-02
3739.500000	7.351680e-02
3740.500000	6.728686e-02
3741.500000	6.971012e-02
3742.500000	6.737498e-02
3743.500000	7.041131e-02
3744.500000	6.927762e-02
3745.500000	6.429324e-02
3746.500000	7.070716e-02
3747.500000	7.240232e-02
3748.500000	7.010666e-02
3749.500000	7.066473e-02
3750.500000	7.015320e-02
3751.500000	7.035078e-02
3752.500000	7.190742e-02
3753.500000	6.957399e-02
3754.500000	6.896871e-02
3755.500000	6.853289e-02
3756.500000	6.794064e-02
3757.500000	6.917902e-02
3758.500000	7.100524e-02
3759.500000	7.144138e-02
3760.500000	6.907861e-02
3761.500000	7.087959e-02
3762.500000	6.589144e-02
3763.500000	6.605849e-02
3764.500000	6.818461e-02
3765.500000	6.880311e-02
3766.500000	6.750137e-02
3767.500000	6.872058e-02
3768.500000	6.956730e-02
3769.500000	6.932186e-02
3770.500000	6.105996e-02
3771.500000	6.785121e-02
3772.500000	6.768708e-02
3773.500000	6.127069e-02
3774.500000	6.612385e-02
3775.500000	7.157845e-02
3776.500000	7.002397e-02
3777.500000	6.996487e-02
3778.500000	6.926495e-02
3779.500000	6.592952e-02
3780.500000	6.775807e-02
3781.500000	6.885968e-02
3782.500000	6.749022e-02
3783.500000	6.983566e-02
3784.500000	6.814278e-02
3785.500000	6.999309e-02
3786.500000	6.720645e-02
3787.500000	6.825458e-02
3788.500000	6.889837e-02
3789.500000	6.906105e-02
3790.500000	6.702889e-02
3791.500000	6.920755e-02
3792.500000	6.774638e-02
3793.500000	6.852858e-02
3794.500000	7.019914e-02
3795.500000	6.694017e-02
3796.500000	6.644628e-02
3797.500000	6.971223e-02
3798.500000	7.007824e-02
3799.500000	6.639104e-02
3800.500000	6.469259e-02
3801.500000	7.069013e-02
3802.500000	6.874889e-02
3803.500000	6.780685e-02
3804.500000	6.644891e-02
3805.500000	6.517371e-02
3806.500000	6.565023e-02
3807.500000	6.483790e-02
3808.500000	6.059829e-02
3809.500000	6.854672e-02
3810.500000	6.281653e-02
3811.500000	6.363743e-02
3812.500000	6.599312e-02
3813.500000	6.824531e-02
3814.500000	6.913750e-02
3815.500000	6.428747e-02
3816.500000	6.643535e-02
3817.500000	6.871098e-02
3818.500000	6.630394e-02
3819.500000	6.833399e-02
3820.500000	6.704797e-02
3821.500000	6.818100e-02
3822.500000	6.656486e-02
3823.500000	6.517795e-02
3824.500000	6.816942e-02
3825.500000	6.657587e-02
3826.500000	6.459688e-02
3827.500000	6.596977e-02
3828.500000	6.527148e-02
3829.500000	6.496828e-02
3830.500000	6.479854e-02
3831.500000	6.548043e-02
3832.500000	6.667918e-02
3833.500000	6.644057e-02
3834.500000	6.554936e-02
3835.500000	6.262978e-02
3836.500000	6.630762e-02
3837.500000	6.587890e-02
3838.500000	6.654179e-02
3839.500000	6.615766e-02
3840.500000	6.204269e-02
3841.500000	6.501038e-02
3842.500000	6.381892e-02
3843.500000	6.711110e-02
3844.500000	6.883686e-02
3845.500000	6.619377e-02
3846.500000	6.369573e-02
3847.500000	5.978310e-02
3848.500000	6.312789e-02
3849.500000	6.317808e-02
3850.500000	6.370856e-02
3851.500000	6.602312e-02
3852.500000	6.290671e-02
3853.500000	6.194160e-02
3854.500000	6.752540e-02
3855.500000	6.387125e-02
3856.500000	6.632873e-02
3857.500000	6.489409e-02
3858.500000	6.613950e-02
3859.500000	6.652652e-02
3860.500000	6.798580e-02
3861.500000	6.809223e-02
3862.500000	6.615953e-02
3863.500000	6.216247e-02
3864.500000	6.494023e-02
3865.500000	6.405320e-02
3866.500000	6.524425e-02
3867.500000	6.389381e-02
3868.500000	6.399208e-02
3869.500000	6.556941e-02
3870.500000	6.652042e-02
3871.500000	6.266756e-02
3872.500000	6.270053e-02
3873.500000	6.429851e-02
3874.500000	6.479431e-02
3875.500000	6.549698e-02
3876.500000	6.161148e-02
3877.500000	6.362616e-02
3878.500000	6.375573e-02
3879.500000	6.177969e-02
3880.500000	6.510144e-02
3881.500000	6.497809e-02
3882.500000	6.416393e-02
3883.500000	6.643717e-02
3884.500000	6.620048e-02
3885.500000	6.392560e-02
3886.500000	6.408937e-02
3887.500000	6.159004e-02
3888.500000	5.883263e-02
3889.500000	6.387530e-02
3890.500000	6.051670e-02
3891.500000	6.013043e-02
3892.500000	6.128617e-02
3893.500000	6.162890e-02
3894.500000	6.318196e-02
3895.500000	6.309359e-02
3896.500000	6.392577e-02
3897.500000	6.233317e-02
3898.500000	6.151893e-02
3899.500000	6.245147e-02
3900.500000	6.448292e-02
3901.500000	6.470654e-02
3902.500000	6.356942e-02
3903.500000	6.420662e-02
3904.500000	6.124042e-02
3905.500000	6.264025e-02
3906.500000	6.427472e-02
3907.500000	6.409142e-02
3908.500000	6.335871e-02
3909.500000	6.217124e-02
3910.500000	6.210531e-02
3911.500000	6.055998e-02
3912.500000	6.127183e-02
3913.500000	6.127026e-02
3914.500000	5.864562e-02
3915.500000	6.112018e-02
3916.500000	6.383237e-02
3917.500000	6.197375e-02
3918.500000	6.419185e-02
3919.500000	6.106070e-02
3920.500000	6.110906e-02
3921.500000	6.252161e-02
3922.500000	6.344596e-02
3923.500000	6.189396e-02
3924.500000	6.238839e-02
3925.500000	6.395586e-02
3926.500000	6.053043e-02
3927.500000	6.218106e-02
3928.500000	6.323155e-02
3929.500000	6.301435e-02
3930.500000	5.655997e-02
3931.500000	5.976350e-02
3932.500000	5.895311e-02
3933.500000	5.919671e-02
3934.500000	6.356227e-02
3935.500000	5.955612e-02
3936.500000	6.225963e-02
3937.500000	6.258049e-02
3938.500000	6.086078e-02
3939.500000	6.126826e-02
3940.500000	5.969837e-02
3941.500000	6.098327e-02
3942.500000	6.154535e-02
3943.500000	6.242838e-02
3944.500000	6.194222e-02
3945.500000	6.025903e-02
3946.500000	6.159556e-02
3947.500000	6.027724e-02
3948.500000	6.085428e-02
3949.500000	6.209195e-02
3950.500000	5.945049e-02
3951.500000	5.861286e-02
3952.500000	5.946112e-02
3953.500000	6.109370e-02
3954.500000	6.027302e-02
3955.500000	5.932418e-02
3956.500000	5.891526e-02
3957.500000	6.052157e-02
3958.500000	6.076616e-02
3959.500000	6.086086e-02
3960.500000	6.101597e-02
3961.500000	6.147257e-02
3962.500000	5.957604e-02
3963.500000	5.837885e-02
3964.500000	5.792530e-02
3965.500000	5.859843e-02
3966.500000	6.014108e-02
3967.500000	5.972203e-02
3968.500000	5.953940e-02
3969.500000	6.003529e-02
3970.500000	5.675520e-02
3971.500000	5.946687e-02
3972.500000	5.930923e-02
3973.500000	5.876929e-02
3974.500000	5.432490e-02
3975.500000	6.053433e-02
3976.500000	5.680934e-02
3977.500000	5.856949e-02
3978.500000	5.577202e-02
3979.500000	5.647220e-02
3980.500000	5.704398e-02
3981.500000	5.687033e-02
3982.500000	5.757514e-02
3983.500000	5.820754e-02
3984.500000	5.763812e-02
3985.500000	5.698331e-02
3986.500000	5.691166e-02
3987.500000	5.717319e-02
3988.500000	5.840261e-02
3989.500000	5.613319e-02
3990.500000	5.918916e-02
3991.500000	5.515766e-02
3992.500000	5.870100e-02
3993.500000	5.751251e-02
3994.500000	5.833346e-02
3995.500000	5.889343e-02
3996.500000	5.699533e-02
3997.500000	5.873324e-02
3998.500000	5.517080e-02
3999.500000	5.449014e-02
4000.500000	5.804658e-02
4001.500000	5.609498e-02
4002.500000	5.708322e-02
4003.500000	5.829035e-02
4004.500000	5.448510e-02
4005.500000	5.622732e-02
4006.500000	5.460924e-02
4007.500000	5.355110e-02
4008.500000	5.619949e-02
4009.500000	5.591377e-02
4010.500000	5.687943e-02
4011.500000	5.805615e-02
4012.500000	5.683415e-02
4013.500000	5.632055e-02
4014.500000	5.263206e-02
4015.500000	5.544252e-02
4016.500000	5.314939e-02
4017.500000	5.301661e-02
4018.500000	5.669893e-02
4019.500000	5.104169e-02
4020.500000	5.400837e-02
4021.500000	5.383421e-02
4022.500000	5.641104e-02
4023.500000	5.386852e-02
4024.500000	5.501138e-02
4025.500000	5.749664e-02
4026.500000	5.310709e-02
4027.500000	5.548082e-02
4028.500000	5.541144e-02
4029.500000	5.532757e-02
4030.500000	5.177286e-02
4031.500000	5.581480e-02
4032.500000	5.497865e-02
4033.500000	5.303432e-02
4034.500000	5.479253e-02
4035.500000	5.739119e-02
4036.500000	5.488766e-02
4037.500000	5.332992e-02
4038.500000	5.730560e-02
4039.500000	5.588285e-02
4040.500000	4.964382e-02
4041.500000	5.205475e-02
4042.500000	5.502928e-02
4043.500000	5.089015e-02
4044.500000	4.819420e-02
4045.500000	5.209612e-02
4046.500000	5.320636e-02
4047.500000	5.098614e-02
4048.500000	5.298765e-02
4049.500000	5.314307e-02
4050.500000	5.290087e-02
4051.500000	5.007554e-02
4052.500000	5.264943e-02
4053.500000	5.501232e-02
4054.500000	5.204683e-02
4055.500000	5.413471e-02
4056.500000	5.627624e-02
4057.500000	5.228463e-02
4058.500000	5.159554e-02
4059.500000	5.210391e-02
4060.500000	5.142957e-02
4061.500000	5.010437e-02
4062.500000	4.955150e-02
4063.500000	5.144133e-02
4064.500000	5.220544e-02
4065.500000	5.491223e-02
4066.500000	4.876709e-02
4067.500000	5.360422e-02
4068.500000	5.077005e-02
4069.500000	5.211433e-02
4070.500000	5.284641e-02
4071.500000	5.312012e-02
4072.500000	5.210474e-02
4073.500000	5.169958e-02
4074.500000	4.689469e-02
4075.500000	5.198388e-02
4076.500000	4.843054e-02
4077.500000	5.134088e-02
4078.500000	5.084549e-02
4079.500000	4.982708e-02
4080.500000	5.190673e-02
4081.500000	5.097058e-02
4082.500000	5.072063e-02
4083.500000	4.699374e-02
4084.500000	4.873686e-02
4085.500000	4.785609e-02
4086.500000	4.754314e-02
4087.500000	4.846753e-02
4088.500000	4.838090e-02
4089.500000	5.166258e-02
4090.500000	4.883984e-02
4091.500000	4.645729e-02
4092.500000	5.073531e-02
4093.500000	4.969676e-02
4094.500000	4.991690e-02
4095.500000	4.871159e-02
4096.500000	5.010322e-02
4097.500000	4.761942e-02
4098.500000	5.024368e-02
4099.500000	4.881173e-02
4100.500000	5.263280e-02
4101.500000	4.860729e-02
4102.500000	4.782897e-02
4103.500000	4.961864e-02
4104.500000	5.144923e-02
4105.500000	5.275344e-02
4106.500000	5.039041e-02
4107.500000	4.949711e-02
4108.500000	4.910034e-02
4109.500000	4.545818e-02
4110.500000	4.588479e-02
4111.500000	5.104306e-02
4112.500000	5.177161e-02
4113.500000	5.053622e-02
4114.500000	4.973203e-02
4115.500000	4.564811e-02
4116.500000	4.865333e-02
4117.500000	4.409853e-02
4118.500000	4.938994e-02
4119.500000	4.835560e-02
4120.500000	4.940374e-02
4121.500000	4.850085e-02
4122.500000	5.215992e-02
4123.500000	4.601170e-02
4124.500000	4.562751e-02
4125.500000	4.994943e-02
4126.500000	4.823830e-02
4127.500000	4.936040e-02
4128.500000	4.598616e-02
4129.500000	4.473322e-02
4130.500000	4.741128e-02
4131.500000	4.973550e-02
4132.500000	4.438686e-02
4133.500000	4.693910e-02
4134.500000	5.086002e-02
4135.500000	4.932095e-02
4136.500000	4.808822e-02
4137.500000	4.683282e-02
4138.500000	4.579049e-02
4139.500000	4.636975e-02
4140.500000	4.584016e-02
4141.500000	4.973785e-02
4142.500000	4.972711e-02
4143.500000	4.874259e-02
4144.500000	4.648357e-02
4145.500000	4.583947e-02
4146.500000	4.827249e-02
4147.500000	4.695225e-02
4148.500000	5.079080e-02
4149.500000	4.701267e-02
4150.500000	4.612694e-02
4151.500000	4.608897e-02
4152.500000	5.055503e-02
4153.500000	5.122972e-02
4154.500000	4.567357e-02
4155.500000	4.845691e-02
4156.500000	4.371336e-02
4157.500000	4.583155e-02
4158.500000	4.627543e-02
4159.500000	4.743165e-02
4160.500000	4.456047e-02
4161.500000	4.597498e-02
4162.500000	4.462217e-02
4163.500000	4.636904e-02
4164.500000	4.714500e-02
4165.500000	4.236551e-02
4166.500000	4.321618e-02
4167.500000	4.608686e-02
4168.500000	4.334188e-02
4169.500000	4.592190e-02
4170.500000	4.503144e-02
4171.500000	4.417882e-02
4172.500000	4.498588e-02
4173.500000	4.773176e-02
4174.500000	4.468286e-02
4175.500000	4.544375e-02
4176.500000	4.857436e-02
4177.500000	4.501860e-02
4178.500000	4.516230e-02
4179.500000	4.584208e-02
4180.500000	4.758665e-02
4181.500000	4.776203e-02
4182.500000	4.472667e-02
4183.500000	4.611661e-02
4184.500000	4.342369e-02
4185.500000	4.022027e-02
4186.500000	4.598693e-02
4187.500000	4.290658e-02
4188.500000	4.615127e-02
4189.500000	4.758057e-02
4190.500000	4.371157e-02
4191.500000	4.676555e-02
4192.500000	4.670043e-02
4193.500000	4.340288e-02
4194.500000	4.606663e-02
4195.500000	4.751183e-02
4196.500000	4.581099e-02
4197.500000	4.515313e-02
4198.500000	4.506660e-02
4199.500000	4.288800e-02
4200.500000	4.661982e-02
4201.500000	4.564507e-02
4202.500000	4.647048e-02
4203.500000	4.345924e-02
4204.500000	4.434205e-02
4205.500000	4.203036e-02
4206.500000	4.590186e-02
4207.500000	4.635365e-02
4208.500000	4.490742e-02
4209.500000	4.370684e-02
4210.500000	4.253471e-02
4211.500000	4.623856e-02
4212.500000	4.215788e-02
4213.500000	4.171554e-02
4214.500000	4.116574e-02
4215.500000	4.343395e-02
4216.500000	4.475634e-02
4217.500000	4.405642e-02
4218.500000	4.317278e-02
4219.500000	4.292015e-02
4220.500000	4.298898e-02
4221.500000	4.220826e-02
4222.500000	4.249454e-02
4223.500000	4.488764e-02
4224.500000	4.419233e-02
4225.500000	4.683039e-02
4226.500000	4.529147e-02
4227.500000	4.369051e-02
4228.500000	4.233812e-02
4229.500000	4.336673e-02
4230.500000	4.262311e-02
4231.500000	4.745122e-02
4232.500000	4.382251e-02
4233.500000	4.280909e-02
4234.500000	4.484080e-02
4235.500000	4.527172e-02
4236.500000	4.532600e-02
4237.500000	4.458346e-02
4238.500000	4.274772e-02
4239.500000	4.353857e-02
4240.500000	4.279999e-02
4241.500000	4.263590e-02
4242.500000	4.294926e-02
4243.500000	3.931171e-02
4244.500000	4.296265e-02
4245.500000	4.438267e-02
4246.500000	4.095213e-02
4247.500000	4.397289e-02
4248.500000	4.185352e-02
4249.500000	4.293317e-02
4250.500000	3.968292e-02
4251.500000	4.059638e-02
4252.500000	4.104308e-02
4253.500000	4.016929e-02
4254.500000	4.354153e-02
4255.500000	4.313652e-02
4256.500000	4.210191e-02
4257.500000	4.107701e-02
4258.500000	4.201290e-02
4259.500000	3.869329e-02
4260.500000	4.354498e-02
4261.500000	4.221216e-02
4262.500000	4.289344e-02
4263.500000	4.107986e-02
4264.500000	4.223326e-02
4265.500000	4.253852e-02
4266.500000	4.038291e-02
4267.500000	4.324022e-02
4268.500000	4.077048e-02
4269.500000	4.128571e-02
4270.500000	4.285796e-02
4271.500000	4.174351e-02
4272.500000	4.116565e-02
4273.500000	4.062529e-02
4274.500000	4.443881e-02
4275.500000	3.670409e-02
4276.500000	4.275782e-02
4277.500000	4.180053e-02
4278.500000	4.487536e-02
4279.500000	4.073486e-02
4280.500000	4.299527e-02
4281.500000	4.081337e-02
4282.500000	4.070379e-02
4283.500000	4.118186e-02
4284.500000	4.124983e-02
4285.500000	4.416424e-02
4286.500000	4.185723e-02
4287.500000	4.030492e-02
4288.500000	4.341506e-02
4289.500000	4.090622e-02
4290.500000	4.158910e-02
4291.500000	4.370996e-02
4292.500000	3.986886e-02
4293.500000	3.836129e-02
4294.500000	3.961979e-02
4295.500000	3.716804e-02
4296.500000	3.672903e-02
4297.500000	3.877023e-02
4298.500000	3.973636e-02
4299.500000	3.970233e-02
4300.500000	4.035436e-02
4301.500000	3.969566e-02
4302.500000	3.897474e-02
4303.500000	3.690943e-02
4304.500000	3.794744e-02
4305.500000	3.749468e-02
4306.500000	3.912320e-02
4307.500000	3.945946e-02
4308.500000	3.767754e-02
4309.500000	3.906736e-02
4310.500000	3.807395e-02
4311.500000	4.052365e-02
4312.500000	3.855172e-02
4313.500000	3.973901e-02
4314.500000	4.060860e-02
4315.500000	3.815927e-02
4316.500000	3.909918e-02
4317.500000	3.577813e-02
4318.500000	4.069253e-02
4319.500000	3.565755e-02
4320.500000	3.907889e-02
4321.500000	3.875992e-02
4322.500000	4.161732e-02
4323.500000	4.007621e-02
4324.500000	3.528408e-02
4325.500000	4.183086e-02
4326.500000	3.619496e-02
4327.500000	4.085391e-02
4328.500000	3.614423e-02
4329.500000	4.128032e-02
4330.500000	3.858242e-02
4331.500000	3.597510e-02
4332.500000	4.119012e-02
4333.500000	3.422879e-02
4334.500000	3.977140e-02
4335.500000	4.176212e-02
4336.500000	3.344838e-02
4337.500000	3.958096e-02
4338.500000	3.717559e-02
4339.500000	3.523578e-02
4340.500000	3.968170e-02
4341.500000	3.695356e-02
4342.500000	3.845727e-02
4343.500000	3.850496e-02
4344.500000	3.432624e-02
4345.500000	3.822130e-02
4346.500000	3.714445e-02
4347.500000	3.530978e-02
4348.500000	3.910927e-02
4349.500000	4.009249e-02
4350.500000	3.331738e-02
4351.500000	3.596145e-02
4352.500000	3.576830e-02
4353.500000	3.446596e-02
4354.500000	3.578220e-02
4355.500000	3.823842e-02
4356.500000	3.780541e-02
4357.500000	3.371065e-02
4358.500000	3.969127e-02
4359.500000	3.668068e-02
4360.500000	3.309351e-02
4361.500000	3.854600e-02
4362.500000	3.789607e-02
4363.500000	3.376290e-02
4364.500000	3.680426e-02
4365.500000	3.819388e-02
4366.500000	3.684627e-02
4367.500000	3.195700e-02
4368.500000	3.567719e-02
4369.500000	3.999852e-02
4370.500000	3.330559e-02
4371.500000	3.686045e-02
4372.500000	3.567006e-02
4373.500000	3.829407e-02
4374.500000	3.035972e-02
4375.500000	3.750538e-02
4376.500000	3.548813e-02
4377.500000	3.758099e-02
4378.500000	3.059352e-02
4379.500000	3.739312e-02
4380.500000	3.706376e-02
4381.500000	3.680331e-02
4382.500000	3.150547e-02
4383.500000	3.401577e-02
4384.500000	3.800711e-02
4385.500000	3.461748e-02
4386.500000	3.251257e-02
4387.500000	3.767438e-02
4388.500000	3.643420e-02
4389.500000	3.837954e-02
4390.500000	2.996915e-02
4391.500000	3.890356e-02
4392.500000	3.830205e-02
4393.500000	3.347496e-02
4394.500000	3.196258e-02
4395.500000	3.896500e-02
4396.500000	3.267000e-02
4397.500000	3.742804e-02
4398.500000	3.011568e-02
4399.500000	3.256068e-02
4400.500000	3.854116e-02
4401.500000	3.511824e-02
4402.500000	2.807278e-02
4403.500000	3.744519e-02
4404.500000	3.582837e-02
4405.500000	3.337014e-02
4406.500000	3.539949e-02
4407.500000	3.159257e-02
4408.500000	3.326858e-02
4409.500000	3.570163e-02
4410.500000	3.684191e-02
4411.500000	2.801508e-02
4412.500000	3.572175e-02
4413.500000	3.813041e-02
4414.500000	3.345381e-02
4415.500000	3.145793e-02
4416.500000	3.285582e-02
4417.500000	3.627671e-02
4418.500000	3.229338e-02
4419.500000	3.650970e-02
4420.500000	2.935907e-02
4421.500000	3.200706e-02
4422.500000	3.322231e-02
4423.500000	3.647158e-02
4424.500000	3.396499e-02
4425.500000	2.689581e-02
4426.500000	3.478229e-02
4427.500000	3.631347e-02
4428.500000	3.543211e-02
4429.500000	2.981615e-02
4430.500000	2.950427e-02
4431.500000	3.672389e-02
4432.500000	3.209936e-02
4433.500000	3.412812e-02
4434.500000	3.042525e-02
4435.500000	3.092176e-02
4436.500000	3.036361e-02
4437.500000	3.488981e-02
4438.500000	3.347184e-02
4439.500000	3.157972e-02
4440.500000	2.652237e-02
4441.500000	3.256123e-02
4442.500000	3.770192e-02
4443.500000	3.466071e-02
4444.500000	3.023608e-02
4445.500000	3.082863e-02
4446.500000	3.392488e-02
4447.500000	3.777338e-02
4448.500000	3.350061e-02
4449.500000	3.063870e-02
4450.500000	2.882094e-02
4451.500000	3.556517e-02
4452.500000	3.225960e-02
4453.500000	3.253713e-02
4454.500000	3.430426e-02
4455.500000	2.650317e-02
4456.500000	3.567433e-02
4457.500000	2.921812e-02
4458.500000	3.574904e-02
4459.500000	3.266696e-02
4460.500000	3.164736e-02
4461.500000	2.852448e-02
4462.500000	3.438867e-02
4463.500000	3.617068e-02
4464.500000	3.301008e-02
4465.500000	3.363241e-02
4466.500000	2.616099e-02
4467.500000	2.975012e-02
4468.500000	3.432725e-02
4469.500000	3.545853e-02
4470.500000	3.035182e-02
4471.500000	2.662725e-02
4472.500000	3.107979e-02
4473.500000	3.540054e-02
4474.500000	3.189900e-02
4475.500000	2.969783e-02
4476.500000	3.596011e-02
4477.500000	2.530550e-02
4478.500000	3.335870e-02
4479.500000	3.481841e-02
4480.500000	2.886358e-02
4481.500000	3.023316e-02
4482.500000	3.455230e-02
4483.500000	2.855507e-02
4484.500000	3.435485e-02
4485.500000	2.916983e-02
4486.500000	3.710555e-02
4487.500000	3.462767e-02
4488.500000	3.017614e-02
4489.500000	2.791014e-02
4490.500000	2.875725e-02
4491.500000	3.287605e-02
4492.500000	3.142948e-02
4493.500000	3.161962e-02
4494.500000	3.015308e-02
4495.500000	2.693197e-02
4496.500000	2.960129e-02
4497.500000	3.415499e-02
4498.500000	3.208627e-02
4499.500000	3.308044e-02
4500.500000	2.451344e-02
4501.500000	3.031571e-02
4502.500000	3.713403e-02
4503.500000	3.186754e-02
4504.500000	3.149915e-02
4505.500000	2.653445e-02
4506.500000	2.729594e-02
4507.500000	2.891463e-02
4508.500000	3.635424e-02
4509.500000	3.051986e-02
4510.500000	2.994742e-02
4511.500000	3.036380e-02
4512.500000	3.186918e-02
4513.500000	2.523119e-02
4514.500000	3.490735e-02
4515.500000	3.389202e-02
4516.500000	2.816938e-02
4517.500000	3.257646e-02
4518.500000	3.189660e-02
4519.500000	2.555224e-02
4520.500000	3.364165e-02
4521.500000	2.577359e-02
4522.500000	2.871998e-02
4523.500000	3.449924e-02
4524.500000	3.057227e-02
4525.500000	2.857727e-02
4526.500000	3.073071e-02
4527.500000	2.466410e-02
4528.500000	3.259211e-02
4529.500000	3.292873e-02
4530.500000	3.276744e-02
4531.500000	2.911060e-02
4532.500000	2.429500e-02
4533.500000	2.773939e-02
4534.500000	3.055254e-02
4535.500000	3.274678e-02
4536.500000	2.882354e-02
4537.500000	3.433202e-02
4538.500000	2.706595e-02
4539.500000	2.979176e-02
4540.500000	3.436435e-02
4541.500000	2.793323e-02
4542.500000	3.089422e-02
4543.500000	3.137526e-02
4544.500000	2.834068e-02
4545.500000	2.459988e-02
4546.500000	2.817404e-02
4547.500000	3.151993e-02
4548.500000	3.102862e-02
4549.500000	3.150407e-02
4550.500000	2.713211e-02
4551.500000	2.807531e-02
4552.500000	2.475597e-02
4553.500000	3.291658e-02
4554.500000	2.998184e-02
4555.500000	3.528748e-02
4556.500000	2.736493e-02
4557.500000	2.939392e-02
4558.500000	2.867544e-02
4559.500000	2.502184e-02
4560.500000	3.491499e-02
4561.500000	3.304905e-02
4562.500000	2.599998e-02
4563.500000	2.854990e-02
4564.500000	3.281509e-02
4565.500000	2.709488e-02
4566.500000	2.544304e-02
4567.500000	2.679935e-02
4568.500000	3.155448e-02
4569.500000	2.523333e-02
4570.500000	2.916874e-02
4571.500000	3.047906e-02
4572.500000	2.830486e-02
4573.500000	2.579148e-02
4574.500000	3.278910e-02
4575.500000	2.595984e-02
4576.500000	2.949275e-02
4577.500000	3.330469e-02
4578.500000	2.780876e-02
4579.500000	2.947169e-02
4580.500000	2.455415e-02
4581.500000	3.173875e-02
4582.500000	2.700985e-02
4583.500000	3.233955e-02
4584.500000	2.513063e-02
4585.500000	3.047806e-02
4586.500000	3.262685e-02
4587.500000	2.529268e-02
4588.500000	2.650781e-02
4589.500000	2.672918e-02
4590.500000	2.846849e-02
4591.500000	3.230923e-02
4592.500000	3.314258e-02
4593.500000	2.741498e-02
4594.500000	2.489076e-02
4595.500000	2.247177e-02
4596.500000	2.828043e-02
4597.500000	3.022057e-02
4598.500000	3.140432e-02
4599.500000	2.792630e-02
4600.500000	3.136205e-02
4601.500000	2.713172e-02
4602.500000	2.247714e-02
4603.500000	3.127355e-02
4604.500000	2.691786e-02
4605.500000	3.029920e-02
4606.500000	3.194314e-02
4607.500000	3.040238e-02
4608.500000	2.493848e-02
4609.500000	2.342455e-02
4610.500000	3.000081e-02
4611.500000	3.133196e-02
4612.500000	3.080430e-02
4613.500000	2.894867e-02
4614.500000	2.449207e-02
4615.500000	2.662189e-02
4616.500000	2.667632e-02
4617.500000	2.507119e-02
4618.500000	3.001223e-02
4619.500000	3.230010e-02
4620.500000	2.405805e-02
4621.500000	2.898886e-02
4622.500000	2.888076e-02
4623.500000	2.660578e-02
4624.500000	2.917240e-02
4625.500000	2.303981e-02
4626.500000	2.519938e-02
4627.500000	3.102078e-02
4628.500000	3.385406e-02
4629.500000	2.981347e-02
4630.500000	2.389434e-02
4631.500000	2.789148e-02
4632.500000	3.094316e-02
4633.500000	2.480263e-02
4634.500000	2.924978e-02
4635.500000	2.898420e-02
4636.500000	2.559461e-02
4637.500000	2.370073e-02
4638.500000	3.050097e-02
4639.500000	2.616855e-02
4640.500000	2.946842e-02
4641.500000	2.701441e-02
4642.500000	2.741306e-02
4643.500000	2.708005e-02
4644.500000	2.642188e-02
4645.500000	2.908036e-02
4646.500000	2.617945e-02
4647.500000	2.838300e-02
4648.500000	2.666493e-02
4649.500000	2.721157e-02
4650.500000	2.755070e-02
4651.500000	3.069277e-02
4652.500000	2.385739e-02
4653.500000	2.580782e-02
4654.500000	2.780360e-02
4655.500000	2.932169e-02
4656.500000	2.948592e-02
4657.500000	2.569661e-02
4658.500000	2.980686e-02
4659.500000	2.571430e-02
4660.500000	2.468295e-02
4661.500000	2.813487e-02
4662.500000	2.786646e-02
4663.500000	2.822480e-02
4664.500000	2.827178e-02
4665.500000	3.178486e-02
4666.500000	2.467958e-02
4667.500000	2.350329e-02
4668.500000	2.721703e-02
4669.500000	2.830508e-02
4670.500000	2.869973e-02
4671.500000	2.877307e-02
4672.500000	2.511766e-02
4673.500000	2.477343e-02
4674.500000	2.584279e-02
4675.500000	2.654828e-02
4676.500000	2.974679e-02
4677.500000	2.750620e-02
4678.500000	2.786435e-02
4679.500000	2.591792e-02
4680.500000	2.623157e-02
4681.500000	2.710975e-02
4682.500000	2.578386e-02
4683.500000	2.536215e-02
4684.500000	2.773288e-02
4685.500000	2.543814e-02
4686.500000	2.843171e-02
4687.500000	2.966184e-02
4688.500000	2.596231e-02
4689.500000	2.856221e-02
4690.500000	2.588387e-02
4691.500000	2.243998e-02
4692.500000	2.791483e-02
4693.500000	3.062686e-02
4694.500000	2.845324e-02
4695.500000	2.559223e-02
4696.500000	2.688239e-02
4697.500000	2.890344e-02
4698.500000	2.456007e-02
4699.500000	2.234919e-02
4700.500000	2.623925e-02
4701.500000	3.037071e-02
4702.500000	2.816670e-02
4703.500000	2.434010e-02
4704.500000	2.989213e-02
4705.500000	2.520610e-02
4706.500000	2.801199e-02
4707.500000	2.295173e-02
4708.500000	2.364236e-02
4709.500000	2.949938e-02
4710.500000	2.486121e-02
4711.500000	2.729714e-02
4712.500000	2.518316e-02
4713.500000	2.629701e-02
4714.500000	2.893157e-02
4715.500000	2.636030e-02
4716.500000	2.722470e-02
4717.500000	2.371673e-02
4718.500000	2.320535e-02
4719.500000	2.569977e-02
4720.500000	2.628527e-02
4721.500000	2.699564e-02
4722.500000	2.902577e-02
4723.500000	2.706495e-02
4724.500000	2.757730e-02
4725.500000	2.761440e-02
4726.500000	2.063682e-02
4727.500000	2.416325e-02
4728.500000	2.832352e-02
4729.500000	2.465845e-02
4730.500000	2.896194e-02
4731.500000	2.818358e-02
4732.500000	2.556893e-02
4733.500000	2.536773e-02
4734.500000	2.351964e-02
4735.500000	2.333492e-02
4736.500000	2.551379e-02
4737.500000	2.817801e-02
4738.500000	2.631870e-02
4739.500000	2.627233e-02
4740.500000	2.498168e-02
4741.500000	2.451661e-02
4742.500000	2.546647e-02
4743.500000	3.090607e-02
4744.500000	2.588624e-02
4745.500000	2.244064e-02
4746.500000	2.809033e-02
4747.500000	2.719503e-02
4748.500000	2.624669e-02
4749.500000	2.442413e-02
4750.500000	2.488697e-02
4751.500000	2.529165e-02
4752.500000	2.730441e-02
4753.500000	2.663978e-02
4754.500000	2.168392e-02
4755.500000	2.425543e-02
4756.500000	2.856675e-02
4757.500000	2.700659e-02
4758.500000	2.394170e-02
4759.500000	2.769932e-02
4760.500000	2.647612e-02
4761.500000	2.398670e-02
4762.500000	2.531815e-02
4763.500000	2.305886e-02
4764.500000	2.435672e-02
4765.500000	2.501665e-02
4766.500000	2.432552e-02
4767.500000	2.391426e-02
4768.500000	2.634631e-02
4769.500000	2.791485e-02
4770.500000	2.548518e-02
4771.500000	2.672283e-02
4772.500000	2.382888e-02
4773.500000	2.097507e-02
4774.500000	2.750179e-02
4775.500000	2.374258e-02
4776.500000	2.428192e-02
4777.500000	2.431544e-02
4778.500000	2.331368e-02
4779.500000	2.287048e-02
4780.500000	2.483186e-02
4781.500000	2.627855e-02
4782.500000	2.822148e-02
4783.500000	2.041920e-02
4784.500000	2.408361e-02
4785.500000	2.661503e-02
4786.500000	2.141267e-02
4787.500000	2.443601e-02
4788.500000	2.865644e-02
4789.500000	2.625227e-02
4790.500000	2.386492e-02
4791.500000	2.668660e-02
4792.500000	2.471995e-02
4793.500000	2.066945e-02
4794.500000	2.368903e-02
4795.500000	2.314052e-02
4796.500000	2.571465e-02
4797.500000	2.686365e-02
4798.500000	2.983775e-02
4799.500000	2.714016e-02
4800.500000	2.276730e-02
4801.500000	2.409569e-02
4802.500000	2.359216e-02
4803.500000	2.327950e-02
4804.500000	2.141696e-02
4805.500000	2.637395e-02
4806.500000	2.515197e-02
4807.500000	2.612731e-02
4808.500000	2.564268e-02
4809.500000	2.573120e-02
4810.500000	2.187403e-02
4811.500000	2.354986e-02
4812.500000	2.490523e-02
4813.500000	2.006878e-02
4814.500000	2.097725e-02
4815.500000	2.442590e-02
4816.500000	2.583566e-02
4817.500000	2.563543e-02
4818.500000	2.647240e-02
4819.500000	2.366784e-02
4820.500000	2.403434e-02
4821.500000	2.884053e-02
4822.500000	2.595718e-02
4823.500000	1.892672e-02
4824.500000	2.452784e-02
4825.500000	2.553317e-02
4826.500000	2.755736e-02
4827.500000	2.343971e-02
4828.500000	2.410913e-02
4829.500000	2.578483e-02
4830.500000	2.748795e-02
4831.500000	2.500839e-02
4832.500000	2.423345e-02
4833.500000	1.810274e-02
4834.500000	2.507588e-02
4835.500000	2.281018e-02
4836.500000	2.467612e-02
4837.500000	2.224070e-02
4838.500000	2.722606e-02
4839.500000	2.547235e-02
4840.500000	2.111567e-02
4841.500000	2.584027e-02
4842.500000	2.268786e-02
4843.500000	2.028407e-02
4844.500000	2.404673e-02
4845.500000	2.792392e-02
4846.500000	2.371885e-02
4847.500000	2.594846e-02
4848.500000	2.250448e-02
4849.500000	2.546494e-02
4850.500000	2.578364e-02
4851.500000	2.531353e-02
4852.500000	2.359475e-02
4853.500000	2.062235e-02
4854.500000	2.039351e-02
4855.500000	2.651516e-02
4856.500000	2.213571e-02
4857.500000	2.304746e-02
4858.500000	2.405233e-02
4859.500000	2.575641e-02
4860.500000	2.464769e-02
4861.500000	2.715035e-02
4862.500000	2.571440e-02
4863.500000	2.071973e-02
4864.500000	2.168919e-02
4865.500000	1.878228e-02
4866.500000	2.350941e-02
4867.500000	2.515340e-02
4868.500000	2.505087e-02
4869.500000	2.497774e-02
4870.500000	2.491847e-02
4871.500000	2.229926e-02
4872.500000	2.292179e-02
4873.500000	2.222204e-02
4874.500000	2.452344e-02
4875.500000	2.071464e-02
4876.500000	1.938265e-02
4877.500000	2.295284e-02
4878.500000	2.419584e-02
4879.500000	2.537571e-02
4880.500000	2.436586e-02
4881.500000	2.220432e-02
4882.500000	2.723245e-02
4883.500000	2.370686e-02
4884.500000	2.110768e-02
4885.500000	2.086946e-02
4886.500000	2.131253e-02
4887.500000	2.459914e-02
4888.500000	2.590161e-02
4889.500000	2.355867e-02
4890.500000	2.381152e-02
4891.500000	2.458862e-02
4892.500000	2.420983e-02
4893.500000	2.382833e-02
4894.500000	2.087855e-02
4895.500000	2.090873e-02
4896.500000	2.455810e-02
4897.500000	2.048029e-02
4898.500000	2.025077e-02
4899.500000	2.228907e-02
4900.500000	2.677452e-02
4901.500000	2.433548e-02
4902.500000	2.423435e-02
4903.500000	2.508450e-02
4904.500000	2.546078e-02
4905.500000	1.792839e-02
4906.500000	2.349564e-02
4907.500000	2.338487e-02
4908.500000	2.216626e-02
4909.500000	2.112532e-02
4910.500000	2.489740e-02
4911.500000	2.365056e-02
4912.500000	2.212557e-02
4913.500000	2.458303e-02
4914.500000	2.481545e-02
4915.500000	2.040664e-02
4916.500000	2.108474e-02
4917.500000	2.511676e-02
4918.500000	2.319561e-02
4919.500000	2.400512e-02
4920.500000	1.941352e-02
4921.500000	2.561537e-02
4922.500000	2.417655e-02
4923.500000	2.418171e-02
4924.500000	2.195824e-02
4925.500000	2.069691e-02
4926.500000	2.121690e-02
4927.500000	2.171494e-02
4928.500000	1.999848e-02
4929.500000	2.409990e-02
4930.500000	2.444485e-02
4931.500000	2.137662e-02
4932.500000	2.064985e-02
4933.500000	2.373542e-02
4934.500000	2.332493e-02
4935.500000	2.048156e-02
4936.500000	1.929308e-02
4937.500000	2.053006e-02
4938.500000	2.076453e-02
4939.500000	2.453489e-02
4940.500000	2.625051e-02
4941.500000	2.461299e-02
4942.500000	2.110508e-02
4943.500000	1.875115e-02
4944.500000	2.455232e-02
4945.500000	2.611000e-02
4946.500000	2.049137e-02
4947.500000	2.215631e-02
4948.500000	1.896093e-02
4949.500000	2.126913e-02
4950.500000	2.297412e-02
4951.500000	2.378523e-02
4952.500000	2.092463e-02
4953.500000	2.060546e-02
4954.500000	1.934487e-02
4955.500000	2.040701e-02
4956.500000	2.578567e-02
4957.500000	1.873099e-02
4958.500000	2.191779e-02
4959.500000	2.144965e-02
4960.500000	1.882162e-02
4961.500000	2.408901e-02
4962.500000	2.294297e-02
4963.500000	2.305998e-02
4964.500000	2.360977e-02
4965.500000	2.184550e-02
4966.500000	2.039659e-02
4967.500000	1.989977e-02
4968.500000	1.809903e-02
4969.500000	1.965565e-02
4970.500000	2.295635e-02
4971.500000	1.926184e-02
4972.500000	2.187828e-02
4973.500000	2.350601e-02
4974.500000	2.499383e-02
4975.500000	2.324072e-02
4976.500000	2.317525e-02
4977.500000	2.293276e-02
4978.500000	1.889442e-02
4979.500000	2.063140e-02
4980.500000	2.109752e-02
4981.500000	2.308308e-02
4982.500000	2.162091e-02
4983.500000	1.929274e-02
4984.500000	2.452678e-02
4985.500000	2.232427e-02
4986.500000	2.356638e-02
4987.500000	2.583020e-02
4988.500000	2.290157e-02
4989.500000	1.984197e-02
4990.500000	1.778234e-02
4991.500000	2.044329e-02
4992.500000	2.246288e-02
4993.500000	2.194367e-02
4994.500000	2.007044e-02
4995.500000	1.928734e-02
4996.500000	2.115556e-02
4997.500000	2.059687e-02
4998.500000	2.407856e-02
4999.500000	1.826586e-02
