100.500000	5.841982e-05
101.500000	5.841982e-05
102.500000	5.841982e-05
103.500000	5.841982e-05
104.500000	5.841982e-05
105.500000	5.841982e-05
106.500000	5.841982e-05
107.500000	5.841982e-05
108.500000	5.841982e-05
109.500000	5.841982e-05
110.500000	5.841982e-05
111.500000	5.841982e-05
112.500000	5.841982e-05
113.500000	5.841982e-05
114.500000	5.841982e-05
115.500000	5.841982e-05
116.500000	5.769010e-05
117.500000	6.719821e-05
118.500000	6.693863e-06
119.500000	2.835314e-05
120.500000	9.102188e-05
121.500000	1.721662e-02
122.500000	3.544110e-05
123.500000	6.492913e-05
124.500000	3.745967e-05
125.500000	1.741559e-05
126.500000	2.398979e-05
127.500000	1.875244e-05
128.500000	1.123597e-05
129.500000	1.460666e-05
130.500000	2.098418e-05
131.500000	9.084032e-06
132.500000	1.061369e-05
133.500000	1.057802e-04
134.500000	8.338027e-09
135.500000	1.046543e-08
136.500000	2.136619e-06
137.500000	8.899860e-09
138.500000	4.114033e-08
139.500000	5.048893e-05
140.500000	3.915418e-05
141.500000	2.495878e-06
142.500000	4.010101e-06
143.500000	9.800010e-06
144.500000	9.164360e-06
145.500000	7.894341e-06
146.500000	1.431947e-05
147.500000	2.095213e-06
148.500000	1.231644e-05
149.500000	1.745790e-05
150.500000	1.228316e-05
151.500000	3.222687e-07
152.500000	1.094635e-05
153.500000	9.835219e-06
154.500000	2.154959e-04
155.500000	1.018676e-04
156.500000	4.339493e-05
157.500000	1.389237e-05
158.500000	6.066875e-06
159.500000	2.150514e-07
160.500000	1.172953e-06
161.500000	4.831376e-06
162.500000	4.481846e-07
163.500000	1.778398e-05
164.500000	1.000635e-04
165.500000	1.251686e-05
166.500000	6.955768e-06
167.500000	4.821736e-05
168.500000	9.022829e-09
169.500000	9.022829e-09
170.500000	9.022829e-09
171.500000	9.022829e-09
172.500000	9.022829e-09
173.500000	9.022829e-09
174.500000	9.022829e-09
175.500000	9.022829e-09
176.500000	6.133467e-06
177.500000	8.534895e-05
178.500000	1.520650e-04
179.500000	8.346299e-05
180.500000	1.570276e-04
181.500000	1.440668e-04
182.500000	2.266997e-06
183.500000	2.266997e-06
184.500000	2.266997e-06
185.500000	2.266997e-06
186.500000	2.266997e-06
187.500000	2.266997e-06
188.500000	2.266997e-06
189.500000	2.266997e-06
190.500000	2.266997e-06
191.500000	2.266997e-06
192.500000	2.266997e-06
193.500000	1.584161e-06
194.500000	1.209992e-06
195.500000	1.209992e-06
196.500000	1.209992e-06
197.500000	1.209992e-06
198.500000	1.317433e-06
199.500000	2.907636e-05
200.500000	1.123047e-05
201.500000	6.162150e-05
202.500000	3.572800e-05
203.500000	2.647325e-05
204.500000	6.320180e-05
205.500000	3.329711e-05
206.500000	2.083407e-05
207.500000	2.921046e-05
208.500000	7.686837e-05
209.500000	6.018767e-05
210.500000	3.296113e-05
211.500000	1.228824e-05
212.500000	5.857001e-05
213.500000	3.107443e-05
214.500000	1.497783e-05
215.500000	7.000702e-05
216.500000	3.680886e-05
217.500000	1.651304e-05
218.500000	6.245438e-07
219.500000	9.745965e-06
220.500000	2.367771e-06
221.500000	1.942448e-05
222.500000	8.341113e-06
223.500000	1.086557e-05
224.500000	5.553538e-05
225.500000	7.788092e-05
226.500000	5.776014e-07
227.500000	1.192617e-06
228.500000	1.428618e-06
229.500000	2.438173e-06
230.500000	1.928972e-05
231.500000	2.904665e-05
232.500000	7.343397e-05
233.500000	1.057500e-04
234.500000	1.505505e-04
235.500000	6.226052e-05
236.500000	8.434206e-05
237.500000	1.006619e-04
238.500000	2.342020e-04
239.500000	1.584559e-04
240.500000	1.185920e-04
241.500000	8.527916e-05
242.500000	6.367658e-05
243.500000	5.397527e-05
244.500000	7.215545e-05
245.500000	4.516277e-05
246.500000	5.078772e-05
247.500000	8.724849e-05
248.500000	6.369977e-05
249.500000	2.914650e-05
250.500000	7.100106e-05
251.500000	4.128562e-05
252.500000	5.395370e-05
253.500000	1.064721e-04
254.500000	1.144006e-04
255.500000	9.123167e-05
256.500000	9.632863e-05
257.500000	1.047511e-04
258.500000	2.127160e-04
259.500000	1.571866e-04
260.500000	2.396868e-04
261.500000	3.177989e-04
262.500000	3.965356e-04
263.500000	4.031250e-04
264.500000	2.242576e-04
265.500000	3.091499e-04
266.500000	3.494569e-04
267.500000	4.207270e-04
268.500000	3.107821e-04
269.500000	2.882999e-04
270.500000	3.494401e-04
271.500000	4.165009e-04
272.500000	3.389611e-04
273.500000	4.454422e-04
274.500000	5.791324e-04
275.500000	5.683442e-04
276.500000	6.309142e-04
277.500000	7.824275e-04
278.500000	7.480485e-04
279.500000	3.169348e-03
280.500000	2.704638e-03
281.500000	6.817136e-04
282.500000	6.655082e-04
283.500000	6.563594e-04
284.500000	5.193937e-04
285.500000	3.188013e-04
286.500000	6.503408e-04
287.500000	8.313663e-04
288.500000	1.145662e-03
289.500000	1.246364e-03
290.500000	1.205838e-03
291.500000	1.346680e-03
292.500000	1.349912e-03
293.500000	1.184605e-03
294.500000	1.237556e-03
295.500000	1.164933e-03
296.500000	9.848219e-04
297.500000	1.122962e-03
298.500000	1.215718e-03
299.500000	1.395956e-03
300.500000	1.210125e-03
301.500000	1.347922e-03
302.500000	9.253458e-04
303.500000	1.345993e-03
304.500000	1.341713e-03
305.500000	1.481489e-03
306.500000	1.522460e-03
307.500000	2.046780e-03
308.500000	2.164718e-03
309.500000	1.852314e-03
310.500000	2.240665e-03
311.500000	2.891736e-03
312.500000	2.557694e-03
313.500000	2.954505e-03
314.500000	3.042214e-03
315.500000	3.214337e-03
316.500000	4.361026e-03
317.500000	4.694836e-03
318.500000	3.815055e-03
319.500000	7.232827e-03
320.500000	9.293095e-03
321.500000	3.386514e-03
322.500000	8.724129e-03
323.500000	8.445810e-03
324.500000	1.489301e-02
325.500000	3.384411e-03
326.500000	2.320322e-03
327.500000	9.608839e-04
328.500000	2.214003e-03
329.500000	4.059242e-03
330.500000	9.407406e-03
331.500000	7.574144e-03
332.500000	1.135234e-02
333.500000	1.153207e-02
334.500000	1.524298e-02
335.500000	2.425898e-02
336.500000	1.385210e-02
337.500000	2.337577e-02
338.500000	1.645101e-02
339.500000	1.735756e-02
340.500000	1.509468e-02
341.500000	2.133371e-02
342.500000	2.810006e-02
343.500000	1.673730e-02
344.500000	1.295610e-02
345.500000	3.226137e-02
346.500000	2.263026e-02
347.500000	1.722559e-02
348.500000	3.252643e-02
349.500000	1.700030e-02
350.500000	2.547600e-02
351.500000	2.760396e-02
352.500000	2.488911e-02
353.500000	3.777880e-02
354.500000	4.462750e-02
355.500000	3.435797e-02
356.500000	2.357577e-02
357.500000	2.521381e-02
358.500000	2.350939e-02
359.500000	2.923428e-02
360.500000	2.614393e-02
361.500000	2.870163e-02
362.500000	3.505474e-02
363.500000	2.914451e-02
364.500000	3.077368e-02
365.500000	3.000391e-02
366.500000	3.711874e-02
367.500000	2.945599e-02
368.500000	2.999302e-02
369.500000	3.817192e-02
370.500000	2.970932e-02
371.500000	3.414210e-02
372.500000	2.022394e-02
373.500000	2.275569e-02
374.500000	2.258300e-02
375.500000	3.264091e-02
376.500000	3.829831e-02
377.500000	4.612252e-02
378.500000	3.976392e-02
379.500000	4.328753e-02
380.500000	4.256387e-02
381.500000	3.304729e-02
382.500000	2.679691e-02
383.500000	3.926680e-02
384.500000	4.250046e-02
385.500000	2.635492e-02
386.500000	3.713665e-02
387.500000	3.904231e-02
388.500000	3.700275e-02
389.500000	4.488661e-02
390.500000	4.767379e-02
391.500000	5.488163e-02
392.500000	4.338082e-02
393.500000	3.604445e-02
394.500000	4.161994e-02
395.500000	5.533837e-02
396.500000	3.480691e-02
397.500000	5.377142e-02
398.500000	7.452976e-02
399.500000	7.633478e-02
400.500000	7.481953e-02
401.500000	9.307760e-02
402.500000	8.540479e-02
403.500000	6.720451e-02
404.500000	8.386853e-02
405.500000	9.240063e-02
406.500000	8.268803e-02
407.500000	8.146004e-02
408.500000	8.632850e-02
409.500000	8.298032e-02
410.500000	8.081552e-02
411.500000	8.387694e-02
412.500000	8.410192e-02
413.500000	8.526039e-02
414.500000	8.682632e-02
415.500000	9.254005e-02
416.500000	1.001569e-01
417.500000	9.314769e-02
418.500000	9.610834e-02
419.500000	8.763684e-02
420.500000	8.727604e-02
421.500000	7.203190e-02
422.500000	3.207612e-02
423.500000	4.215244e-02
424.500000	7.169858e-02
425.500000	6.835309e-02
426.500000	8.050351e-02
427.500000	7.212167e-02
428.500000	8.408123e-02
429.500000	8.188774e-02
430.500000	8.472494e-02
431.500000	9.849697e-02
432.500000	1.028455e-01
433.500000	1.126749e-01
434.500000	1.125137e-01
435.500000	1.084184e-01
436.500000	1.100478e-01
437.500000	1.129110e-01
438.500000	1.094283e-01
439.500000	1.248925e-01
440.500000	1.184094e-01
441.500000	1.385236e-01
442.500000	1.371886e-01
443.500000	1.303481e-01
444.500000	1.592371e-01
445.500000	1.410936e-01
446.500000	1.508412e-01
447.500000	1.749398e-01
448.500000	1.790260e-01
449.500000	1.778180e-01
450.500000	1.841115e-01
451.500000	1.834379e-01
452.500000	1.898879e-01
453.500000	1.736434e-01
454.500000	1.958856e-01
455.500000	2.073491e-01
456.500000	2.329294e-01
457.500000	2.406579e-01
458.500000	2.120695e-01
459.500000	2.157816e-01
460.500000	2.192778e-01
461.500000	2.446240e-01
462.500000	2.414899e-01
463.500000	2.174130e-01
464.500000	2.212521e-01
465.500000	2.211440e-01
466.500000	2.409262e-01
467.500000	2.119007e-01
468.500000	2.159277e-01
469.500000	2.353709e-01
470.500000	2.400687e-01
471.500000	2.284683e-01
472.500000	2.298508e-01
473.500000	2.326753e-01
474.500000	2.386116e-01
475.500000	2.418176e-01
476.500000	1.873719e-01
477.500000	1.711125e-01
478.500000	1.786643e-01
479.500000	2.043048e-01
480.500000	2.020589e-01
481.500000	1.923000e-01
482.500000	2.015536e-01
483.500000	2.093232e-01
484.500000	2.120117e-01
485.500000	2.034418e-01
486.500000	2.087185e-01
487.500000	2.146859e-01
488.500000	2.269562e-01
489.500000	2.470465e-01
490.500000	2.616147e-01
491.500000	2.731765e-01
492.500000	2.822455e-01
493.500000	2.989359e-01
494.500000	3.118769e-01
495.500000	2.663139e-01
496.500000	1.966921e-01
497.500000	2.309744e-01
498.500000	2.337294e-01
499.500000	2.393199e-01
500.500000	2.146715e-01
501.500000	2.132601e-01
502.500000	2.283142e-01
503.500000	2.435667e-01
504.500000	2.489141e-01
505.500000	2.470961e-01
506.500000	2.542163e-01
507.500000	2.622038e-01
508.500000	2.499227e-01
509.500000	2.613387e-01
510.500000	2.414775e-01
511.500000	2.644788e-01
512.500000	2.554245e-01
513.500000	2.680238e-01
514.500000	2.683215e-01
515.500000	2.585636e-01
516.500000	2.680063e-01
517.500000	1.649055e-01
518.500000	1.938507e-01
519.500000	2.499266e-01
520.500000	2.139955e-01
521.500000	2.635447e-01
522.500000	3.144939e-01
523.500000	3.373278e-01
524.500000	3.207863e-01
525.500000	3.232207e-01
526.500000	2.923884e-01
527.500000	3.134756e-01
528.500000	3.548376e-01
529.500000	3.561062e-01
530.500000	3.560924e-01
531.500000	3.665899e-01
532.500000	3.527843e-01
533.500000	3.498980e-01
534.500000	3.561681e-01
535.500000	3.905617e-01
536.500000	3.894755e-01
537.500000	3.878632e-01
538.500000	4.260922e-01
539.500000	4.155803e-01
540.500000	4.111908e-01
541.500000	4.259646e-01
542.500000	4.399899e-01
543.500000	4.198023e-01
544.500000	4.317687e-01
545.500000	3.041718e-01
546.500000	3.349288e-01
547.500000	3.534192e-01
548.500000	3.782851e-01
549.500000	3.757436e-01
550.500000	3.269983e-01
551.500000	3.229589e-01
552.500000	3.491233e-01
553.500000	3.365926e-01
554.500000	3.323225e-01
555.500000	3.551658e-01
556.500000	3.676394e-01
557.500000	3.732040e-01
558.500000	3.866966e-01
559.500000	3.586300e-01
560.500000	3.357462e-01
561.500000	3.458693e-01
562.500000	3.474574e-01
563.500000	3.389297e-01
564.500000	3.601309e-01
565.500000	3.921293e-01
566.500000	3.713127e-01
567.500000	3.752245e-01
568.500000	3.913962e-01
569.500000	4.099868e-01
570.500000	4.235500e-01
571.500000	4.449765e-01
572.500000	4.682437e-01
573.500000	4.931763e-01
574.500000	5.137446e-01
575.500000	5.130260e-01
576.500000	4.391839e-01
577.500000	4.687569e-01
578.500000	4.829428e-01
579.500000	5.098424e-01
580.500000	5.231425e-01
581.500000	4.644478e-01
582.500000	4.900745e-01
583.500000	5.047118e-01
584.500000	4.535811e-01
585.500000	3.567152e-01
586.500000	3.254819e-01
587.500000	2.688462e-01
588.500000	1.766129e-01
589.500000	9.193691e-02
590.500000	1.916747e-01
591.500000	2.606887e-01
592.500000	2.895962e-01
593.500000	3.262181e-01
594.500000	3.600000e-01
595.500000	3.593387e-01
596.500000	3.777307e-01
597.500000	3.896738e-01
598.500000	4.174031e-01
599.500000	4.331209e-01
600.500000	4.316617e-01
601.500000	4.596118e-01
602.500000	4.814979e-01
603.500000	5.097761e-01
604.500000	5.164447e-01
605.500000	5.333988e-01
606.500000	5.403197e-01
607.500000	5.825066e-01
608.500000	5.934807e-01
609.500000	5.699030e-01
610.500000	5.065129e-01
611.500000	5.794466e-01
612.500000	4.769266e-01
613.500000	5.878369e-01
614.500000	6.229622e-01
615.500000	5.231106e-01
616.500000	3.138559e-01
617.500000	3.828944e-01
618.500000	4.002401e-01
619.500000	3.428818e-01
620.500000	3.815258e-01
621.500000	3.467683e-01
622.500000	3.061054e-01
623.500000	3.196042e-01
624.500000	3.227830e-01
625.500000	3.528976e-01
626.500000	3.786781e-01
627.500000	3.831940e-01
628.500000	3.935521e-01
629.500000	4.023159e-01
630.500000	4.192430e-01
631.500000	4.464385e-01
632.500000	4.408737e-01
633.500000	4.603991e-01
634.500000	5.106052e-01
635.500000	4.671808e-01
636.500000	4.130760e-01
637.500000	4.124650e-01
638.500000	3.784000e-01
639.500000	4.033314e-01
640.500000	4.535382e-01
641.500000	4.787652e-01
642.500000	4.809586e-01
643.500000	4.878089e-01
644.500000	4.998260e-01
645.500000	5.288587e-01
646.500000	5.236744e-01
647.500000	5.981540e-01
648.500000	5.769070e-01
649.500000	5.243765e-01
650.500000	5.838912e-01
651.500000	6.305860e-01
652.500000	6.528413e-01
653.500000	6.818088e-01
654.500000	6.681616e-01
655.500000	6.217998e-01
656.500000	6.502875e-01
657.500000	5.947613e-01
658.500000	6.459979e-01
659.500000	6.518689e-01
660.500000	6.535141e-01
661.500000	6.326052e-01
662.500000	6.164109e-01
663.500000	6.198939e-01
664.500000	6.243208e-01
665.500000	5.191037e-01
666.500000	5.361722e-01
667.500000	5.589494e-01
668.500000	4.513235e-01
669.500000	4.790595e-01
670.500000	4.458058e-01
671.500000	4.120583e-01
672.500000	3.773802e-01
673.500000	4.052784e-01
674.500000	4.095630e-01
675.500000	3.797789e-01
676.500000	4.161082e-01
677.500000	4.448182e-01
678.500000	3.777469e-01
679.500000	3.891991e-01
680.500000	3.995724e-01
681.500000	4.097519e-01
682.500000	4.016864e-01
683.500000	3.979225e-01
684.500000	4.134204e-01
685.500000	3.612934e-01
686.500000	3.717525e-01
687.500000	3.931640e-01
688.500000	3.838885e-01
689.500000	4.228933e-01
690.500000	4.177987e-01
691.500000	4.671631e-01
692.500000	4.697573e-01
693.500000	5.266637e-01
694.500000	5.472341e-01
695.500000	5.735681e-01
696.500000	5.854141e-01
697.500000	5.934929e-01
698.500000	6.212180e-01
699.500000	6.138316e-01
700.500000	6.251884e-01
701.500000	6.681526e-01
702.500000	7.021649e-01
703.500000	7.285170e-01
704.500000	8.635970e-01
705.500000	7.312568e-01
706.500000	5.792916e-01
707.500000	6.465523e-01
708.500000	6.480855e-01
709.500000	4.570078e-01
710.500000	5.197952e-01
711.500000	5.774836e-01
712.500000	5.197433e-01
713.500000	4.006882e-01
714.500000	4.224697e-01
715.500000	4.732006e-01
716.500000	4.718028e-01
717.500000	5.201714e-01
718.500000	5.739491e-01
719.500000	5.749639e-01
720.500000	5.144339e-01
721.500000	5.540388e-01
722.500000	6.199067e-01
723.500000	6.381628e-01
724.500000	6.595516e-01
725.500000	7.123191e-01
726.500000	7.549077e-01
727.500000	7.425076e-01
728.500000	7.771997e-01
729.500000	8.107896e-01
730.500000	8.319543e-01
731.500000	8.548735e-01
732.500000	8.140329e-01
733.500000	8.987050e-01
734.500000	8.915349e-01
735.500000	8.995284e-01
736.500000	9.259319e-01
737.500000	9.582955e-01
738.500000	9.634107e-01
739.500000	9.690343e-01
740.500000	9.682660e-01
741.500000	9.789012e-01
742.500000	9.768210e-01
743.500000	9.993596e-01
744.500000	9.807175e-01
745.500000	9.846741e-01
746.500000	9.886630e-01
747.500000	1.014801e+00
748.500000	1.004791e+00
749.500000	9.865748e-01
750.500000	1.013517e+00
751.500000	1.020517e+00
752.500000	1.020537e+00
753.500000	1.008244e+00
754.500000	1.049450e+00
755.500000	1.042219e+00
756.500000	1.043698e+00
757.500000	1.023437e+00
758.500000	1.050709e+00
759.500000	9.300121e-01
760.500000	9.508392e-01
761.500000	9.479123e-01
762.500000	9.837942e-01
763.500000	8.728001e-01
764.500000	8.920442e-01
765.500000	8.843767e-01
766.500000	6.424847e-01
767.500000	7.431582e-01
768.500000	7.812957e-01
769.500000	7.720622e-01
770.500000	6.683412e-01
771.500000	8.061823e-01
772.500000	8.345062e-01
773.500000	8.774670e-01
774.500000	8.628936e-01
775.500000	7.885686e-01
776.500000	8.186568e-01
777.500000	8.463223e-01
778.500000	8.309800e-01
779.500000	8.445450e-01
780.500000	8.647200e-01
781.500000	9.099698e-01
782.500000	8.821335e-01
783.500000	8.441191e-01
784.500000	8.709399e-01
785.500000	9.039264e-01
786.500000	9.026027e-01
787.500000	9.189554e-01
788.500000	9.471340e-01
789.500000	9.652469e-01
790.500000	9.575071e-01
791.500000	9.242409e-01
792.500000	9.524634e-01
793.500000	9.707862e-01
794.500000	9.629599e-01
795.500000	9.890475e-01
796.500000	1.010421e+00
797.500000	1.025684e+00
798.500000	1.013075e+00
799.500000	1.014661e+00
800.500000	1.022787e+00
801.500000	1.045061e+00
802.500000	1.039983e+00
803.500000	1.054433e+00
804.500000	1.047941e+00
805.500000	1.065667e+00
806.500000	1.069481e+00
807.500000	1.053762e+00
808.500000	1.079633e+00
809.500000	1.087692e+00
810.500000	1.094887e+00
811.500000	1.083471e+00
812.500000	1.090599e+00
813.500000	1.116138e+00
814.500000	1.113817e+00
815.500000	1.122801e+00
816.500000	1.105591e+00
817.500000	1.108210e+00
818.500000	9.040327e-01
819.500000	8.515277e-01
820.500000	1.020408e+00
821.500000	1.069524e+00
822.500000	1.076570e+00
823.500000	1.097607e+00
824.500000	1.091591e+00
825.500000	1.086108e+00
826.500000	1.101633e+00
827.500000	1.073612e+00
828.500000	1.071855e+00
829.500000	1.062687e+00
830.500000	1.055697e+00
831.500000	1.072316e+00
832.500000	1.035404e+00
833.500000	1.059338e+00
834.500000	1.068567e+00
835.500000	1.048287e+00
836.500000	1.044252e+00
837.500000	1.058634e+00
838.500000	9.834655e-01
839.500000	1.011397e+00
840.500000	1.068616e+00
841.500000	1.040165e+00
842.500000	1.016296e+00
843.500000	9.444352e-01
844.500000	9.726139e-01
845.500000	9.242020e-01
846.500000	9.186744e-01
847.500000	9.082934e-01
848.500000	9.513335e-01
849.500000	9.513564e-01
850.500000	9.309055e-01
851.500000	9.250371e-01
852.500000	9.462703e-01
853.500000	9.581727e-01
854.500000	8.942077e-01
855.500000	9.907773e-01
856.500000	1.000619e+00
857.500000	1.005930e+00
858.500000	1.009961e+00
859.500000	1.018915e+00
860.500000	1.028015e+00
861.500000	1.022404e+00
862.500000	1.044369e+00
863.500000	1.050284e+00
864.500000	1.056965e+00
865.500000	1.052247e+00
866.500000	9.682641e-01
867.500000	1.032403e+00
868.500000	1.043164e+00
869.500000	9.791697e-01
870.500000	1.053593e+00
871.500000	1.042076e+00
872.500000	1.060519e+00
873.500000	1.063467e+00
874.500000	1.064920e+00
875.500000	1.065301e+00
876.500000	1.076632e+00
877.500000	1.088840e+00
878.500000	1.090846e+00
879.500000	1.103827e+00
880.500000	1.042612e+00
881.500000	1.100479e+00
882.500000	1.057485e+00
883.500000	1.111690e+00
884.500000	1.099076e+00
885.500000	1.105062e+00
886.500000	1.002531e+00
887.500000	9.662850e-01
888.500000	9.990739e-01
889.500000	1.003895e+00
890.500000	1.032747e+00
891.500000	1.034885e+00
892.500000	1.046021e+00
893.500000	1.032017e+00
894.500000	1.022728e+00
895.500000	1.026557e+00
896.500000	1.031855e+00
897.500000	1.041140e+00
898.500000	1.055616e+00
899.500000	1.063837e+00
900.500000	1.042129e+00
901.500000	1.048576e+00
902.500000	1.036270e+00
903.500000	1.059458e+00
904.500000	1.070941e+00
905.500000	1.060629e+00
906.500000	1.069076e+00
907.500000	1.065855e+00
908.500000	1.080019e+00
909.500000	1.053282e+00
910.500000	1.065685e+00
911.500000	1.097997e+00
912.500000	1.096266e+00
913.500000	1.104899e+00
914.500000	1.103415e+00
915.500000	1.094576e+00
916.500000	1.119082e+00
917.500000	1.098838e+00
918.500000	1.118304e+00
919.500000	1.123398e+00
920.500000	1.116253e+00
921.500000	1.100945e+00
922.500000	1.078635e+00
923.500000	1.076237e+00
924.500000	1.087861e+00
925.500000	1.074463e+00
926.500000	1.075562e+00
927.500000	1.094915e+00
928.500000	1.071729e+00
929.500000	1.040439e+00
930.500000	1.051414e+00
931.500000	1.067034e+00
932.500000	1.056503e+00
933.500000	1.065288e+00
934.500000	1.073239e+00
935.500000	1.056387e+00
936.500000	1.060435e+00
937.500000	1.066653e+00
938.500000	1.064956e+00
939.500000	1.049728e+00
940.500000	1.063603e+00
941.500000	1.070252e+00
942.500000	1.077247e+00
943.500000	1.075923e+00
944.500000	1.053398e+00
945.500000	1.073864e+00
946.500000	1.069702e+00
947.500000	1.085271e+00
948.500000	1.084965e+00
949.500000	1.094019e+00
950.500000	1.087776e+00
951.500000	1.080332e+00
952.500000	1.095124e+00
953.500000	1.083432e+00
954.500000	1.061564e+00
955.500000	1.087717e+00
956.500000	1.092582e+00
957.500000	1.080187e+00
958.500000	1.106833e+00
959.500000	1.093364e+00
960.500000	1.054797e+00
961.500000	1.095917e+00
962.500000	1.105614e+00
963.500000	1.092111e+00
964.500000	1.024328e+00
965.500000	1.068359e+00
966.500000	1.095242e+00
967.500000	1.031725e+00
968.500000	1.095182e+00
969.500000	1.079093e+00
970.500000	1.052841e+00
971.500000	1.091136e+00
972.500000	1.069379e+00
973.500000	1.043162e+00
974.500000	1.033321e+00
975.500000	1.081326e+00
976.500000	1.091714e+00
977.500000	1.053603e+00
978.500000	1.029143e+00
979.500000	1.056983e+00
980.500000	1.088067e+00
981.500000	1.074636e+00
982.500000	1.075251e+00
983.500000	1.057784e+00
984.500000	1.078123e+00
985.500000	1.083716e+00
986.500000	1.077040e+00
987.500000	1.082133e+00
988.500000	1.088393e+00
989.500000	1.036845e+00
990.500000	8.385924e-01
991.500000	7.737985e-01
992.500000	8.101423e-01
993.500000	8.810662e-01
994.500000	9.241359e-01
995.500000	9.543509e-01
996.500000	9.782083e-01
997.500000	8.959792e-01
998.500000	9.232688e-01
999.500000	9.375296e-01
1000.500000	9.739989e-01
1001.500000	9.651569e-01
1002.500000	9.650356e-01
1003.500000	9.782602e-01
1004.500000	9.911266e-01
1005.500000	9.098121e-01
1006.500000	9.208472e-01
1007.500000	9.787047e-01
1008.500000	1.029829e+00
1009.500000	9.458394e-01
1010.500000	1.028777e+00
1011.500000	9.497336e-01
1012.500000	1.002564e+00
1013.500000	9.507112e-01
1014.500000	9.688056e-01
1015.500000	9.855395e-01
1016.500000	9.526126e-01
1017.500000	9.965860e-01
1018.500000	9.342139e-01
1019.500000	9.808320e-01
1020.500000	9.724607e-01
1021.500000	9.921196e-01
1022.500000	9.593006e-01
1023.500000	9.827249e-01
1024.500000	1.020406e+00
1025.500000	9.676714e-01
1026.500000	9.097836e-01
1027.500000	9.757660e-01
1028.500000	9.442025e-01
1029.500000	9.820209e-01
1030.500000	9.532918e-01
1031.500000	9.838217e-01
1032.500000	9.620292e-01
1033.500000	9.812922e-01
1034.500000	9.029450e-01
1035.500000	9.483073e-01
1036.500000	1.025784e+00
1037.500000	1.018300e+00
1038.500000	9.510382e-01
1039.500000	9.177922e-01
1040.500000	1.044103e+00
1041.500000	9.798425e-01
1042.500000	9.570803e-01
1043.500000	9.556681e-01
1044.500000	1.014843e+00
1045.500000	1.048125e+00
1046.500000	9.922971e-01
1047.500000	9.382585e-01
1048.500000	9.897872e-01
1049.500000	1.024965e+00
1050.500000	1.021394e+00
1051.500000	9.557376e-01
1052.500000	9.565251e-01
1053.500000	1.050071e+00
1054.500000	9.990784e-01
1055.500000	9.993791e-01
1056.500000	9.888998e-01
1057.500000	9.798753e-01
1058.500000	1.021477e+00
1059.500000	1.029018e+00
1060.500000	1.003095e+00
1061.500000	1.005968e+00
1062.500000	9.761907e-01
1063.500000	1.042248e+00
1064.500000	1.023447e+00
1065.500000	1.005684e+00
1066.500000	9.955533e-01
1067.500000	9.757533e-01
1068.500000	1.003721e+00
1069.500000	1.020835e+00
1070.500000	1.012148e+00
1071.500000	1.025844e+00
1072.500000	9.944772e-01
1073.500000	1.000622e+00
1074.500000	1.010981e+00
1075.500000	1.024993e+00
1076.500000	1.017568e+00
1077.500000	1.020191e+00
1078.500000	1.025256e+00
1079.500000	1.016749e+00
1080.500000	1.008016e+00
1081.500000	9.947688e-01
1082.500000	1.023222e+00
1083.500000	1.014165e+00
1084.500000	1.024667e+00
1085.500000	1.005657e+00
1086.500000	1.018359e+00
1087.500000	1.024736e+00
1088.500000	1.024573e+00
1089.500000	1.014911e+00
1090.500000	1.021741e+00
1091.500000	1.003295e+00
1092.500000	1.013462e+00
1093.500000	1.020714e+00
1094.500000	1.027510e+00
1095.500000	1.014593e+00
1096.500000	1.009311e+00
1097.500000	1.001613e+00
1098.500000	9.990355e-01
1099.500000	1.017815e+00
1100.500000	1.014069e+00
1101.500000	1.000061e+00
1102.500000	9.975819e-01
1103.500000	9.993725e-01
1104.500000	9.870507e-01
1105.500000	9.977691e-01
1106.500000	9.974219e-01
1107.500000	1.000340e+00
1108.500000	9.937322e-01
1109.500000	9.930528e-01
1110.500000	9.950285e-01
1111.500000	9.931782e-01
1112.500000	9.851766e-01
1113.500000	9.918168e-01
1114.500000	1.006982e+00
1115.500000	9.858413e-01
1116.500000	9.969560e-01
1117.500000	9.922386e-01
1118.500000	1.003525e+00
1119.500000	9.805446e-01
1120.500000	9.873519e-01
1121.500000	9.884214e-01
1122.500000	9.854780e-01
1123.500000	9.976482e-01
1124.500000	9.901457e-01
1125.500000	9.442639e-01
1126.500000	9.965465e-01
1127.500000	9.821716e-01
1128.500000	9.947276e-01
1129.500000	9.840433e-01
1130.500000	9.791854e-01
1131.500000	9.905072e-01
1132.500000	9.928996e-01
1133.500000	9.893885e-01
1134.500000	9.828329e-01
1135.500000	9.846783e-01
1136.500000	9.745008e-01
1137.500000	9.634836e-01
1138.500000	8.623142e-01
1139.500000	9.658006e-01
1140.500000	8.247614e-01
1141.500000	9.641954e-01
1142.500000	9.625426e-01
1143.500000	9.813332e-01
1144.500000	9.619061e-01
1145.500000	9.767633e-01
1146.500000	9.770715e-01
1147.500000	9.722101e-01
1148.500000	9.680903e-01
1149.500000	9.816550e-01
1150.500000	9.820286e-01
1151.500000	9.833365e-01
1152.500000	9.798562e-01
1153.500000	9.787088e-01
1154.500000	9.690538e-01
1155.500000	9.686830e-01
1156.500000	9.752728e-01
1157.500000	9.727878e-01
1158.500000	9.738891e-01
1159.500000	9.553038e-01
1160.500000	9.649392e-01
1161.500000	9.312816e-01
1162.500000	9.691588e-01
1163.500000	9.696348e-01
1164.500000	9.457426e-01
1165.500000	9.635995e-01
1166.500000	9.695906e-01
1167.500000	9.662386e-01
1168.500000	9.632406e-01
1169.500000	8.951514e-01
1170.500000	9.641656e-01
1171.500000	9.619470e-01
1172.500000	9.666304e-01
1173.500000	9.580577e-01
1174.500000	9.655316e-01
1175.500000	9.548391e-01
1176.500000	9.549774e-01
1177.500000	8.499741e-01
1178.500000	9.259442e-01
1179.500000	9.552626e-01
1180.500000	9.549968e-01
1181.500000	9.520228e-01
1182.500000	9.466854e-01
1183.500000	9.142164e-01
1184.500000	9.537562e-01
1185.500000	9.470759e-01
1186.500000	9.541212e-01
1187.500000	9.517698e-01
1188.500000	8.830982e-01
1189.500000	9.383879e-01
1190.500000	9.525930e-01
1191.500000	9.419854e-01
1192.500000	9.502847e-01
1193.500000	9.430695e-01
1194.500000	9.417587e-01
1195.500000	9.021625e-01
1196.500000	9.239733e-01
1197.500000	8.636645e-01
1198.500000	9.294355e-01
1199.500000	9.207699e-01
1200.500000	9.344282e-01
1201.500000	9.246975e-01
1202.500000	9.264246e-01
1203.500000	9.247391e-01
1204.500000	9.294546e-01
1205.500000	9.321135e-01
1206.500000	9.315635e-01
1207.500000	9.265554e-01
1208.500000	9.109227e-01
1209.500000	9.229283e-01
1210.500000	9.248902e-01
1211.500000	9.190554e-01
1212.500000	9.278733e-01
1213.500000	9.230298e-01
1214.500000	9.296729e-01
1215.500000	9.339992e-01
1216.500000	9.171795e-01
1217.500000	9.330629e-01
1218.500000	9.271023e-01
1219.500000	9.222703e-01
1220.500000	9.154781e-01
1221.500000	9.197837e-01
1222.500000	9.231683e-01
1223.500000	9.163274e-01
1224.500000	9.224217e-01
1225.500000	9.235295e-01
1226.500000	9.243375e-01
1227.500000	9.169035e-01
1228.500000	9.247995e-01
1229.500000	9.167545e-01
1230.500000	9.197645e-01
1231.500000	9.116748e-01
1232.500000	9.095565e-01
1233.500000	9.098309e-01
1234.500000	9.145089e-01
1235.500000	9.122238e-01
1236.500000	9.096784e-01
1237.500000	9.121666e-01
1238.500000	9.166068e-01
1239.500000	8.960864e-01
1240.500000	8.977913e-01
1241.500000	8.888746e-01
1242.500000	8.846452e-01
1243.500000	8.637941e-01
1244.500000	8.968800e-01
1245.500000	8.983368e-01
1246.500000	8.949749e-01
1247.500000	8.940904e-01
1248.500000	8.985518e-01
1249.500000	8.953537e-01
1250.500000	8.911410e-01
1251.500000	8.867183e-01
1252.500000	8.453921e-01
1253.500000	8.910439e-01
1254.500000	8.940880e-01
1255.500000	8.873009e-01
1256.500000	8.928523e-01
1257.500000	8.855075e-01
1258.500000	8.952974e-01
1259.500000	8.821454e-01
1260.500000	8.884888e-01
1261.500000	8.880025e-01
1262.500000	8.855325e-01
1263.500000	8.857828e-01
1264.500000	8.745122e-01
1265.500000	8.908148e-01
1266.500000	8.833160e-01
1267.500000	8.768140e-01
1268.500000	8.543934e-01
1269.500000	8.877412e-01
1270.500000	8.747983e-01
1271.500000	8.871239e-01
1272.500000	8.895373e-01
1273.500000	8.848572e-01
1274.500000	8.609092e-01
1275.500000	8.764739e-01
1276.500000	8.803758e-01
1277.500000	8.806631e-01
1278.500000	8.742122e-01
1279.500000	8.846753e-01
1280.500000	8.756601e-01
1281.500000	8.593800e-01
1282.500000	8.432811e-01
1283.500000	8.548736e-01
1284.500000	8.694490e-01
1285.500000	8.588401e-01
1286.500000	8.596835e-01
1287.500000	8.697301e-01
1288.500000	8.565742e-01
1289.500000	8.643683e-01
1290.500000	8.389408e-01
1291.500000	8.440647e-01
1292.500000	8.600197e-01
1293.500000	8.570583e-01
1294.500000	8.563426e-01
1295.500000	8.615255e-01
1296.500000	8.660694e-01
1297.500000	8.541860e-01
1298.500000	8.641324e-01
1299.500000	8.555985e-01
1300.500000	8.605318e-01
1301.500000	8.486554e-01
1302.500000	8.641488e-01
1303.500000	8.513945e-01
1304.500000	8.595958e-01
1305.500000	8.578519e-01
1306.500000	8.536968e-01
1307.500000	8.523693e-01
1308.500000	8.464008e-01
1309.500000	8.431418e-01
1310.500000	8.532533e-01
1311.500000	8.476777e-01
1312.500000	7.672135e-01
1313.500000	8.224699e-01
1314.500000	8.454270e-01
1315.500000	7.791860e-01
1316.500000	8.508567e-01
1317.500000	8.463581e-01
1318.500000	8.475689e-01
1319.500000	8.533860e-01
1320.500000	8.340531e-01
1321.500000	8.395023e-01
1322.500000	8.377803e-01
1323.500000	8.388457e-01
1324.500000	8.386758e-01
1325.500000	8.329888e-01
1326.500000	8.347370e-01
1327.500000	8.250595e-01
1328.500000	8.281748e-01
1329.500000	8.107240e-01
1330.500000	8.243699e-01
1331.500000	8.124325e-01
1332.500000	7.610694e-01
1333.500000	8.183762e-01
1334.500000	7.663237e-01
1335.500000	7.590835e-01
1336.500000	7.853169e-01
1337.500000	7.623424e-01
1338.500000	7.768214e-01
1339.500000	7.824824e-01
1340.500000	7.706957e-01
1341.500000	7.768610e-01
1342.500000	7.584052e-01
1343.500000	7.670193e-01
1344.500000	7.510096e-01
1345.500000	7.949601e-01
1346.500000	7.617877e-01
1347.500000	7.674097e-01
1348.500000	7.667863e-01
1349.500000	7.855535e-01
1350.500000	7.441760e-01
1351.500000	7.706177e-01
1352.500000	7.632805e-01
1353.500000	7.685818e-01
1354.500000	7.571723e-01
1355.500000	7.540574e-01
1356.500000	7.765309e-01
1357.500000	7.637344e-01
1358.500000	7.629190e-01
1359.500000	7.570059e-01
1360.500000	7.697389e-01
1361.500000	7.539271e-01
1362.500000	7.436773e-01
1363.500000	7.522390e-01
1364.500000	7.433955e-01
1365.500000	7.726677e-01
1366.500000	7.567111e-01
1367.500000	7.617444e-01
1368.500000	7.590534e-01
1369.500000	7.601083e-01
1370.500000	7.645060e-01
1371.500000	7.539539e-01
1372.500000	7.637357e-01
1373.500000	7.617587e-01
1374.500000	7.622142e-01
1375.500000	7.656047e-01
1376.500000	7.600716e-01
1377.500000	7.645396e-01
1378.500000	7.568084e-01
1379.500000	7.628659e-01
1380.500000	7.597424e-01
1381.500000	7.694840e-01
1382.500000	7.438699e-01
1383.500000	7.570509e-01
1384.500000	7.590969e-01
1385.500000	7.479625e-01
1386.500000	7.402529e-01
1387.500000	7.625636e-01
1388.500000	7.313106e-01
1389.500000	7.421257e-01
1390.500000	7.298564e-01
1391.500000	6.690591e-01
1392.500000	7.020324e-01
1393.500000	7.010384e-01
1394.500000	7.309667e-01
1395.500000	7.069122e-01
1396.500000	7.301672e-01
1397.500000	7.063255e-01
1398.500000	7.038647e-01
1399.500000	7.190427e-01
1400.500000	6.981705e-01
1401.500000	7.140800e-01
1402.500000	7.276217e-01
1403.500000	7.307243e-01
1404.500000	7.030537e-01
1405.500000	7.178844e-01
1406.500000	7.244239e-01
1407.500000	7.151922e-01
1408.500000	6.977729e-01
1409.500000	7.182594e-01
1410.500000	7.033931e-01
1411.500000	7.092049e-01
1412.500000	6.927203e-01
1413.500000	7.050155e-01
1414.500000	6.823884e-01
1415.500000	7.208261e-01
1416.500000	6.951847e-01
1417.500000	6.867060e-01
1418.500000	6.800880e-01
1419.500000	6.959596e-01
1420.500000	7.063495e-01
1421.500000	6.984789e-01
1422.500000	7.033409e-01
1423.500000	6.778931e-01
1424.500000	6.974643e-01
1425.500000	6.724410e-01
1426.500000	6.695516e-01
1427.500000	6.741360e-01
1428.500000	6.671817e-01
1429.500000	6.942147e-01
1430.500000	7.085539e-01
1431.500000	6.857336e-01
1432.500000	6.952055e-01
1433.500000	6.920882e-01
1434.500000	6.665983e-01
1435.500000	6.843878e-01
1436.500000	6.847192e-01
1437.500000	6.878649e-01
1438.500000	7.022928e-01
1439.500000	6.657616e-01
1440.500000	6.920833e-01
1441.500000	6.807033e-01
1442.500000	6.799501e-01
1443.500000	7.012826e-01
1444.500000	6.842027e-01
1445.500000	6.766194e-01
1446.500000	6.836205e-01
1447.500000	6.795689e-01
1448.500000	6.869874e-01
1449.500000	6.927919e-01
1450.500000	6.703961e-01
1451.500000	6.766533e-01
1452.500000	6.928899e-01
1453.500000	6.801372e-01
1454.500000	6.847626e-01
1455.500000	6.880234e-01
1456.500000	6.521788e-01
1457.500000	6.781287e-01
1458.500000	6.931107e-01
1459.500000	6.848330e-01
1460.500000	6.454426e-01
1461.500000	6.364606e-01
1462.500000	6.515934e-01
1463.500000	6.554245e-01
1464.500000	6.629914e-01
1465.500000	6.677480e-01
1466.500000	6.609721e-01
1467.500000	6.419279e-01
1468.500000	6.502827e-01
1469.500000	6.436851e-01
1470.500000	6.518348e-01
1471.500000	6.499743e-01
1472.500000	6.744307e-01
1473.500000	6.578566e-01
1474.500000	6.578713e-01
1475.500000	6.466418e-01
1476.500000	6.606687e-01
1477.500000	6.384858e-01
1478.500000	6.511133e-01
1479.500000	6.475139e-01
1480.500000	6.406773e-01
1481.500000	6.525723e-01
1482.500000	6.595894e-01
1483.500000	6.624001e-01
1484.500000	6.513833e-01
1485.500000	6.584275e-01
1486.500000	6.618246e-01
1487.500000	6.529222e-01
1488.500000	6.003029e-01
1489.500000	6.664283e-01
1490.500000	6.346885e-01
1491.500000	6.683693e-01
1492.500000	6.532651e-01
1493.500000	6.603475e-01
1494.500000	6.561249e-01
1495.500000	6.518018e-01
1496.500000	6.627546e-01
1497.500000	6.637609e-01
1498.500000	6.644079e-01
1499.500000	6.571950e-01
1500.500000	6.307699e-01
1501.500000	6.544789e-01
1502.500000	5.972793e-01
1503.500000	6.486565e-01
1504.500000	6.321144e-01
1505.500000	6.290644e-01
1506.500000	6.485141e-01
1507.500000	6.561104e-01
1508.500000	6.425441e-01
1509.500000	6.625495e-01
1510.500000	6.525985e-01
1511.500000	6.506330e-01
1512.500000	6.576683e-01
1513.500000	6.181773e-01
1514.500000	6.559080e-01
1515.500000	6.416743e-01
1516.500000	6.301626e-01
1517.500000	6.137641e-01
1518.500000	6.557727e-01
1519.500000	6.525807e-01
1520.500000	6.528192e-01
1521.500000	6.668769e-01
1522.500000	6.504626e-01
1523.500000	6.635002e-01
1524.500000	6.377421e-01
1525.500000	6.518128e-01
1526.500000	6.231466e-01
1527.500000	6.439543e-01
1528.500000	6.144745e-01
1529.500000	6.483440e-01
1530.500000	6.594565e-01
1531.500000	6.513845e-01
1532.500000	6.286012e-01
1533.500000	6.281603e-01
1534.500000	6.478083e-01
1535.500000	6.495448e-01
1536.500000	6.550299e-01
1537.500000	6.212302e-01
1538.500000	6.294422e-01
1539.500000	6.266996e-01
1540.500000	6.219688e-01
1541.500000	6.187951e-01
1542.500000	6.082657e-01
1543.500000	6.124687e-01
1544.500000	6.423502e-01
1545.500000	6.517898e-01
1546.500000	6.359665e-01
1547.500000	6.303287e-01
1548.500000	6.426664e-01
1549.500000	6.523216e-01
1550.500000	6.132748e-01
1551.500000	6.318622e-01
1552.500000	6.540395e-01
1553.500000	6.309068e-01
1554.500000	6.081546e-01
1555.500000	6.442480e-01
1556.500000	6.149747e-01
1557.500000	6.005951e-01
1558.500000	6.383201e-01
1559.500000	6.357200e-01
1560.500000	6.372350e-01
1561.500000	6.374551e-01
1562.500000	6.392858e-01
1563.500000	6.219405e-01
1564.500000	6.452168e-01
1565.500000	6.049629e-01
1566.500000	6.385195e-01
1567.500000	6.506423e-01
1568.500000	6.426429e-01
1569.500000	6.358401e-01
1570.500000	6.343880e-01
1571.500000	6.349886e-01
1572.500000	6.072216e-01
1573.500000	6.124027e-01
1574.500000	6.375490e-01
1575.500000	6.220676e-01
1576.500000	6.151287e-01
1577.500000	6.252971e-01
1578.500000	6.150589e-01
1579.500000	6.465480e-01
1580.500000	6.381938e-01
1581.500000	6.436345e-01
1582.500000	6.399042e-01
1583.500000	6.293874e-01
1584.500000	6.249489e-01
1585.500000	6.433443e-01
1586.500000	6.409602e-01
1587.500000	6.414852e-01
1588.500000	6.315692e-01
1589.500000	5.860631e-01
1590.500000	6.221478e-01
1591.500000	6.114735e-01
1592.500000	6.375600e-01
1593.500000	6.358756e-01
1594.500000	6.409709e-01
1595.500000	6.450224e-01
1596.500000	6.449198e-01
1597.500000	6.335641e-01
1598.500000	6.368029e-01
1599.500000	6.388191e-01
1600.500000	6.388996e-01
1601.500000	6.386728e-01
1602.500000	6.372606e-01
1603.500000	6.348356e-01
1604.500000	6.041648e-01
1605.500000	6.163168e-01
1606.500000	6.044665e-01
1607.500000	6.013672e-01
1608.500000	6.348069e-01
1609.500000	6.372710e-01
1610.500000	6.360446e-01
1611.500000	6.360375e-01
1612.500000	6.262712e-01
1613.500000	6.257694e-01
1614.500000	6.085669e-01
1615.500000	5.736813e-01
1616.500000	5.886007e-01
1617.500000	6.372397e-01
1618.500000	6.306143e-01
1619.500000	5.773408e-01
1620.500000	5.558913e-01
1621.500000	6.042207e-01
1622.500000	6.070561e-01
1623.500000	6.102155e-01
1624.500000	6.238242e-01
1625.500000	5.859343e-01
1626.500000	6.100117e-01
1627.500000	6.263773e-01
1628.500000	6.314042e-01
1629.500000	6.337223e-01
1630.500000	6.195312e-01
1631.500000	6.127529e-01
1632.500000	6.281127e-01
1633.500000	6.345148e-01
1634.500000	6.197886e-01
1635.500000	5.876522e-01
1636.500000	6.093538e-01
1637.500000	6.101293e-01
1638.500000	6.218811e-01
1639.500000	6.188770e-01
1640.500000	6.221289e-01
1641.500000	6.168149e-01
1642.500000	6.271295e-01
1643.500000	6.274326e-01
1644.500000	5.970081e-01
1645.500000	5.907257e-01
1646.500000	6.137619e-01
1647.500000	6.063031e-01
1648.500000	6.258523e-01
1649.500000	6.189156e-01
1650.500000	6.214235e-01
1651.500000	6.226689e-01
1652.500000	6.070866e-01
1653.500000	5.970229e-01
1654.500000	6.021379e-01
1655.500000	6.227431e-01
1656.500000	6.278440e-01
1657.500000	6.213477e-01
1658.500000	6.017880e-01
1659.500000	6.202218e-01
1660.500000	6.107639e-01
1661.500000	5.999306e-01
1662.500000	6.177519e-01
1663.500000	6.111249e-01
1664.500000	6.158802e-01
1665.500000	5.904637e-01
1666.500000	5.882932e-01
1667.500000	6.070093e-01
1668.500000	6.163421e-01
1669.500000	6.090238e-01
1670.500000	5.971417e-01
1671.500000	5.779240e-01
1672.500000	5.620377e-01
1673.500000	5.880193e-01
1674.500000	6.063969e-01
1675.500000	5.407121e-01
1676.500000	5.866233e-01
1677.500000	6.020500e-01
1678.500000	6.106499e-01
1679.500000	6.076349e-01
1680.500000	6.051188e-01
1681.500000	6.063970e-01
1682.500000	6.048126e-01
1683.500000	6.044723e-01
1684.500000	5.989318e-01
1685.500000	6.011566e-01
1686.500000	5.988189e-01
1687.500000	5.681699e-01
1688.500000	5.728411e-01
1689.500000	5.722916e-01
1690.500000	5.515877e-01
1691.500000	5.740043e-01
1692.500000	5.884082e-01
1693.500000	5.986218e-01
1694.500000	5.904517e-01
1695.500000	5.849305e-01
1696.500000	5.891807e-01
1697.500000	5.815751e-01
1698.500000	5.895559e-01
1699.500000	5.812567e-01
1700.500000	5.756639e-01
1701.500000	5.833077e-01
1702.500000	5.803033e-01
1703.500000	5.822090e-01
1704.500000	5.745493e-01
1705.500000	5.546829e-01
1706.500000	5.736539e-01
1707.500000	5.471196e-01
1708.500000	5.614959e-01
1709.500000	5.613239e-01
1710.500000	5.181216e-01
1711.500000	5.070768e-01
1712.500000	5.491988e-01
1713.500000	5.611117e-01
1714.500000	5.555385e-01
1715.500000	5.572015e-01
1716.500000	5.513466e-01
1717.500000	5.414850e-01
1718.500000	5.406411e-01
1719.500000	5.406830e-01
1720.500000	5.510987e-01
1721.500000	5.376541e-01
1722.500000	5.439311e-01
1723.500000	5.236004e-01
1724.500000	5.241726e-01
1725.500000	5.506106e-01
1726.500000	5.286710e-01
1727.500000	5.340098e-01
1728.500000	5.439184e-01
1729.500000	5.333879e-01
1730.500000	5.483208e-01
1731.500000	5.078059e-01
1732.500000	5.109503e-01
1733.500000	5.285476e-01
1734.500000	5.047620e-01
1735.500000	5.120455e-01
1736.500000	5.289557e-01
1737.500000	5.279153e-01
1738.500000	5.090229e-01
1739.500000	5.222904e-01
1740.500000	5.120035e-01
1741.500000	5.087748e-01
1742.500000	5.015079e-01
1743.500000	5.092281e-01
1744.500000	5.147523e-01
1745.500000	5.169716e-01
1746.500000	5.116064e-01
1747.500000	5.085428e-01
1748.500000	5.163625e-01
1749.500000	5.040303e-01
1750.500000	4.772193e-01
1751.500000	5.075292e-01
1752.500000	5.049033e-01
1753.500000	4.924775e-01
1754.500000	4.829688e-01
1755.500000	4.827051e-01
1756.500000	4.785057e-01
1757.500000	4.968732e-01
1758.500000	4.830611e-01
1759.500000	4.774620e-01
1760.500000	4.804274e-01
1761.500000	4.851751e-01
1762.500000	4.615354e-01
1763.500000	4.913029e-01
1764.500000	4.790430e-01
1765.500000	4.872943e-01
1766.500000	4.814025e-01
1767.500000	4.677716e-01
1768.500000	4.525820e-01
1769.500000	4.911352e-01
1770.500000	4.773470e-01
1771.500000	4.651957e-01
1772.500000	4.557494e-01
1773.500000	4.754785e-01
1774.500000	4.704706e-01
1775.500000	4.651702e-01
1776.500000	4.500515e-01
1777.500000	4.502077e-01
1778.500000	4.576551e-01
1779.500000	4.474832e-01
1780.500000	4.771719e-01
1781.500000	4.344057e-01
1782.500000	4.358319e-01
1783.500000	4.536220e-01
1784.500000	4.608845e-01
1785.500000	4.306345e-01
1786.500000	4.402304e-01
1787.500000	4.362713e-01
1788.500000	4.430183e-01
1789.500000	4.617821e-01
1790.500000	4.383918e-01
1791.500000	4.331738e-01
1792.500000	4.491581e-01
1793.500000	4.412321e-01
1794.500000	4.338615e-01
1795.500000	4.487506e-01
1796.500000	4.154955e-01
1797.500000	4.536709e-01
1798.500000	4.543208e-01
1799.500000	4.153579e-01
1800.500000	4.276771e-01
1801.500000	4.166933e-01
1802.500000	4.144022e-01
1803.500000	4.159405e-01
1804.500000	4.268403e-01
1805.500000	4.118073e-01
1806.500000	4.379109e-01
1807.500000	4.176151e-01
1808.500000	4.165907e-01
1809.500000	4.427216e-01
1810.500000	4.148639e-01
1811.500000	4.139691e-01
1812.500000	4.035620e-01
1813.500000	4.267466e-01
1814.500000	4.378298e-01
1815.500000	4.199436e-01
1816.500000	4.378457e-01
1817.500000	4.049405e-01
1818.500000	4.080577e-01
1819.500000	4.082018e-01
1820.500000	4.083502e-01
1821.500000	4.002400e-01
1822.500000	4.002835e-01
1823.500000	4.407678e-01
1824.500000	4.313752e-01
1825.500000	4.185015e-01
1826.500000	3.906089e-01
1827.500000	3.900448e-01
1828.500000	4.089210e-01
1829.500000	4.209575e-01
1830.500000	4.085042e-01
1831.500000	4.137259e-01
1832.500000	3.880713e-01
1833.500000	4.148131e-01
1834.500000	4.130313e-01
1835.500000	4.043010e-01
1836.500000	4.086589e-01
1837.500000	3.945240e-01
1838.500000	4.175433e-01
1839.500000	3.853465e-01
1840.500000	4.006042e-01
1841.500000	4.174799e-01
1842.500000	3.847115e-01
1843.500000	3.829202e-01
1844.500000	3.772952e-01
1845.500000	3.917812e-01
1846.500000	3.711998e-01
1847.500000	3.525856e-01
1848.500000	3.633727e-01
1849.500000	3.896833e-01
1850.500000	3.848102e-01
1851.500000	3.948669e-01
1852.500000	3.913279e-01
1853.500000	3.683297e-01
1854.500000	3.900231e-01
1855.500000	3.901313e-01
1856.500000	3.529700e-01
1857.500000	3.631762e-01
1858.500000	3.576997e-01
1859.500000	3.598313e-01
1860.500000	3.584512e-01
1861.500000	3.634347e-01
1862.500000	3.768655e-01
1863.500000	3.807572e-01
1864.500000	3.778757e-01
1865.500000	3.612788e-01
1866.500000	3.855802e-01
1867.500000	3.759690e-01
1868.500000	3.726945e-01
1869.500000	3.875497e-01
1870.500000	3.853762e-01
1871.500000	3.634602e-01
1872.500000	3.723294e-01
1873.500000	3.469201e-01
1874.500000	3.708291e-01
1875.500000	3.793120e-01
1876.500000	3.688474e-01
1877.500000	3.626317e-01
1878.500000	3.590494e-01
1879.500000	3.629021e-01
1880.500000	3.791080e-01
1881.500000	3.689964e-01
1882.500000	3.841947e-01
1883.500000	3.874360e-01
1884.500000	3.680983e-01
1885.500000	3.590895e-01
1886.500000	3.624302e-01
1887.500000	3.819448e-01
1888.500000	3.638080e-01
1889.500000	3.756005e-01
1890.500000	3.731370e-01
1891.500000	3.582537e-01
1892.500000	3.478059e-01
1893.500000	3.632627e-01
1894.500000	3.614674e-01
1895.500000	3.791395e-01
1896.500000	3.647416e-01
1897.500000	3.708761e-01
1898.500000	3.563362e-01
1899.500000	3.723245e-01
1900.500000	3.795125e-01
1901.500000	3.635441e-01
1902.500000	3.724603e-01
1903.500000	3.635738e-01
1904.500000	3.666140e-01
1905.500000	3.576331e-01
1906.500000	3.540107e-01
1907.500000	3.642001e-01
1908.500000	3.709063e-01
1909.500000	3.640017e-01
1910.500000	3.576287e-01
1911.500000	3.427018e-01
1912.500000	3.697010e-01
1913.500000	3.720667e-01
1914.500000	3.702124e-01
1915.500000	3.680001e-01
1916.500000	3.495956e-01
1917.500000	3.621938e-01
1918.500000	3.618686e-01
1919.500000	3.624875e-01
1920.500000	3.585011e-01
1921.500000	3.631027e-01
1922.500000	3.538241e-01
1923.500000	3.598261e-01
1924.500000	3.547084e-01
1925.500000	3.593935e-01
1926.500000	3.467631e-01
1927.500000	3.666859e-01
1928.500000	3.600208e-01
1929.500000	3.483500e-01
1930.500000	3.313952e-01
1931.500000	2.775112e-01
1932.500000	3.415513e-01
1933.500000	3.457436e-01
1934.500000	3.519834e-01
1935.500000	3.578518e-01
1936.500000	3.581791e-01
1937.500000	3.615448e-01
1938.500000	3.413197e-01
1939.500000	3.434913e-01
1940.500000	3.455490e-01
1941.500000	3.521544e-01
1942.500000	3.530138e-01
1943.500000	3.309803e-01
1944.500000	3.277937e-01
1945.500000	2.734030e-01
1946.500000	3.118939e-01
1947.500000	3.392468e-01
1948.500000	3.302557e-01
1949.500000	3.408948e-01
1950.500000	3.164609e-01
1951.500000	2.921061e-01
1952.500000	3.398091e-01
1953.500000	3.424926e-01
1954.500000	3.461864e-01
1955.500000	3.307968e-01
1956.500000	3.362207e-01
1957.500000	3.595286e-01
1958.500000	3.533784e-01
1959.500000	3.466191e-01
1960.500000	3.322845e-01
1961.500000	3.389046e-01
1962.500000	3.426092e-01
1963.500000	3.256931e-01
1964.500000	3.428605e-01
1965.500000	3.447423e-01
1966.500000	3.464929e-01
1967.500000	3.386126e-01
1968.500000	3.414109e-01
1969.500000	3.432529e-01
1970.500000	3.493799e-01
1971.500000	3.275489e-01
1972.500000	3.445536e-01
1973.500000	3.249137e-01
1974.500000	3.340783e-01
1975.500000	3.106843e-01
1976.500000	3.057444e-01
1977.500000	2.877208e-01
1978.500000	2.487661e-01
1979.500000	3.061843e-01
1980.500000	3.107463e-01
1981.500000	3.175479e-01
1982.500000	3.141503e-01
1983.500000	3.286012e-01
1984.500000	3.237303e-01
1985.500000	2.992635e-01
1986.500000	2.704413e-01
1987.500000	3.140816e-01
1988.500000	3.248304e-01
1989.500000	3.125691e-01
1990.500000	3.096494e-01
1991.500000	3.142785e-01
1992.500000	3.037123e-01
1993.500000	3.082212e-01
1994.500000	3.110175e-01
1995.500000	3.130929e-01
1996.500000	3.214376e-01
1997.500000	2.960871e-01
1998.500000	3.266336e-01
1999.500000	3.143658e-01
2000.500000	3.157440e-01
2001.500000	3.185915e-01
2002.500000	3.169622e-01
2003.500000	3.243368e-01
2004.500000	3.149948e-01
2005.500000	3.176217e-01
2006.500000	3.161900e-01
2007.500000	3.189696e-01
2008.500000	3.120352e-01
2009.500000	3.097769e-01
2010.500000	3.068322e-01
2011.500000	3.127901e-01
2012.500000	3.124437e-01
2013.500000	3.043534e-01
2014.500000	3.207066e-01
2015.500000	3.132949e-01
2016.500000	3.049859e-01
2017.500000	3.081363e-01
2018.500000	3.085959e-01
2019.500000	2.985600e-01
2020.500000	2.996073e-01
2021.500000	3.220390e-01
2022.500000	3.058677e-01
2023.500000	3.116837e-01
2024.500000	3.157416e-01
2025.500000	3.034707e-01
2026.500000	2.991883e-01
2027.500000	3.007729e-01
2028.500000	3.057947e-01
2029.500000	2.959228e-01
2030.500000	3.006920e-01
2031.500000	3.082238e-01
2032.500000	3.134736e-01
2033.500000	3.077048e-01
2034.500000	3.050405e-01
2035.500000	2.925214e-01
2036.500000	3.078227e-01
2037.500000	3.091204e-01
2038.500000	3.036761e-01
2039.500000	2.946692e-01
2040.500000	3.037920e-01
2041.500000	3.012020e-01
2042.500000	3.106435e-01
2043.500000	3.004157e-01
2044.500000	2.909896e-01
2045.500000	2.920877e-01
2046.500000	3.052534e-01
2047.500000	3.023651e-01
2048.500000	2.967198e-01
2049.500000	2.860393e-01
2050.500000	3.027428e-01
2051.500000	3.032569e-01
2052.500000	3.012374e-01
2053.500000	3.003894e-01
2054.500000	2.822573e-01
2055.500000	2.982179e-01
2056.500000	2.982288e-01
2057.500000	2.970444e-01
2058.500000	3.076949e-01
2059.500000	2.955173e-01
2060.500000	2.927087e-01
2061.500000	2.993354e-01
2062.500000	2.920294e-01
2063.500000	2.848173e-01
2064.500000	2.820766e-01
2065.500000	2.901041e-01
2066.500000	2.999325e-01
2067.500000	2.862543e-01
2068.500000	2.986804e-01
2069.500000	2.873481e-01
2070.500000	3.054433e-01
2071.500000	2.902501e-01
2072.500000	2.908130e-01
2073.500000	2.836959e-01
2074.500000	2.920464e-01
2075.500000	2.917262e-01
2076.500000	2.849032e-01
2077.500000	2.931569e-01
2078.500000	2.917731e-01
2079.500000	2.915589e-01
2080.500000	2.932649e-01
2081.500000	2.820342e-01
2082.500000	2.915219e-01
2083.500000	2.885931e-01
2084.500000	2.867076e-01
2085.500000	2.824378e-01
2086.500000	2.921346e-01
2087.500000	2.836882e-01
2088.500000	2.878248e-01
2089.500000	2.791497e-01
2090.500000	2.895751e-01
2091.500000	2.915748e-01
2092.500000	2.955473e-01
2093.500000	2.836008e-01
2094.500000	2.829123e-01
2095.500000	2.868505e-01
2096.500000	2.783717e-01
2097.500000	2.789353e-01
2098.500000	2.911020e-01
2099.500000	2.788736e-01
2100.500000	2.854968e-01
2101.500000	2.874130e-01
2102.500000	2.845582e-01
2103.500000	2.854239e-01
2104.500000	2.875345e-01
2105.500000	2.811032e-01
2106.500000	2.888467e-01
2107.500000	2.822263e-01
2108.500000	2.755630e-01
2109.500000	2.813205e-01
2110.500000	2.892192e-01
2111.500000	2.775616e-01
2112.500000	2.785988e-01
2113.500000	2.856850e-01
2114.500000	2.885134e-01
2115.500000	2.812610e-01
2116.500000	2.777446e-01
2117.500000	2.723358e-01
2118.500000	2.859905e-01
2119.500000	2.807069e-01
2120.500000	2.812364e-01
2121.500000	2.812946e-01
2122.500000	2.831915e-01
2123.500000	2.800935e-01
2124.500000	2.863088e-01
2125.500000	2.812792e-01
2126.500000	2.761173e-01
2127.500000	2.759610e-01
2128.500000	2.752353e-01
2129.500000	2.796532e-01
2130.500000	2.805809e-01
2131.500000	2.840262e-01
2132.500000	2.779826e-01
2133.500000	2.847505e-01
2134.500000	2.755849e-01
2135.500000	2.833801e-01
2136.500000	2.794181e-01
2137.500000	2.759672e-01
2138.500000	2.748341e-01
2139.500000	2.802781e-01
2140.500000	2.711132e-01
2141.500000	2.793791e-01
2142.500000	2.733541e-01
2143.500000	2.837664e-01
2144.500000	2.825783e-01
2145.500000	2.789407e-01
2146.500000	2.812514e-01
2147.500000	2.802668e-01
2148.500000	2.755777e-01
2149.500000	2.738988e-01
2150.500000	2.734950e-01
2151.500000	2.787092e-01
2152.500000	2.739163e-01
2153.500000	2.747831e-01
2154.500000	2.769991e-01
2155.500000	2.778433e-01
2156.500000	2.750914e-01
2157.500000	2.775146e-01
2158.500000	2.764516e-01
2159.500000	2.744142e-01
2160.500000	2.741856e-01
2161.500000	2.806497e-01
2162.500000	2.753597e-01
2163.500000	2.723297e-01
2164.500000	2.775432e-01
2165.500000	2.760171e-01
2166.500000	2.741717e-01
2167.500000	2.759289e-01
2168.500000	2.774184e-01
2169.500000	2.777017e-01
2170.500000	2.714750e-01
2171.500000	2.737125e-01
2172.500000	2.725638e-01
2173.500000	2.741339e-01
2174.500000	2.744708e-01
2175.500000	2.716669e-01
2176.500000	2.704203e-01
2177.500000	2.730027e-01
2178.500000	2.640665e-01
2179.500000	2.709250e-01
2180.500000	2.706364e-01
2181.500000	2.731700e-01
2182.500000	2.686778e-01
2183.500000	2.699143e-01
2184.500000	2.707039e-01
2185.500000	2.738532e-01
2186.500000	2.707049e-01
2187.500000	2.707469e-01
2188.500000	2.699637e-01
2189.500000	2.701211e-01
2190.500000	2.638244e-01
2191.500000	2.705503e-01
2192.500000	2.705986e-01
2193.500000	2.690758e-01
2194.500000	2.694159e-01
2195.500000	2.712225e-01
2196.500000	2.710672e-01
2197.500000	2.676548e-01
2198.500000	2.695993e-01
2199.500000	2.680610e-01
2200.500000	2.694356e-01
2201.500000	2.663096e-01
2202.500000	2.663446e-01
2203.500000	2.643873e-01
2204.500000	2.666168e-01
2205.500000	2.533147e-01
2206.500000	2.313514e-01
2207.500000	2.608497e-01
2208.500000	2.455836e-01
2209.500000	2.521505e-01
2210.500000	2.643436e-01
2211.500000	2.647143e-01
2212.500000	2.676709e-01
2213.500000	2.660230e-01
2214.500000	2.663353e-01
2215.500000	2.658390e-01
2216.500000	2.654917e-01
2217.500000	2.646727e-01
2218.500000	2.672184e-01
2219.500000	2.632917e-01
2220.500000	2.634874e-01
2221.500000	2.571149e-01
2222.500000	2.660688e-01
2223.500000	2.585384e-01
2224.500000	2.668798e-01
2225.500000	2.664687e-01
2226.500000	2.616684e-01
2227.500000	2.582590e-01
2228.500000	2.544794e-01
2229.500000	2.607229e-01
2230.500000	2.612879e-01
2231.500000	2.599819e-01
2232.500000	2.631205e-01
2233.500000	2.594164e-01
2234.500000	2.596449e-01
2235.500000	2.606240e-01
2236.500000	2.603716e-01
2237.500000	2.622982e-01
2238.500000	2.603016e-01
2239.500000	2.618160e-01
2240.500000	2.595950e-01
2241.500000	2.594998e-01
2242.500000	2.600721e-01
2243.500000	2.594370e-01
2244.500000	2.575164e-01
2245.500000	2.609252e-01
2246.500000	2.581345e-01
2247.500000	2.597289e-01
2248.500000	2.587566e-01
2249.500000	2.596587e-01
2250.500000	2.565361e-01
2251.500000	2.591955e-01
2252.500000	2.574002e-01
2253.500000	2.588902e-01
2254.500000	2.545655e-01
2255.500000	2.552469e-01
2256.500000	2.590574e-01
2257.500000	2.540472e-01
2258.500000	2.564768e-01
2259.500000	2.559965e-01
2260.500000	2.544071e-01
2261.500000	2.506110e-01
2262.500000	2.507576e-01
2263.500000	2.467140e-01
2264.500000	2.514876e-01
2265.500000	2.475383e-01
2266.500000	2.518049e-01
2267.500000	2.544652e-01
2268.500000	2.532461e-01
2269.500000	2.538577e-01
2270.500000	2.494660e-01
2271.500000	2.527268e-01
2272.500000	2.511062e-01
2273.500000	2.530582e-01
2274.500000	2.502404e-01
2275.500000	2.542508e-01
2276.500000	2.525073e-01
2277.500000	2.516034e-01
2278.500000	2.511160e-01
2279.500000	2.503978e-01
2280.500000	2.456600e-01
2281.500000	2.514775e-01
2282.500000	2.448657e-01
2283.500000	2.474589e-01
2284.500000	2.461127e-01
2285.500000	2.498023e-01
2286.500000	2.499617e-01
2287.500000	2.495894e-01
2288.500000	2.498817e-01
2289.500000	2.475278e-01
2290.500000	2.496831e-01
2291.500000	2.455036e-01
2292.500000	2.475717e-01
2293.500000	2.171002e-01
2294.500000	2.195054e-01
2295.500000	2.259177e-01
2296.500000	2.241153e-01
2297.500000	2.290767e-01
2298.500000	2.365115e-01
2299.500000	2.296427e-01
2300.500000	2.369281e-01
2301.500000	2.344335e-01
2302.500000	2.334952e-01
2303.500000	2.328397e-01
2304.500000	2.353598e-01
2305.500000	2.327907e-01
2306.500000	2.348101e-01
2307.500000	2.350883e-01
2308.500000	2.368155e-01
2309.500000	2.357874e-01
2310.500000	2.334901e-01
2311.500000	2.315063e-01
2312.500000	2.330115e-01
2313.500000	2.340034e-01
2314.500000	2.271991e-01
2315.500000	2.354219e-01
2316.500000	2.303679e-01
2317.500000	2.305665e-01
2318.500000	2.370192e-01
2319.500000	2.315134e-01
2320.500000	2.286742e-01
2321.500000	2.336346e-01
2322.500000	2.070702e-01
2323.500000	2.041371e-01
2324.500000	2.139976e-01
2325.500000	2.151993e-01
2326.500000	2.155180e-01
2327.500000	2.251507e-01
2328.500000	2.161450e-01
2329.500000	2.251851e-01
2330.500000	2.143482e-01
2331.500000	2.169342e-01
2332.500000	2.248961e-01
2333.500000	2.227812e-01
2334.500000	2.182994e-01
2335.500000	2.057391e-01
2336.500000	2.171102e-01
2337.500000	2.177260e-01
2338.500000	2.020443e-01
2339.500000	2.171368e-01
2340.500000	2.194377e-01
2341.500000	2.149498e-01
2342.500000	2.250371e-01
2343.500000	2.210333e-01
2344.500000	2.124466e-01
2345.500000	2.177138e-01
2346.500000	2.207597e-01
2347.500000	2.231990e-01
2348.500000	2.220696e-01
2349.500000	2.155342e-01
2350.500000	2.209909e-01
2351.500000	2.111336e-01
2352.500000	1.926060e-01
2353.500000	2.000875e-01
2354.500000	1.982965e-01
2355.500000	2.092646e-01
2356.500000	2.054845e-01
2357.500000	2.080395e-01
2358.500000	2.070239e-01
2359.500000	2.064599e-01
2360.500000	2.108312e-01
2361.500000	2.063332e-01
2362.500000	2.124552e-01
2363.500000	2.054866e-01
2364.500000	2.119603e-01
2365.500000	2.142570e-01
2366.500000	2.090836e-01
2367.500000	2.042693e-01
2368.500000	2.075038e-01
2369.500000	2.127888e-01
2370.500000	2.117384e-01
2371.500000	2.118009e-01
2372.500000	2.113573e-01
2373.500000	2.096644e-01
2374.500000	2.109693e-01
2375.500000	2.068551e-01
2376.500000	2.060890e-01
2377.500000	2.133944e-01
2378.500000	2.042249e-01
2379.500000	2.026129e-01
2380.500000	2.094039e-01
2381.500000	2.016887e-01
2382.500000	1.990496e-01
2383.500000	1.803318e-01
2384.500000	1.927679e-01
2385.500000	1.946162e-01
2386.500000	1.935664e-01
2387.500000	1.956830e-01
2388.500000	1.915167e-01
2389.500000	1.961633e-01
2390.500000	2.010760e-01
2391.500000	1.912152e-01
2392.500000	1.901282e-01
2393.500000	2.015359e-01
2394.500000	2.018542e-01
2395.500000	1.952981e-01
2396.500000	1.920526e-01
2397.500000	1.976707e-01
2398.500000	1.965440e-01
2399.500000	1.920585e-01
2400.500000	1.926949e-01
2401.500000	1.924481e-01
2402.500000	1.867029e-01
2403.500000	1.988658e-01
2404.500000	1.845048e-01
2405.500000	1.902135e-01
2406.500000	1.935674e-01
2407.500000	1.880133e-01
2408.500000	1.808026e-01
2409.500000	1.882294e-01
2410.500000	1.846080e-01
2411.500000	1.889852e-01
2412.500000	1.892493e-01
2413.500000	1.777366e-01
2414.500000	1.729251e-01
2415.500000	1.896594e-01
2416.500000	1.737427e-01
2417.500000	1.753809e-01
2418.500000	1.925543e-01
2419.500000	1.771887e-01
2420.500000	1.854310e-01
2421.500000	1.805793e-01
2422.500000	1.765850e-01
2423.500000	1.778126e-01
2424.500000	1.865155e-01
2425.500000	1.766893e-01
2426.500000	1.727052e-01
2427.500000	1.819293e-01
2428.500000	1.750184e-01
2429.500000	1.835864e-01
2430.500000	1.772642e-01
2431.500000	1.681512e-01
2432.500000	1.855298e-01
2433.500000	1.689740e-01
2434.500000	1.722719e-01
2435.500000	1.818021e-01
2436.500000	1.710931e-01
2437.500000	1.619508e-01
2438.500000	1.783273e-01
2439.500000	1.832921e-01
2440.500000	1.710222e-01
2441.500000	1.689256e-01
2442.500000	1.702084e-01
2443.500000	1.692004e-01
2444.500000	1.608055e-01
2445.500000	1.822701e-01
2446.500000	1.660933e-01
2447.500000	1.653757e-01
2448.500000	1.639738e-01
2449.500000	1.676493e-01
2450.500000	1.672866e-01
2451.500000	1.663069e-01
2452.500000	1.621569e-01
2453.500000	1.608534e-01
2454.500000	1.471901e-01
2455.500000	1.660058e-01
2456.500000	1.712110e-01
2457.500000	1.709968e-01
2458.500000	1.690178e-01
2459.500000	1.625414e-01
2460.500000	1.551728e-01
2461.500000	1.460422e-01
2462.500000	1.700883e-01
2463.500000	1.655052e-01
2464.500000	1.708465e-01
2465.500000	1.620761e-01
2466.500000	1.617932e-01
2467.500000	1.521782e-01
2468.500000	1.564769e-01
2469.500000	1.667512e-01
2470.500000	1.597916e-01
2471.500000	1.575752e-01
2472.500000	1.615907e-01
2473.500000	1.546016e-01
2474.500000	1.493965e-01
2475.500000	1.492850e-01
2476.500000	1.603283e-01
2477.500000	1.638437e-01
2478.500000	1.539810e-01
2479.500000	1.520226e-01
2480.500000	1.534804e-01
2481.500000	1.460519e-01
2482.500000	1.467419e-01
2483.500000	1.625427e-01
2484.500000	1.583687e-01
2485.500000	1.515411e-01
2486.500000	1.427409e-01
2487.500000	1.427271e-01
2488.500000	1.409778e-01
2489.500000	1.451874e-01
2490.500000	1.382474e-01
2491.500000	1.410563e-01
2492.500000	1.468543e-01
2493.500000	1.442310e-01
2494.500000	1.467098e-01
2495.500000	1.485072e-01
2496.500000	1.491086e-01
2497.500000	1.435177e-01
2498.500000	1.353079e-01
2499.500000	1.446974e-01
2500.500000	1.404443e-01
2501.500000	1.470274e-01
2502.500000	1.489499e-01
2503.500000	1.344944e-01
2504.500000	1.410215e-01
2505.500000	1.378933e-01
2506.500000	1.310090e-01
2507.500000	1.428209e-01
2508.500000	1.456719e-01
2509.500000	1.486791e-01
2510.500000	1.447521e-01
2511.500000	1.403085e-01
2512.500000	1.354813e-01
2513.500000	1.377224e-01
2514.500000	1.404797e-01
2515.500000	1.277427e-01
2516.500000	1.456006e-01
2517.500000	1.495119e-01
2518.500000	1.425282e-01
2519.500000	1.342323e-01
2520.500000	1.364272e-01
2521.500000	1.470998e-01
2522.500000	1.416298e-01
2523.500000	1.370924e-01
2524.500000	1.307444e-01
2525.500000	1.351774e-01
2526.500000	1.411603e-01
2527.500000	1.289460e-01
2528.500000	1.345592e-01
2529.500000	1.384200e-01
2530.500000	1.469848e-01
2531.500000	1.328964e-01
2532.500000	1.441595e-01
2533.500000	1.337548e-01
2534.500000	1.439755e-01
2535.500000	1.287181e-01
2536.500000	1.321395e-01
2537.500000	1.289325e-01
2538.500000	1.423205e-01
2539.500000	1.293530e-01
2540.500000	1.355656e-01
2541.500000	1.348620e-01
2542.500000	1.371392e-01
2543.500000	1.275655e-01
2544.500000	1.382154e-01
2545.500000	1.388575e-01
2546.500000	1.380656e-01
2547.500000	1.354005e-01
2548.500000	1.323800e-01
2549.500000	1.338748e-01
2550.500000	1.311851e-01
2551.500000	1.422083e-01
2552.500000	1.278024e-01
2553.500000	1.363326e-01
2554.500000	1.393600e-01
2555.500000	1.341763e-01
2556.500000	1.293609e-01
2557.500000	1.355646e-01
2558.500000	1.403964e-01
2559.500000	1.338707e-01
2560.500000	1.256404e-01
2561.500000	1.327903e-01
2562.500000	1.291859e-01
2563.500000	1.302350e-01
2564.500000	1.309469e-01
2565.500000	1.371858e-01
2566.500000	1.296404e-01
2567.500000	1.343220e-01
2568.500000	1.312895e-01
2569.500000	1.241045e-01
2570.500000	1.392754e-01
2571.500000	1.483592e-01
2572.500000	1.374471e-01
2573.500000	1.265721e-01
2574.500000	1.301747e-01
2575.500000	1.298357e-01
2576.500000	1.274347e-01
2577.500000	1.225873e-01
2578.500000	1.263020e-01
2579.500000	1.348477e-01
2580.500000	1.411357e-01
2581.500000	1.271056e-01
2582.500000	1.300463e-01
2583.500000	1.281716e-01
2584.500000	1.327124e-01
2585.500000	1.391309e-01
2586.500000	1.427302e-01
2587.500000	1.268080e-01
2588.500000	1.298849e-01
2589.500000	1.259993e-01
2590.500000	1.330184e-01
2591.500000	1.355274e-01
2592.500000	1.335164e-01
2593.500000	1.302727e-01
2594.500000	1.256339e-01
2595.500000	1.325492e-01
2596.500000	1.332386e-01
2597.500000	1.260833e-01
2598.500000	1.263666e-01
2599.500000	1.311199e-01
2600.500000	1.374236e-01
2601.500000	1.292204e-01
2602.500000	1.404207e-01
2603.500000	1.290184e-01
2604.500000	1.300467e-01
2605.500000	1.313405e-01
2606.500000	1.337606e-01
2607.500000	1.281919e-01
2608.500000	1.196728e-01
2609.500000	1.283600e-01
2610.500000	1.374695e-01
2611.500000	1.387049e-01
2612.500000	1.342551e-01
2613.500000	1.314462e-01
2614.500000	1.301150e-01
2615.500000	1.365538e-01
2616.500000	1.320412e-01
2617.500000	1.264066e-01
2618.500000	1.244605e-01
2619.500000	1.254062e-01
2620.500000	1.274214e-01
2621.500000	1.286451e-01
2622.500000	1.252110e-01
2623.500000	1.309294e-01
2624.500000	1.274275e-01
2625.500000	1.269375e-01
2626.500000	1.247883e-01
2627.500000	1.296538e-01
2628.500000	1.328148e-01
2629.500000	1.310819e-01
2630.500000	1.211200e-01
2631.500000	1.307370e-01
2632.500000	1.306538e-01
2633.500000	1.272807e-01
2634.500000	1.184584e-01
2635.500000	1.282915e-01
2636.500000	1.296897e-01
2637.500000	1.302701e-01
2638.500000	1.246081e-01
2639.500000	1.335898e-01
2640.500000	1.196639e-01
2641.500000	1.213660e-01
2642.500000	1.256989e-01
2643.500000	1.301095e-01
2644.500000	1.294928e-01
2645.500000	1.203416e-01
2646.500000	1.254787e-01
2647.500000	1.276417e-01
2648.500000	1.268805e-01
2649.500000	1.253654e-01
2650.500000	1.283605e-01
2651.500000	1.249864e-01
2652.500000	1.227809e-01
2653.500000	1.320063e-01
2654.500000	1.252393e-01
2655.500000	1.244773e-01
2656.500000	1.220600e-01
2657.500000	1.313876e-01
2658.500000	1.325299e-01
2659.500000	1.281034e-01
2660.500000	1.200734e-01
2661.500000	1.234812e-01
2662.500000	1.354951e-01
2663.500000	1.273912e-01
2664.500000	1.225272e-01
2665.500000	1.256452e-01
2666.500000	1.249399e-01
2667.500000	1.246680e-01
2668.500000	1.281652e-01
2669.500000	1.253527e-01
2670.500000	1.116744e-01
2671.500000	1.269312e-01
2672.500000	1.331325e-01
2673.500000	1.258685e-01
2674.500000	1.259113e-01
2675.500000	1.231761e-01
2676.500000	1.184260e-01
2677.500000	1.115833e-01
2678.500000	1.267787e-01
2679.500000	1.244542e-01
2680.500000	1.229142e-01
2681.500000	1.202728e-01
2682.500000	1.220503e-01
2683.500000	1.252177e-01
2684.500000	1.202676e-01
2685.500000	1.231361e-01
2686.500000	1.116434e-01
2687.500000	1.309433e-01
2688.500000	1.199697e-01
2689.500000	1.303417e-01
2690.500000	1.233241e-01
2691.500000	1.212006e-01
2692.500000	1.217204e-01
2693.500000	1.112232e-01
2694.500000	1.092579e-01
2695.500000	1.196822e-01
2696.500000	1.121542e-01
2697.500000	1.180873e-01
2698.500000	1.199524e-01
2699.500000	1.273788e-01
2700.500000	1.288020e-01
2701.500000	1.147385e-01
2702.500000	1.199434e-01
2703.500000	1.147346e-01
2704.500000	1.116896e-01
2705.500000	1.169186e-01
2706.500000	1.172801e-01
2707.500000	1.211295e-01
2708.500000	1.187155e-01
2709.500000	1.187478e-01
2710.500000	1.181917e-01
2711.500000	1.093541e-01
2712.500000	1.096169e-01
2713.500000	1.216940e-01
2714.500000	1.132619e-01
2715.500000	1.177418e-01
2716.500000	1.123847e-01
2717.500000	1.116387e-01
2718.500000	1.152448e-01
2719.500000	1.200593e-01
2720.500000	1.123772e-01
2721.500000	1.216432e-01
2722.500000	1.101254e-01
2723.500000	1.149226e-01
2724.500000	1.053687e-01
2725.500000	1.094907e-01
2726.500000	1.179761e-01
2727.500000	1.133781e-01
2728.500000	1.061724e-01
2729.500000	1.078017e-01
2730.500000	1.085212e-01
2731.500000	1.231678e-01
2732.500000	1.178628e-01
2733.500000	1.162291e-01
2734.500000	1.212417e-01
2735.500000	1.026845e-01
2736.500000	9.991589e-02
2737.500000	1.119785e-01
2738.500000	1.071750e-01
2739.500000	1.075372e-01
2740.500000	1.029159e-01
2741.500000	1.101156e-01
2742.500000	1.180050e-01
2743.500000	1.154469e-01
2744.500000	1.091665e-01
2745.500000	1.114607e-01
2746.500000	1.114702e-01
2747.500000	1.098628e-01
2748.500000	1.108561e-01
2749.500000	1.109384e-01
2750.500000	1.024125e-01
2751.500000	1.085230e-01
2752.500000	1.091182e-01
2753.500000	1.121779e-01
2754.500000	1.015775e-01
2755.500000	1.057153e-01
2756.500000	1.059576e-01
2757.500000	1.149378e-01
2758.500000	1.092426e-01
2759.500000	1.108718e-01
2760.500000	1.093084e-01
2761.500000	1.084251e-01
2762.500000	1.114718e-01
2763.500000	1.148160e-01
2764.500000	1.002243e-01
2765.500000	1.056534e-01
2766.500000	1.015454e-01
2767.500000	1.021833e-01
2768.500000	1.037515e-01
2769.500000	1.073080e-01
2770.500000	1.009843e-01
2771.500000	1.070999e-01
2772.500000	1.079601e-01
2773.500000	1.055383e-01
2774.500000	1.181986e-01
2775.500000	1.052951e-01
2776.500000	1.053403e-01
2777.500000	1.069537e-01
2778.500000	1.026916e-01
2779.500000	1.023262e-01
2780.500000	1.061795e-01
2781.500000	1.079993e-01
2782.500000	1.026222e-01
2783.500000	1.099057e-01
2784.500000	1.058960e-01
2785.500000	9.716119e-02
2786.500000	9.462816e-02
2787.500000	1.054425e-01
2788.500000	9.872617e-02
2789.500000	1.024095e-01
2790.500000	1.068930e-01
2791.500000	1.030075e-01
2792.500000	9.752109e-02
2793.500000	1.084950e-01
2794.500000	1.061833e-01
2795.500000	1.045463e-01
2796.500000	1.041627e-01
2797.500000	1.029391e-01
2798.500000	1.033349e-01
2799.500000	1.083507e-01
2800.500000	1.004078e-01
2801.500000	9.843398e-02
2802.500000	9.490646e-02
2803.500000	9.550218e-02
2804.500000	9.484143e-02
2805.500000	8.949560e-02
2806.500000	1.022853e-01
2807.500000	1.066989e-01
2808.500000	9.850559e-02
2809.500000	9.780486e-02
2810.500000	1.020575e-01
2811.500000	1.045522e-01
2812.500000	1.042389e-01
2813.500000	9.359280e-02
2814.500000	9.973633e-02
2815.500000	1.035404e-01
2816.500000	1.026520e-01
2817.500000	9.367581e-02
2818.500000	9.916027e-02
2819.500000	9.199513e-02
2820.500000	8.728016e-02
2821.500000	9.783784e-02
2822.500000	9.791705e-02
2823.500000	1.004512e-01
2824.500000	1.000206e-01
2825.500000	9.416949e-02
2826.500000	1.004587e-01
2827.500000	9.120705e-02
2828.500000	1.065525e-01
2829.500000	1.036839e-01
2830.500000	9.633743e-02
2831.500000	1.007421e-01
2832.500000	1.061730e-01
2833.500000	9.515024e-02
2834.500000	9.586708e-02
2835.500000	9.080443e-02
2836.500000	9.615338e-02
2837.500000	9.010981e-02
2838.500000	9.490631e-02
2839.500000	1.047818e-01
2840.500000	9.665115e-02
2841.500000	1.005926e-01
2842.500000	9.750789e-02
2843.500000	9.237624e-02
2844.500000	9.749578e-02
2845.500000	9.663042e-02
2846.500000	9.852389e-02
2847.500000	9.851620e-02
2848.500000	1.004914e-01
2849.500000	9.223273e-02
2850.500000	9.087456e-02
2851.500000	9.635469e-02
2852.500000	9.296867e-02
2853.500000	8.995075e-02
2854.500000	8.768100e-02
2855.500000	9.064947e-02
2856.500000	9.241113e-02
2857.500000	9.340771e-02
2858.500000	1.026875e-01
2859.500000	1.009802e-01
2860.500000	1.014380e-01
2861.500000	9.373779e-02
2862.500000	9.867884e-02
2863.500000	9.671680e-02
2864.500000	9.570233e-02
2865.500000	9.391900e-02
2866.500000	9.459546e-02
2867.500000	9.451674e-02
2868.500000	9.116869e-02
2869.500000	9.181260e-02
2870.500000	9.399087e-02
2871.500000	8.810997e-02
2872.500000	8.688710e-02
2873.500000	8.798877e-02
2874.500000	9.126047e-02
2875.500000	9.943755e-02
2876.500000	1.008310e-01
2877.500000	9.330843e-02
2878.500000	9.750785e-02
2879.500000	9.801417e-02
2880.500000	9.477298e-02
2881.500000	9.544621e-02
2882.500000	9.182149e-02
2883.500000	9.685282e-02
2884.500000	9.463220e-02
2885.500000	8.796390e-02
2886.500000	8.876173e-02
2887.500000	9.477452e-02
2888.500000	8.785589e-02
2889.500000	8.744499e-02
2890.500000	9.177046e-02
2891.500000	8.552181e-02
2892.500000	9.181050e-02
2893.500000	9.253900e-02
2894.500000	1.022192e-01
2895.500000	9.334995e-02
2896.500000	9.656463e-02
2897.500000	9.850156e-02
2898.500000	9.207196e-02
2899.500000	8.468465e-02
2900.500000	8.779945e-02
2901.500000	9.245304e-02
2902.500000	8.875278e-02
2903.500000	9.488941e-02
2904.500000	8.708087e-02
2905.500000	9.415859e-02
2906.500000	9.256219e-02
2907.500000	8.282665e-02
2908.500000	7.855922e-02
2909.500000	8.323458e-02
2910.500000	7.981131e-02
2911.500000	9.502228e-02
2912.500000	9.648455e-02
2913.500000	9.355968e-02
2914.500000	9.535746e-02
2915.500000	9.015632e-02
2916.500000	9.116412e-02
2917.500000	9.099147e-02
2918.500000	8.932749e-02
2919.500000	8.894472e-02
2920.500000	8.770986e-02
2921.500000	8.403817e-02
2922.500000	8.537549e-02
2923.500000	8.496235e-02
2924.500000	8.525356e-02
2925.500000	8.961958e-02
2926.500000	8.980201e-02
2927.500000	8.117197e-02
2928.500000	8.634293e-02
2929.500000	7.502279e-02
2930.500000	8.971555e-02
2931.500000	9.306971e-02
2932.500000	9.176662e-02
2933.500000	9.026211e-02
2934.500000	8.564239e-02
2935.500000	8.926201e-02
2936.500000	8.858669e-02
2937.500000	8.746293e-02
2938.500000	8.622398e-02
2939.500000	9.103512e-02
2940.500000	8.243315e-02
2941.500000	8.142043e-02
2942.500000	8.704245e-02
2943.500000	8.572730e-02
2944.500000	7.872324e-02
2945.500000	8.791534e-02
2946.500000	8.240628e-02
2947.500000	8.007744e-02
2948.500000	7.722098e-02
2949.500000	8.643729e-02
2950.500000	8.861207e-02
2951.500000	8.927903e-02
2952.500000	8.749368e-02
2953.500000	8.387027e-02
2954.500000	8.298135e-02
2955.500000	8.327024e-02
2956.500000	8.380198e-02
2957.500000	9.033222e-02
2958.500000	8.625784e-02
2959.500000	8.628781e-02
2960.500000	8.252307e-02
2961.500000	8.248404e-02
2962.500000	8.298601e-02
2963.500000	7.861739e-02
2964.500000	8.795759e-02
2965.500000	8.769012e-02
2966.500000	7.796692e-02
2967.500000	8.726492e-02
2968.500000	7.525513e-02
2969.500000	8.175087e-02
2970.500000	8.314881e-02
2971.500000	8.192146e-02
2972.500000	8.076113e-02
2973.500000	8.757759e-02
2974.500000	8.481237e-02
2975.500000	8.583078e-02
2976.500000	8.446102e-02
2977.500000	9.035752e-02
2978.500000	8.106383e-02
2979.500000	8.352425e-02
2980.500000	8.951368e-02
2981.500000	8.000316e-02
2982.500000	8.397700e-02
2983.500000	7.958983e-02
2984.500000	8.495860e-02
2985.500000	8.492634e-02
2986.500000	8.002700e-02
2987.500000	7.660454e-02
2988.500000	7.681741e-02
2989.500000	7.390428e-02
2990.500000	7.987324e-02
2991.500000	8.203663e-02
2992.500000	8.423248e-02
2993.500000	8.554647e-02
2994.500000	8.665221e-02
2995.500000	8.369936e-02
2996.500000	7.995565e-02
2997.500000	8.537006e-02
2998.500000	8.157768e-02
2999.500000	8.297847e-02
3000.500000	8.105270e-02
3001.500000	8.074633e-02
3002.500000	8.311169e-02
3003.500000	7.612390e-02
3004.500000	7.948893e-02
3005.500000	8.139851e-02
3006.500000	7.996720e-02
3007.500000	7.504618e-02
3008.500000	7.201415e-02
3009.500000	7.347497e-02
3010.500000	7.636986e-02
3011.500000	7.957832e-02
3012.500000	7.900573e-02
3013.500000	8.171835e-02
3014.500000	8.688176e-02
3015.500000	8.344922e-02
3016.500000	8.586871e-02
3017.500000	8.166093e-02
3018.500000	8.389323e-02
3019.500000	8.345282e-02
3020.500000	8.010441e-02
3021.500000	8.064986e-02
3022.500000	7.375908e-02
3023.500000	7.963155e-02
3024.500000	8.124578e-02
3025.500000	7.584650e-02
3026.500000	7.434331e-02
3027.500000	8.281278e-02
3028.500000	7.680992e-02
3029.500000	7.547075e-02
3030.500000	7.863095e-02
3031.500000	7.465240e-02
3032.500000	8.205854e-02
3033.500000	8.113492e-02
3034.500000	8.104805e-02
3035.500000	7.853686e-02
3036.500000	7.838879e-02
3037.500000	8.371306e-02
3038.500000	7.856974e-02
3039.500000	7.852421e-02
3040.500000	8.393432e-02
3041.500000	7.566028e-02
3042.500000	7.784823e-02
3043.500000	7.630935e-02
3044.500000	7.288934e-02
3045.500000	7.574942e-02
3046.500000	7.807851e-02
3047.500000	7.754027e-02
3048.500000	7.345797e-02
3049.500000	7.047755e-02
3050.500000	7.487558e-02
3051.500000	7.438436e-02
3052.500000	7.323117e-02
3053.500000	7.658370e-02
3054.500000	8.099199e-02
3055.500000	8.476664e-02
3056.500000	8.150509e-02
3057.500000	8.030019e-02
3058.500000	7.549985e-02
3059.500000	7.775690e-02
3060.500000	7.834685e-02
3061.500000	7.819926e-02
3062.500000	8.218953e-02
3063.500000	8.102258e-02
3064.500000	7.401138e-02
3065.500000	7.060887e-02
3066.500000	7.651152e-02
3067.500000	7.748440e-02
3068.500000	7.836212e-02
3069.500000	7.396814e-02
3070.500000	7.236520e-02
3071.500000	7.314274e-02
3072.500000	7.388059e-02
3073.500000	7.043248e-02
3074.500000	7.450070e-02
3075.500000	7.551090e-02
3076.500000	7.906719e-02
3077.500000	7.658882e-02
3078.500000	7.965095e-02
3079.500000	7.891036e-02
3080.500000	7.660926e-02
3081.500000	8.073858e-02
3082.500000	7.451496e-02
3083.500000	7.255156e-02
3084.500000	7.518384e-02
3085.500000	7.095260e-02
3086.500000	7.581009e-02
3087.500000	7.336632e-02
3088.500000	7.502251e-02
3089.500000	7.221683e-02
3090.500000	7.146022e-02
3091.500000	7.028397e-02
3092.500000	7.517429e-02
3093.500000	7.463366e-02
3094.500000	7.433663e-02
3095.500000	7.044175e-02
3096.500000	7.475456e-02
3097.500000	7.116584e-02
3098.500000	7.405979e-02
3099.500000	7.682796e-02
3100.500000	7.666008e-02
3101.500000	8.006757e-02
3102.500000	7.452576e-02
3103.500000	7.737171e-02
3104.500000	7.718974e-02
3105.500000	7.378460e-02
3106.500000	7.241694e-02
3107.500000	7.505218e-02
3108.500000	7.134863e-02
3109.500000	7.656604e-02
3110.500000	6.962850e-02
3111.500000	7.502016e-02
3112.500000	7.405889e-02
3113.500000	7.000245e-02
3114.500000	6.947557e-02
3115.500000	7.443094e-02
3116.500000	7.260623e-02
3117.500000	7.335761e-02
3118.500000	7.050123e-02
3119.500000	7.378606e-02
3120.500000	7.438125e-02
3121.500000	7.184662e-02
3122.500000	7.471085e-02
3123.500000	7.824335e-02
3124.500000	7.349289e-02
3125.500000	7.595122e-02
3126.500000	7.597116e-02
3127.500000	7.366397e-02
3128.500000	7.125320e-02
3129.500000	7.000866e-02
3130.500000	6.775322e-02
3131.500000	6.723337e-02
3132.500000	6.961232e-02
3133.500000	6.889150e-02
3134.500000	7.314390e-02
3135.500000	6.681346e-02
3136.500000	7.555692e-02
3137.500000	7.044847e-02
3138.500000	7.091201e-02
3139.500000	7.662961e-02
3140.500000	7.633603e-02
3141.500000	7.012207e-02
3142.500000	7.500282e-02
3143.500000	6.846038e-02
3144.500000	6.834473e-02
3145.500000	7.516614e-02
3146.500000	7.345409e-02
3147.500000	7.108000e-02
3148.500000	7.125512e-02
3149.500000	7.102287e-02
3150.500000	7.409576e-02
3151.500000	7.440744e-02
3152.500000	7.259410e-02
3153.500000	6.861277e-02
3154.500000	6.948929e-02
3155.500000	6.924392e-02
3156.500000	6.733301e-02
3157.500000	6.842490e-02
3158.500000	6.973505e-02
3159.500000	7.185327e-02
3160.500000	7.434953e-02
3161.500000	7.149979e-02
3162.500000	7.371161e-02
3163.500000	7.360846e-02
3164.500000	7.234798e-02
3165.500000	6.978441e-02
3166.500000	6.974797e-02
3167.500000	7.013935e-02
3168.500000	7.118125e-02
3169.500000	6.982442e-02
3170.500000	7.159234e-02
3171.500000	7.177402e-02
3172.500000	6.912357e-02
3173.500000	7.084077e-02
3174.500000	6.878234e-02
3175.500000	7.348015e-02
3176.500000	6.752129e-02
3177.500000	6.848069e-02
3178.500000	6.607037e-02
3179.500000	6.524088e-02
3180.500000	6.814498e-02
3181.500000	6.855341e-02
3182.500000	7.011467e-02
3183.500000	6.969403e-02
3184.500000	7.149436e-02
3185.500000	6.922645e-02
3186.500000	6.818560e-02
3187.500000	7.385215e-02
3188.500000	7.083825e-02
3189.500000	6.441609e-02
3190.500000	7.213513e-02
3191.500000	7.124588e-02
3192.500000	6.617368e-02
3193.500000	6.935301e-02
3194.500000	6.764065e-02
3195.500000	6.915289e-02
3196.500000	7.107610e-02
3197.500000	6.899023e-02
3198.500000	6.749130e-02
3199.500000	6.605487e-02
3200.500000	6.714667e-02
3201.500000	6.608390e-02
3202.500000	6.616069e-02
3203.500000	6.850350e-02
3204.500000	6.682927e-02
3205.500000	7.020637e-02
3206.500000	7.303658e-02
3207.500000	7.001710e-02
3208.500000	7.038996e-02
3209.500000	7.135039e-02
3210.500000	6.877364e-02
3211.500000	7.156116e-02
3212.500000	6.823603e-02
3213.500000	7.245078e-02
3214.500000	6.585348e-02
3215.500000	6.937625e-02
3216.500000	7.039333e-02
3217.500000	6.837858e-02
3218.500000	6.516163e-02
3219.500000	6.639866e-02
3220.500000	6.975702e-02
3221.500000	6.609990e-02
3222.500000	6.776760e-02
3223.500000	6.920250e-02
3224.500000	6.583538e-02
3225.500000	6.956316e-02
3226.500000	6.716626e-02
3227.500000	6.667285e-02
3228.500000	6.282300e-02
3229.500000	6.570537e-02
3230.500000	7.059713e-02
3231.500000	7.184155e-02
3232.500000	6.421886e-02
3233.500000	6.654192e-02
3234.500000	6.983083e-02
3235.500000	6.868519e-02
3236.500000	6.701814e-02
3237.500000	6.699631e-02
3238.500000	6.741430e-02
3239.500000	6.422630e-02
3240.500000	6.507190e-02
3241.500000	6.873169e-02
3242.500000	6.523565e-02
3243.500000	6.682877e-02
3244.500000	6.307313e-02
3245.500000	6.421681e-02
3246.500000	6.771368e-02
3247.500000	6.846194e-02
3248.500000	6.652448e-02
3249.500000	6.770589e-02
3250.500000	6.381008e-02
3251.500000	6.967675e-02
3252.500000	6.710003e-02
3253.500000	6.780144e-02
3254.500000	6.481047e-02
3255.500000	6.856586e-02
3256.500000	6.795852e-02
3257.500000	6.831510e-02
3258.500000	6.762651e-02
3259.500000	6.765610e-02
3260.500000	6.983844e-02
3261.500000	6.636845e-02
3262.500000	6.826047e-02
3263.500000	6.704719e-02
3264.500000	6.603400e-02
3265.500000	6.433141e-02
3266.500000	6.843923e-02
3267.500000	6.667648e-02
3268.500000	6.516612e-02
3269.500000	6.464716e-02
3270.500000	6.561680e-02
3271.500000	6.550551e-02
3272.500000	6.956230e-02
3273.500000	6.682547e-02
3274.500000	6.438011e-02
3275.500000	6.369787e-02
3276.500000	6.442957e-02
3277.500000	6.662847e-02
3278.500000	6.476410e-02
3279.500000	6.594322e-02
3280.500000	6.525781e-02
3281.500000	6.203392e-02
3282.500000	6.389035e-02
3283.500000	6.670224e-02
3284.500000	6.215669e-02
3285.500000	6.580058e-02
3286.500000	6.437570e-02
3287.500000	6.137928e-02
3288.500000	6.467756e-02
3289.500000	6.875398e-02
3290.500000	6.434656e-02
3291.500000	6.569930e-02
3292.500000	6.322303e-02
3293.500000	6.251546e-02
3294.500000	6.303269e-02
3295.500000	6.438628e-02
3296.500000	6.526188e-02
3297.500000	6.404450e-02
3298.500000	6.601841e-02
3299.500000	6.608122e-02
3300.500000	6.238735e-02
3301.500000	6.560381e-02
3302.500000	6.739436e-02
3303.500000	6.612048e-02
3304.500000	6.501859e-02
3305.500000	6.446706e-02
3306.500000	6.524784e-02
3307.500000	6.574310e-02
3308.500000	6.486005e-02
3309.500000	6.304830e-02
3310.500000	6.524516e-02
3311.500000	6.456371e-02
3312.500000	6.282864e-02
3313.500000	6.733510e-02
3314.500000	6.286996e-02
3315.500000	6.363891e-02
3316.500000	6.446149e-02
3317.500000	6.273975e-02
3318.500000	6.709814e-02
3319.500000	6.227896e-02
3320.500000	6.144548e-02
3321.500000	6.410923e-02
3322.500000	6.353365e-02
3323.500000	6.591974e-02
3324.500000	6.513203e-02
3325.500000	6.366086e-02
3326.500000	6.298531e-02
3327.500000	6.586467e-02
3328.500000	6.631884e-02
3329.500000	6.695539e-02
3330.500000	6.374853e-02
3331.500000	6.465920e-02
3332.500000	6.567985e-02
3333.500000	6.397003e-02
3334.500000	6.623398e-02
3335.500000	6.221852e-02
3336.500000	6.099015e-02
3337.500000	6.019074e-02
3338.500000	5.988493e-02
3339.500000	5.833051e-02
3340.500000	6.178415e-02
3341.500000	6.198292e-02
3342.500000	6.406887e-02
3343.500000	6.110795e-02
3344.500000	6.069349e-02
3345.500000	6.284340e-02
3346.500000	6.465510e-02
3347.500000	6.468331e-02
3348.500000	6.240115e-02
3349.500000	6.232461e-02
3350.500000	6.361687e-02
3351.500000	6.330110e-02
3352.500000	6.504202e-02
3353.500000	6.265797e-02
3354.500000	6.171016e-02
3355.500000	6.135516e-02
3356.500000	6.225819e-02
3357.500000	6.131960e-02
3358.500000	6.267329e-02
3359.500000	6.424312e-02
3360.500000	6.296386e-02
3361.500000	6.210264e-02
3362.500000	6.375244e-02
3363.500000	6.171505e-02
3364.500000	6.176126e-02
3365.500000	6.322501e-02
3366.500000	6.241811e-02
3367.500000	6.246364e-02
3368.500000	6.319985e-02
3369.500000	6.164654e-02
3370.500000	6.440114e-02
3371.500000	6.200426e-02
3372.500000	6.110874e-02
3373.500000	6.292596e-02
3374.500000	6.285891e-02
3375.500000	6.270407e-02
3376.500000	6.084363e-02
3377.500000	6.008327e-02
3378.500000	6.236648e-02
3379.500000	6.172115e-02
3380.500000	6.249049e-02
3381.500000	6.044626e-02
3382.500000	6.277929e-02
3383.500000	6.321294e-02
3384.500000	6.144538e-02
3385.500000	6.110536e-02
3386.500000	6.206027e-02
3387.500000	6.225256e-02
3388.500000	6.189887e-02
3389.500000	6.251849e-02
3390.500000	6.331972e-02
3391.500000	6.279794e-02
3392.500000	5.962907e-02
3393.500000	5.836102e-02
3394.500000	5.887944e-02
3395.500000	5.962992e-02
3396.500000	5.730543e-02
3397.500000	5.725446e-02
3398.500000	6.190762e-02
3399.500000	5.848302e-02
3400.500000	6.210451e-02
3401.500000	6.005964e-02
3402.500000	6.191364e-02
3403.500000	6.041885e-02
3404.500000	6.106732e-02
3405.500000	6.051117e-02
3406.500000	5.923637e-02
3407.500000	6.255370e-02
3408.500000	5.810017e-02
3409.500000	6.010365e-02
3410.500000	6.158082e-02
3411.500000	6.151716e-02
3412.500000	6.061269e-02
3413.500000	5.862122e-02
3414.500000	5.862627e-02
3415.500000	5.899946e-02
3416.500000	6.047865e-02
3417.500000	5.912709e-02
3418.500000	6.056619e-02
3419.500000	5.969009e-02
3420.500000	6.093304e-02
3421.500000	6.135672e-02
3422.500000	6.029463e-02
3423.500000	6.194625e-02
3424.500000	6.046856e-02
3425.500000	5.960368e-02
3426.500000	6.206002e-02
3427.500000	5.974537e-02
3428.500000	6.060076e-02
3429.500000	6.089232e-02
3430.500000	5.980032e-02
3431.500000	6.059971e-02
3432.500000	6.200709e-02
3433.500000	5.826726e-02
3434.500000	6.070231e-02
3435.500000	6.076176e-02
3436.500000	5.958904e-02
3437.500000	6.067490e-02
3438.500000	6.003878e-02
3439.500000	6.057701e-02
3440.500000	5.861591e-02
3441.500000	6.048445e-02
3442.500000	5.895778e-02
3443.500000	5.933477e-02
3444.500000	5.825079e-02
3445.500000	5.867936e-02
3446.500000	5.848529e-02
3447.500000	6.112109e-02
3448.500000	5.796095e-02
3449.500000	5.706809e-02
3450.500000	6.116069e-02
3451.500000	5.939504e-02
3452.500000	5.635525e-02
3453.500000	5.755465e-02
3454.500000	5.864433e-02
3455.500000	5.838669e-02
3456.500000	5.716009e-02
3457.500000	5.573124e-02
3458.500000	5.456345e-02
3459.500000	5.669024e-02
3460.500000	5.675625e-02
3461.500000	5.929361e-02
3462.500000	5.784708e-02
3463.500000	6.018176e-02
3464.500000	5.856078e-02
3465.500000	5.679069e-02
3466.500000	5.974023e-02
3467.500000	5.962488e-02
3468.500000	5.930334e-02
3469.500000	5.948966e-02
3470.500000	5.985218e-02
3471.500000	5.788041e-02
3472.500000	6.068796e-02
3473.500000	5.901404e-02
3474.500000	5.837078e-02
3475.500000	5.816518e-02
3476.500000	5.893660e-02
3477.500000	5.916579e-02
3478.500000	5.825262e-02
3479.500000	5.914841e-02
3480.500000	5.864679e-02
3481.500000	5.649322e-02
3482.500000	5.816497e-02
3483.500000	5.823502e-02
3484.500000	5.734532e-02
3485.500000	5.811307e-02
3486.500000	5.847422e-02
3487.500000	5.605527e-02
3488.500000	5.843391e-02
3489.500000	5.894822e-02
3490.500000	5.799483e-02
3491.500000	5.616686e-02
3492.500000	5.605233e-02
3493.500000	5.763689e-02
3494.500000	5.887417e-02
3495.500000	5.828361e-02
3496.500000	5.754042e-02
3497.500000	5.851594e-02
3498.500000	5.647379e-02
3499.500000	5.603058e-02
3500.500000	5.777681e-02
3501.500000	5.774031e-02
3502.500000	5.834570e-02
3503.500000	5.905355e-02
3504.500000	5.746347e-02
3505.500000	5.682213e-02
3506.500000	5.878440e-02
3507.500000	5.609253e-02
3508.500000	5.489191e-02
3509.500000	5.845737e-02
3510.500000	5.568429e-02
3511.500000	5.548698e-02
3512.500000	5.471059e-02
3513.500000	5.601431e-02
3514.500000	5.758862e-02
3515.500000	5.683816e-02
3516.500000	5.656751e-02
3517.500000	5.655853e-02
3518.500000	5.543476e-02
3519.500000	5.381288e-02
3520.500000	5.339416e-02
3521.500000	5.286173e-02
3522.500000	5.343505e-02
3523.500000	5.597413e-02
3524.500000	5.312733e-02
3525.500000	5.689960e-02
3526.500000	5.713099e-02
3527.500000	5.505142e-02
3528.500000	5.580325e-02
3529.500000	5.659825e-02
3530.500000	5.756518e-02
3531.500000	5.823353e-02
3532.500000	5.685463e-02
3533.500000	5.587518e-02
3534.500000	5.752213e-02
3535.500000	5.639959e-02
3536.500000	5.616644e-02
3537.500000	5.550552e-02
3538.500000	5.497387e-02
3539.500000	5.515378e-02
3540.500000	5.749429e-02
3541.500000	5.516465e-02
3542.500000	5.648522e-02
3543.500000	5.680603e-02
3544.500000	5.350853e-02
3545.500000	5.519039e-02
3546.500000	5.610235e-02
3547.500000	5.561951e-02
3548.500000	5.652282e-02
3549.500000	5.592352e-02
3550.500000	5.610532e-02
3551.500000	5.450796e-02
3552.500000	5.478947e-02
3553.500000	5.504750e-02
3554.500000	5.536582e-02
3555.500000	5.619372e-02
3556.500000	5.511967e-02
3557.500000	5.485846e-02
3558.500000	5.477096e-02
3559.500000	5.595781e-02
3560.500000	5.459473e-02
3561.500000	5.533987e-02
3562.500000	5.483750e-02
3563.500000	5.581166e-02
3564.500000	5.554716e-02
3565.500000	5.559129e-02
3566.500000	5.545846e-02
3567.500000	5.473658e-02
3568.500000	5.516089e-02
3569.500000	5.397768e-02
3570.500000	5.153535e-02
3571.500000	5.087248e-02
3572.500000	5.330595e-02
3573.500000	5.402874e-02
3574.500000	5.279454e-02
3575.500000	5.198653e-02
3576.500000	5.382293e-02
3577.500000	5.322090e-02
3578.500000	5.412886e-02
3579.500000	5.509372e-02
3580.500000	5.521657e-02
3581.500000	5.410515e-02
3582.500000	5.426269e-02
3583.500000	5.518964e-02
3584.500000	5.410007e-02
3585.500000	5.456765e-02
3586.500000	5.379353e-02
3587.500000	5.167326e-02
3588.500000	5.428315e-02
3589.500000	4.903051e-02
3590.500000	5.475579e-02
3591.500000	5.074122e-02
3592.500000	5.350121e-02
3593.500000	5.292252e-02
3594.500000	5.491484e-02
3595.500000	5.369562e-02
3596.500000	5.450371e-02
3597.500000	5.192973e-02
3598.500000	5.442448e-02
3599.500000	5.370322e-02
3600.500000	5.236838e-02
3601.500000	5.330066e-02
3602.500000	5.126156e-02
3603.500000	5.380739e-02
3604.500000	5.486455e-02
3605.500000	5.417768e-02
3606.500000	5.266956e-02
3607.500000	5.543490e-02
3608.500000	5.303933e-02
3609.500000	5.460826e-02
3610.500000	5.412664e-02
3611.500000	5.374396e-02
3612.500000	5.385384e-02
3613.500000	5.207161e-02
3614.500000	5.286010e-02
3615.500000	5.310919e-02
3616.500000	5.284997e-02
3617.500000	5.198385e-02
3618.500000	5.376571e-02
3619.500000	5.340295e-02
3620.500000	5.330640e-02
3621.500000	5.273105e-02
3622.500000	5.186070e-02
3623.500000	5.256657e-02
3624.500000	5.293379e-02
3625.500000	5.231370e-02
3626.500000	5.229511e-02
3627.500000	5.363904e-02
3628.500000	5.388535e-02
3629.500000	5.334769e-02
3630.500000	5.285848e-02
3631.500000	5.131515e-02
3632.500000	5.148492e-02
3633.500000	5.095990e-02
3634.500000	5.332331e-02
3635.500000	4.832679e-02
3636.500000	4.987526e-02
3637.500000	4.842195e-02
3638.500000	5.014888e-02
3639.500000	5.265145e-02
3640.500000	4.931201e-02
3641.500000	5.231916e-02
3642.500000	5.314838e-02
3643.500000	5.283522e-02
3644.500000	5.322424e-02
3645.500000	5.246290e-02
3646.500000	5.176459e-02
3647.500000	5.189584e-02
3648.500000	5.130765e-02
3649.500000	5.170473e-02
3650.500000	5.149986e-02
3651.500000	5.153592e-02
3652.500000	5.151783e-02
3653.500000	5.190158e-02
3654.500000	5.057963e-02
3655.500000	5.109389e-02
3656.500000	5.183765e-02
3657.500000	5.085415e-02
3658.500000	4.823588e-02
3659.500000	5.053543e-02
3660.500000	4.812461e-02
3661.500000	5.021577e-02
3662.500000	4.786592e-02
3663.500000	5.146523e-02
3664.500000	5.102700e-02
3665.500000	5.038902e-02
3666.500000	5.171234e-02
3667.500000	5.121414e-02
3668.500000	5.152479e-02
3669.500000	5.161118e-02
3670.500000	5.183135e-02
3671.500000	5.135444e-02
3672.500000	5.133534e-02
3673.500000	5.033320e-02
3674.500000	5.095302e-02
3675.500000	5.061398e-02
3676.500000	5.118732e-02
3677.500000	4.926383e-02
3678.500000	5.122824e-02
3679.500000	5.007692e-02
3680.500000	5.041589e-02
3681.500000	5.094704e-02
3682.500000	5.089626e-02
3683.500000	5.095243e-02
3684.500000	4.993783e-02
3685.500000	5.012122e-02
3686.500000	5.164925e-02
3687.500000	5.068266e-02
3688.500000	5.146848e-02
3689.500000	5.042771e-02
3690.500000	5.017530e-02
3691.500000	4.953448e-02
3692.500000	5.071566e-02
3693.500000	5.000547e-02
3694.500000	4.964295e-02
3695.500000	4.904092e-02
3696.500000	4.909407e-02
3697.500000	5.054808e-02
3698.500000	4.894640e-02
3699.500000	4.691717e-02
3700.500000	4.934312e-02
3701.500000	4.918125e-02
3702.500000	5.009678e-02
3703.500000	5.041205e-02
3704.500000	4.766102e-02
3705.500000	4.964004e-02
3706.500000	4.753951e-02
3707.500000	4.579888e-02
3708.500000	4.889405e-02
3709.500000	4.711636e-02
3710.500000	5.056531e-02
3711.500000	4.998207e-02
3712.500000	4.989671e-02
3713.500000	4.954779e-02
3714.500000	4.910425e-02
3715.500000	4.956750e-02
3716.500000	4.969921e-02
3717.500000	4.846517e-02
3718.500000	4.905510e-02
3719.500000	4.973816e-02
3720.500000	4.918354e-02
3721.500000	4.939656e-02
3722.500000	4.873195e-02
3723.500000	4.885990e-02
3724.500000	5.018820e-02
3725.500000	4.935790e-02
3726.500000	4.923141e-02
3727.500000	4.969929e-02
3728.500000	4.937457e-02
3729.500000	4.966178e-02
3730.500000	4.956999e-02
3731.500000	4.922360e-02
3732.500000	4.588652e-02
3733.500000	4.814010e-02
3734.500000	4.344737e-02
3735.500000	4.764173e-02
3736.500000	4.735870e-02
3737.500000	4.688245e-02
3738.500000	4.700964e-02
3739.500000	4.999092e-02
3740.500000	4.780678e-02
3741.500000	4.875151e-02
3742.500000	4.795073e-02
3743.500000	4.900541e-02
3744.500000	4.832137e-02
3745.500000	4.694076e-02
3746.500000	4.893428e-02
3747.500000	4.936071e-02
3748.500000	4.867506e-02
3749.500000	4.896257e-02
3750.500000	4.885424e-02
3751.500000	4.842877e-02
3752.500000	4.905730e-02
3753.500000	4.843748e-02
3754.500000	4.819252e-02
3755.500000	4.793856e-02
3756.500000	4.770066e-02
3757.500000	4.828385e-02
3758.500000	4.849241e-02
3759.500000	4.875504e-02
3760.500000	4.807860e-02
3761.500000	4.858937e-02
3762.500000	4.591697e-02
3763.500000	4.602741e-02
3764.500000	4.743005e-02
3765.500000	4.751850e-02
3766.500000	4.635986e-02
3767.500000	4.671214e-02
3768.500000	4.700644e-02
3769.500000	4.738606e-02
3770.500000	4.529191e-02
3771.500000	4.752638e-02
3772.500000	4.751978e-02
3773.500000	4.564529e-02
3774.500000	4.593995e-02
3775.500000	4.782860e-02
3776.500000	4.666606e-02
3777.500000	4.703905e-02
3778.500000	4.585787e-02
3779.500000	4.472794e-02
3780.500000	4.715729e-02
3781.500000	4.576241e-02
3782.500000	4.697107e-02
3783.500000	4.765353e-02
3784.500000	4.714121e-02
3785.500000	4.781006e-02
3786.500000	4.679340e-02
3787.500000	4.729613e-02
3788.500000	4.729147e-02
3789.500000	4.733410e-02
3790.500000	4.677486e-02
3791.500000	4.731481e-02
3792.500000	4.700277e-02
3793.500000	4.711070e-02
3794.500000	4.753798e-02
3795.500000	4.654927e-02
3796.500000	4.631034e-02
3797.500000	4.729489e-02
3798.500000	4.714303e-02
3799.500000	4.634499e-02
3800.500000	4.550449e-02
3801.500000	4.765455e-02
3802.500000	4.701248e-02
3803.500000	4.667666e-02
3804.500000	4.617198e-02
3805.500000	4.583542e-02
3806.500000	4.594506e-02
3807.500000	4.569424e-02
3808.500000	4.437933e-02
3809.500000	4.668220e-02
3810.500000	4.385904e-02
3811.500000	4.483097e-02
3812.500000	4.337711e-02
3813.500000	4.443466e-02
3814.500000	4.677744e-02
3815.500000	4.322530e-02
3816.500000	4.591325e-02
3817.500000	4.646023e-02
3818.500000	4.594155e-02
3819.500000	4.643948e-02
3820.500000	4.597473e-02
3821.500000	4.632504e-02
3822.500000	4.598352e-02
3823.500000	4.532989e-02
3824.500000	4.630466e-02
3825.500000	4.574819e-02
3826.500000	4.502877e-02
3827.500000	4.547346e-02
3828.500000	4.543358e-02
3829.500000	4.506704e-02
3830.500000	4.513794e-02
3831.500000	4.513001e-02
3832.500000	4.543685e-02
3833.500000	4.430081e-02
3834.500000	4.357412e-02
3835.500000	4.379390e-02
3836.500000	4.412700e-02
3837.500000	4.522542e-02
3838.500000	4.409303e-02
3839.500000	4.475933e-02
3840.500000	4.385783e-02
3841.500000	4.463645e-02
3842.500000	4.458990e-02
3843.500000	4.556361e-02
3844.500000	4.592614e-02
3845.500000	4.513569e-02
3846.500000	4.427554e-02
3847.500000	4.355959e-02
3848.500000	4.413176e-02
3849.500000	4.444208e-02
3850.500000	4.436665e-02
3851.500000	4.491979e-02
3852.500000	4.387248e-02
3853.500000	4.201605e-02
3854.500000	4.518225e-02
3855.500000	4.142237e-02
3856.500000	4.499120e-02
3857.500000	4.403676e-02
3858.500000	4.348342e-02
3859.500000	4.480261e-02
3860.500000	4.533582e-02
3861.500000	4.538897e-02
3862.500000	4.466986e-02
3863.500000	4.307145e-02
3864.500000	4.437387e-02
3865.500000	4.404915e-02
3866.500000	4.433690e-02
3867.500000	4.366942e-02
3868.500000	4.381350e-02
3869.500000	4.453272e-02
3870.500000	4.466345e-02
3871.500000	4.345591e-02
3872.500000	4.309846e-02
3873.500000	4.402341e-02
3874.500000	4.405271e-02
3875.500000	4.421018e-02
3876.500000	4.312451e-02
3877.500000	4.375123e-02
3878.500000	4.373469e-02
3879.500000	4.311597e-02
3880.500000	4.414615e-02
3881.500000	4.403427e-02
3882.500000	4.369315e-02
3883.500000	4.439431e-02
3884.500000	4.432227e-02
3885.500000	4.353221e-02
3886.500000	4.364869e-02
3887.500000	4.300445e-02
3888.500000	4.232655e-02
3889.500000	4.356891e-02
3890.500000	4.284580e-02
3891.500000	4.226243e-02
3892.500000	4.247558e-02
3893.500000	4.095610e-02
3894.500000	4.135905e-02
3895.500000	4.107524e-02
3896.500000	4.323792e-02
3897.500000	4.129069e-02
3898.500000	4.216732e-02
3899.500000	4.275776e-02
3900.500000	4.346951e-02
3901.500000	4.358774e-02
3902.500000	4.309518e-02
3903.500000	4.276252e-02
3904.500000	4.184294e-02
3905.500000	4.266794e-02
3906.500000	4.343860e-02
3907.500000	4.208124e-02
3908.500000	4.244871e-02
3909.500000	4.103188e-02
3910.500000	4.143209e-02
3911.500000	4.194774e-02
3912.500000	4.188803e-02
3913.500000	4.146642e-02
3914.500000	4.154667e-02
3915.500000	4.214762e-02
3916.500000	4.290134e-02
3917.500000	4.225567e-02
3918.500000	4.302597e-02
3919.500000	4.189477e-02
3920.500000	4.191993e-02
3921.500000	4.244909e-02
3922.500000	4.250861e-02
3923.500000	4.194796e-02
3924.500000	4.229398e-02
3925.500000	4.271791e-02
3926.500000	4.186142e-02
3927.500000	4.232816e-02
3928.500000	4.244292e-02
3929.500000	4.239954e-02
3930.500000	4.066262e-02
3931.500000	4.118934e-02
3932.500000	4.126865e-02
3933.500000	3.988930e-02
3934.500000	4.244315e-02
3935.500000	3.886854e-02
3936.500000	4.177765e-02
3937.500000	4.210164e-02
3938.500000	4.007282e-02
3939.500000	4.158295e-02
3940.500000	4.107666e-02
3941.500000	4.157326e-02
3942.500000	4.169215e-02
3943.500000	4.198520e-02
3944.500000	4.170007e-02
3945.500000	4.116445e-02
3946.500000	4.153382e-02
3947.500000	4.112938e-02
3948.500000	4.133699e-02
3949.500000	4.148967e-02
3950.500000	4.078649e-02
3951.500000	4.046040e-02
3952.500000	4.073335e-02
3953.500000	4.127211e-02
3954.500000	4.094784e-02
3955.500000	4.099986e-02
3956.500000	4.062337e-02
3957.500000	4.098264e-02
3958.500000	4.093894e-02
3959.500000	4.072255e-02
3960.500000	4.100284e-02
3961.500000	4.120899e-02
3962.500000	4.050883e-02
3963.500000	4.046359e-02
3964.500000	4.000268e-02
3965.500000	4.049403e-02
3966.500000	4.081953e-02
3967.500000	4.057436e-02
3968.500000	4.054209e-02
3969.500000	4.057618e-02
3970.500000	3.962096e-02
3971.500000	4.044650e-02
3972.500000	4.046910e-02
3973.500000	4.053262e-02
3974.500000	3.898327e-02
3975.500000	4.074436e-02
3976.500000	3.943948e-02
3977.500000	3.970558e-02
3978.500000	3.916189e-02
3979.500000	3.801387e-02
3980.500000	3.882836e-02
3981.500000	3.794495e-02
3982.500000	3.801643e-02
3983.500000	3.981170e-02
3984.500000	3.800910e-02
3985.500000	3.785879e-02
3986.500000	3.822222e-02
3987.500000	3.938153e-02
3988.500000	3.855889e-02
3989.500000	3.848732e-02
3990.500000	3.984381e-02
3991.500000	3.757931e-02
3992.500000	3.987069e-02
3993.500000	3.946295e-02
3994.500000	3.956923e-02
3995.500000	3.975398e-02
3996.500000	3.927360e-02
3997.500000	3.958688e-02
3998.500000	3.837507e-02
3999.500000	3.850393e-02
4000.500000	3.944622e-02
4001.500000	3.884885e-02
4002.500000	3.924241e-02
4003.500000	3.956597e-02
4004.500000	3.842342e-02
4005.500000	3.898656e-02
4006.500000	3.848794e-02
4007.500000	3.815337e-02
4008.500000	3.875406e-02
4009.500000	3.869205e-02
4010.500000	3.905082e-02
4011.500000	3.930802e-02
4012.500000	3.891464e-02
4013.500000	3.875241e-02
4014.500000	3.768009e-02
4015.500000	3.855667e-02
4016.500000	3.764632e-02
4017.500000	3.754350e-02
4018.500000	3.783396e-02
4019.500000	3.672836e-02
4020.500000	3.595149e-02
4021.500000	3.792199e-02
4022.500000	3.837187e-02
4023.500000	3.677332e-02
4024.500000	3.823793e-02
4025.500000	3.890120e-02
4026.500000	3.764830e-02
4027.500000	3.843650e-02
4028.500000	3.835982e-02
4029.500000	3.817901e-02
4030.500000	3.704480e-02
4031.500000	3.828388e-02
4032.500000	3.792632e-02
4033.500000	3.740856e-02
4034.500000	3.798195e-02
4035.500000	3.859015e-02
4036.500000	3.779905e-02
4037.500000	3.729605e-02
4038.500000	3.858351e-02
4039.500000	3.805050e-02
4040.500000	3.615148e-02
4041.500000	3.688736e-02
4042.500000	3.771584e-02
4043.500000	3.610751e-02
4044.500000	3.368138e-02
4045.500000	3.665716e-02
4046.500000	3.716919e-02
4047.500000	3.648079e-02
4048.500000	3.700408e-02
4049.500000	3.709770e-02
4050.500000	3.714800e-02
4051.500000	3.617114e-02
4052.500000	3.694136e-02
4053.500000	3.731370e-02
4054.500000	3.631479e-02
4055.500000	3.729791e-02
4056.500000	3.788660e-02
4057.500000	3.645975e-02
4058.500000	3.643083e-02
4059.500000	3.624336e-02
4060.500000	3.649714e-02
4061.500000	3.603645e-02
4062.500000	3.575802e-02
4063.500000	3.622428e-02
4064.500000	3.648480e-02
4065.500000	3.735735e-02
4066.500000	3.560314e-02
4067.500000	3.688823e-02
4068.500000	3.563180e-02
4069.500000	3.626022e-02
4070.500000	3.617419e-02
4071.500000	3.500820e-02
4072.500000	3.518749e-02
4073.500000	3.573275e-02
4074.500000	3.371048e-02
4075.500000	3.599148e-02
4076.500000	3.437183e-02
4077.500000	3.621389e-02
4078.500000	3.598474e-02
4079.500000	3.557866e-02
4080.500000	3.621974e-02
4081.500000	3.583015e-02
4082.500000	3.588253e-02
4083.500000	3.440437e-02
4084.500000	3.504490e-02
4085.500000	3.481635e-02
4086.500000	3.470928e-02
4087.500000	3.493797e-02
4088.500000	3.497600e-02
4089.500000	3.603643e-02
4090.500000	3.489807e-02
4091.500000	3.430263e-02
4092.500000	3.559876e-02
4093.500000	3.525001e-02
4094.500000	3.536375e-02
4095.500000	3.510329e-02
4096.500000	3.545025e-02
4097.500000	3.482683e-02
4098.500000	3.529202e-02
4099.500000	3.492651e-02
4100.500000	3.608151e-02
4101.500000	3.494012e-02
4102.500000	3.473290e-02
4103.500000	3.520867e-02
4104.500000	3.569423e-02
4105.500000	3.609470e-02
4106.500000	3.520587e-02
4107.500000	3.420591e-02
4108.500000	3.451631e-02
4109.500000	3.256926e-02
4110.500000	3.376229e-02
4111.500000	3.548895e-02
4112.500000	3.454107e-02
4113.500000	3.518917e-02
4114.500000	3.503191e-02
4115.500000	3.360550e-02
4116.500000	3.456046e-02
4117.500000	3.307469e-02
4118.500000	3.495985e-02
4119.500000	3.468456e-02
4120.500000	3.479074e-02
4121.500000	3.450737e-02
4122.500000	3.557517e-02
4123.500000	3.369993e-02
4124.500000	3.357611e-02
4125.500000	3.461599e-02
4126.500000	3.438377e-02
4127.500000	3.469920e-02
4128.500000	3.361206e-02
4129.500000	3.325506e-02
4130.500000	3.397487e-02
4131.500000	3.473575e-02
4132.500000	3.309843e-02
4133.500000	3.376869e-02
4134.500000	3.456490e-02
4135.500000	3.455345e-02
4136.500000	3.386194e-02
4137.500000	3.335229e-02
4138.500000	3.339148e-02
4139.500000	3.346753e-02
4140.500000	3.307422e-02
4141.500000	3.459456e-02
4142.500000	3.438991e-02
4143.500000	3.430893e-02
4144.500000	3.349911e-02
4145.500000	3.329929e-02
4146.500000	3.400811e-02
4147.500000	3.364089e-02
4148.500000	3.464066e-02
4149.500000	3.354178e-02
4150.500000	3.320773e-02
4151.500000	3.338034e-02
4152.500000	3.456949e-02
4153.500000	3.472950e-02
4154.500000	3.318225e-02
4155.500000	3.376666e-02
4156.500000	3.209929e-02
4157.500000	3.323699e-02
4158.500000	3.220296e-02
4159.500000	3.355439e-02
4160.500000	3.265697e-02
4161.500000	3.258163e-02
4162.500000	3.252242e-02
4163.500000	3.324596e-02
4164.500000	3.343121e-02
4165.500000	3.177161e-02
4166.500000	3.185296e-02
4167.500000	3.210119e-02
4168.500000	3.119830e-02
4169.500000	3.293067e-02
4170.500000	3.181449e-02
4171.500000	3.244608e-02
4172.500000	3.180345e-02
4173.500000	3.340416e-02
4174.500000	3.254065e-02
4175.500000	3.279518e-02
4176.500000	3.366335e-02
4177.500000	3.251090e-02
4178.500000	3.257846e-02
4179.500000	3.271183e-02
4180.500000	3.315759e-02
4181.500000	3.315915e-02
4182.500000	3.259111e-02
4183.500000	3.263519e-02
4184.500000	3.169382e-02
4185.500000	3.111530e-02
4186.500000	3.269069e-02
4187.500000	3.180996e-02
4188.500000	3.271073e-02
4189.500000	3.312961e-02
4190.500000	3.192268e-02
4191.500000	3.263015e-02
4192.500000	3.243525e-02
4193.500000	3.177140e-02
4194.500000	3.254853e-02
4195.500000	3.304824e-02
4196.500000	3.248644e-02
4197.500000	3.245892e-02
4198.500000	3.227410e-02
4199.500000	3.163615e-02
4200.500000	3.252006e-02
4201.500000	3.158542e-02
4202.500000	3.182619e-02
4203.500000	3.148133e-02
4204.500000	3.141868e-02
4205.500000	3.136458e-02
4206.500000	3.162719e-02
4207.500000	3.246940e-02
4208.500000	3.178453e-02
4209.500000	3.152939e-02
4210.500000	3.109738e-02
4211.500000	3.239274e-02
4212.500000	3.122988e-02
4213.500000	3.106589e-02
4214.500000	3.088117e-02
4215.500000	3.157069e-02
4216.500000	3.191105e-02
4217.500000	3.155119e-02
4218.500000	3.127237e-02
4219.500000	3.104221e-02
4220.500000	3.129746e-02
4221.500000	3.101631e-02
4222.500000	3.080638e-02
4223.500000	3.172097e-02
4224.500000	3.148232e-02
4225.500000	3.202922e-02
4226.500000	3.191250e-02
4227.500000	3.143500e-02
4228.500000	3.097041e-02
4229.500000	3.136581e-02
4230.500000	3.103806e-02
4231.500000	3.245435e-02
4232.500000	3.146554e-02
4233.500000	3.119349e-02
4234.500000	3.156818e-02
4235.500000	3.173858e-02
4236.500000	3.176415e-02
4237.500000	3.158280e-02
4238.500000	3.090906e-02
4239.500000	3.126065e-02
4240.500000	3.108171e-02
4241.500000	3.095740e-02
4242.500000	3.098955e-02
4243.500000	2.996273e-02
4244.500000	3.108289e-02
4245.500000	3.147596e-02
4246.500000	3.024340e-02
4247.500000	3.122977e-02
4248.500000	3.020438e-02
4249.500000	3.101387e-02
4250.500000	2.917263e-02
4251.500000	2.994796e-02
4252.500000	3.017344e-02
4253.500000	2.956299e-02
4254.500000	3.091706e-02
4255.500000	3.071188e-02
4256.500000	3.054386e-02
4257.500000	3.007921e-02
4258.500000	3.047490e-02
4259.500000	2.933580e-02
4260.500000	3.088604e-02
4261.500000	3.044235e-02
4262.500000	3.053566e-02
4263.500000	2.996303e-02
4264.500000	3.040491e-02
4265.500000	3.038445e-02
4266.500000	2.994272e-02
4267.500000	3.085571e-02
4268.500000	2.927078e-02
4269.500000	2.925380e-02
4270.500000	3.063151e-02
4271.500000	2.967622e-02
4272.500000	2.962904e-02
4273.500000	2.937528e-02
4274.500000	3.077133e-02
4275.500000	2.863302e-02
4276.500000	3.043511e-02
4277.500000	3.007193e-02
4278.500000	3.097914e-02
4279.500000	2.991404e-02
4280.500000	3.042068e-02
4281.500000	2.990540e-02
4282.500000	2.962265e-02
4283.500000	2.988827e-02
4284.500000	2.996991e-02
4285.500000	3.068940e-02
4286.500000	2.987911e-02
4287.500000	2.958489e-02
4288.500000	3.037782e-02
4289.500000	2.963829e-02
4290.500000	2.992816e-02
4291.500000	3.041479e-02
4292.500000	2.932029e-02
4293.500000	2.892398e-02
4294.500000	2.865329e-02
4295.500000	2.652705e-02
4296.500000	2.703175e-02
4297.500000	2.800886e-02
4298.500000	2.860064e-02
4299.500000	2.839409e-02
4300.500000	2.832388e-02
4301.500000	2.811219e-02
4302.500000	2.819326e-02
4303.500000	2.741652e-02
4304.500000	2.793747e-02
4305.500000	2.753648e-02
4306.500000	2.857578e-02
4307.500000	2.838738e-02
4308.500000	2.782036e-02
4309.500000	2.861201e-02
4310.500000	2.792853e-02
4311.500000	2.915530e-02
4312.500000	2.793045e-02
4313.500000	2.816280e-02
4314.500000	2.911868e-02
4315.500000	2.781130e-02
4316.500000	2.843904e-02
4317.500000	2.699902e-02
4318.500000	2.921348e-02
4319.500000	2.697720e-02
4320.500000	2.871921e-02
4321.500000	2.784322e-02
4322.500000	2.922417e-02
4323.500000	2.860071e-02
4324.500000	2.692224e-02
4325.500000	2.933337e-02
4326.500000	2.689602e-02
4327.500000	2.900137e-02
4328.500000	2.689870e-02
4329.500000	2.917636e-02
4330.500000	2.846859e-02
4331.500000	2.679264e-02
4332.500000	2.915137e-02
4333.500000	2.619978e-02
4334.500000	2.881753e-02
4335.500000	2.920515e-02
4336.500000	2.585771e-02
4337.500000	2.869551e-02
4338.500000	2.760331e-02
4339.500000	2.645682e-02
4340.500000	2.842625e-02
4341.500000	2.694304e-02
4342.500000	2.806306e-02
4343.500000	2.823321e-02
4344.500000	2.597093e-02
4345.500000	2.767474e-02
4346.500000	2.793330e-02
4347.500000	2.614107e-02
4348.500000	2.801281e-02
4349.500000	2.866913e-02
4350.500000	2.482236e-02
4351.500000	2.596157e-02
4352.500000	2.625860e-02
4353.500000	2.555873e-02
4354.500000	2.622270e-02
4355.500000	2.725484e-02
4356.500000	2.730880e-02
4357.500000	2.570961e-02
4358.500000	2.784531e-02
4359.500000	2.680297e-02
4360.500000	2.514738e-02
4361.500000	2.771724e-02
4362.500000	2.733278e-02
4363.500000	2.515549e-02
4364.500000	2.719723e-02
4365.500000	2.729872e-02
4366.500000	2.676907e-02
4367.500000	2.497163e-02
4368.500000	2.631780e-02
4369.500000	2.811903e-02
4370.500000	2.497417e-02
4371.500000	2.708770e-02
4372.500000	2.629847e-02
4373.500000	2.772495e-02
4374.500000	2.380601e-02
4375.500000	2.681063e-02
4376.500000	2.571839e-02
4377.500000	2.750850e-02
4378.500000	2.383353e-02
4379.500000	2.683711e-02
4380.500000	2.652438e-02
4381.500000	2.646039e-02
4382.500000	2.465252e-02
4383.500000	2.561456e-02
4384.500000	2.756097e-02
4385.500000	2.546933e-02
4386.500000	2.514208e-02
4387.500000	2.722539e-02
4388.500000	2.614498e-02
4389.500000	2.736978e-02
4390.500000	2.357258e-02
4391.500000	2.755360e-02
4392.500000	2.737711e-02
4393.500000	2.509389e-02
4394.500000	2.462768e-02
4395.500000	2.754092e-02
4396.500000	2.485818e-02
4397.500000	2.708648e-02
4398.500000	2.394269e-02
4399.500000	2.487699e-02
4400.500000	2.743216e-02
4401.500000	2.628034e-02
4402.500000	2.259255e-02
4403.500000	2.683492e-02
4404.500000	2.634957e-02
4405.500000	2.489324e-02
4406.500000	2.554120e-02
4407.500000	2.342777e-02
4408.500000	2.403865e-02
4409.500000	2.561581e-02
4410.500000	2.582128e-02
4411.500000	2.230326e-02
4412.500000	2.571185e-02
4413.500000	2.653313e-02
4414.500000	2.475382e-02
4415.500000	2.394993e-02
4416.500000	2.442162e-02
4417.500000	2.629797e-02
4418.500000	2.407758e-02
4419.500000	2.598736e-02
4420.500000	2.320718e-02
4421.500000	2.434601e-02
4422.500000	2.474876e-02
4423.500000	2.651493e-02
4424.500000	2.506734e-02
4425.500000	2.196508e-02
4426.500000	2.538194e-02
4427.500000	2.632274e-02
4428.500000	2.556126e-02
4429.500000	2.332909e-02
4430.500000	2.332835e-02
4431.500000	2.628835e-02
4432.500000	2.392113e-02
4433.500000	2.512461e-02
4434.500000	2.374055e-02
4435.500000	2.393954e-02
4436.500000	2.316208e-02
4437.500000	2.552162e-02
4438.500000	2.473988e-02
4439.500000	2.431816e-02
4440.500000	2.167197e-02
4441.500000	2.430499e-02
4442.500000	2.643717e-02
4443.500000	2.504255e-02
4444.500000	2.341498e-02
4445.500000	2.373604e-02
4446.500000	2.468524e-02
4447.500000	2.627459e-02
4448.500000	2.456751e-02
4449.500000	2.324822e-02
4450.500000	2.271073e-02
4451.500000	2.567459e-02
4452.500000	2.399909e-02
4453.500000	2.383046e-02
4454.500000	2.480876e-02
4455.500000	2.188553e-02
4456.500000	2.557388e-02
4457.500000	2.245096e-02
4458.500000	2.548756e-02
4459.500000	2.454997e-02
4460.500000	2.385884e-02
4461.500000	2.231867e-02
4462.500000	2.502449e-02
4463.500000	2.565688e-02
4464.500000	2.408832e-02
4465.500000	2.395440e-02
4466.500000	2.126999e-02
4467.500000	2.265062e-02
4468.500000	2.491848e-02
4469.500000	2.508477e-02
4470.500000	2.267765e-02
4471.500000	2.145609e-02
4472.500000	2.369748e-02
4473.500000	2.508800e-02
4474.500000	2.358638e-02
4475.500000	2.244623e-02
4476.500000	2.515497e-02
4477.500000	2.074494e-02
4478.500000	2.420815e-02
4479.500000	2.478948e-02
4480.500000	2.242017e-02
4481.500000	2.266672e-02
4482.500000	2.498923e-02
4483.500000	2.232325e-02
4484.500000	2.473713e-02
4485.500000	2.201128e-02
4486.500000	2.563389e-02
4487.500000	2.444575e-02
4488.500000	2.280466e-02
4489.500000	2.198876e-02
4490.500000	2.246930e-02
4491.500000	2.405197e-02
4492.500000	2.294536e-02
4493.500000	2.334874e-02
4494.500000	2.282694e-02
4495.500000	2.132252e-02
4496.500000	2.240892e-02
4497.500000	2.451327e-02
4498.500000	2.367817e-02
4499.500000	2.435877e-02
4500.500000	2.015217e-02
4501.500000	2.315112e-02
4502.500000	2.552847e-02
4503.500000	2.330311e-02
4504.500000	2.341448e-02
4505.500000	2.102273e-02
4506.500000	2.155550e-02
4507.500000	2.253687e-02
4508.500000	2.508137e-02
4509.500000	2.250669e-02
4510.500000	2.259960e-02
4511.500000	2.281361e-02
4512.500000	2.350821e-02
4513.500000	2.042839e-02
4514.500000	2.446394e-02
4515.500000	2.387920e-02
4516.500000	2.177745e-02
4517.500000	2.361735e-02
4518.500000	2.313736e-02
4519.500000	2.092483e-02
4520.500000	2.409931e-02
4521.500000	2.069377e-02
4522.500000	2.194972e-02
4523.500000	2.455640e-02
4524.500000	2.223280e-02
4525.500000	2.171673e-02
4526.500000	2.273839e-02
4527.500000	1.969234e-02
4528.500000	2.353975e-02
4529.500000	2.357681e-02
4530.500000	2.362623e-02
4531.500000	2.159625e-02
4532.500000	2.019151e-02
4533.500000	2.146143e-02
4534.500000	2.282838e-02
4535.500000	2.347955e-02
4536.500000	2.179462e-02
4537.500000	2.416595e-02
4538.500000	2.077815e-02
4539.500000	2.235234e-02
4540.500000	2.401807e-02
4541.500000	2.140989e-02
4542.500000	2.261529e-02
4543.500000	2.306163e-02
4544.500000	2.173498e-02
4545.500000	2.029605e-02
4546.500000	2.127368e-02
4547.500000	2.290958e-02
4548.500000	2.324106e-02
4549.500000	2.275039e-02
4550.500000	2.091486e-02
4551.500000	2.148385e-02
4552.500000	2.022242e-02
4553.500000	2.349665e-02
4554.500000	2.215405e-02
4555.500000	2.442042e-02
4556.500000	2.086477e-02
4557.500000	2.207606e-02
4558.500000	2.165508e-02
4559.500000	2.016134e-02
4560.500000	2.414512e-02
4561.500000	2.346178e-02
4562.500000	2.020375e-02
4563.500000	2.156526e-02
4564.500000	2.314977e-02
4565.500000	2.131874e-02
4566.500000	2.016167e-02
4567.500000	2.072311e-02
4568.500000	2.298381e-02
4569.500000	2.025906e-02
4570.500000	2.168975e-02
4571.500000	2.226845e-02
4572.500000	2.207604e-02
4573.500000	2.029091e-02
4574.500000	2.329611e-02
4575.500000	2.028125e-02
4576.500000	2.173337e-02
4577.500000	2.370540e-02
4578.500000	2.117400e-02
4579.500000	2.176213e-02
4580.500000	1.998712e-02
4581.500000	2.292156e-02
4582.500000	2.070092e-02
4583.500000	2.303627e-02
4584.500000	1.959510e-02
4585.500000	2.212361e-02
4586.500000	2.249925e-02
4587.500000	2.026307e-02
4588.500000	2.077934e-02
4589.500000	2.020602e-02
4590.500000	2.122887e-02
4591.500000	2.274884e-02
4592.500000	2.307935e-02
4593.500000	2.087736e-02
4594.500000	1.985908e-02
4595.500000	1.861379e-02
4596.500000	2.120750e-02
4597.500000	2.208476e-02
4598.500000	2.261342e-02
4599.500000	2.068060e-02
4600.500000	2.216234e-02
4601.500000	2.071679e-02
4602.500000	1.884353e-02
4603.500000	2.224836e-02
4604.500000	2.027403e-02
4605.500000	2.207639e-02
4606.500000	2.291754e-02
4607.500000	2.162138e-02
4608.500000	1.952958e-02
4609.500000	1.888333e-02
4610.500000	2.200391e-02
4611.500000	2.233153e-02
4612.500000	2.165548e-02
4613.500000	2.187984e-02
4614.500000	1.919535e-02
4615.500000	2.046801e-02
4616.500000	2.019669e-02
4617.500000	2.009523e-02
4618.500000	2.224459e-02
4619.500000	2.247624e-02
4620.500000	1.873212e-02
4621.500000	2.121179e-02
4622.500000	2.166664e-02
4623.500000	2.048566e-02
4624.500000	2.131789e-02
4625.500000	1.859479e-02
4626.500000	1.966648e-02
4627.500000	2.220503e-02
4628.500000	2.319420e-02
4629.500000	2.153384e-02
4630.500000	1.920894e-02
4631.500000	2.069004e-02
4632.500000	2.200761e-02
4633.500000	1.958860e-02
4634.500000	2.123654e-02
4635.500000	2.140355e-02
4636.500000	1.959345e-02
4637.500000	1.911013e-02
4638.500000	2.158436e-02
4639.500000	1.977467e-02
4640.500000	2.171430e-02
4641.500000	2.085214e-02
4642.500000	2.026744e-02
4643.500000	2.038465e-02
4644.500000	2.036482e-02
4645.500000	2.137132e-02
4646.500000	1.994270e-02
4647.500000	2.139461e-02
4648.500000	1.995817e-02
4649.500000	2.033136e-02
4650.500000	2.058208e-02
4651.500000	2.194437e-02
4652.500000	1.923527e-02
4653.500000	1.954500e-02
4654.500000	2.063924e-02
4655.500000	2.136478e-02
4656.500000	2.132994e-02
4657.500000	2.006313e-02
4658.500000	2.108968e-02
4659.500000	1.983929e-02
4660.500000	1.879691e-02
4661.500000	2.058629e-02
4662.500000	2.115769e-02
4663.500000	2.033396e-02
4664.500000	2.050591e-02
4665.500000	2.213766e-02
4666.500000	1.888054e-02
4667.500000	1.884798e-02
4668.500000	1.990574e-02
4669.500000	2.086383e-02
4670.500000	2.103186e-02
4671.500000	2.093300e-02
4672.500000	1.913802e-02
4673.500000	1.954951e-02
4674.500000	1.964565e-02
4675.500000	2.010949e-02
4676.500000	2.110383e-02
4677.500000	2.030035e-02
4678.500000	2.062536e-02
4679.500000	1.952218e-02
4680.500000	1.984925e-02
4681.500000	2.001044e-02
4682.500000	1.984807e-02
4683.500000	1.958526e-02
4684.500000	2.034714e-02
4685.500000	1.908890e-02
4686.500000	2.069341e-02
4687.500000	2.119292e-02
4688.500000	1.957115e-02
4689.500000	2.060553e-02
4690.500000	1.963895e-02
4691.500000	1.816344e-02
4692.500000	2.045544e-02
4693.500000	2.146438e-02
4694.500000	2.041167e-02
4695.500000	1.956062e-02
4696.500000	1.985512e-02
4697.500000	2.071100e-02
4698.500000	1.886908e-02
4699.500000	1.784444e-02
4700.500000	1.961237e-02
4701.500000	2.131517e-02
4702.500000	2.035194e-02
4703.500000	1.841118e-02
4704.500000	2.116086e-02
4705.500000	1.903923e-02
4706.500000	2.040739e-02
4707.500000	1.820043e-02
4708.500000	1.864673e-02
4709.500000	2.111618e-02
4710.500000	1.921519e-02
4711.500000	2.013638e-02
4712.500000	1.914603e-02
4713.500000	1.927979e-02
4714.500000	2.055485e-02
4715.500000	1.971907e-02
4716.500000	2.037199e-02
4717.500000	1.891232e-02
4718.500000	1.802825e-02
4719.500000	1.918846e-02
4720.500000	1.956383e-02
4721.500000	1.956348e-02
4722.500000	2.066325e-02
4723.500000	1.979602e-02
4724.500000	2.010060e-02
4725.500000	2.003604e-02
4726.500000	1.711334e-02
4727.500000	1.910653e-02
4728.500000	2.037162e-02
4729.500000	1.864226e-02
4730.500000	2.073376e-02
4731.500000	2.036195e-02
4732.500000	1.904491e-02
4733.500000	1.870900e-02
4734.500000	1.807766e-02
4735.500000	1.830605e-02
4736.500000	1.942324e-02
4737.500000	2.022941e-02
4738.500000	1.910728e-02
4739.500000	1.921204e-02
4740.500000	1.860117e-02
4741.500000	1.912176e-02
4742.500000	1.887931e-02
4743.500000	2.120073e-02
4744.500000	1.949278e-02
4745.500000	1.764592e-02
4746.500000	1.991450e-02
4747.500000	1.991599e-02
4748.500000	1.929028e-02
4749.500000	1.877051e-02
4750.500000	1.882139e-02
4751.500000	1.859461e-02
4752.500000	1.954213e-02
4753.500000	1.957253e-02
4754.500000	1.783570e-02
4755.500000	1.813598e-02
4756.500000	2.008919e-02
4757.500000	1.942211e-02
4758.500000	1.825027e-02
4759.500000	2.006347e-02
4760.500000	1.913076e-02
4761.500000	1.830424e-02
4762.500000	1.893349e-02
4763.500000	1.798703e-02
4764.500000	1.872492e-02
4765.500000	1.849333e-02
4766.500000	1.846662e-02
4767.500000	1.851261e-02
4768.500000	1.930890e-02
4769.500000	1.996451e-02
4770.500000	1.848608e-02
4771.500000	1.971379e-02
4772.500000	1.812575e-02
4773.500000	1.746451e-02
4774.500000	1.966086e-02
4775.500000	1.804382e-02
4776.500000	1.872123e-02
4777.500000	1.858893e-02
4778.500000	1.789287e-02
4779.500000	1.781142e-02
4780.500000	1.823419e-02
4781.500000	1.900775e-02
4782.500000	2.021579e-02
4783.500000	1.694472e-02
4784.500000	1.858909e-02
4785.500000	1.919326e-02
4786.500000	1.680797e-02
4787.500000	1.811176e-02
4788.500000	1.981488e-02
4789.500000	1.933513e-02
4790.500000	1.861713e-02
4791.500000	1.934107e-02
4792.500000	1.859542e-02
4793.500000	1.667146e-02
4794.500000	1.774966e-02
4795.500000	1.793240e-02
4796.500000	1.850541e-02
4797.500000	1.923110e-02
4798.500000	2.033348e-02
4799.500000	1.948209e-02
4800.500000	1.719276e-02
4801.500000	1.784317e-02
4802.500000	1.778075e-02
4803.500000	1.798514e-02
4804.500000	1.699427e-02
4805.500000	1.913910e-02
4806.500000	1.848980e-02
4807.500000	1.871588e-02
4808.500000	1.881290e-02
4809.500000	1.875482e-02
4810.500000	1.720702e-02
4811.500000	1.794100e-02
4812.500000	1.853015e-02
4813.500000	1.621134e-02
4814.500000	1.693441e-02
4815.500000	1.834695e-02
4816.500000	1.865589e-02
4817.500000	1.880239e-02
4818.500000	1.896256e-02
4819.500000	1.768629e-02
4820.500000	1.808064e-02
4821.500000	1.982463e-02
4822.500000	1.891510e-02
4823.500000	1.578751e-02
4824.500000	1.811107e-02
4825.500000	1.854975e-02
4826.500000	1.955137e-02
4827.500000	1.757657e-02
4828.500000	1.782462e-02
4829.500000	1.868501e-02
4830.500000	1.925338e-02
4831.500000	1.823073e-02
4832.500000	1.789734e-02
4833.500000	1.542147e-02
4834.500000	1.820183e-02
4835.500000	1.764008e-02
4836.500000	1.827850e-02
4837.500000	1.705461e-02
4838.500000	1.900209e-02
4839.500000	1.832950e-02
4840.500000	1.697961e-02
4841.500000	1.845411e-02
4842.500000	1.781845e-02
4843.500000	1.617941e-02
4844.500000	1.792323e-02
4845.500000	1.912958e-02
4846.500000	1.776659e-02
4847.500000	1.861232e-02
4848.500000	1.707013e-02
4849.500000	1.834009e-02
4850.500000	1.850824e-02
4851.500000	1.834719e-02
4852.500000	1.763297e-02
4853.500000	1.646114e-02
4854.500000	1.647082e-02
4855.500000	1.887710e-02
4856.500000	1.644791e-02
4857.500000	1.736119e-02
4858.500000	1.810890e-02
4859.500000	1.836194e-02
4860.500000	1.815573e-02
4861.500000	1.898713e-02
4862.500000	1.844987e-02
4863.500000	1.603612e-02
4864.500000	1.687848e-02
4865.500000	1.538651e-02
4866.500000	1.763859e-02
4867.500000	1.828700e-02
4868.500000	1.818608e-02
4869.500000	1.786409e-02
4870.500000	1.815059e-02
4871.500000	1.665727e-02
4872.500000	1.715631e-02
4873.500000	1.688188e-02
4874.500000	1.786230e-02
4875.500000	1.637440e-02
4876.500000	1.570918e-02
4877.500000	1.714559e-02
4878.500000	1.754429e-02
4879.500000	1.805991e-02
4880.500000	1.772929e-02
4881.500000	1.695297e-02
4882.500000	1.876914e-02
4883.500000	1.741653e-02
4884.500000	1.660479e-02
4885.500000	1.631480e-02
4886.500000	1.664771e-02
4887.500000	1.791761e-02
4888.500000	1.800605e-02
4889.500000	1.725360e-02
4890.500000	1.734011e-02
4891.500000	1.771754e-02
4892.500000	1.798701e-02
4893.500000	1.749212e-02
4894.500000	1.622996e-02
4895.500000	1.609395e-02
4896.500000	1.775594e-02
4897.500000	1.604127e-02
4898.500000	1.610890e-02
4899.500000	1.669894e-02
4900.500000	1.855581e-02
4901.500000	1.760890e-02
4902.500000	1.755271e-02
4903.500000	1.779378e-02
4904.500000	1.809671e-02
4905.500000	1.460339e-02
4906.500000	1.746058e-02
4907.500000	1.726269e-02
4908.500000	1.667683e-02
4909.500000	1.629250e-02
4910.500000	1.766444e-02
4911.500000	1.730809e-02
4912.500000	1.652099e-02
4913.500000	1.772468e-02
4914.500000	1.756582e-02
4915.500000	1.590562e-02
4916.500000	1.628535e-02
4917.500000	1.790890e-02
4918.500000	1.699702e-02
4919.500000	1.707468e-02
4920.500000	1.557225e-02
4921.500000	1.811593e-02
4922.500000	1.756755e-02
4923.500000	1.740892e-02
4924.500000	1.665805e-02
4925.500000	1.599104e-02
4926.500000	1.622238e-02
4927.500000	1.617416e-02
4928.500000	1.573889e-02
4929.500000	1.743561e-02
4930.500000	1.754023e-02
4931.500000	1.623922e-02
4932.500000	1.621050e-02
4933.500000	1.745918e-02
4934.500000	1.691283e-02
4935.500000	1.589219e-02
4936.500000	1.518211e-02
4937.500000	1.581079e-02
4938.500000	1.595425e-02
4939.500000	1.758584e-02
4940.500000	1.806338e-02
4941.500000	1.747254e-02
4942.500000	1.639121e-02
4943.500000	1.487983e-02
4944.500000	1.733984e-02
4945.500000	1.809267e-02
4946.500000	1.585270e-02
4947.500000	1.674071e-02
4948.500000	1.493617e-02
4949.500000	1.605860e-02
4950.500000	1.690917e-02
4951.500000	1.712866e-02
4952.500000	1.600101e-02
4953.500000	1.580884e-02
4954.500000	1.534060e-02
4955.500000	1.556879e-02
4956.500000	1.791043e-02
4957.500000	1.511905e-02
4958.500000	1.628824e-02
4959.500000	1.614118e-02
4960.500000	1.491648e-02
4961.500000	1.723642e-02
4962.500000	1.645752e-02
4963.500000	1.722399e-02
4964.500000	1.714422e-02
4965.500000	1.656110e-02
4966.500000	1.569401e-02
4967.500000	1.547377e-02
4968.500000	1.446553e-02
4969.500000	1.535793e-02
4970.500000	1.688365e-02
4971.500000	1.514759e-02
4972.500000	1.622992e-02
4973.500000	1.691744e-02
4974.500000	1.735186e-02
4975.500000	1.672668e-02
4976.500000	1.667335e-02
4977.500000	1.658505e-02
4978.500000	1.489019e-02
4979.500000	1.540193e-02
4980.500000	1.600347e-02
4981.500000	1.685802e-02
4982.500000	1.600561e-02
4983.500000	1.491893e-02
4984.500000	1.726374e-02
4985.500000	1.620238e-02
4986.500000	1.678997e-02
4987.500000	1.773841e-02
4988.500000	1.668114e-02
4989.500000	1.510396e-02
4990.500000	1.430563e-02
4991.500000	1.557571e-02
4992.500000	1.598471e-02
4993.500000	1.624457e-02
4994.500000	1.532996e-02
4995.500000	1.520027e-02
4996.500000	1.608592e-02
4997.500000	1.593971e-02
4998.500000	1.694012e-02
4999.500000	1.434895e-02
