100.500000	2.686301e-04
101.500000	2.686301e-04
102.500000	2.686301e-04
103.500000	2.686301e-04
104.500000	2.686301e-04
105.500000	2.686301e-04
106.500000	2.686301e-04
107.500000	2.686301e-04
108.500000	2.686301e-04
109.500000	2.686301e-04
110.500000	2.686301e-04
111.500000	2.686301e-04
112.500000	2.686301e-04
113.500000	2.686301e-04
114.500000	2.686301e-04
115.500000	2.686301e-04
116.500000	2.637781e-04
117.500000	4.650809e-05
118.500000	1.212695e-05
119.500000	3.020256e-05
120.500000	8.467135e-05
121.500000	5.911523e-02
122.500000	5.247220e-05
123.500000	1.880892e-05
124.500000	1.605114e-05
125.500000	1.762188e-05
126.500000	3.114420e-05
127.500000	1.276695e-05
128.500000	8.602212e-06
129.500000	2.775938e-08
130.500000	2.311971e-03
131.500000	1.444393e-05
132.500000	1.131414e-05
133.500000	1.208420e-04
134.500000	0.000000e+00
135.500000	0.000000e+00
136.500000	0.000000e+00
137.500000	0.000000e+00
138.500000	0.000000e+00
139.500000	3.469293e-05
140.500000	3.239907e-05
141.500000	1.366028e-05
142.500000	1.757370e-05
143.500000	2.271042e-05
144.500000	1.723442e-05
145.500000	1.912913e-05
146.500000	2.554117e-05
147.500000	4.243798e-05
148.500000	3.184398e-05
149.500000	2.147510e-05
150.500000	3.069951e-05
151.500000	2.359023e-05
152.500000	4.458355e-05
153.500000	5.721543e-05
154.500000	9.964029e-05
155.500000	6.673536e-05
156.500000	8.490347e-05
157.500000	3.207134e-05
158.500000	2.554362e-05
159.500000	2.368102e-05
160.500000	3.899005e-05
161.500000	2.125682e-05
162.500000	2.953040e-05
163.500000	4.531674e-05
164.500000	9.378955e-05
165.500000	1.888253e-04
166.500000	5.581125e-05
167.500000	8.597596e-05
168.500000	2.576579e-05
169.500000	3.558640e-05
170.500000	8.474298e-06
171.500000	6.520177e-05
172.500000	8.359817e-05
173.500000	5.371269e-06
174.500000	2.502989e-06
175.500000	4.390231e-08
176.500000	3.921216e-09
177.500000	6.992262e-05
178.500000	5.437891e-05
179.500000	7.661671e-05
180.500000	3.978621e-04
181.500000	5.251871e-04
182.500000	1.210070e-04
183.500000	7.987094e-05
184.500000	1.321371e-04
185.500000	1.183039e-04
186.500000	1.591755e-04
187.500000	1.358667e-04
188.500000	2.470683e-04
189.500000	1.531131e-04
190.500000	1.326263e-04
191.500000	1.833046e-04
192.500000	1.750613e-04
193.500000	1.130083e-04
194.500000	2.941381e-04
195.500000	2.079673e-04
196.500000	2.277510e-04
197.500000	2.965066e-04
198.500000	3.410449e-04
199.500000	3.344807e-04
200.500000	3.083627e-04
201.500000	2.804895e-04
202.500000	3.831222e-04
203.500000	3.875687e-04
204.500000	3.273132e-04
205.500000	3.226668e-04
206.500000	3.823981e-04
207.500000	4.566039e-04
208.500000	5.370897e-04
209.500000	7.239575e-04
210.500000	4.641870e-04
211.500000	1.669226e-04
212.500000	7.084232e-04
213.500000	3.409705e-04
214.500000	5.376803e-04
215.500000	4.592710e-04
216.500000	8.656124e-04
217.500000	6.671552e-04
218.500000	6.481839e-04
219.500000	1.099983e-03
220.500000	1.079942e-03
221.500000	1.011483e-03
222.500000	1.567331e-03
223.500000	1.530419e-03
224.500000	2.310020e-03
225.500000	1.787403e-03
226.500000	1.988321e-03
227.500000	1.664638e-03
228.500000	2.167884e-03
229.500000	2.333222e-03
230.500000	1.658609e-03
231.500000	2.456472e-03
232.500000	2.422539e-03
233.500000	3.517844e-03
234.500000	3.281178e-03
235.500000	3.048398e-03
236.500000	3.673344e-03
237.500000	3.497809e-03
238.500000	4.681919e-03
239.500000	4.360631e-03
240.500000	4.874316e-03
241.500000	4.066604e-03
242.500000	4.655663e-03
243.500000	5.439384e-03
244.500000	5.294491e-03
245.500000	5.818692e-03
246.500000	5.331748e-03
247.500000	5.586895e-03
248.500000	4.402865e-03
249.500000	4.854391e-03
250.500000	5.813876e-03
251.500000	5.270637e-03
252.500000	4.831437e-03
253.500000	7.182424e-03
254.500000	8.200603e-03
255.500000	1.050828e-02
256.500000	9.966398e-03
257.500000	1.176943e-02
258.500000	1.314784e-02
259.500000	1.282880e-02
260.500000	1.463635e-02
261.500000	1.527105e-02
262.500000	1.943753e-02
263.500000	2.362019e-02
264.500000	2.757996e-02
265.500000	2.942353e-02
266.500000	2.944215e-02
267.500000	2.854120e-02
268.500000	2.963404e-02
269.500000	2.706023e-02
270.500000	3.268862e-02
271.500000	2.753413e-02
272.500000	2.120504e-02
273.500000	2.624732e-02
274.500000	2.426442e-02
275.500000	2.684754e-02
276.500000	3.699983e-02
277.500000	3.699972e-02
278.500000	2.432449e-02
279.500000	2.484702e-02
280.500000	2.558673e-02
281.500000	3.197304e-02
282.500000	3.752825e-02
283.500000	3.851639e-02
284.500000	2.569851e-02
285.500000	1.288743e-02
286.500000	2.845256e-02
287.500000	4.052110e-02
288.500000	4.496480e-02
289.500000	7.449006e-02
290.500000	1.059250e-01
291.500000	1.107405e-01
292.500000	1.098816e-01
293.500000	1.062221e-01
294.500000	8.812791e-02
295.500000	8.941127e-02
296.500000	8.858906e-02
297.500000	8.552836e-02
298.500000	7.634994e-02
299.500000	9.390134e-02
300.500000	6.526419e-02
301.500000	8.131684e-02
302.500000	6.722375e-02
303.500000	1.314658e-01
304.500000	1.085377e-01
305.500000	1.211575e-01
306.500000	1.196645e-01
307.500000	1.736277e-01
308.500000	1.593971e-01
309.500000	1.142659e-01
310.500000	1.787157e-01
311.500000	2.602313e-01
312.500000	2.066314e-01
313.500000	2.243198e-01
314.500000	2.320423e-01
315.500000	2.476317e-01
316.500000	2.203186e-01
317.500000	2.944142e-01
318.500000	1.638192e-01
319.500000	1.535818e-01
320.500000	2.241274e-01
321.500000	1.566513e-01
322.500000	1.583366e-01
323.500000	1.504922e-01
324.500000	1.669240e-01
325.500000	2.287393e-01
326.500000	3.034066e-01
327.500000	2.687475e-01
328.500000	2.962877e-01
329.500000	3.535384e-01
330.500000	3.312162e-01
331.500000	3.035276e-01
332.500000	2.885522e-01
333.500000	2.840835e-01
334.500000	3.372391e-01
335.500000	3.445458e-01
336.500000	2.549908e-01
337.500000	2.633294e-01
338.500000	2.798091e-01
339.500000	3.380227e-01
340.500000	3.668448e-01
341.500000	2.830203e-01
342.500000	3.709446e-01
343.500000	3.268356e-01
344.500000	1.872307e-01
345.500000	3.354915e-01
346.500000	2.965833e-01
347.500000	2.796854e-01
348.500000	3.896098e-01
349.500000	2.780063e-01
350.500000	4.497854e-01
351.500000	3.558175e-01
352.500000	2.969531e-01
353.500000	4.517850e-01
354.500000	5.007853e-01
355.500000	4.036196e-01
356.500000	2.865414e-01
357.500000	2.365725e-01
358.500000	1.774465e-01
359.500000	3.651589e-01
360.500000	3.363002e-01
361.500000	2.913871e-01
362.500000	3.885569e-01
363.500000	3.293434e-01
364.500000	3.692276e-01
365.500000	4.654521e-01
366.500000	5.597697e-01
367.500000	5.123555e-01
368.500000	3.757381e-01
369.500000	5.262187e-01
370.500000	4.100359e-01
371.500000	4.271305e-01
372.500000	2.455433e-01
373.500000	2.037644e-01
374.500000	2.042414e-01
375.500000	2.888589e-01
376.500000	3.034680e-01
377.500000	5.351074e-01
378.500000	5.173049e-01
379.500000	3.751275e-01
380.500000	4.298432e-01
381.500000	3.353996e-01
382.500000	1.831959e-01
383.500000	1.942418e-01
384.500000	3.044645e-01
385.500000	3.140912e-01
386.500000	2.953830e-01
387.500000	3.209026e-01
388.500000	3.069149e-01
389.500000	4.179479e-01
390.500000	3.928725e-01
391.500000	5.102637e-01
392.500000	3.257928e-01
393.500000	1.820841e-01
394.500000	3.423552e-01
395.500000	4.797540e-01
396.500000	2.625971e-01
397.500000	3.485687e-01
398.500000	6.424576e-01
399.500000	7.134531e-01
400.500000	7.202302e-01
401.500000	8.357513e-01
402.500000	8.527569e-01
403.500000	7.113918e-01
404.500000	7.080544e-01
405.500000	7.972869e-01
406.500000	6.652628e-01
407.500000	7.156223e-01
408.500000	9.061237e-01
409.500000	9.261213e-01
410.500000	8.285048e-01
411.500000	8.860708e-01
412.500000	9.152634e-01
413.500000	8.237093e-01
414.500000	7.936112e-01
415.500000	8.504349e-01
416.500000	9.385780e-01
417.500000	8.252856e-01
418.500000	8.540209e-01
419.500000	8.378785e-01
420.500000	8.259054e-01
421.500000	9.338451e-01
422.500000	6.785598e-01
423.500000	7.339259e-01
424.500000	9.038216e-01
425.500000	7.546701e-01
426.500000	8.639215e-01
427.500000	7.081561e-01
428.500000	8.527747e-01
429.500000	7.400323e-01
430.500000	6.118820e-01
431.500000	8.362460e-01
432.500000	9.389669e-01
433.500000	1.088643e+00
434.500000	1.047649e+00
435.500000	1.066495e+00
436.500000	1.183059e+00
437.500000	1.032753e+00
438.500000	8.202782e-01
439.500000	1.054248e+00
440.500000	9.499333e-01
441.500000	1.064620e+00
442.500000	1.146295e+00
443.500000	1.096108e+00
444.500000	1.208535e+00
445.500000	1.113227e+00
446.500000	1.105183e+00
447.500000	1.287023e+00
448.500000	1.296334e+00
449.500000	1.282481e+00
450.500000	1.397988e+00
451.500000	1.404665e+00
452.500000	1.314705e+00
453.500000	1.154654e+00
454.500000	1.343468e+00
455.500000	1.324492e+00
456.500000	1.416745e+00
457.500000	1.430862e+00
458.500000	1.358258e+00
459.500000	1.397580e+00
460.500000	1.384383e+00
461.500000	1.465137e+00
462.500000	1.460568e+00
463.500000	1.470463e+00
464.500000	1.384762e+00
465.500000	1.380973e+00
466.500000	1.420542e+00
467.500000	1.419267e+00
468.500000	1.425986e+00
469.500000	1.443776e+00
470.500000	1.325590e+00
471.500000	1.412486e+00
472.500000	1.467112e+00
473.500000	1.390860e+00
474.500000	1.453004e+00
475.500000	1.425947e+00
476.500000	1.371865e+00
477.500000	1.387960e+00
478.500000	1.360885e+00
479.500000	1.453888e+00
480.500000	1.457509e+00
481.500000	1.476099e+00
482.500000	1.448830e+00
483.500000	1.419226e+00
484.500000	1.437551e+00
485.500000	1.425888e+00
486.500000	1.309720e+00
487.500000	1.310847e+00
488.500000	1.379892e+00
489.500000	1.366466e+00
490.500000	1.456264e+00
491.500000	1.401349e+00
492.500000	1.285681e+00
493.500000	1.418187e+00
494.500000	1.437931e+00
495.500000	1.404922e+00
496.500000	1.408733e+00
497.500000	1.446770e+00
498.500000	1.296465e+00
499.500000	1.376826e+00
500.500000	1.265840e+00
501.500000	1.257226e+00
502.500000	1.312841e+00
503.500000	1.340858e+00
504.500000	1.257953e+00
505.500000	1.330268e+00
506.500000	1.326691e+00
507.500000	1.272182e+00
508.500000	1.232392e+00
509.500000	1.308820e+00
510.500000	1.219984e+00
511.500000	1.278981e+00
512.500000	1.216798e+00
513.500000	1.199486e+00
514.500000	1.176617e+00
515.500000	1.198415e+00
516.500000	1.101985e+00
517.500000	8.477805e-01
518.500000	9.099337e-01
519.500000	1.206648e+00
520.500000	1.163276e+00
521.500000	1.269590e+00
522.500000	1.362168e+00
523.500000	1.372039e+00
524.500000	1.504718e+00
525.500000	1.471041e+00
526.500000	1.284605e+00
527.500000	1.266219e+00
528.500000	1.479563e+00
529.500000	1.524166e+00
530.500000	1.494559e+00
531.500000	1.575954e+00
532.500000	1.389682e+00
533.500000	1.432716e+00
534.500000	1.459893e+00
535.500000	1.568134e+00
536.500000	1.525612e+00
537.500000	1.427535e+00
538.500000	1.546282e+00
539.500000	1.450495e+00
540.500000	1.364438e+00
541.500000	1.480546e+00
542.500000	1.515862e+00
543.500000	1.444419e+00
544.500000	1.519093e+00
545.500000	1.506626e+00
546.500000	1.541955e+00
547.500000	1.512984e+00
548.500000	1.541696e+00
549.500000	1.582936e+00
550.500000	1.546777e+00
551.500000	1.514780e+00
552.500000	1.573472e+00
553.500000	1.552562e+00
554.500000	1.596259e+00
555.500000	1.632540e+00
556.500000	1.548946e+00
557.500000	1.478155e+00
558.500000	1.510689e+00
559.500000	1.471029e+00
560.500000	1.528703e+00
561.500000	1.539577e+00
562.500000	1.540111e+00
563.500000	1.607330e+00
564.500000	1.597086e+00
565.500000	1.603728e+00
566.500000	1.543965e+00
567.500000	1.624330e+00
568.500000	1.586101e+00
569.500000	1.599114e+00
570.500000	1.526818e+00
571.500000	1.466746e+00
572.500000	1.556958e+00
573.500000	1.557367e+00
574.500000	1.537255e+00
575.500000	1.515478e+00
576.500000	1.534534e+00
577.500000	1.557013e+00
578.500000	1.473471e+00
579.500000	1.530864e+00
580.500000	1.545502e+00
581.500000	1.538811e+00
582.500000	1.570264e+00
583.500000	1.544892e+00
584.500000	1.550186e+00
585.500000	1.486985e+00
586.500000	1.492507e+00
587.500000	1.553031e+00
588.500000	1.494295e+00
589.500000	1.103518e+00
590.500000	1.509102e+00
591.500000	1.509393e+00
592.500000	1.524014e+00
593.500000	1.499595e+00
594.500000	1.527671e+00
595.500000	1.503879e+00
596.500000	1.535009e+00
597.500000	1.520940e+00
598.500000	1.494443e+00
599.500000	1.527028e+00
600.500000	1.497646e+00
601.500000	1.485337e+00
602.500000	1.466365e+00
603.500000	1.529714e+00
604.500000	1.534072e+00
605.500000	1.513197e+00
606.500000	1.490331e+00
607.500000	1.530540e+00
608.500000	1.491611e+00
609.500000	1.489309e+00
610.500000	1.448866e+00
611.500000	1.509729e+00
612.500000	1.431866e+00
613.500000	1.420271e+00
614.500000	1.470467e+00
615.500000	1.460843e+00
616.500000	1.362956e+00
617.500000	1.433977e+00
618.500000	1.498697e+00
619.500000	1.443102e+00
620.500000	1.479946e+00
621.500000	1.455923e+00
622.500000	1.459987e+00
623.500000	1.432660e+00
624.500000	1.421599e+00
625.500000	1.387231e+00
626.500000	1.436749e+00
627.500000	1.437991e+00
628.500000	1.443714e+00
629.500000	1.438059e+00
630.500000	1.438147e+00
631.500000	1.423830e+00
632.500000	1.446520e+00
633.500000	1.438707e+00
634.500000	1.461764e+00
635.500000	1.467307e+00
636.500000	1.431964e+00
637.500000	1.469926e+00
638.500000	1.454618e+00
639.500000	1.438287e+00
640.500000	1.408203e+00
641.500000	1.427239e+00
642.500000	1.426273e+00
643.500000	1.432636e+00
644.500000	1.410016e+00
645.500000	1.423730e+00
646.500000	1.393780e+00
647.500000	1.419627e+00
648.500000	1.445462e+00
649.500000	1.339886e+00
650.500000	1.408645e+00
651.500000	1.445382e+00
652.500000	1.447345e+00
653.500000	1.441184e+00
654.500000	1.416129e+00
655.500000	1.418394e+00
656.500000	1.327195e+00
657.500000	1.405243e+00
658.500000	1.433664e+00
659.500000	1.402885e+00
660.500000	1.428622e+00
661.500000	1.420820e+00
662.500000	1.428902e+00
663.500000	1.403083e+00
664.500000	1.414044e+00
665.500000	1.431223e+00
666.500000	1.401152e+00
667.500000	1.409264e+00
668.500000	1.417922e+00
669.500000	1.411973e+00
670.500000	1.358866e+00
671.500000	1.365616e+00
672.500000	1.406399e+00
673.500000	1.413044e+00
674.500000	1.399688e+00
675.500000	1.395410e+00
676.500000	1.398466e+00
677.500000	1.393590e+00
678.500000	1.390192e+00
679.500000	1.396311e+00
680.500000	1.385035e+00
681.500000	1.384859e+00
682.500000	1.391695e+00
683.500000	1.384208e+00
684.500000	1.366364e+00
685.500000	1.363787e+00
686.500000	1.381658e+00
687.500000	1.376421e+00
688.500000	1.362873e+00
689.500000	1.382222e+00
690.500000	1.376324e+00
691.500000	1.360336e+00
692.500000	1.359560e+00
693.500000	1.364905e+00
694.500000	1.354102e+00
695.500000	1.358762e+00
696.500000	1.364755e+00
697.500000	1.354344e+00
698.500000	1.331729e+00
699.500000	1.353016e+00
700.500000	1.337383e+00
701.500000	1.326541e+00
702.500000	1.334727e+00
703.500000	1.336972e+00
704.500000	1.347960e+00
705.500000	1.348879e+00
706.500000	1.340547e+00
707.500000	1.337657e+00
708.500000	1.326728e+00
709.500000	1.333578e+00
710.500000	1.335555e+00
711.500000	1.319863e+00
712.500000	1.321177e+00
713.500000	1.306589e+00
714.500000	1.299778e+00
715.500000	1.300931e+00
716.500000	1.303236e+00
717.500000	1.323609e+00
718.500000	1.282055e+00
719.500000	1.281462e+00
720.500000	1.285670e+00
721.500000	1.300552e+00
722.500000	1.302339e+00
723.500000	1.318683e+00
724.500000	1.305452e+00
725.500000	1.301489e+00
726.500000	1.294877e+00
727.500000	1.307517e+00
728.500000	1.292737e+00
729.500000	1.264913e+00
730.500000	1.286044e+00
731.500000	1.291064e+00
732.500000	1.261246e+00
733.500000	1.293707e+00
734.500000	1.292475e+00
735.500000	1.270138e+00
736.500000	1.271659e+00
737.500000	1.294241e+00
738.500000	1.269162e+00
739.500000	1.260797e+00
740.500000	1.265291e+00
741.500000	1.242672e+00
742.500000	1.252426e+00
743.500000	1.277787e+00
744.500000	1.245906e+00
745.500000	1.270474e+00
746.500000	1.259324e+00
747.500000	1.271589e+00
748.500000	1.270228e+00
749.500000	1.233702e+00
750.500000	1.263012e+00
751.500000	1.238666e+00
752.500000	1.254870e+00
753.500000	1.261773e+00
754.500000	1.264763e+00
755.500000	1.251903e+00
756.500000	1.255551e+00
757.500000	1.247262e+00
758.500000	1.235161e+00
759.500000	1.252969e+00
760.500000	1.247821e+00
761.500000	1.231368e+00
762.500000	1.236618e+00
763.500000	1.252697e+00
764.500000	1.250870e+00
765.500000	1.227052e+00
766.500000	1.165255e+00
767.500000	1.241431e+00
768.500000	1.238364e+00
769.500000	1.225128e+00
770.500000	1.216154e+00
771.500000	1.215381e+00
772.500000	1.212705e+00
773.500000	1.231882e+00
774.500000	1.210859e+00
775.500000	1.203638e+00
776.500000	1.228090e+00
777.500000	1.225968e+00
778.500000	1.209363e+00
779.500000	1.209262e+00
780.500000	1.212973e+00
781.500000	1.212898e+00
782.500000	1.212087e+00
783.500000	1.182625e+00
784.500000	1.209272e+00
785.500000	1.201320e+00
786.500000	1.209667e+00
787.500000	1.201803e+00
788.500000	1.196661e+00
789.500000	1.192269e+00
790.500000	1.189750e+00
791.500000	1.166975e+00
792.500000	1.178294e+00
793.500000	1.154164e+00
794.500000	1.140202e+00
795.500000	1.171794e+00
796.500000	1.179618e+00
797.500000	1.178266e+00
798.500000	1.169906e+00
799.500000	1.174467e+00
800.500000	1.152186e+00
801.500000	1.173859e+00
802.500000	1.164986e+00
803.500000	1.161177e+00
804.500000	1.142012e+00
805.500000	1.158375e+00
806.500000	1.164388e+00
807.500000	1.139011e+00
808.500000	1.141688e+00
809.500000	1.136684e+00
810.500000	1.142119e+00
811.500000	1.141499e+00
812.500000	1.147331e+00
813.500000	1.147006e+00
814.500000	1.145938e+00
815.500000	1.138881e+00
816.500000	1.137332e+00
817.500000	1.141240e+00
818.500000	1.100969e+00
819.500000	1.095779e+00
820.500000	1.113333e+00
821.500000	1.114649e+00
822.500000	1.109483e+00
823.500000	1.117058e+00
824.500000	1.123817e+00
825.500000	1.119792e+00
826.500000	1.127835e+00
827.500000	1.123229e+00
828.500000	1.124783e+00
829.500000	1.113228e+00
830.500000	1.104985e+00
831.500000	1.106146e+00
832.500000	1.078335e+00
833.500000	1.088404e+00
834.500000	1.091345e+00
835.500000	1.101137e+00
836.500000	1.088519e+00
837.500000	1.103177e+00
838.500000	1.057846e+00
839.500000	1.076307e+00
840.500000	1.094815e+00
841.500000	1.091106e+00
842.500000	1.074844e+00
843.500000	1.074127e+00
844.500000	1.082558e+00
845.500000	1.091791e+00
846.500000	1.087277e+00
847.500000	1.066729e+00
848.500000	1.087230e+00
849.500000	1.061853e+00
850.500000	1.030797e+00
851.500000	1.051679e+00
852.500000	1.067494e+00
853.500000	1.067213e+00
854.500000	8.915704e-01
855.500000	1.062428e+00
856.500000	1.075170e+00
857.500000	1.072840e+00
858.500000	1.064570e+00
859.500000	1.070576e+00
860.500000	1.062908e+00
861.500000	1.048600e+00
862.500000	1.057526e+00
863.500000	1.063977e+00
864.500000	1.058407e+00
865.500000	1.051233e+00
866.500000	9.043274e-01
867.500000	1.024266e+00
868.500000	1.036433e+00
869.500000	9.908038e-01
870.500000	1.037832e+00
871.500000	1.033019e+00
872.500000	1.045795e+00
873.500000	1.023827e+00
874.500000	1.042087e+00
875.500000	1.027960e+00
876.500000	1.030038e+00
877.500000	1.023609e+00
878.500000	1.041720e+00
879.500000	1.021240e+00
880.500000	9.754446e-01
881.500000	1.021118e+00
882.500000	9.924112e-01
883.500000	1.032604e+00
884.500000	1.011607e+00
885.500000	1.034029e+00
886.500000	1.011968e+00
887.500000	1.021416e+00
888.500000	1.024254e+00
889.500000	1.023957e+00
890.500000	1.025538e+00
891.500000	1.020085e+00
892.500000	1.006179e+00
893.500000	1.011611e+00
894.500000	1.002236e+00
895.500000	1.014708e+00
896.500000	1.009344e+00
897.500000	1.001801e+00
898.500000	1.006486e+00
899.500000	1.002120e+00
900.500000	9.770688e-01
901.500000	9.706732e-01
902.500000	9.889989e-01
903.500000	9.997998e-01
904.500000	1.002716e+00
905.500000	9.982764e-01
906.500000	9.905822e-01
907.500000	9.946251e-01
908.500000	9.830164e-01
909.500000	9.559046e-01
910.500000	9.746252e-01
911.500000	9.799295e-01
912.500000	9.783462e-01
913.500000	9.864444e-01
914.500000	9.699678e-01
915.500000	9.684460e-01
916.500000	9.709861e-01
917.500000	9.512299e-01
918.500000	9.635608e-01
919.500000	9.568707e-01
920.500000	9.529502e-01
921.500000	9.405789e-01
922.500000	9.487167e-01
923.500000	9.471200e-01
924.500000	9.420362e-01
925.500000	9.312266e-01
926.500000	9.381349e-01
927.500000	9.517899e-01
928.500000	9.445388e-01
929.500000	9.316256e-01
930.500000	9.455992e-01
931.500000	9.457692e-01
932.500000	9.407395e-01
933.500000	9.445276e-01
934.500000	9.420384e-01
935.500000	9.342923e-01
936.500000	9.306048e-01
937.500000	9.335643e-01
938.500000	9.328187e-01
939.500000	9.263575e-01
940.500000	9.241816e-01
941.500000	8.888619e-01
942.500000	9.242322e-01
943.500000	9.150610e-01
944.500000	9.010050e-01
945.500000	9.177094e-01
946.500000	9.204780e-01
947.500000	9.221618e-01
948.500000	9.161342e-01
949.500000	9.184034e-01
950.500000	9.166744e-01
951.500000	9.153148e-01
952.500000	9.131888e-01
953.500000	9.085742e-01
954.500000	9.031595e-01
955.500000	9.044986e-01
956.500000	9.111507e-01
957.500000	8.944388e-01
958.500000	9.064819e-01
959.500000	9.080324e-01
960.500000	8.920958e-01
961.500000	9.049365e-01
962.500000	8.954300e-01
963.500000	8.969868e-01
964.500000	8.817560e-01
965.500000	8.890800e-01
966.500000	8.889155e-01
967.500000	8.787909e-01
968.500000	8.971112e-01
969.500000	8.851594e-01
970.500000	8.808473e-01
971.500000	8.919520e-01
972.500000	8.861065e-01
973.500000	8.729915e-01
974.500000	8.649882e-01
975.500000	8.823684e-01
976.500000	8.809320e-01
977.500000	8.769364e-01
978.500000	8.649438e-01
979.500000	8.724940e-01
980.500000	8.769275e-01
981.500000	8.783570e-01
982.500000	8.754478e-01
983.500000	8.709375e-01
984.500000	8.752223e-01
985.500000	8.733232e-01
986.500000	8.710032e-01
987.500000	8.716880e-01
988.500000	8.692098e-01
989.500000	8.616321e-01
990.500000	8.549998e-01
991.500000	8.556604e-01
992.500000	8.558229e-01
993.500000	8.577001e-01
994.500000	8.537749e-01
995.500000	8.551803e-01
996.500000	8.572547e-01
997.500000	8.517824e-01
998.500000	8.517404e-01
999.500000	8.517645e-01
1000.500000	8.493613e-01
1001.500000	8.487168e-01
1002.500000	8.504728e-01
1003.500000	8.453287e-01
1004.500000	8.497318e-01
1005.500000	8.329243e-01
1006.500000	8.305444e-01
1007.500000	8.439633e-01
1008.500000	8.396623e-01
1009.500000	8.401162e-01
1010.500000	8.360824e-01
1011.500000	8.364408e-01
1012.500000	8.375352e-01
1013.500000	8.368791e-01
1014.500000	8.248023e-01
1015.500000	8.281106e-01
1016.500000	8.278528e-01
1017.500000	8.291482e-01
1018.500000	8.225163e-01
1019.500000	8.217412e-01
1020.500000	8.236568e-01
1021.500000	8.122183e-01
1022.500000	8.173440e-01
1023.500000	8.237710e-01
1024.500000	8.230920e-01
1025.500000	8.210232e-01
1026.500000	8.157162e-01
1027.500000	8.168978e-01
1028.500000	8.157505e-01
1029.500000	8.087178e-01
1030.500000	8.119030e-01
1031.500000	8.129382e-01
1032.500000	8.089274e-01
1033.500000	8.015425e-01
1034.500000	7.893762e-01
1035.500000	8.048005e-01
1036.500000	8.083798e-01
1037.500000	7.942740e-01
1038.500000	8.013525e-01
1039.500000	7.898202e-01
1040.500000	8.017394e-01
1041.500000	7.994919e-01
1042.500000	7.930898e-01
1043.500000	7.977729e-01
1044.500000	7.997723e-01
1045.500000	7.951591e-01
1046.500000	7.928956e-01
1047.500000	7.837755e-01
1048.500000	7.870897e-01
1049.500000	7.885469e-01
1050.500000	7.908049e-01
1051.500000	7.869309e-01
1052.500000	7.868245e-01
1053.500000	7.821799e-01
1054.500000	7.860230e-01
1055.500000	7.838441e-01
1056.500000	7.840731e-01
1057.500000	7.770027e-01
1058.500000	7.542441e-01
1059.500000	7.754292e-01
1060.500000	7.622099e-01
1061.500000	7.762353e-01
1062.500000	7.731992e-01
1063.500000	7.686627e-01
1064.500000	7.755017e-01
1065.500000	7.712534e-01
1066.500000	7.527868e-01
1067.500000	7.645451e-01
1068.500000	7.636989e-01
1069.500000	7.496772e-01
1070.500000	7.576357e-01
1071.500000	7.632253e-01
1072.500000	7.538395e-01
1073.500000	7.491315e-01
1074.500000	7.594873e-01
1075.500000	7.421528e-01
1076.500000	7.602268e-01
1077.500000	7.568079e-01
1078.500000	7.391570e-01
1079.500000	7.495051e-01
1080.500000	7.502273e-01
1081.500000	7.201978e-01
1082.500000	7.347809e-01
1083.500000	7.351381e-01
1084.500000	7.414339e-01
1085.500000	7.483583e-01
1086.500000	7.441567e-01
1087.500000	7.144223e-01
1088.500000	7.316961e-01
1089.500000	7.369156e-01
1090.500000	7.406321e-01
1091.500000	7.356901e-01
1092.500000	7.344613e-01
1093.500000	7.292719e-01
1094.500000	7.250847e-01
1095.500000	7.210671e-01
1096.500000	6.980408e-01
1097.500000	7.184138e-01
1098.500000	7.015090e-01
1099.500000	7.179106e-01
1100.500000	7.133675e-01
1101.500000	7.093674e-01
1102.500000	7.040182e-01
1103.500000	7.135686e-01
1104.500000	7.095950e-01
1105.500000	7.128806e-01
1106.500000	7.135346e-01
1107.500000	7.137221e-01
1108.500000	7.108339e-01
1109.500000	7.085249e-01
1110.500000	7.100863e-01
1111.500000	7.114919e-01
1112.500000	6.999142e-01
1113.500000	7.032369e-01
1114.500000	7.057977e-01
1115.500000	7.082071e-01
1116.500000	7.046558e-01
1117.500000	7.023189e-01
1118.500000	7.037607e-01
1119.500000	6.905686e-01
1120.500000	6.982263e-01
1121.500000	7.011375e-01
1122.500000	7.041153e-01
1123.500000	6.989497e-01
1124.500000	6.940196e-01
1125.500000	6.622728e-01
1126.500000	6.958551e-01
1127.500000	6.975731e-01
1128.500000	6.957063e-01
1129.500000	6.844898e-01
1130.500000	6.911137e-01
1131.500000	6.862043e-01
1132.500000	6.975075e-01
1133.500000	6.837347e-01
1134.500000	6.919185e-01
1135.500000	6.825433e-01
1136.500000	6.931587e-01
1137.500000	6.769195e-01
1138.500000	6.740217e-01
1139.500000	6.771088e-01
1140.500000	6.660245e-01
1141.500000	6.815602e-01
1142.500000	6.746995e-01
1143.500000	6.806553e-01
1144.500000	6.685075e-01
1145.500000	6.821583e-01
1146.500000	6.799848e-01
1147.500000	6.759603e-01
1148.500000	6.712042e-01
1149.500000	6.788642e-01
1150.500000	6.765176e-01
1151.500000	6.765570e-01
1152.500000	6.741739e-01
1153.500000	6.747448e-01
1154.500000	6.738835e-01
1155.500000	6.727898e-01
1156.500000	6.721009e-01
1157.500000	6.728957e-01
1158.500000	6.697519e-01
1159.500000	6.517544e-01
1160.500000	6.656061e-01
1161.500000	6.356917e-01
1162.500000	6.684278e-01
1163.500000	6.652798e-01
1164.500000	6.481362e-01
1165.500000	6.624953e-01
1166.500000	6.629273e-01
1167.500000	6.611423e-01
1168.500000	6.609416e-01
1169.500000	6.359773e-01
1170.500000	6.608957e-01
1171.500000	6.574723e-01
1172.500000	6.575337e-01
1173.500000	6.580320e-01
1174.500000	6.559174e-01
1175.500000	6.491238e-01
1176.500000	6.551891e-01
1177.500000	6.422355e-01
1178.500000	6.328186e-01
1179.500000	6.521267e-01
1180.500000	6.506529e-01
1181.500000	6.433369e-01
1182.500000	6.405395e-01
1183.500000	5.987182e-01
1184.500000	6.430907e-01
1185.500000	6.452444e-01
1186.500000	6.460791e-01
1187.500000	6.431874e-01
1188.500000	6.006867e-01
1189.500000	6.343677e-01
1190.500000	6.430938e-01
1191.500000	6.417505e-01
1192.500000	6.403655e-01
1193.500000	6.402224e-01
1194.500000	6.391009e-01
1195.500000	6.284132e-01
1196.500000	6.355990e-01
1197.500000	5.952006e-01
1198.500000	6.099111e-01
1199.500000	6.141659e-01
1200.500000	6.288658e-01
1201.500000	6.324275e-01
1202.500000	6.301247e-01
1203.500000	5.992442e-01
1204.500000	6.229210e-01
1205.500000	6.274266e-01
1206.500000	6.269264e-01
1207.500000	6.244908e-01
1208.500000	5.725803e-01
1209.500000	6.231231e-01
1210.500000	6.092598e-01
1211.500000	6.221288e-01
1212.500000	6.217333e-01
1213.500000	6.217805e-01
1214.500000	6.218012e-01
1215.500000	6.213509e-01
1216.500000	6.206286e-01
1217.500000	6.189835e-01
1218.500000	6.189240e-01
1219.500000	6.144688e-01
1220.500000	6.131797e-01
1221.500000	6.122130e-01
1222.500000	6.157393e-01
1223.500000	6.119697e-01
1224.500000	6.124236e-01
1225.500000	6.117652e-01
1226.500000	6.124358e-01
1227.500000	5.972705e-01
1228.500000	6.106929e-01
1229.500000	6.098213e-01
1230.500000	6.085901e-01
1231.500000	6.071344e-01
1232.500000	6.059102e-01
1233.500000	6.028227e-01
1234.500000	6.000429e-01
1235.500000	6.031271e-01
1236.500000	5.926427e-01
1237.500000	6.025898e-01
1238.500000	6.031862e-01
1239.500000	5.956570e-01
1240.500000	5.969737e-01
1241.500000	5.975009e-01
1242.500000	5.903963e-01
1243.500000	5.882957e-01
1244.500000	5.982591e-01
1245.500000	5.971203e-01
1246.500000	5.960125e-01
1247.500000	5.921464e-01
1248.500000	5.952867e-01
1249.500000	5.940204e-01
1250.500000	5.925779e-01
1251.500000	5.828788e-01
1252.500000	5.735199e-01
1253.500000	5.852286e-01
1254.500000	5.895048e-01
1255.500000	5.893701e-01
1256.500000	5.821301e-01
1257.500000	5.870947e-01
1258.500000	5.836435e-01
1259.500000	5.860286e-01
1260.500000	5.851124e-01
1261.500000	5.800091e-01
1262.500000	5.846239e-01
1263.500000	5.832284e-01
1264.500000	5.729084e-01
1265.500000	5.782722e-01
1266.500000	5.809698e-01
1267.500000	5.796122e-01
1268.500000	5.717164e-01
1269.500000	5.790684e-01
1270.500000	5.774772e-01
1271.500000	5.763384e-01
1272.500000	5.783912e-01
1273.500000	5.761366e-01
1274.500000	5.707897e-01
1275.500000	5.757610e-01
1276.500000	5.750608e-01
1277.500000	5.739091e-01
1278.500000	5.735408e-01
1279.500000	5.715786e-01
1280.500000	5.712287e-01
1281.500000	5.586703e-01
1282.500000	5.415707e-01
1283.500000	5.643719e-01
1284.500000	5.665201e-01
1285.500000	5.650025e-01
1286.500000	5.680919e-01
1287.500000	5.660778e-01
1288.500000	5.605634e-01
1289.500000	5.649413e-01
1290.500000	5.502522e-01
1291.500000	5.589030e-01
1292.500000	5.600240e-01
1293.500000	5.589899e-01
1294.500000	5.595864e-01
1295.500000	5.599059e-01
1296.500000	5.573875e-01
1297.500000	5.528614e-01
1298.500000	5.577237e-01
1299.500000	5.576582e-01
1300.500000	5.567484e-01
1301.500000	5.553161e-01
1302.500000	5.571452e-01
1303.500000	5.505811e-01
1304.500000	5.527419e-01
1305.500000	5.539448e-01
1306.500000	5.494623e-01
1307.500000	5.527892e-01
1308.500000	5.517207e-01
1309.500000	5.510001e-01
1310.500000	5.481760e-01
1311.500000	5.505919e-01
1312.500000	5.128498e-01
1313.500000	5.431079e-01
1314.500000	5.485260e-01
1315.500000	5.172982e-01
1316.500000	5.472278e-01
1317.500000	5.472922e-01
1318.500000	5.398583e-01
1319.500000	5.462375e-01
1320.500000	5.414737e-01
1321.500000	5.404632e-01
1322.500000	5.425701e-01
1323.500000	5.441511e-01
1324.500000	5.437798e-01
1325.500000	5.407070e-01
1326.500000	5.392719e-01
1327.500000	5.395392e-01
1328.500000	5.344103e-01
1329.500000	5.209471e-01
1330.500000	5.373824e-01
1331.500000	5.374365e-01
1332.500000	5.179060e-01
1333.500000	5.364403e-01
1334.500000	5.359883e-01
1335.500000	5.315418e-01
1336.500000	5.363124e-01
1337.500000	5.341427e-01
1338.500000	5.316916e-01
1339.500000	5.239448e-01
1340.500000	5.298730e-01
1341.500000	5.295212e-01
1342.500000	5.310525e-01
1343.500000	5.313315e-01
1344.500000	5.316155e-01
1345.500000	5.287686e-01
1346.500000	5.284801e-01
1347.500000	5.287044e-01
1348.500000	5.288059e-01
1349.500000	5.243231e-01
1350.500000	5.235151e-01
1351.500000	5.279407e-01
1352.500000	5.253548e-01
1353.500000	5.264235e-01
1354.500000	5.254769e-01
1355.500000	5.183159e-01
1356.500000	5.148388e-01
1357.500000	5.226702e-01
1358.500000	5.235676e-01
1359.500000	5.182462e-01
1360.500000	5.141239e-01
1361.500000	5.221723e-01
1362.500000	5.201069e-01
1363.500000	5.115158e-01
1364.500000	5.131034e-01
1365.500000	5.181782e-01
1366.500000	5.186346e-01
1367.500000	5.136736e-01
1368.500000	5.114136e-01
1369.500000	5.162035e-01
1370.500000	5.135796e-01
1371.500000	5.152656e-01
1372.500000	5.100606e-01
1373.500000	5.083948e-01
1374.500000	5.129332e-01
1375.500000	5.086126e-01
1376.500000	5.104363e-01
1377.500000	5.116605e-01
1378.500000	5.121315e-01
1379.500000	5.109887e-01
1380.500000	5.114036e-01
1381.500000	5.078156e-01
1382.500000	5.079290e-01
1383.500000	5.090931e-01
1384.500000	5.095769e-01
1385.500000	4.999063e-01
1386.500000	4.989383e-01
1387.500000	5.072638e-01
1388.500000	5.060784e-01
1389.500000	5.051296e-01
1390.500000	4.988882e-01
1391.500000	5.001991e-01
1392.500000	5.025589e-01
1393.500000	5.027469e-01
1394.500000	5.021839e-01
1395.500000	4.981164e-01
1396.500000	5.011920e-01
1397.500000	5.006881e-01
1398.500000	4.989177e-01
1399.500000	4.951351e-01
1400.500000	4.879992e-01
1401.500000	4.921119e-01
1402.500000	4.994163e-01
1403.500000	4.955428e-01
1404.500000	4.953139e-01
1405.500000	4.981574e-01
1406.500000	4.922555e-01
1407.500000	4.925622e-01
1408.500000	4.890388e-01
1409.500000	4.947958e-01
1410.500000	4.915881e-01
1411.500000	4.876214e-01
1412.500000	4.806085e-01
1413.500000	4.795068e-01
1414.500000	4.894505e-01
1415.500000	4.889603e-01
1416.500000	4.843218e-01
1417.500000	4.887769e-01
1418.500000	4.832433e-01
1419.500000	4.849655e-01
1420.500000	4.787000e-01
1421.500000	4.842417e-01
1422.500000	4.770828e-01
1423.500000	4.782194e-01
1424.500000	4.745865e-01
1425.500000	4.718577e-01
1426.500000	4.721111e-01
1427.500000	4.695707e-01
1428.500000	4.726164e-01
1429.500000	4.658471e-01
1430.500000	4.815567e-01
1431.500000	4.715665e-01
1432.500000	4.794898e-01
1433.500000	4.810707e-01
1434.500000	4.794511e-01
1435.500000	4.761906e-01
1436.500000	4.806711e-01
1437.500000	4.773341e-01
1438.500000	4.806660e-01
1439.500000	4.764916e-01
1440.500000	4.501086e-01
1441.500000	4.783664e-01
1442.500000	4.728035e-01
1443.500000	4.737511e-01
1444.500000	4.614886e-01
1445.500000	4.783384e-01
1446.500000	4.666606e-01
1447.500000	4.777791e-01
1448.500000	4.650336e-01
1449.500000	4.728827e-01
1450.500000	4.634833e-01
1451.500000	4.539838e-01
1452.500000	4.690668e-01
1453.500000	4.696399e-01
1454.500000	4.592404e-01
1455.500000	4.550969e-01
1456.500000	4.629824e-01
1457.500000	4.662900e-01
1458.500000	4.692191e-01
1459.500000	4.642521e-01
1460.500000	4.578839e-01
1461.500000	4.614075e-01
1462.500000	4.644053e-01
1463.500000	4.632854e-01
1464.500000	4.652177e-01
1465.500000	4.391403e-01
1466.500000	4.635595e-01
1467.500000	4.643932e-01
1468.500000	4.608506e-01
1469.500000	4.590232e-01
1470.500000	4.508992e-01
1471.500000	4.561138e-01
1472.500000	4.517845e-01
1473.500000	4.627703e-01
1474.500000	4.576620e-01
1475.500000	4.442124e-01
1476.500000	4.629139e-01
1477.500000	4.547426e-01
1478.500000	4.542759e-01
1479.500000	4.613474e-01
1480.500000	4.569662e-01
1481.500000	4.535460e-01
1482.500000	4.585918e-01
1483.500000	4.452000e-01
1484.500000	4.558302e-01
1485.500000	4.561486e-01
1486.500000	4.513797e-01
1487.500000	4.352370e-01
1488.500000	3.832608e-01
1489.500000	4.561987e-01
1490.500000	4.463533e-01
1491.500000	4.485673e-01
1492.500000	4.578718e-01
1493.500000	4.545910e-01
1494.500000	4.550954e-01
1495.500000	4.505794e-01
1496.500000	4.453483e-01
1497.500000	4.485359e-01
1498.500000	4.461793e-01
1499.500000	4.502819e-01
1500.500000	4.495834e-01
1501.500000	4.444996e-01
1502.500000	3.878439e-01
1503.500000	4.255926e-01
1504.500000	3.901824e-01
1505.500000	3.994995e-01
1506.500000	4.470937e-01
1507.500000	4.519419e-01
1508.500000	4.413672e-01
1509.500000	4.437489e-01
1510.500000	4.434288e-01
1511.500000	4.514094e-01
1512.500000	4.372130e-01
1513.500000	4.430952e-01
1514.500000	4.390277e-01
1515.500000	4.470455e-01
1516.500000	4.355494e-01
1517.500000	4.457769e-01
1518.500000	4.413141e-01
1519.500000	4.432788e-01
1520.500000	4.418025e-01
1521.500000	4.336860e-01
1522.500000	4.285343e-01
1523.500000	4.415105e-01
1524.500000	4.365341e-01
1525.500000	4.437062e-01
1526.500000	4.348345e-01
1527.500000	4.439617e-01
1528.500000	4.383186e-01
1529.500000	4.174117e-01
1530.500000	4.394067e-01
1531.500000	4.404137e-01
1532.500000	4.403986e-01
1533.500000	4.297613e-01
1534.500000	4.340712e-01
1535.500000	4.391723e-01
1536.500000	4.397081e-01
1537.500000	4.364844e-01
1538.500000	4.298569e-01
1539.500000	4.228697e-01
1540.500000	4.328690e-01
1541.500000	4.365029e-01
1542.500000	4.319090e-01
1543.500000	4.337457e-01
1544.500000	4.366086e-01
1545.500000	4.382794e-01
1546.500000	4.340531e-01
1547.500000	4.352253e-01
1548.500000	4.340518e-01
1549.500000	4.326076e-01
1550.500000	4.277400e-01
1551.500000	4.314566e-01
1552.500000	4.340043e-01
1553.500000	4.236680e-01
1554.500000	4.220163e-01
1555.500000	4.291346e-01
1556.500000	4.202361e-01
1557.500000	4.254439e-01
1558.500000	4.296405e-01
1559.500000	4.158440e-01
1560.500000	4.298658e-01
1561.500000	4.293725e-01
1562.500000	4.150177e-01
1563.500000	4.147917e-01
1564.500000	4.260662e-01
1565.500000	4.224660e-01
1566.500000	4.150196e-01
1567.500000	4.225310e-01
1568.500000	4.204048e-01
1569.500000	4.123103e-01
1570.500000	4.217806e-01
1571.500000	4.238471e-01
1572.500000	4.132688e-01
1573.500000	4.214039e-01
1574.500000	3.949056e-01
1575.500000	3.862953e-01
1576.500000	3.979617e-01
1577.500000	3.705994e-01
1578.500000	4.201228e-01
1579.500000	4.179634e-01
1580.500000	4.188646e-01
1581.500000	4.212988e-01
1582.500000	3.916587e-01
1583.500000	4.118009e-01
1584.500000	4.164002e-01
1585.500000	4.193864e-01
1586.500000	4.141398e-01
1587.500000	4.090219e-01
1588.500000	3.940215e-01
1589.500000	3.691752e-01
1590.500000	4.020667e-01
1591.500000	3.965279e-01
1592.500000	4.137827e-01
1593.500000	4.119396e-01
1594.500000	4.115604e-01
1595.500000	4.070258e-01
1596.500000	3.890617e-01
1597.500000	4.123215e-01
1598.500000	4.036095e-01
1599.500000	4.134924e-01
1600.500000	4.102478e-01
1601.500000	3.971559e-01
1602.500000	4.110787e-01
1603.500000	4.118317e-01
1604.500000	3.942029e-01
1605.500000	4.079267e-01
1606.500000	3.968835e-01
1607.500000	4.014529e-01
1608.500000	4.094405e-01
1609.500000	3.962607e-01
1610.500000	3.934882e-01
1611.500000	4.019486e-01
1612.500000	4.035456e-01
1613.500000	4.039013e-01
1614.500000	3.994355e-01
1615.500000	3.856712e-01
1616.500000	3.808427e-01
1617.500000	4.031237e-01
1618.500000	3.971487e-01
1619.500000	3.916231e-01
1620.500000	3.730865e-01
1621.500000	3.909191e-01
1622.500000	3.966546e-01
1623.500000	3.917399e-01
1624.500000	3.910683e-01
1625.500000	3.961864e-01
1626.500000	3.974460e-01
1627.500000	3.991992e-01
1628.500000	3.987086e-01
1629.500000	3.941473e-01
1630.500000	3.955240e-01
1631.500000	3.922149e-01
1632.500000	3.855183e-01
1633.500000	3.906257e-01
1634.500000	3.961253e-01
1635.500000	3.907768e-01
1636.500000	3.818594e-01
1637.500000	3.878247e-01
1638.500000	3.686776e-01
1639.500000	3.809611e-01
1640.500000	3.763140e-01
1641.500000	3.768871e-01
1642.500000	3.895465e-01
1643.500000	3.877523e-01
1644.500000	3.696153e-01
1645.500000	3.779926e-01
1646.500000	3.864263e-01
1647.500000	3.790941e-01
1648.500000	3.830734e-01
1649.500000	3.675460e-01
1650.500000	3.841930e-01
1651.500000	3.811539e-01
1652.500000	3.746560e-01
1653.500000	3.785371e-01
1654.500000	3.720538e-01
1655.500000	3.758336e-01
1656.500000	3.706543e-01
1657.500000	3.775327e-01
1658.500000	3.741950e-01
1659.500000	3.728283e-01
1660.500000	3.760251e-01
1661.500000	3.715319e-01
1662.500000	3.699020e-01
1663.500000	3.659000e-01
1664.500000	3.688824e-01
1665.500000	3.585794e-01
1666.500000	3.651676e-01
1667.500000	3.648669e-01
1668.500000	3.601497e-01
1669.500000	3.689525e-01
1670.500000	3.681066e-01
1671.500000	3.615689e-01
1672.500000	3.465963e-01
1673.500000	3.641799e-01
1674.500000	3.647703e-01
1675.500000	3.373746e-01
1676.500000	3.545206e-01
1677.500000	3.644989e-01
1678.500000	3.622700e-01
1679.500000	3.604893e-01
1680.500000	3.582405e-01
1681.500000	3.518034e-01
1682.500000	3.487406e-01
1683.500000	3.563930e-01
1684.500000	3.561243e-01
1685.500000	3.580009e-01
1686.500000	3.501135e-01
1687.500000	3.501370e-01
1688.500000	3.521061e-01
1689.500000	3.477845e-01
1690.500000	3.425130e-01
1691.500000	3.513387e-01
1692.500000	3.533250e-01
1693.500000	3.505670e-01
1694.500000	3.521636e-01
1695.500000	3.502564e-01
1696.500000	3.490278e-01
1697.500000	3.442764e-01
1698.500000	3.465361e-01
1699.500000	3.434653e-01
1700.500000	3.355203e-01
1701.500000	3.349839e-01
1702.500000	3.423524e-01
1703.500000	3.429996e-01
1704.500000	3.448652e-01
1705.500000	3.414259e-01
1706.500000	3.390165e-01
1707.500000	3.365170e-01
1708.500000	3.410122e-01
1709.500000	3.384209e-01
1710.500000	3.319525e-01
1711.500000	2.911720e-01
1712.500000	3.354495e-01
1713.500000	3.367166e-01
1714.500000	3.374753e-01
1715.500000	3.366825e-01
1716.500000	3.307093e-01
1717.500000	3.346582e-01
1718.500000	3.336836e-01
1719.500000	3.331266e-01
1720.500000	3.298102e-01
1721.500000	3.307925e-01
1722.500000	3.273686e-01
1723.500000	3.185337e-01
1724.500000	3.277714e-01
1725.500000	3.281072e-01
1726.500000	3.291326e-01
1727.500000	3.256790e-01
1728.500000	3.244893e-01
1729.500000	3.259568e-01
1730.500000	3.208023e-01
1731.500000	3.234609e-01
1732.500000	3.212254e-01
1733.500000	3.048341e-01
1734.500000	3.173496e-01
1735.500000	3.213750e-01
1736.500000	3.116525e-01
1737.500000	3.206080e-01
1738.500000	3.190825e-01
1739.500000	3.174233e-01
1740.500000	3.185712e-01
1741.500000	3.062586e-01
1742.500000	3.147355e-01
1743.500000	3.162488e-01
1744.500000	3.180349e-01
1745.500000	3.145453e-01
1746.500000	3.144790e-01
1747.500000	3.022523e-01
1748.500000	3.156638e-01
1749.500000	3.145501e-01
1750.500000	3.097981e-01
1751.500000	3.112492e-01
1752.500000	3.120180e-01
1753.500000	3.109862e-01
1754.500000	3.091885e-01
1755.500000	3.085542e-01
1756.500000	3.087530e-01
1757.500000	3.099789e-01
1758.500000	3.074736e-01
1759.500000	3.072472e-01
1760.500000	3.051494e-01
1761.500000	3.031001e-01
1762.500000	2.942972e-01
1763.500000	3.063572e-01
1764.500000	2.984221e-01
1765.500000	3.052174e-01
1766.500000	2.986709e-01
1767.500000	3.019039e-01
1768.500000	2.931183e-01
1769.500000	3.017152e-01
1770.500000	2.990174e-01
1771.500000	2.960433e-01
1772.500000	2.899670e-01
1773.500000	2.982428e-01
1774.500000	2.970475e-01
1775.500000	2.953865e-01
1776.500000	2.938808e-01
1777.500000	2.893837e-01
1778.500000	2.948245e-01
1779.500000	2.955528e-01
1780.500000	2.951453e-01
1781.500000	2.941790e-01
1782.500000	2.914644e-01
1783.500000	2.923560e-01
1784.500000	2.894485e-01
1785.500000	2.882119e-01
1786.500000	2.886297e-01
1787.500000	2.903971e-01
1788.500000	2.916985e-01
1789.500000	2.912558e-01
1790.500000	2.904433e-01
1791.500000	2.892387e-01
1792.500000	2.885668e-01
1793.500000	2.819327e-01
1794.500000	2.821985e-01
1795.500000	2.880828e-01
1796.500000	2.871302e-01
1797.500000	2.852725e-01
1798.500000	2.842542e-01
1799.500000	2.847383e-01
1800.500000	2.825631e-01
1801.500000	2.826198e-01
1802.500000	2.804043e-01
1803.500000	2.757390e-01
1804.500000	2.797596e-01
1805.500000	2.784310e-01
1806.500000	2.806462e-01
1807.500000	2.798023e-01
1808.500000	2.761980e-01
1809.500000	2.785423e-01
1810.500000	2.740414e-01
1811.500000	2.759284e-01
1812.500000	2.771812e-01
1813.500000	2.773443e-01
1814.500000	2.758851e-01
1815.500000	2.737845e-01
1816.500000	2.716184e-01
1817.500000	2.665578e-01
1818.500000	2.699747e-01
1819.500000	2.740392e-01
1820.500000	2.736976e-01
1821.500000	2.735549e-01
1822.500000	2.686383e-01
1823.500000	2.707589e-01
1824.500000	2.720529e-01
1825.500000	2.709588e-01
1826.500000	2.706703e-01
1827.500000	2.692702e-01
1828.500000	2.641826e-01
1829.500000	2.676759e-01
1830.500000	2.661116e-01
1831.500000	2.681319e-01
1832.500000	2.662946e-01
1833.500000	2.682343e-01
1834.500000	2.652107e-01
1835.500000	2.645560e-01
1836.500000	2.638450e-01
1837.500000	2.558291e-01
1838.500000	2.617992e-01
1839.500000	2.621355e-01
1840.500000	2.602046e-01
1841.500000	2.561991e-01
1842.500000	2.498565e-01
1843.500000	2.591598e-01
1844.500000	2.600598e-01
1845.500000	2.591548e-01
1846.500000	2.555702e-01
1847.500000	2.447354e-01
1848.500000	2.593908e-01
1849.500000	2.586072e-01
1850.500000	2.584717e-01
1851.500000	2.576123e-01
1852.500000	2.525565e-01
1853.500000	2.547112e-01
1854.500000	2.570108e-01
1855.500000	2.492398e-01
1856.500000	2.519956e-01
1857.500000	2.557121e-01
1858.500000	2.474273e-01
1859.500000	2.538369e-01
1860.500000	2.541065e-01
1861.500000	2.521297e-01
1862.500000	2.515086e-01
1863.500000	2.502536e-01
1864.500000	2.506504e-01
1865.500000	2.506521e-01
1866.500000	2.449297e-01
1867.500000	2.508776e-01
1868.500000	2.482878e-01
1869.500000	2.494291e-01
1870.500000	2.485037e-01
1871.500000	2.456765e-01
1872.500000	2.384196e-01
1873.500000	2.444500e-01
1874.500000	2.369344e-01
1875.500000	2.079799e-01
1876.500000	2.335145e-01
1877.500000	2.352294e-01
1878.500000	2.432197e-01
1879.500000	2.429167e-01
1880.500000	2.445836e-01
1881.500000	2.448187e-01
1882.500000	2.422267e-01
1883.500000	2.435926e-01
1884.500000	2.416819e-01
1885.500000	2.401037e-01
1886.500000	2.301661e-01
1887.500000	2.408149e-01
1888.500000	2.359333e-01
1889.500000	2.361316e-01
1890.500000	2.270840e-01
1891.500000	2.336018e-01
1892.500000	2.307526e-01
1893.500000	2.341243e-01
1894.500000	2.352043e-01
1895.500000	2.365666e-01
1896.500000	2.341469e-01
1897.500000	2.325246e-01
1898.500000	2.364586e-01
1899.500000	2.285154e-01
1900.500000	2.348014e-01
1901.500000	2.347114e-01
1902.500000	2.347178e-01
1903.500000	2.303883e-01
1904.500000	2.322491e-01
1905.500000	2.292084e-01
1906.500000	2.329665e-01
1907.500000	2.330749e-01
1908.500000	2.289407e-01
1909.500000	2.315598e-01
1910.500000	2.307522e-01
1911.500000	2.245585e-01
1912.500000	2.269755e-01
1913.500000	2.302719e-01
1914.500000	2.281053e-01
1915.500000	2.287010e-01
1916.500000	2.278121e-01
1917.500000	2.279671e-01
1918.500000	2.279563e-01
1919.500000	2.198853e-01
1920.500000	2.233241e-01
1921.500000	2.244471e-01
1922.500000	2.256195e-01
1923.500000	2.262306e-01
1924.500000	2.257362e-01
1925.500000	2.236847e-01
1926.500000	2.218462e-01
1927.500000	2.224082e-01
1928.500000	2.194573e-01
1929.500000	2.230710e-01
1930.500000	2.224558e-01
1931.500000	2.093812e-01
1932.500000	2.215008e-01
1933.500000	2.210723e-01
1934.500000	2.143443e-01
1935.500000	2.205830e-01
1936.500000	2.212026e-01
1937.500000	2.209400e-01
1938.500000	2.199586e-01
1939.500000	2.142395e-01
1940.500000	2.171036e-01
1941.500000	2.182576e-01
1942.500000	2.182108e-01
1943.500000	2.065560e-01
1944.500000	2.130082e-01
1945.500000	1.931656e-01
1946.500000	2.142867e-01
1947.500000	2.131466e-01
1948.500000	2.130782e-01
1949.500000	2.085746e-01
1950.500000	2.136318e-01
1951.500000	1.977000e-01
1952.500000	2.143841e-01
1953.500000	2.127232e-01
1954.500000	2.107940e-01
1955.500000	2.136271e-01
1956.500000	2.133295e-01
1957.500000	2.125566e-01
1958.500000	2.104533e-01
1959.500000	2.098389e-01
1960.500000	2.094357e-01
1961.500000	2.070320e-01
1962.500000	2.088159e-01
1963.500000	2.050050e-01
1964.500000	2.065909e-01
1965.500000	2.100350e-01
1966.500000	2.094750e-01
1967.500000	2.089685e-01
1968.500000	2.084365e-01
1969.500000	2.078256e-01
1970.500000	2.077595e-01
1971.500000	2.070190e-01
1972.500000	1.966316e-01
1973.500000	2.025087e-01
1974.500000	2.045377e-01
1975.500000	2.049739e-01
1976.500000	2.048846e-01
1977.500000	2.030375e-01
1978.500000	1.823265e-01
1979.500000	1.998640e-01
1980.500000	2.037206e-01
1981.500000	2.030166e-01
1982.500000	2.017762e-01
1983.500000	2.031165e-01
1984.500000	2.029130e-01
1985.500000	1.898837e-01
1986.500000	1.892735e-01
1987.500000	2.007711e-01
1988.500000	2.002317e-01
1989.500000	2.007450e-01
1990.500000	1.999569e-01
1991.500000	1.995617e-01
1992.500000	1.953687e-01
1993.500000	1.898792e-01
1994.500000	1.974956e-01
1995.500000	1.973222e-01
1996.500000	1.934831e-01
1997.500000	1.936110e-01
1998.500000	1.965801e-01
1999.500000	1.972402e-01
2000.500000	1.968374e-01
2001.500000	1.960090e-01
2002.500000	1.934841e-01
2003.500000	1.941887e-01
2004.500000	1.945296e-01
2005.500000	1.921347e-01
2006.500000	1.940435e-01
2007.500000	1.930528e-01
2008.500000	1.935028e-01
2009.500000	1.917644e-01
2010.500000	1.932209e-01
2011.500000	1.929701e-01
2012.500000	1.927090e-01
2013.500000	1.917598e-01
2014.500000	1.904659e-01
2015.500000	1.914904e-01
2016.500000	1.911626e-01
2017.500000	1.902618e-01
2018.500000	1.904930e-01
2019.500000	1.890221e-01
2020.500000	1.883273e-01
2021.500000	1.848840e-01
2022.500000	1.888370e-01
2023.500000	1.866846e-01
2024.500000	1.862837e-01
2025.500000	1.879891e-01
2026.500000	1.864033e-01
2027.500000	1.863046e-01
2028.500000	1.849445e-01
2029.500000	1.858170e-01
2030.500000	1.797217e-01
2031.500000	1.864171e-01
2032.500000	1.857201e-01
2033.500000	1.851904e-01
2034.500000	1.822994e-01
2035.500000	1.821930e-01
2036.500000	1.839597e-01
2037.500000	1.835663e-01
2038.500000	1.788655e-01
2039.500000	1.837316e-01
2040.500000	1.822000e-01
2041.500000	1.804038e-01
2042.500000	1.819039e-01
2043.500000	1.823877e-01
2044.500000	1.821284e-01
2045.500000	1.812000e-01
2046.500000	1.815395e-01
2047.500000	1.799114e-01
2048.500000	1.809734e-01
2049.500000	1.807263e-01
2050.500000	1.803100e-01
2051.500000	1.796301e-01
2052.500000	1.760621e-01
2053.500000	1.788512e-01
2054.500000	1.774518e-01
2055.500000	1.781523e-01
2056.500000	1.778853e-01
2057.500000	1.773825e-01
2058.500000	1.773239e-01
2059.500000	1.749604e-01
2060.500000	1.710531e-01
2061.500000	1.763004e-01
2062.500000	1.757125e-01
2063.500000	1.579856e-01
2064.500000	1.745515e-01
2065.500000	1.753085e-01
2066.500000	1.751929e-01
2067.500000	1.715376e-01
2068.500000	1.729412e-01
2069.500000	1.736664e-01
2070.500000	1.688551e-01
2071.500000	1.722444e-01
2072.500000	1.712509e-01
2073.500000	1.727325e-01
2074.500000	1.710221e-01
2075.500000	1.722872e-01
2076.500000	1.702360e-01
2077.500000	1.689467e-01
2078.500000	1.713208e-01
2079.500000	1.711258e-01
2080.500000	1.692379e-01
2081.500000	1.704684e-01
2082.500000	1.699815e-01
2083.500000	1.666631e-01
2084.500000	1.656672e-01
2085.500000	1.685007e-01
2086.500000	1.688579e-01
2087.500000	1.681149e-01
2088.500000	1.675548e-01
2089.500000	1.676205e-01
2090.500000	1.679940e-01
2091.500000	1.674195e-01
2092.500000	1.605142e-01
2093.500000	1.665080e-01
2094.500000	1.664605e-01
2095.500000	1.662118e-01
2096.500000	1.638722e-01
2097.500000	1.643946e-01
2098.500000	1.658278e-01
2099.500000	1.641263e-01
2100.500000	1.655894e-01
2101.500000	1.633605e-01
2102.500000	1.640475e-01
2103.500000	1.647569e-01
2104.500000	1.644937e-01
2105.500000	1.641525e-01
2106.500000	1.629169e-01
2107.500000	1.614148e-01
2108.500000	1.624699e-01
2109.500000	1.578966e-01
2110.500000	1.621157e-01
2111.500000	1.614631e-01
2112.500000	1.616785e-01
2113.500000	1.612098e-01
2114.500000	1.605407e-01
2115.500000	1.609564e-01
2116.500000	1.554821e-01
2117.500000	1.583907e-01
2118.500000	1.593235e-01
2119.500000	1.568681e-01
2120.500000	1.581546e-01
2121.500000	1.585703e-01
2122.500000	1.580459e-01
2123.500000	1.549614e-01
2124.500000	1.565922e-01
2125.500000	1.581979e-01
2126.500000	1.575016e-01
2127.500000	1.578447e-01
2128.500000	1.565632e-01
2129.500000	1.571372e-01
2130.500000	1.571531e-01
2131.500000	1.567569e-01
2132.500000	1.558227e-01
2133.500000	1.563959e-01
2134.500000	1.556402e-01
2135.500000	1.528192e-01
2136.500000	1.533425e-01
2137.500000	1.553164e-01
2138.500000	1.549101e-01
2139.500000	1.545407e-01
2140.500000	1.542578e-01
2141.500000	1.543045e-01
2142.500000	1.543138e-01
2143.500000	1.531113e-01
2144.500000	1.529045e-01
2145.500000	1.521313e-01
2146.500000	1.517582e-01
2147.500000	1.528485e-01
2148.500000	1.524916e-01
2149.500000	1.515646e-01
2150.500000	1.520678e-01
2151.500000	1.518182e-01
2152.500000	1.508839e-01
2153.500000	1.504516e-01
2154.500000	1.501522e-01
2155.500000	1.504572e-01
2156.500000	1.503536e-01
2157.500000	1.499534e-01
2158.500000	1.499828e-01
2159.500000	1.489934e-01
2160.500000	1.494031e-01
2161.500000	1.487013e-01
2162.500000	1.487114e-01
2163.500000	1.486478e-01
2164.500000	1.476894e-01
2165.500000	1.445427e-01
2166.500000	1.416122e-01
2167.500000	1.462787e-01
2168.500000	1.463618e-01
2169.500000	1.464960e-01
2170.500000	1.464619e-01
2171.500000	1.464035e-01
2172.500000	1.462658e-01
2173.500000	1.462615e-01
2174.500000	1.450805e-01
2175.500000	1.451259e-01
2176.500000	1.431406e-01
2177.500000	1.447967e-01
2178.500000	1.371710e-01
2179.500000	1.438018e-01
2180.500000	1.446443e-01
2181.500000	1.442116e-01
2182.500000	1.398349e-01
2183.500000	1.436847e-01
2184.500000	1.437022e-01
2185.500000	1.432074e-01
2186.500000	1.430692e-01
2187.500000	1.421449e-01
2188.500000	1.367500e-01
2189.500000	1.421960e-01
2190.500000	1.393770e-01
2191.500000	1.418216e-01
2192.500000	1.419729e-01
2193.500000	1.414138e-01
2194.500000	1.403159e-01
2195.500000	1.408612e-01
2196.500000	1.408011e-01
2197.500000	1.404724e-01
2198.500000	1.400213e-01
2199.500000	1.401206e-01
2200.500000	1.392879e-01
2201.500000	1.387665e-01
2202.500000	1.392371e-01
2203.500000	1.387006e-01
2204.500000	1.381540e-01
2205.500000	1.377965e-01
2206.500000	1.268768e-01
2207.500000	1.364363e-01
2208.500000	1.347355e-01
2209.500000	1.362856e-01
2210.500000	1.373638e-01
2211.500000	1.365960e-01
2212.500000	1.371289e-01
2213.500000	1.370537e-01
2214.500000	1.368350e-01
2215.500000	1.364622e-01
2216.500000	1.361029e-01
2217.500000	1.358919e-01
2218.500000	1.357435e-01
2219.500000	1.358537e-01
2220.500000	1.353492e-01
2221.500000	1.344558e-01
2222.500000	1.351473e-01
2223.500000	1.339430e-01
2224.500000	1.343723e-01
2225.500000	1.343880e-01
2226.500000	1.308045e-01
2227.500000	1.330821e-01
2228.500000	1.318479e-01
2229.500000	1.334426e-01
2230.500000	1.322616e-01
2231.500000	1.323017e-01
2232.500000	1.327410e-01
2233.500000	1.327034e-01
2234.500000	1.322295e-01
2235.500000	1.319824e-01
2236.500000	1.321075e-01
2237.500000	1.318562e-01
2238.500000	1.287011e-01
2239.500000	1.299633e-01
2240.500000	1.307186e-01
2241.500000	1.308406e-01
2242.500000	1.294634e-01
2243.500000	1.304445e-01
2244.500000	1.297565e-01
2245.500000	1.300143e-01
2246.500000	1.297904e-01
2247.500000	1.274015e-01
2248.500000	1.285620e-01
2249.500000	1.290306e-01
2250.500000	1.290655e-01
2251.500000	1.285193e-01
2252.500000	1.284397e-01
2253.500000	1.282880e-01
2254.500000	1.241654e-01
2255.500000	1.275195e-01
2256.500000	1.277590e-01
2257.500000	1.272016e-01
2258.500000	1.273968e-01
2259.500000	1.272751e-01
2260.500000	1.270399e-01
2261.500000	1.252796e-01
2262.500000	1.231563e-01
2263.500000	1.243530e-01
2264.500000	1.262010e-01
2265.500000	1.236574e-01
2266.500000	1.255581e-01
2267.500000	1.253865e-01
2268.500000	1.252678e-01
2269.500000	1.249512e-01
2270.500000	1.246599e-01
2271.500000	1.238873e-01
2272.500000	1.245111e-01
2273.500000	1.243939e-01
2274.500000	1.226122e-01
2275.500000	1.236558e-01
2276.500000	1.232860e-01
2277.500000	1.236436e-01
2278.500000	1.230826e-01
2279.500000	1.228151e-01
2280.500000	1.222534e-01
2281.500000	1.134725e-01
2282.500000	1.207006e-01
2283.500000	1.215910e-01
2284.500000	1.222025e-01
2285.500000	1.216062e-01
2286.500000	1.212277e-01
2287.500000	1.214763e-01
2288.500000	1.213335e-01
2289.500000	1.210534e-01
2290.500000	1.211992e-01
2291.500000	1.205670e-01
2292.500000	1.206118e-01
2293.500000	1.091746e-01
2294.500000	1.109240e-01
2295.500000	1.134185e-01
2296.500000	1.136852e-01
2297.500000	1.134043e-01
2298.500000	1.170387e-01
2299.500000	1.143251e-01
2300.500000	1.167051e-01
2301.500000	1.168644e-01
2302.500000	1.155642e-01
2303.500000	1.160823e-01
2304.500000	1.159031e-01
2305.500000	1.157937e-01
2306.500000	1.161780e-01
2307.500000	1.160434e-01
2308.500000	1.161437e-01
2309.500000	1.166207e-01
2310.500000	1.154181e-01
2311.500000	1.152041e-01
2312.500000	1.150339e-01
2313.500000	1.152410e-01
2314.500000	1.149654e-01
2315.500000	1.141004e-01
2316.500000	1.143054e-01
2317.500000	1.134938e-01
2318.500000	1.149368e-01
2319.500000	1.139865e-01
2320.500000	1.140768e-01
2321.500000	1.150764e-01
2322.500000	1.033422e-01
2323.500000	1.026584e-01
2324.500000	1.064350e-01
2325.500000	1.072127e-01
2326.500000	1.081072e-01
2327.500000	1.106346e-01
2328.500000	1.081120e-01
2329.500000	1.109793e-01
2330.500000	1.094096e-01
2331.500000	1.079041e-01
2332.500000	1.101624e-01
2333.500000	1.093858e-01
2334.500000	1.109770e-01
2335.500000	1.068357e-01
2336.500000	1.098270e-01
2337.500000	1.100727e-01
2338.500000	1.064476e-01
2339.500000	1.092665e-01
2340.500000	1.094148e-01
2341.500000	1.088246e-01
2342.500000	1.099044e-01
2343.500000	1.105526e-01
2344.500000	1.085176e-01
2345.500000	1.084302e-01
2346.500000	1.087007e-01
2347.500000	1.100213e-01
2348.500000	1.077751e-01
2349.500000	1.080347e-01
2350.500000	1.094107e-01
2351.500000	1.077207e-01
2352.500000	9.570991e-02
2353.500000	9.893206e-02
2354.500000	1.006864e-01
2355.500000	1.034522e-01
2356.500000	1.034915e-01
2357.500000	1.018725e-01
2358.500000	1.049965e-01
2359.500000	1.030397e-01
2360.500000	1.050076e-01
2361.500000	1.043457e-01
2362.500000	1.052081e-01
2363.500000	1.036795e-01
2364.500000	1.043062e-01
2365.500000	1.044916e-01
2366.500000	1.040877e-01
2367.500000	1.047343e-01
2368.500000	1.038529e-01
2369.500000	1.051335e-01
2370.500000	1.035725e-01
2371.500000	1.045035e-01
2372.500000	1.032592e-01
2373.500000	1.026687e-01
2374.500000	1.001617e-01
2375.500000	1.024840e-01
2376.500000	1.035447e-01
2377.500000	1.046736e-01
2378.500000	1.030936e-01
2379.500000	1.031209e-01
2380.500000	1.037997e-01
2381.500000	1.025333e-01
2382.500000	1.005317e-01
2383.500000	8.933554e-02
2384.500000	9.498323e-02
2385.500000	9.498944e-02
2386.500000	9.556336e-02
2387.500000	9.906177e-02
2388.500000	9.918719e-02
2389.500000	9.830503e-02
2390.500000	9.995103e-02
2391.500000	9.864649e-02
2392.500000	9.781960e-02
2393.500000	1.000310e-01
2394.500000	9.963378e-02
2395.500000	9.817524e-02
2396.500000	9.957126e-02
2397.500000	9.955348e-02
2398.500000	9.986249e-02
2399.500000	1.003063e-01
2400.500000	9.756945e-02
2401.500000	9.886576e-02
2402.500000	9.888808e-02
2403.500000	1.003325e-01
2404.500000	9.795012e-02
2405.500000	9.772984e-02
2406.500000	1.001527e-01
2407.500000	9.872489e-02
2408.500000	9.764106e-02
2409.500000	9.898005e-02
2410.500000	9.885806e-02
2411.500000	9.716868e-02
2412.500000	9.984190e-02
2413.500000	9.519637e-02
2414.500000	8.645049e-02
2415.500000	9.264962e-02
2416.500000	8.844885e-02
2417.500000	9.542204e-02
2418.500000	9.471969e-02
2419.500000	9.360931e-02
2420.500000	9.424084e-02
2421.500000	9.591149e-02
2422.500000	9.424945e-02
2423.500000	9.356301e-02
2424.500000	9.597232e-02
2425.500000	9.343634e-02
2426.500000	9.511785e-02
2427.500000	9.472025e-02
2428.500000	9.376677e-02
2429.500000	9.540173e-02
2430.500000	9.486619e-02
2431.500000	9.328664e-02
2432.500000	9.571840e-02
2433.500000	9.292772e-02
2434.500000	9.434496e-02
2435.500000	9.353037e-02
2436.500000	9.388546e-02
2437.500000	9.370146e-02
2438.500000	9.320058e-02
2439.500000	9.351176e-02
2440.500000	9.334608e-02
2441.500000	9.283306e-02
2442.500000	9.409156e-02
2443.500000	9.509366e-02
2444.500000	9.048360e-02
2445.500000	9.480180e-02
2446.500000	8.461791e-02
2447.500000	8.620217e-02
2448.500000	9.001073e-02
2449.500000	8.941023e-02
2450.500000	8.858984e-02
2451.500000	8.909242e-02
2452.500000	9.017239e-02
2453.500000	9.005699e-02
2454.500000	9.020761e-02
2455.500000	8.865138e-02
2456.500000	8.908031e-02
2457.500000	8.449553e-02
2458.500000	9.128101e-02
2459.500000	8.898806e-02
2460.500000	9.152435e-02
2461.500000	9.066948e-02
2462.500000	9.006260e-02
2463.500000	9.053861e-02
2464.500000	8.942722e-02
2465.500000	8.920229e-02
2466.500000	9.159933e-02
2467.500000	8.958001e-02
2468.500000	8.916729e-02
2469.500000	8.930231e-02
2470.500000	8.689018e-02
2471.500000	8.845299e-02
2472.500000	8.973618e-02
2473.500000	8.693227e-02
2474.500000	8.981983e-02
2475.500000	8.730460e-02
2476.500000	8.774003e-02
2477.500000	8.992035e-02
2478.500000	8.580592e-02
2479.500000	8.190937e-02
2480.500000	8.376651e-02
2481.500000	8.629761e-02
2482.500000	7.976410e-02
2483.500000	8.498866e-02
2484.500000	8.789020e-02
2485.500000	8.460521e-02
2486.500000	7.952187e-02
2487.500000	8.365868e-02
2488.500000	8.496604e-02
2489.500000	8.537503e-02
2490.500000	8.635705e-02
2491.500000	8.404108e-02
2492.500000	8.569166e-02
2493.500000	8.606761e-02
2494.500000	8.427864e-02
2495.500000	8.619156e-02
2496.500000	8.465725e-02
2497.500000	8.465946e-02
2498.500000	8.548882e-02
2499.500000	8.461673e-02
2500.500000	8.422722e-02
2501.500000	8.430450e-02
2502.500000	8.342643e-02
2503.500000	8.522429e-02
2504.500000	8.366444e-02
2505.500000	8.502325e-02
2506.500000	8.603646e-02
2507.500000	8.207182e-02
2508.500000	8.410401e-02
2509.500000	8.355378e-02
2510.500000	8.418336e-02
2511.500000	8.151191e-02
2512.500000	8.105187e-02
2513.500000	8.216323e-02
2514.500000	8.111094e-02
2515.500000	8.220052e-02
2516.500000	8.278743e-02
2517.500000	8.211520e-02
2518.500000	8.141252e-02
2519.500000	8.126531e-02
2520.500000	8.308931e-02
2521.500000	8.233942e-02
2522.500000	8.360407e-02
2523.500000	8.127063e-02
2524.500000	8.022939e-02
2525.500000	8.114734e-02
2526.500000	8.151383e-02
2527.500000	7.983638e-02
2528.500000	8.222218e-02
2529.500000	8.037227e-02
2530.500000	8.181744e-02
2531.500000	8.126585e-02
2532.500000	8.020590e-02
2533.500000	8.054535e-02
2534.500000	8.233297e-02
2535.500000	8.107722e-02
2536.500000	8.054839e-02
2537.500000	7.903285e-02
2538.500000	8.042863e-02
2539.500000	7.991197e-02
2540.500000	7.922700e-02
2541.500000	7.780532e-02
2542.500000	7.952428e-02
2543.500000	8.095794e-02
2544.500000	7.789772e-02
2545.500000	8.122128e-02
2546.500000	7.681923e-02
2547.500000	7.777312e-02
2548.500000	7.809116e-02
2549.500000	7.964449e-02
2550.500000	7.845380e-02
2551.500000	7.715862e-02
2552.500000	7.618042e-02
2553.500000	7.882788e-02
2554.500000	7.720007e-02
2555.500000	7.744600e-02
2556.500000	7.745846e-02
2557.500000	7.656523e-02
2558.500000	7.838771e-02
2559.500000	7.946090e-02
2560.500000	7.704804e-02
2561.500000	7.855392e-02
2562.500000	7.674660e-02
2563.500000	7.780846e-02
2564.500000	7.576346e-02
2565.500000	7.842637e-02
2566.500000	7.703347e-02
2567.500000	7.603823e-02
2568.500000	7.666440e-02
2569.500000	7.846933e-02
2570.500000	7.559095e-02
2571.500000	7.862568e-02
2572.500000	7.750956e-02
2573.500000	7.688498e-02
2574.500000	7.733153e-02
2575.500000	7.596427e-02
2576.500000	7.664367e-02
2577.500000	7.573244e-02
2578.500000	7.691732e-02
2579.500000	7.768452e-02
2580.500000	7.623972e-02
2581.500000	7.407974e-02
2582.500000	7.594217e-02
2583.500000	7.561487e-02
2584.500000	7.460942e-02
2585.500000	7.421187e-02
2586.500000	7.122935e-02
2587.500000	7.691869e-02
2588.500000	7.514870e-02
2589.500000	7.531884e-02
2590.500000	7.459869e-02
2591.500000	7.618508e-02
2592.500000	7.532822e-02
2593.500000	7.557757e-02
2594.500000	7.378224e-02
2595.500000	7.497367e-02
2596.500000	7.438228e-02
2597.500000	7.572782e-02
2598.500000	7.464989e-02
2599.500000	7.438592e-02
2600.500000	7.409966e-02
2601.500000	7.477822e-02
2602.500000	7.534344e-02
2603.500000	7.378174e-02
2604.500000	7.354686e-02
2605.500000	7.386070e-02
2606.500000	7.389914e-02
2607.500000	7.438144e-02
2608.500000	7.324482e-02
2609.500000	7.315817e-02
2610.500000	7.426125e-02
2611.500000	7.356579e-02
2612.500000	7.311213e-02
2613.500000	7.389871e-02
2614.500000	7.330504e-02
2615.500000	7.417294e-02
2616.500000	7.205103e-02
2617.500000	7.259763e-02
2618.500000	7.271484e-02
2619.500000	7.106730e-02
2620.500000	7.157862e-02
2621.500000	7.250058e-02
2622.500000	6.947711e-02
2623.500000	7.166040e-02
2624.500000	7.051550e-02
2625.500000	6.831961e-02
2626.500000	7.078534e-02
2627.500000	7.166132e-02
2628.500000	7.195584e-02
2629.500000	7.100070e-02
2630.500000	7.119742e-02
2631.500000	7.150643e-02
2632.500000	7.209434e-02
2633.500000	7.089815e-02
2634.500000	7.020601e-02
2635.500000	7.104880e-02
2636.500000	7.129430e-02
2637.500000	7.095001e-02
2638.500000	7.037141e-02
2639.500000	6.539200e-02
2640.500000	6.758884e-02
2641.500000	7.071399e-02
2642.500000	6.816228e-02
2643.500000	7.062638e-02
2644.500000	6.976348e-02
2645.500000	6.998957e-02
2646.500000	6.984091e-02
2647.500000	6.958259e-02
2648.500000	7.024563e-02
2649.500000	6.961733e-02
2650.500000	6.994474e-02
2651.500000	6.763532e-02
2652.500000	6.854339e-02
2653.500000	6.983192e-02
2654.500000	6.581091e-02
2655.500000	6.759500e-02
2656.500000	6.781027e-02
2657.500000	6.892219e-02
2658.500000	6.842655e-02
2659.500000	6.829597e-02
2660.500000	6.814933e-02
2661.500000	6.814598e-02
2662.500000	6.689876e-02
2663.500000	6.793310e-02
2664.500000	6.696001e-02
2665.500000	6.594804e-02
2666.500000	6.621398e-02
2667.500000	6.824631e-02
2668.500000	6.868994e-02
2669.500000	6.704863e-02
2670.500000	6.813589e-02
2671.500000	6.705186e-02
2672.500000	6.777442e-02
2673.500000	6.793594e-02
2674.500000	6.778688e-02
2675.500000	6.536268e-02
2676.500000	6.730234e-02
2677.500000	6.780239e-02
2678.500000	6.741140e-02
2679.500000	6.709077e-02
2680.500000	6.604886e-02
2681.500000	6.662421e-02
2682.500000	6.649943e-02
2683.500000	6.679027e-02
2684.500000	6.718969e-02
2685.500000	6.644872e-02
2686.500000	6.724590e-02
2687.500000	6.631770e-02
2688.500000	6.574161e-02
2689.500000	6.685178e-02
2690.500000	6.553893e-02
2691.500000	6.599991e-02
2692.500000	6.560099e-02
2693.500000	6.607500e-02
2694.500000	6.577212e-02
2695.500000	6.540220e-02
2696.500000	6.436745e-02
2697.500000	6.569938e-02
2698.500000	6.564539e-02
2699.500000	6.514443e-02
2700.500000	6.533632e-02
2701.500000	6.502562e-02
2702.500000	6.459217e-02
2703.500000	6.514993e-02
2704.500000	6.465463e-02
2705.500000	6.468562e-02
2706.500000	6.497789e-02
2707.500000	6.344754e-02
2708.500000	6.473860e-02
2709.500000	6.488867e-02
2710.500000	6.484223e-02
2711.500000	6.377964e-02
2712.500000	6.414451e-02
2713.500000	6.438507e-02
2714.500000	6.455645e-02
2715.500000	6.353684e-02
2716.500000	6.407589e-02
2717.500000	6.292090e-02
2718.500000	6.417613e-02
2719.500000	6.338106e-02
2720.500000	6.380386e-02
2721.500000	6.374298e-02
2722.500000	6.340949e-02
2723.500000	6.357036e-02
2724.500000	6.311593e-02
2725.500000	6.337933e-02
2726.500000	6.304669e-02
2727.500000	6.303754e-02
2728.500000	6.316468e-02
2729.500000	6.236538e-02
2730.500000	6.277128e-02
2731.500000	6.252809e-02
2732.500000	6.281133e-02
2733.500000	6.236412e-02
2734.500000	6.229999e-02
2735.500000	6.265649e-02
2736.500000	6.259449e-02
2737.500000	6.228265e-02
2738.500000	6.180257e-02
2739.500000	6.133653e-02
2740.500000	6.166528e-02
2741.500000	6.221763e-02
2742.500000	6.227233e-02
2743.500000	6.159978e-02
2744.500000	6.139199e-02
2745.500000	6.178253e-02
2746.500000	6.187219e-02
2747.500000	6.150948e-02
2748.500000	6.104280e-02
2749.500000	6.099075e-02
2750.500000	6.157393e-02
2751.500000	6.127885e-02
2752.500000	6.129903e-02
2753.500000	6.138440e-02
2754.500000	6.073877e-02
2755.500000	6.084695e-02
2756.500000	6.027192e-02
2757.500000	6.038952e-02
2758.500000	6.037720e-02
2759.500000	6.063645e-02
2760.500000	6.050794e-02
2761.500000	6.063759e-02
2762.500000	6.005196e-02
2763.500000	6.044471e-02
2764.500000	6.049400e-02
2765.500000	6.004513e-02
2766.500000	5.958740e-02
2767.500000	5.960547e-02
2768.500000	5.992306e-02
2769.500000	5.945117e-02
2770.500000	5.945119e-02
2771.500000	5.946422e-02
2772.500000	5.924901e-02
2773.500000	5.921845e-02
2774.500000	5.939971e-02
2775.500000	5.878969e-02
2776.500000	5.907024e-02
2777.500000	5.892430e-02
2778.500000	5.927982e-02
2779.500000	5.908341e-02
2780.500000	5.914065e-02
2781.500000	5.862817e-02
2782.500000	5.790734e-02
2783.500000	5.870116e-02
2784.500000	5.871851e-02
2785.500000	5.845705e-02
2786.500000	5.842496e-02
2787.500000	5.812564e-02
2788.500000	5.817734e-02
2789.500000	5.828502e-02
2790.500000	5.770535e-02
2791.500000	5.735585e-02
2792.500000	5.788750e-02
2793.500000	5.728912e-02
2794.500000	5.770232e-02
2795.500000	5.783939e-02
2796.500000	5.770761e-02
2797.500000	5.742920e-02
2798.500000	5.734245e-02
2799.500000	5.757453e-02
2800.500000	5.735707e-02
2801.500000	5.702753e-02
2802.500000	5.591613e-02
2803.500000	5.727438e-02
2804.500000	5.628305e-02
2805.500000	5.696381e-02
2806.500000	5.670980e-02
2807.500000	5.666118e-02
2808.500000	5.686757e-02
2809.500000	5.640318e-02
2810.500000	5.672783e-02
2811.500000	5.604251e-02
2812.500000	5.631785e-02
2813.500000	5.632550e-02
2814.500000	5.628712e-02
2815.500000	5.629027e-02
2816.500000	5.616874e-02
2817.500000	5.616704e-02
2818.500000	5.579711e-02
2819.500000	5.554663e-02
2820.500000	5.587505e-02
2821.500000	5.587470e-02
2822.500000	5.579937e-02
2823.500000	5.550034e-02
2824.500000	5.567142e-02
2825.500000	5.532767e-02
2826.500000	5.504038e-02
2827.500000	5.556295e-02
2828.500000	5.500383e-02
2829.500000	5.538757e-02
2830.500000	5.515922e-02
2831.500000	5.531140e-02
2832.500000	5.503084e-02
2833.500000	5.498792e-02
2834.500000	5.500697e-02
2835.500000	5.477392e-02
2836.500000	5.481630e-02
2837.500000	5.481597e-02
2838.500000	5.465096e-02
2839.500000	5.470721e-02
2840.500000	5.395829e-02
2841.500000	5.406939e-02
2842.500000	5.444701e-02
2843.500000	5.421840e-02
2844.500000	5.412296e-02
2845.500000	5.424473e-02
2846.500000	5.410088e-02
2847.500000	5.407774e-02
2848.500000	5.424574e-02
2849.500000	5.370642e-02
2850.500000	5.326064e-02
2851.500000	5.379246e-02
2852.500000	5.367574e-02
2853.500000	5.339692e-02
2854.500000	5.308190e-02
2855.500000	5.298641e-02
2856.500000	5.344518e-02
2857.500000	5.344696e-02
2858.500000	5.346319e-02
2859.500000	5.318343e-02
2860.500000	5.298420e-02
2861.500000	5.290406e-02
2862.500000	5.273646e-02
2863.500000	5.315028e-02
2864.500000	5.296149e-02
2865.500000	5.268535e-02
2866.500000	5.273088e-02
2867.500000	5.278783e-02
2868.500000	5.259474e-02
2869.500000	5.185923e-02
2870.500000	5.180604e-02
2871.500000	5.220707e-02
2872.500000	5.168586e-02
2873.500000	5.185540e-02
2874.500000	5.231423e-02
2875.500000	5.206686e-02
2876.500000	5.222457e-02
2877.500000	5.219838e-02
2878.500000	5.204154e-02
2879.500000	5.194665e-02
2880.500000	5.190273e-02
2881.500000	5.183780e-02
2882.500000	5.178179e-02
2883.500000	5.166744e-02
2884.500000	5.170264e-02
2885.500000	5.044768e-02
2886.500000	5.149968e-02
2887.500000	5.061924e-02
2888.500000	5.114522e-02
2889.500000	5.136419e-02
2890.500000	5.081065e-02
2891.500000	5.121228e-02
2892.500000	5.110409e-02
2893.500000	5.111765e-02
2894.500000	5.087048e-02
2895.500000	5.090000e-02
2896.500000	5.066422e-02
2897.500000	5.069408e-02
2898.500000	5.067389e-02
2899.500000	5.071160e-02
2900.500000	4.973577e-02
2901.500000	4.991344e-02
2902.500000	5.027674e-02
2903.500000	5.027902e-02
2904.500000	5.036040e-02
2905.500000	4.996221e-02
2906.500000	4.990477e-02
2907.500000	5.022512e-02
2908.500000	4.993453e-02
2909.500000	5.000821e-02
2910.500000	4.955669e-02
2911.500000	4.983114e-02
2912.500000	4.985015e-02
2913.500000	4.955493e-02
2914.500000	4.971722e-02
2915.500000	4.957884e-02
2916.500000	4.958719e-02
2917.500000	4.955502e-02
2918.500000	4.947166e-02
2919.500000	4.947554e-02
2920.500000	4.923983e-02
2921.500000	4.926928e-02
2922.500000	4.750137e-02
2923.500000	4.853919e-02
2924.500000	4.888673e-02
2925.500000	4.873464e-02
2926.500000	4.820370e-02
2927.500000	4.892374e-02
2928.500000	4.752575e-02
2929.500000	4.864338e-02
2930.500000	4.867079e-02
2931.500000	4.862188e-02
2932.500000	4.855293e-02
2933.500000	4.831677e-02
2934.500000	4.668722e-02
2935.500000	4.841370e-02
2936.500000	4.820020e-02
2937.500000	4.822074e-02
2938.500000	4.715274e-02
2939.500000	4.812769e-02
2940.500000	4.800294e-02
2941.500000	4.782619e-02
2942.500000	4.801919e-02
2943.500000	4.743153e-02
2944.500000	4.739968e-02
2945.500000	4.743187e-02
2946.500000	4.713602e-02
2947.500000	4.702347e-02
2948.500000	4.757708e-02
2949.500000	4.721576e-02
2950.500000	4.710591e-02
2951.500000	4.740911e-02
2952.500000	4.738826e-02
2953.500000	4.724828e-02
2954.500000	4.690371e-02
2955.500000	4.699913e-02
2956.500000	4.697907e-02
2957.500000	4.678754e-02
2958.500000	4.704821e-02
2959.500000	4.689200e-02
2960.500000	4.541411e-02
2961.500000	4.651272e-02
2962.500000	4.668779e-02
2963.500000	4.659737e-02
2964.500000	4.635657e-02
2965.500000	4.658082e-02
2966.500000	4.652356e-02
2967.500000	4.651536e-02
2968.500000	4.624145e-02
2969.500000	4.540842e-02
2970.500000	4.532833e-02
2971.500000	4.616017e-02
2972.500000	4.603975e-02
2973.500000	4.617186e-02
2974.500000	4.612011e-02
2975.500000	4.596831e-02
2976.500000	4.588211e-02
2977.500000	4.597536e-02
2978.500000	4.576146e-02
2979.500000	4.531797e-02
2980.500000	4.576656e-02
2981.500000	4.563384e-02
2982.500000	4.561848e-02
2983.500000	4.555489e-02
2984.500000	4.554116e-02
2985.500000	4.549389e-02
2986.500000	4.538067e-02
2987.500000	4.512740e-02
2988.500000	4.506272e-02
2989.500000	4.484653e-02
2990.500000	4.502903e-02
2991.500000	4.481650e-02
2992.500000	4.502993e-02
2993.500000	4.492680e-02
2994.500000	4.497793e-02
2995.500000	4.484432e-02
2996.500000	4.441846e-02
2997.500000	4.477484e-02
2998.500000	4.465877e-02
2999.500000	4.395672e-02
3000.500000	4.319572e-02
3001.500000	4.452685e-02
3002.500000	4.448977e-02
3003.500000	4.437775e-02
3004.500000	4.412218e-02
3005.500000	4.434574e-02
3006.500000	4.398686e-02
3007.500000	4.338365e-02
3008.500000	4.326028e-02
3009.500000	4.404553e-02
3010.500000	4.375154e-02
3011.500000	4.403528e-02
3012.500000	4.395509e-02
3013.500000	4.390024e-02
3014.500000	4.379795e-02
3015.500000	4.369755e-02
3016.500000	4.365339e-02
3017.500000	4.363697e-02
3018.500000	4.360104e-02
3019.500000	4.331287e-02
3020.500000	4.289287e-02
3021.500000	4.345929e-02
3022.500000	4.338736e-02
3023.500000	4.332111e-02
3024.500000	4.304194e-02
3025.500000	4.327731e-02
3026.500000	4.267680e-02
3027.500000	4.292957e-02
3028.500000	4.305947e-02
3029.500000	4.306227e-02
3030.500000	4.299924e-02
3031.500000	4.291386e-02
3032.500000	4.279036e-02
3033.500000	4.243671e-02
3034.500000	4.274932e-02
3035.500000	4.271874e-02
3036.500000	4.249096e-02
3037.500000	4.259733e-02
3038.500000	4.236229e-02
3039.500000	4.159764e-02
3040.500000	4.235957e-02
3041.500000	4.077806e-02
3042.500000	4.235014e-02
3043.500000	4.173559e-02
3044.500000	4.225056e-02
3045.500000	4.198659e-02
3046.500000	4.217488e-02
3047.500000	4.201581e-02
3048.500000	4.032387e-02
3049.500000	4.198718e-02
3050.500000	4.192342e-02
3051.500000	4.192114e-02
3052.500000	4.172537e-02
3053.500000	4.169412e-02
3054.500000	4.123123e-02
3055.500000	4.169065e-02
3056.500000	4.162330e-02
3057.500000	4.159143e-02
3058.500000	4.128039e-02
3059.500000	4.148116e-02
3060.500000	4.143262e-02
3061.500000	4.141490e-02
3062.500000	4.136419e-02
3063.500000	4.127247e-02
3064.500000	4.048445e-02
3065.500000	4.055832e-02
3066.500000	4.113545e-02
3067.500000	4.110468e-02
3068.500000	4.067855e-02
3069.500000	4.098255e-02
3070.500000	4.084671e-02
3071.500000	4.086156e-02
3072.500000	4.080515e-02
3073.500000	4.066439e-02
3074.500000	4.064578e-02
3075.500000	4.072112e-02
3076.500000	4.061879e-02
3077.500000	4.060904e-02
3078.500000	4.008690e-02
3079.500000	4.021796e-02
3080.500000	4.022883e-02
3081.500000	4.032673e-02
3082.500000	4.018278e-02
3083.500000	3.997732e-02
3084.500000	3.964077e-02
3085.500000	3.916732e-02
3086.500000	3.973916e-02
3087.500000	3.994167e-02
3088.500000	4.000967e-02
3089.500000	3.994056e-02
3090.500000	3.904334e-02
3091.500000	3.893464e-02
3092.500000	3.981855e-02
3093.500000	3.972541e-02
3094.500000	3.968687e-02
3095.500000	3.966473e-02
3096.500000	3.953787e-02
3097.500000	3.920035e-02
3098.500000	3.944893e-02
3099.500000	3.950843e-02
3100.500000	3.947481e-02
3101.500000	3.942172e-02
3102.500000	3.937534e-02
3103.500000	3.933605e-02
3104.500000	3.924186e-02
3105.500000	3.851242e-02
3106.500000	3.909901e-02
3107.500000	3.909734e-02
3108.500000	3.910351e-02
3109.500000	3.903207e-02
3110.500000	3.900930e-02
3111.500000	3.895264e-02
3112.500000	3.886986e-02
3113.500000	3.872650e-02
3114.500000	3.759377e-02
3115.500000	3.639293e-02
3116.500000	3.791202e-02
3117.500000	3.822872e-02
3118.500000	3.839301e-02
3119.500000	3.839796e-02
3120.500000	3.847005e-02
3121.500000	3.839852e-02
3122.500000	3.829101e-02
3123.500000	3.840706e-02
3124.500000	3.828068e-02
3125.500000	3.820143e-02
3126.500000	3.814247e-02
3127.500000	3.818503e-02
3128.500000	3.794259e-02
3129.500000	3.806715e-02
3130.500000	3.723115e-02
3131.500000	3.716205e-02
3132.500000	3.788930e-02
3133.500000	3.789369e-02
3134.500000	3.782467e-02
3135.500000	3.677174e-02
3136.500000	3.696238e-02
3137.500000	3.769250e-02
3138.500000	3.765340e-02
3139.500000	3.751968e-02
3140.500000	3.751663e-02
3141.500000	3.740726e-02
3142.500000	3.734116e-02
3143.500000	3.747189e-02
3144.500000	3.743024e-02
3145.500000	3.719414e-02
3146.500000	3.735107e-02
3147.500000	3.711899e-02
3148.500000	3.656501e-02
3149.500000	3.719618e-02
3150.500000	3.714526e-02
3151.500000	3.562690e-02
3152.500000	3.700094e-02
3153.500000	3.702929e-02
3154.500000	3.699842e-02
3155.500000	3.690817e-02
3156.500000	3.645092e-02
3157.500000	3.620695e-02
3158.500000	3.679521e-02
3159.500000	3.666982e-02
3160.500000	3.661046e-02
3161.500000	3.666043e-02
3162.500000	3.643249e-02
3163.500000	3.647453e-02
3164.500000	3.636732e-02
3165.500000	3.648884e-02
3166.500000	3.645070e-02
3167.500000	3.615322e-02
3168.500000	3.630921e-02
3169.500000	3.628391e-02
3170.500000	3.572859e-02
3171.500000	3.606745e-02
3172.500000	3.612271e-02
3173.500000	3.610698e-02
3174.500000	3.610990e-02
3175.500000	3.606524e-02
3176.500000	3.584737e-02
3177.500000	3.594182e-02
3178.500000	3.506123e-02
3179.500000	3.509591e-02
3180.500000	3.553151e-02
3181.500000	3.551118e-02
3182.500000	3.478910e-02
3183.500000	3.488265e-02
3184.500000	3.571595e-02
3185.500000	3.567975e-02
3186.500000	3.559798e-02
3187.500000	3.553832e-02
3188.500000	3.540488e-02
3189.500000	3.547515e-02
3190.500000	3.544773e-02
3191.500000	3.539727e-02
3192.500000	3.442756e-02
3193.500000	3.533784e-02
3194.500000	3.528284e-02
3195.500000	3.520154e-02
3196.500000	3.516853e-02
3197.500000	3.515624e-02
3198.500000	3.494233e-02
3199.500000	3.458577e-02
3200.500000	3.449364e-02
3201.500000	3.443425e-02
3202.500000	3.495110e-02
3203.500000	3.482820e-02
3204.500000	3.480816e-02
3205.500000	3.463233e-02
3206.500000	3.464823e-02
3207.500000	3.462699e-02
3208.500000	3.472219e-02
3209.500000	3.465247e-02
3210.500000	3.453363e-02
3211.500000	3.455159e-02
3212.500000	3.455208e-02
3213.500000	3.450754e-02
3214.500000	3.408233e-02
3215.500000	3.437928e-02
3216.500000	3.435485e-02
3217.500000	3.429935e-02
3218.500000	3.430598e-02
3219.500000	3.421693e-02
3220.500000	3.421493e-02
3221.500000	3.396239e-02
3222.500000	3.410917e-02
3223.500000	3.391833e-02
3224.500000	3.403272e-02
3225.500000	3.400292e-02
3226.500000	3.386363e-02
3227.500000	3.389910e-02
3228.500000	3.302442e-02
3229.500000	3.303879e-02
3230.500000	3.378226e-02
3231.500000	3.374194e-02
3232.500000	3.294279e-02
3233.500000	3.257814e-02
3234.500000	3.361421e-02
3235.500000	3.364095e-02
3236.500000	3.334484e-02
3237.500000	3.355784e-02
3238.500000	3.299709e-02
3239.500000	3.302579e-02
3240.500000	3.335186e-02
3241.500000	3.328220e-02
3242.500000	3.296741e-02
3243.500000	3.328479e-02
3244.500000	3.278336e-02
3245.500000	3.271058e-02
3246.500000	3.320214e-02
3247.500000	3.314558e-02
3248.500000	3.312348e-02
3249.500000	3.308849e-02
3250.500000	3.300281e-02
3251.500000	3.286162e-02
3252.500000	3.297278e-02
3253.500000	3.285340e-02
3254.500000	3.283113e-02
3255.500000	3.278016e-02
3256.500000	3.279402e-02
3257.500000	3.278761e-02
3258.500000	3.272181e-02
3259.500000	3.271348e-02
3260.500000	3.268707e-02
3261.500000	3.263718e-02
3262.500000	3.260378e-02
3263.500000	3.253156e-02
3264.500000	3.225485e-02
3265.500000	3.246393e-02
3266.500000	3.240633e-02
3267.500000	3.241779e-02
3268.500000	3.231917e-02
3269.500000	3.233391e-02
3270.500000	3.224295e-02
3271.500000	3.223308e-02
3272.500000	3.220431e-02
3273.500000	3.218866e-02
3274.500000	3.215962e-02
3275.500000	3.210407e-02
3276.500000	3.179839e-02
3277.500000	3.199760e-02
3278.500000	3.200188e-02
3279.500000	3.193494e-02
3280.500000	3.179764e-02
3281.500000	3.109031e-02
3282.500000	3.113036e-02
3283.500000	3.176615e-02
3284.500000	3.096824e-02
3285.500000	3.131678e-02
3286.500000	3.140553e-02
3287.500000	3.073991e-02
3288.500000	3.163967e-02
3289.500000	3.160241e-02
3290.500000	3.155893e-02
3291.500000	3.132709e-02
3292.500000	3.096376e-02
3293.500000	3.094631e-02
3294.500000	3.139221e-02
3295.500000	3.133094e-02
3296.500000	3.107793e-02
3297.500000	3.105292e-02
3298.500000	3.121205e-02
3299.500000	3.121126e-02
3300.500000	3.115673e-02
3301.500000	3.115175e-02
3302.500000	3.113877e-02
3303.500000	3.111174e-02
3304.500000	3.103708e-02
3305.500000	3.089181e-02
3306.500000	3.100486e-02
3307.500000	3.092949e-02
3308.500000	3.090427e-02
3309.500000	3.057937e-02
3310.500000	3.081839e-02
3311.500000	3.076718e-02
3312.500000	3.077548e-02
3313.500000	3.075269e-02
3314.500000	3.064344e-02
3315.500000	3.056473e-02
3316.500000	3.034665e-02
3317.500000	3.050963e-02
3318.500000	3.030161e-02
3319.500000	2.893927e-02
3320.500000	2.787045e-02
3321.500000	3.034988e-02
3322.500000	3.038938e-02
3323.500000	3.032941e-02
3324.500000	3.022764e-02
3325.500000	3.017774e-02
3326.500000	2.996310e-02
3327.500000	3.026677e-02
3328.500000	3.017178e-02
3329.500000	2.994905e-02
3330.500000	3.014109e-02
3331.500000	3.007820e-02
3332.500000	3.006128e-02
3333.500000	3.005318e-02
3334.500000	3.001309e-02
3335.500000	2.984424e-02
3336.500000	2.929068e-02
3337.500000	2.926500e-02
3338.500000	2.934778e-02
3339.500000	2.870940e-02
3340.500000	2.959198e-02
3341.500000	2.908043e-02
3342.500000	2.969185e-02
3343.500000	2.920095e-02
3344.500000	2.912835e-02
3345.500000	2.963752e-02
3346.500000	2.951699e-02
3347.500000	2.959276e-02
3348.500000	2.955023e-02
3349.500000	2.945421e-02
3350.500000	2.946559e-02
3351.500000	2.942079e-02
3352.500000	2.938657e-02
3353.500000	2.914716e-02
3354.500000	2.930562e-02
3355.500000	2.923686e-02
3356.500000	2.910896e-02
3357.500000	2.903857e-02
3358.500000	2.922255e-02
3359.500000	2.919523e-02
3360.500000	2.906851e-02
3361.500000	2.912325e-02
3362.500000	2.909143e-02
3363.500000	2.905784e-02
3364.500000	2.901183e-02
3365.500000	2.859539e-02
3366.500000	2.866455e-02
3367.500000	2.889806e-02
3368.500000	2.885892e-02
3369.500000	2.874310e-02
3370.500000	2.828038e-02
3371.500000	2.877882e-02
3372.500000	2.866585e-02
3373.500000	2.868261e-02
3374.500000	2.865386e-02
3375.500000	2.862832e-02
3376.500000	2.849074e-02
3377.500000	2.842393e-02
3378.500000	2.848670e-02
3379.500000	2.848727e-02
3380.500000	2.847304e-02
3381.500000	2.836389e-02
3382.500000	2.829099e-02
3383.500000	2.834783e-02
3384.500000	2.836343e-02
3385.500000	2.828905e-02
3386.500000	2.832160e-02
3387.500000	2.828483e-02
3388.500000	2.821329e-02
3389.500000	2.820722e-02
3390.500000	2.807781e-02
3391.500000	2.761714e-02
3392.500000	2.746132e-02
3393.500000	2.802145e-02
3394.500000	2.744642e-02
3395.500000	2.788866e-02
3396.500000	2.668694e-02
3397.500000	2.568312e-02
3398.500000	2.719500e-02
3399.500000	2.723181e-02
3400.500000	2.754647e-02
3401.500000	2.738889e-02
3402.500000	2.778614e-02
3403.500000	2.777029e-02
3404.500000	2.773950e-02
3405.500000	2.772594e-02
3406.500000	2.724543e-02
3407.500000	2.758634e-02
3408.500000	2.713527e-02
3409.500000	2.748147e-02
3410.500000	2.749423e-02
3411.500000	2.754521e-02
3412.500000	2.749594e-02
3413.500000	2.715603e-02
3414.500000	2.711701e-02
3415.500000	2.686918e-02
3416.500000	2.682954e-02
3417.500000	2.723884e-02
3418.500000	2.725376e-02
3419.500000	2.722236e-02
3420.500000	2.720031e-02
3421.500000	2.718654e-02
3422.500000	2.710230e-02
3423.500000	2.708170e-02
3424.500000	2.709693e-02
3425.500000	2.708580e-02
3426.500000	2.675655e-02
3427.500000	2.701908e-02
3428.500000	2.697737e-02
3429.500000	2.699938e-02
3430.500000	2.694754e-02
3431.500000	2.690682e-02
3432.500000	2.690631e-02
3433.500000	2.685425e-02
3434.500000	2.680872e-02
3435.500000	2.676573e-02
3436.500000	2.677788e-02
3437.500000	2.671621e-02
3438.500000	2.666203e-02
3439.500000	2.658654e-02
3440.500000	2.654083e-02
3441.500000	2.660538e-02
3442.500000	2.650072e-02
3443.500000	2.657610e-02
3444.500000	2.650738e-02
3445.500000	2.649804e-02
3446.500000	2.644317e-02
3447.500000	2.646179e-02
3448.500000	2.601110e-02
3449.500000	2.596993e-02
3450.500000	2.636953e-02
3451.500000	2.634974e-02
3452.500000	2.583473e-02
3453.500000	2.580199e-02
3454.500000	2.624177e-02
3455.500000	2.578868e-02
3456.500000	2.603452e-02
3457.500000	2.561313e-02
3458.500000	2.535555e-02
3459.500000	2.592773e-02
3460.500000	2.552698e-02
3461.500000	2.606892e-02
3462.500000	2.600999e-02
3463.500000	2.598732e-02
3464.500000	2.573310e-02
3465.500000	2.573034e-02
3466.500000	2.589330e-02
3467.500000	2.586169e-02
3468.500000	2.586263e-02
3469.500000	2.579729e-02
3470.500000	2.580246e-02
3471.500000	2.577348e-02
3472.500000	2.568166e-02
3473.500000	2.553927e-02
3474.500000	2.564965e-02
3475.500000	2.561511e-02
3476.500000	2.562024e-02
3477.500000	2.558653e-02
3478.500000	2.556141e-02
3479.500000	2.554722e-02
3480.500000	2.552969e-02
3481.500000	2.550064e-02
3482.500000	2.545735e-02
3483.500000	2.542239e-02
3484.500000	2.538061e-02
3485.500000	2.530629e-02
3486.500000	2.533842e-02
3487.500000	2.518512e-02
3488.500000	2.527512e-02
3489.500000	2.519199e-02
3490.500000	2.524648e-02
3491.500000	2.516678e-02
3492.500000	2.496738e-02
3493.500000	2.498721e-02
3494.500000	2.503989e-02
3495.500000	2.500712e-02
3496.500000	2.507958e-02
3497.500000	2.506091e-02
3498.500000	2.496633e-02
3499.500000	2.494771e-02
3500.500000	2.490996e-02
3501.500000	2.480013e-02
3502.500000	2.489356e-02
3503.500000	2.488586e-02
3504.500000	2.480591e-02
3505.500000	2.481585e-02
3506.500000	2.479486e-02
3507.500000	2.439156e-02
3508.500000	2.437566e-02
3509.500000	2.450867e-02
3510.500000	2.463109e-02
3511.500000	2.425351e-02
3512.500000	2.409110e-02
3513.500000	2.436374e-02
3514.500000	2.435588e-02
3515.500000	2.437673e-02
3516.500000	2.449074e-02
3517.500000	2.442351e-02
3518.500000	2.423244e-02
3519.500000	2.409843e-02
3520.500000	2.396326e-02
3521.500000	2.391107e-02
3522.500000	2.386029e-02
3523.500000	2.418931e-02
3524.500000	2.382307e-02
3525.500000	2.429598e-02
3526.500000	2.420570e-02
3527.500000	2.420127e-02
3528.500000	2.404213e-02
3529.500000	2.419684e-02
3530.500000	2.412028e-02
3531.500000	2.410647e-02
3532.500000	2.406248e-02
3533.500000	2.407029e-02
3534.500000	2.396760e-02
3535.500000	2.404007e-02
3536.500000	2.388159e-02
3537.500000	2.378463e-02
3538.500000	2.366468e-02
3539.500000	2.381030e-02
3540.500000	2.372505e-02
3541.500000	2.365072e-02
3542.500000	2.374473e-02
3543.500000	2.363316e-02
3544.500000	2.368964e-02
3545.500000	2.364911e-02
3546.500000	2.374073e-02
3547.500000	2.365676e-02
3548.500000	2.352896e-02
3549.500000	2.363641e-02
3550.500000	2.366828e-02
3551.500000	2.364807e-02
3552.500000	2.360581e-02
3553.500000	2.353314e-02
3554.500000	2.356158e-02
3555.500000	2.333302e-02
3556.500000	2.345900e-02
3557.500000	2.349031e-02
3558.500000	2.346286e-02
3559.500000	2.344176e-02
3560.500000	2.304067e-02
3561.500000	2.339115e-02
3562.500000	2.336322e-02
3563.500000	2.334047e-02
3564.500000	2.332634e-02
3565.500000	2.330131e-02
3566.500000	2.321109e-02
3567.500000	2.320287e-02
3568.500000	2.322435e-02
3569.500000	2.311713e-02
3570.500000	2.240585e-02
3571.500000	2.253582e-02
3572.500000	2.296473e-02
3573.500000	2.271366e-02
3574.500000	2.267825e-02
3575.500000	2.280268e-02
3576.500000	2.294906e-02
3577.500000	2.279675e-02
3578.500000	2.282623e-02
3579.500000	2.282116e-02
3580.500000	2.268442e-02
3581.500000	2.286787e-02
3582.500000	2.288120e-02
3583.500000	2.277614e-02
3584.500000	2.278954e-02
3585.500000	2.269825e-02
3586.500000	2.276038e-02
3587.500000	2.231526e-02
3588.500000	2.271621e-02
3589.500000	2.179914e-02
3590.500000	2.268519e-02
3591.500000	2.210570e-02
3592.500000	2.259666e-02
3593.500000	2.261309e-02
3594.500000	2.258664e-02
3595.500000	2.256343e-02
3596.500000	2.225035e-02
3597.500000	2.248007e-02
3598.500000	2.250092e-02
3599.500000	2.241076e-02
3600.500000	2.238358e-02
3601.500000	2.239318e-02
3602.500000	2.232176e-02
3603.500000	2.235176e-02
3604.500000	2.235038e-02
3605.500000	2.228535e-02
3606.500000	2.229237e-02
3607.500000	2.227841e-02
3608.500000	2.223788e-02
3609.500000	2.223395e-02
3610.500000	2.220363e-02
3611.500000	2.218518e-02
3612.500000	2.214299e-02
3613.500000	2.212923e-02
3614.500000	2.210752e-02
3615.500000	2.205862e-02
3616.500000	2.203444e-02
3617.500000	2.203070e-02
3618.500000	2.201952e-02
3619.500000	2.199212e-02
3620.500000	2.196772e-02
3621.500000	2.195536e-02
3622.500000	2.189897e-02
3623.500000	2.188924e-02
3624.500000	2.183802e-02
3625.500000	2.177668e-02
3626.500000	2.180272e-02
3627.500000	2.181879e-02
3628.500000	2.174904e-02
3629.500000	2.174856e-02
3630.500000	2.143582e-02
3631.500000	2.153772e-02
3632.500000	2.150057e-02
3633.500000	2.164278e-02
3634.500000	2.166221e-02
3635.500000	2.109546e-02
3636.500000	2.153240e-02
3637.500000	2.109545e-02
3638.500000	2.123273e-02
3639.500000	2.152408e-02
3640.500000	2.115155e-02
3641.500000	2.148411e-02
3642.500000	2.146764e-02
3643.500000	2.145664e-02
3644.500000	2.114942e-02
3645.500000	2.132816e-02
3646.500000	2.134670e-02
3647.500000	2.120552e-02
3648.500000	2.125122e-02
3649.500000	2.129945e-02
3650.500000	2.126900e-02
3651.500000	2.123223e-02
3652.500000	2.113661e-02
3653.500000	2.064592e-02
3654.500000	2.103919e-02
3655.500000	2.099740e-02
3656.500000	2.114839e-02
3657.500000	2.109826e-02
3658.500000	2.056822e-02
3659.500000	2.103862e-02
3660.500000	2.044622e-02
3661.500000	2.094686e-02
3662.500000	2.059004e-02
3663.500000	2.095596e-02
3664.500000	2.098636e-02
3665.500000	2.095322e-02
3666.500000	2.093144e-02
3667.500000	2.072882e-02
3668.500000	2.088108e-02
3669.500000	2.085657e-02
3670.500000	2.073880e-02
3671.500000	2.065984e-02
3672.500000	2.080549e-02
3673.500000	2.078902e-02
3674.500000	2.076383e-02
3675.500000	2.073204e-02
3676.500000	2.068056e-02
3677.500000	2.019066e-02
3678.500000	1.993587e-02
3679.500000	2.033101e-02
3680.500000	2.060042e-02
3681.500000	2.045131e-02
3682.500000	1.917485e-02
3683.500000	2.046942e-02
3684.500000	2.052718e-02
3685.500000	2.050970e-02
3686.500000	2.050920e-02
3687.500000	2.049310e-02
3688.500000	2.046989e-02
3689.500000	2.035551e-02
3690.500000	2.038386e-02
3691.500000	2.040457e-02
3692.500000	2.033680e-02
3693.500000	2.028047e-02
3694.500000	2.024956e-02
3695.500000	2.006503e-02
3696.500000	2.014023e-02
3697.500000	2.026361e-02
3698.500000	1.988109e-02
3699.500000	1.996256e-02
3700.500000	2.006911e-02
3701.500000	2.016160e-02
3702.500000	2.015575e-02
3703.500000	2.008129e-02
3704.500000	1.984633e-02
3705.500000	2.006002e-02
3706.500000	1.973232e-02
3707.500000	1.968399e-02
3708.500000	1.990519e-02
3709.500000	1.948270e-02
3710.500000	1.999583e-02
3711.500000	1.999840e-02
3712.500000	1.990285e-02
3713.500000	1.993312e-02
3714.500000	1.987812e-02
3715.500000	1.990691e-02
3716.500000	1.989758e-02
3717.500000	1.985078e-02
3718.500000	1.986050e-02
3719.500000	1.981224e-02
3720.500000	1.978938e-02
3721.500000	1.978085e-02
3722.500000	1.969553e-02
3723.500000	1.973533e-02
3724.500000	1.972217e-02
3725.500000	1.965703e-02
3726.500000	1.961545e-02
3727.500000	1.962303e-02
3728.500000	1.963109e-02
3729.500000	1.957480e-02
3730.500000	1.957888e-02
3731.500000	1.951670e-02
3732.500000	1.920509e-02
3733.500000	1.948625e-02
3734.500000	1.881958e-02
3735.500000	1.921719e-02
3736.500000	1.937846e-02
3737.500000	1.907733e-02
3738.500000	1.938063e-02
3739.500000	1.937354e-02
3740.500000	1.914048e-02
3741.500000	1.929718e-02
3742.500000	1.933965e-02
3743.500000	1.934372e-02
3744.500000	1.921405e-02
3745.500000	1.883897e-02
3746.500000	1.923689e-02
3747.500000	1.924066e-02
3748.500000	1.923353e-02
3749.500000	1.919723e-02
3750.500000	1.917571e-02
3751.500000	1.915247e-02
3752.500000	1.905410e-02
3753.500000	1.862457e-02
3754.500000	1.905373e-02
3755.500000	1.906903e-02
3756.500000	1.903427e-02
3757.500000	1.897874e-02
3758.500000	1.902190e-02
3759.500000	1.902349e-02
3760.500000	1.901367e-02
3761.500000	1.896383e-02
3762.500000	1.883116e-02
3763.500000	1.882167e-02
3764.500000	1.893688e-02
3765.500000	1.889621e-02
3766.500000	1.876270e-02
3767.500000	1.867003e-02
3768.500000	1.877420e-02
3769.500000	1.878824e-02
3770.500000	1.880563e-02
3771.500000	1.880140e-02
3772.500000	1.878254e-02
3773.500000	1.873501e-02
3774.500000	1.868007e-02
3775.500000	1.866281e-02
3776.500000	1.854020e-02
3777.500000	1.861579e-02
3778.500000	1.841876e-02
3779.500000	1.837641e-02
3780.500000	1.862212e-02
3781.500000	1.832032e-02
3782.500000	1.851030e-02
3783.500000	1.850718e-02
3784.500000	1.854791e-02
3785.500000	1.853308e-02
3786.500000	1.850159e-02
3787.500000	1.850996e-02
3788.500000	1.848823e-02
3789.500000	1.844695e-02
3790.500000	1.843558e-02
3791.500000	1.844201e-02
3792.500000	1.841688e-02
3793.500000	1.837976e-02
3794.500000	1.838404e-02
3795.500000	1.833827e-02
3796.500000	1.833591e-02
3797.500000	1.832698e-02
3798.500000	1.828449e-02
3799.500000	1.826933e-02
3800.500000	1.826045e-02
3801.500000	1.823711e-02
3802.500000	1.820081e-02
3803.500000	1.821472e-02
3804.500000	1.819722e-02
3805.500000	1.816247e-02
3806.500000	1.816552e-02
3807.500000	1.811639e-02
3808.500000	1.806556e-02
3809.500000	1.810343e-02
3810.500000	1.782483e-02
3811.500000	1.802339e-02
3812.500000	1.771751e-02
3813.500000	1.774016e-02
3814.500000	1.800292e-02
3815.500000	1.764394e-02
3816.500000	1.785244e-02
3817.500000	1.767796e-02
3818.500000	1.767695e-02
3819.500000	1.781571e-02
3820.500000	1.775141e-02
3821.500000	1.779168e-02
3822.500000	1.785581e-02
3823.500000	1.782874e-02
3824.500000	1.783425e-02
3825.500000	1.781739e-02
3826.500000	1.778562e-02
3827.500000	1.779300e-02
3828.500000	1.776852e-02
3829.500000	1.774676e-02
3830.500000	1.773431e-02
3831.500000	1.765893e-02
3832.500000	1.765647e-02
3833.500000	1.754840e-02
3834.500000	1.742159e-02
3835.500000	1.754103e-02
3836.500000	1.739231e-02
3837.500000	1.761134e-02
3838.500000	1.742310e-02
3839.500000	1.748122e-02
3840.500000	1.751607e-02
3841.500000	1.750200e-02
3842.500000	1.749748e-02
3843.500000	1.749675e-02
3844.500000	1.744795e-02
3845.500000	1.747002e-02
3846.500000	1.745856e-02
3847.500000	1.740497e-02
3848.500000	1.741667e-02
3849.500000	1.730877e-02
3850.500000	1.736317e-02
3851.500000	1.736921e-02
3852.500000	1.732182e-02
3853.500000	1.708587e-02
3854.500000	1.729012e-02
3855.500000	1.684958e-02
3856.500000	1.727978e-02
3857.500000	1.720705e-02
3858.500000	1.700753e-02
3859.500000	1.715965e-02
3860.500000	1.720304e-02
3861.500000	1.719818e-02
3862.500000	1.715403e-02
3863.500000	1.660507e-02
3864.500000	1.712836e-02
3865.500000	1.708523e-02
3866.500000	1.707026e-02
3867.500000	1.698155e-02
3868.500000	1.698296e-02
3869.500000	1.705515e-02
3870.500000	1.700999e-02
3871.500000	1.697645e-02
3872.500000	1.655975e-02
3873.500000	1.694748e-02
3874.500000	1.694558e-02
3875.500000	1.695912e-02
3876.500000	1.692543e-02
3877.500000	1.689919e-02
3878.500000	1.689503e-02
3879.500000	1.686882e-02
3880.500000	1.684693e-02
3881.500000	1.682302e-02
3882.500000	1.681072e-02
3883.500000	1.678857e-02
3884.500000	1.673711e-02
3885.500000	1.642370e-02
3886.500000	1.667294e-02
3887.500000	1.674807e-02
3888.500000	1.671459e-02
3889.500000	1.671047e-02
3890.500000	1.667717e-02
3891.500000	1.668758e-02
3892.500000	1.666429e-02
3893.500000	1.639882e-02
3894.500000	1.636276e-02
3895.500000	1.636382e-02
3896.500000	1.657313e-02
3897.500000	1.627525e-02
3898.500000	1.648042e-02
3899.500000	1.655757e-02
3900.500000	1.652941e-02
3901.500000	1.649921e-02
3902.500000	1.651370e-02
3903.500000	1.642660e-02
3904.500000	1.640087e-02
3905.500000	1.645958e-02
3906.500000	1.643628e-02
3907.500000	1.629536e-02
3908.500000	1.635246e-02
3909.500000	1.621307e-02
3910.500000	1.622917e-02
3911.500000	1.634500e-02
3912.500000	1.629618e-02
3913.500000	1.625523e-02
3914.500000	1.632061e-02
3915.500000	1.629790e-02
3916.500000	1.629398e-02
3917.500000	1.622488e-02
3918.500000	1.625759e-02
3919.500000	1.619776e-02
3920.500000	1.616138e-02
3921.500000	1.621162e-02
3922.500000	1.617869e-02
3923.500000	1.615042e-02
3924.500000	1.615697e-02
3925.500000	1.612303e-02
3926.500000	1.612335e-02
3927.500000	1.611013e-02
3928.500000	1.609115e-02
3929.500000	1.607875e-02
3930.500000	1.603246e-02
3931.500000	1.603244e-02
3932.500000	1.598729e-02
3933.500000	1.582234e-02
3934.500000	1.592302e-02
3935.500000	1.562112e-02
3936.500000	1.598053e-02
3937.500000	1.594703e-02
3938.500000	1.574668e-02
3939.500000	1.592846e-02
3940.500000	1.591268e-02
3941.500000	1.589358e-02
3942.500000	1.588812e-02
3943.500000	1.586698e-02
3944.500000	1.582009e-02
3945.500000	1.578862e-02
3946.500000	1.580215e-02
3947.500000	1.580082e-02
3948.500000	1.577121e-02
3949.500000	1.565210e-02
3950.500000	1.572807e-02
3951.500000	1.568144e-02
3952.500000	1.560616e-02
3953.500000	1.571409e-02
3954.500000	1.552952e-02
3955.500000	1.564796e-02
3956.500000	1.555671e-02
3957.500000	1.553428e-02
3958.500000	1.556089e-02
3959.500000	1.542046e-02
3960.500000	1.560073e-02
3961.500000	1.557727e-02
3962.500000	1.553155e-02
3963.500000	1.557193e-02
3964.500000	1.553905e-02
3965.500000	1.547631e-02
3966.500000	1.552324e-02
3967.500000	1.551180e-02
3968.500000	1.549732e-02
3969.500000	1.546843e-02
3970.500000	1.546229e-02
3971.500000	1.545434e-02
3972.500000	1.543697e-02
3973.500000	1.541215e-02
3974.500000	1.539241e-02
3975.500000	1.537709e-02
3976.500000	1.531829e-02
3977.500000	1.526741e-02
3978.500000	1.534750e-02
3979.500000	1.513234e-02
3980.500000	1.524974e-02
3981.500000	1.509188e-02
3982.500000	1.506988e-02
3983.500000	1.527376e-02
3984.500000	1.504499e-02
3985.500000	1.478459e-02
3986.500000	1.506747e-02
3987.500000	1.518213e-02
3988.500000	1.502494e-02
3989.500000	1.512432e-02
3990.500000	1.511991e-02
3991.500000	1.483261e-02
3992.500000	1.513046e-02
3993.500000	1.512105e-02
3994.500000	1.509978e-02
3995.500000	1.493810e-02
3996.500000	1.507189e-02
3997.500000	1.504370e-02
3998.500000	1.500358e-02
3999.500000	1.485925e-02
4000.500000	1.497282e-02
4001.500000	1.497215e-02
4002.500000	1.498881e-02
4003.500000	1.492039e-02
4004.500000	1.496709e-02
4005.500000	1.494507e-02
4006.500000	1.494183e-02
4007.500000	1.491957e-02
4008.500000	1.491034e-02
4009.500000	1.489376e-02
4010.500000	1.486402e-02
4011.500000	1.485988e-02
4012.500000	1.480154e-02
4013.500000	1.484242e-02
4014.500000	1.474867e-02
4015.500000	1.476247e-02
4016.500000	1.470957e-02
4017.500000	1.456722e-02
4018.500000	1.462246e-02
4019.500000	1.471811e-02
4020.500000	1.443847e-02
4021.500000	1.469996e-02
4022.500000	1.469767e-02
4023.500000	1.454207e-02
4024.500000	1.467152e-02
4025.500000	1.466950e-02
4026.500000	1.460368e-02
4027.500000	1.464332e-02
4028.500000	1.462384e-02
4029.500000	1.461841e-02
4030.500000	1.458299e-02
4031.500000	1.456388e-02
4032.500000	1.455261e-02
4033.500000	1.446841e-02
4034.500000	1.454393e-02
4035.500000	1.453789e-02
4036.500000	1.452266e-02
4037.500000	1.450198e-02
4038.500000	1.449495e-02
4039.500000	1.446753e-02
4040.500000	1.445264e-02
4041.500000	1.444374e-02
4042.500000	1.442919e-02
4043.500000	1.436784e-02
4044.500000	1.377130e-02
4045.500000	1.437348e-02
4046.500000	1.436227e-02
4047.500000	1.435318e-02
4048.500000	1.433352e-02
4049.500000	1.429563e-02
4050.500000	1.426044e-02
4051.500000	1.410489e-02
4052.500000	1.378593e-02
4053.500000	1.409501e-02
4054.500000	1.408620e-02
4055.500000	1.422714e-02
4056.500000	1.423010e-02
4057.500000	1.418603e-02
4058.500000	1.420707e-02
4059.500000	1.415822e-02
4060.500000	1.419588e-02
4061.500000	1.417372e-02
4062.500000	1.415022e-02
4063.500000	1.412994e-02
4064.500000	1.392786e-02
4065.500000	1.379260e-02
4066.500000	1.402328e-02
4067.500000	1.406741e-02
4068.500000	1.395064e-02
4069.500000	1.394449e-02
4070.500000	1.374501e-02
4071.500000	1.346775e-02
4072.500000	1.361805e-02
4073.500000	1.356836e-02
4074.500000	1.373764e-02
4075.500000	1.375142e-02
4076.500000	1.369126e-02
4077.500000	1.387640e-02
4078.500000	1.392731e-02
4079.500000	1.392808e-02
4080.500000	1.392155e-02
4081.500000	1.387182e-02
4082.500000	1.390154e-02
4083.500000	1.386694e-02
4084.500000	1.386969e-02
4085.500000	1.385884e-02
4086.500000	1.383934e-02
4087.500000	1.382648e-02
4088.500000	1.357579e-02
4089.500000	1.380089e-02
4090.500000	1.379526e-02
4091.500000	1.378862e-02
4092.500000	1.377392e-02
4093.500000	1.371459e-02
4094.500000	1.371568e-02
4095.500000	1.373394e-02
4096.500000	1.372303e-02
4097.500000	1.369789e-02
4098.500000	1.368257e-02
4099.500000	1.363152e-02
4100.500000	1.366225e-02
4101.500000	1.364199e-02
4102.500000	1.363584e-02
4103.500000	1.362906e-02
4104.500000	1.362190e-02
4105.500000	1.360061e-02
4106.500000	1.359146e-02
4107.500000	1.345943e-02
4108.500000	1.353726e-02
4109.500000	1.333040e-02
4110.500000	1.327958e-02
4111.500000	1.336439e-02
4112.500000	1.338015e-02
4113.500000	1.349445e-02
4114.500000	1.339103e-02
4115.500000	1.346339e-02
4116.500000	1.346772e-02
4117.500000	1.340976e-02
4118.500000	1.343674e-02
4119.500000	1.343294e-02
4120.500000	1.338277e-02
4121.500000	1.340945e-02
4122.500000	1.339797e-02
4123.500000	1.338163e-02
4124.500000	1.337034e-02
4125.500000	1.335620e-02
4126.500000	1.334768e-02
4127.500000	1.329795e-02
4128.500000	1.332246e-02
4129.500000	1.330784e-02
4130.500000	1.329475e-02
4131.500000	1.328058e-02
4132.500000	1.326780e-02
4133.500000	1.315578e-02
4134.500000	1.319695e-02
4135.500000	1.323647e-02
4136.500000	1.318087e-02
4137.500000	1.304765e-02
4138.500000	1.318491e-02
4139.500000	1.316386e-02
4140.500000	1.305528e-02
4141.500000	1.315499e-02
4142.500000	1.312381e-02
4143.500000	1.298967e-02
4144.500000	1.310438e-02
4145.500000	1.310798e-02
4146.500000	1.309392e-02
4147.500000	1.308218e-02
4148.500000	1.303042e-02
4149.500000	1.297121e-02
4150.500000	1.295841e-02
4151.500000	1.295000e-02
4152.500000	1.301090e-02
4153.500000	1.301418e-02
4154.500000	1.300537e-02
4155.500000	1.298581e-02
4156.500000	1.291198e-02
4157.500000	1.296910e-02
4158.500000	1.279638e-02
4159.500000	1.293974e-02
4160.500000	1.292744e-02
4161.500000	1.284494e-02
4162.500000	1.290822e-02
4163.500000	1.288377e-02
4164.500000	1.285717e-02
4165.500000	1.284734e-02
4166.500000	1.283452e-02
4167.500000	1.271644e-02
4168.500000	1.266062e-02
4169.500000	1.279500e-02
4170.500000	1.268013e-02
4171.500000	1.272945e-02
4172.500000	1.262370e-02
4173.500000	1.273589e-02
4174.500000	1.275427e-02
4175.500000	1.271414e-02
4176.500000	1.269289e-02
4177.500000	1.269250e-02
4178.500000	1.263293e-02
4179.500000	1.268381e-02
4180.500000	1.264627e-02
4181.500000	1.261664e-02
4182.500000	1.263386e-02
4183.500000	1.259194e-02
4184.500000	1.223805e-02
4185.500000	1.262568e-02
4186.500000	1.260051e-02
4187.500000	1.261552e-02
4188.500000	1.260351e-02
4189.500000	1.253144e-02
4190.500000	1.256146e-02
4191.500000	1.247079e-02
4192.500000	1.208659e-02
4193.500000	1.253552e-02
4194.500000	1.251200e-02
4195.500000	1.251470e-02
4196.500000	1.249309e-02
4197.500000	1.249112e-02
4198.500000	1.246609e-02
4199.500000	1.246013e-02
4200.500000	1.237033e-02
4201.500000	1.156298e-02
4202.500000	1.229820e-02
4203.500000	1.237468e-02
4204.500000	1.226106e-02
4205.500000	1.201635e-02
4206.500000	1.196749e-02
4207.500000	1.234933e-02
4208.500000	1.200548e-02
4209.500000	1.233436e-02
4210.500000	1.235065e-02
4211.500000	1.231396e-02
4212.500000	1.230196e-02
4213.500000	1.232024e-02
4214.500000	1.229629e-02
4215.500000	1.229779e-02
4216.500000	1.227191e-02
4217.500000	1.226033e-02
4218.500000	1.224329e-02
4219.500000	1.221317e-02
4220.500000	1.222454e-02
4221.500000	1.223028e-02
4222.500000	1.217111e-02
4223.500000	1.217263e-02
4224.500000	1.217818e-02
4225.500000	1.215174e-02
4226.500000	1.217633e-02
4227.500000	1.216320e-02
4228.500000	1.213747e-02
4229.500000	1.213495e-02
4230.500000	1.210135e-02
4231.500000	1.211295e-02
4232.500000	1.210115e-02
4233.500000	1.210033e-02
4234.500000	1.207968e-02
4235.500000	1.207037e-02
4236.500000	1.206539e-02
4237.500000	1.205310e-02
4238.500000	1.204007e-02
4239.500000	1.203563e-02
4240.500000	1.201953e-02
4241.500000	1.200913e-02
4242.500000	1.199995e-02
4243.500000	1.192662e-02
4244.500000	1.194598e-02
4245.500000	1.196197e-02
4246.500000	1.181846e-02
4247.500000	1.193732e-02
4248.500000	1.186815e-02
4249.500000	1.189809e-02
4250.500000	1.177801e-02
4251.500000	1.181761e-02
4252.500000	1.186027e-02
4253.500000	1.180541e-02
4254.500000	1.186042e-02
4255.500000	1.186129e-02
4256.500000	1.184868e-02
4257.500000	1.183796e-02
4258.500000	1.181524e-02
4259.500000	1.180875e-02
4260.500000	1.178235e-02
4261.500000	1.179557e-02
4262.500000	1.178668e-02
4263.500000	1.177609e-02
4264.500000	1.176284e-02
4265.500000	1.175163e-02
4266.500000	1.172459e-02
4267.500000	1.173394e-02
4268.500000	1.163314e-02
4269.500000	1.161859e-02
4270.500000	1.170184e-02
4271.500000	1.162324e-02
4272.500000	1.165223e-02
4273.500000	1.159661e-02
4274.500000	1.163175e-02
4275.500000	1.165101e-02
4276.500000	1.164031e-02
4277.500000	1.162820e-02
4278.500000	1.160398e-02
4279.500000	1.160041e-02
4280.500000	1.156983e-02
4281.500000	1.158159e-02
4282.500000	1.154351e-02
4283.500000	1.151310e-02
4284.500000	1.154047e-02
4285.500000	1.154776e-02
4286.500000	1.153593e-02
4287.500000	1.150925e-02
4288.500000	1.151515e-02
4289.500000	1.150350e-02
4290.500000	1.149343e-02
4291.500000	1.145949e-02
4292.500000	1.146684e-02
4293.500000	1.144437e-02
4294.500000	1.091084e-02
4295.500000	9.823947e-03
4296.500000	1.044178e-02
4297.500000	1.065471e-02
4298.500000	1.088178e-02
4299.500000	1.082397e-02
4300.500000	1.079546e-02
4301.500000	1.082532e-02
4302.500000	1.086383e-02
4303.500000	1.080974e-02
4304.500000	1.091794e-02
4305.500000	1.075273e-02
4306.500000	1.116254e-02
4307.500000	1.088952e-02
4308.500000	1.076989e-02
4309.500000	1.116180e-02
4310.500000	1.082553e-02
4311.500000	1.105578e-02
4312.500000	1.080690e-02
4313.500000	1.072794e-02
4314.500000	1.120185e-02
4315.500000	1.069534e-02
4316.500000	1.119266e-02
4317.500000	1.066816e-02
4318.500000	1.120228e-02
4319.500000	1.064609e-02
4320.500000	1.117790e-02
4321.500000	1.051210e-02
4322.500000	1.114206e-02
4323.500000	1.096628e-02
4324.500000	1.076119e-02
4325.500000	1.112743e-02
4326.500000	1.054251e-02
4327.500000	1.110366e-02
4328.500000	1.053670e-02
4329.500000	1.108898e-02
4330.500000	1.105910e-02
4331.500000	1.049927e-02
4332.500000	1.096798e-02
4333.500000	1.050008e-02
4334.500000	1.095889e-02
4335.500000	1.101843e-02
4336.500000	1.046198e-02
4337.500000	1.099671e-02
4338.500000	1.085060e-02
4339.500000	1.051211e-02
4340.500000	1.094265e-02
4341.500000	1.039440e-02
4342.500000	1.091992e-02
4343.500000	1.094343e-02
4344.500000	1.033005e-02
4345.500000	1.082009e-02
4346.500000	1.090160e-02
4347.500000	1.026009e-02
4348.500000	1.073260e-02
4349.500000	1.088223e-02
4350.500000	9.435601e-03
4351.500000	9.825649e-03
4352.500000	1.011713e-02
4353.500000	9.804685e-03
4354.500000	1.004078e-02
4355.500000	1.036431e-02
4356.500000	1.042878e-02
4357.500000	1.011852e-02
4358.500000	1.046784e-02
4359.500000	1.038406e-02
4360.500000	9.740563e-03
4361.500000	1.062394e-02
4362.500000	1.043131e-02
4363.500000	9.503996e-03
4364.500000	1.059379e-02
4365.500000	1.027837e-02
4366.500000	1.029967e-02
4367.500000	9.981087e-03
4368.500000	1.021134e-02
4369.500000	1.070286e-02
4370.500000	9.680097e-03
4371.500000	1.053145e-02
4372.500000	1.016760e-02
4373.500000	1.066034e-02
4374.500000	9.529667e-03
4375.500000	1.051397e-02
4376.500000	1.008974e-02
4377.500000	1.056197e-02
4378.500000	9.502862e-03
4379.500000	1.048146e-02
4380.500000	1.012495e-02
4381.500000	1.046365e-02
4382.500000	9.885988e-03
4383.500000	1.008042e-02
4384.500000	1.053256e-02
4385.500000	9.947893e-03
4386.500000	9.938011e-03
4387.500000	1.048611e-02
4388.500000	1.001540e-02
4389.500000	1.039761e-02
4390.500000	9.352977e-03
4391.500000	1.040807e-02
4392.500000	1.040234e-02
4393.500000	9.856983e-03
4394.500000	9.761787e-03
4395.500000	1.037411e-02
4396.500000	9.871348e-03
4397.500000	1.038938e-02
4398.500000	9.654681e-03
4399.500000	9.750167e-03
4400.500000	1.039834e-02
4401.500000	1.030090e-02
4402.500000	9.048373e-03
4403.500000	1.021917e-02
4404.500000	1.030442e-02
4405.500000	9.747631e-03
4406.500000	1.004072e-02
4407.500000	8.496845e-03
4408.500000	9.041907e-03
4409.500000	9.642532e-03
4410.500000	9.681131e-03
4411.500000	8.716790e-03
4412.500000	9.790218e-03
4413.500000	9.877067e-03
4414.500000	9.513452e-03
4415.500000	9.388450e-03
4416.500000	9.455521e-03
4417.500000	9.937732e-03
4418.500000	9.337597e-03
4419.500000	9.872607e-03
4420.500000	9.144254e-03
4421.500000	9.220059e-03
4422.500000	9.609028e-03
4423.500000	1.012950e-02
4424.500000	9.716558e-03
4425.500000	8.912940e-03
4426.500000	9.799917e-03
4427.500000	9.968291e-03
4428.500000	9.780936e-03
4429.500000	9.284264e-03
4430.500000	9.225321e-03
4431.500000	1.005036e-02
4432.500000	9.261784e-03
4433.500000	9.806258e-03
4434.500000	9.491339e-03
4435.500000	9.451192e-03
4436.500000	9.076624e-03
4437.500000	9.936620e-03
4438.500000	9.723688e-03
4439.500000	9.759410e-03
4440.500000	8.727555e-03
4441.500000	9.533205e-03
4442.500000	1.005387e-02
4443.500000	9.533728e-03
4444.500000	9.235990e-03
4445.500000	9.300177e-03
4446.500000	9.513387e-03
4447.500000	9.848135e-03
4448.500000	9.501921e-03
4449.500000	9.074283e-03
4450.500000	9.164729e-03
4451.500000	9.831830e-03
4452.500000	9.331631e-03
4453.500000	9.223910e-03
4454.500000	9.573524e-03
4455.500000	8.916364e-03
4456.500000	9.795406e-03
4457.500000	8.853279e-03
4458.500000	9.683756e-03
4459.500000	9.723758e-03
4460.500000	9.227833e-03
4461.500000	8.841809e-03
4462.500000	9.575780e-03
4463.500000	9.786878e-03
4464.500000	9.278420e-03
4465.500000	8.752618e-03
4466.500000	8.189148e-03
4467.500000	8.694474e-03
4468.500000	9.357425e-03
4469.500000	9.330308e-03
4470.500000	8.673926e-03
4471.500000	8.499299e-03
4472.500000	9.325786e-03
4473.500000	9.391286e-03
4474.500000	9.112546e-03
4475.500000	8.731237e-03
4476.500000	9.352707e-03
4477.500000	8.375187e-03
4478.500000	9.323056e-03
4479.500000	9.290589e-03
4480.500000	8.963380e-03
4481.500000	8.644328e-03
4482.500000	9.629394e-03
4483.500000	8.795548e-03
4484.500000	9.509996e-03
4485.500000	8.380712e-03
4486.500000	9.538652e-03
4487.500000	9.266455e-03
4488.500000	9.026777e-03
4489.500000	8.525226e-03
4490.500000	8.929412e-03
4491.500000	9.274096e-03
4492.500000	8.898415e-03
4493.500000	9.045138e-03
4494.500000	9.019177e-03
4495.500000	8.478528e-03
4496.500000	8.859538e-03
4497.500000	9.276092e-03
4498.500000	9.137950e-03
4499.500000	9.515401e-03
4500.500000	8.037403e-03
4501.500000	9.121498e-03
4502.500000	9.485677e-03
4503.500000	9.062448e-03
4504.500000	9.123797e-03
4505.500000	8.394101e-03
4506.500000	8.766156e-03
4507.500000	8.861970e-03
4508.500000	9.374487e-03
4509.500000	8.568757e-03
4510.500000	8.763415e-03
4511.500000	8.960304e-03
4512.500000	9.140239e-03
4513.500000	8.105485e-03
4514.500000	9.114216e-03
4515.500000	9.075051e-03
4516.500000	8.661859e-03
4517.500000	9.124065e-03
4518.500000	8.833748e-03
4519.500000	8.491541e-03
4520.500000	9.212554e-03
4521.500000	8.338450e-03
4522.500000	8.658427e-03
4523.500000	9.320941e-03
4524.500000	8.110064e-03
4525.500000	8.108800e-03
4526.500000	8.747544e-03
4527.500000	7.601731e-03
4528.500000	8.799742e-03
4529.500000	8.835572e-03
4530.500000	8.963694e-03
4531.500000	8.268023e-03
4532.500000	8.161125e-03
4533.500000	8.379192e-03
4534.500000	8.747756e-03
4535.500000	8.831227e-03
4536.500000	8.564667e-03
4537.500000	9.081420e-03
4538.500000	7.945256e-03
4539.500000	8.621785e-03
4540.500000	8.981732e-03
4541.500000	8.393910e-03
4542.500000	8.650102e-03
4543.500000	8.686441e-03
4544.500000	8.483231e-03
4545.500000	8.310942e-03
4546.500000	8.182578e-03
4547.500000	8.660605e-03
4548.500000	9.084613e-03
4549.500000	8.507661e-03
4550.500000	8.241693e-03
4551.500000	8.469039e-03
4552.500000	8.066300e-03
4553.500000	8.861393e-03
4554.500000	8.496138e-03
4555.500000	9.116197e-03
4556.500000	8.060369e-03
4557.500000	8.794692e-03
4558.500000	8.572879e-03
4559.500000	7.980842e-03
4560.500000	8.900930e-03
4561.500000	8.804007e-03
4562.500000	7.983652e-03
4563.500000	8.419990e-03
4564.500000	8.712363e-03
4565.500000	8.644515e-03
4566.500000	7.963103e-03
4567.500000	8.171206e-03
4568.500000	8.869746e-03
4569.500000	8.086324e-03
4570.500000	8.294316e-03
4571.500000	8.684012e-03
4572.500000	8.874730e-03
4573.500000	7.766271e-03
4574.500000	8.710484e-03
4575.500000	7.907351e-03
4576.500000	8.351783e-03
4577.500000	8.914510e-03
4578.500000	8.311051e-03
4579.500000	8.298871e-03
4580.500000	7.903474e-03
4581.500000	8.642443e-03
4582.500000	8.040705e-03
4583.500000	8.676968e-03
4584.500000	7.717544e-03
4585.500000	8.165143e-03
4586.500000	8.223261e-03
4587.500000	7.831015e-03
4588.500000	8.101177e-03
4589.500000	7.753402e-03
4590.500000	8.061932e-03
4591.500000	8.530831e-03
4592.500000	8.576344e-03
4593.500000	8.170334e-03
4594.500000	7.833350e-03
4595.500000	7.508739e-03
4596.500000	8.075782e-03
4597.500000	8.589962e-03
4598.500000	8.526066e-03
4599.500000	7.819026e-03
4600.500000	8.284149e-03
4601.500000	8.140449e-03
4602.500000	7.590784e-03
4603.500000	8.366825e-03
4604.500000	7.857704e-03
4605.500000	8.445399e-03
4606.500000	8.738980e-03
4607.500000	8.136747e-03
4608.500000	7.661676e-03
4609.500000	7.411808e-03
4610.500000	8.387296e-03
4611.500000	8.307293e-03
4612.500000	8.133493e-03
4613.500000	8.512276e-03
4614.500000	7.588283e-03
4615.500000	8.108633e-03
4616.500000	7.731030e-03
4617.500000	8.017966e-03
4618.500000	8.562730e-03
4619.500000	8.318215e-03
4620.500000	7.264556e-03
4621.500000	8.097900e-03
4622.500000	8.380392e-03
4623.500000	8.158516e-03
4624.500000	8.149050e-03
4625.500000	7.381313e-03
4626.500000	7.711536e-03
4627.500000	8.298722e-03
4628.500000	8.548496e-03
4629.500000	8.092281e-03
4630.500000	7.607337e-03
4631.500000	7.947417e-03
4632.500000	8.447959e-03
4633.500000	7.599520e-03
4634.500000	8.105541e-03
4635.500000	8.336925e-03
4636.500000	7.769279e-03
4637.500000	7.665332e-03
4638.500000	8.104633e-03
4639.500000	7.620543e-03
4640.500000	8.271112e-03
4641.500000	8.048532e-03
4642.500000	7.739417e-03
4643.500000	7.813104e-03
4644.500000	7.921618e-03
4645.500000	8.271592e-03
4646.500000	7.658979e-03
4647.500000	8.110242e-03
4648.500000	7.423985e-03
4649.500000	7.541758e-03
4650.500000	7.828014e-03
4651.500000	8.219646e-03
4652.500000	7.612643e-03
4653.500000	7.453830e-03
4654.500000	7.840670e-03
4655.500000	7.959377e-03
4656.500000	7.999588e-03
4657.500000	7.880483e-03
4658.500000	7.802138e-03
4659.500000	7.529750e-03
4660.500000	7.252961e-03
4661.500000	7.926407e-03
4662.500000	8.285879e-03
4663.500000	7.796803e-03
4664.500000	7.660628e-03
4665.500000	8.190395e-03
4666.500000	7.207016e-03
4667.500000	7.560381e-03
4668.500000	7.448923e-03
4669.500000	8.150031e-03
4670.500000	8.050824e-03
4671.500000	7.984444e-03
4672.500000	7.550640e-03
4673.500000	7.726881e-03
4674.500000	7.608212e-03
4675.500000	7.619161e-03
4676.500000	7.923771e-03
4677.500000	7.893157e-03
4678.500000	7.830233e-03
4679.500000	7.557327e-03
4680.500000	7.617822e-03
4681.500000	7.609656e-03
4682.500000	7.638681e-03
4683.500000	7.681242e-03
4684.500000	7.831442e-03
4685.500000	7.296619e-03
4686.500000	8.015886e-03
4687.500000	8.103216e-03
4688.500000	7.451342e-03
4689.500000	7.805722e-03
4690.500000	7.712823e-03
4691.500000	7.115442e-03
4692.500000	7.763547e-03
4693.500000	7.915568e-03
4694.500000	7.611185e-03
4695.500000	7.602413e-03
4696.500000	7.719977e-03
4697.500000	7.776106e-03
4698.500000	7.540651e-03
4699.500000	7.162038e-03
4700.500000	7.524878e-03
4701.500000	7.849272e-03
4702.500000	7.794971e-03
4703.500000	7.091446e-03
4704.500000	8.011694e-03
4705.500000	7.617404e-03
4706.500000	7.823354e-03
4707.500000	7.099864e-03
4708.500000	7.251870e-03
4709.500000	7.917200e-03
4710.500000	7.555817e-03
4711.500000	7.615736e-03
4712.500000	7.302165e-03
4713.500000	7.087893e-03
4714.500000	7.584671e-03
4715.500000	7.475995e-03
4716.500000	7.810268e-03
4717.500000	7.345289e-03
4718.500000	7.016821e-03
4719.500000	7.272352e-03
4720.500000	7.555612e-03
4721.500000	7.591128e-03
4722.500000	7.655586e-03
4723.500000	7.626161e-03
4724.500000	7.589721e-03
4725.500000	7.540653e-03
4726.500000	6.780330e-03
4727.500000	7.650279e-03
4728.500000	7.766511e-03
4729.500000	7.126003e-03
4730.500000	7.819881e-03
4731.500000	7.590141e-03
4732.500000	7.289328e-03
4733.500000	7.110531e-03
4734.500000	7.143349e-03
4735.500000	7.155310e-03
4736.500000	7.773195e-03
4737.500000	7.612039e-03
4738.500000	7.265021e-03
4739.500000	7.449795e-03
4740.500000	7.057134e-03
4741.500000	7.464769e-03
4742.500000	7.111191e-03
4743.500000	7.763279e-03
4744.500000	7.570014e-03
4745.500000	6.891729e-03
4746.500000	7.368371e-03
4747.500000	7.597625e-03
4748.500000	7.394865e-03
4749.500000	7.472963e-03
4750.500000	7.213255e-03
4751.500000	6.968498e-03
4752.500000	7.312041e-03
4753.500000	7.568801e-03
4754.500000	7.198590e-03
4755.500000	7.078999e-03
4756.500000	7.411570e-03
4757.500000	7.338067e-03
4758.500000	6.907003e-03
4759.500000	7.605034e-03
4760.500000	7.260328e-03
4761.500000	7.623433e-03
4762.500000	7.303850e-03
4763.500000	6.895402e-03
4764.500000	7.228547e-03
4765.500000	7.084743e-03
4766.500000	7.176382e-03
4767.500000	7.196823e-03
4768.500000	7.347169e-03
4769.500000	7.505049e-03
4770.500000	6.912712e-03
4771.500000	7.485914e-03
4772.500000	7.141593e-03
4773.500000	6.958493e-03
4774.500000	7.400272e-03
4775.500000	7.049098e-03
4776.500000	7.154345e-03
4777.500000	7.130521e-03
4778.500000	7.089759e-03
4779.500000	7.097418e-03
4780.500000	6.934734e-03
4781.500000	7.164152e-03
4782.500000	7.524568e-03
4783.500000	6.870803e-03
4784.500000	7.283698e-03
4785.500000	7.170872e-03
4786.500000	6.532381e-03
4787.500000	7.079464e-03
4788.500000	7.167712e-03
4789.500000	7.440133e-03
4790.500000	7.346072e-03
4791.500000	7.239377e-03
4792.500000	6.981373e-03
4793.500000	6.641412e-03
4794.500000	6.849044e-03
4795.500000	6.932667e-03
4796.500000	6.885873e-03
4797.500000	7.278519e-03
4798.500000	7.432049e-03
4799.500000	7.355686e-03
4800.500000	6.839306e-03
4801.500000	6.725006e-03
4802.500000	6.770700e-03
4803.500000	6.946427e-03
4804.500000	6.832070e-03
4805.500000	7.165162e-03
4806.500000	7.156419e-03
4807.500000	6.931116e-03
4808.500000	7.139931e-03
4809.500000	7.021094e-03
4810.500000	6.818363e-03
4811.500000	7.331653e-03
4812.500000	7.082406e-03
4813.500000	6.330706e-03
4814.500000	6.900249e-03
4815.500000	7.153712e-03
4816.500000	6.978641e-03
4817.500000	7.276667e-03
4818.500000	7.000314e-03
4819.500000	6.734115e-03
4820.500000	7.005496e-03
4821.500000	7.195708e-03
4822.500000	7.186016e-03
4823.500000	6.236397e-03
4824.500000	6.805135e-03
4825.500000	7.041843e-03
4826.500000	7.296272e-03
4827.500000	6.751854e-03
4828.500000	6.762308e-03
4829.500000	7.281437e-03
4830.500000	7.043562e-03
4831.500000	6.864882e-03
4832.500000	6.928923e-03
4833.500000	6.318332e-03
4834.500000	6.842461e-03
4835.500000	7.242525e-03
4836.500000	6.998527e-03
4837.500000	6.717860e-03
4838.500000	6.929483e-03
4839.500000	6.973420e-03
4840.500000	6.950867e-03
4841.500000	6.812584e-03
4842.500000	7.197748e-03
4843.500000	6.244352e-03
4844.500000	6.771895e-03
4845.500000	6.925394e-03
4846.500000	6.758576e-03
4847.500000	6.944205e-03
4848.500000	6.680729e-03
4849.500000	6.805267e-03
4850.500000	6.868530e-03
4851.500000	7.101350e-03
4852.500000	6.958629e-03
4853.500000	6.520079e-03
4854.500000	6.419051e-03
4855.500000	7.007133e-03
4856.500000	6.143042e-03
4857.500000	7.052917e-03
4858.500000	6.984913e-03
4859.500000	6.761388e-03
4860.500000	6.962298e-03
4861.500000	6.884933e-03
4862.500000	6.878264e-03
4863.500000	6.175626e-03
4864.500000	6.761582e-03
4865.500000	5.973964e-03
4866.500000	7.024009e-03
4867.500000	6.998290e-03
4868.500000	6.821805e-03
4869.500000	6.682156e-03
4870.500000	6.912537e-03
4871.500000	6.371377e-03
4872.500000	6.615901e-03
4873.500000	6.606607e-03
4874.500000	6.775565e-03
4875.500000	6.361805e-03
4876.500000	6.434183e-03
4877.500000	6.798052e-03
4878.500000	6.616832e-03
4879.500000	6.789467e-03
4880.500000	6.668244e-03
4881.500000	6.703506e-03
4882.500000	6.805627e-03
4883.500000	6.448282e-03
4884.500000	6.488207e-03
4885.500000	6.587703e-03
4886.500000	6.447999e-03
4887.500000	6.788714e-03
4888.500000	6.566984e-03
4889.500000	6.534781e-03
4890.500000	6.498469e-03
4891.500000	6.725066e-03
4892.500000	6.883934e-03
4893.500000	6.747610e-03
4894.500000	6.362773e-03
4895.500000	6.394153e-03
4896.500000	6.813666e-03
4897.500000	6.325217e-03
4898.500000	6.412696e-03
4899.500000	6.497126e-03
4900.500000	6.750360e-03
4901.500000	6.692771e-03
4902.500000	6.667172e-03
4903.500000	6.608906e-03
4904.500000	6.750077e-03
4905.500000	5.974423e-03
4906.500000	6.742265e-03
4907.500000	6.442761e-03
4908.500000	6.380600e-03
4909.500000	6.285709e-03
4910.500000	6.618809e-03
4911.500000	6.698721e-03
4912.500000	6.494422e-03
4913.500000	6.557667e-03
4914.500000	6.478779e-03
4915.500000	6.241860e-03
4916.500000	6.218263e-03
4917.500000	6.641172e-03
4918.500000	6.318271e-03
4919.500000	6.221817e-03
4920.500000	6.079335e-03
4921.500000	6.716801e-03
4922.500000	6.597210e-03
4923.500000	6.677046e-03
4924.500000	6.531562e-03
4925.500000	6.148392e-03
4926.500000	6.319230e-03
4927.500000	6.065410e-03
4928.500000	6.281119e-03
4929.500000	6.654723e-03
4930.500000	6.555596e-03
4931.500000	6.089550e-03
4932.500000	6.666180e-03
4933.500000	6.610269e-03
4934.500000	6.338332e-03
4935.500000	6.294311e-03
4936.500000	6.118827e-03
4937.500000	6.197275e-03
4938.500000	6.158107e-03
4939.500000	6.672556e-03
4940.500000	6.502987e-03
4941.500000	6.433120e-03
4942.500000	6.298890e-03
4943.500000	5.875598e-03
4944.500000	6.442117e-03
4945.500000	6.568990e-03
4946.500000	6.202053e-03
4947.500000	6.458086e-03
4948.500000	5.801028e-03
4949.500000	6.243593e-03
4950.500000	6.469669e-03
4951.500000	6.412027e-03
4952.500000	6.574441e-03
4953.500000	6.230566e-03
4954.500000	6.100327e-03
4955.500000	6.081582e-03
4956.500000	6.556577e-03
4957.500000	6.109055e-03
4958.500000	6.087130e-03
4959.500000	6.294546e-03
4960.500000	5.844571e-03
4961.500000	6.484423e-03
4962.500000	6.076077e-03
4963.500000	6.452285e-03
4964.500000	6.427662e-03
4965.500000	6.551019e-03
4966.500000	6.093917e-03
4967.500000	6.187356e-03
4968.500000	5.835900e-03
4969.500000	6.127544e-03
4970.500000	6.353092e-03
4971.500000	6.038395e-03
4972.500000	6.271100e-03
4973.500000	6.345218e-03
4974.500000	6.285662e-03
4975.500000	6.305873e-03
4976.500000	6.453619e-03
4977.500000	6.273297e-03
4978.500000	5.612606e-03
4979.500000	6.035147e-03
4980.500000	6.165805e-03
4981.500000	6.456812e-03
4982.500000	6.061641e-03
4983.500000	5.867450e-03
4984.500000	6.329153e-03
4985.500000	6.186623e-03
4986.500000	6.197997e-03
4987.500000	6.365925e-03
4988.500000	6.309914e-03
4989.500000	5.846019e-03
4990.500000	5.573881e-03
4991.500000	6.105335e-03
4992.500000	5.876578e-03
4993.500000	6.240839e-03
4994.500000	5.854882e-03
4995.500000	6.373594e-03
4996.500000	6.353369e-03
4997.500000	6.245217e-03
4998.500000	6.148669e-03
4999.500000	5.875106e-03
