Type	Std	Rate
R1	7.017872e-66	6.512748e-67	1.790812e-66	1.008902e-64	1.984776e-68	5.771422e-72	6.201921e-75	5.714287e-78	1.316834e-81	9.974290e-86	3.151629e-89	1.077271e-91	1.523997e-93	3.835924e-95	1.140305e-96	5.506939e-98	1.246324e-98	1.154302e-98	3.451087e-98	2.261690e-97	1.245144e-96	5.184859e-96	2.850102e-95	3.064868e-94	4.202572e-93	2.251328e-90	3.437629e-86	3.347671e-83	1.798943e-81	6.601209e-80	1.544104e-78	1.288587e-77	2.202511e-77	2.472464e-77	4.195144e-77	5.068855e-77	4.697496e-77	3.592256e-77	2.405908e-77	2.779911e-76	1.292803e-74	4.573703e-73	5.661359e-72	3.240429e-71	1.085539e-70	2.512105e-70	4.562161e-70	7.098699e-70	9.741268e-70	1.120882e-69	
R2	3.378453e-66	3.905877e-66	1.468583e-65	1.152780e-64	4.622938e-68	1.319527e-70	1.315210e-72	1.302305e-74	4.218959e-77	3.172213e-80	4.058501e-83	1.931998e-85	2.371019e-87	5.031660e-89	1.381526e-90	6.976659e-92	1.744889e-92	1.849822e-92	6.435291e-92	4.969644e-91	3.351961e-90	1.175858e-89	2.490356e-89	6.647041e-89	3.009409e-88	1.138528e-84	1.130107e-80	5.178899e-78	1.519677e-76	3.594582e-75	6.352494e-74	4.690997e-73	9.287232e-73	1.204903e-72	1.951255e-72	2.283043e-72	2.163878e-72	2.129047e-72	2.759018e-72	7.569857e-71	8.652792e-69	2.265411e-66	5.097881e-64	3.134533e-62	6.691230e-61	6.734322e-60	4.079519e-59	1.767438e-58	5.945213e-58	1.534050e-57	
R3	1.890444e-28	9.260682e-29	2.115658e-28	4.368869e-28	4.073989e-31	2.495071e-33	4.651659e-35	9.909456e-37	1.265643e-38	1.481292e-40	1.198009e-41	3.648722e-42	7.385240e-43	1.209047e-43	2.060677e-44	5.128155e-45	2.990874e-45	3.622496e-45	8.055749e-45	2.679153e-44	8.310027e-44	2.128713e-43	4.970682e-43	1.257813e-42	3.528581e-42	2.459879e-40	2.293278e-38	4.325702e-37	1.977662e-36	7.715499e-36	2.466451e-35	4.803288e-35	4.312298e-35	3.159957e-35	2.849253e-35	2.182290e-35	1.471072e-35	9.041167e-36	5.223243e-36	5.466130e-35	2.378235e-33	8.033462e-32	9.602497e-31	5.330246e-30	1.728441e-29	3.839639e-29	6.587351e-29	9.461495e-29	1.173649e-28	1.230623e-28	
R4	0.000000e+00	0.000000e+00	0.000000e+00	0.000000e+00	0.000000e+00	0.000000e+00	0.000000e+00	7.375610e-55	1.079548e-55	9.266820e-57	1.013883e-56	1.957756e-56	5.539017e-57	7.632762e-58	1.031255e-58	1.651691e-59	1.668397e-59	1.723753e-58	1.901132e-57	1.731034e-56	9.092293e-56	1.608360e-55	4.808999e-56	7.462396e-57	1.256111e-57	8.579836e-57	6.047909e-56	0.000000e+00	0.000000e+00	0.000000e+00	2.926042e-56	0.000000e+00	0.000000e+00	0.000000e+00	0.000000e+00	0.000000e+00	0.000000e+00	0.000000e+00	0.000000e+00	0.000000e+00	0.000000e+00	0.000000e+00	0.000000e+00	0.000000e+00	0.000000e+00	0.000000e+00	0.000000e+00	0.000000e+00	0.000000e+00	0.000000e+00	
R5	6.707777e-38	1.476983e-38	1.424779e-38	1.154906e-38	3.783386e-42	7.259656e-45	3.689009e-47	1.573608e-49	2.156186e-52	1.019176e-55	1.369815e-58	1.323408e-60	3.340153e-62	1.052661e-63	3.490431e-65	1.755914e-66	3.390681e-67	2.296290e-67	4.588391e-67	1.893677e-66	6.976708e-66	2.404469e-65	1.263341e-64	9.774768e-64	6.816463e-63	7.861074e-61	9.622747e-59	2.352970e-57	1.388434e-56	6.514410e-56	2.247314e-55	4.037628e-55	2.223898e-55	1.075042e-55	9.595080e-56	7.336833e-56	4.938395e-56	3.031890e-56	1.750799e-56	1.832858e-55	7.985012e-54	2.703981e-52	3.244936e-51	1.811907e-50	5.926119e-50	1.332818e-49	2.327603e-49	3.430109e-49	4.417062e-49	4.894664e-49	
R6	1.641926e-21	9.685155e-20	4.455401e-17	2.196438e-14	1.140743e-15	7.093936e-17	1.103197e-17	2.336062e-18	5.286897e-19	2.937725e-19	2.794601e-18	4.837411e-17	1.262944e-16	1.663997e-16	2.247193e-16	4.224155e-16	1.088248e-15	3.301963e-15	1.101457e-14	3.879039e-14	1.334060e-13	3.304453e-13	4.268721e-13	4.261443e-13	5.827396e-13	3.024450e-11	2.643757e-09	4.647561e-08	1.948869e-07	7.365453e-07	2.507898e-06	6.023931e-06	1.012015e-05	1.251051e-05	1.198619e-05	9.445419e-06	6.414409e-06	3.896429e-06	2.186797e-06	2.188881e-05	8.983450e-04	2.827923e-02	3.117866e-01	1.582948e+00	4.663727e+00	9.368918e+00	1.451245e+01	1.891555e+01	2.172745e+01	2.222775e+01	
R7	2.311283e-61	3.546393e-61	3.532023e-60	4.072949e-59	2.517634e-61	1.746303e-62	3.693283e-63	1.218743e-63	4.280096e-64	3.859893e-64	5.170318e-63	5.673310e-62	5.591166e-62	2.236108e-62	8.786612e-63	6.954371e-63	4.229805e-63	7.432880e-63	1.097768e-62	2.340543e-62	5.441895e-62	5.299259e-62	2.227889e-62	7.272623e-63	3.689531e-63	4.336258e-62	0.000000e+00	0.000000e+00	0.000000e+00	0.000000e+00	6.665212e-56	3.665033e-55	0.000000e+00	0.000000e+00	0.000000e+00	0.000000e+00	0.000000e+00	0.000000e+00	0.000000e+00	0.000000e+00	0.000000e+00	0.000000e+00	0.000000e+00	0.000000e+00	0.000000e+00	0.000000e+00	1.909870e-49	1.268019e-48	6.131736e-48	2.551055e-47	
R8	0.000000e+00	0.000000e+00	0.000000e+00	0.000000e+00	0.000000e+00	0.000000e+00	0.000000e+00	6.406195e-48	1.633181e-48	4.455536e-49	3.087595e-48	2.737399e-47	2.694486e-47	0.000000e+00	0.000000e+00	0.000000e+00	1.743692e-46	1.465977e-45	8.167463e-45	3.779187e-44	1.187969e-43	2.747233e-43	2.211125e-43	1.542268e-43	1.102115e-43	5.096046e-42	3.315160e-41	0.000000e+00	0.000000e+00	3.931864e-39	1.630046e-37	0.000000e+00	0.000000e+00	0.000000e+00	0.000000e+00	0.000000e+00	0.000000e+00	0.000000e+00	0.000000e+00	0.000000e+00	0.000000e+00	0.000000e+00	0.000000e+00	0.000000e+00	0.000000e+00	0.000000e+00	0.000000e+00	0.000000e+00	0.000000e+00	0.000000e+00	
R9	1.023035e-39	7.456138e-37	9.075091e-34	3.593768e-30	2.049467e-28	2.423667e-28	2.243765e-28	2.045158e-28	2.124758e-28	2.426089e-28	1.276298e-28	1.128348e-29	6.043558e-31	3.912825e-32	2.792375e-33	2.467757e-34	4.032930e-35	1.433837e-35	8.799875e-36	6.281785e-36	2.838566e-36	3.265567e-37	1.085686e-38	4.776439e-40	7.462815e-41	3.079386e-41	8.101954e-41	5.541157e-40	1.976121e-39	8.969253e-39	6.147873e-38	3.613315e-37	1.385241e-36	3.643852e-36	6.922291e-36	9.919846e-36	1.131151e-35	1.082148e-35	9.140865e-36	7.123598e-36	5.295857e-36	3.844508e-36	2.769783e-36	2.004426e-36	1.471926e-36	1.108191e-36	8.677566e-37	7.262273e-37	6.875369e-37	8.081630e-37	
R10	4.793914e-47	2.610512e-48	2.684557e-49	2.236670e-49	2.195406e-50	2.698938e-52	1.729906e-54	3.799491e-57	1.013635e-60	9.926182e-66	3.933006e-72	8.923611e-78	2.095070e-81	3.038456e-84	5.551417e-87	1.288211e-89	1.673421e-91	1.251542e-92	4.253845e-93	4.027128e-93	2.905194e-93	1.806560e-93	3.443990e-93	2.309912e-92	1.423108e-91	3.077600e-91	3.392690e-91	3.819279e-91	4.667453e-91	6.065251e-91	9.227562e-91	9.975385e-91	2.624449e-91	7.019245e-92	5.388180e-92	3.637365e-92	2.182613e-92	1.200015e-92	6.193523e-93	3.057660e-93	1.464038e-93	6.864915e-94	3.173547e-94	1.453366e-94	6.618781e-95	3.008217e-95	1.371111e-95	6.328825e-96	3.028556e-96	1.581281e-96	
R11	1.755527e-31	3.008084e-29	3.192197e-27	3.656379e-24	1.315660e-22	1.639585e-22	1.488166e-22	1.251307e-22	1.033621e-22	8.559723e-23	4.771200e-23	6.890215e-24	5.559963e-25	4.741168e-26	4.301042e-27	4.728269e-28	8.820626e-29	3.245118e-29	1.882768e-29	1.198929e-29	4.907952e-30	5.480740e-31	1.796986e-32	7.337269e-34	1.042284e-34	4.034610e-35	1.012537e-34	6.272440e-34	1.824251e-33	4.990409e-33	1.272989e-32	2.418925e-32	3.238800e-32	3.591460e-32	3.619966e-32	3.133625e-32	2.375740e-32	1.626427e-32	1.043590e-32	6.490551e-33	3.994088e-33	2.447625e-33	1.492626e-33	9.054134e-34	5.481721e-34	3.342098e-34	2.090813e-34	1.392253e-34	1.071187e-34	1.257780e-34	
R12	3.946238e-26	7.852970e-24	5.180252e-22	3.706357e-20	4.303110e-19	7.198035e-19	1.113775e-18	1.918341e-18	4.511890e-18	1.667618e-17	6.126118e-17	5.121986e-17	1.354663e-17	2.431547e-18	3.833792e-19	6.368856e-20	1.411732e-20	5.243887e-21	2.869218e-21	1.661805e-21	7.171612e-22	1.458942e-22	1.356604e-23	1.124072e-24	1.898806e-25	7.266901e-26	1.758346e-25	1.024110e-24	2.775151e-24	7.196222e-24	1.793685e-23	3.480158e-23	5.336497e-23	6.523951e-23	6.311186e-23	5.124586e-23	3.561847e-23	2.174907e-23	1.202365e-23	6.187075e-24	3.027395e-24	1.429956e-24	6.590733e-25	2.989764e-25	1.345336e-25	6.056211e-26	2.761118e-26	1.305730e-26	6.732418e-27	4.087133e-27	
R13	2.956878e-31	4.745572e-28	3.992516e-25	2.578461e-20	2.928326e-17	6.091315e-17	7.504571e-17	7.962905e-17	8.266543e-17	8.002097e-17	3.650495e-17	3.081671e-18	1.399245e-19	7.361719e-21	4.400131e-22	3.375889e-23	4.658584e-24	1.306302e-24	5.811521e-25	2.800701e-25	7.811887e-26	4.487486e-27	6.117075e-29	9.212337e-31	4.282361e-32	5.811187e-33	5.691484e-33	1.653772e-32	3.780042e-32	1.907715e-31	1.342094e-30	5.981404e-30	1.595813e-29	2.617024e-29	2.700049e-29	2.021055e-29	1.176985e-29	5.696926e-30	2.449510e-30	1.000221e-30	4.139682e-31	1.832504e-31	8.904956e-32	4.721192e-32	2.672493e-32	1.588557e-32	9.925811e-33	6.692945e-33	5.255260e-33	6.317307e-33	
R14	2.420792e-23	3.987219e-21	1.869160e-19	8.799406e-18	1.456594e-16	3.020285e-16	4.641154e-16	7.151018e-16	1.459745e-15	4.720145e-15	1.542233e-14	1.166003e-14	2.813679e-15	4.622461e-16	6.671102e-17	1.012591e-17	2.042011e-18	6.861337e-19	3.376515e-19	1.748491e-19	6.712483e-20	1.209118e-20	9.853827e-22	7.014603e-23	9.917616e-24	3.092955e-24	5.949496e-24	2.691873e-23	5.554359e-23	1.081917e-22	2.017714e-22	2.954970e-22	3.501422e-22	3.404886e-22	2.685108e-22	1.826215e-22	1.092891e-22	5.898527e-23	2.952280e-23	1.405171e-23	6.480490e-24	2.932299e-24	1.312575e-24	5.848686e-25	2.609067e-25	1.173072e-25	5.374538e-26	2.567419e-26	1.342528e-26	8.265169e-27	
R15	3.857491e-37	1.814718e-36	3.300654e-35	6.264481e-33	3.327051e-32	5.195050e-33	4.336121e-34	1.968398e-35	3.029006e-37	9.207701e-40	5.914684e-43	6.326453e-46	3.900534e-48	5.148766e-50	7.939808e-52	1.563952e-53	8.589074e-55	1.600229e-55	7.933641e-56	6.382371e-56	3.570334e-56	7.834935e-57	1.007381e-57	2.137247e-58	1.139362e-58	9.792571e-59	3.990157e-58	3.773920e-57	1.606610e-56	5.775917e-56	1.669292e-55	2.910358e-55	2.163431e-55	1.319841e-55	1.052949e-55	7.013464e-56	4.049535e-56	2.116253e-56	1.040467e-56	4.963429e-57	2.339119e-57	1.094763e-57	5.082155e-58	2.337801e-58	1.068331e-58	4.887310e-59	2.276915e-59	1.117885e-59	6.253497e-60	5.222529e-60	
R16	2.783190e-18	3.064949e-17	7.404826e-16	2.008633e-14	8.602735e-14	4.961235e-14	2.190042e-14	8.259823e-15	2.527067e-15	5.604757e-16	8.403562e-17	1.049699e-17	1.299098e-18	1.514407e-19	1.686956e-20	2.017821e-21	3.441843e-22	1.071620e-22	5.482203e-23	3.309675e-23	1.671248e-23	5.131408e-24	9.192516e-25	1.490545e-25	4.265886e-26	2.334721e-26	7.227771e-26	5.123205e-25	1.626333e-24	4.717152e-24	1.245924e-23	2.377555e-23	3.094439e-23	2.986300e-23	2.303741e-23	1.439343e-23	7.619058e-24	3.551351e-24	1.504371e-24	5.937525e-25	2.224967e-25	8.026344e-26	2.816115e-26	9.687626e-27	3.290330e-27	1.111403e-27	3.773432e-28	1.315686e-28	4.932291e-29	2.129682e-29	
R17	2.175142e-33	9.732771e-32	6.643893e-30	1.150469e-27	4.319774e-27	3.376970e-27	2.473041e-27	1.643542e-27	7.703235e-28	1.416391e-28	8.699788e-30	2.627007e-31	1.029416e-32	5.754381e-34	3.786203e-35	3.268030e-36	5.750964e-37	2.490170e-37	2.175315e-37	2.578355e-37	2.478945e-37	8.269667e-38	7.094645e-39	5.027815e-40	1.134802e-40	2.277195e-39	6.101609e-37	8.652983e-35	1.462680e-33	2.269577e-32	3.212205e-31	2.581451e-30	1.156083e-29	2.974197e-29	4.623166e-29	5.062880e-29	4.448985e-29	4.023461e-29	4.740753e-29	6.203394e-29	7.851010e-29	2.860316e-28	2.488164e-27	1.258311e-26	3.750810e-26	7.656460e-26	1.217357e-25	1.667855e-25	2.111905e-25	2.523287e-25	
R18	1.764535e-22	5.373317e-22	8.120088e-21	1.575440e-18	1.135949e-18	1.659321e-19	3.334206e-20	6.046308e-21	7.714542e-22	5.141219e-23	1.182455e-24	1.940272e-26	7.554883e-28	6.404840e-29	7.585675e-30	1.150004e-30	2.926249e-31	1.130424e-31	5.631043e-32	3.255928e-32	1.456768e-32	2.561268e-33	1.953382e-34	2.514842e-35	9.085033e-36	4.619311e-36	2.413667e-36	1.389612e-36	8.994171e-37	7.528434e-37	9.435565e-37	1.212360e-36	1.094892e-36	8.441223e-37	6.510915e-37	4.360245e-37	2.621157e-37	1.466131e-37	7.894165e-38	4.208230e-38	2.258391e-38	1.226022e-38	6.724615e-39	3.723403e-39	2.087170e-39	1.194427e-39	7.096524e-40	4.503731e-40	3.225658e-40	2.997176e-40	
R19	1.248860e-27	3.852145e-28	5.156117e-28	7.222767e-26	2.588020e-25	2.739260e-26	1.697506e-27	6.259912e-29	8.439888e-31	2.444049e-33	1.460754e-36	1.354269e-39	1.057559e-41	2.991655e-43	1.263447e-44	7.157011e-46	9.457000e-47	2.582550e-47	1.169248e-47	7.332262e-48	3.324598e-48	5.667596e-49	5.965333e-50	1.549989e-50	1.011548e-50	7.007307e-51	4.276478e-51	2.808914e-51	2.034535e-51	1.796978e-51	2.283387e-51	2.776535e-51	1.809132e-51	1.033052e-51	7.560161e-52	4.741999e-52	2.628802e-52	1.337067e-52	6.459088e-53	3.047807e-53	1.427640e-53	6.665360e-54	3.095689e-54	1.428427e-54	6.565202e-55	3.029651e-55	1.428689e-55	7.128278e-56	4.086499e-56	3.670082e-56	
R20	6.800283e-27	1.749945e-26	7.613508e-26	8.302041e-24	1.760149e-23	7.641166e-24	3.313677e-24	1.346690e-24	3.701671e-25	3.592534e-26	9.470534e-28	1.272587e-29	4.199848e-31	3.632341e-32	4.724385e-33	8.511644e-34	2.884736e-34	1.628539e-34	1.272229e-34	1.229228e-34	9.931132e-35	2.736350e-35	2.265822e-36	2.463882e-37	8.173718e-38	1.462271e-36	6.197168e-35	6.428003e-34	1.945171e-33	7.692891e-33	4.860674e-32	2.681567e-31	9.554359e-31	2.118323e-30	3.015377e-30	3.109603e-30	2.623567e-30	2.309212e-30	2.673428e-30	3.460297e-30	4.352815e-30	1.581962e-29	1.376787e-28	6.984205e-28	2.093851e-27	4.311507e-27	6.938846e-27	9.661044e-27	1.253664e-26	1.610794e-26	
R21	1.774937e-20	4.454272e-20	1.152330e-18	1.031986e-15	1.278392e-14	3.199011e-15	5.784482e-16	8.360655e-17	7.687950e-18	3.250108e-19	4.273654e-21	4.374107e-23	1.390646e-24	1.180225e-25	1.490883e-26	2.488685e-27	7.081823e-28	2.997492e-28	1.562205e-28	9.198174e-29	3.987402e-29	5.397162e-30	2.939631e-31	3.328088e-32	1.139864e-32	5.580622e-33	2.849773e-33	1.608977e-33	1.023141e-33	8.456653e-34	1.054023e-33	1.360327e-33	1.262969e-33	9.974377e-34	7.708895e-34	5.166461e-34	3.109087e-34	1.741550e-34	9.395818e-35	5.023353e-35	2.707460e-35	1.478761e-35	8.176685e-36	4.574123e-36	2.596143e-36	1.507049e-36	9.107880e-37	5.938219e-37	4.548023e-37	5.637121e-37	
R22	9.681475e-21	2.429603e-20	6.285434e-19	5.629012e-16	6.973047e-15	1.744915e-15	3.155172e-16	4.560357e-17	4.193427e-18	1.772786e-19	2.331084e-21	2.385876e-23	7.585341e-25	6.437589e-26	8.132088e-27	1.357464e-27	3.862812e-28	1.634996e-28	8.521117e-29	5.017186e-29	2.174946e-29	2.943906e-30	1.603435e-31	1.815321e-32	6.217438e-33	3.043976e-33	1.554422e-33	8.776239e-34	5.580768e-34	4.612720e-34	5.749214e-34	7.419964e-34	6.888923e-34	5.440569e-34	4.204852e-34	2.818070e-34	1.695866e-34	9.499364e-35	5.124991e-35	2.740011e-35	1.476796e-35	8.065968e-36	4.460010e-36	2.494976e-36	1.416078e-36	8.220268e-37	4.967935e-37	3.239029e-37	2.480740e-37	3.074793e-37	
R23	1.021261e-16	6.111441e-17	6.630852e-17	3.011102e-15	1.083742e-15	1.287702e-16	1.898989e-17	2.220447e-18	1.370197e-19	3.240800e-21	3.171193e-23	3.941667e-25	1.454499e-26	1.125403e-27	1.176909e-28	1.555017e-29	3.532543e-30	1.241341e-30	5.712579e-31	3.095042e-31	1.305309e-31	2.383276e-32	2.149913e-33	3.297727e-34	1.327479e-34	7.086052e-35	3.753656e-35	2.074322e-35	1.159110e-35	6.093738e-36	2.891334e-36	1.179944e-36	3.338769e-37	9.893793e-38	4.041226e-38	1.634818e-38	6.534132e-39	2.615395e-39	1.069708e-39	4.550909e-40	2.021608e-40	9.264431e-41	4.301197e-41	1.996243e-41	9.225825e-42	4.275435e-42	2.029454e-42	1.024789e-42	5.964912e-43	5.536489e-43	
R24	2.672233e-29	1.214379e-27	9.745864e-27	1.511451e-24	7.225660e-24	5.887486e-24	4.300259e-24	2.358205e-24	4.819901e-25	2.249231e-26	3.936634e-28	8.824278e-30	5.883385e-31	8.088098e-32	1.476925e-32	3.407669e-33	1.274453e-33	6.842859e-34	4.372820e-34	3.062204e-34	1.628965e-34	3.394899e-35	4.748706e-36	1.654718e-36	1.170269e-36	9.219395e-37	6.995788e-37	5.455882e-37	4.303115e-37	3.282295e-37	2.395381e-37	1.633772e-37	9.004478e-38	5.125077e-38	3.281734e-38	1.908611e-38	1.014346e-38	5.034603e-39	2.396633e-39	1.120013e-39	5.205038e-40	2.409778e-40	1.107749e-40	5.046133e-41	2.283287e-41	1.034729e-41	4.784080e-42	2.339574e-42	1.314528e-42	1.156621e-42	
R25	3.378686e-27	1.535422e-25	1.232236e-24	1.911030e-22	9.135892e-22	7.443948e-22	5.437109e-22	2.981639e-22	6.094128e-23	2.843855e-24	4.977354e-26	1.115713e-27	7.438763e-29	1.022633e-29	1.867377e-30	4.308547e-31	1.611378e-31	8.651891e-32	5.528853e-32	3.871753e-32	2.059611e-32	4.292401e-33	6.004111e-34	2.092173e-34	1.479650e-34	1.165671e-34	8.845249e-35	6.898241e-35	5.440720e-35	4.150028e-35	3.028643e-35	2.065689e-35	1.138497e-35	6.479982e-36	4.149319e-36	2.413187e-36	1.282507e-36	6.365590e-37	3.030225e-37	1.416108e-37	6.581082e-38	3.046845e-38	1.400602e-38	6.380168e-39	2.886914e-39	1.308278e-39	6.048837e-40	2.958082e-40	1.662047e-40	1.462394e-40	
R26	6.583191e-13	2.483831e-11	2.844267e-09	2.970603e-05	4.499424e-03	6.917669e-03	4.813508e-03	2.450576e-03	1.030017e-03	4.100596e-04	1.805868e-04	8.221238e-05	3.844108e-05	1.936101e-05	9.788804e-06	4.840951e-06	2.454292e-06	1.214286e-06	5.684407e-07	2.548259e-07	1.026359e-07	3.247973e-08	9.325727e-09	4.059442e-09	2.919444e-09	2.425546e-09	1.997923e-09	1.639843e-09	1.321123e-09	1.015148e-09	7.312972e-10	4.844407e-10	2.728844e-10	1.504248e-10	8.953434e-11	5.134366e-11	2.839188e-11	1.527564e-11	8.093650e-12	4.265437e-12	2.240703e-12	1.166316e-12	5.964874e-13	2.981965e-13	1.458157e-13	7.026735e-14	3.387396e-14	1.665245e-14	8.476924e-15	4.446876e-15	
R27	3.274890e-25	5.998385e-25	5.842865e-24	1.896507e-22	4.160286e-22	7.221456e-23	1.067348e-23	1.278946e-24	9.614226e-26	3.059020e-27	2.789790e-29	2.521580e-31	8.504039e-33	6.241108e-34	5.676370e-35	6.070418e-36	1.136002e-36	3.561241e-37	1.656184e-37	9.981861e-38	5.018423e-38	1.455506e-38	3.482165e-39	1.460652e-39	9.720762e-40	6.175843e-40	3.523509e-40	2.152182e-40	1.463706e-40	1.267196e-40	1.608595e-40	2.030507e-40	1.659938e-40	1.155927e-40	8.534835e-41	5.365392e-41	2.960096e-41	1.478899e-41	6.874444e-42	3.040843e-42	1.303197e-42	5.486208e-43	2.292748e-43	9.591673e-44	4.046122e-44	1.734226e-44	7.638071e-45	3.536617e-45	1.815202e-45	1.163236e-45	
R28	4.366160e-22	1.796624e-22	1.674222e-22	2.053832e-21	1.818671e-22	1.576538e-23	1.939636e-24	1.997597e-25	1.258853e-26	4.938325e-28	1.709580e-29	8.722783e-31	7.680223e-32	6.919156e-33	5.337952e-34	3.890287e-35	4.171511e-36	7.092673e-37	1.858505e-37	6.522192e-38	2.123398e-38	7.098288e-39	3.926192e-39	3.870650e-39	4.438132e-39	4.019140e-39	3.057811e-39	2.362583e-39	1.840587e-39	1.334787e-39	8.674090e-40	4.897970e-40	1.931957e-40	8.927130e-41	6.123110e-41	3.955025e-41	2.333201e-41	1.260411e-41	6.315934e-42	2.978054e-42	1.336639e-42	5.757856e-43	2.395457e-43	9.681687e-44	3.827142e-44	1.492505e-44	5.809368e-45	2.291869e-45	9.352016e-46	4.055418e-46	
R29	4.586091e-23	1.234932e-22	2.496116e-22	1.299636e-21	7.319453e-22	3.634153e-22	2.324961e-22	1.604565e-22	8.908062e-23	2.235348e-23	2.279722e-24	1.470579e-25	1.534990e-26	2.565988e-27	5.191771e-28	1.265973e-28	4.742216e-29	2.605530e-29	1.907436e-29	1.704890e-29	1.471176e-29	7.430888e-30	1.827283e-30	4.382834e-31	1.847576e-31	3.385895e-30	1.406427e-28	1.344459e-27	3.403392e-27	8.477302e-27	2.044966e-26	3.683413e-26	4.858973e-26	4.799038e-26	3.645989e-26	2.276365e-26	1.270789e-26	7.862342e-27	6.653229e-27	6.442539e-27	6.137592e-27	1.697867e-26	1.125450e-25	4.338756e-25	9.842888e-25	1.524409e-24	1.830650e-24	1.882036e-24	1.776965e-24	1.627394e-24	
R30	5.952789e-20	9.006597e-20	3.636421e-19	8.341964e-18	6.271334e-19	4.813735e-20	8.488651e-21	2.093308e-21	6.135088e-22	4.210776e-22	3.625267e-21	4.344639e-20	6.696249e-20	4.603520e-20	3.077940e-20	2.756042e-20	3.081883e-20	3.885224e-20	5.394164e-20	7.895366e-20	1.122124e-19	1.169966e-19	7.053942e-20	3.782123e-20	3.124810e-20	1.072561e-18	6.636672e-17	8.678015e-16	2.811354e-15	8.455272e-15	2.341640e-14	4.639758e-14	6.480543e-14	6.642953e-14	5.206156e-14	3.311849e-14	1.791359e-14	8.560584e-15	3.727972e-15	1.515908e-15	5.865060e-16	2.190450e-16	7.985617e-17	2.867326e-17	1.021846e-17	3.643199e-18	1.314059e-18	4.897166e-19	1.973769e-19	9.479689e-20	
R31	8.991802e-38	2.586652e-37	4.838019e-36	2.518993e-33	1.749575e-35	2.169626e-37	1.309497e-38	1.423384e-39	2.062729e-40	1.590952e-40	1.948709e-38	4.994297e-36	2.305715e-35	2.200305e-35	2.027797e-35	3.428790e-35	9.348888e-35	3.327783e-34	1.463908e-33	7.217991e-33	3.340526e-32	8.328371e-32	7.007629e-32	4.655696e-32	7.217376e-32	1.894024e-28	1.601546e-24	6.057481e-22	1.412140e-20	2.853627e-19	4.942022e-18	4.460000e-17	2.045899e-16	5.312566e-16	8.638370e-16	9.813854e-16	8.538049e-16	6.114598e-16	3.811643e-16	2.157842e-16	1.145132e-16	5.831310e-17	2.898854e-17	1.425170e-17	7.002304e-18	3.473183e-18	1.762028e-18	9.353509e-19	5.435584e-19	3.788386e-19	
R32	1.862700e-15	2.723705e-15	8.348946e-15	2.054557e-14	6.889146e-16	5.010585e-17	7.274134e-18	1.295176e-18	2.398621e-19	9.520075e-20	4.537602e-19	3.052204e-18	2.927251e-18	1.474198e-18	8.119768e-19	6.509490e-19	7.028324e-19	8.851122e-19	1.229107e-18	1.791725e-18	2.482734e-18	2.306721e-18	1.067844e-18	3.998817e-19	2.344324e-19	6.047628e-18	2.926487e-16	3.228103e-15	1.232488e-14	1.045959e-13	1.438072e-12	1.244379e-11	5.975069e-11	1.617476e-10	2.604348e-10	2.921866e-10	2.502208e-10	1.755651e-10	1.065862e-10	5.833573e-11	2.965863e-11	1.430733e-11	6.645502e-12	3.002445e-12	1.329594e-12	5.813645e-13	2.535012e-13	1.120391e-13	5.163030e-14	2.634235e-14	
R33	1.649906e-14	2.275267e-14	7.944514e-14	1.454708e-12	9.672480e-14	8.579904e-15	1.673562e-15	4.373199e-16	1.320760e-16	9.209040e-17	8.001316e-16	9.643951e-15	1.492371e-14	1.029158e-14	6.898477e-15	6.190545e-15	6.936525e-15	8.761862e-15	1.218816e-14	1.787293e-14	2.544624e-14	2.657330e-14	1.604695e-14	8.620140e-15	7.139096e-15	2.457798e-13	1.526365e-11	2.004509e-10	6.526702e-10	1.974345e-09	5.504393e-09	1.099215e-08	1.549998e-08	1.607964e-08	1.279605e-08	8.295951e-09	4.590046e-09	2.251695e-09	1.009968e-09	4.243735e-10	1.702055e-10	6.610057e-11	2.513152e-11	9.435996e-12	3.524984e-12	1.320425e-12	5.014911e-13	1.971116e-13	8.364434e-14	4.173305e-14	
R34	1.395692e-35	1.149820e-33	2.029284e-31	8.815575e-28	6.011311e-27	1.959455e-27	7.970815e-28	3.624597e-28	1.799537e-28	1.437113e-28	1.797647e-28	7.250007e-29	1.296525e-29	2.155889e-30	3.529447e-31	6.494589e-32	1.863615e-32	9.983325e-33	8.265287e-33	7.470982e-33	4.752973e-33	1.139936e-33	1.034534e-34	1.082740e-35	3.333011e-36	5.701898e-36	1.693918e-33	3.883111e-31	9.512266e-30	1.937845e-28	3.348732e-27	3.166178e-26	1.666365e-25	5.313087e-25	1.087869e-24	1.598877e-24	1.803830e-24	1.660948e-24	1.320020e-24	9.483737e-25	6.376377e-25	4.110236e-25	2.583571e-25	1.603853e-25	9.939922e-26	6.217680e-26	3.979743e-26	2.655956e-26	1.887000e-26	1.413572e-26	
R35	6.581530e-15	3.081192e-15	1.441122e-14	2.219912e-12	1.529676e-13	5.455914e-15	4.742120e-16	5.267120e-17	5.588997e-18	8.502676e-19	2.693408e-19	1.110071e-19	4.846375e-20	2.406229e-20	1.204297e-20	6.017808e-21	3.360827e-21	2.067902e-21	1.362398e-21	9.733400e-22	7.215604e-22	4.902262e-22	3.073596e-22	2.583073e-22	3.125073e-22	9.081074e-22	7.017551e-20	1.679487e-18	8.966560e-18	4.061703e-17	1.589680e-16	4.288200e-16	8.017892e-16	1.097372e-15	1.157095e-15	9.964068e-16	7.322374e-16	4.762162e-16	2.824283e-16	1.564857e-16	8.255971e-17	4.208792e-17	2.096638e-17	1.029590e-17	5.020149e-18	2.447009e-18	1.200946e-18	5.966773e-19	2.984675e-19	1.451619e-19	
R36	9.621296e-26	1.160874e-25	4.994573e-24	1.696452e-20	3.982523e-20	2.606667e-21	2.112440e-22	1.651220e-23	9.125960e-25	3.720467e-26	1.097854e-27	3.138077e-29	2.211027e-30	3.659101e-31	8.341516e-32	2.330708e-32	1.020165e-32	6.287404e-33	4.675927e-33	3.907999e-33	2.632835e-33	7.653769e-34	1.153882e-34	3.348522e-35	2.485262e-35	5.377361e-35	3.250577e-33	6.791439e-32	3.637503e-31	2.238979e-30	1.890489e-29	1.214017e-28	4.430447e-28	1.006075e-27	1.579548e-27	1.797338e-27	1.609526e-27	1.212623e-27	8.103148e-28	5.004494e-28	2.947047e-28	1.693123e-28	9.649728e-29	5.524513e-29	3.209691e-29	1.911636e-29	1.182023e-29	7.723738e-30	5.462580e-30	4.319556e-30	
R37	8.742809e-18	3.039007e-18	1.638166e-17	2.822733e-14	3.706552e-15	1.738143e-16	1.756613e-17	1.947091e-18	1.809814e-19	2.480959e-20	1.003930e-20	4.790944e-21	1.696886e-21	5.792188e-22	1.876268e-22	5.914665e-23	2.101825e-23	8.435000e-24	3.651806e-24	1.657392e-24	6.834766e-25	2.081008e-25	5.605262e-26	2.683230e-26	2.572122e-26	6.764203e-26	5.001880e-24	1.217715e-22	6.892135e-22	3.352135e-21	1.414286e-20	4.166236e-20	8.554800e-20	1.469108e-19	2.148466e-19	2.511864e-19	2.405266e-19	1.959378e-19	1.411472e-19	9.292173e-20	5.730726e-20	3.368958e-20	1.911462e-20	1.057230e-20	5.755956e-21	3.119131e-21	1.704471e-21	9.489600e-22	5.335765e-22	2.855127e-22	
R38	8.805405e-18	2.497813e-18	9.369918e-18	9.205375e-15	1.363514e-14	9.404710e-16	7.472347e-17	5.388162e-18	2.367714e-19	7.000825e-21	2.188864e-22	1.022002e-23	1.084856e-24	2.364656e-25	6.852416e-26	2.381696e-26	1.190003e-26	7.589280e-27	5.335642e-27	3.977989e-27	2.427860e-27	6.851013e-28	1.018593e-28	2.743355e-29	1.851204e-29	3.757555e-29	2.166607e-27	4.100120e-26	1.790907e-25	6.643984e-25	2.087722e-24	4.334510e-24	5.524651e-24	5.288582e-24	4.405409e-24	3.028102e-24	1.802915e-24	9.720142e-25	4.933955e-25	2.431874e-25	1.185406e-25	5.748987e-26	2.773443e-26	1.330913e-26	6.375187e-27	3.074739e-27	1.518944e-27	7.897176e-28	4.539058e-28	3.585449e-28	
R39	9.861578e-19	2.422111e-19	4.108898e-19	1.782661e-17	5.804497e-18	3.516654e-19	2.964267e-20	2.435335e-21	1.349836e-22	5.525471e-24	2.554609e-25	1.961527e-26	3.193977e-27	8.036225e-28	2.228352e-28	6.535236e-29	2.594138e-29	1.352482e-29	8.635533e-30	6.346988e-30	4.358077e-30	2.502220e-30	1.421010e-30	1.169247e-30	1.309207e-30	3.159059e-30	1.940559e-28	3.796806e-27	1.696355e-26	6.382160e-26	2.015284e-25	4.149725e-25	5.070409e-25	4.599932e-25	3.666104e-25	2.363711e-25	1.290220e-25	6.204270e-26	2.713399e-26	1.106514e-26	4.288749e-27	1.603176e-27	5.845394e-28	2.097740e-28	7.468249e-29	2.659513e-29	9.574666e-30	3.535241e-30	1.361707e-30	5.561214e-31	
R40	3.467288e-22	3.978725e-23	1.051837e-23	2.016653e-23	4.898998e-24	8.591213e-25	1.905653e-25	5.043244e-26	1.879329e-26	5.016313e-27	3.552167e-28	2.823767e-29	7.167754e-30	3.445685e-30	1.844656e-30	1.037506e-30	8.620904e-31	9.783659e-31	1.351652e-30	2.201533e-30	3.409387e-30	3.814349e-30	2.904632e-30	1.847261e-30	9.689660e-31	4.000280e-31	1.407841e-31	4.675875e-32	1.481865e-32	4.367674e-33	1.179961e-33	2.866145e-34	5.577569e-35	1.090566e-35	2.558703e-36	6.107147e-37	1.494727e-37	3.776305e-38	9.865128e-39	2.661453e-39	7.399388e-40	2.116376e-40	6.221522e-41	1.879651e-41	5.844236e-42	1.878099e-42	6.307269e-43	2.272509e-43	9.366849e-44	5.640479e-44	
R41	5.266413e-52	5.596345e-52	1.023189e-51	1.551321e-51	3.135543e-52	8.199694e-54	1.069318e-55	4.836012e-58	3.029166e-61	8.901257e-66	1.478185e-71	1.235743e-76	4.642066e-80	5.509653e-83	6.438025e-86	8.998538e-89	7.109414e-91	4.430877e-92	1.709165e-92	1.923129e-92	1.609357e-92	1.160149e-92	2.038487e-92	7.587408e-92	2.790172e-91	6.295503e-91	4.219018e-90	6.255732e-89	4.116762e-88	2.043930e-87	6.889281e-87	1.097364e-86	3.891480e-87	1.281639e-87	1.075653e-87	7.711023e-88	4.819233e-88	2.722419e-88	1.430043e-88	7.137359e-89	3.438270e-89	1.616165e-89	7.467744e-90	3.409404e-90	1.543795e-90	6.955694e-91	3.132100e-91	1.422623e-91	6.642953e-92	3.225286e-92	
R44	6.601789e-13	1.598492e-13	4.739820e-13	3.664542e-10	1.850160e-10	5.422257e-12	2.843889e-13	1.681333e-14	7.491367e-16	3.323076e-17	2.416929e-18	2.293521e-19	3.284980e-20	7.951180e-21	2.396675e-21	8.469374e-22	4.266850e-22	2.730383e-22	1.938540e-22	1.471637e-22	9.278862e-23	2.883846e-23	5.184845e-24	1.506389e-24	8.622535e-25	1.412887e-24	6.766520e-23	1.239883e-21	8.967012e-21	1.298413e-19	2.270304e-18	2.158051e-17	1.030374e-16	2.750651e-16	4.560122e-16	5.248820e-16	4.606934e-16	3.319108e-16	2.077442e-16	1.179222e-16	6.267746e-17	3.193604e-17	1.587110e-17	7.793787e-18	3.822537e-18	1.892299e-18	9.572197e-19	5.010685e-19	2.721051e-19	1.495885e-19	
R45	5.312549e-14	1.216267e-14	2.250443e-14	1.070852e-11	6.784232e-12	1.889706e-13	9.779645e-15	5.904270e-16	2.901439e-17	1.532012e-18	1.322024e-19	1.636729e-20	3.321707e-21	1.140570e-21	4.886993e-22	2.389402e-22	1.466035e-22	1.021804e-22	7.350616e-23	5.346534e-23	3.512183e-23	1.626776e-23	5.622768e-24	2.583151e-24	1.789440e-24	3.028713e-24	1.374304e-22	1.965430e-21	6.343570e-21	1.745300e-20	4.262496e-20	8.100979e-20	1.379579e-19	2.292502e-19	3.182653e-19	3.447316e-19	3.010107e-19	2.235267e-19	1.484060e-19	9.140942e-20	5.339282e-20	2.992205e-20	1.621763e-20	8.572787e-21	4.465065e-21	2.321974e-21	1.229352e-21	6.804634e-22	4.104006e-22	3.243624e-22	
R46	2.656275e-15	6.081335e-16	1.125221e-15	5.354262e-13	3.392116e-13	9.448531e-15	4.889822e-16	2.952135e-17	1.450719e-18	7.660061e-20	6.610119e-21	8.183644e-22	1.660854e-22	5.702848e-23	2.443496e-23	1.194701e-23	7.330173e-24	5.109018e-24	3.675308e-24	2.673267e-24	1.756091e-24	8.133879e-25	2.811384e-25	1.291576e-25	8.947200e-26	1.514356e-25	6.871522e-24	9.827150e-23	3.171785e-22	8.726500e-22	2.131248e-21	4.050489e-21	6.897897e-21	1.146251e-20	1.591326e-20	1.723658e-20	1.505054e-20	1.117634e-20	7.420299e-21	4.570471e-21	2.669641e-21	1.496102e-21	8.108814e-22	4.286394e-22	2.232532e-22	1.160987e-22	6.146759e-23	3.402317e-23	2.052003e-23	1.621812e-23	
R47	1.112337e-18	2.955423e-18	8.789295e-17	4.868690e-12	2.276128e-10	2.620497e-11	2.826135e-12	2.571637e-13	1.420212e-14	4.908566e-16	1.256042e-17	3.428204e-19	2.047648e-20	2.753742e-21	5.257714e-22	1.275363e-22	4.713720e-23	2.291263e-23	1.235211e-23	6.969444e-24	2.898281e-24	4.207072e-25	2.600524e-26	2.583323e-27	5.704436e-28	4.059102e-28	9.133898e-27	8.107686e-26	2.783212e-25	1.904879e-24	1.650791e-23	8.038631e-23	2.041569e-22	2.890261e-22	2.464420e-22	1.464748e-22	6.698978e-23	2.553523e-23	8.685717e-24	2.810714e-24	9.214626e-25	3.228143e-25	1.240970e-25	5.204940e-26	2.331062e-26	1.096107e-26	5.408214e-27	2.847293e-27	1.670152e-27	1.350617e-27	
R48	4.468539e-14	9.244009e-15	1.245000e-14	3.927712e-13	1.020232e-13	6.373464e-15	5.231026e-16	3.889566e-17	1.784829e-18	5.418278e-20	1.691594e-21	9.313067e-23	1.241442e-23	2.665928e-24	6.312425e-25	1.586307e-25	5.662415e-26	2.794769e-26	1.769847e-26	1.331767e-26	9.321938e-27	5.522494e-27	3.402996e-27	3.131523e-27	3.844140e-27	9.776268e-27	6.191270e-25	1.248082e-23	5.746831e-23	2.214529e-22	7.092776e-22	1.460492e-21	1.717476e-21	1.514025e-21	1.224233e-21	8.044344e-22	4.491575e-22	2.217162e-22	9.987331e-23	4.208555e-23	1.690957e-23	6.572851e-24	2.499336e-24	9.379140e-25	3.500187e-25	1.309585e-25	4.964468e-26	1.933246e-26	7.840155e-27	3.326262e-27	
R49	1.049307e-18	2.061332e-19	2.398833e-19	6.602342e-18	2.950484e-18	2.130108e-19	1.711472e-20	1.200715e-21	5.454358e-23	1.822645e-24	6.997563e-26	4.654465e-27	6.777614e-28	1.540605e-28	3.869070e-29	1.028328e-29	3.697024e-30	1.740132e-30	9.989596e-31	6.569186e-31	4.014962e-31	2.043343e-31	1.020325e-31	7.251092e-32	6.830006e-32	1.347141e-31	6.590240e-30	1.003417e-28	3.419690e-28	9.677226e-28	2.287621e-27	3.553512e-27	3.343800e-27	2.406400e-27	1.563350e-27	8.442827e-28	3.967948e-28	1.686530e-28	6.677830e-29	2.518843e-29	9.201740e-30	3.295090e-30	1.166823e-30	4.113141e-31	1.451690e-31	5.163286e-32	1.868015e-32	6.967275e-33	2.721677e-33	1.127206e-33	
R50	6.109811e-11	1.886515e-11	4.121376e-11	1.809287e-09	5.128009e-11	1.653655e-12	1.228612e-13	1.081302e-14	7.395653e-16	5.407138e-17	7.939320e-18	2.023002e-18	8.264901e-19	5.098505e-19	3.590642e-19	2.708497e-19	2.558855e-19	2.753037e-19	3.032661e-19	3.388545e-19	3.488927e-19	2.549948e-19	1.176999e-19	5.592270e-20	3.488416e-20	5.174324e-20	2.071069e-18	2.619692e-17	7.548313e-17	1.882436e-16	4.134053e-16	6.419648e-16	7.272183e-16	6.784186e-16	5.757278e-16	4.543960e-16	3.259179e-16	2.101078e-16	1.230215e-16	6.674489e-17	3.425040e-17	1.691635e-17	8.154164e-18	3.879046e-18	1.839100e-18	8.780988e-19	4.276317e-19	2.152728e-19	1.125271e-19	6.027537e-20	
R51	3.552075e-18	7.407249e-18	6.540002e-17	2.761604e-16	3.343703e-16	6.956727e-17	1.100481e-17	1.316223e-18	9.789521e-20	3.424657e-21	3.914906e-23	3.943417e-25	1.250500e-26	9.316011e-28	9.648010e-29	1.266694e-29	2.846047e-30	9.991155e-31	4.743102e-31	2.725686e-31	1.289867e-31	3.140093e-32	4.909486e-33	1.152452e-33	4.543131e-34	1.962993e-34	8.296988e-35	4.060444e-35	3.093848e-35	7.286074e-35	4.522360e-34	2.532671e-33	7.838763e-33	1.564819e-32	2.377780e-32	2.636246e-32	2.302720e-32	1.689149e-32	1.094613e-32	6.517041e-33	3.670148e-33	1.995687e-33	1.062601e-33	5.593543e-34	2.932023e-34	1.541225e-34	8.206228e-35	4.506168e-35	2.644405e-35	1.800209e-35	
R52	1.181338e-14	5.821461e-15	5.187442e-15	8.763102e-15	4.553558e-16	5.052836e-17	7.145054e-18	7.997153e-19	5.581752e-20	2.804378e-21	1.457545e-22	9.543714e-24	8.566694e-25	8.334634e-26	7.772669e-27	7.360955e-28	9.847481e-29	1.912571e-29	5.133845e-30	1.704932e-30	5.192845e-31	1.441951e-31	5.066651e-32	2.686865e-32	1.766099e-32	1.067951e-32	5.959508e-33	3.654142e-33	3.159437e-33	6.190061e-33	1.961273e-32	4.928004e-32	7.492859e-32	1.007708e-31	1.422900e-31	1.620911e-31	1.513955e-31	1.200791e-31	8.388536e-32	5.323712e-32	3.139881e-32	1.747055e-32	9.260364e-33	4.709440e-33	2.313282e-33	1.106373e-33	5.206122e-34	2.435762e-34	1.136407e-34	5.234995e-35	
R53	3.299197e-10	1.617492e-10	1.245161e-10	1.520798e-10	1.161822e-10	2.547271e-11	3.950622e-12	4.358888e-13	2.577642e-14	6.540022e-16	7.921471e-18	1.303381e-19	6.226901e-21	6.109898e-22	8.043533e-23	1.313653e-23	3.369224e-24	1.223926e-24	5.492776e-25	2.815758e-25	1.207133e-25	2.852544e-26	4.398308e-27	9.582131e-28	3.434376e-28	1.392083e-28	5.612425e-29	2.487818e-29	1.545892e-29	2.194232e-29	5.068436e-29	9.177080e-29	9.920081e-29	8.348018e-29	6.730316e-29	4.507514e-29	2.617754e-29	1.374122e-29	6.764137e-30	3.213969e-30	1.498215e-30	6.877104e-31	3.099452e-31	1.367581e-31	5.910272e-32	2.515820e-32	1.070212e-32	4.675866e-33	2.230008e-33	1.516484e-33	
R54	1.251623e-13	4.938791e-13	2.553406e-12	1.464903e-10	2.879837e-09	8.390253e-10	1.364804e-10	1.376046e-11	6.491363e-13	9.896660e-15	4.120755e-17	1.883392e-19	3.215053e-21	1.355313e-22	8.187932e-24	6.543323e-25	9.703448e-26	2.360228e-26	7.936229e-27	3.235047e-27	9.834524e-28	1.279343e-28	9.841169e-30	1.015086e-30	1.458037e-31	2.317003e-32	3.872873e-33	8.529153e-34	4.407129e-34	1.202131e-33	7.788921e-33	3.250082e-32	6.286555e-32	7.138840e-32	5.880112e-32	3.405267e-32	1.519090e-32	5.637857e-33	1.859707e-33	5.801481e-34	1.818889e-34	6.030992e-35	2.165950e-35	8.352967e-36	3.375126e-36	1.400703e-36	5.951188e-37	2.632959e-37	1.281499e-37	8.921710e-38	
R55	1.287191e-18	3.330026e-18	5.073756e-18	2.809641e-18	6.984457e-19	3.244762e-19	1.682899e-19	8.213890e-20	2.791603e-20	3.849779e-21	2.020500e-22	6.837454e-24	4.253518e-25	5.028154e-26	8.084372e-27	1.702487e-27	6.003394e-28	3.250977e-28	2.374668e-28	2.124815e-28	1.795070e-28	8.136624e-29	1.565410e-29	2.690073e-30	8.212777e-31	1.143907e-29	3.738381e-28	3.031964e-27	9.096079e-27	6.419019e-26	7.700080e-25	6.046500e-24	2.713031e-23	7.012189e-23	1.094304e-22	1.204959e-22	1.065013e-22	9.674475e-23	1.141304e-22	1.487508e-22	1.862162e-22	6.653799e-22	5.619350e-21	2.725862e-20	7.684169e-20	1.459512e-19	2.118903e-19	2.583409e-19	2.788867e-19	2.713275e-19	
R56	3.879316e-19	1.941106e-17	7.200538e-17	7.315226e-17	4.908198e-17	4.947498e-17	4.916953e-17	3.838041e-17	1.338279e-17	1.493171e-18	8.648297e-20	5.802268e-21	7.508058e-22	1.530303e-22	3.847971e-23	1.156327e-23	4.832755e-24	2.581283e-24	1.552091e-24	9.897570e-25	5.434638e-25	1.851985e-25	5.751716e-26	2.917590e-26	1.779391e-26	1.054240e-26	6.071341e-27	3.778812e-27	3.292708e-27	6.747610e-27	2.393145e-26	7.264602e-26	1.558128e-25	2.556618e-25	3.227395e-25	3.105128e-25	2.395321e-25	1.556921e-25	8.902187e-26	4.632858e-26	2.249648e-26	1.036909e-26	4.589905e-27	1.967465e-27	8.221829e-28	3.373916e-28	1.374339e-28	5.660530e-29	2.436938e-29	1.177676e-29	
R57	1.749774e-28	8.831970e-28	1.626813e-26	3.183275e-24	7.770241e-24	7.172860e-25	5.718334e-26	3.360997e-27	9.887633e-29	1.122200e-30	5.370748e-33	3.111871e-35	4.676547e-37	1.094539e-38	2.794670e-40	8.811670e-42	6.676433e-43	1.471147e-43	7.585148e-44	5.835464e-44	3.205843e-44	7.109104e-45	8.765312e-46	1.458670e-46	5.088472e-47	3.058419e-47	9.576566e-47	8.144701e-46	5.338448e-45	7.107077e-44	1.118276e-42	9.130999e-42	2.920403e-41	5.589788e-41	8.896819e-41	9.923414e-41	8.446546e-41	5.898667e-41	3.576017e-41	1.964598e-41	1.009564e-41	4.964176e-42	2.373959e-42	1.117490e-42	5.228798e-43	2.455210e-43	1.171262e-43	5.789752e-44	3.060069e-44	1.778578e-44	
R59	6.698809e-16	1.476271e-15	3.113197e-14	2.268942e-11	9.942769e-11	1.101435e-11	1.376431e-12	1.726361e-13	1.741509e-14	1.236940e-15	4.372079e-17	1.027210e-18	4.742346e-20	4.736781e-21	6.593825e-22	1.183978e-22	3.532032e-23	1.530982e-23	8.087215e-24	4.810915e-24	2.141009e-24	3.157878e-25	2.020838e-26	2.372281e-27	6.673486e-28	2.590960e-28	1.088375e-28	5.895571e-29	6.151504e-29	1.971592e-28	1.363697e-27	8.080611e-27	2.859129e-26	6.389803e-26	9.831492e-26	1.103371e-25	9.788288e-26	7.326927e-26	4.874223e-26	3.001134e-26	1.763776e-26	1.012103e-26	5.765040e-27	3.300227e-27	1.917894e-27	1.142736e-27	7.071708e-28	4.642145e-28	3.359160e-28	2.897673e-28	
R60	6.360290e-08	3.924986e-08	1.005603e-07	3.595376e-05	8.491604e-06	6.468664e-07	9.628886e-08	1.618076e-08	2.537243e-09	5.410971e-10	2.269694e-10	7.882461e-11	1.699809e-11	3.304158e-12	6.169116e-13	1.181248e-13	2.751660e-14	7.609550e-15	2.331473e-15	7.590561e-16	2.080777e-16	3.248967e-17	3.823200e-18	7.702275e-19	2.890129e-19	1.388342e-19	7.203320e-20	4.588620e-20	5.105342e-20	1.301423e-19	4.510124e-19	1.222498e-18	2.392267e-18	3.984464e-18	5.708765e-18	6.582866e-18	6.244517e-18	5.054071e-18	3.624526e-18	2.378864e-18	1.464176e-18	8.597242e-19	4.875062e-19	2.696164e-19	1.468270e-19	7.959792e-20	4.353267e-20	2.434817e-20	1.400737e-20	8.176412e-21	
R61	4.004403e-09	2.516442e-09	6.572390e-09	2.398378e-06	5.790678e-07	4.516763e-08	6.898117e-09	1.195244e-09	1.951995e-10	4.398492e-11	1.969298e-11	7.197538e-12	1.598258e-12	3.177285e-13	6.062327e-14	1.184993e-14	2.799146e-15	7.796939e-16	2.391951e-16	7.766139e-17	2.124187e-17	3.304205e-18	3.848377e-19	7.642427e-20	2.833773e-20	1.352241e-20	6.990608e-21	4.437703e-21	4.920568e-21	1.251209e-20	4.331625e-20	1.175376e-19	2.315116e-19	3.877269e-19	5.555812e-19	6.406494e-19	6.077210e-19	4.918659e-19	3.527415e-19	2.315128e-19	1.424947e-19	8.366900e-20	4.744446e-20	2.623927e-20	1.428931e-20	7.746529e-21	4.236631e-21	2.369582e-21	1.363208e-21	7.957345e-22	
R62	1.039611e-17	3.705285e-18	5.444343e-18	8.588210e-16	1.560091e-15	1.088490e-16	7.281178e-18	4.047610e-19	1.290204e-20	1.897775e-22	1.256460e-24	8.836769e-27	2.063135e-28	1.216948e-29	1.000106e-30	1.062143e-31	2.160156e-32	7.389343e-33	3.515107e-33	2.062285e-33	9.022044e-34	1.508159e-34	1.403855e-35	2.560426e-36	9.990180e-37	4.604050e-37	2.101672e-37	1.209819e-37	1.315563e-37	4.225013e-37	2.900832e-36	1.665009e-35	4.897688e-35	9.140907e-35	1.335734e-34	1.402980e-34	1.146551e-34	7.792931e-35	4.641984e-35	2.522556e-35	1.288432e-35	6.319928e-36	3.023737e-36	1.427761e-36	6.719016e-37	3.182533e-37	1.536761e-37	7.719848e-38	4.181394e-38	2.613542e-38	
R63	1.035350e-11	5.822816e-12	5.560471e-12	2.242172e-10	3.157187e-11	1.865161e-12	2.176875e-13	2.632152e-14	2.302838e-15	1.355242e-16	6.100460e-18	2.811789e-19	2.033650e-20	2.360136e-21	3.475666e-22	6.300492e-23	1.778928e-23	7.004195e-24	3.320052e-24	1.755912e-24	7.394558e-25	1.403604e-25	1.311460e-26	1.756858e-27	5.057821e-28	1.984256e-28	8.299021e-29	4.232051e-29	3.735144e-29	7.407684e-29	1.928375e-28	3.656229e-28	4.239721e-28	3.782922e-28	3.080085e-28	2.086508e-28	1.229374e-28	6.575754e-29	3.316336e-29	1.624846e-29	7.870471e-30	3.789379e-30	1.812328e-30	8.607396e-31	4.073085e-31	1.937409e-31	9.416915e-32	4.787615e-32	2.632901e-32	1.700782e-32	
R64	2.182274e-09	1.111553e-09	2.005793e-09	4.141383e-07	1.118633e-06	1.272048e-07	1.512689e-08	1.685623e-09	1.281744e-10	6.102302e-12	2.060008e-13	7.226701e-15	4.756854e-16	5.987965e-17	1.013802e-17	2.168092e-18	7.163274e-19	3.162268e-19	1.574641e-19	8.406983e-20	3.406050e-20	4.917263e-21	3.173469e-22	3.564897e-23	9.346649e-24	3.451077e-24	1.393043e-24	6.882984e-25	5.897381e-25	1.144897e-24	2.953140e-24	5.645413e-24	6.885374e-24	6.414663e-24	5.235394e-24	3.549269e-24	2.093440e-24	1.121360e-24	5.666611e-25	2.784472e-25	1.354566e-25	6.561516e-26	3.163611e-26	1.518015e-26	7.273288e-27	3.509342e-27	1.735069e-27	9.062324e-28	5.329362e-28	4.592301e-28	
R65	1.723969e-12	7.031032e-13	5.290950e-13	4.434826e-12	2.410646e-12	2.196119e-13	2.515946e-14	2.860562e-15	2.389791e-16	1.327713e-17	5.553809e-19	2.848405e-20	2.711993e-21	3.784320e-22	5.918203e-23	1.036417e-23	2.671295e-24	9.556127e-25	4.314987e-25	2.278515e-25	1.041344e-25	3.073235e-26	7.677452e-27	2.688314e-27	1.190709e-27	5.281789e-28	2.284792e-28	1.173886e-28	1.034738e-28	2.045852e-28	5.312376e-28	1.005343e-27	1.162560e-27	1.017205e-27	7.941645e-28	5.050161e-28	2.730810e-28	1.304686e-28	5.680473e-29	2.309412e-29	8.933184e-30	3.335313e-30	1.215403e-30	4.361348e-31	1.553099e-31	5.533019e-32	1.993615e-32	7.394851e-33	2.914309e-33	1.298372e-33	
R66	1.297992e-05	5.825181e-06	3.830688e-06	4.015442e-06	1.153739e-06	1.201637e-07	1.398318e-08	1.488755e-09	1.127720e-10	6.091629e-12	2.740261e-13	1.380516e-14	1.146581e-15	1.531329e-16	2.573274e-17	5.230056e-18	1.557177e-18	6.113468e-19	2.807776e-19	1.424571e-19	6.166478e-20	1.543766e-20	2.593320e-21	5.285778e-22	1.432194e-22	4.398531e-23	1.423336e-23	5.913568e-24	5.893205e-24	3.190505e-23	4.061904e-22	3.400777e-21	1.463309e-20	3.616770e-20	5.809434e-20	6.515330e-20	5.577937e-20	3.912751e-20	2.374949e-20	1.299584e-20	6.605816e-21	3.185690e-21	1.479044e-21	6.678210e-22	2.955115e-22	1.291128e-22	5.624034e-23	2.473977e-23	1.114771e-23	5.275952e-24	
R67	2.147120e-04	8.726957e-05	7.674750e-05	7.577599e-03	8.634712e-03	3.907067e-04	2.978177e-05	2.725879e-06	2.259795e-07	1.856288e-08	1.660469e-09	1.496046e-10	1.848573e-11	3.614660e-12	8.926831e-13	2.651111e-13	1.066277e-13	5.121165e-14	2.607197e-14	1.360343e-14	5.940273e-15	1.411000e-15	2.130634e-16	4.119443e-17	1.117044e-17	3.453547e-18	1.099537e-18	4.114543e-19	2.610552e-19	3.764391e-19	7.551668e-19	1.320594e-18	2.143255e-18	3.454246e-18	4.698189e-18	5.019120e-18	4.341554e-18	3.203171e-18	2.117180e-18	1.300082e-18	7.578687e-19	4.242114e-19	2.297890e-19	1.214581e-19	6.327667e-20	3.291947e-20	1.744333e-20	9.699529e-21	5.985432e-21	5.160543e-21	
R68	5.994165e-09	2.827433e-08	3.996584e-07	4.593597e-03	3.862626e-01	7.224021e-02	1.147517e-02	1.583028e-03	1.474848e-04	7.930059e-06	2.103461e-07	4.178051e-09	1.519389e-10	1.163610e-11	1.280535e-12	1.886735e-13	4.571179e-14	1.531140e-14	5.841574e-15	2.364356e-15	6.535948e-16	4.865392e-17	1.313888e-18	5.492956e-20	4.747934e-21	6.171290e-22	9.743653e-23	2.263079e-23	1.527157e-23	5.478109e-23	3.899507e-22	1.747240e-21	4.228924e-21	5.806566e-21	4.850591e-21	2.843466e-21	1.288281e-21	4.878981e-22	1.652155e-22	5.330098e-23	1.743924e-23	6.102144e-24	2.344454e-24	9.832386e-25	4.404620e-25	2.071989e-25	1.023165e-25	5.411489e-26	3.247747e-26	2.865073e-26	
R69	4.240882e-09	1.479047e-09	8.180807e-10	4.671969e-09	3.755264e-09	4.404110e-10	5.211914e-11	5.543451e-12	4.248144e-13	2.208438e-14	8.788975e-16	4.254397e-17	3.771829e-18	4.882441e-19	7.067441e-20	1.140959e-20	2.688921e-21	8.721348e-22	3.543220e-22	1.671428e-22	6.790641e-23	1.772313e-23	3.866312e-24	1.156357e-24	4.263579e-25	1.536103e-25	5.272641e-26	2.100610e-26	1.407295e-26	2.087255e-26	4.052873e-26	5.792815e-26	5.194784e-26	3.625862e-26	2.307795e-26	1.229233e-26	5.723072e-27	2.416823e-27	9.526683e-28	3.582458e-28	1.306114e-28	4.671521e-29	1.653281e-29	5.827444e-30	2.057263e-30	7.320180e-31	2.650535e-31	9.931362e-32	3.969393e-32	1.793362e-32	
R70	2.469342e-01	1.353612e-01	1.405524e-01	1.280293e+00	6.526734e-02	3.419019e-03	3.741468e-04	4.992149e-05	5.760127e-06	6.551648e-07	9.971827e-08	1.849118e-08	4.599523e-09	1.615803e-09	6.558851e-10	3.005156e-10	1.861107e-10	1.379791e-10	1.075657e-10	8.621628e-11	5.900939e-11	2.211722e-11	4.460000e-12	8.918192e-13	2.177617e-13	5.900120e-14	1.656996e-14	5.484212e-15	3.106336e-15	4.060176e-15	7.324110e-15	1.046509e-14	1.129775e-14	1.022213e-14	8.498815e-15	6.615778e-15	4.700797e-15	3.010876e-15	1.755041e-15	9.492878e-16	4.861572e-16	2.398267e-16	1.155371e-16	5.495781e-17	2.606281e-17	1.244913e-17	6.067685e-18	3.068563e-18	1.641136e-18	9.589694e-19	
R71	1.646228e+00	9.024082e-01	9.370163e-01	8.535288e+00	4.351156e-01	2.279346e-02	2.494312e-03	3.328099e-04	3.840085e-05	4.367765e-06	6.647885e-07	1.232745e-07	3.066349e-08	1.077202e-08	4.372567e-09	2.003437e-09	1.240738e-09	9.198609e-10	7.171050e-10	5.747752e-10	3.933959e-10	1.474481e-10	2.973333e-11	5.945461e-12	1.451745e-12	3.933414e-13	1.104664e-13	3.656142e-14	2.070891e-14	2.706784e-14	4.882740e-14	6.976729e-14	7.531834e-14	6.814751e-14	5.665877e-14	4.410519e-14	3.133865e-14	2.007251e-14	1.170028e-14	6.328585e-15	3.241048e-15	1.598845e-15	7.702471e-16	3.663854e-16	1.737521e-16	8.299419e-17	4.045124e-17	2.045709e-17	1.094091e-17	6.393130e-18	
R72	4.145146e-25	1.607897e-23	1.019999e-22	1.244874e-20	2.028525e-20	7.022922e-21	3.386129e-21	1.522467e-21	3.155173e-22	2.208911e-23	8.993388e-25	4.097163e-26	3.685882e-27	5.626822e-28	1.068753e-28	2.507123e-29	9.454457e-30	5.093470e-30	3.287025e-30	2.343821e-30	1.288060e-30	2.956633e-31	5.001080e-32	1.879890e-32	1.127767e-32	7.172287e-33	4.520382e-33	3.413519e-33	4.457700e-33	1.327135e-32	5.389386e-32	1.682931e-31	3.474577e-31	5.515055e-31	7.028243e-31	6.844819e-31	5.362609e-31	3.556864e-31	2.087798e-31	1.123649e-31	5.694052e-32	2.769619e-32	1.311543e-32	6.113794e-33	2.832517e-33	1.317532e-33	6.237659e-34	3.071251e-34	1.630399e-34	9.983875e-35	
R73	1.588738e-26	2.197102e-24	1.150041e-22	6.380146e-20	9.819194e-19	4.941675e-19	2.921518e-19	2.056746e-19	1.899926e-19	2.809726e-19	4.322543e-19	1.655193e-19	2.553598e-20	3.430286e-21	4.601113e-22	7.115351e-23	1.629997e-23	6.553729e-24	3.890676e-24	2.417094e-24	1.064989e-24	1.952106e-25	1.487941e-26	1.036319e-27	1.511264e-28	4.878042e-29	9.633960e-29	4.510127e-28	9.692516e-28	1.966387e-27	3.898587e-27	6.781270e-27	1.213157e-26	2.335247e-26	3.922823e-26	5.351172e-26	5.949724e-26	5.610258e-26	4.708445e-26	3.659508e-26	2.698514e-26	1.910892e-26	1.309214e-26	8.748036e-27	5.758945e-27	3.785816e-27	2.538287e-27	1.799461e-27	1.452776e-27	1.706801e-27	
R74	6.517181e-23	4.231202e-22	6.787716e-21	1.175678e-18	5.383858e-18	7.366714e-19	9.526267e-20	1.057322e-20	8.052712e-22	3.709863e-23	1.008692e-24	2.851588e-26	1.345568e-27	8.385095e-29	5.688400e-30	4.570226e-31	6.430369e-32	1.925478e-32	1.046429e-32	7.088975e-33	3.790254e-33	1.115560e-33	1.935449e-34	3.317164e-35	9.877062e-36	5.054980e-36	1.350736e-35	8.116268e-35	2.152932e-34	5.073890e-34	1.082845e-33	1.822542e-33	2.505077e-33	3.497376e-33	4.676771e-33	4.908843e-33	4.156690e-33	2.991992e-33	1.924069e-33	1.147011e-33	6.477447e-34	3.503128e-34	1.827056e-34	9.257969e-35	4.600197e-35	2.269106e-35	1.132966e-35	5.921969e-36	3.476171e-36	2.904716e-36	
R75	7.301384e-17	1.478817e-16	1.887024e-15	8.185219e-13	4.336842e-12	4.382614e-13	5.161775e-14	6.246467e-15	6.423374e-16	4.849303e-17	1.759902e-18	4.776202e-20	2.903184e-21	3.881388e-22	7.249533e-23	1.702320e-23	5.948533e-24	2.751651e-24	1.467383e-24	8.429057e-25	3.932892e-25	8.737897e-26	1.106397e-26	2.136639e-27	7.512497e-28	3.066931e-28	1.232485e-28	5.258713e-29	2.470954e-29	1.514637e-29	1.467269e-29	1.733442e-29	2.150320e-29	2.947982e-29	3.797202e-29	4.010258e-29	3.539225e-29	2.730621e-29	1.926901e-29	1.287396e-29	8.314697e-30	5.247670e-30	3.259972e-30	2.008856e-30	1.239744e-30	7.759701e-31	5.025975e-31	3.488653e-31	2.803712e-31	3.477066e-31	
R76	6.682222e-10	3.181919e-10	3.540095e-10	4.441505e-08	1.484824e-07	1.581223e-08	1.825878e-09	2.038310e-10	1.666533e-11	9.124962e-13	3.508831e-14	1.555504e-15	1.424467e-16	2.508307e-17	5.955370e-18	1.739561e-18	6.938848e-19	3.321411e-19	1.674413e-19	8.580016e-20	3.626704e-20	7.821433e-21	9.766756e-22	1.750492e-22	5.595855e-23	2.143089e-23	8.214883e-24	3.174785e-24	1.216562e-24	4.494560e-25	1.620348e-25	6.189058e-26	2.681393e-26	1.549651e-26	1.059052e-26	6.756366e-27	3.964472e-27	2.188810e-27	1.173278e-27	6.255947e-28	3.344464e-28	1.781843e-28	9.369536e-29	4.839544e-29	2.462417e-29	1.248096e-29	6.458568e-30	3.566992e-30	2.329707e-30	2.886140e-30	
R77	6.682222e-09	3.181919e-09	3.540095e-09	4.441505e-07	1.484824e-06	1.581223e-07	1.825878e-08	2.038310e-09	1.666533e-10	9.124962e-12	3.508831e-13	1.555504e-14	1.424467e-15	2.508307e-16	5.955370e-17	1.739561e-17	6.938848e-18	3.321411e-18	1.674413e-18	8.580016e-19	3.626704e-19	7.821433e-20	9.766756e-21	1.750492e-21	5.595855e-22	2.143089e-22	8.214883e-23	3.174785e-23	1.216562e-23	4.494560e-24	1.620348e-24	6.189058e-25	2.681393e-25	1.549651e-25	1.059052e-25	6.756366e-26	3.964472e-26	2.188810e-26	1.173278e-26	6.255947e-27	3.344464e-27	1.781843e-27	9.369536e-28	4.839544e-28	2.462417e-28	1.248096e-28	6.458568e-29	3.566992e-29	2.329707e-29	2.886140e-29	
R78	7.833967e-11	3.329084e-11	1.730767e-11	9.938146e-11	7.597958e-11	7.424473e-12	9.550813e-13	1.290449e-13	1.447253e-14	1.237655e-15	8.208751e-17	6.812894e-18	1.034900e-18	2.237839e-19	5.406479e-20	1.414980e-20	4.673880e-21	1.869147e-21	8.590959e-22	4.303930e-22	2.033047e-22	8.820122e-23	4.079838e-23	2.141790e-23	1.097760e-23	4.903810e-24	1.982091e-24	7.842623e-25	3.044586e-25	1.132805e-25	4.092106e-26	1.554822e-26	6.577066e-27	3.658871e-27	2.393187e-27	1.432116e-27	7.703974e-28	3.793738e-28	1.752106e-28	7.729475e-29	3.285724e-29	1.349274e-29	5.362333e-30	2.071322e-30	7.833009e-31	2.931454e-31	1.105501e-31	4.336012e-32	1.897843e-32	1.215583e-32	
R79	2.894443e-04	1.358572e-04	6.197082e-05	4.469242e-05	1.814580e-05	2.037500e-06	2.677241e-07	3.410345e-08	3.499901e-09	2.947423e-10	2.135465e-11	1.763214e-12	2.353941e-13	4.900272e-14	1.279386e-14	3.907550e-15	1.496620e-15	6.581420e-16	3.077845e-16	1.480455e-16	6.619509e-17	2.433597e-17	7.548514e-18	2.297802e-18	7.181876e-19	2.217333e-19	6.697924e-20	2.141141e-20	9.389021e-21	9.559360e-21	1.692619e-20	2.846019e-20	4.487337e-20	7.061943e-20	9.503375e-20	1.002968e-19	8.542300e-20	6.176202e-20	3.976565e-20	2.361191e-20	1.318953e-20	6.995924e-21	3.542358e-21	1.721729e-21	8.090618e-22	3.713368e-22	1.692948e-22	7.874709e-23	3.940833e-23	2.681416e-23	
R80	1.055159e-11	4.706077e-11	4.150909e-10	2.936371e-06	3.098291e-04	5.507332e-05	8.632120e-06	1.216044e-06	1.249533e-07	7.997356e-09	2.516853e-10	6.522225e-12	3.360824e-13	3.651286e-14	5.711787e-15	1.164386e-15	3.435683e-16	1.253450e-16	4.845370e-17	1.879026e-17	5.411766e-18	6.003735e-19	3.116884e-20	2.060472e-21	2.155435e-22	2.893842e-23	4.328999e-24	7.847379e-25	2.363293e-25	1.610779e-25	1.601540e-25	1.434751e-25	1.238596e-25	1.058624e-25	7.405519e-26	4.085221e-26	1.841317e-26	7.187623e-27	2.581793e-27	9.038129e-28	3.249729e-28	1.250664e-28	5.240467e-29	2.365814e-29	1.125466e-29	5.561641e-30	2.874474e-30	1.607580e-30	1.071523e-30	1.358989e-30	
R81	1.926647e-04	4.891201e-03	2.284043e-01	1.210330e+02	2.068038e+03	9.907482e+02	4.427770e+02	1.881643e+02	7.197412e+01	2.662581e+01	9.664248e+00	3.440242e+00	1.420136e+00	7.210424e-01	4.059472e-01	2.430361e-01	1.556205e-01	1.014933e-01	6.512870e-02	4.106190e-02	2.478658e-02	1.316404e-02	6.261627e-03	3.028907e-03	1.512215e-03	7.405990e-04	3.479367e-04	1.578806e-04	6.919873e-05	2.927936e-05	1.229338e-05	5.657712e-06	3.294784e-06	2.456270e-06	1.890027e-06	1.335171e-06	8.543122e-07	5.039336e-07	2.803661e-07	1.495983e-07	7.711489e-08	3.845346e-08	1.856387e-08	8.704234e-09	3.987125e-09	1.799921e-09	8.128133e-10	3.768681e-10	1.902592e-10	1.336936e-10	
R82	2.038344e-21	4.791195e-20	9.826578e-18	4.961941e-13	1.940030e-10	8.103289e-11	1.988875e-11	3.627576e-12	4.192197e-13	2.071622e-14	2.229421e-16	1.333864e-18	2.386202e-20	1.249474e-21	1.039930e-22	1.211503e-23	2.550164e-24	8.226964e-25	3.287756e-25	1.465020e-25	4.327272e-26	3.012991e-27	6.822767e-29	2.849041e-30	3.193145e-31	5.480429e-32	1.092178e-32	2.892395e-33	1.445493e-33	2.204167e-33	7.576641e-33	2.293467e-32	4.242865e-32	4.955539e-32	3.920377e-32	2.271919e-32	1.050203e-32	4.159206e-33	1.503669e-33	5.278087e-34	1.913286e-34	7.548605e-35	3.326032e-35	1.626227e-35	8.629721e-36	4.884044e-36	2.948063e-36	1.946364e-36	1.521318e-36	1.930426e-36	
R83	1.865491e-13	1.030905e-12	1.843485e-11	2.692474e-07	6.642168e-05	2.923621e-05	7.035260e-06	1.183729e-06	1.087658e-07	3.898182e-09	4.444943e-11	4.344099e-13	1.170806e-14	8.074596e-16	8.542850e-17	1.238006e-17	2.974717e-18	9.930448e-19	3.751618e-19	1.491258e-19	3.990380e-20	2.696977e-21	6.022818e-23	2.334144e-24	2.378487e-25	3.829576e-26	7.279697e-27	1.746193e-27	7.116816e-28	6.540683e-28	8.367105e-28	8.188566e-28	5.290742e-28	2.604953e-28	1.093406e-28	3.827663e-29	1.176388e-29	3.333935e-30	9.155748e-31	2.564823e-31	7.695911e-32	2.563123e-32	9.559400e-33	3.917751e-33	1.714062e-33	7.855660e-34	3.788373e-34	1.990069e-34	1.264119e-34	1.602351e-34	
R84	2.568473e-10	1.648423e-09	1.832344e-08	1.671682e-05	1.330622e-03	7.861531e-04	3.225019e-04	1.111528e-04	2.908007e-05	4.651629e-06	3.495667e-07	1.977933e-08	1.747232e-09	2.536438e-10	4.664055e-11	1.021382e-11	2.916115e-12	9.828740e-13	3.501801e-13	1.266034e-13	3.571386e-14	4.397261e-15	2.784929e-16	2.190248e-17	2.654003e-18	4.224784e-19	7.743067e-20	1.746258e-20	6.631226e-21	5.776937e-21	7.221090e-21	7.215901e-21	5.339430e-21	2.898315e-21	1.167599e-21	3.833995e-22	1.080272e-22	2.730671e-23	6.461099e-24	1.497502e-24	3.572874e-25	9.171776e-26	2.585350e-26	7.923790e-27	2.576596e-27	8.719078e-28	3.064281e-28	1.143167e-28	4.866312e-29	3.189171e-29	
R85	1.216999e-16	6.483134e-15	9.482065e-13	8.078376e-07	6.531011e-03	5.001944e-03	1.711514e-03	3.849014e-04	4.813863e-05	2.261832e-06	2.443675e-08	1.579315e-10	2.580081e-12	1.164415e-13	8.605716e-15	9.215088e-16	1.703812e-16	4.425757e-17	1.286831e-17	3.840681e-18	6.958010e-19	2.393047e-20	2.157929e-22	2.963404e-24	9.564167e-26	5.301754e-27	3.894807e-28	4.341565e-29	1.377974e-29	2.320972e-29	8.166014e-29	1.879766e-28	2.462624e-28	1.819942e-28	7.821728e-29	2.367659e-29	5.589550e-30	1.119998e-30	2.061092e-31	3.790757e-32	7.650039e-33	1.840450e-33	5.469726e-34	1.959277e-34	8.014573e-35	3.581134e-35	1.724876e-35	9.175329e-36	5.948004e-36	7.718613e-36	
R86	7.425754e-17	3.955810e-15	5.785667e-13	4.929179e-07	3.985024e-03	3.052034e-03	1.044313e-03	2.348551e-04	2.937272e-05	1.380101e-06	1.491056e-08	9.636496e-11	1.574287e-12	7.104907e-14	5.250946e-15	5.622765e-16	1.039614e-16	2.700462e-17	7.851853e-18	2.343466e-18	4.245565e-19	1.460164e-20	1.316702e-22	1.808179e-24	5.835763e-26	3.234969e-27	2.376492e-28	2.649091e-29	8.407977e-30	1.416186e-29	4.982653e-29	1.146976e-28	1.502618e-28	1.110473e-28	4.772580e-29	1.444673e-29	3.410573e-30	6.833888e-31	1.257615e-31	2.313004e-32	4.667821e-33	1.122986e-33	3.337460e-34	1.195491e-34	4.890248e-35	2.185098e-35	1.052467e-35	5.598506e-36	3.629290e-36	4.709662e-36	
R87	6.808147e-16	2.173643e-15	9.891425e-15	3.254846e-12	1.899063e-10	6.667981e-11	1.193702e-11	1.331163e-12	7.368095e-14	1.355057e-15	6.788538e-18	3.918428e-20	8.467974e-22	3.970661e-23	2.374714e-24	1.730217e-25	2.236476e-26	4.728867e-27	1.419438e-27	5.275882e-28	1.481917e-28	1.956947e-29	1.820221e-30	2.499725e-31	4.517219e-32	8.065731e-33	1.397190e-33	2.886103e-34	9.810742e-35	7.217631e-35	7.086390e-35	5.082072e-35	2.134894e-35	7.091537e-36	2.316267e-36	6.370722e-37	1.545535e-37	3.453156e-38	7.397272e-39	1.585824e-39	3.566157e-40	8.769666e-41	2.400788e-41	7.227671e-42	2.329941e-42	7.874776e-43	2.781179e-43	1.048086e-43	4.524769e-44	3.007148e-44	
R88	0.000000e+00	0.000000e+00	0.000000e+00	0.000000e+00	0.000000e+00	0.000000e+00	0.000000e+00	0.000000e+00	0.000000e+00	0.000000e+00	0.000000e+00	0.000000e+00	0.000000e+00	0.000000e+00	0.000000e+00	0.000000e+00	0.000000e+00	0.000000e+00	0.000000e+00	0.000000e+00	0.000000e+00	0.000000e+00	0.000000e+00	0.000000e+00	0.000000e+00	0.000000e+00	0.000000e+00	0.000000e+00	0.000000e+00	0.000000e+00	0.000000e+00	0.000000e+00	0.000000e+00	0.000000e+00	0.000000e+00	0.000000e+00	0.000000e+00	0.000000e+00	0.000000e+00	0.000000e+00	0.000000e+00	0.000000e+00	0.000000e+00	0.000000e+00	0.000000e+00	0.000000e+00	0.000000e+00	0.000000e+00	0.000000e+00	0.000000e+00	
R89	0.000000e+00	0.000000e+00	0.000000e+00	0.000000e+00	0.000000e+00	0.000000e+00	0.000000e+00	0.000000e+00	0.000000e+00	0.000000e+00	0.000000e+00	0.000000e+00	0.000000e+00	0.000000e+00	0.000000e+00	0.000000e+00	0.000000e+00	0.000000e+00	0.000000e+00	0.000000e+00	0.000000e+00	0.000000e+00	0.000000e+00	0.000000e+00	0.000000e+00	0.000000e+00	0.000000e+00	0.000000e+00	0.000000e+00	0.000000e+00	0.000000e+00	0.000000e+00	0.000000e+00	0.000000e+00	0.000000e+00	0.000000e+00	0.000000e+00	0.000000e+00	0.000000e+00	0.000000e+00	0.000000e+00	0.000000e+00	0.000000e+00	0.000000e+00	0.000000e+00	0.000000e+00	0.000000e+00	0.000000e+00	0.000000e+00	0.000000e+00	
R90	0.000000e+00	0.000000e+00	0.000000e+00	0.000000e+00	0.000000e+00	0.000000e+00	0.000000e+00	0.000000e+00	0.000000e+00	0.000000e+00	0.000000e+00	0.000000e+00	0.000000e+00	0.000000e+00	0.000000e+00	0.000000e+00	0.000000e+00	0.000000e+00	0.000000e+00	0.000000e+00	0.000000e+00	0.000000e+00	0.000000e+00	0.000000e+00	0.000000e+00	0.000000e+00	0.000000e+00	0.000000e+00	0.000000e+00	0.000000e+00	0.000000e+00	0.000000e+00	0.000000e+00	0.000000e+00	0.000000e+00	0.000000e+00	0.000000e+00	0.000000e+00	0.000000e+00	0.000000e+00	0.000000e+00	0.000000e+00	0.000000e+00	0.000000e+00	0.000000e+00	0.000000e+00	0.000000e+00	0.000000e+00	0.000000e+00	0.000000e+00	
R91	1.872961e-20	3.335046e-18	1.864927e-16	1.042108e-14	1.044599e-13	1.966235e-13	3.266500e-13	5.746081e-13	1.323214e-12	4.616198e-12	1.558023e-11	1.210520e-11	3.064762e-12	5.313807e-13	8.090422e-14	1.298547e-14	2.812225e-15	1.032872e-15	5.648876e-16	3.294470e-16	1.430063e-16	2.934148e-17	2.784250e-18	2.371525e-19	4.100570e-20	1.592376e-20	3.891412e-20	2.289922e-19	6.273319e-19	1.643140e-18	4.130235e-18	8.061794e-18	1.234155e-17	1.512492e-17	1.485427e-17	1.229238e-17	8.739595e-18	5.478083e-18	3.119272e-18	1.658603e-18	8.413023e-19	4.132152e-19	1.986212e-19	9.421700e-20	4.444104e-20	2.101907e-20	1.009056e-20	5.032718e-21	2.732078e-21	1.723005e-21	
R93	8.465158e-16	1.709460e-15	1.770488e-14	5.748208e-13	1.432371e-12	3.790889e-13	8.456042e-14	1.578317e-14	2.090517e-15	1.465636e-16	3.641427e-18	7.666201e-20	4.314024e-21	4.750236e-22	6.464934e-23	1.024949e-23	2.519591e-24	9.122429e-25	4.359860e-25	2.493662e-25	1.202120e-25	3.241695e-26	6.357858e-27	2.029540e-27	1.082451e-27	6.095045e-28	3.264001e-28	1.878678e-28	1.206234e-28	1.003850e-28	1.258937e-28	1.633186e-28	1.518662e-28	1.184607e-28	8.900112e-29	5.702150e-29	3.217968e-29	1.650389e-29	7.901586e-30	3.611695e-30	1.604549e-30	7.024021e-31	3.061316e-31	1.339204e-31	5.921780e-32	2.666724e-32	1.236727e-32	6.039446e-33	3.263675e-33	2.172679e-33	
R94	4.007390e-14	1.429172e-14	9.466557e-15	6.341982e-14	6.862309e-14	1.266611e-14	1.745882e-15	1.698826e-16	8.104431e-18	1.320664e-19	8.138506e-22	8.243658e-24	3.344127e-25	2.706870e-26	2.623973e-27	2.939830e-28	5.582168e-29	1.704051e-29	7.422505e-30	4.094910e-30	1.904764e-30	5.550496e-31	1.433181e-31	6.315161e-32	4.231209e-32	2.672824e-32	1.504174e-32	8.599215e-33	4.929582e-33	2.640115e-33	1.266169e-33	5.162645e-34	1.410832e-34	4.005734e-35	1.591942e-35	6.161093e-36	2.311731e-36	8.484208e-37	3.085560e-37	1.125564e-37	4.139152e-38	1.529561e-38	5.642748e-39	2.069096e-39	7.543281e-40	2.750804e-40	1.019220e-40	3.960223e-41	1.739215e-41	1.156587e-41	
R95	3.049867e-13	6.908357e-14	2.619804e-14	9.691767e-14	2.407807e-14	1.215983e-15	6.734510e-17	2.891149e-18	5.860695e-20	4.031809e-22	1.115339e-24	5.631277e-27	1.310059e-28	5.960602e-30	3.046300e-31	1.782226e-32	2.150069e-33	5.166364e-34	2.176101e-34	1.341121e-34	6.944970e-35	2.531000e-35	1.112238e-35	8.445567e-36	7.022080e-36	4.418006e-36	2.313621e-36	1.426899e-36	1.505963e-36	3.399076e-36	9.364423e-36	1.691281e-35	1.414464e-35	9.428383e-36	7.430651e-36	4.815690e-36	2.663688e-36	1.306380e-36	5.858376e-37	2.461129e-37	9.868819e-38	3.831477e-38	1.456090e-38	5.463727e-39	2.039523e-39	7.633972e-40	2.896325e-40	1.133064e-40	4.701470e-41	2.175919e-41	
R96	6.409393e-06	2.326458e-06	9.749500e-07	4.138714e-06	2.570850e-06	2.643313e-07	3.386732e-08	4.259080e-09	4.111242e-10	2.757235e-11	1.326219e-12	8.380901e-14	1.080674e-14	2.052497e-15	4.356708e-16	1.004591e-16	3.041899e-17	1.163304e-17	5.312576e-18	2.714394e-18	1.303040e-18	5.802180e-19	2.871049e-19	1.653018e-19	9.142020e-20	4.266498e-20	1.769415e-20	7.180747e-21	2.860148e-21	1.086469e-21	3.975523e-22	1.512626e-22	6.210662e-23	3.381605e-23	2.244374e-23	1.368780e-23	7.531977e-24	3.807442e-24	1.811154e-24	8.256296e-25	3.638247e-25	1.553574e-25	6.439080e-26	2.600866e-26	1.031004e-26	4.053906e-27	1.609783e-27	6.659134e-28	3.068743e-28	2.041881e-28	
R97	3.515866e-17	1.035561e-16	4.733824e-16	1.533183e-13	4.402940e-12	1.116125e-12	1.671989e-13	1.550699e-14	6.237768e-16	6.577317e-18	1.518568e-20	4.564645e-23	6.868184e-25	2.457098e-26	1.123114e-27	6.316645e-29	7.055058e-30	1.454866e-30	4.755491e-31	2.079197e-31	6.839504e-32	1.092079e-32	1.389088e-33	2.846936e-34	7.532083e-35	1.849921e-35	4.296663e-36	1.215093e-36	5.767480e-37	5.917466e-37	7.950134e-37	7.480444e-37	3.688043e-37	1.422806e-37	5.777746e-38	1.933540e-38	5.572797e-39	1.446043e-39	3.524093e-40	8.440120e-41	2.087492e-41	5.572258e-42	1.638081e-42	5.249881e-43	1.789468e-43	6.362199e-44	2.354415e-44	9.263667e-45	4.151894e-45	2.826636e-45	
R98	1.601160e-12	4.432255e-13	1.184469e-13	2.374618e-14	3.151715e-16	1.662119e-17	1.233422e-18	7.387174e-20	2.114569e-21	2.152374e-23	1.066511e-25	1.325355e-27	8.389769e-29	9.397090e-30	1.086433e-30	1.317253e-31	2.922957e-32	1.169364e-32	7.628781e-33	6.945647e-33	5.891226e-33	5.074961e-33	5.807642e-33	7.359913e-33	6.784903e-33	3.902296e-33	1.717172e-33	7.348699e-34	3.106006e-34	1.211958e-34	4.200241e-35	1.237254e-35	2.430964e-36	5.616211e-37	2.265365e-37	1.006704e-37	4.550406e-38	1.996921e-38	8.377219e-39	3.363777e-39	1.302237e-39	4.900746e-40	1.806471e-40	6.566529e-41	2.369478e-41	8.554108e-42	3.124468e-42	1.175485e-42	4.694880e-43	2.117165e-43	
R99	3.221575e-18	7.630379e-18	1.284358e-17	5.126983e-17	2.444956e-17	1.338527e-17	8.999878e-18	6.190137e-18	3.262681e-18	7.436483e-19	6.692986e-20	3.904134e-21	3.847292e-22	6.152510e-23	1.191805e-23	2.787034e-24	1.015315e-24	5.503435e-25	4.025535e-25	3.626108e-25	3.149493e-25	1.606353e-25	4.044657e-26	1.002272e-26	4.343906e-27	8.098461e-26	3.402325e-24	3.290652e-23	8.433106e-23	2.123915e-22	5.169045e-22	9.362362e-22	1.229709e-21	1.214862e-21	9.369727e-22	5.961978e-22	3.404557e-22	2.162275e-22	1.884605e-22	1.885755e-22	1.862311e-22	5.357083e-22	3.703303e-21	1.492893e-20	3.550154e-20	5.776771e-20	7.304770e-20	7.920420e-20	7.873576e-20	7.490860e-20	
R100	2.321895e-22	8.259469e-21	2.569563e-20	1.391245e-19	1.279405e-19	1.045801e-19	8.846543e-20	5.762467e-20	1.496642e-20	9.508611e-22	2.382557e-23	8.529783e-25	8.576155e-26	1.342576e-26	2.313191e-27	4.440880e-28	1.307479e-28	5.716673e-29	3.320611e-29	2.301829e-29	1.382486e-29	5.889764e-30	3.177980e-30	3.428296e-30	4.070316e-30	3.843000e-30	3.126699e-30	2.538719e-30	2.063813e-30	1.608762e-30	1.188627e-30	8.097016e-31	4.297728e-31	2.336287e-31	1.453253e-31	8.079745e-32	4.026888e-32	1.829996e-32	7.730645e-33	3.088694e-33	1.183176e-33	4.390353e-34	1.590768e-34	5.666724e-35	1.997647e-35	7.022824e-36	2.491664e-36	9.126665e-37	3.618168e-37	1.709873e-37	
R101	3.613827e-19	8.161842e-19	1.188494e-18	4.129282e-18	3.364637e-18	2.102307e-18	1.356708e-18	8.524720e-19	4.196775e-19	9.451724e-20	8.786808e-21	5.201132e-22	4.985467e-23	7.658094e-24	1.422499e-24	3.175760e-25	1.083278e-25	5.385789e-26	3.546290e-26	2.833686e-26	2.175006e-26	9.725642e-27	2.094697e-27	4.311097e-28	1.519080e-28	2.266629e-27	7.481008e-26	5.552735e-25	1.069765e-24	2.000827e-24	3.610696e-24	4.909864e-24	5.009861e-24	3.938898e-24	2.439504e-24	1.275764e-24	6.132118e-25	3.353437e-25	2.569147e-25	2.301103e-25	2.066199e-25	5.475510e-25	3.524943e-24	1.334818e-23	3.002012e-23	4.643661e-23	5.603984e-23	5.819781e-23	5.572712e-23	5.175605e-23	
R102	0.000000e+00	0.000000e+00	0.000000e+00	0.000000e+00	0.000000e+00	0.000000e+00	0.000000e+00	0.000000e+00	0.000000e+00	0.000000e+00	0.000000e+00	0.000000e+00	0.000000e+00	0.000000e+00	0.000000e+00	0.000000e+00	0.000000e+00	0.000000e+00	0.000000e+00	0.000000e+00	0.000000e+00	0.000000e+00	0.000000e+00	0.000000e+00	0.000000e+00	0.000000e+00	0.000000e+00	0.000000e+00	0.000000e+00	0.000000e+00	0.000000e+00	0.000000e+00	0.000000e+00	0.000000e+00	0.000000e+00	0.000000e+00	0.000000e+00	0.000000e+00	0.000000e+00	0.000000e+00	0.000000e+00	0.000000e+00	0.000000e+00	0.000000e+00	0.000000e+00	0.000000e+00	0.000000e+00	0.000000e+00	0.000000e+00	0.000000e+00	
R103	0.000000e+00	0.000000e+00	0.000000e+00	0.000000e+00	0.000000e+00	0.000000e+00	0.000000e+00	0.000000e+00	0.000000e+00	0.000000e+00	0.000000e+00	0.000000e+00	0.000000e+00	0.000000e+00	0.000000e+00	0.000000e+00	0.000000e+00	0.000000e+00	0.000000e+00	0.000000e+00	0.000000e+00	0.000000e+00	0.000000e+00	0.000000e+00	0.000000e+00	0.000000e+00	0.000000e+00	0.000000e+00	0.000000e+00	0.000000e+00	0.000000e+00	0.000000e+00	0.000000e+00	0.000000e+00	0.000000e+00	0.000000e+00	0.000000e+00	0.000000e+00	0.000000e+00	0.000000e+00	0.000000e+00	0.000000e+00	0.000000e+00	0.000000e+00	0.000000e+00	0.000000e+00	0.000000e+00	0.000000e+00	0.000000e+00	0.000000e+00	
R104	0.000000e+00	0.000000e+00	0.000000e+00	0.000000e+00	0.000000e+00	0.000000e+00	0.000000e+00	0.000000e+00	0.000000e+00	0.000000e+00	0.000000e+00	0.000000e+00	0.000000e+00	0.000000e+00	0.000000e+00	0.000000e+00	0.000000e+00	0.000000e+00	0.000000e+00	0.000000e+00	0.000000e+00	0.000000e+00	0.000000e+00	0.000000e+00	0.000000e+00	0.000000e+00	0.000000e+00	0.000000e+00	0.000000e+00	0.000000e+00	0.000000e+00	0.000000e+00	0.000000e+00	0.000000e+00	0.000000e+00	0.000000e+00	0.000000e+00	0.000000e+00	0.000000e+00	0.000000e+00	0.000000e+00	0.000000e+00	0.000000e+00	0.000000e+00	0.000000e+00	0.000000e+00	0.000000e+00	0.000000e+00	0.000000e+00	0.000000e+00	
R105	0.000000e+00	0.000000e+00	0.000000e+00	0.000000e+00	0.000000e+00	0.000000e+00	0.000000e+00	0.000000e+00	0.000000e+00	0.000000e+00	0.000000e+00	0.000000e+00	0.000000e+00	0.000000e+00	0.000000e+00	0.000000e+00	0.000000e+00	0.000000e+00	0.000000e+00	0.000000e+00	0.000000e+00	0.000000e+00	0.000000e+00	0.000000e+00	0.000000e+00	0.000000e+00	0.000000e+00	0.000000e+00	0.000000e+00	0.000000e+00	0.000000e+00	0.000000e+00	0.000000e+00	0.000000e+00	0.000000e+00	0.000000e+00	0.000000e+00	0.000000e+00	0.000000e+00	0.000000e+00	0.000000e+00	0.000000e+00	0.000000e+00	0.000000e+00	0.000000e+00	0.000000e+00	0.000000e+00	0.000000e+00	0.000000e+00	0.000000e+00	
R106	0.000000e+00	0.000000e+00	0.000000e+00	0.000000e+00	0.000000e+00	0.000000e+00	0.000000e+00	0.000000e+00	0.000000e+00	0.000000e+00	0.000000e+00	0.000000e+00	0.000000e+00	0.000000e+00	0.000000e+00	0.000000e+00	0.000000e+00	0.000000e+00	0.000000e+00	0.000000e+00	0.000000e+00	0.000000e+00	0.000000e+00	0.000000e+00	0.000000e+00	0.000000e+00	0.000000e+00	0.000000e+00	0.000000e+00	0.000000e+00	0.000000e+00	0.000000e+00	0.000000e+00	0.000000e+00	0.000000e+00	0.000000e+00	0.000000e+00	0.000000e+00	0.000000e+00	0.000000e+00	0.000000e+00	0.000000e+00	0.000000e+00	0.000000e+00	0.000000e+00	0.000000e+00	0.000000e+00	0.000000e+00	0.000000e+00	0.000000e+00	
R107	0.000000e+00	0.000000e+00	0.000000e+00	0.000000e+00	0.000000e+00	0.000000e+00	0.000000e+00	0.000000e+00	0.000000e+00	0.000000e+00	0.000000e+00	0.000000e+00	0.000000e+00	0.000000e+00	0.000000e+00	0.000000e+00	0.000000e+00	0.000000e+00	0.000000e+00	0.000000e+00	0.000000e+00	0.000000e+00	0.000000e+00	0.000000e+00	0.000000e+00	0.000000e+00	0.000000e+00	0.000000e+00	0.000000e+00	0.000000e+00	0.000000e+00	0.000000e+00	0.000000e+00	0.000000e+00	0.000000e+00	0.000000e+00	0.000000e+00	0.000000e+00	0.000000e+00	0.000000e+00	0.000000e+00	0.000000e+00	0.000000e+00	0.000000e+00	0.000000e+00	0.000000e+00	0.000000e+00	0.000000e+00	0.000000e+00	0.000000e+00	
R108	4.060361e-23	7.573022e-21	4.680313e-19	2.395499e-17	1.649344e-17	9.609754e-18	8.156196e-18	8.370456e-18	1.076186e-17	2.203721e-17	5.768605e-17	4.546277e-17	1.411940e-17	3.407523e-18	7.512437e-19	1.792350e-19	6.322310e-20	3.923924e-20	3.567078e-20	3.404254e-20	2.350971e-20	6.799775e-21	6.921484e-22	4.985621e-23	6.546947e-24	1.851947e-24	3.226294e-24	1.335885e-23	2.562950e-23	4.713098e-23	8.402466e-23	1.194187e-22	1.421094e-22	1.535707e-22	1.576936e-22	1.567436e-22	1.431563e-22	1.171880e-22	8.673504e-23	5.937960e-23	3.846758e-23	2.400705e-23	1.462817e-23	8.796318e-24	5.271182e-24	3.181509e-24	1.962104e-24	1.265069e-24	8.851876e-25	7.048225e-25	
R109	4.198556e-13	1.146874e-12	1.727912e-11	6.914776e-10	1.639048e-10	1.917582e-11	3.242356e-12	5.719860e-13	8.186464e-14	8.557651e-15	5.284482e-16	2.951701e-17	3.611776e-18	8.675172e-19	2.663241e-19	9.648291e-20	5.191361e-20	3.706876e-20	3.027009e-20	2.671099e-20	1.953425e-20	6.848265e-21	1.157996e-21	2.312807e-22	7.322602e-23	2.619808e-23	9.286741e-24	3.504630e-24	1.470113e-24	8.168243e-25	7.115277e-25	6.868359e-25	5.667497e-25	4.361972e-25	3.434485e-25	2.642991e-25	1.916039e-25	1.283347e-25	7.986547e-26	4.700123e-26	2.666854e-26	1.483378e-26	8.195511e-27	4.544872e-27	2.553169e-27	1.467240e-27	8.741462e-28	5.518388e-28	3.843726e-28	3.230668e-28	
R110	3.815201e-06	3.002358e-06	5.667365e-06	1.150552e-04	1.525469e-06	1.278656e-07	2.696201e-08	6.744764e-09	1.623498e-09	5.706590e-10	4.832380e-10	4.506401e-10	2.771912e-10	1.373240e-10	5.990461e-11	2.448458e-11	1.069565e-11	4.973038e-12	2.364034e-12	1.132820e-12	5.071038e-13	1.861996e-13	5.625249e-14	1.853293e-14	7.578527e-15	3.295467e-15	1.429013e-15	6.283851e-16	2.785488e-16	1.222926e-16	5.322979e-17	2.357068e-17	1.094343e-17	6.369517e-18	4.671509e-18	3.693704e-18	2.863317e-18	2.073655e-18	1.391162e-18	8.727026e-19	5.185872e-19	2.951610e-19	1.623404e-19	8.697550e-20	4.578611e-20	2.394030e-20	1.260514e-20	6.780045e-21	3.754494e-21	2.135397e-21	
R111	7.846536e-04	6.743606e-04	5.753665e-04	1.619644e-03	1.602396e-05	1.328351e-06	2.866332e-07	7.116677e-08	1.474177e-08	2.603018e-09	4.903022e-10	1.091152e-10	3.173228e-11	1.225179e-11	5.469737e-12	2.718708e-12	1.707648e-12	1.235558e-12	9.231767e-13	6.947204e-13	4.648578e-13	1.980445e-13	4.187334e-14	7.700889e-15	2.092349e-15	6.858429e-16	2.295205e-16	7.750602e-17	2.616061e-17	8.674336e-18	2.801386e-18	8.788918e-19	2.614317e-19	8.708546e-20	3.634567e-20	1.688271e-20	8.128858e-21	3.890591e-21	1.835523e-21	8.595749e-22	4.019798e-22	1.876043e-22	8.702784e-23	4.004030e-23	1.831582e-23	8.402803e-24	3.932024e-24	1.922474e-24	1.017663e-24	6.405300e-25	
R112	5.123355e-05	3.290253e-05	4.322131e-05	5.002842e-04	7.482243e-05	9.224702e-06	1.529227e-06	2.488628e-07	2.831952e-08	2.147064e-09	1.404802e-10	1.281738e-11	2.362857e-12	7.474987e-13	2.917077e-13	1.314582e-13	8.074162e-14	5.965900e-14	4.605443e-14	3.625248e-14	2.401793e-14	8.173324e-15	1.362966e-15	2.526429e-16	7.272543e-17	2.440869e-17	8.253188e-18	2.821082e-18	9.650710e-19	3.231811e-19	1.047681e-19	3.269693e-20	9.422960e-21	3.057248e-21	1.277185e-21	5.937112e-22	2.861675e-22	1.371607e-22	6.483943e-23	3.045291e-23	1.430270e-23	6.715731e-24	3.140646e-24	1.459876e-24	6.761577e-25	3.146611e-25	1.497748e-25	7.523072e-26	4.258525e-26	3.575489e-26	
R113	1.738724e-01	9.011994e-02	5.839191e-02	3.273614e-01	2.094090e-02	1.042614e-03	1.125798e-04	1.533939e-05	1.952057e-06	2.642899e-07	4.772635e-08	1.154640e-08	4.069579e-09	2.028088e-09	1.170222e-09	7.418447e-10	5.595208e-10	4.518199e-10	3.568872e-10	2.740748e-10	1.954391e-10	1.091677e-10	4.232113e-11	1.338127e-11	3.954319e-12	1.106674e-12	2.944741e-13	7.606751e-14	1.922837e-14	4.775403e-15	1.203214e-15	3.437376e-16	1.323585e-16	7.454589e-17	5.190142e-17	3.801968e-17	2.687507e-17	1.774226e-17	1.097029e-17	6.438745e-18	3.623734e-18	1.966147e-18	1.033022e-18	5.289455e-19	2.663823e-19	1.336640e-19	6.818607e-20	3.646286e-20	2.165828e-20	1.819470e-20	
R114	3.477448e-01	1.802399e-01	1.167838e-01	6.547227e-01	4.188180e-02	2.085229e-03	2.251596e-04	3.067878e-05	3.904114e-06	5.285798e-07	9.545270e-08	2.309281e-08	8.139158e-09	4.056175e-09	2.340445e-09	1.483689e-09	1.119042e-09	9.036398e-10	7.137744e-10	5.481496e-10	3.908783e-10	2.183354e-10	8.464227e-11	2.676255e-11	7.908638e-12	2.213348e-12	5.889482e-13	1.521350e-13	3.845674e-14	9.550805e-15	2.406428e-15	6.874751e-16	2.647169e-16	1.490918e-16	1.038028e-16	7.603936e-17	5.375013e-17	3.548452e-17	2.194057e-17	1.287749e-17	7.247468e-18	3.932293e-18	2.066044e-18	1.057891e-18	5.327645e-19	2.673281e-19	1.363721e-19	7.292572e-20	4.331656e-20	3.638941e-20	
R115	8.933857e-09	3.172977e-09	1.013299e-09	2.518781e-10	8.467221e-12	7.891273e-13	9.190659e-14	9.272078e-15	5.832115e-16	2.029817e-17	5.156086e-19	2.538709e-20	3.573230e-21	7.413268e-22	1.581248e-22	3.473851e-23	1.124828e-23	5.210541e-24	3.190095e-24	2.357187e-24	1.644468e-24	1.099326e-24	7.749890e-25	5.199708e-25	2.702578e-25	1.016255e-25	3.148997e-26	9.319509e-27	2.673402e-27	7.194619e-28	1.792993e-28	4.093576e-29	7.592002e-30	1.647622e-30	5.355146e-31	1.955872e-31	7.441469e-32	2.811893e-32	1.036877e-32	3.726804e-33	1.311803e-33	4.547964e-34	1.561178e-34	5.330742e-35	1.819184e-35	6.243220e-36	2.176331e-36	7.842131e-37	3.017016e-37	1.328137e-37	
R116	1.010237e-20	2.583664e-20	4.959914e-20	1.873552e-19	6.349798e-21	1.114832e-21	3.973717e-22	1.663068e-22	5.156736e-23	7.354635e-24	5.477730e-25	3.379893e-26	4.169619e-27	9.408816e-28	2.669833e-28	9.368829e-29	5.589930e-29	5.133458e-29	6.244058e-29	9.195155e-29	1.269619e-28	9.115760e-29	2.452247e-29	5.106845e-30	1.671325e-30	2.261957e-29	6.761339e-28	4.592721e-27	8.227036e-27	1.452682e-26	2.506034e-26	3.307025e-26	3.388854e-26	2.960938e-26	2.387826e-26	1.824975e-26	1.338730e-26	1.110397e-26	1.257983e-26	1.620664e-26	2.044127e-26	7.471433e-26	6.547367e-25	3.345903e-24	1.010844e-23	2.099026e-23	3.409781e-23	4.779395e-23	6.123887e-23	7.355936e-23	
R117	1.278747e-20	6.325383e-19	2.956370e-18	2.048764e-17	1.874125e-18	7.139395e-19	4.876231e-19	3.263775e-19	1.038287e-19	1.198076e-20	9.847400e-22	1.204635e-22	3.091185e-23	1.202689e-23	5.337267e-24	2.672584e-24	1.889964e-24	1.711910e-24	1.714078e-24	1.798937e-24	1.614403e-24	8.714358e-25	3.784278e-25	2.326281e-25	1.520868e-25	8.755535e-26	4.611934e-26	2.404089e-26	1.250811e-26	6.413589e-27	3.271222e-27	1.668763e-27	8.174298e-28	4.534098e-28	2.957783e-28	1.975211e-28	1.264594e-28	7.505279e-29	4.121159e-29	2.119981e-29	1.037181e-29	4.890173e-30	2.246123e-30	1.014299e-30	4.542603e-31	2.037951e-31	9.288779e-32	4.398313e-32	2.247466e-32	1.340971e-32	
R118	1.688215e-01	5.780264e+00	3.186979e+02	1.558053e+04	1.190988e+04	6.605636e+03	4.238160e+03	2.625542e+03	1.397784e+03	7.159928e+02	4.421939e+02	3.239734e+02	2.692197e+02	2.455741e+02	2.272483e+02	2.098990e+02	2.069517e+02	2.083447e+02	2.047261e+02	1.982808e+02	1.875996e+02	1.572148e+02	9.986515e+01	4.996029e+01	2.246080e+01	9.640052e+00	3.994961e+00	1.603327e+00	6.273573e-01	2.406093e-01	9.084146e-02	3.415980e-02	1.323262e-02	5.538151e-03	2.604934e-03	1.340883e-03	7.047637e-04	3.608999e-04	1.770744e-04	8.322511e-05	3.768962e-05	1.656347e-05	7.111502e-06	3.000780e-06	1.251233e-06	5.186092e-07	2.154196e-07	9.083945e-08	3.974618e-08	1.892870e-08	
R119	1.094541e-34	1.808009e-33	1.531576e-32	2.924033e-31	3.636541e-31	3.766446e-31	4.226618e-31	4.587420e-31	3.750089e-31	1.333329e-31	1.875201e-32	1.632170e-33	2.296852e-34	5.227525e-35	1.456603e-35	4.924541e-36	2.562340e-36	1.949464e-36	1.959513e-36	2.379699e-36	2.755454e-36	1.841536e-36	5.918512e-37	1.838395e-37	9.959282e-38	2.327130e-36	1.222042e-34	1.465401e-33	4.625897e-33	1.431357e-32	4.282571e-32	9.576875e-32	1.574662e-31	1.944852e-31	1.861774e-31	1.479197e-31	1.061601e-31	8.526542e-32	9.451052e-32	1.208567e-31	1.531689e-31	5.673711e-31	5.064268e-30	2.641007e-29	8.131581e-29	1.711582e-28	2.786580e-28	3.839022e-28	4.693868e-28	5.111531e-28	
R120	2.121845e-80	5.702565e-81	2.508650e-81	8.791884e-82	4.712311e-83	2.536497e-85	4.779080e-88	1.606780e-91	2.129669e-96	1.933716e-103	1.737617e-112	2.654001e-120	2.506603e-125	1.718114e-129	1.180642e-133	1.039865e-137	1.329718e-140	3.664149e-142	1.554418e-142	3.586115e-142	5.676837e-142	9.848289e-142	1.117783e-140	4.840494e-139	1.389147e-137	1.114420e-136	1.694207e-135	5.531439e-134	7.917883e-133	7.444922e-132	3.850977e-131	6.952341e-131	1.273740e-131	2.475345e-132	2.656790e-132	2.456199e-132	1.959968e-132	1.398305e-132	9.172823e-133	5.652268e-133	3.321648e-133	1.880755e-133	1.033175e-133	5.535170e-134	2.904902e-134	1.500103e-134	7.668282e-135	3.922921e-135	2.049769e-135	1.106037e-135	
R121	3.814699e-63	1.068498e-64	5.704935e-66	2.540684e-66	1.672336e-67	1.179601e-69	3.438383e-72	2.318335e-75	9.369087e-80	4.803491e-86	3.818133e-94	3.317932e-101	1.227657e-105	4.393933e-109	1.998350e-112	1.195363e-115	6.650903e-118	3.663772e-119	1.500188e-119	2.396746e-119	2.794955e-119	3.201564e-119	1.919317e-118	5.570422e-117	1.196866e-115	5.893985e-115	1.157928e-114	2.281283e-114	4.839366e-114	1.011566e-113	2.207039e-113	2.901300e-113	6.061911e-114	1.379056e-114	1.364073e-114	1.187542e-114	9.098264e-115	6.317482e-115	4.071950e-115	2.481905e-115	1.449695e-115	8.188276e-116	4.500287e-116	2.418455e-116	1.276528e-116	6.649677e-117	3.440691e-117	1.788766e-117	9.578336e-118	5.558032e-118	
R122	1.947143e-38	1.300264e-39	1.396120e-40	1.420439e-40	1.147810e-41	1.495587e-43	1.539435e-45	6.701435e-48	4.418541e-51	1.741774e-55	5.735025e-61	1.027662e-65	8.974382e-69	3.239056e-71	1.334793e-73	6.699659e-76	1.620544e-77	1.929602e-78	9.152796e-79	1.114281e-78	1.061680e-78	8.845770e-79	2.159577e-78	1.545866e-77	8.455760e-77	1.725031e-76	1.955761e-76	2.545838e-76	5.624410e-76	2.356673e-75	1.004606e-74	2.160257e-74	1.076942e-74	4.914648e-75	5.444704e-75	5.123240e-75	4.176182e-75	3.053896e-75	2.059079e-75	1.306950e-75	7.928233e-76	4.646130e-76	2.650844e-76	1.481408e-76	8.151385e-77	4.439683e-77	2.408480e-77	1.310771e-77	7.199995e-78	4.008611e-78	
R123	1.358422e-01	4.094636e-02	8.298427e-02	4.091165e+00	1.742923e+00	1.872794e-01	2.811981e-02	4.405690e-03	5.682743e-04	7.619800e-05	1.584676e-05	4.308473e-06	1.505077e-06	6.927188e-07	3.497930e-07	1.841338e-07	1.095484e-07	7.068594e-08	4.696450e-08	3.191431e-08	2.057781e-08	1.060107e-08	4.480944e-09	2.456940e-09	1.980226e-09	3.997900e-09	2.240687e-07	4.030713e-06	1.665077e-05	5.976686e-05	1.888267e-04	4.167798e-04	6.440685e-04	7.352839e-04	6.531851e-04	4.816526e-04	3.093487e-04	1.796703e-04	9.712220e-05	4.993627e-05	2.481916e-05	1.206691e-05	5.789684e-06	2.759675e-06	1.314035e-06	6.284700e-07	3.037955e-07	1.491449e-07	7.394537e-08	3.576995e-08	
R124	4.087137e-29	3.596232e-29	2.071711e-29	2.571798e-29	3.368260e-30	4.400779e-31	5.940232e-32	5.595338e-33	1.863568e-34	7.993864e-37	4.496079e-40	3.642455e-43	2.717794e-45	5.637056e-47	1.434860e-48	4.624488e-50	4.284402e-51	1.132614e-51	7.288658e-52	8.637302e-52	9.362708e-52	6.959710e-52	4.829329e-52	4.818208e-52	6.497483e-52	2.273948e-50	1.347428e-48	1.812157e-47	6.441831e-47	2.071435e-46	5.668157e-46	9.606451e-46	7.227449e-46	4.562979e-46	3.810179e-46	2.720696e-46	1.787132e-46	1.335476e-46	1.396805e-46	1.705355e-46	2.083306e-46	7.495783e-46	6.538313e-45	3.347881e-44	1.015802e-43	2.112918e-43	3.406917e-43	4.657101e-43	5.659848e-43	6.139600e-43	
R125	6.892228e-60	6.589034e-59	4.069156e-58	5.092808e-57	9.332162e-58	2.800238e-58	1.444654e-58	1.004011e-58	8.193673e-59	1.782025e-58	2.833507e-57	3.084071e-56	2.604461e-56	7.758283e-57	2.134805e-57	1.126968e-57	4.125025e-58	4.108975e-58	3.419511e-58	4.076611e-58	5.276945e-58	2.909660e-58	7.552358e-59	1.717002e-59	6.774759e-60	6.679327e-59	0.000000e+00	0.000000e+00	0.000000e+00	0.000000e+00	7.458350e-53	3.996027e-52	0.000000e+00	0.000000e+00	0.000000e+00	0.000000e+00	0.000000e+00	0.000000e+00	0.000000e+00	0.000000e+00	0.000000e+00	0.000000e+00	0.000000e+00	0.000000e+00	0.000000e+00	0.000000e+00	1.917650e-49	1.272824e-48	6.158267e-48	2.547826e-47	
R126	2.445491e-73	1.450437e-70	5.478248e-68	1.341441e-64	1.172940e-63	8.176913e-64	6.265885e-64	5.599292e-64	5.762199e-64	1.657985e-63	3.542938e-62	4.262167e-61	3.118739e-61	7.391794e-62	1.581800e-62	6.294265e-63	1.584758e-63	9.948264e-64	4.838288e-64	3.200672e-64	2.281615e-64	6.654481e-65	8.434933e-66	9.137870e-67	1.819269e-67	9.809886e-67	0.000000e+00	0.000000e+00	0.000000e+00	0.000000e+00	6.502483e-62	1.968416e-61	0.000000e+00	0.000000e+00	0.000000e+00	0.000000e+00	0.000000e+00	0.000000e+00	0.000000e+00	0.000000e+00	0.000000e+00	0.000000e+00	0.000000e+00	0.000000e+00	0.000000e+00	0.000000e+00	9.312482e-64	2.556780e-63	5.159557e-63	9.226168e-63	
R127	3.764116e-19	4.795112e-17	3.778114e-15	6.192724e-14	7.270299e-14	7.958905e-14	1.032874e-13	1.513507e-13	2.771598e-13	8.467928e-13	3.541311e-12	4.388221e-12	1.996929e-12	6.956981e-13	2.244034e-13	7.924606e-14	4.082164e-14	3.666148e-14	4.823477e-14	6.710173e-14	6.997564e-14	3.373864e-14	6.678803e-15	1.021334e-15	2.834563e-16	1.633502e-16	5.573117e-16	4.355086e-15	1.524414e-14	4.959777e-14	1.518878e-13	3.574368e-13	6.617198e-13	9.786700e-13	1.157276e-12	1.163784e-12	1.015291e-12	7.877672e-13	5.594357e-13	3.733625e-13	2.389954e-13	1.488150e-13	9.100834e-14	5.504793e-14	3.311776e-14	1.991882e-14	1.205358e-14	7.425392e-15	4.764091e-15	3.243694e-15	
R128	1.182364e-39	5.286071e-38	1.339515e-36	6.376030e-36	1.905116e-36	4.597623e-37	1.099517e-37	1.989369e-38	1.997922e-39	9.394204e-41	1.905011e-42	2.653995e-44	8.057320e-46	3.295151e-47	1.265365e-48	5.594493e-50	6.859353e-51	2.901833e-51	3.337658e-51	6.188055e-51	8.136865e-51	5.819132e-51	3.330810e-51	2.190696e-51	1.994611e-51	2.217783e-51	1.080116e-50	1.184378e-49	5.782548e-49	2.393650e-48	8.100707e-48	1.718419e-47	1.687294e-47	1.455130e-47	1.701575e-47	1.711143e-47	1.492810e-47	1.158275e-47	8.225535e-48	5.489650e-48	3.514014e-48	2.188067e-48	1.338120e-48	8.093846e-49	4.869394e-49	2.928719e-49	1.772270e-49	1.091776e-49	7.004773e-50	4.769291e-50	
R129	1.263589e-23	4.619437e-23	6.544628e-22	1.872916e-21	3.438716e-22	5.028058e-23	6.445289e-24	5.570373e-25	2.148456e-26	2.874518e-28	1.735438e-30	1.925576e-32	7.507037e-34	4.432268e-35	2.659063e-36	1.837017e-37	2.960103e-38	1.389801e-38	1.571431e-38	2.728400e-38	3.850208e-38	3.587681e-38	2.662827e-38	1.989289e-38	1.970417e-38	2.452134e-38	1.338048e-37	1.573720e-36	7.950478e-36	3.365038e-35	1.162622e-34	2.521372e-34	2.661892e-34	2.215887e-34	2.074941e-34	1.605550e-34	1.066750e-34	6.318251e-35	3.438069e-35	1.759936e-35	8.627603e-36	4.102871e-36	1.910046e-36	8.761277e-37	3.978467e-37	1.795479e-37	8.091210e-38	3.675060e-38	1.714367e-38	8.301985e-39	
R130	5.027716e-03	3.176432e-03	5.727909e-03	2.839962e-03	2.828875e-05	2.796867e-06	6.266313e-07	1.726412e-07	4.714840e-08	1.645866e-08	9.159763e-09	6.793837e-09	5.481022e-09	4.432254e-09	3.407027e-09	2.564507e-09	2.176206e-09	2.057218e-09	2.120599e-09	2.410602e-09	3.009060e-09	4.302082e-09	6.655625e-09	9.685475e-09	1.213570e-08	1.282814e-08	1.186884e-08	1.007490e-08	7.991520e-09	5.947026e-09	4.173420e-09	2.768164e-09	1.690183e-09	1.007365e-09	6.126406e-10	3.609695e-10	2.051272e-10	1.124145e-10	5.957364e-11	3.066212e-11	1.540140e-11	7.584268e-12	3.675874e-12	1.758802e-12	8.324746e-13	3.901641e-13	1.810342e-13	8.302606e-14	3.750434e-14	1.657872e-14	
R131	1.762419e-09	3.273288e-09	6.257109e-08	7.978048e-07	3.206814e-07	7.007576e-08	1.800146e-08	4.499688e-09	9.080005e-10	1.396831e-10	1.355769e-11	1.175575e-12	2.092337e-13	7.214186e-14	3.222782e-14	1.719245e-14	1.346215e-14	1.388456e-14	1.640427e-14	2.111519e-14	2.333086e-14	1.364770e-14	4.499560e-15	1.914745e-15	1.285070e-15	9.382040e-16	6.519106e-16	4.647047e-16	3.559524e-16	3.501327e-16	5.240447e-16	8.373825e-16	1.073193e-15	1.128880e-15	1.023551e-15	7.968988e-16	5.518349e-16	3.503352e-16	2.091892e-16	1.200127e-16	6.728506e-17	3.734086e-17	2.070579e-17	1.155012e-17	6.514142e-18	3.730409e-18	2.180734e-18	1.315352e-18	8.400826e-19	6.037777e-19	
R132	1.729880e-10	3.227474e-10	6.199253e-09	7.944772e-08	3.211072e-08	7.058499e-09	1.824895e-09	4.596616e-10	9.370369e-11	1.461479e-11	1.441827e-12	1.266259e-13	2.270307e-14	7.871864e-15	3.535709e-15	1.895932e-15	1.489750e-15	1.539270e-15	1.819193e-15	2.340018e-15	2.584127e-15	1.510188e-15	4.966199e-16	2.105743e-16	1.409062e-16	1.027018e-16	7.129761e-17	5.077939e-17	3.886252e-17	3.820338e-17	5.716436e-17	9.136869e-17	1.172898e-16	1.235459e-16	1.120217e-16	8.721595e-17	6.039513e-17	3.834215e-17	2.289455e-17	1.313470e-17	7.363959e-18	4.086741e-18	2.266129e-18	1.264093e-18	7.129351e-19	4.082716e-19	2.386687e-19	1.439577e-19	9.194217e-20	6.607997e-20	
R133	1.729123e-02	9.293988e-03	2.236616e-02	1.454127e-01	3.287415e-03	5.177319e-04	1.669253e-04	5.962279e-05	2.044112e-05	1.072031e-05	1.450322e-05	2.126535e-05	1.916619e-05	1.370687e-05	8.748206e-06	5.292460e-06	3.376231e-06	2.271545e-06	1.562829e-06	1.091648e-06	7.379155e-07	4.516709e-07	2.653697e-07	1.856106e-07	1.604140e-07	1.421079e-07	1.206815e-07	1.001530e-07	8.099796e-08	6.291670e-08	4.704148e-08	3.449127e-08	2.491238e-08	1.984470e-08	1.676063e-08	1.340772e-08	9.927950e-09	6.814931e-09	4.386755e-09	2.682686e-09	1.575167e-09	8.944930e-10	4.937737e-10	2.661014e-10	1.406361e-10	7.327746e-11	3.785750e-11	1.945575e-11	9.878848e-12	4.804507e-12	
R134	9.431581e-03	5.069448e-03	1.219973e-02	7.931601e-02	1.793136e-03	2.823992e-04	9.105017e-05	3.252152e-05	1.114970e-05	5.847442e-06	7.910850e-06	1.159928e-05	1.045429e-05	7.476477e-06	4.771749e-06	2.886797e-06	1.841581e-06	1.239024e-06	8.524522e-07	5.954446e-07	4.024994e-07	2.463659e-07	1.447471e-07	1.012422e-07	8.749853e-08	7.751340e-08	6.582625e-08	5.462890e-08	4.418071e-08	3.431820e-08	2.565899e-08	1.881342e-08	1.358857e-08	1.082438e-08	9.142161e-09	7.313302e-09	5.415245e-09	3.717235e-09	2.392776e-09	1.463283e-09	8.591821e-10	4.879052e-10	2.693311e-10	1.451462e-10	7.671061e-11	3.996952e-11	2.064954e-11	1.061223e-11	5.388463e-12	2.620640e-12	
R135	1.993387e-11	5.739502e-12	7.296299e-12	1.912131e-11	3.005897e-12	3.874746e-13	4.944787e-14	4.985794e-15	2.780639e-16	7.264767e-18	1.016389e-19	2.101963e-21	1.645369e-22	2.995983e-23	7.063765e-24	1.995937e-24	9.867567e-25	7.713471e-25	8.147769e-25	1.050424e-24	1.155245e-24	7.822656e-25	3.970788e-25	2.837323e-25	2.812734e-25	2.523595e-25	1.941588e-25	1.497234e-25	1.216265e-25	1.214043e-25	1.813165e-25	2.791252e-25	2.876625e-25	2.456248e-25	2.113862e-25	1.540281e-25	9.825682e-26	5.664083e-26	3.028339e-26	1.533380e-26	7.471428e-27	3.544366e-27	1.650823e-27	7.595651e-28	3.469008e-28	1.579247e-28	7.203633e-29	3.325056e-29	1.589569e-29	8.277974e-30	
R136	4.166631e-04	2.004373e-04	1.757288e-04	1.252320e-04	1.628697e-06	1.903015e-07	4.552353e-08	1.084338e-08	1.842220e-09	2.194963e-10	2.398349e-11	3.575456e-12	9.106180e-13	3.377533e-13	1.472052e-13	7.295787e-14	5.093977e-14	4.622155e-14	4.872209e-14	5.644547e-14	5.960309e-14	4.562419e-14	2.295613e-14	1.182758e-14	8.512849e-15	6.441266e-15	4.517067e-15	3.070244e-15	2.014165e-15	1.236967e-15	6.993687e-16	3.562143e-16	1.461169e-16	6.012178e-17	2.883444e-17	1.355067e-17	6.232259e-18	2.827264e-18	1.279827e-18	5.842692e-19	2.699820e-19	1.257148e-19	5.853090e-20	2.708777e-20	1.243985e-20	5.687097e-21	2.611235e-21	1.219836e-21	5.920859e-22	3.186658e-22	
R137	7.143511e-02	3.727105e-02	3.568145e-02	2.798722e-02	4.047372e-04	5.317429e-05	1.450302e-05	4.062899e-06	8.645605e-07	1.423844e-07	2.351944e-08	4.965945e-09	1.560233e-09	6.832884e-10	3.512410e-10	2.045203e-10	1.596120e-10	1.535348e-10	1.635368e-10	1.852871e-10	1.921659e-10	1.426673e-10	6.611008e-11	3.041807e-11	1.996631e-11	1.435684e-11	9.793930e-12	6.484314e-12	4.145514e-12	2.498798e-12	1.401888e-12	7.198030e-13	3.101425e-13	1.330635e-13	6.387265e-14	3.001678e-14	1.380540e-14	6.262817e-15	2.835011e-15	1.294245e-15	5.980509e-16	2.784773e-16	1.296548e-16	6.000351e-17	2.755615e-17	1.259778e-17	5.784280e-18	2.702122e-18	1.311560e-18	7.058929e-19	
R138	1.161896e-01	6.062159e-02	5.803609e-02	4.552138e-02	6.583074e-04	8.648830e-05	2.358925e-05	6.608329e-06	1.406213e-06	2.315890e-07	3.825452e-08	8.077139e-09	2.537729e-09	1.111373e-09	5.712956e-10	3.326534e-10	2.596099e-10	2.497252e-10	2.659937e-10	3.013706e-10	3.125590e-10	2.320492e-10	1.075284e-10	4.947517e-11	3.247532e-11	2.335149e-11	1.592989e-11	1.054678e-11	6.742703e-12	4.064309e-12	2.280179e-12	1.170764e-12	5.044487e-13	2.164286e-13	1.038893e-13	4.882247e-14	2.245456e-14	1.018651e-14	4.611163e-15	2.105097e-15	9.727334e-16	4.529450e-16	2.108843e-16	9.759608e-17	4.482024e-17	2.049036e-17	9.408166e-18	4.395017e-18	2.133260e-18	1.148139e-18	
R140	4.749554e-02	2.083334e-02	3.488976e-02	1.293310e-01	3.298168e-02	7.640001e-03	1.936563e-03	4.499821e-04	7.293377e-05	8.250219e-06	8.623996e-07	1.237178e-07	3.341826e-08	1.526133e-08	8.713577e-09	5.812225e-09	5.213293e-09	5.573979e-09	6.227575e-09	7.145779e-09	7.148834e-09	4.055382e-09	1.315178e-09	5.175540e-10	3.148716e-10	2.152958e-10	1.425660e-10	9.196943e-11	5.740133e-11	3.400961e-11	1.893848e-11	9.786648e-12	4.387718e-12	1.948312e-12	9.372959e-13	4.408166e-13	2.029553e-13	9.220288e-14	4.182104e-14	1.914795e-14	8.886131e-15	4.162950e-15	1.953935e-15	9.136001e-16	4.248161e-16	1.970033e-16	9.200948e-17	4.415708e-17	2.291944e-17	1.645491e-17	
R141	2.374777e-03	1.041667e-03	1.744488e-03	6.466549e-03	1.649084e-03	3.820000e-04	9.682815e-05	2.249911e-05	3.646689e-06	4.125110e-07	4.311998e-08	6.185888e-09	1.670913e-09	7.630666e-10	4.356789e-10	2.906112e-10	2.606647e-10	2.786990e-10	3.113788e-10	3.572889e-10	3.574417e-10	2.027691e-10	6.575890e-11	2.587770e-11	1.574358e-11	1.076479e-11	7.128300e-12	4.598472e-12	2.870067e-12	1.700481e-12	9.469240e-13	4.893324e-13	2.193859e-13	9.741561e-14	4.686479e-14	2.204083e-14	1.014777e-14	4.610144e-15	2.091052e-15	9.573975e-16	4.443065e-16	2.081475e-16	9.769673e-17	4.568000e-17	2.124080e-17	9.850167e-18	4.600474e-18	2.207854e-18	1.145972e-18	8.227456e-19	
R142	3.436181e-04	1.882753e-04	3.985182e-04	1.479430e-02	1.508366e-02	4.801565e-03	1.317906e-03	3.330941e-04	7.424390e-05	1.897382e-05	8.165256e-06	4.726772e-06	3.070897e-06	2.381198e-06	1.960451e-06	1.646943e-06	1.518449e-06	1.385857e-06	1.161806e-06	9.145209e-07	6.511786e-07	3.558124e-07	1.554005e-07	8.871014e-08	7.621788e-08	7.186658e-08	6.476186e-08	5.636357e-08	4.716797e-08	3.728873e-08	2.758312e-08	1.885656e-08	1.119791e-08	6.517113e-09	4.043637e-09	2.432704e-09	1.419566e-09	8.102113e-10	4.577632e-10	2.586901e-10	1.466038e-10	8.284247e-11	4.627876e-11	2.541391e-11	1.371675e-11	7.321391e-12	3.912128e-12	2.119302e-12	1.163884e-12	6.241625e-13	
R143	7.295363e-03	2.727871e-03	2.033098e-03	3.273645e-04	1.803966e-05	3.606226e-06	9.522169e-07	2.469688e-07	4.924306e-08	7.486855e-09	1.125046e-09	2.610577e-10	1.073970e-10	5.637178e-11	3.070187e-11	1.724530e-11	1.227875e-11	1.072963e-11	1.088669e-11	1.231572e-11	1.386257e-11	1.600310e-11	1.983490e-11	2.387521e-11	2.413431e-11	1.963444e-11	1.385861e-11	9.248055e-12	5.907269e-12	3.550914e-12	1.987394e-12	1.018380e-12	4.372377e-13	1.838476e-13	8.462045e-14	3.733033e-14	1.575683e-14	6.384732e-15	2.495131e-15	9.451880e-16	3.487839e-16	1.259421e-16	4.467707e-17	1.562206e-17	5.398920e-18	1.848619e-18	6.292085e-19	2.144508e-19	7.459366e-20	2.768865e-20	
R145	8.691794e-15	8.365498e-15	4.006756e-14	2.090059e-13	1.575800e-15	7.843897e-17	1.148335e-17	2.378989e-18	5.334433e-19	2.951241e-19	2.801054e-18	4.842284e-17	1.263332e-16	1.664069e-16	2.247136e-16	4.224035e-16	1.088227e-15	3.301916e-15	1.101443e-14	3.878997e-14	1.334050e-13	3.304430e-13	4.268669e-13	4.261337e-13	5.826094e-13	3.023168e-11	2.643300e-09	4.646868e-08	1.948467e-07	7.363382e-07	2.506978e-06	6.021125e-06	1.011463e-05	1.250244e-05	1.197628e-05	9.435458e-06	6.405851e-06	3.889908e-06	2.176031e-06	1.147617e-06	5.808602e-07	2.859803e-07	1.383358e-07	6.623078e-08	3.155691e-08	1.503226e-08	7.196553e-09	3.493732e-09	1.752201e-09	9.438304e-10	
R146	1.134411e-06	2.556660e-07	7.651879e-07	1.163519e-05	6.132791e-07	4.089772e-08	5.172114e-09	7.421384e-10	8.691243e-11	1.235403e-11	4.063163e-12	2.163825e-12	1.537945e-12	1.568853e-12	1.850084e-12	2.356572e-12	3.561154e-12	5.815197e-12	9.350541e-12	1.495478e-11	2.291189e-11	2.722550e-11	2.284782e-11	2.101008e-11	2.568895e-11	7.445863e-11	5.706327e-09	1.333264e-07	6.862551e-07	2.982062e-06	1.117842e-05	2.893242e-05	5.307969e-05	7.012829e-05	6.858282e-05	5.476365e-05	3.752006e-05	2.292621e-05	1.287988e-05	6.812188e-06	3.454105e-06	1.702118e-06	8.234661e-07	3.940399e-07	1.875571e-07	8.923786e-08	4.264214e-08	2.051018e-08	9.830531e-09	4.502722e-09	
R148	6.915921e+04	2.970778e+04	2.027291e+04	4.295273e+02	1.323596e+01	3.219202e+00	9.256687e-01	2.450398e-01	4.992872e-02	8.766077e-03	1.764771e-03	4.840770e-04	1.942566e-04	1.066149e-04	6.812387e-05	4.838903e-05	4.223006e-05	4.177779e-05	4.335563e-05	4.657001e-05	4.917473e-05	4.737760e-05	3.779261e-05	2.493152e-05	1.467904e-05	8.046850e-06	4.186768e-06	2.227912e-06	1.586957e-06	2.586215e-06	7.067605e-06	1.609095e-05	2.638869e-05	3.204952e-05	3.036339e-05	2.362353e-05	1.578711e-05	9.392271e-06	5.116992e-06	2.608993e-06	1.265110e-06	5.900511e-07	2.666841e-07	1.173355e-07	5.038877e-08	2.115954e-08	8.706685e-09	3.519213e-09	1.399598e-09	5.518934e-10	
R149	6.312035e-08	1.348923e-08	9.726913e-09	1.463387e-08	6.112878e-10	2.677231e-11	1.810911e-12	1.125500e-13	3.907318e-15	7.092763e-17	9.939127e-19	2.619977e-20	2.240330e-21	3.607416e-22	6.854007e-23	1.527712e-23	6.405780e-24	4.592122e-24	4.821348e-24	6.569726e-24	7.687544e-24	5.932274e-24	4.107976e-24	3.808906e-24	3.713690e-24	2.914600e-24	1.939628e-24	1.452547e-24	1.793879e-24	4.719409e-24	1.542766e-23	3.452737e-23	4.129044e-23	3.830283e-23	3.645398e-23	2.870960e-23	1.948566e-23	1.182963e-23	6.616168e-24	3.488630e-24	1.765367e-24	8.688983e-25	4.201225e-25	2.010171e-25	9.570569e-26	4.555469e-26	2.178615e-26	1.052698e-26	5.162415e-27	2.579458e-27	
R150	1.147690e-09	3.147360e-10	1.940537e-10	2.153487e-10	4.798672e-11	6.323050e-12	1.176723e-12	2.169986e-13	2.950889e-14	2.912796e-15	3.106236e-16	6.123334e-17	1.979715e-17	9.014226e-18	4.699081e-18	2.629230e-18	1.693828e-18	1.141214e-18	7.427312e-19	4.675838e-19	2.785423e-19	1.428102e-19	5.991721e-20	2.249250e-20	7.836358e-21	2.478669e-21	7.123201e-22	1.909911e-22	4.866098e-23	1.214471e-23	3.453018e-24	1.554221e-24	1.029346e-24	6.851875e-25	3.901138e-25	1.858389e-25	7.580159e-26	2.727538e-26	8.907300e-27	2.701041e-27	7.726158e-28	2.105203e-28	5.499330e-29	1.384520e-29	3.377426e-30	8.034831e-31	1.882037e-31	4.405030e-32	1.057781e-32	2.877025e-33	
R152	1.036976e+03	3.667716e+02	3.026779e+02	5.428718e+02	5.914828e+01	5.526586e+00	9.112872e-01	1.770163e-01	3.202007e-02	6.450485e-03	1.854928e-03	7.037947e-04	3.629328e-04	2.608025e-04	2.199322e-04	2.061541e-04	2.269092e-04	2.650447e-04	3.029809e-04	3.392166e-04	3.653050e-04	3.402154e-04	2.566297e-04	1.723884e-04	1.077307e-04	6.144346e-05	3.202469e-05	1.561514e-05	7.202751e-06	3.165286e-06	1.370025e-06	6.480377e-07	3.880679e-07	2.990450e-07	2.397644e-07	1.776944e-07	1.199809e-07	7.507691e-08	4.454060e-08	2.548456e-08	1.417208e-08	7.671958e-09	4.045602e-09	2.083692e-09	1.053515e-09	5.267780e-10	2.636769e-10	1.347220e-10	7.337552e-11	5.270934e-11	
R153	5.731080e+02	2.028887e+02	1.675947e+02	3.008990e+02	3.282039e+01	3.070240e+00	5.069063e-01	9.861679e-02	1.787487e-02	3.610842e-03	1.041739e-03	3.962660e-04	2.046460e-04	1.472232e-04	1.242866e-04	1.166206e-04	1.284513e-04	1.500936e-04	1.715877e-04	1.920828e-04	2.068324e-04	1.925904e-04	1.451992e-04	9.746606e-05	6.087324e-05	3.470709e-05	1.808626e-05	8.817278e-06	4.066423e-06	1.786789e-06	7.733328e-07	3.658149e-07	2.191344e-07	1.689115e-07	1.354284e-07	1.003688e-07	6.776993e-08	4.240639e-08	2.515828e-08	1.439468e-08	8.004947e-09	4.333424e-09	2.285115e-09	1.176951e-09	5.950668e-10	2.975450e-10	1.489351e-10	7.609626e-11	4.144539e-11	2.977231e-11	
R154	3.581925e+01	1.268054e+01	1.047467e+01	1.880618e+01	2.051275e+00	1.918900e-01	3.168164e-02	6.163549e-03	1.117179e-03	2.256776e-04	6.510870e-05	2.476662e-05	1.279038e-05	9.201448e-06	7.767915e-06	7.288788e-06	8.028204e-06	9.380849e-06	1.072423e-05	1.200517e-05	1.292703e-05	1.203690e-05	9.074949e-06	6.091629e-06	3.804577e-06	2.169193e-06	1.130391e-06	5.510798e-07	2.541515e-07	1.116743e-07	4.833330e-08	2.286343e-08	1.369590e-08	1.055697e-08	8.464274e-09	6.273048e-09	4.235621e-09	2.650400e-09	1.572393e-09	8.996677e-10	5.003092e-10	2.708390e-10	1.428197e-10	7.355945e-11	3.719168e-11	1.859656e-11	9.308442e-12	4.756017e-12	2.590337e-12	1.860769e-12	
R155	1.599959e-02	6.573360e-02	8.727403e-01	1.824072e+02	1.468178e+03	5.676758e+02	1.953153e+02	5.727077e+01	1.166598e+01	1.542551e+00	1.319662e-01	1.106663e-02	1.682038e-03	4.739323e-04	1.782865e-04	8.299623e-05	5.506766e-05	4.487540e-05	3.844519e-05	3.338512e-05	2.275730e-05	6.640880e-06	8.953928e-07	1.299634e-07	2.587383e-08	6.201959e-09	1.602731e-09	4.849675e-10	2.378833e-10	2.600214e-10	3.993313e-10	4.839993e-10	4.323810e-10	2.839390e-10	1.398215e-10	5.686161e-11	2.010955e-11	6.459225e-12	1.963243e-12	5.901555e-13	1.842010e-13	6.233491e-14	2.331421e-14	9.527762e-15	4.142195e-15	1.872782e-15	8.736017e-16	4.245506e-16	2.248862e-16	1.652924e-16	
R156	2.701002e-15	5.854568e-15	3.890324e-14	3.826167e-12	1.338198e-11	2.061771e-12	2.537202e-13	2.088935e-14	7.316239e-16	7.730189e-18	2.643432e-20	1.479998e-22	4.403862e-24	3.417436e-25	3.573548e-26	4.769754e-27	1.335695e-27	6.924740e-28	5.472255e-28	5.646927e-28	4.424576e-28	1.636247e-28	4.175767e-29	1.456766e-29	5.925001e-30	2.108793e-30	6.750725e-31	2.504452e-31	1.500788e-31	1.896242e-31	3.092679e-31	3.521480e-31	2.148002e-31	1.019695e-31	4.987705e-32	2.028365e-32	7.173469e-33	2.304132e-33	7.003271e-34	2.105200e-34	6.570811e-35	2.223608e-35	8.316634e-36	3.398739e-36	1.477602e-36	6.680578e-37	3.116308e-37	1.514455e-37	8.022131e-38	5.896302e-38	
R157	2.885306e+02	9.288938e+01	5.633707e+01	6.782554e+00	3.078401e-01	6.581843e-02	1.765539e-02	4.376579e-03	7.819633e-04	9.942766e-05	1.187510e-05	2.282809e-06	8.411904e-07	4.052131e-07	2.027720e-07	1.049374e-07	7.068169e-08	6.005710e-08	6.072794e-08	6.961819e-08	7.922746e-08	9.305849e-08	1.205421e-07	1.541799e-07	1.639549e-07	1.374279e-07	9.878572e-08	6.713455e-08	4.369381e-08	2.668094e-08	1.509489e-08	7.762364e-09	3.277900e-09	1.364335e-09	6.373578e-10	2.865542e-10	1.237236e-10	5.146335e-11	2.071466e-11	8.108544e-12	3.101751e-12	1.164642e-12	4.308680e-13	1.575427e-13	5.707263e-14	2.053183e-14	7.358550e-15	2.645114e-15	9.687050e-16	3.735400e-16	
R159	2.938003e+02	1.001224e+02	5.888111e+01	6.994249e+00	6.239222e-01	1.779716e-01	5.465228e-02	1.542559e-02	3.508018e-03	6.925457e-04	1.537273e-04	4.956936e-05	2.413368e-05	1.425061e-05	8.723377e-06	5.472736e-06	4.073330e-06	3.463333e-06	3.201929e-06	3.149697e-06	3.083777e-06	3.034077e-06	2.974017e-06	2.670895e-06	2.014770e-06	1.253597e-06	6.796695e-07	3.410131e-07	1.606244e-07	7.086402e-08	2.939072e-08	1.148208e-08	4.049639e-09	1.426779e-09	5.359215e-10	1.980295e-10	7.196903e-11	2.577630e-11	9.119890e-12	3.195486e-12	1.111399e-12	3.844428e-13	1.324495e-13	4.549196e-14	1.558606e-14	5.330232e-15	1.823164e-15	6.276913e-16	2.214264e-16	8.335081e-17	
R160	2.635190e-03	1.064446e-02	6.075969e-02	9.878150e-02	1.763085e-01	1.336562e-01	6.498397e-02	2.222510e-02	4.626280e-03	6.264201e-04	8.475887e-05	1.452450e-05	3.071348e-06	7.427114e-07	1.867753e-07	4.822989e-08	1.374515e-08	4.150087e-09	1.294589e-09	4.282254e-10	1.507105e-10	5.202763e-11	1.681503e-11	4.925267e-12	1.283885e-12	2.999698e-13	6.446644e-14	1.305478e-14	2.515406e-15	4.632384e-16	8.201581e-17	1.404667e-17	2.316083e-18	3.807195e-19	6.306694e-20	1.031896e-20	1.667927e-21	2.667697e-22	4.231840e-23	6.675042e-24	1.049318e-24	1.646896e-25	2.583597e-26	4.052891e-27	6.355570e-28	9.952797e-29	1.553746e-29	2.413751e-30	3.762929e-31	6.724924e-32	
R161	3.179651e-03	1.284373e-02	7.331335e-02	1.191909e-01	2.127359e-01	1.612711e-01	7.841041e-02	2.681706e-02	5.582123e-03	7.558457e-04	1.022710e-04	1.752543e-05	3.705924e-06	8.961642e-07	2.253652e-07	5.819474e-08	1.658506e-08	5.007543e-09	1.562066e-09	5.167017e-10	1.818491e-10	6.277714e-11	2.028920e-11	5.942884e-12	1.549150e-12	3.619470e-13	7.778595e-14	1.575205e-14	3.035118e-15	5.589489e-16	9.896123e-17	1.694888e-17	2.794613e-18	4.593805e-19	7.609730e-20	1.245097e-20	2.012540e-21	3.218874e-22	5.106187e-23	8.054183e-24	1.266120e-24	1.987164e-25	3.117398e-26	4.890265e-27	7.668704e-28	1.200916e-28	1.874768e-29	2.912460e-30	4.540394e-31	8.114372e-32	
R162	8.238939e+05	3.933683e+05	3.836582e+05	6.354897e+04	3.101000e+02	3.358404e+01	7.960297e+00	2.257573e+00	5.695291e-01	1.593029e-01	7.820113e-02	6.122326e-02	6.364871e-02	8.226351e-02	1.141471e-01	1.652435e-01	2.802527e-01	5.054949e-01	8.849039e-01	1.521736e+00	2.568286e+00	3.773535e+00	3.799271e+00	2.637556e+00	1.483363e+00	7.411802e-01	3.406987e-01	1.469052e-01	6.048376e-02	2.408980e-02	9.375370e-03	3.623641e-03	1.443905e-03	6.248231e-04	3.062299e-04	1.653720e-04	9.172196e-05	4.982578e-05	2.606878e-05	1.313830e-05	6.418762e-06	3.062361e-06	1.436185e-06	6.656890e-07	3.063750e-07	1.406529e-07	6.475909e-08	3.009246e-08	1.420480e-08	6.915633e-09	
R163	5.861391e-17	1.980313e-15	1.179985e-14	2.618758e-14	4.084670e-15	2.923613e-15	3.053243e-15	2.917918e-15	1.322141e-15	2.276262e-16	2.989044e-17	5.749177e-18	2.161667e-18	1.214095e-18	7.882882e-19	5.842567e-19	6.033728e-19	7.908387e-19	1.146029e-18	1.753255e-18	2.375905e-18	2.137893e-18	1.805510e-18	2.356287e-18	3.255790e-18	3.818487e-18	3.939080e-18	3.875216e-18	3.678510e-18	3.337140e-18	2.923772e-18	2.469671e-18	1.881999e-18	1.428684e-18	1.073264e-18	7.251264e-19	4.434541e-19	2.494590e-19	1.314294e-19	6.590871e-20	3.186153e-20	1.498820e-20	6.909429e-21	3.138510e-21	1.411157e-21	6.308727e-22	2.821435e-22	1.276464e-22	5.980746e-23	3.051385e-23	
R164	1.071922e-21	2.860556e-20	1.320777e-19	2.221091e-19	2.550238e-20	1.302158e-20	9.328928e-21	5.600884e-21	1.333985e-21	9.145194e-23	3.727681e-24	2.688457e-25	5.603215e-26	1.974680e-26	8.075129e-27	3.813365e-27	2.885399e-27	3.213006e-27	4.522519e-27	7.362681e-27	1.049114e-26	1.028163e-26	1.092918e-26	1.957034e-26	3.499468e-26	4.733901e-26	5.275947e-26	5.586864e-26	5.701028e-26	5.449905e-26	4.879704e-26	4.029868e-26	2.675544e-26	1.806494e-26	1.353796e-26	9.146610e-27	5.593648e-27	3.146630e-27	1.657826e-27	8.313603e-28	4.018954e-28	1.890584e-28	8.715425e-29	3.958858e-29	1.780007e-29	7.957711e-30	3.558906e-30	1.610109e-30	7.544003e-31	3.848960e-31	
R165	5.540226e-01	9.643392e-02	3.001519e-02	1.744807e-03	3.532567e-05	3.074035e-06	2.999930e-07	2.117215e-08	6.562639e-10	6.636901e-12	3.069691e-14	3.762582e-16	2.620160e-17	3.367932e-18	4.525992e-19	6.475528e-20	1.792466e-20	9.550906e-21	8.886517e-21	1.217697e-20	1.600643e-20	2.401998e-20	6.012596e-20	1.899988e-19	4.221076e-19	5.327021e-19	4.792275e-19	4.041532e-19	3.262487e-19	2.345722e-19	1.442797e-19	7.189087e-20	2.152118e-20	6.861536e-21	3.483453e-21	1.757537e-21	8.728840e-22	4.272001e-22	2.063485e-22	9.855540e-23	4.663543e-23	2.190227e-23	1.022419e-23	4.748403e-24	2.194816e-24	1.009330e-24	4.612702e-25	2.090355e-25	9.359064e-26	4.114846e-26	
R166	1.369455e+03	4.756297e+01	1.575521e+01	9.637795e-01	2.020537e-02	1.788452e-03	1.598658e-04	9.587645e-06	2.168579e-07	1.262771e-09	2.753972e-12	1.951861e-14	1.145302e-15	1.406450e-16	1.832914e-17	2.601681e-18	8.165243e-19	5.187240e-19	4.965599e-19	6.324574e-19	7.808937e-19	1.055087e-18	2.020044e-18	4.417192e-18	7.184587e-18	7.457695e-18	5.867835e-18	4.301232e-18	2.989233e-18	1.869075e-18	1.020817e-18	4.675651e-19	1.436505e-19	4.529136e-20	1.972770e-20	8.363624e-21	3.429694e-21	1.363967e-21	5.279567e-22	1.997051e-22	7.411746e-23	2.708873e-23	9.780335e-24	3.497054e-24	1.240769e-24	4.376484e-25	1.539065e-25	5.432418e-26	1.956795e-26	7.458996e-27	
R167	1.061845e+03	7.393163e+02	3.809004e+03	5.177718e+03	1.877263e+03	1.350701e+03	7.576653e+02	3.013695e+02	6.955555e+01	9.156695e+00	9.762756e-01	1.262164e-01	2.157931e-02	4.574747e-03	1.233607e-03	5.303722e-04	4.539358e-04	5.829367e-04	8.395282e-04	1.231855e-03	1.535398e-03	1.179169e-03	5.326042e-04	1.747591e-04	4.571777e-05	1.002315e-05	1.952743e-06	3.539392e-07	6.042515e-08	9.718651e-09	1.475502e-09	2.113433e-10	2.773524e-11	3.576221e-12	4.708971e-13	6.032161e-14	7.531688e-15	9.195786e-16	1.101730e-16	1.299948e-17	1.515994e-18	1.753346e-19	2.017662e-20	2.318083e-21	2.670974e-22	3.110074e-23	3.715162e-24	4.704139e-25	6.830692e-26	1.424264e-26	
R168	1.322184e+02	9.144865e+01	4.677720e+02	6.308930e+02	2.267637e+02	1.616008e+02	8.968160e+01	3.520177e+01	7.976290e+00	1.022615e+00	1.054069e-01	1.324499e-02	2.225959e-03	4.655290e-04	1.238497e-04	5.255045e-05	4.456939e-05	5.696269e-05	8.196607e-05	1.204896e-04	1.504005e-04	1.157952e-04	5.265542e-05	1.743797e-05	4.596353e-06	1.011912e-06	1.975894e-07	3.589056e-08	6.140247e-09	9.890933e-10	1.502611e-10	2.150845e-11	2.811293e-12	3.612542e-13	4.756460e-14	6.092995e-15	7.607644e-16	9.288524e-17	1.112840e-17	1.313057e-18	1.531282e-19	1.771028e-20	2.038010e-21	2.341460e-22	2.697910e-23	3.141439e-24	3.752628e-25	4.751580e-26	6.899578e-27	1.438627e-27	
R169	1.894642e-20	3.356936e-20	7.933552e-20	3.459357e-20	3.013152e-21	8.694146e-22	2.671059e-22	6.570335e-23	9.592134e-24	7.613684e-25	4.450213e-26	4.831742e-27	1.418434e-27	6.135212e-28	2.797386e-28	1.341373e-28	9.494675e-29	9.641939e-29	1.301874e-28	2.139391e-28	3.410480e-28	5.710243e-28	1.184638e-27	2.595169e-27	4.449356e-27	5.381744e-27	5.219108e-27	4.729188e-27	4.072125e-27	3.217091e-27	2.286112e-27	1.419467e-27	6.548499e-28	3.035125e-28	1.755653e-28	9.855929e-29	5.348209e-29	2.813296e-29	1.440100e-29	7.204165e-30	3.536556e-30	1.709962e-30	8.168211e-31	3.863619e-31	1.812220e-31	8.433255e-32	3.891459e-32	1.777346e-32	8.005816e-33	3.533553e-33	
R171	1.669848e-12	4.345724e-12	1.556198e-11	1.066234e-11	1.529480e-12	7.647925e-13	4.338845e-13	2.273668e-13	9.446413e-14	3.348897e-14	1.308854e-14	6.984402e-15	5.341035e-15	4.920262e-15	4.748452e-15	4.729210e-15	5.542879e-15	7.331516e-15	1.037738e-14	1.541801e-14	2.265726e-14	3.303151e-14	4.719238e-14	6.189969e-14	6.986068e-14	6.704026e-14	5.735217e-14	4.612035e-14	3.531686e-14	2.563010e-14	1.758246e-14	1.132402e-14	6.532935e-15	3.661727e-15	2.126460e-15	1.193758e-15	6.477792e-16	3.407485e-16	1.744260e-16	8.725740e-17	4.283503e-17	2.071119e-17	9.893399e-18	4.679645e-18	2.194975e-18	1.021442e-18	4.713365e-19	2.152735e-19	9.696705e-20	4.279866e-20	
R172	4.865666e-03	2.013445e-03	1.465049e-03	1.111637e-04	1.237688e-06	1.820676e-07	5.337790e-08	1.734621e-08	4.681030e-09	1.001174e-09	1.896645e-10	4.473006e-11	1.935963e-11	1.354990e-11	1.138614e-11	1.063972e-11	1.238591e-11	1.608383e-11	2.095744e-11	2.761185e-11	3.399256e-11	2.975512e-11	1.656650e-11	7.457830e-12	3.118198e-12	1.238553e-12	4.681699e-13	1.697027e-13	5.974440e-14	2.070579e-14	7.165313e-15	2.506988e-15	8.872225e-16	3.161051e-16	1.128605e-16	3.980079e-17	1.373981e-17	4.629024e-18	1.523603e-18	4.911538e-19	1.554240e-19	4.836398e-20	1.482102e-20	4.479599e-21	1.337448e-21	3.951830e-22	1.159303e-22	3.398731e-23	1.009254e-23	3.113380e-24	
R173	5.099166e-13	1.139045e-13	4.248682e-14	1.555634e-15	7.729877e-18	4.660601e-19	5.036028e-20	4.759094e-21	2.310099e-22	4.185512e-24	3.381898e-26	5.583112e-28	4.853863e-29	9.535336e-30	2.266953e-30	6.172823e-31	3.065213e-31	2.545910e-31	3.062898e-31	4.785676e-31	6.760925e-31	7.478680e-31	7.819930e-31	8.367417e-31	7.080119e-31	4.153335e-31	1.939047e-31	8.593127e-32	3.685459e-32	1.473407e-32	5.410165e-33	1.779890e-33	4.324126e-34	1.118737e-34	3.967894e-35	1.399297e-35	4.830576e-36	1.627450e-36	5.356608e-37	1.726775e-37	5.464320e-38	1.700357e-38	5.210704e-39	1.574916e-39	4.702134e-40	1.389365e-40	4.075821e-41	1.194909e-41	3.548288e-42	1.094587e-42	
R174	2.804429e-21	4.106280e-22	9.693536e-23	2.155903e-24	6.170959e-27	2.023054e-28	1.106017e-29	4.501665e-31	6.790787e-33	2.294516e-35	2.175214e-38	5.914153e-41	1.732750e-42	1.439757e-43	1.456193e-44	1.721568e-45	4.804280e-46	2.949635e-46	3.362189e-46	5.895310e-46	9.140919e-46	1.184525e-45	1.896908e-45	3.645965e-45	4.970973e-45	3.796801e-45	2.044956e-45	1.038319e-45	5.089948e-46	2.241542e-46	8.567735e-47	2.703630e-47	5.091460e-48	1.060713e-48	3.745257e-49	1.320783e-49	4.559533e-50	1.536134e-50	5.056050e-51	1.629886e-51	5.157718e-52	1.604951e-52	4.918332e-53	1.486547e-53	4.438298e-54	1.311408e-54	3.847128e-55	1.127863e-55	3.349194e-56	1.033170e-56	
R175	3.525912e-06	7.353760e-07	8.249021e-07	2.993303e-07	7.296862e-09	1.133538e-09	3.113075e-10	9.065948e-11	2.242519e-11	5.296835e-12	1.556462e-12	5.574903e-13	2.494219e-13	1.358163e-13	7.657555e-14	4.359322e-14	2.987526e-14	2.293833e-14	1.816417e-14	1.494979e-14	1.183727e-14	7.407746e-15	3.250805e-15	1.165649e-15	3.732757e-16	1.078872e-16	2.865299e-17	7.178894e-18	1.714423e-18	3.917928e-19	8.645686e-20	1.857273e-20	3.783955e-21	7.713193e-22	1.651032e-22	3.545379e-23	7.660804e-24	1.672309e-24	3.697705e-25	8.278693e-26	1.871001e-26	4.250768e-27	9.672972e-28	2.199643e-28	4.994935e-29	1.134117e-29	2.588017e-30	6.012188e-31	1.465564e-31	4.122017e-32	
R176	1.140763e-07	2.220554e-08	2.310316e-08	7.718909e-09	1.716225e-10	2.406533e-11	5.888641e-12	1.485005e-12	3.002071e-13	5.286019e-14	1.061698e-14	2.748740e-15	1.009467e-15	4.698093e-16	2.264834e-16	1.105841e-16	6.813735e-17	4.947223e-17	3.878621e-17	3.261101e-17	2.626988e-17	1.692782e-17	8.036914e-18	3.210191e-18	1.122193e-18	3.404356e-19	9.281353e-20	2.384074e-20	5.834493e-21	1.357139e-21	3.016856e-22	6.431631e-23	1.250694e-23	2.450217e-24	5.240453e-25	1.125320e-25	2.431575e-26	5.307986e-27	1.173669e-27	2.627695e-28	5.938644e-29	1.349213e-29	3.070246e-30	6.981768e-31	1.585416e-31	3.599739e-32	8.214486e-33	1.908296e-33	4.651769e-34	1.308347e-34	
R177	1.130494e-06	2.400462e-07	2.747132e-07	1.019504e-07	2.549811e-09	4.078437e-10	1.158472e-10	3.522303e-11	9.271855e-12	2.405415e-12	8.020056e-13	3.210939e-13	1.539364e-13	8.861739e-14	5.284429e-14	3.179809e-14	2.265138e-14	1.775046e-14	1.410751e-14	1.152075e-14	9.064951e-15	5.612578e-15	2.393471e-15	8.253486e-16	2.560881e-16	7.274250e-17	1.913890e-17	4.752680e-18	1.125147e-18	2.555115e-19	5.623657e-20	1.211361e-20	2.509352e-21	5.188145e-22	1.110865e-22	2.385440e-23	5.154424e-24	1.125181e-24	2.487929e-25	5.570158e-26	1.258867e-26	2.860047e-27	6.508272e-28	1.479987e-28	3.360746e-29	7.630686e-30	1.741297e-30	4.045185e-31	9.860765e-32	2.773420e-32	
R178	1.636474e-11	3.814871e-11	7.944858e-11	3.085104e-11	4.453552e-12	1.391953e-12	4.303898e-13	1.052990e-13	1.622500e-14	1.550637e-15	1.223695e-16	1.457930e-17	3.196994e-18	9.430625e-19	2.990540e-19	9.857658e-20	4.063800e-20	1.982005e-20	1.060237e-20	6.032334e-21	3.253959e-21	1.522872e-21	6.176098e-22	2.139059e-22	5.883468e-23	1.278601e-23	2.393106e-24	4.198740e-25	7.007440e-26	1.101434e-26	1.627679e-27	2.252102e-28	2.731603e-29	3.394395e-30	4.739731e-31	6.604416e-32	9.199705e-33	1.287847e-33	1.821553e-34	2.613726e-35	3.810572e-36	5.638494e-37	8.443441e-38	1.274990e-38	1.935105e-39	2.945602e-40	4.497712e-41	6.924752e-42	1.097305e-42	2.022834e-43	
R179	4.864192e-16	8.106549e-16	1.172502e-15	3.056523e-16	2.835066e-17	5.426984e-18	9.679842e-19	1.196434e-19	7.116725e-21	1.718139e-22	2.314556e-24	6.169711e-26	5.464700e-27	7.854721e-28	1.217797e-28	1.993690e-29	5.064763e-30	1.915900e-30	9.793936e-31	6.139858e-31	3.581597e-31	1.914769e-31	1.110998e-31	6.291098e-32	2.581221e-32	6.997413e-33	1.476171e-33	2.902324e-34	5.416901e-35	9.231757e-36	1.410826e-36	1.885183e-37	1.847743e-38	1.915297e-39	2.664379e-40	3.712588e-41	5.171496e-42	7.239465e-43	1.023963e-43	1.469273e-44	2.142064e-45	3.169607e-46	4.746372e-47	7.167190e-48	1.087794e-48	1.655832e-49	2.528331e-50	3.892660e-51	6.168359e-52	1.137110e-52	
R180	3.383342e+02	2.165849e+03	1.186271e+05	1.530162e+06	8.886655e+05	5.371351e+05	3.292154e+05	1.797829e+05	7.305690e+04	2.158071e+04	5.318946e+03	1.582509e+03	8.044318e+02	6.649924e+02	6.844295e+02	8.083590e+02	1.184808e+03	1.909927e+03	3.022253e+03	4.726569e+03	6.848869e+03	6.914497e+03	4.244030e+03	2.028047e+03	8.968560e+02	3.810360e+02	1.539092e+02	5.855735e+01	2.114617e+01	7.324239e+00	2.449076e+00	7.952041e-01	2.543465e-01	7.771071e-02	2.233743e-02	6.226975e-03	1.689143e-03	4.469342e-04	1.156797e-04	2.939964e-05	7.369993e-06	1.830992e-06	4.526761e-07	1.116804e-07	2.752442e-08	6.773141e-09	1.662268e-09	4.070864e-10	1.001707e-10	2.531887e-11	
R181	7.518538e+00	4.812999e+01	2.636157e+03	3.400361e+04	1.974812e+04	1.193634e+04	7.315898e+03	3.995176e+03	1.623487e+03	4.795713e+02	1.181988e+02	3.516688e+01	1.787626e+01	1.477761e+01	1.520954e+01	1.796353e+01	2.632906e+01	4.244283e+01	6.716119e+01	1.050349e+02	1.521971e+02	1.536555e+02	9.431177e+01	4.506772e+01	1.993013e+01	8.467467e+00	3.420205e+00	1.301275e+00	4.699148e-01	1.627609e-01	5.442391e-02	1.767120e-02	5.652144e-03	1.726905e-03	4.963873e-04	1.383772e-04	3.753650e-05	9.931871e-06	2.570660e-06	6.533253e-07	1.637776e-07	4.068872e-08	1.005947e-08	2.481787e-09	6.116537e-10	1.505143e-10	3.693929e-11	9.046365e-12	2.226016e-12	5.626415e-13	
R182	3.242369e+01	2.075606e+02	1.136843e+04	1.466406e+05	8.516378e+04	5.147545e+04	3.154981e+04	1.722920e+04	7.001286e+03	2.068151e+03	5.097324e+02	1.516572e+02	7.709138e+01	6.372843e+01	6.559116e+01	7.746774e+01	1.135441e+02	1.830347e+02	2.896326e+02	4.529629e+02	6.563499e+02	6.626393e+02	4.067195e+02	1.943545e+02	8.594870e+01	3.651595e+01	1.474963e+01	5.611746e+00	2.026508e+00	7.019063e-01	2.347031e-01	7.620706e-02	2.437487e-02	7.447276e-03	2.140670e-03	5.967517e-04	1.618762e-04	4.283119e-05	1.108597e-05	2.817465e-06	7.062910e-07	1.754701e-07	4.338146e-08	1.070271e-08	2.637757e-09	6.490927e-10	1.593007e-10	3.901245e-11	9.599696e-12	2.426392e-12	
R183	5.618588e-17	6.956137e-18	1.497094e-18	5.825117e-20	7.571977e-22	4.045029e-23	2.291864e-24	8.256780e-26	1.000576e-27	2.587168e-30	2.066561e-33	5.810111e-36	1.697734e-37	1.095609e-38	7.287799e-40	5.150437e-41	8.650694e-42	3.501654e-42	3.043796e-42	4.488267e-42	6.208569e-42	1.035260e-41	3.622737e-41	1.831742e-40	5.913207e-40	9.007409e-40	8.801603e-40	8.006185e-40	6.950552e-40	5.203938e-40	3.174623e-40	1.462893e-40	3.374949e-41	8.577751e-42	4.168552e-42	2.021644e-42	9.650983e-43	4.538723e-43	2.105541e-43	9.651269e-44	4.378902e-44	1.969885e-44	8.799247e-45	3.907149e-45	1.725760e-45	7.584298e-46	3.316131e-46	1.442247e-46	6.238803e-47	2.684403e-47	
R186	4.463716e-17	6.574454e-17	7.933729e-17	1.021067e-17	3.549059e-19	5.775117e-20	1.118989e-20	1.778176e-21	1.639342e-22	7.741262e-24	2.666136e-25	1.449501e-26	1.577160e-27	2.202304e-28	3.103450e-29	4.742341e-30	1.238701e-30	6.642989e-31	6.259537e-31	8.128229e-31	1.108661e-30	1.386708e-30	1.594683e-30	1.634653e-30	1.283419e-30	7.240521e-31	3.252721e-31	1.324083e-31	4.991875e-32	1.701379e-32	5.163273e-33	1.361181e-33	2.723094e-34	5.319157e-35	1.223581e-35	2.738033e-36	5.918490e-37	1.236419e-37	2.503669e-38	4.936833e-39	9.532510e-40	1.812965e-40	3.414445e-41	6.394759e-42	1.194018e-42	2.223931e-43	4.124961e-44	7.589296e-45	1.382746e-45	2.690165e-46	
R187	3.831094e-49	1.472262e-50	8.055196e-52	6.068573e-54	1.200825e-56	1.124479e-58	1.149202e-60	4.944252e-63	2.924231e-66	7.984582e-71	1.487498e-76	2.396819e-81	3.304446e-84	1.962072e-86	1.209488e-88	8.307393e-91	2.884765e-92	5.406930e-93	4.542650e-93	1.077745e-92	2.276875e-92	7.164709e-92	1.065814e-90	3.716100e-89	6.012496e-88	2.434537e-87	4.401261e-87	7.246186e-87	1.133382e-86	1.382765e-86	1.184140e-86	6.179651e-87	8.838643e-88	1.593816e-88	1.043883e-88	6.877620e-89	4.393525e-89	2.714087e-89	1.623473e-89	9.422688e-90	5.312049e-90	2.908887e-90	1.547156e-90	7.995562e-91	4.018386e-91	1.966553e-91	9.390706e-92	4.390625e-92	2.022048e-92	9.226376e-93	
R188	4.049075e-35	3.330310e-36	4.155413e-37	7.689825e-39	4.114109e-41	1.156375e-42	4.041271e-44	7.955625e-46	3.884959e-48	2.207459e-51	1.983340e-55	8.364565e-59	8.266076e-61	2.332439e-62	6.763678e-64	2.106944e-65	2.079250e-66	6.739723e-67	6.244284e-67	1.202045e-66	2.145238e-66	5.066928e-66	3.480917e-65	4.198553e-64	2.861877e-63	7.183510e-63	1.002380e-62	1.289798e-62	1.583571e-62	1.621506e-62	1.291206e-62	7.266884e-63	1.648745e-63	4.401934e-64	2.906613e-64	1.915021e-64	1.223343e-64	7.557169e-65	4.520436e-65	2.623675e-65	1.479099e-65	8.099574e-66	4.307938e-66	2.226303e-66	1.118889e-66	5.475715e-67	2.614770e-67	1.222536e-67	5.630237e-68	2.569014e-68	
R189	1.731991e-05	6.283056e-06	2.287595e-05	3.022256e-04	5.334669e-04	3.957924e-04	3.069795e-04	2.139312e-04	1.173011e-04	4.406444e-05	1.174643e-05	5.535779e-06	4.387816e-06	3.744034e-06	3.128665e-06	2.521233e-06	2.068868e-06	1.686526e-06	1.338646e-06	1.066515e-06	8.606641e-07	6.496706e-07	4.480775e-07	2.848006e-07	1.669526e-07	9.148965e-08	4.720313e-08	2.313075e-08	1.092951e-08	5.059317e-09	2.329857e-09	1.082254e-09	5.112974e-10	2.402236e-10	1.107449e-10	4.993875e-11	2.182744e-11	9.223059e-12	3.772505e-12	1.496779e-12	5.766169e-13	2.156779e-13	7.831146e-14	2.760811e-14	9.456116e-15	3.149644e-15	1.021746e-15	3.236756e-16	1.006038e-16	3.079240e-17	
R190	1.106307e-08	2.848075e-08	1.572416e-07	9.171246e-07	2.385278e-07	1.193300e-07	9.489633e-08	8.357962e-08	5.465452e-08	3.328777e-08	2.829354e-08	4.017275e-08	5.296987e-08	5.203851e-08	4.264558e-08	3.010549e-08	1.886164e-08	1.056471e-08	5.379385e-09	2.645601e-09	1.415109e-09	8.916184e-10	5.760227e-10	3.072942e-10	1.375473e-10	5.551786e-11	2.066882e-11	7.153224e-12	2.355156e-12	7.566272e-13	2.421227e-13	7.863688e-14	2.662526e-14	8.855229e-15	2.789495e-15	8.555144e-16	2.532111e-16	7.210278e-17	1.976659e-17	5.222768e-18	1.329518e-18	3.254598e-19	7.642144e-20	1.716916e-20	3.681675e-21	7.518002e-22	1.459248e-22	2.689977e-23	4.711546e-24	7.815737e-25	
R192	2.969640e-05	1.296927e-02	4.096466e+00	5.693699e+02	1.397496e+03	1.369104e+03	1.293991e+03	1.144028e+03	1.018485e+03	1.340994e+03	3.628662e+03	1.030182e+04	1.840991e+04	2.535245e+04	3.063109e+04	3.324628e+04	3.351967e+04	3.130158e+04	2.722387e+04	2.296148e+04	2.125833e+04	2.599659e+04	3.616067e+04	4.213509e+04	3.996069e+04	3.263449e+04	2.359535e+04	1.529798e+04	9.039458e+03	4.928716e+03	2.496595e+03	1.181436e+03	5.294222e+02	2.164098e+02	8.001563e+01	2.757238e+01	8.890349e+00	2.696050e+00	7.735379e-01	2.111976e-01	5.514964e-02	1.383263e-02	3.344748e-03	7.820328e-04	1.771848e-04	3.894755e-05	8.310712e-06	1.723667e-06	3.492062e-07	7.009102e-08	
R195	9.048118e-19	1.530972e-16	8.085491e-15	4.236894e-13	4.010411e-12	7.103046e-12	1.104255e-11	1.793864e-11	3.717505e-11	1.126113e-10	3.225655e-10	2.210093e-10	5.213278e-11	8.569607e-12	1.240179e-12	1.898446e-13	3.986817e-14	1.443754e-14	7.902652e-15	4.662630e-15	2.047827e-15	4.268778e-16	4.175443e-17	3.698390e-18	6.609552e-19	2.620790e-19	6.498601e-19	3.885892e-18	1.084976e-17	2.903884e-17	7.487642e-17	1.508040e-16	2.387672e-16	3.093889e-16	3.333539e-16	3.105720e-16	2.548635e-16	1.886070e-16	1.292964e-16	8.413433e-17	5.292261e-17	3.257214e-17	1.977100e-17	1.190293e-17	7.140632e-18	4.287713e-18	2.592626e-18	1.597153e-18	1.025745e-18	7.002094e-19	
R196	1.294057e-34	3.617542e-34	1.886046e-33	8.960771e-33	6.411059e-33	6.776715e-34	4.215343e-35	1.316295e-36	1.204775e-38	1.673182e-41	3.816441e-45	2.015225e-48	9.230287e-51	7.925810e-53	6.613751e-55	6.301524e-57	1.874791e-58	2.342095e-59	1.022886e-59	8.827267e-60	5.962932e-60	2.986480e-60	1.967895e-60	1.903467e-60	2.336018e-60	2.872218e-60	1.385525e-59	1.502383e-58	7.270396e-58	2.889765e-57	8.881349e-57	1.557000e-56	9.918831e-57	5.376462e-57	4.559159e-57	3.268320e-57	2.042634e-57	1.153898e-57	6.061241e-58	3.025172e-58	1.457312e-58	6.850120e-59	3.165206e-59	1.445077e-59	6.543380e-60	2.948173e-60	1.327542e-60	6.029791e-61	2.815618e-61	1.367038e-61	
R197	1.706844e-15	3.105299e-15	2.860613e-14	8.137356e-13	1.770858e-12	4.031595e-13	7.581823e-14	1.142456e-14	1.119613e-15	5.057702e-17	7.105259e-19	9.193660e-21	3.848087e-22	3.349108e-23	3.605463e-24	4.544123e-25	9.537456e-26	3.183357e-26	1.504468e-26	8.932005e-27	4.447855e-27	1.262205e-27	2.803988e-28	1.058339e-28	6.471133e-29	3.938566e-29	2.206887e-29	1.328942e-29	8.948476e-30	7.768366e-30	1.007963e-29	1.337304e-29	1.217989e-29	9.588937e-30	7.896142e-30	5.695480e-30	3.709911e-30	2.246368e-30	1.294830e-30	7.242811e-31	3.990318e-31	2.188876e-31	1.204693e-31	6.688621e-32	3.761579e-32	2.150580e-32	1.256215e-32	7.577159e-33	4.844161e-33	3.490619e-33	
R198	4.896059e-09	2.056143e-09	1.619889e-09	1.305874e-08	1.754275e-08	4.111562e-09	7.392557e-10	9.974569e-11	7.474260e-12	2.324598e-13	3.257753e-15	6.575321e-17	4.039957e-18	4.540821e-19	6.098242e-20	9.393144e-21	2.223953e-21	7.634515e-22	3.407214e-22	1.808672e-22	8.174602e-23	2.259006e-23	4.992521e-24	1.770476e-24	9.943584e-25	5.710230e-25	3.061572e-25	1.674917e-25	9.224946e-26	4.837192e-26	2.337865e-26	1.001880e-26	3.168866e-27	1.046662e-27	4.572489e-28	1.992303e-28	8.628296e-29	3.738626e-29	1.636962e-29	7.307561e-30	3.332514e-30	1.543151e-30	7.188943e-31	3.345620e-31	1.551259e-31	7.181964e-32	3.351693e-32	1.608552e-32	8.357394e-33	6.015770e-33	
R199	2.171381e-13	1.479791e-12	9.043630e-11	1.210638e-08	3.660820e-08	2.242677e-08	1.158492e-08	5.240142e-09	2.020169e-09	7.706692e-10	6.990684e-10	4.199894e-09	2.243696e-08	7.299853e-08	1.503013e-07	2.121686e-07	2.414257e-07	2.452765e-07	2.357884e-07	2.194732e-07	1.913867e-07	1.621109e-07	1.438722e-07	1.317703e-07	1.157593e-07	9.430656e-08	7.294886e-08	5.548552e-08	4.166177e-08	3.057295e-08	2.170783e-08	1.461575e-08	8.805461e-09	5.015773e-09	2.846841e-09	1.528748e-09	7.845972e-10	3.894679e-10	1.889023e-10	9.021890e-11	4.265548e-11	2.003341e-11	9.364736e-12	4.361045e-12	2.023381e-12	9.347176e-13	4.293337e-13	1.956157e-13	8.807963e-14	3.895527e-14	
R200	2.605657e-13	1.775750e-12	1.085236e-10	1.452765e-08	4.392984e-08	2.691212e-08	1.390191e-08	6.288170e-09	2.424203e-09	9.248031e-10	8.388820e-10	5.039873e-09	2.692435e-08	8.759823e-08	1.803616e-07	2.546023e-07	2.897108e-07	2.943318e-07	2.829461e-07	2.633678e-07	2.296640e-07	1.945331e-07	1.726466e-07	1.581243e-07	1.389112e-07	1.131679e-07	8.753863e-08	6.658262e-08	4.999412e-08	3.668754e-08	2.604939e-08	1.753890e-08	1.056655e-08	6.018928e-09	3.416209e-09	1.834498e-09	9.415166e-10	4.673614e-10	2.266827e-10	1.082627e-10	5.118657e-11	2.404009e-11	1.123768e-11	5.233255e-12	2.428057e-12	1.121661e-12	5.152005e-13	2.347389e-13	1.056956e-13	4.674633e-14	
R201	6.279165e-21	1.978527e-21	3.599651e-22	1.847536e-22	1.003666e-22	5.116975e-23	4.074117e-23	4.921331e-23	1.361439e-22	4.206651e-22	3.814072e-22	2.290035e-22	2.063820e-22	2.476010e-22	3.021091e-22	3.509956e-22	4.073562e-22	4.563185e-22	4.824050e-22	5.089877e-22	5.557364e-22	5.406340e-22	3.935856e-22	2.310673e-22	1.230288e-22	6.227883e-23	3.013683e-23	1.396906e-23	6.292693e-24	2.802413e-24	1.252804e-24	5.699963e-25	2.676287e-25	1.250672e-25	5.688820e-26	2.540019e-26	1.103009e-26	4.641337e-27	1.892918e-27	7.493639e-28	2.882946e-28	1.078719e-28	3.929934e-29	1.396876e-29	4.861308e-30	1.666356e-30	5.689089e-31	1.978589e-31	7.368353e-32	3.479320e-32	
R202	1.729950e-13	2.107397e-13	6.411907e-13	1.006814e-11	5.714907e-13	4.257570e-14	6.825992e-15	1.398149e-15	3.008626e-16	1.287922e-16	6.001704e-16	4.281001e-15	4.828926e-15	2.593725e-15	1.356733e-15	9.560782e-16	9.074242e-16	1.052446e-15	1.446679e-15	2.205385e-15	3.247408e-15	3.576271e-15	2.460493e-15	1.576004e-15	1.507132e-15	5.631539e-14	3.667679e-12	5.050248e-11	1.728242e-10	5.462175e-10	1.576592e-09	3.217719e-09	4.425715e-09	4.617875e-09	4.027488e-09	2.939657e-09	1.877318e-09	1.087284e-09	5.871448e-10	3.019141e-10	1.501645e-10	7.307680e-11	3.508536e-11	1.671925e-11	7.943539e-12	3.777724e-12	1.807143e-12	8.773251e-13	4.404404e-13	2.378625e-13	
R203	5.226714e-04	1.842689e-04	1.126481e-04	6.999924e-04	3.130588e-04	3.035222e-05	3.493141e-06	3.715431e-07	2.667790e-08	1.143425e-09	3.326323e-11	1.234565e-12	9.619827e-14	1.142312e-14	1.517654e-15	2.261788e-16	5.216124e-17	1.764205e-17	7.925285e-18	4.313711e-18	2.025499e-18	6.224030e-19	1.706501e-19	6.760288e-20	3.312883e-20	1.559861e-20	7.004924e-21	3.740345e-21	3.437679e-21	7.075469e-21	1.907324e-20	3.733152e-20	4.357835e-20	3.963365e-20	3.445003e-20	2.513584e-20	1.604754e-20	9.291966e-21	5.016712e-21	2.579133e-21	1.282517e-21	6.239430e-22	2.994330e-22	1.426009e-22	6.770018e-23	3.217151e-23	1.537379e-23	7.428604e-24	3.646604e-24	1.826808e-24	
R204	1.786223e-07	5.232237e-08	1.734343e-08	5.688513e-08	2.691832e-08	2.053145e-09	1.885690e-10	1.573736e-11	8.630508e-13	2.588046e-14	4.511150e-16	1.224385e-17	9.520427e-19	1.214372e-19	1.738790e-20	2.734758e-21	6.368589e-22	2.126371e-22	9.509987e-23	5.149209e-23	2.596498e-23	1.251891e-23	7.579806e-24	5.742963e-24	3.976065e-24	2.106443e-24	9.387332e-25	4.088296e-25	1.751031e-25	7.065573e-26	2.695128e-26	1.040566e-26	3.989683e-27	2.105650e-27	1.530450e-27	1.050823e-27	6.674137e-28	3.983202e-28	2.281173e-28	1.272582e-28	6.954263e-29	3.721104e-29	1.947585e-29	9.984180e-30	5.033643e-30	2.512787e-30	1.256788e-30	6.421425e-31	3.500874e-31	2.521399e-31	
R205	2.779720e-18	6.171281e-18	2.069976e-17	4.766824e-15	9.497780e-14	1.608026e-14	1.532342e-15	8.113863e-17	1.497819e-18	5.151373e-21	2.844823e-24	2.563639e-27	1.865563e-29	3.757336e-31	9.707935e-33	3.129484e-34	2.381930e-35	4.023900e-36	1.273514e-36	6.045890e-37	2.130448e-37	3.808176e-38	6.482025e-39	1.975946e-39	7.227035e-40	2.128245e-40	5.471094e-41	1.707722e-41	8.959819e-42	9.961576e-42	1.406730e-41	1.331648e-41	5.817170e-42	2.080077e-42	9.241650e-43	3.481900e-43	1.158315e-43	3.548523e-44	1.041160e-44	3.051521e-45	9.359464e-46	3.130677e-46	1.162185e-46	4.727277e-47	2.049338e-47	9.250313e-48	4.311663e-48	2.095385e-48	1.111039e-48	8.187441e-49	
R206	5.302786e-07	1.774458e-07	5.801623e-08	1.443046e-08	2.459118e-10	1.708607e-11	1.722987e-12	1.504567e-13	7.247662e-15	1.552672e-16	1.978412e-18	5.425121e-20	5.528352e-21	9.020576e-22	1.514975e-22	2.644350e-23	7.552197e-24	3.454465e-24	2.315909e-24	2.016039e-24	1.653041e-24	1.338741e-24	1.280903e-24	1.264887e-24	9.520108e-25	4.905398e-25	2.040275e-25	8.292674e-26	3.342582e-26	1.270136e-26	4.426138e-27	1.373509e-27	3.167967e-28	8.617079e-29	3.821763e-29	1.912052e-29	9.975579e-30	5.168468e-30	2.610386e-30	1.282713e-30	6.158156e-31	2.904048e-31	1.351778e-31	6.236372e-32	2.862047e-32	1.311772e-32	6.034934e-33	2.804353e-33	1.325081e-33	6.467967e-34	
R207	5.669618e-18	1.225122e-17	1.860605e-17	6.614866e-17	2.807750e-17	1.351716e-17	7.862954e-18	4.515225e-18	1.850050e-18	2.931962e-19	1.657028e-20	6.526638e-22	5.074582e-23	6.728325e-24	1.082081e-24	2.110705e-25	6.789889e-26	3.453817e-26	2.506165e-26	2.327395e-26	2.076724e-26	1.104310e-26	3.071922e-27	8.700412e-28	4.206348e-28	8.350209e-27	3.641028e-25	3.656102e-24	9.752606e-24	2.548326e-23	6.402224e-23	1.188707e-22	1.551318e-22	1.565880e-22	1.324012e-22	9.484787e-23	6.251553e-23	4.687607e-23	4.918861e-23	6.023196e-23	7.376533e-23	2.658945e-22	2.321150e-21	1.187584e-20	3.591788e-20	7.420076e-20	1.181796e-19	1.582716e-19	1.861355e-19	1.916832e-19	
R209	1.306248e-13	4.518597e-13	6.252470e-12	8.886120e-11	1.277525e-10	3.381143e-11	5.739675e-12	5.660185e-13	2.084427e-14	1.601535e-16	2.548037e-19	8.146577e-22	1.982671e-23	1.171569e-24	8.281798e-26	6.773391e-27	1.138853e-27	3.805776e-28	2.224743e-28	1.902133e-28	1.424809e-28	8.811289e-29	6.827520e-29	6.852036e-29	5.566851e-29	2.905670e-29	1.167523e-29	4.582195e-30	1.769923e-30	6.235467e-31	1.917198e-31	4.861955e-32	7.604286e-33	1.265094e-33	3.280925e-34	8.473479e-35	2.162112e-35	5.456301e-36	1.363290e-36	3.378153e-37	8.321728e-38	2.043530e-38	5.014524e-39	1.231359e-39	3.026137e-40	7.434417e-41	1.823140e-41	4.464866e-42	1.099752e-42	2.786937e-43	
R212	1.699073e-16	6.343664e-16	1.258323e-15	3.482991e-15	1.996284e-15	6.010250e-16	2.052595e-16	6.682124e-17	1.675457e-17	1.980654e-18	6.633489e-20	2.784760e-21	4.677545e-22	1.589565e-22	5.912101e-23	2.126013e-23	8.375832e-24	3.653217e-24	1.778833e-24	9.970530e-25	5.914283e-25	3.255073e-25	1.747782e-25	1.032669e-25	5.993232e-26	3.062191e-26	1.443685e-26	6.849303e-27	3.267344e-27	1.513186e-27	6.657576e-28	2.707470e-28	8.937998e-29	3.022401e-29	1.234083e-29	5.012105e-30	2.017596e-30	8.057170e-31	3.197065e-31	1.263519e-31	4.988520e-32	1.973532e-32	7.842717e-33	3.135022e-33	1.260699e-33	5.093930e-34	2.062916e-34	8.342012e-35	3.351276e-35	1.329357e-35	
R213	2.782458e-23	5.028126e-24	4.234646e-24	5.599385e-23	2.199804e-22	6.354119e-23	1.196843e-23	1.280190e-24	5.076331e-26	3.585863e-28	4.078024e-31	1.457088e-33	4.480293e-35	2.313551e-36	1.125406e-37	5.343604e-39	4.499066e-40	7.171006e-41	2.080838e-41	9.267864e-42	3.936543e-42	1.876821e-42	1.774708e-42	2.653456e-42	3.134077e-42	2.220574e-42	1.171651e-42	6.080545e-43	3.153670e-43	1.512932e-43	6.456369e-44	2.323554e-44	5.109667e-45	1.253539e-45	5.209429e-46	2.176334e-46	8.947831e-47	3.606060e-47	1.423849e-47	5.508054e-48	2.085149e-48	7.709092e-49	2.778246e-49	9.748721e-50	3.329557e-50	1.107188e-50	3.588929e-51	1.136934e-51	3.537297e-52	1.085500e-52	
R214	5.886300e-37	2.516218e-38	2.505343e-38	2.064780e-38	6.734508e-42	1.256899e-44	5.555664e-47	1.885068e-49	1.713257e-52	4.037489e-56	2.107483e-59	9.921744e-62	1.897392e-63	5.244492e-65	1.547151e-66	7.090610e-68	1.462731e-68	1.144562e-68	2.339779e-68	9.083999e-68	3.174084e-67	1.001206e-66	4.204548e-66	2.390394e-65	1.281007e-64	1.247854e-62	1.355168e-60	2.919320e-59	1.502695e-58	6.189031e-58	1.902641e-57	3.127389e-57	1.721938e-57	8.046083e-58	6.150977e-58	3.945919e-58	2.188742e-58	1.089369e-58	5.026916e-59	4.154030e-58	1.414013e-56	3.710250e-55	3.427401e-54	1.465888e-53	3.660489e-53	6.279863e-53	8.393148e-53	9.583820e-53	9.883708e-53	9.464575e-53	
R215	1.338238e-14	3.500612e-13	1.497604e-11	6.157175e-10	4.308639e-09	5.319418e-09	4.949230e-09	4.027508e-09	2.916894e-09	1.757173e-09	6.064821e-10	7.573409e-11	7.483783e-12	6.751780e-13	5.457351e-14	4.830379e-15	7.910184e-16	2.801568e-16	1.518022e-16	8.925525e-17	3.886593e-17	8.028953e-18	7.870214e-19	7.013912e-20	1.244927e-20	4.803676e-21	1.140671e-20	6.464556e-20	1.692056e-19	4.187479e-19	9.827814e-19	1.768844e-18	2.435036e-18	2.707536e-18	2.488602e-18	1.941935e-18	1.311309e-18	7.858603e-19	4.303132e-19	2.211056e-19	1.088119e-19	5.202157e-20	2.440316e-20	1.131995e-20	5.229474e-21	2.425058e-21	1.142328e-21	5.594511e-22	2.987155e-22	1.862261e-22	
R216	0.000000e+00	0.000000e+00	0.000000e+00	0.000000e+00	0.000000e+00	0.000000e+00	0.000000e+00	5.048186e-30	8.489332e-30	4.807875e-30	2.353944e-30	5.263846e-31	9.825950e-32	0.000000e+00	0.000000e+00	0.000000e+00	2.435780e-32	5.852585e-32	7.880736e-32	7.698688e-32	4.854457e-32	2.636629e-32	7.542899e-33	1.895530e-33	3.633995e-34	1.104173e-34	1.548495e-36	0.000000e+00	0.000000e+00	3.469915e-39	1.529952e-37	0.000000e+00	0.000000e+00	0.000000e+00	0.000000e+00	0.000000e+00	0.000000e+00	0.000000e+00	0.000000e+00	0.000000e+00	0.000000e+00	0.000000e+00	0.000000e+00	0.000000e+00	0.000000e+00	0.000000e+00	0.000000e+00	0.000000e+00	0.000000e+00	6.517902e-53	
R217	4.097803e-11	1.854454e-12	7.992847e-13	3.290203e-12	2.027433e-12	1.950252e-13	1.157384e-14	3.733751e-16	3.481343e-18	4.824128e-21	1.186375e-24	8.505600e-28	8.123041e-30	2.281188e-31	7.814162e-33	3.231805e-34	3.508906e-35	8.914972e-36	3.747211e-36	2.204813e-36	1.076561e-36	3.411576e-37	1.119087e-37	6.844640e-38	5.917760e-38	4.213253e-38	2.466235e-38	1.448609e-38	8.453783e-39	4.478489e-39	2.043896e-39	7.534304e-40	1.640767e-40	3.812727e-41	1.415061e-41	5.164169e-42	1.840327e-42	6.457615e-43	2.258445e-43	7.961072e-44	2.840403e-44	1.021688e-44	3.678367e-45	1.318985e-45	4.709537e-46	1.683885e-46	6.121920e-47	2.335734e-47	1.008932e-47	6.632490e-48	
R218	1.134405e-06	2.556613e-07	7.652178e-07	1.164703e-05	6.173906e-07	4.148796e-08	5.308537e-09	7.770497e-10	9.558282e-11	1.647426e-11	2.269528e-11	6.268332e-11	4.662435e-11	1.967179e-11	8.203232e-12	4.729340e-12	4.447769e-12	5.720327e-12	7.960277e-12	1.152740e-11	1.619046e-11	1.654496e-11	9.554931e-12	4.826486e-12	3.758736e-12	1.224552e-10	7.196105e-09	8.874112e-08	2.692728e-07	7.558562e-07	1.952860e-06	3.624132e-06	4.819000e-06	4.721963e-06	3.519704e-06	2.151746e-06	1.130725e-06	5.303378e-07	2.287523e-07	9.288207e-08	3.614303e-08	1.366277e-08	5.069503e-09	1.861355e-09	6.810161e-10	2.501202e-10	9.321059e-11	3.597478e-11	1.501507e-11	7.405607e-12	
R219	9.288309e-15	2.781598e-15	3.034829e-15	7.412862e-15	2.003953e-15	5.689082e-16	1.637808e-16	3.709566e-17	3.786247e-18	7.243364e-20	2.559640e-22	1.042717e-24	2.399845e-26	1.323185e-27	9.001667e-29	7.724344e-30	1.602435e-30	7.213552e-31	5.089709e-31	4.893679e-31	4.464706e-31	2.479178e-31	7.954409e-32	2.747488e-32	1.541864e-32	3.246001e-31	1.419905e-29	1.412370e-28	3.688270e-28	9.194837e-28	2.130110e-27	3.486983e-27	3.643066e-27	2.940993e-27	2.118235e-27	1.270961e-27	6.893149e-28	4.185728e-28	3.508287e-28	3.392234e-28	3.250274e-28	9.100785e-28	6.139781e-27	2.420400e-26	5.637211e-26	8.993674e-26	1.115901e-25	1.188095e-25	1.161662e-25	1.092519e-25	
R220	1.480320e-15	8.601167e-15	2.295272e-14	1.035178e-13	7.619248e-14	4.747529e-14	2.658571e-14	9.839962e-15	1.067065e-15	1.752796e-17	7.477299e-20	6.581384e-22	3.332089e-23	3.317765e-24	3.702109e-25	4.756042e-26	1.209833e-26	5.469801e-27	3.187268e-27	2.168919e-27	1.278970e-27	5.289041e-28	2.671234e-28	2.632425e-28	2.871993e-28	2.534045e-28	1.937836e-28	1.468119e-28	1.105359e-28	7.959800e-29	5.439999e-29	3.450414e-29	1.747505e-29	9.064369e-30	5.282366e-30	2.769360e-30	1.310891e-30	5.695740e-31	2.313824e-31	8.933372e-32	3.320145e-32	1.199195e-32	4.240436e-33	1.477170e-33	5.100066e-34	1.757939e-34	6.119957e-35	2.201177e-35	8.582949e-36	4.009603e-36	
R221	5.455517e-16	2.537366e-15	2.388496e-13	9.418999e-11	2.031190e-09	1.974634e-09	1.014854e-09	3.421824e-10	6.884947e-11	6.281944e-12	1.853712e-13	3.321734e-15	9.978003e-17	5.397352e-18	4.411943e-19	6.455702e-20	2.167734e-20	1.231881e-20	8.442047e-21	6.091827e-21	3.179160e-21	5.495546e-22	3.562720e-23	2.710184e-24	3.347940e-25	4.768589e-26	6.796816e-27	1.025490e-27	1.698019e-28	3.676538e-29	1.231002e-29	4.471786e-30	1.334819e-30	3.315508e-31	7.025188e-32	1.282403e-32	2.092865e-33	3.150626e-34	4.489845e-35	6.186055e-36	8.378441e-37	1.129746e-37	1.531553e-38	2.105218e-39	2.960832e-40	4.315599e-41	6.670816e-42	1.147500e-42	2.458668e-43	8.850520e-44	
R222	4.738442e-13	4.575529e-13	3.784122e-12	5.141752e-10	4.042152e-10	1.754244e-10	6.623700e-11	1.646046e-11	2.245893e-12	1.866902e-13	1.426121e-14	1.047830e-15	6.783032e-17	3.871695e-18	2.310854e-19	1.991405e-20	3.464789e-21	1.013086e-21	3.875137e-22	1.661279e-22	5.706078e-23	1.168695e-23	1.886995e-24	3.737401e-25	8.647327e-26	1.838733e-26	3.583589e-27	7.004586e-28	1.360111e-28	2.509058e-29	4.331121e-30	6.986798e-31	9.622749e-32	1.526870e-32	3.003061e-33	5.632505e-34	9.829171e-35	1.599925e-35	2.457879e-36	3.609786e-37	5.120312e-38	7.064779e-39	9.534401e-40	1.266144e-40	1.668701e-41	2.212994e-42	3.023106e-43	4.430814e-44	7.547608e-45	1.838509e-45	
R223	2.859565e-09	2.949799e-09	2.272858e-08	2.420040e-06	3.051322e-05	2.873610e-05	1.317862e-05	3.648546e-06	4.965815e-07	2.604816e-08	6.053673e-10	1.380250e-11	5.372492e-13	3.397342e-14	3.135768e-15	5.084225e-16	1.799141e-16	1.014568e-16	6.523792e-17	4.267108e-17	2.043593e-17	3.505122e-18	2.377399e-19	1.820440e-20	2.184386e-21	3.027499e-22	4.198435e-23	5.846798e-24	8.042832e-25	1.063741e-25	1.332882e-26	1.556401e-27	1.566297e-28	1.591527e-29	1.788118e-30	1.971742e-31	2.139455e-32	2.304774e-33	2.494925e-34	2.743339e-35	3.075587e-36	3.500808e-37	4.017177e-38	4.628471e-39	5.366957e-40	6.334742e-41	7.823112e-42	1.070734e-42	1.864458e-43	6.704369e-44	
R224	1.604306e-03	1.497379e-03	9.714295e-03	8.719790e-01	4.044127e+00	1.760372e+00	5.855376e-01	1.493240e-01	2.422180e-02	2.404695e-03	1.748979e-04	1.040464e-05	6.353391e-07	5.026447e-08	5.432718e-09	1.005379e-09	3.885672e-10	2.292684e-10	1.499954e-10	9.831436e-11	4.801830e-11	8.874233e-12	6.860872e-13	5.225239e-14	4.978102e-15	5.369716e-16	6.063644e-17	8.023682e-18	1.793950e-18	9.137456e-19	6.335661e-19	3.406757e-19	1.330433e-19	3.884888e-20	8.692101e-21	1.605018e-21	2.567311e-22	3.695861e-23	4.933211e-24	6.247014e-25	7.636789e-26	9.132646e-27	1.079562e-27	1.272843e-28	1.511212e-29	1.830834e-30	2.315197e-31	3.190402e-32	5.248824e-33	1.313564e-33	
R225	3.305359e-07	2.592218e-07	9.234139e-07	4.437652e-05	2.213362e-04	7.721825e-05	2.094385e-05	4.308422e-06	5.556270e-07	4.101439e-08	1.940866e-09	9.082251e-11	5.791208e-12	5.105008e-13	6.170114e-14	1.249899e-14	5.004136e-15	2.954312e-15	1.928916e-15	1.251233e-15	6.535672e-16	1.881875e-16	3.152715e-17	4.475456e-18	5.899747e-19	7.078943e-20	7.883955e-21	8.459211e-22	8.763325e-23	8.714564e-24	8.535486e-25	9.069682e-26	1.176169e-26	2.011725e-27	3.764492e-28	6.541360e-29	1.040920e-29	1.544516e-30	2.186860e-31	3.004945e-32	4.036929e-33	5.309770e-34	6.845362e-35	8.687948e-36	1.095394e-36	1.394072e-37	1.845106e-38	2.688573e-39	4.912495e-40	1.767471e-40	
R226	5.070958e-14	3.512702e-13	1.496302e-11	6.064155e-08	1.562223e-05	1.518792e-05	5.523533e-06	9.926974e-07	6.749215e-08	1.098379e-09	3.841576e-12	1.229919e-14	1.139507e-16	2.250578e-18	6.959507e-20	4.068961e-21	6.749764e-22	2.283861e-22	1.078987e-22	5.851537e-23	2.055468e-23	2.055601e-24	8.122881e-26	3.647181e-27	2.088987e-28	1.250722e-29	7.579431e-31	5.513717e-32	6.625754e-33	1.745269e-33	6.225741e-34	1.649761e-34	2.704385e-35	3.423778e-36	3.923527e-37	3.741060e-38	3.118090e-39	2.374912e-40	1.722741e-41	1.243675e-42	9.377579e-44	7.710489e-45	7.050421e-46	7.099957e-47	7.697349e-48	8.857801e-49	1.092556e-49	1.514238e-50	2.690883e-51	9.906007e-52	
R227	1.505939e-05	1.355167e-05	4.784500e-05	1.752794e-04	3.166595e-05	1.012809e-05	3.037796e-06	6.596730e-07	7.564955e-08	4.060405e-09	1.436597e-10	6.922054e-12	5.850991e-13	6.657840e-14	9.523874e-15	2.159992e-15	1.067018e-15	8.657508e-16	8.478060e-16	8.831018e-16	7.493323e-16	3.618140e-16	9.535823e-17	1.753435e-17	2.500214e-18	2.909655e-19	3.019853e-20	3.019641e-21	2.939811e-22	2.750226e-23	2.459859e-24	2.101749e-25	1.644007e-26	1.452527e-27	1.658645e-28	2.100102e-29	2.745127e-30	3.536097e-31	4.415396e-32	5.344200e-33	6.307436e-34	7.311558e-35	8.383156e-36	9.575007e-37	1.098922e-37	1.284075e-38	1.563270e-39	2.071692e-40	3.280728e-41	7.999828e-42	
R228	0.000000e+00	0.000000e+00	0.000000e+00	0.000000e+00	0.000000e+00	0.000000e+00	0.000000e+00	1.917925e-50	6.064977e-51	9.937696e-52	1.444253e-51	2.729704e-51	6.339776e-52	6.296999e-53	5.793709e-54	6.041856e-55	3.597569e-55	2.089685e-54	1.295362e-53	6.624462e-53	1.946247e-52	1.956207e-52	3.652538e-53	4.026813e-54	5.354649e-55	3.120809e-54	1.976815e-53	0.000000e+00	0.000000e+00	0.000000e+00	7.822832e-54	0.000000e+00	0.000000e+00	0.000000e+00	0.000000e+00	0.000000e+00	0.000000e+00	0.000000e+00	0.000000e+00	0.000000e+00	0.000000e+00	0.000000e+00	0.000000e+00	0.000000e+00	0.000000e+00	0.000000e+00	0.000000e+00	0.000000e+00	0.000000e+00	0.000000e+00	
R229	0.000000e+00	0.000000e+00	0.000000e+00	0.000000e+00	0.000000e+00	0.000000e+00	0.000000e+00	1.171292e-44	1.581244e-45	4.981655e-47	1.732782e-48	7.387263e-50	3.872914e-51	2.567279e-52	1.779340e-53	1.088414e-54	3.440788e-55	1.020828e-54	3.021930e-54	7.159664e-54	9.522722e-54	4.719101e-54	6.162200e-55	6.925186e-56	8.943760e-57	3.047631e-57	1.734417e-56	0.000000e+00	0.000000e+00	0.000000e+00	1.520905e-56	0.000000e+00	0.000000e+00	0.000000e+00	0.000000e+00	0.000000e+00	0.000000e+00	0.000000e+00	0.000000e+00	0.000000e+00	0.000000e+00	0.000000e+00	0.000000e+00	0.000000e+00	0.000000e+00	0.000000e+00	0.000000e+00	0.000000e+00	0.000000e+00	0.000000e+00	
R230	0.000000e+00	0.000000e+00	0.000000e+00	0.000000e+00	0.000000e+00	0.000000e+00	0.000000e+00	1.110534e-31	4.565601e-32	4.212468e-33	3.525996e-34	3.534235e-35	4.026813e-36	4.945009e-37	5.984515e-38	6.252274e-39	3.276084e-39	1.563065e-38	7.298881e-38	2.703966e-37	5.971157e-37	6.079911e-37	1.836934e-37	3.272662e-38	4.074239e-39	4.853907e-40	3.237126e-41	0.000000e+00	0.000000e+00	0.000000e+00	4.145605e-45	0.000000e+00	0.000000e+00	0.000000e+00	0.000000e+00	0.000000e+00	0.000000e+00	0.000000e+00	0.000000e+00	0.000000e+00	0.000000e+00	0.000000e+00	0.000000e+00	0.000000e+00	0.000000e+00	0.000000e+00	0.000000e+00	0.000000e+00	0.000000e+00	0.000000e+00	
R231	0.000000e+00	0.000000e+00	0.000000e+00	0.000000e+00	0.000000e+00	0.000000e+00	0.000000e+00	4.314290e-33	3.756365e-33	9.130241e-34	2.200689e-34	5.022995e-35	8.138067e-36	9.620415e-37	9.229867e-38	6.698307e-39	2.123576e-39	5.818080e-39	1.599067e-38	3.576573e-38	5.191878e-38	4.960227e-38	2.144766e-38	6.195738e-39	1.196536e-39	2.068609e-40	1.928711e-41	0.000000e+00	0.000000e+00	0.000000e+00	8.584242e-45	0.000000e+00	0.000000e+00	0.000000e+00	0.000000e+00	0.000000e+00	0.000000e+00	0.000000e+00	0.000000e+00	0.000000e+00	0.000000e+00	0.000000e+00	0.000000e+00	0.000000e+00	0.000000e+00	0.000000e+00	0.000000e+00	0.000000e+00	0.000000e+00	0.000000e+00	
R232	0.000000e+00	0.000000e+00	0.000000e+00	0.000000e+00	0.000000e+00	0.000000e+00	0.000000e+00	9.668950e-31	4.716167e-31	5.580610e-32	5.873172e-33	5.710223e-34	4.842888e-35	4.178267e-36	3.554418e-37	2.616970e-38	9.418408e-39	2.997658e-38	9.010302e-38	2.094072e-37	2.747831e-37	1.295252e-37	1.365447e-38	8.498896e-40	4.290819e-41	2.393544e-42	8.172441e-44	0.000000e+00	0.000000e+00	0.000000e+00	9.995552e-49	0.000000e+00	0.000000e+00	0.000000e+00	0.000000e+00	0.000000e+00	0.000000e+00	0.000000e+00	0.000000e+00	0.000000e+00	0.000000e+00	0.000000e+00	0.000000e+00	0.000000e+00	0.000000e+00	0.000000e+00	0.000000e+00	0.000000e+00	0.000000e+00	0.000000e+00	
R233	1.472804e-36	5.132556e-35	1.563744e-34	8.289538e-34	7.457463e-34	5.928984e-34	4.854321e-34	3.032405e-34	7.412338e-35	4.301958e-36	9.595253e-38	3.143387e-39	3.057138e-40	4.758843e-41	8.297755e-42	1.649864e-42	5.257518e-43	2.617334e-43	1.824651e-43	1.595153e-43	1.251254e-43	7.215120e-44	5.513168e-44	8.716554e-44	1.532042e-43	2.132407e-43	2.550449e-43	3.055481e-43	3.679068e-43	4.251501e-43	4.643864e-43	4.619370e-43	3.462552e-43	2.580180e-43	2.162562e-43	1.577871e-43	1.012364e-43	5.852308e-44	3.125095e-44	1.574180e-44	7.598475e-45	3.554442e-45	1.624893e-45	7.308723e-46	3.254687e-46	1.444485e-46	6.447532e-47	2.939191e-47	1.409604e-47	7.549268e-48	
R235	1.317904e-08	6.303295e-09	4.920503e-09	2.071426e-08	2.434486e-09	1.753293e-10	2.407312e-11	3.750033e-12	4.758692e-13	4.321019e-14	2.694630e-15	1.588850e-16	1.702327e-17	3.329241e-18	8.416746e-19	2.559732e-19	1.109602e-19	5.984103e-20	3.478841e-20	2.127864e-20	1.058947e-20	2.351832e-21	2.584846e-22	3.286257e-23	5.871703e-24	1.253717e-24	2.881813e-25	7.982612e-26	3.849408e-26	4.364406e-26	6.991296e-26	9.055110e-26	8.754511e-26	6.568148e-26	3.978725e-26	2.022562e-26	8.944789e-27	3.553198e-27	1.302956e-27	4.507829e-28	1.495322e-28	4.811211e-29	1.514539e-29	4.697733e-30	1.445227e-30	4.443035e-31	1.379782e-31	4.402357e-32	1.481157e-32	5.483984e-33	
R236	8.532285e-09	3.976918e-09	2.000795e-09	5.367145e-09	8.220610e-10	5.863525e-11	8.312011e-12	1.396976e-12	2.106485e-13	2.526229e-14	2.124098e-15	1.813188e-16	2.926808e-17	8.517866e-18	3.208177e-18	1.412505e-18	7.691800e-19	4.591873e-19	2.712575e-19	1.579935e-19	8.151145e-20	2.675111e-20	5.524286e-21	1.075909e-21	2.266822e-22	4.927699e-23	1.064800e-23	2.284838e-24	4.881056e-25	1.045916e-25	2.335011e-26	6.060678e-27	2.119512e-27	1.001708e-27	5.082621e-28	2.431377e-28	1.069722e-28	4.379842e-29	1.703661e-29	6.395783e-30	2.331509e-30	8.250792e-31	2.832642e-31	9.457859e-32	3.089889e-32	9.978798e-33	3.243441e-33	1.094268e-33	4.088872e-34	2.176503e-34	
R237	1.052759e-08	6.147151e-09	3.370998e-09	7.646531e-10	4.757948e-12	3.531874e-13	6.380243e-14	1.348962e-14	2.307315e-15	2.855168e-16	2.806068e-17	3.593376e-18	9.648557e-19	4.337979e-19	2.311524e-19	1.356292e-19	1.027846e-19	8.982497e-20	8.048792e-20	7.348835e-20	6.040411e-20	3.216201e-20	9.558538e-21	2.133759e-21	4.401651e-22	8.782915e-23	1.716604e-23	3.336608e-24	6.514339e-25	1.286934e-25	2.601768e-26	5.477556e-27	1.218540e-27	3.112498e-28	9.646141e-29	3.362355e-29	1.215165e-29	4.319258e-30	1.481667e-30	4.899579e-31	1.569126e-31	4.893829e-32	1.494245e-32	4.489869e-33	1.335237e-33	3.959153e-34	1.183689e-34	3.632003e-35	1.176225e-35	4.243328e-36	
R238	4.461703e-28	1.026134e-27	1.529560e-27	2.764549e-27	2.243423e-28	5.642700e-29	2.640493e-29	1.363118e-29	5.008219e-30	6.326969e-31	2.194115e-32	4.776849e-34	2.698880e-35	3.556490e-36	6.587438e-37	1.605479e-37	6.916091e-38	4.695448e-38	4.271301e-38	4.770587e-38	4.765659e-38	2.010403e-38	2.880883e-39	3.695501e-40	8.622819e-41	9.064655e-40	2.200372e-38	1.241563e-37	1.879565e-37	2.863518e-37	4.376989e-37	5.247764e-37	4.884043e-37	3.580877e-37	2.104523e-37	1.050373e-37	4.795754e-38	2.467007e-38	1.758257e-38	1.448865e-38	1.183672e-38	2.821800e-38	1.615814e-37	5.384406e-37	1.055271e-36	1.410340e-36	1.459753e-36	1.290888e-36	1.040517e-36	7.919446e-37	
R239	9.412626e-28	4.187008e-26	1.519497e-25	5.038476e-25	1.103567e-25	6.022651e-26	5.400340e-26	4.458536e-26	1.680639e-26	1.717780e-27	6.573991e-29	2.837546e-30	3.334733e-31	7.576847e-32	2.194826e-32	7.633075e-33	3.897235e-33	2.609738e-33	1.954217e-33	1.555526e-33	1.009974e-33	3.203128e-34	7.409572e-35	2.805637e-35	1.307762e-35	5.847880e-36	2.501470e-36	1.083174e-36	4.762712e-37	2.107072e-37	9.522418e-38	4.413469e-38	1.963477e-38	9.139023e-39	4.344762e-39	1.894736e-39	7.550295e-40	2.779121e-40	9.600101e-41	3.158753e-41	1.000983e-41	3.078189e-42	9.238616e-43	2.720440e-43	7.903759e-44	2.282173e-44	6.627660e-45	1.979933e-45	6.364494e-46	2.406163e-46	
R242	3.054426e-28	4.184457e-28	1.151819e-27	1.211431e-26	2.672747e-27	9.011546e-28	5.153617e-28	3.308728e-28	1.752547e-28	4.671565e-29	5.711623e-30	3.755322e-31	3.314856e-32	4.708398e-33	8.084357e-34	1.644786e-34	5.183485e-35	2.331679e-35	1.315475e-35	8.788158e-36	5.451940e-36	1.549065e-36	1.489905e-37	1.220424e-38	1.821354e-39	1.260942e-38	2.037391e-37	7.547399e-37	7.368413e-37	7.136119e-37	6.850755e-37	5.123292e-37	3.022761e-37	1.376218e-37	4.857346e-38	1.476203e-38	4.218736e-39	1.406142e-39	6.732476e-40	3.853044e-40	2.248118e-40	3.912941e-40	1.663814e-39	4.171407e-39	6.217975e-39	6.385799e-39	5.141399e-39	3.602767e-39	2.383884e-39	1.654262e-39	
R243	1.933130e-28	5.122239e-27	3.432724e-26	6.623612e-25	3.944269e-25	2.885502e-25	3.162055e-25	3.246692e-25	1.764339e-25	3.805007e-26	5.133936e-27	6.692215e-28	1.228749e-28	3.009271e-29	8.080725e-30	2.345986e-30	8.762722e-31	3.887853e-31	1.805579e-31	8.596559e-32	3.466248e-32	7.404267e-33	1.149601e-33	2.779650e-34	8.286956e-35	2.440413e-35	6.948558e-36	1.975368e-36	5.601344e-37	1.575298e-37	4.471276e-38	1.292636e-38	3.645621e-39	1.053704e-39	3.008380e-40	7.988637e-41	1.992556e-41	4.752122e-42	1.102781e-42	2.520072e-43	5.703423e-44	1.280541e-44	2.853919e-45	6.322737e-46	1.397140e-46	3.099996e-47	7.002989e-48	1.657751e-48	4.374426e-49	1.507842e-49	
R244	8.974606e-28	8.384397e-26	6.969533e-23	6.635765e-20	1.204525e-18	7.696605e-19	2.573734e-19	5.138676e-20	4.749085e-21	1.332755e-22	1.022512e-24	8.963496e-27	2.389739e-28	1.104578e-29	5.921196e-31	3.925427e-32	5.493392e-33	1.948365e-33	1.426306e-33	1.430718e-33	1.078880e-33	3.729164e-34	6.532621e-35	1.071862e-35	2.877495e-36	1.254525e-36	2.793793e-36	1.403791e-35	3.120489e-35	6.088920e-35	1.024634e-34	1.158948e-34	7.473625e-35	3.705240e-35	1.772284e-35	6.997155e-36	2.380350e-36	7.244970e-37	2.032640e-37	5.382342e-38	1.370176e-38	3.400754e-39	8.315631e-40	2.018358e-40	4.888692e-41	1.186742e-41	2.905260e-42	7.278691e-43	1.930321e-43	5.675438e-44	
R245	3.895285e-24	4.754943e-22	5.276084e-19	6.875035e-16	1.763996e-14	1.649903e-14	8.435524e-15	2.841081e-15	5.405196e-16	4.254001e-17	1.205105e-18	3.149615e-20	1.618097e-21	1.254935e-22	1.123568e-23	1.227691e-24	2.424885e-25	1.030192e-25	7.788513e-26	7.292796e-26	5.202001e-26	1.635845e-26	2.220962e-27	2.566459e-28	5.176612e-29	1.926440e-29	3.937461e-29	1.823277e-28	3.740371e-28	6.886517e-28	1.131239e-27	1.311977e-27	9.858887e-28	5.566500e-28	2.669737e-28	1.054038e-28	3.585716e-29	1.091369e-29	3.061932e-30	8.107861e-31	2.064008e-31	5.122834e-32	1.252651e-32	3.040417e-33	7.364236e-34	1.787686e-34	4.376431e-35	1.096449e-35	2.907801e-36	8.549375e-37	
R246	1.197325e-16	4.385127e-15	3.710211e-12	1.156231e-08	3.261863e-07	2.129815e-07	9.312131e-08	3.163221e-08	7.292546e-09	8.050707e-10	2.496046e-11	5.298339e-13	3.169991e-14	4.869956e-15	1.108950e-15	3.277689e-16	1.524112e-16	9.726254e-17	7.179363e-17	5.761481e-17	3.617510e-17	8.714256e-18	8.983030e-19	1.234961e-19	3.074526e-20	9.352963e-21	2.913366e-21	9.701165e-22	3.569284e-22	1.724628e-22	1.290753e-22	1.046704e-22	6.932915e-23	3.767421e-23	1.739741e-23	6.911119e-24	2.450388e-24	7.994129e-25	2.461121e-25	7.303810e-26	2.126437e-26	6.159130e-27	1.793870e-27	5.294986e-28	1.592876e-28	4.906593e-29	1.558195e-29	5.184162e-30	1.882329e-30	8.213763e-31	
R247	1.088001e-08	1.147966e-07	1.216909e-05	1.923857e-02	3.035830e-02	1.420175e-02	7.743562e-03	3.730018e-03	1.446221e-03	5.368540e-04	2.282502e-04	8.089044e-05	2.432857e-05	7.708914e-06	2.494374e-06	8.317829e-07	3.140096e-07	1.304846e-07	5.606941e-08	2.443459e-08	9.390957e-09	2.369347e-09	4.363725e-10	9.895962e-11	3.181981e-11	1.176513e-11	4.482991e-12	1.739433e-12	6.762879e-13	2.582063e-13	9.656197e-14	3.592056e-14	1.338685e-14	5.501331e-15	2.366357e-15	9.658612e-16	3.661844e-16	1.291705e-16	4.286982e-17	1.356146e-17	4.134996e-18	1.225537e-18	3.553379e-19	1.013305e-19	2.856512e-20	8.005871e-21	2.246910e-21	6.369406e-22	1.838631e-22	5.429108e-23	
R248	1.275799e-17	8.956462e-17	6.333989e-15	5.197426e-12	7.529904e-11	3.911057e-11	1.184116e-11	2.438786e-12	2.721069e-13	1.130365e-14	1.374340e-16	1.598406e-18	6.915932e-20	8.298745e-21	1.468737e-21	3.349807e-22	1.274265e-22	7.058151e-23	4.772009e-23	3.642395e-23	2.183261e-23	5.670602e-24	7.430869e-25	1.317584e-25	3.906148e-26	1.295945e-26	4.189561e-27	1.418947e-27	5.211066e-28	2.445387e-28	1.793292e-28	1.427757e-28	8.535793e-29	4.153442e-29	1.824207e-29	6.782146e-30	2.215187e-30	6.562041e-31	1.808923e-31	4.737986e-32	1.198835e-32	2.968216e-33	7.261418e-34	1.767931e-34	4.306772e-35	1.054619e-35	2.613321e-36	6.653611e-37	1.808318e-37	5.717565e-38	
R250	1.095791e-10	9.435329e-10	6.960430e-08	6.274000e-05	1.116779e-03	7.684255e-04	3.293985e-04	1.032204e-04	1.892038e-05	1.514906e-06	4.976530e-08	1.725552e-09	1.555378e-10	3.147159e-11	9.109836e-12	3.349394e-12	1.777847e-12	1.174018e-12	8.192283e-13	5.864666e-13	3.335875e-13	7.800272e-14	7.929796e-15	1.011771e-15	2.290131e-16	6.535599e-17	1.941846e-17	5.856777e-18	1.757320e-18	5.117690e-19	1.425416e-19	3.737139e-20	8.645164e-21	1.980401e-21	4.852193e-22	1.164365e-22	2.744809e-23	6.407932e-24	1.498561e-24	3.549199e-25	8.553278e-26	2.091328e-26	5.155788e-27	1.275618e-27	3.163819e-28	7.891930e-29	2.002340e-29	5.300573e-30	1.564097e-30	6.817837e-31	
R251	1.095791e-10	9.435329e-10	6.960430e-08	6.274000e-05	1.116779e-03	7.684255e-04	3.293985e-04	1.032204e-04	1.892038e-05	1.514906e-06	4.976530e-08	1.725552e-09	1.555378e-10	3.147159e-11	9.109836e-12	3.349394e-12	1.777847e-12	1.174018e-12	8.192283e-13	5.864666e-13	3.335875e-13	7.800272e-14	7.929796e-15	1.011771e-15	2.290131e-16	6.535599e-17	1.941846e-17	5.856777e-18	1.757320e-18	5.117690e-19	1.425416e-19	3.737139e-20	8.645164e-21	1.980401e-21	4.852193e-22	1.164365e-22	2.744809e-23	6.407932e-24	1.498561e-24	3.549199e-25	8.553278e-26	2.091328e-26	5.155788e-27	1.275618e-27	3.163819e-28	7.891930e-29	2.002340e-29	5.300573e-30	1.564097e-30	6.817837e-31	
R252	5.872192e-09	3.610233e-08	7.699724e-07	2.726101e-06	3.866733e-06	1.760969e-06	5.102486e-07	9.580406e-08	9.015027e-09	3.070026e-10	3.682014e-12	5.969646e-14	3.407823e-15	4.214468e-16	6.965540e-17	1.412156e-17	4.625874e-18	2.225704e-18	1.382312e-18	1.014801e-18	6.557862e-19	2.951474e-19	1.033581e-19	3.510066e-20	1.119964e-20	3.154622e-21	8.241881e-22	2.282281e-22	8.682062e-23	7.504268e-23	1.058646e-22	1.183399e-22	8.195308e-23	4.329806e-23	2.081756e-23	8.264071e-24	2.827695e-24	8.644944e-25	2.428357e-25	6.404707e-26	1.612747e-26	3.925806e-27	9.319665e-28	2.169761e-28	4.970070e-29	1.122623e-29	2.509437e-30	5.594821e-31	1.264973e-31	3.028478e-32	
R254	1.263576e-10	1.077049e-08	6.688187e-06	3.628675e-01	2.191512e+02	2.726362e+02	1.734675e+02	7.661296e+01	2.057572e+01	2.400995e+00	8.554954e-02	2.198129e-03	1.286369e-04	1.798405e-05	3.838150e-06	1.099159e-06	4.655875e-07	2.438471e-07	1.314053e-07	7.011962e-08	2.684524e-08	3.162474e-09	1.263705e-10	5.505803e-12	3.829957e-13	3.700848e-14	4.211272e-15	5.852032e-16	1.355921e-16	7.192767e-17	5.496052e-17	3.398230e-17	1.619789e-17	5.646203e-18	1.416865e-18	2.939974e-19	5.323623e-20	8.787129e-21	1.377041e-21	2.141252e-22	3.470605e-23	6.129790e-24	1.204201e-24	2.604045e-25	6.038574e-26	1.468554e-26	3.721448e-27	9.975742e-28	3.004109e-28	1.340594e-28	
R255	1.065240e-11	5.526813e-11	1.085902e-09	2.317537e-08	1.030787e-07	6.012046e-08	2.052039e-08	4.635303e-09	5.751326e-10	2.794238e-11	4.995411e-13	1.225062e-14	9.871246e-16	1.480026e-16	2.637846e-17	5.300513e-18	1.603336e-18	6.912025e-19	3.852917e-19	2.549545e-19	1.508178e-19	6.782155e-20	2.751836e-20	1.173375e-20	4.490533e-21	1.384146e-21	3.694470e-22	9.465959e-23	2.337486e-23	5.396685e-24	1.149026e-24	2.216770e-25	3.420133e-26	5.401470e-27	1.030288e-27	1.942484e-28	3.614545e-29	6.652581e-30	1.213572e-30	2.199588e-31	3.972705e-32	7.172144e-33	1.297871e-33	2.358822e-34	4.310655e-35	7.929612e-36	1.473422e-36	2.798110e-37	5.611580e-38	1.282499e-38	
R257	1.812895e-06	2.351563e-04	5.871905e-01	1.912085e+03	8.079174e+04	1.518529e+05	1.656748e+05	1.299957e+05	6.523432e+04	1.547833e+04	1.408977e+03	1.160803e+02	2.137382e+01	8.353585e+00	4.649187e+00	3.223324e+00	2.920074e+00	2.974375e+00	2.951584e+00	2.854951e+00	2.335617e+00	9.604149e-01	1.789389e-01	2.652513e-02	4.209877e-03	7.317921e-04	1.312055e-04	2.310082e-05	3.970201e-06	6.709932e-07	1.118838e-07	1.848919e-08	3.110562e-09	4.983695e-10	7.298230e-11	1.038081e-11	1.441787e-12	1.960379e-13	2.616133e-14	3.439324e-15	4.477236e-16	5.805380e-17	7.538684e-18	9.841572e-19	1.293754e-19	1.712469e-20	2.283123e-21	3.084126e-22	4.314431e-23	6.620921e-24	
R258	3.035688e-19	2.072583e-17	3.402666e-15	9.211616e-13	6.036902e-12	4.537781e-12	3.085429e-12	1.869242e-12	8.449858e-13	1.665387e-13	7.555981e-15	3.450454e-16	6.466237e-17	3.188245e-17	2.064411e-17	1.439536e-17	1.101843e-17	8.576996e-18	6.443132e-18	5.011564e-18	3.828620e-18	1.854410e-18	5.091719e-19	1.252234e-19	3.298855e-20	8.946739e-21	2.422440e-21	6.555294e-22	1.761488e-22	4.641741e-23	1.188801e-23	2.927032e-24	6.631025e-25	1.473189e-25	3.369791e-26	7.537494e-27	1.651561e-27	3.553542e-28	7.531133e-29	1.579112e-29	3.294621e-30	6.882262e-31	1.447337e-31	3.075796e-32	6.616249e-33	1.440343e-33	3.171233e-34	7.073457e-35	1.613898e-35	3.876770e-36	
R259	1.339243e-08	1.382496e-07	5.670908e-06	2.282157e-04	9.628592e-04	1.171520e-03	1.386165e-03	1.497738e-03	1.417964e-03	9.290239e-04	3.307455e-04	9.579797e-05	3.827126e-05	2.129776e-05	1.359417e-05	9.269354e-06	6.886707e-06	5.232911e-06	3.842397e-06	2.774153e-06	1.866636e-06	9.037670e-07	2.966002e-07	8.746859e-08	2.702757e-08	8.836564e-09	2.944753e-09	9.720287e-10	3.181537e-10	1.045100e-10	3.487053e-11	1.196679e-11	4.309241e-12	1.543502e-12	5.294367e-13	1.779795e-13	5.821375e-14	1.847983e-14	5.699351e-15	1.711132e-15	5.009364e-16	1.431689e-16	3.999630e-17	1.093740e-17	2.931993e-18	7.718198e-19	2.002185e-19	5.163563e-20	1.351922e-20	3.745268e-21	
R260	1.140439e-16	5.763298e-15	1.401609e-12	1.987887e-09	3.608733e-08	5.362648e-08	7.212085e-08	8.566272e-08	6.335031e-08	2.731030e-08	7.295024e-09	2.503509e-09	1.101545e-09	4.794822e-10	1.992093e-10	7.751594e-11	2.873975e-11	9.942340e-12	3.161841e-12	9.701514e-13	2.950433e-13	7.662639e-14	1.551810e-14	2.684123e-15	4.469926e-16	7.530157e-17	1.257870e-17	2.035347e-18	3.221588e-19	5.087163e-20	8.142419e-21	1.341693e-21	2.343958e-22	4.021757e-23	6.452209e-24	1.009671e-24	1.530086e-25	2.238963e-26	3.164702e-27	4.325440e-28	5.717888e-29	7.305330e-30	9.009935e-31	1.071112e-31	1.225117e-32	1.345654e-33	1.418913e-34	1.442755e-35	1.436628e-36	1.446913e-37	
R261	5.507106e-16	4.714301e-12	6.548725e-08	2.209475e-03	3.777984e-01	1.097071e+00	1.749347e+00	2.079607e+00	2.085228e+00	1.931925e+00	1.630594e+00	1.111846e+00	6.605131e-01	4.018025e-01	2.453808e-01	1.463724e-01	8.715567e-02	5.021446e-02	2.727135e-02	1.435622e-02	7.559486e-03	3.812626e-03	1.664921e-03	6.302937e-04	2.227714e-04	7.600262e-05	2.466863e-05	7.481283e-06	2.126189e-06	5.700122e-07	1.444388e-07	3.467298e-08	8.009847e-09	1.687831e-09	3.178241e-10	5.587995e-11	9.225313e-12	1.437646e-12	2.126727e-13	3.003639e-14	4.072989e-15	5.331831e-16	6.771719e-17	8.377993e-18	1.012483e-18	1.197127e-19	1.387695e-20	1.587547e-21	1.828488e-22	2.228251e-23	
R263	0.000000e+00	0.000000e+00	0.000000e+00	0.000000e+00	0.000000e+00	0.000000e+00	0.000000e+00	2.082444e-26	1.412297e-26	1.200259e-27	1.671566e-29	1.107572e-31	2.734582e-33	0.000000e+00	0.000000e+00	0.000000e+00	2.512608e-34	1.233532e-33	3.927321e-33	9.899921e-33	1.297367e-32	5.777463e-33	5.358456e-34	3.856257e-35	2.487204e-36	2.898631e-37	1.697577e-39	0.000000e+00	0.000000e+00	3.923382e-43	9.006273e-42	0.000000e+00	0.000000e+00	0.000000e+00	0.000000e+00	0.000000e+00	0.000000e+00	0.000000e+00	0.000000e+00	0.000000e+00	0.000000e+00	0.000000e+00	0.000000e+00	0.000000e+00	0.000000e+00	0.000000e+00	0.000000e+00	0.000000e+00	0.000000e+00	0.000000e+00	
R264	0.000000e+00	0.000000e+00	0.000000e+00	0.000000e+00	0.000000e+00	0.000000e+00	0.000000e+00	9.463907e-58	9.471786e-58	3.271947e-59	8.193056e-62	5.002003e-65	1.797559e-67	0.000000e+00	0.000000e+00	0.000000e+00	1.406248e-68	3.404218e-67	3.491552e-66	2.273873e-65	4.739960e-65	2.258803e-65	1.009871e-66	3.375746e-68	8.535240e-70	6.537513e-71	1.237195e-74	0.000000e+00	0.000000e+00	1.256981e-79	3.960353e-76	0.000000e+00	0.000000e+00	0.000000e+00	0.000000e+00	0.000000e+00	0.000000e+00	0.000000e+00	0.000000e+00	0.000000e+00	0.000000e+00	0.000000e+00	0.000000e+00	0.000000e+00	0.000000e+00	0.000000e+00	0.000000e+00	0.000000e+00	0.000000e+00	0.000000e+00	
R265	0.000000e+00	0.000000e+00	0.000000e+00	0.000000e+00	0.000000e+00	0.000000e+00	0.000000e+00	1.259082e-34	1.297333e-34	1.662902e-35	3.114269e-37	3.926570e-39	1.688540e-40	0.000000e+00	0.000000e+00	0.000000e+00	6.826887e-42	1.747837e-41	2.806671e-41	3.562171e-41	2.575282e-41	8.437611e-42	8.420134e-43	7.593480e-44	6.184542e-45	9.050236e-46	6.672361e-48	0.000000e+00	0.000000e+00	3.346115e-51	1.053536e-49	0.000000e+00	0.000000e+00	0.000000e+00	0.000000e+00	0.000000e+00	0.000000e+00	0.000000e+00	0.000000e+00	0.000000e+00	0.000000e+00	0.000000e+00	0.000000e+00	0.000000e+00	0.000000e+00	0.000000e+00	0.000000e+00	0.000000e+00	0.000000e+00	0.000000e+00	
R266	0.000000e+00	0.000000e+00	0.000000e+00	0.000000e+00	0.000000e+00	0.000000e+00	0.000000e+00	2.708902e-26	4.105020e-26	1.687659e-26	3.047205e-27	2.571919e-28	3.257765e-29	0.000000e+00	0.000000e+00	0.000000e+00	2.264358e-29	1.090751e-28	3.304358e-28	7.896454e-28	1.176725e-27	1.159694e-27	4.552566e-28	1.477424e-28	3.653835e-29	1.413726e-29	2.516173e-31	0.000000e+00	0.000000e+00	1.282085e-33	7.822557e-32	0.000000e+00	0.000000e+00	0.000000e+00	0.000000e+00	0.000000e+00	0.000000e+00	0.000000e+00	0.000000e+00	0.000000e+00	0.000000e+00	0.000000e+00	0.000000e+00	0.000000e+00	0.000000e+00	0.000000e+00	0.000000e+00	0.000000e+00	0.000000e+00	0.000000e+00	
R267	0.000000e+00	0.000000e+00	0.000000e+00	0.000000e+00	0.000000e+00	0.000000e+00	0.000000e+00	6.275927e-31	2.642359e-31	2.126396e-32	5.898237e-34	1.028379e-35	5.192812e-37	0.000000e+00	0.000000e+00	0.000000e+00	1.426389e-37	7.835411e-37	2.759770e-36	7.649557e-36	1.167612e-35	7.567217e-36	1.151258e-36	1.203652e-37	9.872960e-39	1.353200e-39	9.018754e-42	0.000000e+00	0.000000e+00	3.097010e-45	8.274515e-44	0.000000e+00	0.000000e+00	0.000000e+00	0.000000e+00	0.000000e+00	0.000000e+00	0.000000e+00	0.000000e+00	0.000000e+00	0.000000e+00	0.000000e+00	0.000000e+00	0.000000e+00	0.000000e+00	0.000000e+00	0.000000e+00	0.000000e+00	0.000000e+00	0.000000e+00	
R268	0.000000e+00	0.000000e+00	0.000000e+00	0.000000e+00	0.000000e+00	0.000000e+00	0.000000e+00	1.015189e-30	1.284741e-30	2.824920e-31	1.574969e-32	4.040503e-34	2.389587e-35	0.000000e+00	0.000000e+00	0.000000e+00	5.231525e-36	2.320991e-35	6.641317e-35	1.511284e-34	1.952736e-34	1.203292e-34	2.246170e-35	3.592768e-36	4.978850e-37	1.194168e-37	1.405204e-39	0.000000e+00	0.000000e+00	2.503998e-42	1.114836e-40	0.000000e+00	0.000000e+00	0.000000e+00	0.000000e+00	0.000000e+00	0.000000e+00	0.000000e+00	0.000000e+00	0.000000e+00	0.000000e+00	0.000000e+00	0.000000e+00	0.000000e+00	0.000000e+00	0.000000e+00	0.000000e+00	0.000000e+00	0.000000e+00	0.000000e+00	
R269	0.000000e+00	0.000000e+00	0.000000e+00	0.000000e+00	0.000000e+00	0.000000e+00	0.000000e+00	1.292578e-28	1.996619e-28	7.997991e-29	1.313328e-29	8.817851e-31	7.936300e-32	0.000000e+00	0.000000e+00	0.000000e+00	1.000456e-32	2.874075e-32	5.038429e-32	6.823315e-32	5.695539e-32	3.056064e-32	6.332771e-33	1.089798e-33	1.483639e-34	3.294497e-35	3.437219e-37	0.000000e+00	0.000000e+00	3.444634e-40	1.196248e-38	0.000000e+00	0.000000e+00	0.000000e+00	0.000000e+00	0.000000e+00	0.000000e+00	0.000000e+00	0.000000e+00	0.000000e+00	0.000000e+00	0.000000e+00	0.000000e+00	0.000000e+00	0.000000e+00	0.000000e+00	0.000000e+00	0.000000e+00	0.000000e+00	0.000000e+00	
R270	0.000000e+00	0.000000e+00	0.000000e+00	0.000000e+00	0.000000e+00	0.000000e+00	0.000000e+00	6.348612e-35	6.402903e-35	9.957850e-36	4.574116e-37	1.629542e-38	1.316128e-39	0.000000e+00	0.000000e+00	0.000000e+00	7.867433e-41	1.638860e-40	2.011478e-40	1.861053e-40	1.025044e-40	3.448987e-41	4.940202e-42	6.863107e-43	8.221743e-44	1.686422e-44	1.693183e-46	0.000000e+00	0.000000e+00	1.963163e-49	7.876549e-48	0.000000e+00	0.000000e+00	0.000000e+00	0.000000e+00	0.000000e+00	0.000000e+00	0.000000e+00	0.000000e+00	0.000000e+00	0.000000e+00	0.000000e+00	0.000000e+00	0.000000e+00	0.000000e+00	0.000000e+00	0.000000e+00	0.000000e+00	0.000000e+00	1.561134e-60	
R271	0.000000e+00	0.000000e+00	0.000000e+00	0.000000e+00	0.000000e+00	0.000000e+00	0.000000e+00	1.177910e-29	1.980844e-29	1.121838e-29	5.492536e-30	1.228231e-30	2.292722e-31	0.000000e+00	0.000000e+00	0.000000e+00	5.683486e-32	1.365603e-31	1.838838e-31	1.796361e-31	1.132707e-31	6.152134e-32	1.760010e-32	4.422903e-33	8.479323e-34	2.576404e-34	3.613155e-36	0.000000e+00	0.000000e+00	8.096469e-39	3.569888e-37	0.000000e+00	0.000000e+00	0.000000e+00	0.000000e+00	0.000000e+00	0.000000e+00	0.000000e+00	0.000000e+00	0.000000e+00	0.000000e+00	0.000000e+00	0.000000e+00	0.000000e+00	0.000000e+00	0.000000e+00	0.000000e+00	0.000000e+00	0.000000e+00	1.520844e-52	
R272	0.000000e+00	0.000000e+00	0.000000e+00	0.000000e+00	0.000000e+00	0.000000e+00	0.000000e+00	6.524488e-30	2.556376e-30	1.572128e-31	2.275570e-33	1.689595e-35	3.693294e-37	0.000000e+00	0.000000e+00	0.000000e+00	6.887050e-39	2.138167e-38	4.488424e-38	7.682717e-38	7.269407e-38	3.041106e-38	3.512965e-39	3.290511e-40	2.692229e-41	3.940881e-42	2.929785e-44	0.000000e+00	0.000000e+00	8.464750e-47	1.581506e-44	0.000000e+00	0.000000e+00	0.000000e+00	0.000000e+00	0.000000e+00	0.000000e+00	0.000000e+00	0.000000e+00	0.000000e+00	0.000000e+00	0.000000e+00	0.000000e+00	0.000000e+00	0.000000e+00	0.000000e+00	0.000000e+00	0.000000e+00	0.000000e+00	0.000000e+00	
R273	0.000000e+00	0.000000e+00	0.000000e+00	0.000000e+00	0.000000e+00	0.000000e+00	0.000000e+00	6.264065e-26	4.288626e-26	9.141468e-27	2.407770e-27	7.084736e-28	1.899602e-28	0.000000e+00	0.000000e+00	0.000000e+00	6.093688e-29	1.546438e-28	2.418699e-28	3.055944e-28	2.706941e-28	2.427673e-28	1.361180e-28	7.632786e-29	2.818236e-29	1.570014e-29	6.658374e-31	0.000000e+00	0.000000e+00	3.451903e-32	1.938021e-31	0.000000e+00	0.000000e+00	0.000000e+00	0.000000e+00	0.000000e+00	0.000000e+00	0.000000e+00	0.000000e+00	0.000000e+00	0.000000e+00	0.000000e+00	0.000000e+00	0.000000e+00	0.000000e+00	0.000000e+00	0.000000e+00	0.000000e+00	1.332040e-42	2.776499e-42	
R274	0.000000e+00	0.000000e+00	0.000000e+00	0.000000e+00	0.000000e+00	0.000000e+00	0.000000e+00	6.607334e-27	7.192097e-27	5.780477e-27	1.481911e-26	2.322769e-26	1.348623e-26	0.000000e+00	0.000000e+00	0.000000e+00	9.465785e-27	2.132270e-26	2.616599e-26	2.354356e-26	1.445513e-26	7.835130e-27	1.908592e-27	3.966034e-28	5.914426e-29	1.546854e-29	3.384992e-31	0.000000e+00	0.000000e+00	2.937766e-33	9.294344e-33	0.000000e+00	0.000000e+00	0.000000e+00	0.000000e+00	0.000000e+00	0.000000e+00	0.000000e+00	0.000000e+00	0.000000e+00	0.000000e+00	0.000000e+00	0.000000e+00	0.000000e+00	0.000000e+00	0.000000e+00	0.000000e+00	0.000000e+00	0.000000e+00	2.246490e-43	
R275	0.000000e+00	0.000000e+00	0.000000e+00	0.000000e+00	0.000000e+00	0.000000e+00	0.000000e+00	3.527633e-24	2.997372e-24	1.169280e-24	8.177326e-25	3.509788e-25	8.934094e-26	0.000000e+00	0.000000e+00	0.000000e+00	1.648137e-26	3.360016e-26	3.882381e-26	3.348731e-26	1.792363e-26	6.130427e-27	7.278442e-28	7.711724e-29	6.624621e-30	1.090573e-30	1.590949e-32	0.000000e+00	0.000000e+00	4.932274e-35	1.141308e-34	0.000000e+00	0.000000e+00	0.000000e+00	0.000000e+00	0.000000e+00	0.000000e+00	0.000000e+00	0.000000e+00	0.000000e+00	0.000000e+00	0.000000e+00	0.000000e+00	0.000000e+00	0.000000e+00	0.000000e+00	0.000000e+00	0.000000e+00	0.000000e+00	1.879143e-47	
R276	3.051702e-61	9.162708e-60	1.813469e-58	2.194565e-57	9.041447e-58	7.100815e-58	5.108884e-57	2.851278e-56	6.081682e-56	4.003776e-56	4.190851e-57	2.041016e-58	2.065938e-59	2.667038e-60	2.907684e-61	3.242501e-62	8.727458e-63	7.510353e-63	1.693629e-62	6.027992e-62	1.680112e-61	3.203525e-61	5.662610e-61	1.974726e-60	2.198884e-59	2.512167e-58	2.085285e-57	1.237036e-56	5.347223e-56	1.745737e-55	4.365560e-55	8.315049e-55	1.235274e-54	1.580067e-54	1.817045e-54	1.854884e-54	1.689402e-54	1.392676e-54	1.055961e-54	7.472650e-55	4.995191e-55	3.184027e-55	1.949521e-55	1.153177e-55	6.619608e-56	3.699747e-56	2.017025e-56	1.072276e-56	5.536868e-57	2.748958e-57	
R277	1.161357e-30	2.027949e-30	2.153014e-29	2.382366e-27	1.128343e-26	1.380847e-26	1.367198e-25	1.266217e-24	6.823320e-24	1.674114e-23	6.705141e-24	1.255877e-24	4.177138e-25	2.258601e-25	1.338309e-25	8.114897e-26	5.953793e-26	5.130125e-26	4.894684e-26	5.116213e-26	5.071216e-26	3.361467e-26	1.521705e-26	9.016663e-27	8.126034e-27	7.786974e-27	7.039652e-27	6.516607e-27	6.484475e-27	8.287624e-27	1.610247e-26	3.332313e-26	5.512587e-26	7.430005e-26	8.581870e-26	8.462747e-26	7.374598e-26	5.849771e-26	4.329871e-26	3.051747e-26	2.080783e-26	1.388738e-26	9.151547e-27	5.994407e-27	3.924663e-27	2.582185e-27	1.718662e-27	1.170912e-27	8.380994e-28	6.685305e-28	
R278	2.247788e-31	3.925063e-31	4.167124e-30	4.611031e-28	2.183890e-27	2.672607e-27	2.646189e-26	2.450742e-25	1.320643e-24	3.240221e-24	1.297769e-24	2.430730e-25	8.084784e-26	4.371485e-26	2.590275e-26	1.570625e-26	1.152347e-26	9.929274e-27	9.473582e-27	9.902347e-27	9.815256e-27	6.506065e-27	2.945236e-27	1.745161e-27	1.572781e-27	1.507156e-27	1.362513e-27	1.261279e-27	1.255060e-27	1.604056e-27	3.116608e-27	6.449639e-27	1.066952e-26	1.438065e-26	1.661007e-26	1.637951e-26	1.427341e-26	1.132214e-26	8.380395e-27	5.906608e-27	4.027322e-27	2.687879e-27	1.771267e-27	1.160208e-27	7.596122e-28	4.997777e-28	3.326444e-28	2.266281e-28	1.622128e-28	1.293930e-28	
R279	1.601408e-25	7.200438e-26	8.797103e-26	3.631881e-24	1.299151e-23	1.936839e-23	2.139011e-22	2.165939e-21	1.280428e-20	3.833832e-20	2.704323e-20	9.833380e-21	5.073388e-21	3.919203e-21	3.288387e-21	2.763693e-21	2.486032e-21	2.298768e-21	2.086496e-21	1.913018e-21	1.695681e-21	1.084431e-21	4.626423e-22	2.343615e-22	1.799416e-22	1.562555e-22	1.326124e-22	1.134891e-22	1.026299e-22	1.190303e-22	2.203141e-22	4.609160e-22	8.229241e-22	1.156266e-21	1.274217e-21	1.175987e-21	9.440306e-22	6.799530e-22	4.506447e-22	2.803271e-22	1.661139e-22	9.476951e-23	5.245626e-23	2.834125e-23	1.502604e-23	7.859145e-24	4.081631e-24	2.128018e-24	1.140111e-24	6.589651e-25	
R281	3.128138e-35	2.841468e-35	7.590456e-35	3.452158e-33	3.082889e-34	8.644652e-35	4.910531e-34	3.801056e-33	2.303356e-32	2.068497e-31	8.291220e-30	3.158847e-28	1.559153e-27	3.252508e-27	5.883409e-27	1.269283e-26	3.084693e-26	7.847216e-26	2.115238e-25	6.041068e-25	1.861741e-24	5.215855e-24	9.205469e-24	1.270896e-23	2.320368e-23	1.575567e-21	1.789357e-19	4.078609e-18	2.218277e-17	1.088008e-16	4.806536e-16	1.495770e-15	3.252851e-15	5.164835e-15	6.302859e-15	6.289470e-15	5.373397e-15	4.076968e-15	2.827115e-15	1.831728e-15	1.127516e-15	6.675977e-16	3.837781e-16	2.157558e-16	1.193390e-16	6.531278e-17	3.560044e-17	1.952156e-17	1.097237e-17	6.559654e-18	
R282	6.143463e-18	2.087102e-18	1.476698e-18	3.585716e-17	3.507467e-17	1.837839e-17	1.120184e-16	7.375690e-16	2.940419e-15	6.937638e-15	5.849511e-15	3.184903e-15	1.987611e-15	1.475287e-15	1.085294e-15	7.826502e-16	6.334368e-16	5.542140e-16	5.028071e-16	4.814553e-16	4.497014e-16	3.224287e-16	1.796220e-16	1.112588e-16	8.009679e-17	5.926900e-17	4.289940e-17	3.517948e-17	4.773592e-17	1.445487e-16	5.833214e-16	1.781371e-15	3.783764e-15	5.900420e-15	7.194002e-15	7.176099e-15	6.129108e-15	4.649213e-15	3.223258e-15	2.087993e-15	1.284980e-15	7.606027e-16	4.370505e-16	2.455533e-16	1.357175e-16	7.421933e-17	4.041303e-17	2.205661e-17	1.212214e-17	6.722418e-18	
R283	1.287002e-19	3.689893e-20	1.067409e-20	9.628527e-21	8.718967e-21	1.179479e-20	1.157030e-19	9.568691e-19	4.178011e-18	8.123863e-18	3.975788e-18	1.619352e-18	1.062344e-18	7.581728e-19	4.746030e-19	2.622046e-19	1.532003e-19	9.915585e-20	7.280922e-20	6.026378e-20	5.446838e-20	6.375682e-20	9.781545e-20	1.463599e-19	1.715063e-19	1.517956e-19	1.118364e-19	7.594585e-20	4.839691e-20	2.856923e-20	1.557040e-20	7.778836e-21	3.277683e-21	1.385330e-21	6.619662e-22	3.098134e-22	1.416892e-22	6.340709e-23	2.780912e-23	1.197072e-23	5.063379e-24	2.106346e-24	8.624125e-25	3.478216e-25	1.383387e-25	5.435496e-26	2.116780e-26	8.231715e-27	3.254355e-27	1.359615e-27	
R284	2.028197e-37	3.315875e-37	4.485595e-37	4.685080e-36	3.172708e-36	5.826691e-36	1.216154e-34	2.672106e-33	3.119573e-32	1.044269e-31	5.044603e-32	1.043755e-32	3.500058e-33	1.777940e-33	9.737573e-34	5.719246e-34	4.653071e-34	5.156449e-34	7.328224e-34	1.278317e-33	2.392266e-33	3.247596e-33	2.338883e-33	1.445040e-33	1.346155e-33	4.879826e-32	3.719986e-30	6.198266e-29	2.633833e-28	1.069776e-27	4.116314e-27	1.164531e-26	2.392422e-26	3.660634e-26	4.330557e-26	4.241246e-26	3.739794e-26	3.673617e-26	4.950072e-26	7.637535e-26	1.157594e-25	5.076837e-25	5.306473e-24	3.203013e-23	1.127788e-22	2.681173e-22	4.865795e-22	7.360473e-22	9.691501e-22	1.104810e-21	
R287	1.323147e-30	2.149578e-32	1.856064e-33	4.319622e-34	4.283264e-35	7.742661e-36	8.629650e-36	4.747621e-36	4.128741e-37	2.361635e-39	6.045801e-43	4.613134e-46	8.282940e-48	3.809780e-49	1.587494e-50	6.384432e-52	7.190462e-53	2.306939e-53	1.630068e-53	2.042961e-53	2.642262e-53	5.265589e-53	2.815333e-52	2.273448e-51	1.098758e-50	2.322946e-50	3.016735e-50	3.601498e-50	4.061623e-50	3.876070e-50	2.938003e-50	1.625983e-50	4.220154e-51	1.188784e-51	6.547150e-52	3.515652e-52	1.814211e-52	9.014930e-53	4.325508e-53	2.010082e-53	9.072604e-54	3.987749e-54	1.711038e-54	7.183985e-55	2.958961e-55	1.199112e-55	4.801183e-56	1.914161e-56	7.727198e-57	3.269097e-57	
R288	5.384781e-61	2.206173e-61	6.330882e-62	4.563451e-62	7.466768e-63	1.584340e-63	1.933779e-63	1.058681e-63	8.298294e-65	3.796505e-67	6.918343e-71	3.784848e-74	5.349316e-76	2.003508e-77	6.811278e-79	2.231639e-80	2.121051e-81	6.495116e-82	5.903751e-82	1.162260e-81	2.274901e-81	7.359747e-81	8.822910e-80	1.937847e-78	2.225983e-77	8.597441e-77	1.755532e-76	3.266358e-76	5.730518e-76	8.146737e-76	8.602754e-76	6.011926e-76	1.518496e-76	4.347858e-77	3.155778e-77	2.243887e-77	1.532261e-77	1.007084e-77	6.390334e-78	3.927354e-78	2.344682e-78	1.363382e-78	7.739712e-79	4.298820e-79	2.340730e-79	1.251473e-79	6.574998e-80	3.391949e-80	1.712278e-80	8.387856e-81	
R289	1.524351e-31	2.785573e-32	3.739398e-33	5.313427e-33	4.661445e-33	6.586812e-33	1.043923e-31	2.356537e-30	7.472001e-29	1.668604e-27	4.383689e-27	5.944818e-27	1.290586e-26	3.648269e-26	9.637830e-26	2.232892e-25	4.834941e-25	9.647567e-25	1.776570e-24	3.290873e-24	6.930604e-24	1.588925e-23	2.950088e-23	3.872152e-23	3.933848e-23	3.383511e-23	2.576679e-23	1.784275e-23	1.149873e-23	7.006298e-24	4.072543e-24	2.271741e-24	1.227273e-24	6.287866e-25	3.053423e-25	1.431942e-25	6.489659e-26	2.843917e-26	1.206625e-26	4.967585e-27	1.990225e-27	7.784939e-28	2.982831e-28	1.123191e-28	4.171829e-29	1.535840e-29	5.648078e-30	2.106919e-30	8.264302e-31	3.951600e-31	
R291	3.881755e-22	1.889502e-22	9.609535e-23	1.355299e-22	9.461992e-23	2.123523e-22	5.589040e-21	1.610472e-19	3.456160e-18	4.815377e-17	2.093344e-16	5.102160e-16	1.101176e-15	2.108521e-15	3.424189e-15	4.685842e-15	5.410316e-15	5.506864e-15	5.219184e-15	4.922944e-15	5.242110e-15	7.013082e-15	1.022131e-14	1.319376e-14	1.494462e-14	1.549876e-14	1.504641e-14	1.385669e-14	1.230952e-14	1.072280e-14	9.297847e-15	8.133874e-15	7.266536e-15	6.418941e-15	5.506444e-15	4.595079e-15	3.693932e-15	2.851186e-15	2.114109e-15	1.507449e-15	1.033515e-15	6.806274e-16	4.302129e-16	2.610690e-16	1.523153e-16	8.564128e-17	4.656213e-17	2.458980e-17	1.269146e-17	6.427201e-18	
R292	3.288081e-27	1.163473e-27	2.448599e-27	2.932776e-25	6.402792e-24	2.807268e-23	8.913937e-22	2.480596e-20	4.031866e-19	2.809154e-18	3.751604e-18	4.501215e-18	7.364851e-18	1.066435e-17	1.278622e-17	1.264691e-17	1.025469e-17	7.181513e-18	4.626209e-18	2.961335e-18	2.125446e-18	1.791649e-18	1.631272e-18	1.367881e-18	1.030504e-18	7.234492e-19	4.792842e-19	3.012067e-19	1.826344e-19	1.088759e-19	6.484784e-20	3.916111e-20	2.444633e-20	1.501290e-20	8.820297e-21	5.037704e-21	2.770886e-21	1.462908e-21	7.417408e-22	3.615477e-22	1.693879e-22	7.619531e-23	3.287871e-23	1.361079e-23	5.411837e-24	2.070996e-24	7.649226e-25	2.737026e-25	9.533986e-26	3.238728e-26	
R293	3.086976e-23	5.180526e-22	1.509450e-20	1.491106e-18	1.609534e-17	6.363139e-17	1.556648e-15	2.978170e-14	2.858294e-13	1.191992e-12	1.235620e-12	9.723637e-13	1.105237e-12	1.318051e-12	1.372086e-12	1.252191e-12	1.169707e-12	1.173999e-12	1.302688e-12	1.607449e-12	2.186183e-12	3.828366e-12	8.522731e-12	1.831407e-11	3.167904e-11	4.302440e-11	4.976755e-11	5.339083e-11	5.392180e-11	5.056708e-11	4.367656e-11	3.429565e-11	2.267662e-11	1.449501e-11	9.973179e-12	6.578445e-12	4.156178e-12	2.520567e-12	1.470918e-12	8.279621e-13	4.505739e-13	2.375945e-13	1.216736e-13	6.064225e-14	2.946983e-14	1.398438e-14	6.489458e-15	2.953270e-15	1.327869e-15	6.001591e-16	
R294	4.159548e-31	1.760201e-28	3.190692e-26	3.989090e-23	1.200537e-21	6.884167e-21	2.635310e-19	9.181170e-18	2.378714e-16	5.657204e-15	7.414270e-14	5.208531e-13	1.888693e-12	4.354202e-12	7.446947e-12	9.790942e-12	9.665987e-12	7.717425e-12	5.442800e-12	3.695089e-12	3.047111e-12	4.171620e-12	7.711920e-12	1.196526e-11	1.469373e-11	1.543710e-11	1.436421e-11	1.196947e-11	9.095087e-12	6.396157e-12	4.193098e-12	2.577929e-12	1.520305e-12	8.095223e-13	3.814226e-13	1.664721e-13	6.754713e-14	2.559423e-14	9.102824e-15	3.053298e-15	9.696386e-16	2.924823e-16	8.404753e-17	2.307511e-17	6.069189e-18	1.532746e-18	3.723790e-19	8.723576e-20	1.980681e-20	4.412305e-21	
R295	6.909617e-15	1.882458e-15	2.215208e-15	1.937154e-14	1.059119e-14	1.517819e-14	2.221935e-13	3.295761e-12	3.113876e-11	2.051734e-10	6.080832e-10	1.213352e-09	2.211169e-09	4.042068e-09	6.820059e-09	1.047841e-08	1.548466e-08	2.165277e-08	2.831718e-08	3.670896e-08	5.047833e-08	6.621234e-08	6.568495e-08	5.088675e-08	3.510056e-08	2.274972e-08	1.390618e-08	7.999775e-09	4.369049e-09	2.284700e-09	1.149702e-09	5.600187e-10	2.680993e-10	1.232865e-10	5.479964e-11	2.444574e-11	1.107594e-11	5.132848e-12	2.437850e-12	1.184616e-12	5.869283e-13	2.954627e-13	1.506967e-13	7.772910e-14	4.051603e-14	2.135711e-14	1.142195e-14	6.249048e-15	3.569797e-15	2.305432e-15	
R296	3.294664e-20	3.849906e-20	2.268220e-19	1.324284e-18	3.868235e-21	8.356714e-23	6.397019e-24	7.835838e-25	1.133365e-25	4.326886e-26	2.990357e-25	3.923097e-24	7.869027e-24	7.908588e-24	8.036460e-24	1.123105e-23	2.130796e-23	4.723107e-23	1.144437e-22	2.911039e-22	7.197381e-22	1.282661e-21	1.201003e-21	8.778557e-22	8.884520e-22	3.458144e-20	2.305927e-18	3.153164e-17	1.049538e-16	3.214251e-16	9.057061e-16	1.839101e-15	2.666677e-15	2.920897e-15	2.546998e-15	1.869106e-15	1.206942e-15	7.103631e-16	3.928643e-16	3.934055e-15	1.637094e-13	5.287263e-12	6.042716e-11	3.209476e-10	9.977093e-10	2.132631e-09	3.543848e-09	4.986096e-09	6.175207e-09	6.674890e-09	
R297	4.621217e-18	6.524772e-18	2.342315e-17	4.434259e-16	3.069790e-17	2.844871e-18	5.836770e-19	1.625721e-19	5.354914e-20	4.209242e-20	4.256251e-19	5.929064e-18	1.025386e-17	7.722362e-18	5.554155e-18	5.247972e-18	6.024036e-18	7.610254e-18	1.038951e-17	1.476573e-17	2.033456e-17	2.044438e-17	1.172603e-17	5.930380e-18	4.640397e-18	1.522905e-16	9.066595e-15	1.143083e-13	3.582168e-13	1.049217e-12	2.859797e-12	5.665640e-12	8.128971e-12	8.741735e-12	7.316577e-12	5.116751e-12	3.130158e-12	1.736102e-12	8.974777e-13	4.415908e-13	2.100691e-13	9.774259e-14	4.486938e-14	2.045878e-14	9.318364e-15	4.264142e-15	1.975754e-15	9.395881e-16	4.709517e-16	2.621929e-16	
R298	4.659663e-22	1.164218e-21	2.077853e-21	8.853680e-21	4.545219e-21	2.691263e-21	1.973254e-21	1.507184e-21	9.115397e-22	2.491510e-22	2.776815e-23	1.947652e-24	2.185926e-25	3.865743e-26	8.119330e-27	2.016013e-27	7.559823e-28	4.107274e-28	2.949564e-28	2.572950e-28	2.160201e-28	1.059498e-28	2.525013e-29	5.858567e-30	2.386763e-30	4.228709e-29	1.700131e-27	1.575901e-26	3.880300e-26	9.450360e-26	2.247349e-25	4.040446e-25	5.417849e-25	5.563342e-25	4.513049e-25	3.097630e-25	1.955784e-25	1.404390e-25	1.410741e-25	1.652981e-25	1.936206e-25	6.672952e-25	5.569698e-24	2.726664e-23	7.905706e-23	1.571499e-22	2.424305e-22	3.180420e-22	3.734418e-22	3.964455e-22	
R300	8.528512e-45	4.300718e-45	5.523882e-46	1.135821e-46	1.700594e-47	1.525674e-48	1.350460e-49	1.043715e-50	6.583894e-52	1.069936e-53	1.601993e-56	3.719536e-59	6.873436e-61	2.817307e-62	1.189828e-63	5.422165e-65	5.922868e-66	1.907475e-66	1.500421e-66	2.082199e-66	2.978604e-66	3.837056e-66	5.517501e-66	8.170865e-66	7.922827e-66	4.150584e-66	1.478319e-66	4.762212e-67	1.427089e-67	3.701246e-68	7.953634e-69	1.331977e-69	1.263849e-70	1.234161e-71	1.905570e-72	2.889745e-73	4.246182e-74	6.042364e-75	8.342297e-76	1.121988e-76	1.478440e-77	1.921290e-78	2.478524e-79	3.192676e-80	4.127951e-81	5.385246e-82	7.141449e-83	9.773559e-84	1.439936e-84	2.899107e-85	
R301	3.853360e-20	1.196657e-20	2.142505e-21	1.080223e-21	5.751381e-22	2.866448e-22	2.223891e-22	2.599755e-22	6.863777e-22	1.978608e-21	1.636305e-21	9.069188e-22	7.780416e-22	8.973079e-22	1.052323e-21	1.175793e-21	1.328014e-21	1.466493e-21	1.546363e-21	1.640523e-21	1.799117e-21	1.763384e-21	1.309839e-21	7.904151e-22	4.303188e-22	2.205207e-22	1.074196e-22	5.010575e-23	2.271112e-23	1.015949e-23	4.550159e-24	2.066242e-24	9.588119e-25	4.435957e-25	2.017325e-25	9.007218e-26	3.911402e-26	1.645874e-26	6.712518e-27	2.657335e-27	1.022328e-27	3.825269e-28	1.393602e-28	4.953491e-29	1.723879e-29	5.909102e-30	2.017420e-30	7.016316e-31	2.612907e-31	1.233809e-31	
R302	2.268312e-25	5.563144e-26	4.511547e-26	2.133104e-24	3.966492e-23	4.367497e-23	4.695716e-23	6.301591e-23	1.605492e-22	3.293139e-22	1.321141e-22	5.322243e-23	4.387285e-23	4.620049e-23	4.827772e-23	4.687951e-23	4.224955e-23	3.432829e-23	2.490018e-23	1.747382e-23	1.265230e-23	7.543979e-24	3.184996e-24	1.096843e-24	3.574823e-25	1.170081e-25	3.769136e-26	1.164393e-26	3.498115e-27	1.048397e-27	3.197007e-28	1.011384e-28	3.468139e-29	1.169920e-29	3.647406e-30	1.114620e-30	3.311758e-31	9.532006e-32	2.658316e-32	7.193920e-33	1.891263e-33	4.833672e-34	1.202172e-34	2.914980e-35	6.913602e-36	1.612924e-36	3.740911e-37	8.815143e-38	2.215559e-38	7.017735e-39	
R303	1.512208e-25	3.708762e-26	3.007698e-26	1.422069e-24	2.644328e-23	2.911665e-23	3.130477e-23	4.201061e-23	1.070328e-22	2.195426e-22	8.807606e-23	3.548162e-23	2.924857e-23	3.080033e-23	3.218515e-23	3.125300e-23	2.816637e-23	2.288552e-23	1.660012e-23	1.164921e-23	8.434868e-24	5.029319e-24	2.123330e-24	7.312288e-25	2.383215e-25	7.800539e-26	2.512757e-26	7.762622e-27	2.332077e-27	6.989312e-28	2.131338e-28	6.742561e-29	2.312093e-29	7.799467e-30	2.431604e-30	7.430797e-31	2.207839e-31	6.354671e-32	1.772211e-32	4.795947e-33	1.260842e-33	3.222448e-34	8.014479e-35	1.943320e-35	4.609068e-36	1.075283e-36	2.493941e-37	5.876762e-38	1.477039e-38	4.678490e-39	
R304	8.602924e-15	4.019408e-14	4.532182e-14	1.127413e-13	5.963490e-14	3.633913e-14	3.111165e-14	3.970276e-14	1.237443e-13	6.247372e-13	1.723314e-12	3.496033e-12	7.149261e-12	1.470494e-11	2.751586e-11	4.602534e-11	7.224034e-11	1.052871e-10	1.428542e-10	1.922262e-10	2.911480e-10	5.354006e-10	9.511512e-10	1.293002e-09	1.379792e-09	1.244926e-09	9.902154e-10	7.120948e-10	4.737883e-10	2.965250e-10	1.763419e-10	1.004023e-10	5.541900e-11	2.892930e-11	1.422387e-11	6.731288e-12	3.069572e-12	1.351062e-12	5.753947e-13	2.378082e-13	9.566997e-14	3.757409e-14	1.444780e-14	5.455033e-15	2.029488e-15	7.475884e-16	2.748788e-16	1.025208e-16	4.026815e-17	1.935212e-17	
R305	8.602924e-16	4.019408e-15	4.532182e-15	1.127413e-14	5.963490e-15	3.633913e-15	3.111165e-15	3.970276e-15	1.237443e-14	6.247372e-14	1.723314e-13	3.496033e-13	7.149261e-13	1.470494e-12	2.751586e-12	4.602534e-12	7.224034e-12	1.052871e-11	1.428542e-11	1.922262e-11	2.911480e-11	5.354006e-11	9.511512e-11	1.293002e-10	1.379792e-10	1.244926e-10	9.902154e-11	7.120948e-11	4.737883e-11	2.965250e-11	1.763419e-11	1.004023e-11	5.541900e-12	2.892930e-12	1.422387e-12	6.731288e-13	3.069572e-13	1.351062e-13	5.753947e-14	2.378082e-14	9.566997e-15	3.757409e-15	1.444780e-15	5.455033e-16	2.029488e-16	7.475884e-17	2.748788e-17	1.025208e-17	4.026815e-18	1.935212e-18	
R306	2.173861e-19	2.895243e-18	3.765996e-17	1.724935e-15	1.896077e-14	2.294910e-14	2.374301e-14	2.887071e-14	6.383209e-14	1.367735e-13	8.715319e-14	4.224793e-14	3.494021e-14	4.056090e-14	4.919304e-14	5.854592e-14	7.398069e-14	9.550562e-14	1.215466e-13	1.580777e-13	2.101092e-13	2.465756e-13	2.201076e-13	1.591222e-13	1.012430e-13	5.860902e-14	3.140186e-14	1.581262e-14	7.561708e-15	3.449974e-15	1.505003e-15	6.278868e-16	2.486434e-16	9.396552e-17	3.436013e-17	1.212656e-17	4.138609e-18	1.368315e-18	4.392008e-19	1.372558e-19	4.191369e-20	1.255757e-20	3.706539e-21	1.082052e-21	3.136589e-22	9.073987e-23	2.644166e-23	7.924537e-24	2.570895e-24	1.083451e-24	
R307	4.356510e-23	4.636020e-22	4.732263e-21	1.665530e-19	1.369018e-18	1.203069e-18	8.711270e-19	6.824228e-19	8.218970e-19	7.391349e-19	1.566626e-19	3.022815e-20	1.437408e-20	1.078105e-20	8.480069e-21	6.618303e-21	6.251439e-21	6.929003e-21	8.581512e-21	1.182904e-20	1.647848e-20	2.094638e-20	2.318835e-20	2.253939e-20	1.825633e-20	1.207978e-20	6.958248e-21	3.753982e-21	1.921026e-21	9.205089e-22	4.098172e-22	1.673993e-22	5.826000e-23	1.972840e-23	7.197658e-24	2.540236e-24	8.669434e-25	2.866304e-25	9.200248e-26	2.875194e-26	8.779954e-27	2.630523e-27	7.764347e-28	2.266649e-28	6.570433e-29	1.900792e-29	5.538919e-30	1.660008e-30	5.385433e-31	2.269580e-31	
R308	4.834911e-13	8.530562e-14	3.593908e-14	1.145045e-13	4.879478e-14	1.592139e-14	7.072122e-15	4.417070e-15	5.419175e-15	8.019489e-15	5.053886e-15	2.531058e-15	1.949698e-15	2.255819e-15	2.889697e-15	3.809274e-15	5.700716e-15	8.808052e-15	1.285796e-14	1.861681e-14	2.621717e-14	2.495455e-14	1.229732e-14	4.300735e-15	1.386166e-15	4.371062e-16	1.329481e-16	3.843065e-17	1.062610e-17	2.837527e-18	7.358073e-19	1.864971e-19	4.706838e-20	1.148072e-20	2.705990e-21	6.458695e-22	1.580768e-22	3.993681e-23	1.043300e-23	2.814655e-24	7.825321e-25	2.238201e-25	6.579653e-26	1.987850e-26	6.180649e-27	1.986208e-27	6.670336e-28	2.403322e-28	9.906036e-29	5.965163e-29	
R309	4.756024e-14	8.165851e-15	3.342479e-15	1.032784e-14	4.258051e-15	1.340939e-15	5.731455e-16	3.418966e-16	3.946436e-16	5.377132e-16	3.072955e-16	1.425495e-16	1.050858e-16	1.175596e-16	1.457722e-16	1.863062e-16	2.730425e-16	4.173295e-16	6.080457e-16	8.840062e-16	1.249056e-15	1.195678e-15	5.983860e-16	2.138313e-16	7.016013e-17	2.234589e-17	6.833700e-18	1.985685e-18	5.518682e-19	1.479177e-19	3.841647e-20	9.721346e-21	2.429582e-21	5.877357e-22	1.385049e-22	3.305853e-23	8.091088e-24	2.044148e-24	5.340082e-25	1.440668e-25	4.005355e-26	1.145613e-26	3.367766e-27	1.017472e-27	3.163537e-28	1.016632e-28	3.414181e-29	1.230129e-29	5.070359e-30	3.053241e-30	
R310	2.245281e-53	9.015611e-53	9.432193e-52	1.314425e-50	1.772020e-53	8.665027e-56	1.565040e-57	3.540138e-59	4.854789e-61	4.388674e-63	1.156233e-64	1.163667e-65	1.869945e-66	4.231711e-67	1.107439e-67	4.108794e-68	3.270654e-68	4.905947e-68	1.252427e-67	4.822153e-67	1.853098e-66	5.175864e-66	1.043979e-65	2.202144e-65	5.428900e-65	3.413676e-63	2.891030e-61	4.996301e-60	2.101043e-59	7.504116e-59	2.173007e-58	3.765983e-58	2.876246e-58	1.789894e-58	1.410186e-58	9.354414e-59	5.414883e-59	2.837439e-59	1.390437e-59	1.231267e-58	4.537176e-57	1.303742e-55	1.335559e-54	6.415919e-54	1.821028e-53	3.584663e-53	5.521511e-53	7.223070e-53	8.299622e-53	8.249107e-53	
R311	1.105872e-34	8.025318e-33	6.680395e-31	8.356001e-29	3.898945e-28	1.738776e-28	6.744492e-29	2.236831e-29	5.373016e-30	5.707121e-31	1.497484e-32	3.655752e-34	2.618786e-35	3.287103e-36	4.385399e-37	6.136676e-38	1.210132e-38	4.288352e-39	2.492975e-39	1.815453e-39	1.177115e-39	4.164728e-40	7.365078e-41	1.191697e-41	3.474925e-42	1.869167e-42	5.535520e-42	3.787482e-41	1.168717e-40	3.262337e-40	8.136098e-40	1.422972e-39	1.550088e-39	1.292157e-39	9.692688e-40	6.017865e-40	3.229680e-40	1.555548e-40	6.930849e-41	2.927092e-41	1.194255e-41	4.775305e-42	1.891013e-42	7.471650e-43	2.961271e-43	1.182292e-43	4.779794e-44	1.977326e-44	8.552784e-45	3.936193e-45	
R312	1.643049e-27	7.636945e-27	4.552979e-26	4.072502e-24	1.235099e-23	3.573313e-24	9.766894e-25	2.456200e-25	4.663871e-26	4.016521e-27	7.824083e-29	1.348472e-30	1.074708e-31	2.601487e-32	8.539173e-33	3.088320e-33	1.359455e-33	6.786491e-34	3.577258e-34	2.061753e-34	1.096878e-34	3.078016e-35	4.710369e-36	1.006556e-36	3.817855e-37	1.711192e-37	7.727431e-38	3.734735e-38	1.993679e-38	1.383746e-38	1.524857e-38	1.850442e-38	1.711768e-38	1.299878e-38	8.939432e-39	5.226527e-39	2.693111e-39	1.262440e-39	5.526765e-40	2.308787e-40	9.362792e-41	3.734621e-41	1.479606e-41	5.864201e-42	2.337558e-42	9.414331e-43	3.852495e-43	1.619599e-43	7.179229e-44	3.553147e-44	
R313	1.172624e-23	6.957950e-23	2.140519e-22	3.801314e-21	6.746417e-22	1.209375e-22	4.059213e-23	1.434217e-23	4.056727e-24	5.758129e-25	2.427738e-26	1.036052e-27	1.416814e-28	4.220464e-29	1.555175e-29	6.073038e-30	2.702847e-30	1.314801e-30	6.703432e-31	3.711399e-31	2.000735e-31	6.955982e-32	1.351020e-32	2.925436e-33	1.063521e-33	4.688781e-34	2.097817e-34	9.675515e-35	4.509849e-35	2.037845e-35	8.703222e-36	3.410252e-36	1.082010e-36	3.489141e-37	1.333719e-37	5.029135e-38	1.868342e-38	6.892345e-39	2.554685e-39	9.622029e-40	3.700462e-40	1.448818e-40	5.737861e-41	2.287371e-41	9.168359e-42	3.708082e-42	1.527410e-42	6.498743e-43	2.924844e-43	1.496043e-43	
R314	2.270795e-30	7.522120e-30	2.597874e-29	1.344480e-27	2.464237e-27	4.312212e-28	6.943312e-29	8.981250e-30	6.218321e-31	1.185404e-32	3.937008e-35	1.974231e-37	8.053191e-39	1.082525e-39	1.927862e-40	3.827210e-41	1.116853e-41	4.499024e-42	2.282831e-42	1.432146e-42	8.153856e-43	2.527124e-43	5.202779e-44	1.704478e-44	9.138928e-45	4.953940e-45	2.472737e-45	1.268611e-45	6.574888e-46	3.208599e-46	1.414345e-46	5.355846e-47	1.379892e-47	3.729609e-48	1.422572e-48	5.368284e-49	1.996440e-49	7.375475e-50	2.739212e-50	1.034715e-50	3.996490e-51	1.574249e-51	6.285210e-52	2.531420e-52	1.027359e-52	4.214802e-53	1.765986e-53	7.719215e-54	3.715068e-54	2.534831e-54	
R315	6.250372e-25	2.549625e-24	5.843670e-24	2.033257e-23	1.307733e-23	3.380241e-24	1.036301e-24	3.163038e-25	7.649392e-26	8.860186e-27	2.939604e-28	1.231708e-29	2.068137e-30	7.030195e-31	2.617940e-31	9.429883e-32	3.715013e-32	1.616262e-32	7.827958e-33	4.353072e-33	2.559084e-33	1.394840e-33	7.409533e-34	4.330187e-34	2.487776e-34	1.259043e-34	5.874675e-35	2.751677e-35	1.291066e-35	5.849427e-36	2.497835e-36	9.744915e-37	3.037379e-37	9.484471e-38	3.475463e-38	1.230210e-38	4.194349e-39	1.382064e-39	4.422462e-40	1.382155e-40	4.244850e-41	1.288793e-41	3.888968e-42	1.171349e-42	3.533199e-43	1.070264e-43	3.268054e-44	1.014473e-44	3.271935e-45	1.154237e-45	
R316	7.273055e-24	2.032867e-23	5.480707e-23	2.201967e-21	1.355081e-21	9.909132e-23	1.033793e-23	1.071412e-24	7.284926e-26	1.989818e-27	1.449702e-29	1.406209e-31	7.512437e-33	1.095235e-33	1.981836e-34	3.909626e-35	1.132342e-35	4.539031e-36	2.322420e-36	1.488254e-36	8.775982e-37	3.008786e-37	7.578729e-38	2.721760e-38	1.254185e-38	5.528176e-39	2.300884e-39	1.147267e-39	9.881127e-40	1.887101e-39	4.633830e-39	8.024659e-39	7.690929e-39	5.762664e-39	4.373959e-39	2.763994e-39	1.515316e-39	7.480819e-40	3.425861e-40	1.490341e-40	6.276730e-41	2.597608e-41	1.068361e-41	4.403251e-42	1.829749e-42	7.704935e-43	3.305731e-43	1.454819e-43	6.615278e-44	3.141335e-44	
R317	4.104900e-21	1.217108e-20	1.884245e-20	3.988522e-20	1.675583e-20	3.569986e-21	8.267133e-22	1.660366e-22	2.118651e-23	9.384155e-25	8.828790e-27	1.256245e-28	1.092998e-29	2.201195e-30	4.857545e-31	1.046988e-31	2.890579e-32	1.044163e-32	4.899484e-33	2.932734e-33	1.830056e-33	1.102361e-33	7.641651e-34	6.429670e-34	4.970594e-34	2.968506e-34	1.517932e-34	7.763601e-35	3.974234e-35	1.921829e-35	8.467463e-36	3.245341e-36	8.733593e-37	2.415763e-37	8.963935e-38	3.233718e-38	1.127785e-38	3.814710e-39	1.257264e-39	4.060311e-40	1.292679e-40	4.081149e-41	1.284316e-41	4.045053e-42	1.278990e-42	4.070512e-43	1.308775e-43	4.284845e-44	1.455031e-44	5.332225e-45	
R319	3.048935e-14	1.506245e-14	2.043406e-14	3.687288e-14	1.271685e-14	2.123624e-15	3.357527e-16	3.979121e-17	2.232716e-18	2.751468e-20	4.831462e-23	1.823841e-25	8.361765e-27	1.109983e-27	1.643281e-28	2.452668e-29	5.989887e-30	2.265097e-30	1.068551e-30	6.249550e-31	3.814374e-31	2.215952e-31	1.413014e-31	1.060345e-31	7.386385e-32	4.077838e-32	1.948372e-32	9.246127e-33	4.359519e-33	1.939729e-33	7.892266e-34	2.821306e-34	7.321266e-35	1.949668e-35	6.778929e-36	2.305999e-36	7.638328e-37	2.470226e-37	7.829180e-38	2.443290e-38	7.546989e-39	2.319253e-39	7.122798e-40	2.193803e-40	6.793591e-41	2.119904e-41	6.688041e-42	2.150073e-42	7.181170e-43	2.601483e-43	
R320	1.997312e-22	1.136863e-21	3.224421e-21	1.139649e-20	7.924808e-21	4.123825e-21	3.278010e-21	3.000784e-21	2.911207e-21	1.906879e-21	4.286702e-22	8.399244e-23	3.851259e-23	2.973539e-23	2.426957e-23	1.825228e-23	1.221123e-23	7.331920e-24	4.099876e-24	2.350144e-24	1.461571e-24	8.190721e-25	3.779028e-25	1.733025e-25	8.431823e-26	4.177443e-26	2.069371e-26	1.034192e-26	5.214901e-27	2.642532e-27	1.348260e-27	6.925653e-28	3.454157e-28	1.757164e-28	9.419177e-29	4.979424e-29	2.569404e-29	1.290722e-29	6.321780e-30	3.027170e-30	1.420338e-30	6.539773e-31	2.958744e-31	1.317106e-31	5.777454e-32	2.501340e-32	1.071560e-32	4.563127e-33	1.948578e-33	8.449832e-34	
R321	4.158582e-27	1.730875e-26	2.044526e-25	6.179703e-23	1.354186e-21	1.388454e-21	1.344273e-21	1.202551e-21	8.981701e-22	3.012037e-22	2.143568e-23	2.120512e-24	7.484500e-25	4.423108e-25	2.697452e-25	1.483570e-25	7.026964e-26	2.915281e-26	1.108852e-26	4.306596e-27	1.802907e-27	6.352001e-28	1.819888e-28	5.377224e-29	1.728428e-29	5.775342e-30	1.948424e-30	6.632267e-31	2.278393e-31	7.890324e-32	2.763715e-32	9.805710e-33	3.429586e-33	1.216599e-33	4.466692e-34	1.616143e-34	5.705889e-35	1.960583e-35	6.566370e-36	2.149418e-36	6.891570e-37	2.167417e-37	6.694217e-38	2.032870e-38	6.077135e-39	1.790729e-39	5.211494e-40	1.503653e-40	4.333529e-41	1.260555e-41	
R322	4.906717e-17	4.033828e-15	6.889711e-14	1.143441e-12	7.472652e-13	4.467436e-13	3.651444e-13	3.338930e-13	3.372567e-13	3.215485e-13	1.891432e-13	1.100230e-13	1.057796e-13	1.314783e-13	1.545342e-13	1.572990e-13	1.363521e-13	1.041435e-13	7.444051e-14	5.489027e-14	4.768439e-14	5.111327e-14	5.940223e-14	6.587894e-14	6.654609e-14	5.991821e-14	4.930439e-14	3.861293e-14	2.904153e-14	2.082854e-14	1.417864e-14	9.086416e-15	5.228810e-15	2.924282e-15	1.693860e-15	9.490939e-16	5.142807e-16	2.702302e-16	1.382109e-16	6.909392e-17	3.389999e-17	1.638369e-17	7.823350e-18	3.699381e-18	1.734757e-18	8.071164e-19	3.723778e-19	1.700545e-19	7.659101e-20	3.380268e-20	
R323	7.619534e-18	6.264044e-16	1.069888e-14	1.775624e-13	1.160412e-13	6.937385e-14	5.670248e-14	5.184951e-14	5.237185e-14	4.993257e-14	2.937163e-14	1.708523e-14	1.642629e-14	2.041698e-14	2.399728e-14	2.442663e-14	2.117381e-14	1.617221e-14	1.155970e-14	8.523791e-15	7.404805e-15	7.937268e-15	9.224442e-15	1.023020e-14	1.033380e-14	9.304568e-15	7.656371e-15	5.996118e-15	4.509797e-15	3.234419e-15	2.201770e-15	1.411010e-15	8.119705e-16	4.541054e-16	2.630358e-16	1.473827e-16	7.986152e-17	4.196346e-17	2.146247e-17	1.072944e-17	5.264256e-18	2.544187e-18	1.214871e-18	5.744688e-19	2.693867e-19	1.253353e-19	5.782574e-20	2.640739e-20	1.189365e-20	5.249144e-21	
R324	5.451908e-18	4.482031e-16	7.655234e-15	1.270490e-13	8.302946e-14	4.963818e-14	4.057160e-14	3.709922e-14	3.747296e-14	3.572761e-14	2.101591e-14	1.222477e-14	1.175329e-14	1.460870e-14	1.717047e-14	1.747767e-14	1.515023e-14	1.157150e-14	8.271168e-15	6.098919e-15	5.298265e-15	5.679252e-15	6.600247e-15	7.319882e-15	7.394010e-15	6.657579e-15	5.478266e-15	4.290326e-15	3.226837e-15	2.314282e-15	1.575404e-15	1.009602e-15	5.809789e-16	3.249202e-16	1.882067e-16	1.054549e-16	5.714230e-17	3.002558e-17	1.535677e-17	7.677103e-18	3.766666e-18	1.820410e-18	8.692611e-19	4.110424e-19	1.927508e-19	8.967960e-20	4.137531e-20	1.889494e-20	8.510112e-21	3.755853e-21	
R325	3.952858e-28	1.779736e-24	1.624175e-21	4.551715e-18	1.205996e-16	1.399043e-16	1.388651e-16	1.272729e-16	1.147246e-16	8.803056e-17	3.689391e-17	1.389986e-17	8.388237e-18	6.427701e-18	4.560081e-18	2.731837e-18	1.372965e-18	6.041930e-19	2.483790e-19	1.051645e-19	5.171996e-20	3.073384e-20	1.979356e-20	1.244481e-20	7.306914e-21	3.891235e-21	1.907817e-21	8.894782e-22	3.953351e-22	1.652787e-22	6.433192e-23	2.300751e-23	7.153867e-24	2.089516e-24	6.145802e-25	1.699253e-25	4.425688e-26	1.091389e-26	2.564004e-27	5.775555e-28	1.255206e-28	2.647178e-29	5.444767e-30	1.096577e-30	2.168474e-31	4.216867e-32	8.072334e-33	1.524869e-33	2.864514e-34	5.464143e-35	
R326	5.055919e-17	1.491558e-16	9.014279e-16	1.807496e-14	8.931066e-15	2.668801e-15	1.049416e-15	4.286588e-16	1.506657e-16	3.549185e-17	3.871558e-18	4.697559e-19	1.541192e-19	9.978994e-20	7.448044e-20	5.557744e-20	4.372002e-20	3.450091e-20	2.641144e-20	2.116147e-20	1.722842e-20	9.688622e-21	3.239494e-21	9.722283e-22	3.092057e-22	9.957963e-23	3.172966e-23	1.010899e-23	3.197220e-24	9.867775e-25	2.939475e-25	8.354941e-26	2.149400e-26	5.510758e-27	1.529591e-27	4.322603e-28	1.257130e-28	3.791592e-29	1.189529e-29	3.881751e-30	1.316181e-30	4.632462e-31	1.691156e-31	6.398892e-32	2.507702e-32	1.017860e-32	4.289235e-33	1.892245e-33	8.943461e-34	4.945776e-34	
R327	4.889818e-31	3.341494e-30	2.532155e-29	5.450850e-28	3.084887e-29	2.341722e-30	3.764040e-31	7.427321e-32	1.454891e-32	5.247556e-33	2.014834e-32	9.867930e-32	5.617126e-32	1.336862e-32	3.002314e-33	9.429912e-34	4.609287e-34	3.909005e-34	5.123390e-34	8.311713e-34	1.391558e-33	1.498223e-33	7.362295e-34	2.812613e-34	1.560601e-34	3.427125e-33	1.292054e-31	9.886460e-31	1.814731e-30	3.004482e-30	4.456696e-30	4.601374e-30	3.237014e-30	1.646889e-30	6.459333e-31	2.084301e-31	5.773483e-32	1.422458e-32	3.209735e-33	6.793855e-34	1.375424e-34	2.705607e-35	5.236692e-36	1.007108e-36	1.939111e-37	3.760710e-38	7.391852e-39	1.487071e-39	3.139422e-40	7.902862e-41	
R328	1.001675e-23	1.801299e-23	2.470289e-23	1.874389e-22	7.338262e-23	6.263755e-24	6.120568e-25	5.087097e-26	2.470936e-27	5.755690e-29	7.745649e-31	1.198051e-32	3.467853e-34	1.428237e-35	6.373912e-37	3.325487e-38	3.339288e-39	7.559966e-40	3.187435e-40	1.909674e-40	1.047666e-40	3.296320e-41	7.309174e-42	2.046914e-42	6.679601e-43	1.994213e-43	5.401331e-44	1.666445e-44	8.535842e-45	9.461223e-45	1.325833e-44	1.297214e-44	7.200507e-45	3.000700e-45	1.171439e-45	3.778626e-46	1.046370e-46	2.577394e-47	5.814600e-48	1.230505e-48	2.490629e-49	4.897866e-50	9.475616e-51	1.821203e-51	3.503928e-52	6.790282e-53	1.333271e-53	2.669655e-54	5.510968e-55	1.286850e-55	
R329	1.446853e-34	1.741941e-33	6.531526e-33	3.148231e-32	1.313679e-32	6.331039e-33	3.610989e-33	1.936863e-33	6.881846e-34	8.481141e-35	3.509768e-36	8.493468e-38	3.102118e-39	1.718140e-40	1.116775e-41	9.137496e-43	1.450299e-43	5.272877e-44	3.633304e-44	3.622201e-44	3.700745e-44	1.946928e-44	3.993095e-45	7.041472e-46	2.044361e-46	2.430385e-45	6.196949e-44	3.491153e-43	5.042149e-43	6.948252e-43	8.996088e-43	8.425275e-43	5.524532e-43	2.677801e-43	1.017900e-43	3.223674e-44	9.216114e-45	2.939729e-45	1.288987e-45	6.497102e-46	3.238779e-46	4.719048e-46	1.660711e-45	3.429127e-45	4.202997e-45	3.540852e-45	2.317197e-45	1.285980e-45	6.359920e-46	3.052828e-46	
R330	2.642427e-37	5.608565e-35	4.637394e-34	3.687192e-33	3.698542e-33	3.410133e-33	3.245653e-33	2.354515e-33	6.840633e-34	4.974252e-35	1.542325e-36	5.404484e-38	3.412815e-39	2.822037e-40	2.491003e-41	2.538218e-42	4.350419e-43	1.486180e-43	8.357267e-44	6.048565e-44	4.076968e-44	1.654060e-44	5.866316e-45	3.358593e-45	2.106230e-45	1.112413e-45	5.117689e-46	2.262947e-46	9.705444e-47	3.946717e-47	1.520918e-47	5.468391e-48	1.643073e-48	4.878072e-49	1.498840e-49	4.147575e-50	1.034887e-50	2.362014e-51	5.019721e-52	1.010288e-52	1.953505e-53	3.671651e-54	6.772476e-55	1.235728e-55	2.245260e-56	4.086677e-57	7.503809e-58	1.406805e-58	2.774624e-59	6.615619e-60	
R331	7.017231e-26	9.079824e-26	5.387708e-25	2.727533e-24	6.363653e-27	1.502132e-28	1.602645e-29	2.931120e-30	6.860058e-31	4.207581e-31	4.089353e-30	6.683426e-29	1.619026e-28	1.944002e-28	2.333736e-28	3.799187e-28	8.280629e-28	2.088659e-27	5.743452e-27	1.667987e-26	4.774898e-26	1.002718e-25	1.122518e-25	9.896187e-26	1.212936e-25	5.718795e-24	4.609292e-22	7.607238e-21	3.063846e-20	1.146281e-19	4.023160e-19	1.047487e-18	2.010717e-18	2.978692e-18	3.547663e-18	3.536832e-18	3.056152e-18	2.362750e-18	1.684888e-18	2.136377e-17	1.104632e-15	4.342743e-14	5.909734e-13	3.653173e-12	1.292178e-11	3.075764e-11	5.581986e-11	8.442954e-11	1.113240e-10	1.276070e-10	
R332	1.105446e-25	1.440148e-25	8.607248e-25	4.390954e-24	1.032958e-26	2.460009e-28	2.649990e-29	4.902631e-30	1.165052e-30	7.294864e-31	7.265367e-30	1.210372e-28	2.964457e-28	3.589582e-28	4.344420e-28	7.127382e-28	1.561614e-27	3.949603e-27	1.086595e-26	3.152396e-26	9.016764e-26	1.890812e-25	2.108561e-25	1.848934e-25	2.256081e-25	1.061054e-23	8.540366e-22	1.407682e-20	5.662228e-20	2.116444e-19	7.425310e-19	1.934063e-18	3.721654e-18	5.524691e-18	6.580264e-18	6.560175e-18	5.668601e-18	4.382467e-18	3.125158e-18	3.962587e-17	2.048890e-15	8.054991e-14	1.096147e-12	6.775965e-12	2.396754e-11	5.704978e-11	1.035356e-10	1.566013e-10	2.064856e-10	2.366876e-10	
R333	1.647270e-29	3.322093e-27	1.921510e-25	9.614552e-24	8.004739e-23	1.717600e-22	4.176817e-22	1.167166e-21	4.731339e-21	2.978896e-20	1.638253e-19	1.826048e-19	6.226552e-20	1.406211e-20	2.709469e-21	5.325464e-22	1.355837e-22	5.664096e-23	3.449827e-23	2.226800e-23	1.082740e-23	2.521021e-24	2.718739e-25	2.632560e-26	5.213095e-27	2.338785e-27	6.624583e-27	4.518166e-26	1.441856e-25	4.468004e-25	1.367727e-24	3.395663e-24	6.998808e-24	1.202018e-23	1.695825e-23	2.056498e-23	2.163281e-23	2.013795e-23	1.704047e-23	1.343493e-23	1.004311e-23	7.194022e-24	4.971374e-24	3.333044e-24	2.181066e-24	1.403306e-24	8.975982e-25	5.822980e-25	3.975153e-25	2.966480e-25	
R334	2.594703e-20	7.965957e-20	1.169034e-18	4.766809e-17	1.426769e-16	6.430091e-17	3.264675e-17	1.654121e-17	7.975484e-18	2.779300e-18	3.912746e-19	3.257861e-20	4.489192e-21	1.026281e-21	2.793120e-22	8.433326e-23	3.297226e-23	1.589681e-23	8.702018e-24	5.187708e-24	2.668626e-24	7.518808e-25	1.340410e-25	3.571406e-26	1.693179e-26	9.567052e-27	5.500840e-27	3.411400e-27	2.374689e-27	2.219489e-27	3.317290e-27	5.598023e-27	8.036830e-27	9.866677e-27	1.067446e-26	1.002194e-26	8.368049e-27	6.373733e-27	4.534855e-27	3.073441e-27	2.012287e-27	1.284702e-27	8.049705e-28	4.977134e-28	3.053218e-28	1.870415e-28	1.155744e-28	7.341094e-29	4.988714e-29	3.929810e-29	
R335	4.906839e-14	4.256283e-14	6.613630e-14	7.494898e-12	5.419081e-11	3.381236e-11	1.739027e-11	8.381839e-12	4.135601e-12	2.177996e-12	1.232567e-12	6.418185e-13	3.124455e-13	1.570541e-13	7.723866e-14	3.611457e-14	1.645664e-14	6.986555e-15	2.711408e-15	9.902963e-16	3.287772e-16	8.675488e-17	2.064169e-17	7.461184e-18	4.573940e-18	3.357543e-18	2.511908e-18	1.908042e-18	1.455761e-18	1.096107e-18	8.104835e-19	5.845367e-19	3.864656e-19	2.611885e-19	1.933482e-19	1.402714e-19	9.869651e-20	6.758334e-20	4.549841e-20	3.037446e-20	2.010240e-20	1.306779e-20	8.248995e-21	5.021061e-21	2.947698e-21	1.683086e-21	9.506116e-22	5.423039e-22	3.168892e-22	1.862616e-22	
R336	1.750060e-22	1.576121e-21	1.181489e-19	1.711577e-17	5.238577e-17	4.550445e-17	4.395742e-17	4.280495e-17	4.433715e-17	5.609241e-17	1.803076e-16	2.989496e-15	3.190941e-14	1.847024e-13	6.558314e-13	1.533005e-12	2.523535e-12	3.245773e-12	3.530141e-12	3.469389e-12	3.254794e-12	2.933128e-12	2.518222e-12	2.108188e-12	1.774917e-12	1.510214e-12	1.277921e-12	1.063980e-12	8.769872e-13	7.236925e-13	6.026953e-13	5.065442e-13	4.290218e-13	3.458460e-13	2.573754e-13	1.798997e-13	1.183533e-13	7.390220e-14	4.424463e-14	2.560283e-14	1.438567e-14	7.863372e-15	4.184772e-15	2.170232e-15	1.098344e-15	5.436703e-16	2.641590e-16	1.267450e-16	6.066223e-17	2.932974e-17	
R337	5.042495e-23	4.575474e-22	3.456397e-20	5.047063e-18	1.557544e-17	1.364501e-17	1.329747e-17	1.307744e-17	1.370971e-17	1.759371e-17	5.733008e-17	9.581772e-16	1.026306e-14	5.953026e-14	2.117002e-13	4.953417e-13	8.157366e-13	1.049338e-12	1.141292e-12	1.121608e-12	1.052192e-12	9.481332e-13	8.137809e-13	6.808719e-13	5.728603e-13	4.872157e-13	4.121696e-13	3.430789e-13	2.827083e-13	2.332451e-13	1.942313e-13	1.632590e-13	1.383444e-13	1.115675e-13	8.302821e-14	5.803486e-14	3.818026e-14	2.384053e-14	1.427313e-14	8.259364e-15	4.640755e-15	2.536690e-15	1.349990e-15	7.001075e-16	3.543209e-16	1.753857e-16	8.521656e-17	4.088741e-17	1.956937e-17	9.461647e-18	
R338	4.237006e-25	6.496742e-25	2.299974e-24	3.689836e-23	1.989215e-24	1.958607e-25	5.428050e-26	2.171686e-26	1.096992e-26	1.282561e-26	1.653075e-25	2.641097e-24	5.248134e-24	4.539572e-24	3.709138e-24	3.929515e-24	5.046943e-24	7.155671e-24	1.105898e-23	1.803974e-23	2.888721e-23	3.447218e-23	2.410479e-23	1.510348e-23	1.462836e-23	5.885996e-22	4.263454e-20	6.528194e-19	2.490621e-18	8.951455e-18	3.044601e-17	7.719302e-17	1.449226e-16	2.086982e-16	2.385307e-16	2.266195e-16	1.855143e-16	1.351559e-16	9.008959e-17	5.612804e-17	3.317634e-17	1.879055e-17	1.027089e-17	5.450524e-18	2.824754e-18	1.439433e-18	7.283982e-19	3.723864e-19	1.987175e-19	1.173205e-19	
R339	1.274287e-24	1.953907e-24	6.917216e-24	1.109725e-22	5.982601e-24	5.890547e-25	1.632496e-25	6.531387e-26	3.299224e-26	3.857326e-26	4.971654e-25	7.943150e-24	1.578386e-23	1.365285e-23	1.115530e-23	1.181809e-23	1.517877e-23	2.152082e-23	3.326009e-23	5.425487e-23	8.687882e-23	1.036757e-22	7.249561e-23	4.542400e-23	4.399508e-23	1.770224e-21	1.282242e-19	1.963367e-18	7.490591e-18	2.692167e-17	9.156696e-17	2.321595e-16	4.358575e-16	6.276637e-16	7.173854e-16	6.815623e-16	5.579377e-16	4.064838e-16	2.709461e-16	1.688061e-16	9.977847e-17	5.651293e-17	3.088991e-17	1.639255e-17	8.495499e-18	4.329121e-18	2.190671e-18	1.119959e-18	5.976466e-19	3.528436e-19	
R340	7.964296e-24	1.221192e-23	4.323260e-23	6.935782e-22	3.739126e-23	3.681592e-24	1.020310e-24	4.082117e-25	2.062015e-25	2.410829e-25	3.107284e-24	4.964469e-23	9.864913e-23	8.533030e-23	6.972063e-23	7.386307e-23	9.486734e-23	1.345051e-22	2.078755e-22	3.390929e-22	5.429926e-22	6.479732e-22	4.530976e-22	2.839000e-22	2.749693e-22	1.106390e-20	8.014010e-19	1.227104e-17	4.681619e-17	1.682604e-16	5.722935e-16	1.450997e-15	2.724109e-15	3.922898e-15	4.483659e-15	4.259764e-15	3.487111e-15	2.540524e-15	1.693413e-15	1.055038e-15	6.236154e-16	3.532058e-16	1.930619e-16	1.024535e-16	5.309687e-17	2.705701e-17	1.369170e-17	6.999744e-18	3.735291e-18	2.205272e-18	
R341	4.364434e-24	6.692132e-24	2.369146e-23	3.800809e-22	2.049041e-23	2.017512e-24	5.591300e-25	2.237000e-25	1.129984e-25	1.321134e-25	1.702792e-24	2.720529e-23	5.405973e-23	4.676100e-23	3.820691e-23	4.047696e-23	5.198730e-23	7.370879e-23	1.139158e-22	1.858229e-22	2.975600e-22	3.550893e-22	2.482975e-22	1.555772e-22	1.506832e-22	6.063018e-21	4.391678e-19	6.724531e-18	2.565527e-17	9.220672e-17	3.136168e-16	7.951461e-16	1.492812e-15	2.149748e-15	2.457045e-15	2.334351e-15	1.910937e-15	1.392207e-15	9.279905e-16	5.781610e-16	3.417413e-16	1.935568e-16	1.057979e-16	5.614449e-17	2.909709e-17	1.482724e-17	7.503049e-18	3.835859e-18	2.046939e-18	1.208489e-18	
R342	4.460006e-24	6.838675e-24	2.421026e-23	3.884038e-22	2.093910e-23	2.061691e-24	5.713737e-25	2.285985e-25	1.154728e-25	1.350064e-25	1.740079e-24	2.780102e-23	5.524352e-23	4.778497e-23	3.904355e-23	4.136332e-23	5.312571e-23	7.532285e-23	1.164103e-22	1.898920e-22	3.040759e-22	3.628650e-22	2.537346e-22	1.589840e-22	1.539828e-22	6.195785e-21	4.487846e-19	6.871783e-18	2.621707e-17	9.422584e-17	3.204844e-16	8.125581e-16	1.525501e-15	2.196823e-15	2.510849e-15	2.385468e-15	1.952782e-15	1.422693e-15	9.483115e-16	5.908215e-16	3.492246e-16	1.977952e-16	1.081147e-16	5.737393e-17	2.973425e-17	1.515192e-17	7.667350e-18	3.919856e-18	2.091763e-18	1.234953e-18	
R346	5.068681e-09	2.886221e-09	1.779882e-09	9.931118e-09	7.831399e-09	1.465988e-09	4.638360e-10	1.767576e-10	7.348983e-11	3.210260e-11	1.289453e-11	4.613661e-12	1.831714e-12	8.711747e-13	4.477361e-13	2.380874e-13	1.312006e-13	7.176387e-14	3.802186e-14	1.970172e-14	9.872358e-15	4.424542e-15	1.800967e-15	7.559239e-16	3.333737e-16	1.471144e-16	6.344495e-17	2.691349e-17	1.128241e-17	4.711404e-18	2.036461e-18	1.017250e-18	6.823099e-19	6.136898e-19	5.870996e-19	5.247020e-19	4.271865e-19	3.207059e-19	2.267099e-19	1.532375e-19	9.951653e-20	6.197471e-20	3.692850e-20	2.108224e-20	1.159396e-20	6.201540e-21	3.281114e-21	1.765418e-21	1.023077e-21	8.055126e-22	
R347	2.677295e-13	1.780324e-12	1.777320e-11	1.164002e-08	6.839126e-07	5.351527e-07	3.575772e-07	2.089872e-07	1.001998e-07	2.982147e-08	3.755027e-09	3.114400e-10	3.755871e-11	7.177988e-12	1.687205e-12	4.567813e-13	1.544050e-13	5.946860e-14	2.365222e-14	9.472320e-15	2.995889e-15	4.186803e-16	3.007067e-17	2.679782e-18	3.712202e-19	6.831676e-20	1.454727e-20	3.814418e-21	1.693863e-21	1.754467e-21	2.687678e-21	3.444213e-21	3.471828e-21	2.677894e-21	1.573670e-21	7.717402e-22	3.290945e-22	1.268218e-22	4.593052e-23	1.631050e-23	5.945202e-24	2.314475e-24	9.781647e-25	4.430849e-25	2.095243e-25	1.013379e-25	4.996611e-26	2.557122e-26	1.441228e-26	1.161049e-26	
R348	2.403708e-05	1.816858e-05	1.300831e-05	6.577556e-06	2.276174e-07	4.831815e-08	2.146031e-08	1.160644e-08	6.481544e-09	3.736032e-09	2.411785e-09	1.698434e-09	1.323071e-09	1.108525e-09	9.188158e-10	7.403088e-10	6.205482e-10	5.206504e-10	4.219316e-10	3.366631e-10	2.649291e-10	1.879775e-10	1.031045e-10	4.532324e-11	1.818720e-11	7.074621e-12	2.699849e-12	1.016041e-12	3.813876e-13	1.446750e-13	5.628257e-14	2.294982e-14	1.018116e-14	5.116119e-15	2.991577e-15	1.948169e-15	1.302880e-15	8.491417e-16	5.293716e-16	3.151756e-16	1.798202e-16	9.869389e-17	5.230152e-17	2.687077e-17	1.345147e-17	6.606116e-18	3.214960e-18	1.573231e-18	7.901650e-19	4.216405e-19	
R350	3.670381e-27	1.970754e-25	8.649989e-25	5.877064e-24	6.515054e-24	9.151751e-24	1.791040e-23	3.258416e-23	3.250211e-23	1.137495e-23	1.913904e-24	3.218890e-25	8.892812e-26	3.184023e-26	1.213301e-26	4.915034e-27	2.476149e-27	1.499131e-27	1.004421e-27	7.148998e-28	4.526873e-28	1.974301e-28	9.171819e-29	7.677987e-29	7.647373e-29	7.021135e-29	6.030910e-29	5.192761e-29	4.506145e-29	3.901084e-29	3.419235e-29	3.044462e-29	2.569669e-29	2.255200e-29	2.021083e-29	1.646657e-29	1.214240e-29	8.195021e-30	5.144667e-30	3.047762e-30	1.720595e-30	9.311256e-31	4.850327e-31	2.442064e-31	1.194309e-31	5.711682e-32	2.700037e-32	1.286377e-32	6.413022e-33	3.586181e-33	
R351	4.704634e-27	2.524935e-25	1.107298e-24	7.513323e-24	8.312813e-24	1.164581e-23	2.270879e-23	4.109315e-23	4.062674e-23	1.400020e-23	2.300321e-24	3.780696e-25	1.028859e-25	3.637966e-26	1.368501e-26	5.471928e-27	2.731333e-27	1.645503e-27	1.101515e-27	7.854892e-28	4.981419e-28	2.178137e-28	1.018837e-28	8.608199e-29	8.637366e-29	7.962009e-29	6.853871e-29	5.913420e-29	5.141764e-29	4.457755e-29	3.909471e-29	3.478816e-29	2.925157e-29	2.558824e-29	2.293031e-29	1.868224e-29	1.377623e-29	9.297708e-30	5.836911e-30	3.457856e-30	1.952111e-30	1.056414e-30	5.502966e-31	2.770658e-31	1.355010e-31	6.480222e-32	3.063342e-32	1.459466e-32	7.275931e-33	4.068722e-33	
R352	1.826774e-27	9.881217e-26	4.370881e-25	2.994225e-24	3.348637e-24	4.748287e-24	9.387169e-24	1.728386e-23	1.751369e-23	6.259189e-24	1.079024e-24	1.848767e-25	5.161327e-26	1.862687e-26	7.151917e-27	2.917936e-27	1.477066e-27	8.964581e-28	6.008903e-28	4.272874e-28	2.703616e-28	1.177604e-28	5.451444e-29	4.541037e-29	4.504322e-29	4.125891e-29	3.539509e-29	3.043909e-29	2.638262e-29	2.282019e-29	1.999426e-29	1.780945e-29	1.506645e-29	1.324815e-29	1.187331e-29	9.673658e-30	7.133324e-30	4.814349e-30	3.022350e-30	1.790476e-30	1.010802e-30	5.470106e-31	2.849433e-31	1.434645e-31	7.016235e-32	3.355456e-32	1.586197e-32	7.557109e-33	3.767474e-33	2.106782e-33	
R353	1.111687e-18	4.587933e-18	1.884903e-17	3.406137e-16	6.386151e-16	6.376609e-16	9.696558e-16	1.669938e-15	2.502852e-15	3.302422e-15	3.934562e-15	5.302677e-15	5.411755e-15	3.536090e-15	1.775698e-15	7.152786e-16	2.253271e-16	5.923952e-17	1.398628e-17	3.180609e-18	7.910419e-19	2.395571e-19	8.324652e-20	2.763333e-20	8.700612e-21	2.712516e-21	8.348211e-22	2.511438e-22	7.508664e-23	2.290892e-23	7.319199e-24	2.510978e-24	9.537491e-25	3.707412e-25	1.393554e-25	5.153920e-26	1.839328e-26	6.283820e-27	2.052662e-27	6.407075e-28	1.904703e-28	5.363852e-29	1.423197e-29	3.544079e-30	8.266234e-31	1.805700e-31	3.704669e-32	7.191654e-33	1.340268e-33	2.436834e-34	
R354	8.478609e-18	5.433045e-15	1.160210e-12	4.500156e-10	7.092498e-09	1.220391e-08	1.911676e-08	2.769109e-08	4.420320e-08	8.859042e-08	2.141305e-07	3.948143e-07	4.343686e-07	3.319314e-07	2.052751e-07	1.066471e-07	4.788502e-08	1.969439e-08	7.852457e-09	3.137755e-09	1.377482e-09	8.370878e-10	6.851370e-10	5.619634e-10	4.145172e-10	2.764156e-10	1.702630e-10	9.874389e-11	5.449557e-11	2.879885e-11	1.468807e-11	7.277871e-12	3.467628e-12	1.582819e-12	6.976634e-13	2.899062e-13	1.127115e-13	4.100838e-14	1.401975e-14	4.521900e-15	1.378950e-15	3.978845e-16	1.087141e-16	2.817425e-17	6.943231e-18	1.632662e-18	3.682405e-19	8.042788e-20	1.733736e-20	3.814093e-21	
R355	4.617048e-30	4.302573e-30	1.045892e-28	4.447527e-26	3.205782e-27	1.458700e-28	1.849744e-29	3.207486e-30	5.541985e-31	1.638617e-31	4.669323e-31	3.612124e-30	6.478716e-30	5.773919e-30	5.023460e-30	5.804971e-30	8.775128e-30	1.512957e-29	2.824461e-29	5.580584e-29	1.078966e-28	1.432556e-28	1.011143e-28	5.864894e-29	4.830665e-29	1.550620e-27	8.555212e-26	9.663850e-25	2.664316e-24	6.836010e-24	1.649480e-23	2.961965e-23	3.951040e-23	4.050051e-23	3.303283e-23	2.253957e-23	1.332589e-23	7.046938e-24	3.436271e-24	2.978464e-23	1.052385e-21	2.826014e-20	2.625371e-19	1.107107e-18	2.668795e-18	4.323550e-18	5.330462e-18	5.462730e-18	4.861196e-18	3.737822e-18	
R356	1.101376e-33	1.615839e-31	3.870635e-29	1.646173e-25	4.289981e-23	1.800251e-22	5.287853e-22	1.429149e-21	4.396697e-21	1.388379e-20	2.354483e-20	1.295984e-20	3.356566e-21	5.741203e-22	8.179290e-23	1.163690e-23	2.082714e-24	5.989556e-25	2.479783e-25	1.086050e-25	3.558797e-26	5.219569e-27	3.513794e-28	2.208009e-29	2.905625e-30	8.820220e-31	1.704464e-30	7.931089e-30	1.727139e-29	3.662071e-29	7.699669e-29	1.319694e-28	1.901497e-28	2.271238e-28	2.194556e-28	1.821469e-28	1.310981e-28	8.347573e-29	4.830144e-29	2.603227e-29	1.329803e-29	6.506453e-30	3.069457e-30	1.403856e-30	6.260713e-31	2.741588e-31	1.191298e-31	5.236280e-32	2.412518e-32	1.207669e-32	
R357	2.698525e-24	5.821705e-24	3.413367e-22	1.139594e-18	1.026500e-16	8.683347e-17	5.100269e-17	2.378541e-17	8.177617e-18	1.322288e-18	5.290348e-20	2.058033e-21	2.094157e-22	3.555011e-23	7.029808e-24	1.513267e-24	4.120193e-25	1.361196e-25	5.060997e-26	2.050637e-26	7.119066e-27	1.266558e-27	1.419252e-28	2.479253e-29	7.881685e-30	3.029145e-30	1.191740e-30	5.056596e-31	2.408793e-31	1.543687e-31	1.586092e-31	1.846129e-31	1.842787e-31	1.566380e-31	1.160504e-31	7.457279e-32	4.260326e-32	2.219596e-32	1.079884e-32	5.003070e-33	2.238434e-33	9.761349e-34	4.175419e-34	1.761148e-34	7.362884e-35	3.069890e-35	1.288650e-35	5.545918e-36	2.543551e-36	1.344042e-36	
R358	5.654215e-16	3.487322e-16	2.541409e-15	4.268769e-12	2.132041e-11	1.280373e-11	9.288586e-12	6.074893e-12	3.463741e-12	1.850430e-12	9.964936e-13	6.389657e-13	3.246905e-13	1.131575e-13	3.166291e-14	7.661637e-15	1.689685e-15	3.630801e-16	7.857025e-17	1.729523e-17	3.676554e-18	6.854931e-19	1.374700e-19	3.971186e-20	1.634091e-20	7.642789e-21	3.680800e-21	1.821059e-21	9.173298e-22	4.647525e-22	2.386561e-22	1.273998e-22	7.146005e-23	4.588622e-23	3.166607e-23	2.090733e-23	1.277202e-23	7.194791e-24	3.773529e-24	1.863569e-24	8.732102e-25	3.896449e-25	1.659215e-25	6.761191e-26	2.648830e-26	1.004855e-26	3.727784e-27	1.366928e-27	4.984151e-28	1.782178e-28	
R359	9.799319e-19	6.265186e-19	4.087134e-18	3.993267e-14	9.174113e-12	1.137215e-11	7.182829e-12	3.413083e-12	1.309387e-12	3.566000e-13	6.429714e-14	1.691354e-14	6.328372e-15	2.429602e-15	8.902456e-16	3.033454e-16	9.758845e-17	2.858154e-17	7.542767e-18	1.867702e-18	4.176106e-19	6.933534e-20	1.026577e-20	2.397030e-21	9.726317e-22	4.819771e-22	2.456946e-22	1.271704e-22	6.612864e-23	3.403842e-23	1.728050e-23	8.607358e-24	3.987606e-24	1.877936e-24	9.521345e-25	4.727758e-25	2.276029e-25	1.066049e-25	4.907580e-26	2.239638e-26	1.012884e-26	4.497459e-27	1.938111e-27	8.047660e-28	3.219812e-28	1.251263e-28	4.801026e-29	1.855722e-29	7.318410e-30	2.885508e-30	
R360	1.570096e-27	1.007715e-26	3.059469e-24	3.676739e-20	3.428927e-18	5.654468e-18	6.381945e-18	5.768554e-18	4.283027e-18	2.503573e-18	2.234779e-18	1.675226e-17	1.287774e-16	5.412627e-16	1.362814e-15	2.213585e-15	2.490284e-15	2.172564e-15	1.601957e-15	1.074277e-15	6.823021e-16	3.903280e-16	2.136036e-16	1.194243e-16	6.839526e-17	3.988804e-17	2.318928e-17	1.326021e-17	7.507336e-18	4.259029e-18	2.440995e-18	1.413437e-18	8.265081e-19	4.584852e-19	2.336299e-19	1.117685e-19	5.031060e-20	2.148810e-20	8.797005e-21	3.479848e-21	1.336118e-21	4.988580e-22	1.812394e-22	6.411851e-23	2.211510e-23	7.450424e-24	2.459232e-24	7.994738e-25	2.582443e-25	8.375489e-26	
R361	2.358374e-27	1.513647e-26	4.595499e-24	5.522675e-20	5.150446e-18	8.493337e-18	9.586050e-18	8.664701e-18	6.433354e-18	3.760512e-18	3.356767e-18	2.516286e-17	1.934311e-16	8.130078e-16	2.047026e-15	3.324932e-15	3.740550e-15	3.263316e-15	2.406232e-15	1.613626e-15	1.024857e-15	5.862951e-16	3.208449e-16	1.793822e-16	1.027336e-16	5.991414e-17	3.483164e-17	1.991759e-17	1.127645e-17	6.397307e-18	3.666514e-18	2.123064e-18	1.241463e-18	6.886711e-19	3.509256e-19	1.678827e-19	7.556942e-20	3.227637e-20	1.321361e-20	5.226933e-21	2.006927e-21	7.493135e-22	2.722320e-22	9.630969e-23	3.321815e-23	1.119097e-23	3.693908e-24	1.200856e-24	3.878978e-25	1.258047e-25	
R362	9.634507e-29	1.064426e-28	1.544484e-27	2.082358e-24	3.470148e-24	6.590237e-25	2.172163e-25	8.245842e-26	3.078147e-26	1.737277e-26	6.575759e-26	4.979163e-25	7.331058e-25	4.709331e-25	2.790165e-25	2.099318e-25	1.870680e-25	1.813297e-25	1.902615e-25	2.111354e-25	2.283332e-25	1.722582e-25	7.592576e-26	3.128816e-26	2.035853e-26	5.576096e-25	2.764573e-23	2.897000e-22	7.565221e-22	1.864547e-21	4.359805e-21	7.623915e-21	9.948010e-21	9.914091e-21	7.759757e-21	5.045786e-21	2.826176e-21	1.408375e-21	6.419356e-22	2.733977e-22	1.104297e-22	4.272187e-23	1.594159e-23	5.771093e-24	2.038327e-24	7.069349e-25	2.430220e-25	8.418014e-26	3.031734e-26	1.200656e-26	
R363	3.307777e-21	7.957210e-22	6.668197e-21	2.405065e-17	2.547938e-16	5.836417e-17	1.477606e-17	3.359748e-18	5.354230e-19	5.810254e-20	5.263621e-21	8.990057e-22	2.987918e-22	1.280964e-22	5.717029e-23	2.523133e-23	1.193676e-23	5.909878e-24	2.961300e-24	1.522444e-24	7.453672e-25	2.772442e-25	8.546104e-26	3.589947e-26	2.268682e-26	3.632985e-26	1.618280e-24	2.307474e-23	7.569783e-23	2.181449e-22	5.655140e-22	1.058039e-21	1.442793e-21	1.480378e-21	1.182023e-21	7.790095e-22	4.403218e-22	2.207982e-22	1.010701e-22	4.316870e-23	1.746764e-23	6.763761e-24	2.524219e-24	9.133197e-25	3.222532e-25	1.116320e-25	3.830403e-26	1.314541e-26	4.524478e-27	1.523646e-27	
R364	4.372402e-12	1.867347e-12	7.437638e-12	5.566206e-09	1.060636e-07	3.946693e-08	1.471691e-08	5.073147e-09	1.363901e-09	2.302547e-10	2.162253e-11	2.687578e-12	5.438438e-13	1.327739e-13	3.415517e-14	9.156070e-15	2.839505e-15	9.687467e-16	3.435286e-16	1.266916e-16	4.123158e-17	7.864877e-18	1.059149e-18	1.872436e-19	4.631880e-20	1.354881e-20	4.234585e-21	1.579906e-21	1.018855e-21	1.538863e-21	3.276820e-21	5.641099e-21	7.330973e-21	7.295359e-21	5.706863e-21	3.709536e-21	2.077131e-21	1.034848e-21	4.715844e-22	2.008072e-22	8.109159e-23	3.136242e-23	1.169767e-23	4.232117e-24	1.493632e-24	5.176243e-25	1.777575e-25	6.128444e-26	2.158174e-26	7.928287e-27	
R365	1.044733e-12	4.461804e-13	1.777135e-12	1.329978e-09	2.534263e-08	9.430151e-09	3.516429e-09	1.212168e-09	3.258879e-10	5.501662e-11	5.166445e-12	6.421647e-13	1.299450e-13	3.172474e-14	8.160970e-15	2.187734e-15	6.784658e-16	2.314705e-16	8.208207e-17	3.027143e-17	9.851794e-18	1.879218e-18	2.530711e-19	4.473963e-20	1.106732e-20	3.237327e-21	1.011804e-21	3.774997e-22	2.434432e-22	3.676930e-22	7.829570e-22	1.347873e-21	1.751648e-21	1.743139e-21	1.363587e-21	8.863492e-22	4.963056e-22	2.472646e-22	1.126795e-22	4.798047e-23	1.937587e-23	7.493676e-24	2.795018e-24	1.011214e-24	3.568855e-25	1.236801e-25	4.247304e-26	1.464319e-26	5.156699e-27	1.894369e-27	
R366	6.341146e-15	2.343681e-15	5.292236e-15	2.195639e-12	4.676261e-11	1.455333e-11	4.641242e-12	1.368944e-12	3.175540e-13	4.483684e-14	3.183444e-15	3.532182e-16	8.055506e-17	2.327692e-17	7.109849e-18	2.212158e-18	7.400104e-19	2.580293e-19	9.166223e-20	3.318526e-20	1.147498e-20	3.372598e-21	9.551653e-22	3.020628e-22	9.998706e-23	3.193674e-23	9.746235e-24	2.920494e-24	8.645031e-25	2.532027e-25	7.594752e-26	2.591252e-26	1.138403e-26	6.737466e-27	4.409361e-27	2.697145e-27	1.502447e-27	7.715252e-28	3.729472e-28	1.723217e-28	7.647380e-29	3.253009e-29	1.323259e-29	5.153432e-30	1.931457e-30	7.031493e-31	2.527306e-31	9.213471e-32	3.603488e-32	1.903167e-32	
R367	2.158770e-30	2.739646e-31	1.578573e-31	1.385101e-30	3.415465e-30	5.895063e-31	6.247564e-32	3.284822e-33	4.865012e-35	8.345383e-38	1.558156e-41	1.215475e-44	1.492009e-46	3.724449e-48	8.797566e-50	2.062545e-51	1.065482e-52	1.312203e-53	3.624177e-54	1.769995e-54	8.079671e-55	4.372195e-55	5.888598e-55	1.436031e-54	2.524952e-54	2.224230e-54	1.316254e-54	7.603158e-55	4.366750e-55	2.237767e-55	9.653973e-56	3.242387e-56	5.474445e-57	1.044148e-57	3.939217e-58	1.461750e-58	5.206852e-59	1.777368e-59	5.829142e-60	1.842643e-60	5.624990e-61	1.659614e-61	4.736326e-62	1.309474e-62	3.516477e-63	9.210499e-64	2.370357e-64	6.079460e-65	1.598818e-65	4.532754e-66	
R368	1.132202e-09	6.166131e-10	1.809477e-09	7.689262e-08	8.225143e-08	3.367718e-08	1.778919e-08	9.128692e-09	3.767351e-09	1.048271e-09	1.987301e-10	6.632731e-11	3.828395e-11	2.382109e-11	1.431717e-11	8.192639e-12	4.764512e-12	2.732980e-12	1.503660e-12	8.162026e-13	4.337752e-13	1.945758e-13	6.727214e-14	1.944892e-14	5.243101e-15	1.388306e-15	3.626417e-16	9.339818e-17	2.399673e-17	6.242303e-18	1.669484e-18	4.695166e-19	1.447668e-19	5.034387e-20	2.015932e-20	8.985247e-21	4.111476e-21	1.832885e-21	7.813565e-22	3.180088e-22	1.239846e-22	4.648071e-23	1.681548e-23	5.893478e-24	2.010642e-24	6.720567e-25	2.221897e-25	7.366818e-26	2.497149e-26	8.938375e-27	
R369	1.671147e-09	9.101301e-10	2.670815e-09	1.134946e-07	1.214043e-07	4.970802e-08	2.625711e-08	1.347408e-08	5.560665e-09	1.547263e-09	2.933285e-10	9.790009e-11	5.650768e-11	3.516028e-11	2.113235e-11	1.209246e-11	7.032491e-12	4.033918e-12	2.219424e-12	1.204727e-12	6.402586e-13	2.871968e-13	9.929468e-14	2.870690e-14	7.738894e-15	2.049160e-15	5.352645e-16	1.378571e-16	3.541953e-17	9.213732e-18	2.464183e-18	6.930134e-19	2.136780e-19	7.430829e-20	2.975545e-20	1.326236e-20	6.068599e-21	2.705365e-21	1.153294e-21	4.693857e-22	1.830031e-22	6.860621e-23	2.481990e-23	8.698861e-24	2.967738e-24	9.919656e-25	3.279553e-25	1.087353e-25	3.685829e-26	1.319317e-26	
R370	3.475716e-10	1.792447e-10	4.956103e-10	1.972833e-08	1.961996e-08	7.406922e-09	3.570262e-09	1.634311e-09	5.745641e-10	1.265592e-10	1.771934e-11	4.565087e-12	2.250815e-12	1.235477e-12	6.552244e-13	3.316479e-13	1.771503e-13	9.717468e-14	5.303933e-14	2.928572e-14	1.577977e-14	7.245773e-15	2.667820e-15	8.407587e-16	2.431013e-16	6.690877e-17	1.784693e-17	4.688866e-18	1.228475e-18	3.241123e-19	8.719237e-20	2.437270e-20	7.240278e-21	2.439301e-21	9.761340e-22	4.350744e-22	1.990817e-22	8.875006e-23	3.783404e-23	1.539830e-23	6.003455e-24	2.250641e-24	8.142220e-25	2.853680e-25	9.735727e-26	3.254164e-26	1.075864e-26	3.567085e-27	1.209144e-27	4.328048e-28	
R371	1.726573e-31	3.487785e-31	2.606816e-30	8.222298e-28	1.060466e-26	1.349007e-26	1.675217e-26	1.861682e-26	1.397193e-26	3.123976e-27	1.539405e-28	6.752505e-30	7.021551e-31	1.132474e-31	2.094088e-32	4.418110e-33	1.345107e-33	5.740779e-34	3.181889e-34	2.147888e-34	1.405908e-34	5.110754e-35	9.054694e-36	1.635561e-36	5.338981e-37	7.734022e-36	2.560808e-34	1.952153e-33	3.964058e-33	8.062835e-33	1.639751e-32	2.610610e-32	3.247251e-32	3.142666e-32	2.384893e-32	1.522028e-32	8.798575e-33	5.676613e-33	5.027753e-33	5.099193e-33	5.071473e-33	1.453259e-32	9.859884e-32	3.832382e-31	8.616552e-31	1.298137e-30	1.485794e-30	1.419761e-30	1.197833e-30	9.045648e-31	
R372	1.688281e-32	3.363948e-32	2.477155e-31	7.687730e-29	9.738965e-28	1.214573e-27	1.475210e-27	1.595080e-27	1.152413e-27	2.439504e-28	1.121024e-29	4.636410e-31	4.653076e-32	7.296956e-33	1.312185e-33	2.694076e-34	8.049336e-35	3.401647e-35	1.882081e-35	1.275263e-35	8.372682e-36	3.059403e-36	5.496282e-37	1.011965e-37	3.355206e-38	4.902381e-37	1.630814e-35	1.248733e-34	2.546770e-34	5.196467e-34	1.058198e-33	1.682444e-33	2.075415e-33	1.994422e-33	1.513297e-33	9.657796e-34	5.583000e-34	3.602007e-34	3.190283e-34	3.235614e-34	3.218025e-34	9.221432e-34	6.256437e-33	2.431779e-32	5.467500e-32	8.237129e-32	9.427875e-32	9.008875e-32	7.600663e-32	5.739776e-32	
R373	1.234748e-32	2.460272e-32	1.811703e-31	5.622531e-29	7.122731e-28	8.882953e-28	1.078916e-27	1.166585e-27	8.428338e-28	1.784166e-28	8.198767e-30	3.390904e-31	3.403094e-32	5.336733e-33	9.596855e-34	1.970351e-34	5.886997e-35	2.487843e-35	1.376487e-35	9.326820e-36	6.123481e-36	2.237538e-36	4.019784e-37	7.401148e-38	2.453878e-38	3.585426e-37	1.192719e-35	9.132784e-35	1.862617e-34	3.800510e-34	7.739285e-34	1.230479e-33	1.517884e-33	1.458649e-33	1.106771e-33	7.063367e-34	4.083207e-34	2.634379e-34	2.333259e-34	2.366413e-34	2.353548e-34	6.744226e-34	4.575735e-33	1.778516e-32	3.998734e-32	6.024342e-32	6.895211e-32	6.588769e-32	5.558853e-32	4.197867e-32	
R374	8.215406e-32	3.166089e-30	5.676241e-29	3.231821e-26	1.105031e-24	2.990189e-24	6.959278e-24	1.203415e-23	8.920180e-24	1.527734e-24	7.747449e-26	6.352687e-27	1.326147e-27	3.585774e-28	1.008447e-28	2.954466e-29	1.046237e-29	4.360972e-30	1.986210e-30	9.591348e-31	4.092853e-31	1.124352e-31	3.260699e-32	1.772139e-32	1.173742e-32	7.295053e-33	4.276396e-33	2.512887e-33	1.488542e-33	8.819862e-34	5.310228e-34	3.263778e-34	1.924534e-34	1.174091e-34	7.206274e-35	4.018440e-35	2.027444e-35	9.359573e-36	4.017878e-36	1.627116e-36	6.277097e-37	2.320287e-37	8.251197e-38	2.833998e-38	9.445666e-39	3.074502e-39	9.873451e-40	3.187181e-40	1.072359e-40	4.022531e-41	
R375	6.512212e-33	2.509705e-31	4.499460e-30	2.561809e-27	8.759392e-26	2.370272e-25	5.516501e-25	9.539268e-25	7.070874e-25	1.211008e-25	6.141270e-27	5.035667e-28	1.051214e-28	2.842382e-29	7.993787e-30	2.341954e-30	8.293345e-31	3.456868e-31	1.574434e-31	7.602898e-32	3.244335e-32	8.912545e-33	2.584701e-33	1.404744e-33	9.304056e-34	5.782664e-34	3.389826e-34	1.991923e-34	1.179942e-34	6.991354e-35	4.209327e-35	2.587141e-35	1.525545e-35	9.306817e-36	5.712290e-36	3.185349e-36	1.607120e-36	7.419174e-37	3.184904e-37	1.289787e-37	4.975748e-38	1.839252e-38	6.540583e-39	2.246462e-39	7.487418e-40	2.437105e-40	7.826516e-41	2.526424e-41	8.500410e-42	3.188592e-42	
R376	7.028992e-28	1.880856e-27	2.825056e-26	3.787730e-23	1.912457e-21	3.162723e-21	4.823610e-21	6.384264e-21	5.277713e-21	2.207457e-21	4.514630e-22	1.834612e-22	1.056097e-22	4.129773e-23	1.213541e-23	2.815891e-24	5.325649e-25	8.873116e-26	1.403143e-26	2.234464e-27	3.841854e-28	7.653333e-29	1.865714e-29	4.718109e-30	1.124917e-30	2.550720e-31	5.569484e-32	1.186470e-32	2.510833e-33	5.382245e-34	1.194133e-34	2.796108e-35	6.924593e-36	1.764257e-36	4.536237e-37	1.148252e-37	2.803812e-38	6.552015e-39	1.463532e-39	3.122789e-40	6.343845e-41	1.220269e-41	2.210325e-42	3.754837e-43	5.968550e-44	8.873634e-45	1.236784e-45	1.626719e-46	2.046042e-47	2.495390e-48	
R377	3.341798e-25	1.438493e-22	1.166979e-19	3.501833e-15	1.556694e-12	4.669090e-12	7.767362e-12	9.280680e-12	9.014446e-12	6.595267e-12	3.276920e-12	2.120442e-12	1.442035e-12	7.090386e-13	2.757406e-13	8.852982e-14	2.505204e-14	6.698056e-15	1.796889e-15	4.979429e-16	1.499406e-16	5.914437e-17	3.276131e-17	1.948585e-17	1.045537e-17	4.959355e-18	2.141342e-18	8.693869e-19	3.358124e-19	1.236737e-19	4.365448e-20	1.481545e-20	4.702267e-21	1.432714e-21	4.321348e-22	1.229019e-22	3.269335e-23	8.136268e-24	1.902069e-24	4.193776e-25	8.739275e-26	1.722413e-26	3.212762e-27	5.679911e-28	9.539471e-29	1.526700e-29	2.339255e-30	3.461720e-31	5.036251e-32	7.431992e-33	
R378	1.362492e-19	5.781316e-19	6.177550e-18	4.416094e-15	3.120705e-15	1.208321e-15	8.548396e-16	6.641061e-16	4.143564e-16	3.171391e-16	4.649941e-16	7.864246e-16	6.135230e-16	2.310341e-16	5.952255e-17	1.186386e-17	1.914472e-18	2.764234e-19	3.822103e-20	5.237911e-21	7.431139e-22	1.170096e-22	2.268262e-23	5.742605e-24	1.868967e-24	6.565050e-25	2.305650e-25	8.137719e-26	2.884658e-26	1.021553e-26	3.656066e-27	1.360396e-27	5.366870e-28	2.400830e-28	1.131742e-28	5.082057e-29	2.102282e-29	7.980801e-30	2.805439e-30	9.226564e-31	2.856781e-31	8.342803e-32	2.297438e-32	5.966047e-33	1.463316e-33	3.403263e-34	7.554196e-35	1.611890e-35	3.312010e-36	6.418430e-37	
R379	2.120387e-20	8.876748e-20	3.840395e-19	3.376323e-17	1.559010e-17	5.155315e-18	3.167408e-18	1.993664e-18	8.076753e-19	2.071233e-19	4.027872e-20	1.051772e-20	2.983181e-21	7.111895e-22	1.525335e-22	3.022153e-23	6.100638e-24	1.274178e-24	2.733274e-25	6.048670e-26	1.311900e-26	2.490237e-27	3.745115e-28	6.097532e-29	1.479656e-29	4.175897e-30	1.171603e-30	3.281622e-31	9.148289e-32	2.504628e-32	6.715671e-33	1.752721e-33	4.165695e-34	1.012124e-34	2.712098e-35	7.154547e-36	1.838288e-36	4.611988e-37	1.140107e-37	2.799110e-38	6.820590e-39	1.633271e-39	3.793481e-40	8.459597e-41	1.802989e-41	3.679193e-42	7.258036e-43	1.407751e-43	2.765075e-44	5.929967e-45	
R380	2.195595e-19	7.602822e-19	5.653458e-18	2.304252e-15	1.836802e-14	1.046074e-14	5.818158e-15	2.940437e-15	8.673401e-16	1.431856e-16	1.622120e-17	2.684157e-18	6.275816e-19	1.509112e-19	3.478167e-20	7.643677e-21	1.734285e-21	3.979333e-22	8.935139e-23	2.011483e-23	4.223528e-24	6.163434e-25	6.595046e-26	9.394056e-27	2.152208e-27	5.835079e-28	1.597939e-28	4.384032e-29	1.199316e-29	3.239575e-30	8.635142e-31	2.264548e-31	5.545440e-32	1.382823e-32	3.713002e-33	9.802436e-34	2.521292e-34	6.334625e-35	1.569075e-35	3.863526e-36	9.454845e-37	2.277863e-37	5.333562e-38	1.201675e-38	2.593185e-39	5.367724e-40	1.077111e-40	2.146246e-41	4.507967e-42	1.289635e-42	
R381	6.172992e-15	1.824553e-14	1.072436e-13	3.439849e-11	9.346375e-11	2.261665e-11	8.303714e-12	3.440775e-12	1.029088e-12	2.548718e-13	6.716749e-14	2.258864e-14	7.126271e-15	1.902901e-15	4.561914e-16	1.019292e-16	2.331907e-17	5.368643e-18	1.217365e-18	2.790516e-19	6.053098e-20	9.729071e-21	1.258880e-21	1.934370e-22	3.759207e-23	8.227729e-24	1.871444e-24	4.971519e-25	2.251850e-25	2.374126e-25	3.521374e-25	4.227995e-25	3.878443e-25	2.697082e-25	1.441274e-25	6.371717e-26	2.415967e-26	8.111496e-27	2.477471e-27	7.025378e-28	1.874692e-28	4.745136e-29	1.144555e-29	2.638865e-30	5.830739e-31	1.238805e-31	2.545432e-32	5.106649e-33	1.013405e-33	2.017683e-34	
R382	4.470742e-17	1.249446e-16	4.582687e-16	9.046735e-14	3.084446e-13	7.093899e-14	2.569954e-14	1.087455e-14	3.587131e-15	1.057514e-15	3.306565e-16	1.450797e-16	6.485350e-17	2.456682e-17	8.371864e-18	2.588088e-18	7.210917e-19	1.808218e-19	4.154437e-20	9.124285e-21	2.062066e-21	4.939346e-22	1.228687e-22	2.985346e-23	7.021356e-24	1.587352e-24	3.420873e-25	7.092649e-26	1.433732e-26	2.872125e-27	5.950242e-28	1.428410e-28	4.673601e-29	2.023071e-29	9.053196e-30	3.766330e-30	1.420704e-30	4.916449e-31	1.592846e-31	4.901257e-32	1.437289e-32	4.001303e-33	1.052590e-33	2.612361e-34	6.129741e-35	1.368085e-35	2.942175e-36	6.241460e-37	1.375615e-37	3.937565e-38	
R383	3.725618e-17	1.041205e-16	3.818906e-16	7.538946e-14	2.570372e-13	5.911583e-14	2.141628e-14	9.062124e-15	2.989276e-15	8.812618e-16	2.755471e-16	1.208997e-16	5.404459e-17	2.047235e-17	6.976554e-18	2.156740e-18	6.009097e-19	1.506849e-19	3.462031e-20	7.603571e-21	1.718388e-21	4.116122e-22	1.023906e-22	2.487788e-23	5.851130e-24	1.322793e-24	2.850727e-25	5.910541e-26	1.194777e-26	2.393437e-27	4.958535e-28	1.190341e-28	3.894667e-29	1.685892e-29	7.544330e-30	3.138609e-30	1.183920e-30	4.097041e-31	1.327371e-31	4.084381e-32	1.197740e-32	3.334419e-33	8.771583e-34	2.176968e-34	5.108117e-35	1.140070e-35	2.451813e-36	5.201216e-37	1.146345e-37	3.281304e-38	
R384	9.014107e-22	2.923601e-20	1.723518e-18	3.960810e-14	9.965126e-12	9.472923e-12	7.151624e-12	4.561044e-12	1.690817e-12	3.262783e-13	3.025183e-14	2.926214e-15	3.849788e-16	5.711629e-17	8.673353e-18	1.330249e-18	2.232645e-19	3.904523e-20	6.722627e-21	1.145340e-21	1.638610e-22	1.230074e-23	5.472195e-25	2.874969e-26	2.155391e-27	2.048588e-28	2.189373e-29	2.817458e-30	6.057455e-31	3.018631e-31	2.219077e-31	1.364919e-31	6.660066e-32	2.456111e-32	6.750515e-33	1.541025e-33	3.044666e-34	5.408433e-35	8.977130e-36	1.451251e-36	2.388627e-37	4.156927e-38	7.756086e-39	1.527343e-39	3.081611e-40	6.218968e-41	1.246395e-41	2.514914e-42	5.390813e-43	1.578843e-43	
R385	2.167472e-16	5.935000e-16	1.577914e-15	2.099055e-14	5.964114e-14	4.263142e-14	2.928644e-14	1.836340e-14	7.790391e-15	2.306066e-15	5.670060e-16	2.127438e-16	8.979214e-17	2.790057e-17	6.879464e-18	1.416993e-18	2.659413e-19	4.843300e-20	8.995833e-21	1.737445e-21	3.572366e-22	9.050503e-23	2.934075e-23	9.563977e-24	2.721567e-24	6.719674e-25	1.507225e-25	3.217140e-26	6.643644e-27	1.336497e-27	2.653496e-28	5.260453e-29	1.012881e-29	2.003023e-30	4.199190e-31	8.710075e-32	1.768415e-32	3.502780e-33	6.767907e-34	1.275306e-34	2.338987e-35	4.160774e-36	7.151111e-37	1.183536e-37	1.881850e-38	2.872623e-39	4.221526e-40	6.034497e-41	8.614341e-42	1.292103e-42	
R387	2.644563e-31	4.485812e-30	9.040819e-29	4.683556e-26	3.006444e-25	2.848244e-25	3.711582e-25	4.955064e-25	3.572316e-25	1.544684e-25	5.670882e-26	4.279715e-26	3.060865e-26	1.093881e-26	2.506026e-27	4.071731e-28	5.036672e-29	5.316427e-30	5.315618e-31	5.389691e-32	6.297744e-33	1.092656e-33	2.797632e-34	6.949332e-35	1.438021e-35	2.577984e-36	4.220662e-37	6.586438e-38	1.006698e-38	1.537059e-39	2.395381e-40	3.878001e-41	6.428061e-42	1.093849e-42	1.919491e-43	3.304572e-44	5.464083e-45	8.604792e-46	1.288227e-46	1.830519e-47	2.457242e-48	3.093397e-49	3.623552e-50	3.922760e-51	3.903822e-52	3.558205e-53	2.967349e-54	2.271117e-55	1.609727e-56	1.064028e-57	
R389	4.344493e-25	1.308186e-21	4.723478e-19	1.154167e-16	9.431364e-16	2.439180e-15	6.435076e-15	1.919392e-14	8.881980e-14	9.291720e-13	1.583249e-11	6.040306e-11	4.705790e-11	1.831119e-11	5.435497e-12	1.544445e-12	5.331899e-13	2.901907e-13	2.268954e-13	1.866881e-13	1.258701e-13	5.536058e-14	1.454058e-14	3.251042e-15	1.287180e-15	1.027853e-15	4.781860e-15	5.056147e-14	2.381436e-13	1.036525e-12	4.219995e-12	1.311405e-11	3.181984e-11	6.111655e-11	9.320521e-11	1.197990e-10	1.323352e-10	1.288579e-10	1.138620e-10	9.372016e-11	7.326066e-11	5.508272e-11	4.017506e-11	2.861173e-11	2.001546e-11	1.383919e-11	9.533316e-12	6.632319e-12	4.775388e-12	3.626930e-12	
R390	1.081137e-16	1.804189e-14	2.389699e-12	2.217666e-10	6.697924e-10	5.984897e-10	4.515241e-10	2.957746e-10	1.787711e-10	1.128861e-10	7.909931e-11	4.537093e-11	1.660321e-11	4.208591e-12	8.852734e-13	1.816469e-13	4.835414e-14	2.208233e-14	1.614631e-14	1.384211e-14	1.091654e-14	7.242628e-15	3.659403e-15	1.597821e-15	1.070028e-15	1.220792e-15	7.262799e-15	9.341461e-14	5.151787e-13	2.507285e-12	1.081546e-11	3.306128e-11	6.814955e-11	1.034072e-10	1.257590e-10	1.243755e-10	1.046351e-10	7.777500e-11	5.265911e-11	3.324523e-11	1.990222e-11	1.142843e-11	6.345259e-12	3.426895e-12	1.809467e-12	9.387661e-13	4.815836e-13	2.470248e-13	1.293190e-13	6.985725e-14	
R391	2.656868e-15	4.762146e-13	6.821070e-11	6.900345e-09	2.295410e-08	2.284986e-08	1.948177e-08	1.487643e-08	1.116277e-08	9.681359e-09	1.027007e-08	8.413755e-09	3.828412e-09	1.154596e-09	2.889591e-10	7.032627e-11	2.107566e-11	1.024371e-11	7.573982e-12	6.340404e-12	4.905259e-12	3.149968e-12	1.457942e-12	5.645684e-13	3.429877e-13	3.708380e-13	2.143017e-12	2.681242e-11	1.439139e-10	6.868063e-10	2.938624e-09	9.059121e-09	1.966370e-08	3.117955e-08	3.795371e-08	3.753617e-08	3.157859e-08	2.347228e-08	1.589237e-08	1.003332e-08	6.006435e-09	3.449070e-09	1.914981e-09	1.034227e-09	5.460920e-10	2.833170e-10	1.453406e-10	7.455141e-11	3.902812e-11	2.108272e-11	
R392	6.222356e-31	4.861323e-30	6.033265e-29	2.608583e-27	1.120349e-26	1.660389e-26	1.535268e-25	1.308001e-24	6.790677e-24	1.665019e-23	6.759252e-24	1.263424e-24	4.180447e-25	2.258875e-25	1.338370e-25	8.115217e-26	5.953913e-26	5.130186e-26	4.894749e-26	5.116139e-26	5.070893e-26	3.361470e-26	1.521805e-26	9.016876e-27	8.126056e-27	7.786975e-27	7.039655e-27	6.516610e-27	6.484485e-27	8.287656e-27	1.610253e-26	3.332318e-26	5.512589e-26	7.430006e-26	8.581867e-26	8.462743e-26	7.374594e-26	5.849768e-26	4.329869e-26	3.051746e-26	2.080782e-26	1.388737e-26	9.151544e-27	5.994405e-27	3.924662e-27	2.582185e-27	1.718663e-27	1.170914e-27	8.381067e-28	6.685065e-28	
R393	1.950233e-14	8.698520e-13	7.752014e-11	1.501318e-08	4.288332e-08	2.265161e-08	1.213620e-08	6.373706e-09	3.396235e-09	1.905712e-09	8.170079e-10	2.334556e-10	7.411346e-11	2.948311e-11	1.251795e-11	5.544923e-12	2.973808e-12	1.880034e-12	1.322716e-12	1.002612e-12	7.137330e-13	3.785888e-13	1.629682e-13	9.917847e-14	9.326426e-14	9.341565e-14	8.803516e-14	8.447743e-14	8.663219e-14	1.135840e-13	2.256664e-13	4.769290e-13	8.088470e-13	1.113996e-12	1.302864e-12	1.296494e-12	1.136791e-12	9.056982e-13	6.729068e-13	4.761201e-13	3.259768e-13	2.184438e-13	1.444621e-13	9.488037e-14	6.222267e-14	4.096285e-14	2.725948e-14	1.856842e-14	1.330875e-14	1.066997e-14	
R394	1.950233e-14	8.698520e-13	7.752014e-11	1.501318e-08	4.288332e-08	2.265161e-08	1.213620e-08	6.373706e-09	3.396235e-09	1.905712e-09	8.170079e-10	2.334556e-10	7.411346e-11	2.948311e-11	1.251795e-11	5.544923e-12	2.973808e-12	1.880034e-12	1.322716e-12	1.002612e-12	7.137330e-13	3.785888e-13	1.629682e-13	9.917847e-14	9.326426e-14	9.341565e-14	8.803516e-14	8.447743e-14	8.663219e-14	1.135840e-13	2.256664e-13	4.769290e-13	8.088470e-13	1.113996e-12	1.302864e-12	1.296494e-12	1.136791e-12	9.056982e-13	6.729068e-13	4.761201e-13	3.259768e-13	2.184438e-13	1.444621e-13	9.488037e-14	6.222267e-14	4.096285e-14	2.725948e-14	1.856842e-14	1.330875e-14	1.066997e-14	
R395	2.818735e-14	1.243071e-12	1.094180e-10	2.090406e-08	5.880775e-08	3.053973e-08	1.605116e-08	8.229618e-09	4.239343e-09	2.263986e-09	9.100404e-10	2.460680e-10	7.552953e-11	2.925066e-11	1.209062e-11	5.216506e-12	2.747054e-12	1.720088e-12	1.208110e-12	9.191037e-13	6.562238e-13	3.498376e-13	1.526404e-13	9.462863e-14	9.033285e-14	9.123292e-14	8.636464e-14	8.322863e-14	8.570958e-14	1.127150e-13	2.242212e-13	4.732573e-13	7.962443e-13	1.089214e-12	1.273701e-12	1.267473e-12	1.111345e-12	8.854251e-13	6.578445e-13	4.654626e-13	3.186801e-13	2.135542e-13	1.412285e-13	9.275657e-14	6.082988e-14	4.004594e-14	2.664930e-14	1.815278e-14	1.301085e-14	1.043113e-14	
R396	1.116832e-08	1.207064e-07	1.160174e-06	7.819468e-05	1.563753e-04	9.267386e-05	5.059628e-05	2.603966e-05	1.312672e-05	7.317329e-06	4.294333e-06	1.942334e-06	8.483476e-07	4.391681e-07	2.409462e-07	1.354466e-07	8.385228e-08	5.512913e-08	3.669259e-08	2.468967e-08	1.587005e-08	8.256648e-09	3.502072e-09	1.937958e-09	1.633200e-09	1.524716e-09	1.369738e-09	1.232993e-09	1.165752e-09	1.401510e-09	2.664084e-09	5.666425e-09	1.009140e-08	1.415633e-08	1.578885e-08	1.470453e-08	1.187731e-08	8.592376e-09	5.716154e-09	3.569626e-09	2.124005e-09	1.216684e-09	6.758440e-10	3.661330e-10	1.944378e-10	1.017578e-10	5.283848e-11	2.754328e-11	1.477674e-11	8.584086e-12	
R397	1.233328e-10	1.167382e-09	9.718593e-09	5.600756e-07	9.418461e-07	4.609165e-07	2.031395e-07	8.022777e-08	2.800761e-08	9.206935e-09	2.753733e-09	7.061111e-10	2.190096e-10	8.647704e-11	3.625371e-11	1.567241e-11	8.092641e-12	4.837671e-12	3.165593e-12	2.208805e-12	1.461997e-12	7.994884e-13	3.878069e-13	2.580571e-13	2.527145e-13	2.563659e-13	2.409064e-13	2.263443e-13	2.231952e-13	2.766278e-13	5.325177e-13	1.117887e-12	1.837485e-12	2.407747e-12	2.681620e-12	2.497458e-12	2.017274e-12	1.459352e-12	9.708470e-13	6.062749e-13	3.607467e-13	2.066449e-13	1.147872e-13	6.218501e-14	3.302383e-14	1.728282e-14	8.974230e-15	4.678025e-15	2.509721e-15	1.457944e-15	
R398	2.883498e-08	3.111394e-07	2.984701e-06	2.006964e-04	4.002219e-04	2.363788e-04	1.285194e-04	6.577508e-05	3.287649e-05	1.807831e-05	1.040459e-05	4.621966e-06	1.995655e-06	1.023437e-06	5.561435e-07	3.096498e-07	1.904087e-07	1.247379e-07	8.296923e-08	5.590481e-08	3.597423e-08	1.875121e-08	7.993229e-09	4.453341e-09	3.773498e-09	3.533357e-09	3.179306e-09	2.866259e-09	2.713982e-09	3.266349e-09	6.211651e-09	1.320590e-08	2.345206e-08	3.281914e-08	3.660202e-08	3.408835e-08	2.753421e-08	1.991902e-08	1.325130e-08	8.275178e-09	4.923911e-09	2.820542e-09	1.566755e-09	8.487769e-10	4.507495e-10	2.358970e-10	1.224912e-10	6.385138e-11	3.425573e-11	1.989980e-11	
R399	1.595475e-09	1.724377e-08	1.657392e-07	1.117067e-05	2.233932e-05	1.323912e-05	7.228040e-06	3.719951e-06	1.875246e-06	1.045333e-06	6.134761e-07	2.774763e-07	1.211925e-07	6.273831e-08	3.442089e-08	1.934951e-08	1.197890e-08	7.875589e-09	5.241799e-09	3.527096e-09	2.267151e-09	1.179521e-09	5.002960e-10	2.768511e-10	2.333142e-10	2.178166e-10	1.956768e-10	1.761419e-10	1.665360e-10	2.002157e-10	3.805834e-10	8.094893e-10	1.441629e-09	2.022333e-09	2.255550e-09	2.100648e-09	1.696758e-09	1.227482e-09	8.165934e-10	5.099465e-10	3.034293e-10	1.738120e-10	9.654915e-11	5.230471e-11	2.777682e-11	1.453683e-11	7.548355e-12	3.934754e-12	2.110962e-12	1.226298e-12	
R400	2.639591e-08	2.835200e-07	2.703915e-06	1.804825e-04	3.565825e-04	2.081762e-04	1.115532e-04	5.595622e-05	2.710190e-05	1.414992e-05	7.547197e-06	3.121269e-06	1.287030e-06	6.355025e-07	3.321954e-07	1.778941e-07	1.064230e-07	6.870742e-08	4.558098e-08	3.088491e-08	1.996387e-08	1.048569e-08	4.561844e-09	2.612640e-09	2.263223e-09	2.144919e-09	1.942559e-09	1.762085e-09	1.678527e-09	2.028921e-09	3.865345e-09	8.202395e-09	1.440077e-08	1.995591e-08	2.225158e-08	2.072344e-08	1.673896e-08	1.210943e-08	8.055907e-09	5.030755e-09	2.993409e-09	1.714701e-09	9.524825e-10	5.159996e-10	2.740256e-10	1.434096e-10	7.446649e-11	3.881738e-11	2.082519e-11	1.209775e-11	
R401	1.046794e-05	1.391915e-04	6.625547e-04	8.467389e-03	9.404332e-04	3.254173e-04	2.037630e-04	1.350489e-04	8.947628e-05	6.811636e-05	6.724860e-05	6.036492e-05	3.944665e-05	2.250837e-05	1.240835e-05	6.750133e-06	3.914352e-06	2.408736e-06	1.539528e-06	1.010569e-06	6.664238e-07	4.387177e-07	2.499102e-07	1.513794e-07	1.301470e-07	1.236890e-07	1.121509e-07	9.805196e-08	8.235549e-08	6.526904e-08	4.833264e-08	3.301642e-08	1.951489e-08	1.130329e-08	7.003098e-09	4.206461e-09	2.449659e-09	1.394617e-09	7.855173e-10	4.422735e-10	2.495696e-10	1.403236e-10	7.791770e-11	4.245727e-11	2.267229e-11	1.191552e-11	6.228014e-12	3.285664e-12	1.789736e-12	1.074510e-12	
R402	1.924330e-06	2.023221e-05	1.576430e-04	8.856361e-03	1.601077e-02	8.941256e-03	4.713092e-03	2.292694e-03	9.764477e-04	4.001076e-04	1.831413e-04	8.596434e-05	4.124142e-05	2.165769e-05	1.171390e-05	6.467176e-06	3.964342e-06	2.595137e-06	1.726241e-06	1.166944e-06	7.524134e-07	3.872736e-07	1.642481e-07	9.264413e-08	7.911761e-08	7.429340e-08	6.675992e-08	5.800520e-08	4.849459e-08	3.831179e-08	2.832419e-08	1.935564e-08	1.147212e-08	6.664198e-09	4.135352e-09	2.485829e-09	1.449165e-09	8.262095e-10	4.662902e-10	2.633039e-10	1.492199e-10	8.441169e-11	4.725177e-11	2.601309e-11	1.406495e-11	7.498135e-12	3.986515e-12	2.160623e-12	1.258535e-12	1.007924e-12	
R403	2.144380e-06	2.223322e-05	1.706309e-04	9.428927e-03	1.673662e-02	9.159180e-03	4.719660e-03	2.232272e-03	9.142837e-04	3.541255e-04	1.508226e-04	6.661548e-05	3.080537e-05	1.571306e-05	8.256179e-06	4.431082e-06	2.663645e-06	1.725884e-06	1.145928e-06	7.776878e-07	5.030182e-07	2.603020e-07	1.120057e-07	6.444410e-08	5.593189e-08	5.299311e-08	4.785059e-08	4.176757e-08	3.507767e-08	2.780301e-08	2.058292e-08	1.404573e-08	8.253447e-09	4.759418e-09	2.952925e-09	1.775053e-09	1.034803e-09	5.899704e-10	3.329633e-10	1.880171e-10	1.065532e-10	6.027575e-11	3.374101e-11	1.857514e-11	1.004334e-11	5.354184e-12	2.846645e-12	1.542834e-12	8.986804e-13	7.197267e-13	
R404	1.924330e-07	2.023221e-06	1.576430e-05	8.856361e-04	1.601077e-03	8.941256e-04	4.713092e-04	2.292694e-04	9.764477e-05	4.001076e-05	1.831413e-05	8.596434e-06	4.124142e-06	2.165769e-06	1.171390e-06	6.467176e-07	3.964342e-07	2.595137e-07	1.726241e-07	1.166944e-07	7.524134e-08	3.872736e-08	1.642481e-08	9.264413e-09	7.911761e-09	7.429340e-09	6.675992e-09	5.800520e-09	4.849459e-09	3.831179e-09	2.832419e-09	1.935564e-09	1.147212e-09	6.664198e-10	4.135352e-10	2.485829e-10	1.449165e-10	8.262095e-11	4.662902e-11	2.633039e-11	1.492199e-11	8.441169e-12	4.725177e-12	2.601309e-12	1.406495e-12	7.498135e-13	3.986515e-13	2.160623e-13	1.258535e-13	1.007924e-13	
R405	4.304883e-07	4.463361e-06	3.425448e-05	1.892875e-03	3.359907e-03	1.838723e-03	9.474807e-04	4.481328e-04	1.835442e-04	7.109135e-05	3.027792e-05	1.337318e-05	6.184235e-06	3.154427e-06	1.657443e-06	8.895481e-07	5.347317e-07	3.464744e-07	2.300471e-07	1.561223e-07	1.009818e-07	5.225612e-08	2.248536e-08	1.293727e-08	1.122843e-08	1.063847e-08	9.606097e-09	8.384918e-09	7.041909e-09	5.581507e-09	4.132059e-09	2.819707e-09	1.656895e-09	9.554622e-10	5.928053e-10	3.563452e-10	2.077387e-10	1.184377e-10	6.684300e-11	3.774479e-11	2.139076e-11	1.210047e-11	6.773571e-12	3.728994e-12	2.016220e-12	1.074862e-12	5.714694e-13	3.097267e-13	1.804118e-13	1.444865e-13	
R406	1.390875e-06	1.304974e-05	4.755070e-05	1.224798e-04	5.079241e-05	2.614889e-05	1.545803e-05	9.195073e-06	5.467479e-06	3.611539e-06	2.996775e-06	2.765641e-06	2.273134e-06	1.505895e-06	8.521928e-07	4.336180e-07	2.245689e-07	1.241401e-07	7.543031e-08	4.964910e-08	3.565695e-08	3.671423e-08	5.682835e-08	9.202621e-08	1.240122e-07	1.346553e-07	1.269972e-07	1.124751e-07	9.485528e-08	7.523677e-08	5.566340e-08	3.788917e-08	2.210653e-08	1.244866e-08	7.394305e-09	4.169284e-09	2.228294e-09	1.133117e-09	5.509868e-10	2.574184e-10	1.159996e-10	5.057767e-11	2.139829e-11	8.809686e-12	3.540222e-12	1.393521e-12	5.399352e-13	2.078226e-13	8.112402e-14	3.359078e-14	
R407	2.140487e-23	4.111216e-22	7.511725e-21	4.782871e-19	2.011809e-20	1.852764e-21	4.194914e-22	1.261409e-22	4.469997e-23	4.312170e-23	7.045654e-22	1.815197e-20	5.233632e-20	5.445912e-20	4.797531e-20	5.185737e-20	7.099321e-20	1.155822e-19	2.242026e-19	4.891949e-19	1.129290e-18	2.719621e-18	5.534303e-18	1.022622e-17	2.416905e-17	1.932622e-15	2.440665e-13	6.132410e-12	3.651252e-11	1.919177e-10	8.828292e-10	2.753378e-09	5.471406e-09	8.049544e-09	9.926465e-09	9.995697e-09	8.592727e-09	6.548198e-09	4.557885e-09	2.964618e-09	1.832409e-09	1.089367e-09	6.284627e-10	3.542685e-10	1.962767e-10	1.074833e-10	5.857632e-11	3.211479e-11	1.807516e-11	1.086082e-11	
R408	1.174301e-19	2.688433e-18	5.941390e-17	4.654710e-15	2.462946e-16	2.922907e-17	8.788161e-18	3.752958e-18	2.164089e-18	4.204019e-18	1.678830e-16	9.180728e-15	4.168076e-14	6.211934e-14	7.819408e-14	1.197567e-13	2.085685e-13	3.852557e-13	7.643447e-13	1.589321e-12	3.528984e-12	7.954975e-12	1.354763e-11	1.960050e-11	3.795643e-11	2.718356e-09	3.234042e-07	7.677088e-06	4.322855e-05	2.182255e-04	9.871626e-04	3.132825e-03	6.923984e-03	1.115096e-02	1.377683e-02	1.387292e-02	1.192575e-02	9.088170e-03	6.325837e-03	4.114560e-03	2.543180e-03	1.511920e-03	8.722364e-04	4.916853e-04	2.724102e-04	1.491748e-04	8.129742e-05	4.457176e-05	2.508631e-05	1.507362e-05	
R409	9.229212e-13	4.600691e-12	5.872075e-11	1.230673e-08	4.139751e-09	5.925688e-10	1.368494e-10	3.500450e-11	8.617102e-12	3.218616e-12	3.076267e-12	3.794563e-12	3.888805e-12	3.867968e-12	3.667692e-12	3.294884e-12	3.046590e-12	2.874334e-12	2.723323e-12	2.623435e-12	2.637118e-12	2.930892e-12	3.490768e-12	5.148181e-12	9.682579e-12	4.054322e-11	4.333609e-09	1.399792e-07	9.901728e-07	5.844612e-06	2.931187e-05	9.952637e-05	2.298806e-04	3.811629e-04	4.804028e-04	4.902980e-04	4.253391e-04	3.261613e-04	2.279963e-04	1.487223e-04	9.208819e-05	5.479557e-05	3.161609e-05	1.781273e-05	9.858828e-06	5.392414e-06	2.933284e-06	1.593319e-06	8.570234e-07	4.378865e-07	
R411	1.538202e-11	7.667818e-11	9.786792e-10	2.051121e-07	6.899584e-08	9.876146e-09	2.280824e-09	5.834084e-10	1.436184e-10	5.364360e-11	5.127112e-11	6.324271e-11	6.481341e-11	6.446614e-11	6.112820e-11	5.491474e-11	5.077650e-11	4.790556e-11	4.538872e-11	4.372392e-11	4.395196e-11	4.884820e-11	5.817947e-11	8.580301e-11	1.613763e-10	6.757203e-10	7.222682e-08	2.332986e-06	1.650288e-05	9.741020e-05	4.885311e-04	1.658773e-03	3.831344e-03	6.352715e-03	8.006713e-03	8.171634e-03	7.088984e-03	5.436021e-03	3.799938e-03	2.478705e-03	1.534803e-03	9.132595e-04	5.269349e-04	2.968788e-04	1.643138e-04	8.987357e-05	4.888807e-05	2.655531e-05	1.428372e-05	7.298109e-06	
R412	9.357395e-12	4.664589e-11	5.953632e-10	1.247765e-07	4.197247e-08	6.007989e-09	1.387501e-09	3.549068e-10	8.736784e-11	3.263319e-11	3.118993e-11	3.847265e-11	3.942816e-11	3.921690e-11	3.718632e-11	3.340647e-11	3.088904e-11	2.914255e-11	2.761147e-11	2.659872e-11	2.673744e-11	2.971599e-11	3.539251e-11	5.219683e-11	9.817059e-11	4.110632e-10	4.393798e-08	1.419233e-06	1.003925e-05	5.925787e-05	2.971898e-04	1.009087e-03	2.330734e-03	3.864568e-03	4.870750e-03	4.971077e-03	4.312465e-03	3.306913e-03	2.311629e-03	1.507879e-03	9.336719e-04	5.555662e-04	3.205520e-04	1.806013e-04	9.995756e-05	5.467309e-05	2.974024e-05	1.615448e-05	8.689265e-06	4.439683e-06	
R413	4.269458e+00	4.342377e+01	1.359666e+02	4.297400e+01	9.217195e+00	5.291291e+00	3.086609e+00	1.656505e+00	8.461187e-01	5.005995e-01	3.996516e-01	3.282462e-01	2.213131e-01	1.335376e-01	7.723714e-02	4.340508e-02	2.508321e-02	1.494142e-02	9.204086e-03	5.861828e-03	4.009818e-03	3.536002e-03	3.776032e-03	3.685990e-03	3.125574e-03	2.386471e-03	1.697839e-03	1.225669e-03	1.177764e-03	2.572369e-03	9.352786e-03	2.809688e-02	6.010062e-02	9.439964e-02	1.153299e-01	1.146869e-01	9.704559e-02	7.245563e-02	4.911703e-02	3.088616e-02	1.828934e-02	1.030023e-02	5.552147e-03	2.876213e-03	1.436240e-03	6.933326e-04	3.247652e-04	1.482450e-04	6.616380e-05	2.910336e-05	
R414	1.293830e-05	1.173972e-04	7.308200e-04	3.264441e-02	2.031362e-02	4.863574e-03	1.705709e-03	6.849410e-04	2.971016e-04	1.821375e-04	1.906309e-04	1.774005e-04	1.126736e-04	6.459642e-05	3.567342e-05	1.963579e-05	1.196370e-05	7.797174e-06	5.230362e-06	3.611049e-06	2.411119e-06	1.372418e-06	7.114120e-07	4.390057e-07	3.215155e-07	2.451540e-07	1.835420e-07	1.548639e-07	2.149773e-07	6.642284e-07	2.734830e-06	8.549012e-06	1.887964e-05	3.044225e-05	3.759178e-05	3.784014e-05	3.251956e-05	2.477589e-05	1.724171e-05	1.121249e-05	6.928850e-06	4.117964e-06	2.374631e-06	1.337769e-06	7.406062e-07	4.052518e-07	2.206244e-07	1.203912e-07	6.625618e-08	3.692943e-08	
R415	7.252932e-02	6.418780e-01	3.893887e+00	1.693324e+02	1.024512e+02	2.382269e+01	8.103375e+00	3.142388e+00	1.305006e+00	7.583118e-01	7.512959e-01	6.744124e-01	4.208108e-01	2.383549e-01	1.302699e-01	7.108440e-02	4.308592e-02	2.801135e-02	1.878213e-02	1.297902e-02	8.672701e-03	4.943044e-03	2.572025e-03	1.596386e-03	1.175276e-03	8.989199e-04	6.741743e-04	5.698006e-04	7.923281e-04	2.451184e-03	1.009759e-02	3.154754e-02	6.944246e-02	1.116734e-01	1.378930e-01	1.388040e-01	1.192873e-01	9.088215e-02	6.324550e-02	4.112932e-02	2.541620e-02	1.510539e-02	8.710550e-03	4.907163e-03	2.716669e-03	1.486532e-03	8.092876e-04	4.416152e-04	2.430389e-04	1.354634e-04	
R416	2.963341e-02	2.622530e-01	1.590931e+00	6.918438e+01	4.185862e+01	9.733272e+00	3.310807e+00	1.283890e+00	5.331880e-01	3.098245e-01	3.069580e-01	2.755456e-01	1.719313e-01	9.738499e-02	5.322455e-02	2.904306e-02	1.760367e-02	1.144464e-02	7.673843e-03	5.302857e-03	3.543418e-03	2.019587e-03	1.050856e-03	6.522378e-04	4.801841e-04	3.672730e-04	2.754484e-04	2.328043e-04	3.237226e-04	1.001484e-03	4.125588e-03	1.288943e-02	2.837221e-02	4.562655e-02	5.633914e-02	5.671137e-02	4.873737e-02	3.713185e-02	2.584030e-02	1.680426e-02	1.038433e-02	6.171631e-03	3.558882e-03	2.004927e-03	1.109953e-03	6.073546e-04	3.306518e-04	1.804314e-04	9.929875e-05	5.534648e-05	
R417	1.292750e-14	7.411706e-14	1.833380e-13	2.623718e-12	3.466239e-12	9.037438e-13	2.804121e-13	8.236697e-14	2.013862e-14	4.172599e-15	9.706760e-16	3.481030e-16	1.402745e-16	5.549554e-17	2.074436e-17	7.319936e-18	2.670924e-18	9.984205e-19	3.801246e-19	1.463845e-19	5.793272e-20	2.837673e-20	1.789056e-20	1.165086e-20	6.656120e-21	3.150978e-21	1.287392e-21	4.859828e-22	1.732387e-22	5.949676e-23	2.275437e-23	1.336114e-23	1.076689e-23	8.737246e-24	6.407197e-24	3.901135e-24	2.014822e-24	9.098243e-25	3.696993e-25	1.382634e-25	4.829683e-26	1.589046e-26	4.950611e-27	1.467493e-27	4.162596e-28	1.138407e-28	3.035498e-29	8.023587e-30	2.162211e-30	6.560193e-31	
R418	9.240517e-16	1.649520e-14	1.615931e-13	1.232654e-12	1.714530e-12	7.300981e-13	2.658470e-13	8.285049e-14	2.251959e-14	5.673949e-15	1.428379e-15	3.612393e-16	8.368190e-17	1.903457e-17	4.618228e-18	1.149148e-18	2.995546e-19	8.027618e-20	2.208638e-20	6.222178e-21	1.829052e-21	6.676473e-22	3.152766e-22	1.488270e-22	5.980326e-23	1.994917e-23	5.797495e-24	1.553558e-24	3.894925e-25	9.160077e-26	2.075788e-26	4.905979e-27	1.344223e-27	4.899205e-28	2.083727e-28	8.336002e-29	2.999096e-29	9.738687e-30	2.905994e-30	8.096947e-31	2.122633e-31	5.239019e-32	1.216090e-32	2.657466e-33	5.491199e-34	1.081575e-34	2.058180e-35	3.868739e-36	7.546072e-37	1.868521e-37	
R419	5.106966e-03	4.273455e-02	1.617699e-01	4.329703e+00	3.287126e+00	7.264624e-01	2.438285e-01	9.655624e-02	4.422550e-02	3.058988e-02	3.595792e-02	4.211217e-02	3.723261e-02	2.991730e-02	2.324260e-02	1.754771e-02	1.295329e-02	9.172464e-03	6.231633e-03	4.125929e-03	2.872399e-03	2.439822e-03	2.440605e-03	2.395293e-03	2.134175e-03	1.686086e-03	1.198113e-03	7.903289e-04	4.904549e-04	2.882976e-04	1.658845e-04	1.036214e-04	8.135511e-05	8.143893e-05	8.420990e-05	7.976817e-05	6.819807e-05	5.355435e-05	3.953304e-05	2.789683e-05	1.894480e-05	1.238370e-05	7.788142e-06	4.722936e-06	2.776648e-06	1.596063e-06	9.094430e-07	5.247588e-07	3.207415e-07	2.570172e-07	
R420	1.823917e-03	1.526234e-02	5.777495e-02	1.546322e+00	1.173974e+00	2.594509e-01	8.708160e-02	3.448437e-02	1.579482e-02	1.092496e-02	1.284211e-02	1.504006e-02	1.329736e-02	1.068475e-02	8.300928e-03	6.267038e-03	4.626176e-03	3.275880e-03	2.225583e-03	1.473546e-03	1.025857e-03	8.713650e-04	8.716448e-04	8.554617e-04	7.622054e-04	6.021737e-04	4.278976e-04	2.822603e-04	1.751625e-04	1.029634e-04	5.924448e-05	3.700764e-05	2.905540e-05	2.908533e-05	3.007496e-05	2.848863e-05	2.435645e-05	1.912655e-05	1.411894e-05	9.963154e-06	6.766001e-06	4.422749e-06	2.781479e-06	1.686763e-06	9.916599e-07	5.700224e-07	3.248011e-07	1.874139e-07	1.145505e-07	9.179187e-08	
R421	5.778690e-31	4.945727e-27	3.259789e-23	4.727111e-19	5.312271e-17	8.377536e-17	6.902929e-17	3.975071e-17	1.787216e-17	6.990849e-18	2.498638e-18	7.005502e-19	1.357876e-19	1.855209e-20	2.061188e-21	2.185033e-22	3.082045e-23	7.735599e-24	3.225693e-24	1.616750e-24	7.324000e-25	2.761202e-25	8.263567e-26	2.241494e-26	9.400065e-27	6.609886e-27	2.395921e-26	1.873962e-25	6.236060e-25	1.796085e-24	4.457834e-24	7.555395e-24	8.087047e-24	6.195496e-24	3.823266e-24	1.865855e-24	7.544886e-25	2.631967e-25	8.185485e-26	2.328508e-26	6.174637e-27	1.547223e-27	3.700244e-28	8.511488e-29	1.895224e-29	4.109658e-30	8.747452e-31	1.856007e-31	4.052566e-32	9.461868e-33	
R422	1.690501e-07	1.641681e-05	9.988549e-04	3.112142e+00	1.743537e+02	1.592654e+02	1.113969e+02	6.648789e+01	3.422403e+01	1.549491e+01	5.401051e+00	1.394493e+00	3.628575e-01	1.141938e-01	3.953291e-02	1.480756e-02	6.584435e-03	3.251714e-03	1.655533e-03	8.502886e-04	3.747374e-04	9.975373e-05	1.784543e-05	3.787096e-06	1.075584e-06	3.572486e-07	1.258896e-07	5.154256e-08	3.401970e-08	4.974587e-08	1.015671e-07	1.625597e-07	1.903360e-07	1.623223e-07	1.030878e-07	5.358339e-08	2.399482e-08	9.672168e-09	3.657912e-09	1.356124e-09	5.168967e-10	2.112178e-10	9.421638e-11	4.533405e-11	2.291742e-11	1.191145e-11	6.325167e-12	3.471410e-12	2.063583e-12	1.691931e-12	
R423	4.461561e-02	3.513929e-01	1.013264e+00	1.892006e+00	6.241209e-01	3.304548e-01	1.897956e-01	1.020003e-01	5.017164e-02	2.462246e-02	1.389056e-02	9.275338e-03	6.283552e-03	3.574302e-03	1.738516e-03	7.631903e-04	3.572119e-04	1.874423e-04	1.130175e-04	7.608044e-05	5.565368e-05	5.904343e-05	9.879735e-05	1.780518e-04	2.620468e-04	2.992762e-04	2.906749e-04	2.649703e-04	2.300689e-04	1.867756e-04	1.401196e-04	9.540614e-05	5.367454e-05	2.941823e-05	1.772899e-05	1.018791e-05	5.569736e-06	2.907426e-06	1.456143e-06	7.029797e-07	3.283868e-07	1.488876e-07	6.569269e-08	2.828127e-08	1.191325e-08	4.926881e-09	2.010101e-09	8.159959e-10	3.353649e-10	1.442560e-10	
R424	2.818283e-02	2.359903e-01	6.625229e-01	1.225045e+00	7.967527e-01	5.641961e-01	3.715354e-01	2.274067e-01	1.420285e-01	1.072965e-01	1.104247e-01	1.210593e-01	1.067243e-01	7.344638e-02	4.309503e-02	2.260500e-02	1.157001e-02	6.041197e-03	3.327010e-03	1.925942e-03	1.214167e-03	1.082159e-03	1.380908e-03	1.765516e-03	1.858231e-03	1.582248e-03	1.161833e-03	7.836267e-04	4.934747e-04	2.898850e-04	1.595273e-04	8.246570e-05	3.859183e-05	1.784149e-05	8.644678e-06	4.082772e-06	1.878775e-06	8.444583e-07	3.717603e-07	1.606512e-07	6.823324e-08	2.850001e-08	1.171036e-08	4.735681e-09	1.886626e-09	7.417161e-10	2.888009e-10	1.122889e-10	4.445315e-11	1.866611e-11	
R425	1.369411e-07	1.174491e-05	2.735165e-04	5.840184e-03	6.306265e-02	9.673351e-02	8.040007e-02	4.517485e-02	1.764840e-02	5.335276e-03	1.703855e-03	5.676000e-04	1.557070e-04	3.376808e-05	6.283863e-06	1.055250e-06	1.739873e-07	2.947220e-08	5.388875e-09	1.085765e-09	2.529972e-10	8.295552e-11	3.966080e-11	1.972311e-11	8.283827e-12	2.868687e-12	8.718928e-13	2.473410e-13	6.635208e-14	1.675510e-14	3.984357e-15	8.915898e-16	1.805574e-16	3.647250e-17	7.782974e-18	1.627635e-18	3.331213e-19	6.686367e-20	1.319772e-20	2.567421e-21	4.928665e-22	9.340619e-23	1.747595e-23	3.227816e-24	5.885725e-25	1.059578e-25	1.882994e-26	3.303538e-27	5.779568e-28	1.152199e-28	
R426	5.593691e+00	6.312789e+01	2.821516e+02	6.967013e+02	2.366329e+01	6.054447e+00	2.917338e+00	1.684116e+00	1.073610e+00	1.028238e+00	2.056597e+00	4.957217e+00	8.822883e+00	1.273662e+01	1.626394e+01	1.894393e+01	2.153239e+01	2.353647e+01	2.448571e+01	2.490425e+01	2.717504e+01	3.642273e+01	4.865577e+01	4.938643e+01	3.962341e+01	2.743381e+01	1.719571e+01	1.003255e+01	5.558095e+00	2.961432e+00	1.532246e+00	7.820488e-01	4.084263e-01	2.295254e-01	1.450781e-01	1.001368e-01	7.032489e-02	4.794222e-02	3.121049e-02	1.939959e-02	1.157400e-02	6.667702e-03	3.729380e-03	2.035287e-03	1.089204e-03	5.748397e-04	3.012867e-04	1.581084e-04	8.375580e-05	4.548648e-05	
R427	5.593691e+00	6.312789e+01	2.821516e+02	6.967013e+02	2.366329e+01	6.054447e+00	2.917338e+00	1.684116e+00	1.073610e+00	1.028238e+00	2.056597e+00	4.957217e+00	8.822883e+00	1.273662e+01	1.626394e+01	1.894393e+01	2.153239e+01	2.353647e+01	2.448571e+01	2.490425e+01	2.717504e+01	3.642273e+01	4.865577e+01	4.938643e+01	3.962341e+01	2.743381e+01	1.719571e+01	1.003255e+01	5.558095e+00	2.961432e+00	1.532246e+00	7.820488e-01	4.084263e-01	2.295254e-01	1.450781e-01	1.001368e-01	7.032489e-02	4.794222e-02	3.121049e-02	1.939959e-02	1.157400e-02	6.667702e-03	3.729380e-03	2.035287e-03	1.089204e-03	5.748397e-04	3.012867e-04	1.581084e-04	8.375580e-05	4.548648e-05	
R428	1.626519e+02	1.868557e+03	7.811586e+03	1.348122e+04	7.682910e+02	2.739594e+02	1.581829e+02	1.051905e+02	8.123540e+01	1.043946e+02	2.834497e+02	6.977246e+02	9.179476e+02	9.070952e+02	7.939214e+02	6.355824e+02	4.784362e+02	3.351350e+02	2.168585e+02	1.352793e+02	8.796838e+01	5.815809e+01	3.129065e+01	1.304231e+01	4.816215e+00	1.705352e+00	5.816474e-01	1.893127e-01	5.944177e-02	1.825124e-02	5.522007e-03	1.660025e-03	5.090742e-04	1.515677e-04	4.326972e-05	1.253702e-05	3.726637e-06	1.143073e-06	3.621711e-07	1.182021e-07	3.954978e-08	1.349898e-08	4.680286e-09	1.643525e-09	5.836526e-10	2.096602e-10	7.642891e-11	2.852429e-11	1.114024e-11	4.940285e-12	
R429	2.515261e-41	3.776422e-40	1.415601e-39	7.730630e-39	8.289760e-40	1.499089e-40	3.241297e-41	5.225710e-42	3.529148e-43	4.558757e-45	1.283849e-47	5.019720e-50	1.135932e-51	5.216891e-53	2.550345e-54	1.431768e-55	2.089239e-56	8.130152e-57	7.469707e-57	1.251666e-56	2.110866e-56	3.373093e-56	6.530825e-56	1.728095e-55	5.373334e-55	3.873669e-53	4.361095e-51	1.049363e-49	6.364608e-49	3.356687e-48	1.456431e-47	3.801518e-47	4.304317e-47	3.969577e-47	4.703335e-47	4.648336e-47	4.124153e-47	4.068960e-47	5.503467e-47	8.524443e-47	1.297362e-46	5.712914e-46	5.992531e-45	3.626885e-44	1.279142e-43	3.042794e-43	5.521101e-43	8.350285e-43	1.100976e-42	1.261463e-42	
R430	1.101001e-22	4.476072e-21	4.936646e-20	8.741044e-19	3.445512e-19	2.625757e-19	2.837317e-19	3.346011e-19	3.577196e-19	2.450318e-19	1.097881e-19	3.068605e-20	9.123246e-21	3.215754e-21	1.190518e-21	4.824757e-22	2.758219e-22	2.196603e-22	2.293479e-22	2.924250e-22	3.955480e-22	4.343933e-22	3.063049e-22	2.023197e-22	2.031788e-22	7.838390e-21	6.290036e-19	1.096542e-17	4.846021e-17	2.032517e-16	8.019086e-16	2.310298e-15	4.782099e-15	7.367229e-15	8.822288e-15	8.719124e-15	7.735887e-15	7.632359e-15	1.032314e-14	1.598974e-14	2.433528e-14	1.071601e-13	1.124050e-12	6.803136e-12	2.399353e-11	5.707525e-11	1.035621e-10	1.566306e-10	2.065157e-10	2.366191e-10	
R431	1.006052e-21	8.034305e-19	2.193850e-17	7.258149e-16	7.879938e-16	1.332459e-15	2.828860e-15	5.502952e-15	6.300875e-15	3.714366e-15	1.987289e-15	1.176846e-15	7.575342e-16	4.752171e-16	2.839478e-16	1.693331e-16	1.171982e-16	9.309042e-17	8.016870e-17	7.253904e-17	6.355480e-17	5.216781e-17	5.845565e-17	1.115390e-16	2.198635e-16	3.573107e-16	5.026168e-16	6.690561e-16	8.545778e-16	1.037135e-15	1.208026e-15	1.347474e-15	1.345820e-15	1.326791e-15	1.285445e-15	1.110038e-15	8.595615e-16	6.068143e-16	3.978000e-16	2.460304e-16	1.452417e-16	8.250151e-17	4.535875e-17	2.425885e-17	1.268305e-17	6.518269e-18	3.318499e-18	1.695502e-18	8.915127e-19	5.073877e-19	
R432	6.668674e-26	4.249292e-23	9.078167e-22	2.296409e-20	1.850466e-20	2.248144e-20	3.292687e-20	4.039063e-20	2.430498e-20	5.647567e-21	9.122039e-22	1.956616e-22	6.807134e-23	2.620794e-23	9.631160e-24	3.569818e-24	1.777916e-24	1.188150e-24	9.921300e-25	9.588927e-25	8.860438e-25	7.961482e-25	1.138011e-24	3.032798e-24	7.844821e-24	1.481498e-23	2.260459e-23	3.250968e-23	4.480100e-23	5.744264e-23	6.845047e-23	7.456560e-23	6.443922e-23	5.616591e-23	5.427695e-23	4.687054e-23	3.629435e-23	2.562229e-23	1.679681e-23	1.038845e-23	6.132725e-24	3.483565e-24	1.915240e-24	1.024312e-24	5.355322e-25	2.752291e-25	1.401212e-25	7.159132e-26	3.764347e-26	2.142407e-26	
R433	5.691028e+00	4.648811e+01	1.390303e+02	2.692362e+02	9.360709e+01	5.256242e+01	3.222720e+01	1.876958e+01	1.032397e+01	5.958532e+00	4.146316e+00	3.311676e+00	2.502299e+00	1.552946e+00	8.241385e-01	3.942149e-01	1.960104e-01	1.063552e-01	6.472672e-02	4.328863e-02	3.157371e-02	3.319343e-02	5.352007e-02	9.137468e-02	1.287694e-01	1.439188e-01	1.385997e-01	1.255908e-01	1.087608e-01	8.881864e-02	6.790767e-02	4.803366e-02	2.912604e-02	1.747959e-02	1.156525e-02	7.482183e-03	4.721372e-03	2.909746e-03	1.754504e-03	1.036551e-03	6.004710e-04	3.411503e-04	1.900803e-04	1.038582e-04	5.564163e-05	2.921470e-05	1.501274e-05	7.527472e-06	3.660000e-06	1.704090e-06	
R434	9.422471e-04	1.527989e-02	3.550378e-01	7.070236e+00	1.750172e+01	2.912252e+01	3.242736e+01	2.549203e+01	1.427146e+01	6.065525e+00	2.444294e+00	9.133012e-01	2.573153e-01	5.911666e-02	1.423667e-02	4.782778e-03	2.688472e-03	2.070176e-03	1.768441e-03	1.540956e-03	1.245843e-03	8.776648e-04	5.339067e-04	2.614573e-04	9.922376e-05	3.042393e-05	8.123099e-06	2.001718e-06	4.619999e-07	9.974364e-08	2.016055e-08	3.807715e-09	6.491021e-10	1.078705e-10	1.831541e-11	2.998756e-12	4.740940e-13	7.264227e-14	1.082907e-14	1.575853e-15	2.244224e-16	3.134179e-17	4.301414e-18	5.818615e-19	7.795819e-20	1.043531e-20	1.419036e-21	2.029148e-22	3.306593e-23	7.690903e-24	
R435	1.186330e-15	9.757867e-15	2.949475e-14	5.798904e-14	2.024843e-14	1.135539e-14	6.928634e-15	3.994848e-15	2.149880e-15	1.185665e-15	7.648643e-16	5.710269e-16	4.205205e-16	2.603423e-16	1.399484e-16	6.923676e-17	3.715138e-17	2.287029e-17	1.663820e-17	1.396565e-17	1.322031e-17	1.868825e-17	4.244186e-17	1.056809e-16	2.193379e-16	3.594223e-16	5.056791e-16	6.706453e-16	8.506294e-16	1.013495e-15	1.119360e-15	1.117776e-15	9.118408e-16	7.005547e-16	5.691325e-16	4.292013e-16	3.020675e-16	2.005802e-16	1.269854e-16	7.729022e-17	4.549515e-17	2.600356e-17	1.447563e-17	7.868839e-18	4.187193e-18	2.186129e-18	1.122081e-18	5.668995e-19	2.818567e-19	1.373970e-19	
R436	5.084273e-16	4.181943e-15	1.264061e-14	2.485244e-14	8.677900e-15	4.866597e-15	2.969415e-15	1.712078e-15	9.213769e-16	5.081420e-16	3.277990e-16	2.447258e-16	1.802231e-16	1.115753e-16	5.997789e-17	2.967290e-17	1.592202e-17	9.801551e-18	7.130655e-18	5.985278e-18	5.665845e-18	8.009249e-18	1.818937e-17	4.529183e-17	9.400196e-17	1.540381e-16	2.167196e-16	2.874194e-16	3.645555e-16	4.343549e-16	4.797258e-16	4.790467e-16	3.907889e-16	3.002377e-16	2.439139e-16	1.839434e-16	1.294575e-16	8.596292e-17	5.442233e-17	3.312438e-17	1.949792e-17	1.114438e-17	6.203839e-18	3.372359e-18	1.794511e-18	9.369123e-19	4.808919e-19	2.429569e-19	1.207957e-19	5.888442e-20	
R437	7.043643e-24	3.202026e-22	3.791074e-21	2.716409e-20	1.834930e-20	1.410116e-20	1.007524e-20	5.961576e-21	2.775951e-21	1.056440e-21	3.878039e-22	1.870336e-22	1.173619e-22	6.761379e-23	3.380495e-23	1.548122e-23	8.268611e-24	5.415407e-24	4.393965e-24	4.170405e-24	4.216676e-24	6.233781e-24	1.571785e-23	4.463247e-23	9.897864e-23	1.571489e-22	2.018105e-22	2.406286e-22	2.712699e-22	2.810740e-22	2.633639e-22	2.177912e-22	1.387415e-22	8.730236e-23	6.518805e-23	4.677400e-23	3.213804e-23	2.121557e-23	1.351288e-23	8.337050e-24	4.997907e-24	2.917974e-24	1.662374e-24	9.258142e-25	5.049426e-25	2.701274e-25	1.418949e-25	7.318877e-26	3.699649e-26	1.821534e-26	
R438	5.959218e-22	3.065500e-20	4.147877e-19	3.436133e-18	2.723976e-18	2.496803e-18	2.171192e-18	1.636432e-18	1.064421e-18	6.530665e-19	4.391262e-19	3.514133e-19	2.988948e-19	2.189115e-19	1.388484e-19	8.017496e-20	5.024543e-20	3.578249e-20	2.947061e-20	2.709172e-20	2.669478e-20	3.777057e-20	8.461459e-20	2.042052e-19	3.966062e-19	5.851093e-19	7.220866e-19	8.289723e-19	9.003812e-19	9.081184e-19	8.414345e-19	7.039613e-19	4.814245e-19	3.217661e-19	2.405607e-19	1.726081e-19	1.185976e-19	7.829091e-20	4.986600e-20	3.076586e-20	1.844356e-20	1.076807e-20	6.134586e-21	3.416492e-21	1.863368e-21	9.968393e-22	5.236288e-22	2.700854e-22	1.365266e-22	6.721929e-23	
R439	9.881793e-07	1.002881e-05	3.480446e-05	4.112113e-05	3.344154e-06	1.225779e-06	7.754161e-07	5.521478e-07	4.170758e-07	3.538249e-07	3.295096e-07	2.802441e-07	2.284324e-07	1.925753e-07	1.605160e-07	1.298523e-07	1.065630e-07	8.611293e-08	6.699863e-08	5.168281e-08	4.080185e-08	3.213088e-08	2.286418e-08	1.429513e-08	8.177115e-09	4.397573e-09	2.238430e-09	1.084851e-09	5.079253e-10	2.335023e-10	1.070476e-10	4.963987e-11	2.354509e-11	1.110327e-11	5.114612e-12	2.305367e-12	1.007704e-12	4.260594e-13	1.744891e-13	6.937254e-14	2.680816e-14	1.007299e-14	3.681470e-15	1.310117e-15	4.548301e-16	1.544945e-16	5.159323e-17	1.708168e-17	5.692420e-18	1.958841e-18	
R440	7.686233e-24	1.652503e-21	9.929969e-18	6.742972e-14	9.042290e-12	4.990214e-11	1.709098e-10	2.838382e-10	1.826003e-10	4.934786e-11	6.794880e-12	9.711018e-13	1.938866e-13	4.961218e-14	1.340320e-14	3.494808e-15	9.819300e-16	2.960503e-16	9.408691e-17	3.150430e-17	1.062381e-17	3.690362e-18	1.368292e-18	4.651984e-19	1.309414e-19	3.104999e-20	6.630205e-21	1.340120e-21	2.577144e-22	4.697582e-23	8.164712e-24	1.358267e-24	2.070178e-25	3.147622e-26	4.987760e-27	7.511824e-28	1.073541e-28	1.455997e-29	1.878246e-30	2.311645e-31	2.720960e-32	3.068084e-33	3.318696e-34	3.449179e-35	3.450486e-36	3.328727e-37	3.104890e-38	2.814716e-39	2.510191e-40	2.342267e-41	
R441	5.459704e-03	8.384068e-01	2.138303e+02	4.183991e+04	1.724256e+05	2.515184e+05	3.209471e+05	3.674315e+05	3.930598e+05	4.216467e+05	4.564463e+05	4.454137e+05	4.026943e+05	3.832129e+05	3.740172e+05	3.659897e+05	3.668549e+05	3.622035e+05	3.412569e+05	3.143809e+05	2.935640e+05	2.688617e+05	2.157041e+05	1.476391e+05	9.159535e+04	5.342595e+04	2.927926e+04	1.500126e+04	7.255285e+03	3.350371e+03	1.487280e+03	6.386350e+02	2.701266e+02	1.079996e+02	4.004271e+01	1.426740e+01	4.900476e+00	1.627211e+00	5.240505e-01	1.642599e-01	5.028467e-02	1.508490e-02	4.447850e-03	1.292015e-03	3.702628e-04	1.047428e-04	2.926284e-05	8.093192e-06	2.234893e-06	6.301310e-07	
R443	2.397155e-14	1.458703e-12	3.690615e-11	3.208927e-09	5.809057e-09	6.865695e-09	1.109942e-08	1.989867e-08	3.288139e-08	6.857221e-08	2.374744e-07	1.038117e-06	2.343383e-06	2.571373e-06	1.939226e-06	1.101501e-06	4.625038e-07	1.569913e-07	4.750536e-08	1.381821e-08	4.778703e-09	2.746607e-09	2.354328e-09	1.836342e-09	1.172600e-09	6.558256e-10	3.329344e-10	1.559083e-10	6.907172e-11	2.968546e-11	1.262900e-11	5.416371e-12	2.403601e-12	1.038166e-12	4.217675e-13	1.653303e-13	6.196006e-14	2.214163e-14	7.552748e-15	2.461204e-15	7.651032e-16	2.261572e-16	6.333373e-17	1.675315e-17	4.177290e-18	9.806045e-19	2.166714e-19	4.510649e-20	8.866179e-21	1.640642e-21	
R444	2.088722e-13	1.917514e-09	2.444293e-06	4.409357e-03	6.462258e-02	1.262602e-01	2.007171e-01	2.857508e-01	4.643475e-01	1.311480e+00	7.959013e+00	4.207674e+01	9.504965e+01	1.150033e+02	1.007434e+02	6.970778e+01	4.010451e+01	2.085999e+01	1.062060e+01	5.471317e+00	3.361202e+00	3.918879e+00	8.146168e+00	1.634233e+01	2.525845e+01	3.076709e+01	3.156756e+01	2.876441e+01	2.373934e+01	1.778928e+01	1.211453e+01	7.482864e+00	4.093457e+00	2.045594e+00	9.742137e-01	4.290730e-01	1.751781e-01	6.666799e-02	2.380054e-02	8.014339e-03	2.555644e-03	7.740156e-04	2.232107e-04	6.144754e-05	1.618854e-05	4.090755e-06	9.936711e-07	2.327426e-07	5.291599e-08	1.184781e-08	
R445	4.472915e+01	3.104971e+02	3.058548e+03	4.666443e+04	1.533073e+04	9.443151e+03	7.443799e+03	6.221519e+03	5.758836e+03	8.555944e+03	2.662214e+04	7.965310e+04	1.370597e+05	1.827327e+05	2.189839e+05	2.436429e+05	2.615822e+05	2.675059e+05	2.578237e+05	2.426745e+05	2.398997e+05	2.522398e+05	2.390247e+05	1.913650e+05	1.384202e+05	9.402941e+04	6.000545e+04	3.583298e+04	2.019638e+04	1.084497e+04	5.582774e+03	2.775977e+03	1.358867e+03	6.371048e+02	2.867315e+02	1.290752e+02	5.884416e+01	2.738947e+01	1.305772e+01	6.369802e+00	3.169023e+00	1.601780e+00	8.198674e-01	4.240278e-01	2.213878e-01	1.167685e-01	6.243781e-02	3.415428e-02	1.953736e-02	1.268162e-02	
R446	4.453150e-41	5.732342e-39	0.000000e+00	1.205564e-38	0.000000e+00	0.000000e+00	4.164404e-40	0.000000e+00	3.602412e-40	0.000000e+00	1.399202e-39	2.257698e-40	6.609636e-37	0.000000e+00	0.000000e+00	4.961292e-37	6.726434e-38	3.341189e-37	1.723501e-37	1.002969e-37	0.000000e+00	3.456216e-38	7.510118e-39	1.007018e-42	6.724316e-47	2.830307e-51	8.519905e-56	1.992814e-60	3.816130e-65	0.000000e+00	0.000000e+00	0.000000e+00	0.000000e+00	0.000000e+00	0.000000e+00	0.000000e+00	0.000000e+00	0.000000e+00	0.000000e+00	0.000000e+00	0.000000e+00	0.000000e+00	0.000000e+00	0.000000e+00	0.000000e+00	0.000000e+00	0.000000e+00	0.000000e+00	8.658357e-44	0.000000e+00	
R447	3.839799e-21	7.432146e-21	5.642355e-20	6.542292e-16	8.575067e-14	1.612870e-13	1.770648e-13	1.554194e-13	1.264964e-13	1.135617e-13	1.046879e-13	6.395808e-14	3.209158e-14	1.799020e-14	1.047860e-14	6.101883e-15	3.688943e-15	2.241037e-15	1.313603e-15	7.514556e-16	4.055195e-16	1.709973e-16	5.566460e-17	2.331070e-17	1.544427e-17	1.194995e-17	9.160203e-18	7.065754e-18	5.798173e-18	6.594261e-18	1.616010e-17	6.993310e-17	3.047878e-16	9.742860e-16	2.158429e-15	3.566142e-15	4.726878e-15	5.367774e-15	5.498823e-15	5.248966e-15	4.734752e-15	4.052127e-15	3.299900e-15	2.572330e-15	1.936926e-15	1.425987e-15	1.045013e-15	7.836237e-16	6.380796e-16	7.288197e-16	
R448	5.573116e-16	1.143840e-15	4.089784e-15	2.296343e-12	8.113226e-11	1.771843e-10	2.914762e-10	4.421798e-10	7.426782e-10	1.768506e-09	6.464154e-09	1.923835e-08	3.072865e-08	3.342742e-08	3.037835e-08	2.399103e-08	1.604551e-08	9.490041e-09	5.213041e-09	2.758436e-09	1.589756e-09	1.228651e-09	1.186987e-09	1.095059e-09	9.207149e-10	7.291514e-10	5.475446e-10	3.890494e-10	2.669302e-10	1.911260e-10	1.787922e-10	2.526579e-10	4.080909e-10	5.815679e-10	6.876542e-10	6.878509e-10	6.032736e-10	4.815497e-10	3.605724e-10	2.574993e-10	1.759073e-10	1.145907e-10	7.107531e-11	4.210501e-11	2.399101e-11	1.328454e-11	7.264381e-12	4.022260e-12	2.383040e-12	1.940133e-12	
R449	5.633804e-11	1.053906e-10	3.258807e-10	1.460526e-07	4.563904e-06	1.151836e-05	2.095904e-05	3.369227e-05	5.831346e-05	1.410665e-04	5.203532e-04	1.557522e-03	2.497777e-03	2.725586e-03	2.483260e-03	1.965427e-03	1.317177e-03	7.805729e-04	4.296059e-04	2.277464e-04	1.314856e-04	1.017808e-04	9.848535e-05	9.102930e-05	7.672021e-05	6.094066e-05	4.592959e-05	3.277611e-05	2.260170e-05	1.627722e-05	1.532861e-05	2.183159e-05	3.559933e-05	5.134292e-05	6.164443e-05	6.284271e-05	5.637852e-05	4.619683e-05	3.562809e-05	2.629157e-05	1.861873e-05	1.261207e-05	8.158194e-06	5.053699e-06	3.018459e-06	1.756072e-06	1.011142e-06	5.904765e-07	3.683296e-07	3.115177e-07	
R450	2.122066e-10	3.969714e-10	1.227484e-09	5.501316e-07	1.719070e-05	4.338581e-05	7.894572e-05	1.269075e-04	2.196473e-04	5.313504e-04	1.959997e-03	5.866667e-03	9.408293e-03	1.026637e-02	9.353613e-03	7.403110e-03	4.961368e-03	2.940158e-03	1.618182e-03	8.578447e-04	4.952624e-04	3.833743e-04	3.709615e-04	3.428770e-04	2.889795e-04	2.295431e-04	1.730014e-04	1.234567e-04	8.513308e-05	6.131085e-05	5.773778e-05	8.223234e-05	1.340908e-04	1.933917e-04	2.321940e-04	2.367076e-04	2.123591e-04	1.740081e-04	1.341991e-04	9.903158e-05	7.013054e-05	4.750546e-05	3.072920e-05	1.903560e-05	1.136953e-05	6.614539e-06	3.808634e-06	2.224128e-06	1.387375e-06	1.173383e-06	
R451	1.408451e-11	2.634766e-11	8.147018e-11	3.651316e-08	1.140976e-06	2.879589e-06	5.239760e-06	8.423066e-06	1.457836e-05	3.526662e-05	1.300883e-04	3.893806e-04	6.244442e-04	6.813965e-04	6.208150e-04	4.913568e-04	3.292943e-04	1.951432e-04	1.074015e-04	5.693660e-05	3.287140e-05	2.544520e-05	2.462134e-05	2.275732e-05	1.918005e-05	1.523516e-05	1.148240e-05	8.194029e-06	5.650426e-06	4.069304e-06	3.832154e-06	5.457898e-06	8.899832e-06	1.283573e-05	1.541111e-05	1.571068e-05	1.409463e-05	1.154921e-05	8.907023e-06	6.572892e-06	4.654682e-06	3.153017e-06	2.039549e-06	1.263425e-06	7.546147e-07	4.390181e-07	2.527854e-07	1.476191e-07	9.208240e-08	7.787942e-08	
R452	1.467525e-13	2.492956e-13	6.334452e-13	2.340217e-10	1.178861e-08	3.191334e-08	5.213687e-08	7.075451e-08	1.031412e-07	2.148714e-07	6.985372e-07	1.879932e-06	2.739680e-06	2.727763e-06	2.269062e-06	1.637324e-06	9.962590e-07	5.330115e-07	2.633355e-07	1.245831e-07	6.387192e-08	4.370914e-08	3.700930e-08	2.933322e-08	2.064263e-08	1.332156e-08	7.952587e-09	4.389610e-09	2.293286e-09	1.233452e-09	8.633262e-10	9.208737e-10	1.149365e-09	1.302883e-09	1.255839e-09	1.052205e-09	7.945645e-10	5.606051e-10	3.800377e-10	2.510342e-10	1.616351e-10	1.008668e-10	6.076066e-11	3.535641e-11	1.997175e-11	1.104545e-11	6.069709e-12	3.394897e-12	2.039843e-12	1.684138e-12	
R453	6.848448e-13	1.163379e-12	2.956077e-12	1.092101e-09	5.501351e-08	1.489289e-07	2.433054e-07	3.301877e-07	4.813258e-07	1.002733e-06	3.259840e-06	8.773018e-06	1.278517e-05	1.272956e-05	1.058896e-05	7.640845e-06	4.649209e-06	2.487387e-06	1.228899e-06	5.813879e-07	2.980690e-07	2.039760e-07	1.727101e-07	1.368884e-07	9.633227e-08	6.216730e-08	3.711207e-08	2.048484e-08	1.070200e-08	5.756112e-09	4.028856e-09	4.297411e-09	5.363705e-09	6.080121e-09	5.860582e-09	4.910291e-09	3.707968e-09	2.616157e-09	1.773509e-09	1.171493e-09	7.542970e-10	4.707116e-10	2.835497e-10	1.649966e-10	9.320150e-11	5.154542e-11	2.832531e-11	1.584285e-11	9.519268e-12	7.859311e-12	
R454	1.015265e-02	1.922797e-02	6.030425e-02	2.747556e+01	8.749620e+02	2.245056e+03	4.150512e+03	6.792983e+03	1.204203e+04	3.013843e+04	1.160875e+05	3.603610e+05	5.907481e+05	6.559413e+05	6.080464e+05	4.894510e+05	3.318811e+05	1.979022e+05	1.090570e+05	5.769436e+04	3.325897e+04	2.567774e+04	2.465483e+04	2.255029e+04	1.886131e+04	1.494736e+04	1.128346e+04	8.083568e+03	5.614474e+03	4.095319e+03	3.938860e+03	5.800173e+03	9.969231e+03	1.543564e+04	2.028154e+04	2.320241e+04	2.394408e+04	2.308479e+04	2.136469e+04	1.923688e+04	1.685154e+04	1.427788e+04	1.165357e+04	9.169366e+03	6.987726e+03	5.196710e+03	3.815537e+03	2.809045e+03	2.142190e+03	2.065759e+03	
R455	2.219564e-08	4.145707e-08	1.275518e-07	5.665038e-05	1.773541e-03	4.486572e-03	8.178157e-03	1.316135e-02	2.279350e-02	5.516089e-02	2.035387e-01	6.094579e-01	9.778558e-01	1.067757e+00	9.737400e-01	7.717079e-01	5.181558e-01	3.078967e-01	1.701064e-01	9.064970e-02	5.267932e-02	4.106505e-02	3.998405e-02	3.715382e-02	3.146639e-02	2.512069e-02	1.904536e-02	1.369674e-02	9.547785e-03	6.984589e-03	6.730608e-03	9.916628e-03	1.698719e-02	2.624664e-02	3.458175e-02	3.968992e-02	4.109880e-02	3.975947e-02	3.691687e-02	3.333852e-02	2.927779e-02	2.485166e-02	2.030000e-02	1.596001e-02	1.212375e-02	8.954754e-03	6.494354e-03	4.684310e-03	3.456861e-03	3.164632e-03	
R456	1.502413e-02	4.466188e-03	1.148384e-02	4.138865e+00	9.939813e+01	1.825015e+02	2.081964e+02	1.772658e+02	1.156136e+02	6.182467e+01	3.135094e+01	1.906867e+01	1.367088e+01	8.618213e+00	4.614254e+00	2.219288e+00	1.201263e+00	7.103586e-01	3.897056e-01	2.055907e-01	1.178220e-01	9.019509e-02	8.587177e-02	7.760787e-02	6.349381e-02	4.857399e-02	3.497325e-02	2.364927e-02	1.533392e-02	1.031359e-02	9.024855e-03	1.191175e-02	1.800785e-02	2.417960e-02	2.718420e-02	2.613197e-02	2.226620e-02	1.744406e-02	1.293727e-02	9.225553e-03	6.338597e-03	4.179384e-03	2.638354e-03	1.598244e-03	9.349271e-04	5.332978e-04	3.013050e-04	1.727750e-04	1.060034e-04	8.862484e-05	
R457	2.478299e-29	3.079150e-28	4.551500e-27	9.239909e-24	7.104227e-22	3.187951e-21	9.056394e-21	2.122982e-20	5.138805e-20	1.690086e-19	8.312088e-19	3.289377e-18	7.037703e-18	1.038212e-17	1.295505e-17	1.415652e-17	1.313932e-17	1.075737e-17	8.113108e-18	5.833555e-18	4.511766e-18	4.614644e-18	5.830504e-18	6.974527e-18	7.545989e-18	7.626042e-18	7.243328e-18	6.459207e-18	5.529292e-18	4.919995e-18	5.709426e-18	1.001517e-17	2.014298e-17	3.586916e-17	5.343961e-17	6.802365e-17	7.669796e-17	7.947741e-17	7.795101e-17	7.351424e-17	6.680944e-17	5.827666e-17	4.867332e-17	3.900495e-17	3.016355e-17	2.269992e-17	1.682854e-17	1.248661e-17	9.579987e-18	9.274092e-18	
R458	2.577639e-02	4.879959e-02	1.529880e-01	6.967344e+01	2.217689e+03	5.687316e+03	1.050808e+04	1.718551e+04	3.043391e+04	7.605721e+04	2.924088e+05	9.062682e+05	1.484253e+06	1.646813e+06	1.525430e+06	1.227013e+06	8.315835e+05	4.957502e+05	2.731812e+05	1.445382e+05	8.333048e+04	6.434673e+04	6.180930e+04	5.656575e+04	4.733598e+04	3.752602e+04	2.833534e+04	2.030603e+04	1.410888e+04	1.029565e+04	9.907028e+03	1.459653e+04	2.510160e+04	3.889580e+04	5.117018e+04	5.863118e+04	6.062244e+04	5.858438e+04	5.437174e+04	4.911879e+04	4.319280e+04	3.675435e+04	3.014188e+04	2.383824e+04	1.826439e+04	1.365798e+04	1.008292e+04	7.461843e+03	5.716489e+03	5.530613e+03	
R459	6.228319e-15	1.172195e-14	3.656456e-14	1.659570e-11	5.277242e-10	1.356705e-09	2.524235e-09	4.176464e-09	7.509960e-09	1.909986e-08	7.500098e-08	2.406933e-07	4.122822e-07	4.740186e-07	4.471913e-07	3.599406e-07	2.412532e-07	1.411987e-07	7.609658e-08	3.928576e-08	2.202410e-08	1.652217e-08	1.545669e-08	1.378269e-08	1.119533e-08	8.570844e-09	6.229511e-09	4.292040e-09	2.864490e-09	2.005516e-09	1.849517e-09	2.608718e-09	4.282671e-09	6.345297e-09	8.011150e-09	8.809514e-09	8.738398e-09	8.095558e-09	7.195774e-09	6.218091e-09	5.222848e-09	4.238712e-09	3.310506e-09	2.490406e-09	1.813580e-09	1.288930e-09	9.054210e-10	6.397301e-10	4.713520e-10	4.448283e-10	
R460	9.752767e-15	1.835510e-14	5.725552e-14	2.598679e-11	8.263499e-10	2.124430e-09	3.952636e-09	6.539819e-09	1.175966e-08	2.990798e-08	1.174421e-07	3.768955e-07	6.455823e-07	7.422537e-07	7.002456e-07	5.636219e-07	3.777723e-07	2.210995e-07	1.191577e-07	6.151658e-08	3.448698e-08	2.587165e-08	2.420324e-08	2.158196e-08	1.753049e-08	1.342087e-08	9.754634e-09	6.720798e-09	4.485433e-09	3.140388e-09	2.896111e-09	4.084926e-09	6.706126e-09	9.935941e-09	1.254446e-08	1.379460e-08	1.368324e-08	1.267663e-08	1.126768e-08	9.736752e-09	8.178326e-09	6.637292e-09	5.183837e-09	3.899665e-09	2.839839e-09	2.018303e-09	1.417776e-09	1.001737e-09	7.380783e-10	6.965454e-10	
R461	1.179813e-27	1.068392e-26	6.990325e-26	3.582769e-23	9.242390e-22	1.929842e-21	2.786475e-21	3.228075e-21	3.396192e-21	3.871618e-21	5.602830e-21	6.164532e-21	3.423126e-21	1.228896e-21	3.577097e-22	9.459861e-23	2.678309e-23	1.047865e-23	5.417607e-24	3.197795e-24	2.182274e-24	1.757012e-24	1.416674e-24	9.620687e-25	5.578438e-25	2.868273e-25	1.322808e-25	5.541897e-26	2.170481e-26	8.601203e-27	4.319250e-27	3.173111e-27	2.545063e-27	1.778606e-27	1.052224e-27	5.338901e-28	2.397934e-28	9.868358e-29	3.828748e-29	1.423269e-29	5.087629e-30	1.745615e-30	5.748242e-31	1.823898e-31	5.614789e-32	1.691224e-32	5.039700e-33	1.506346e-33	4.674686e-34	1.994755e-34	
R462	5.239582e-21	1.089834e-20	3.416719e-20	1.341639e-17	3.399189e-16	9.522485e-16	2.461888e-15	6.059307e-15	1.754055e-14	7.115123e-14	3.893358e-13	1.544751e-12	3.181096e-12	4.353993e-12	4.835450e-12	4.518164e-12	3.470768e-12	2.308673e-12	1.411699e-12	8.324938e-13	5.405738e-13	4.781718e-13	5.357687e-13	5.776155e-13	5.693211e-13	5.285376e-13	4.646123e-13	3.865782e-13	3.123561e-13	2.672673e-13	3.070569e-13	5.552334e-13	1.205429e-12	2.413337e-12	4.161569e-12	6.217001e-12	8.252185e-12	1.004229e-11	1.150945e-11	1.259340e-11	1.314316e-11	1.298421e-11	1.207476e-11	1.057194e-11	8.759989e-12	6.932902e-12	5.318787e-12	4.039979e-12	3.169065e-12	3.171548e-12	
R463	3.857030e-25	5.780509e-25	7.427722e-24	2.451151e-19	1.919675e-16	1.037266e-15	3.189354e-15	7.448124e-15	1.593365e-14	3.120035e-14	5.013761e-14	9.427935e-14	1.438549e-13	1.462238e-13	1.177551e-13	7.814248e-14	4.164691e-14	1.893943e-14	7.862558e-15	3.154261e-15	1.383262e-15	7.735371e-16	5.463225e-16	3.873716e-16	2.565039e-16	1.620959e-16	9.753111e-17	5.553653e-17	3.071495e-17	1.802235e-17	1.423448e-17	1.775258e-17	2.678722e-17	3.711403e-17	4.382753e-17	4.481244e-17	4.069834e-17	3.387676e-17	2.654956e-17	1.985839e-17	1.416261e-17	9.556796e-18	6.067194e-18	3.623770e-18	2.046364e-18	1.102273e-18	5.744804e-19	2.956520e-19	1.565208e-19	1.050756e-19	
R464	3.934270e-17	3.721951e-15	9.025281e-13	3.442926e-08	1.937111e-05	1.426189e-04	5.361405e-04	1.523816e-03	4.252859e-03	1.558051e-02	8.326622e-02	3.497383e-01	7.763920e-01	1.166570e+00	1.458402e+00	1.574798e+00	1.430870e+00	1.145373e+00	8.496649e-01	6.075152e-01	4.738689e-01	4.943207e-01	6.387983e-01	7.793594e-01	8.566671e-01	8.752684e-01	8.343609e-01	7.393810e-01	6.219543e-01	5.375507e-01	5.991224e-01	9.994769e-01	1.899410e+00	3.173792e+00	4.402594e+00	5.198767e+00	5.423296e+00	5.185544e+00	4.677402e+00	4.040173e+00	3.346864e+00	2.647474e+00	1.994715e+00	1.434379e+00	9.899811e-01	6.612477e-01	4.329895e-01	2.834107e-01	1.936707e-01	1.729836e-01	
R465	1.147649e-24	2.090615e-21	2.354844e-18	8.268534e-13	9.118215e-10	6.596500e-09	2.510194e-08	7.580772e-08	2.704094e-07	1.928222e-06	3.302650e-05	3.898201e-04	1.374709e-03	2.299870e-03	2.730580e-03	2.487453e-03	1.650433e-03	8.657305e-04	3.942987e-04	1.670189e-04	8.385181e-05	7.569175e-05	1.067708e-04	1.369454e-04	1.451190e-04	1.358479e-04	1.141718e-04	8.575027e-05	5.912625e-05	4.077407e-05	3.539103e-05	4.500786e-05	6.479253e-05	7.848991e-05	7.434590e-05	5.808902e-05	3.891810e-05	2.324951e-05	1.278109e-05	6.578612e-06	3.180222e-06	1.439032e-06	6.083939e-07	2.409949e-07	9.002343e-08	3.200123e-08	1.097058e-08	3.696437e-09	1.275554e-09	5.615386e-10	
R466	1.147649e-24	2.090615e-21	2.354844e-18	8.268534e-13	9.118215e-10	6.596500e-09	2.510194e-08	7.580772e-08	2.704094e-07	1.928222e-06	3.302650e-05	3.898201e-04	1.374709e-03	2.299870e-03	2.730580e-03	2.487453e-03	1.650433e-03	8.657305e-04	3.942987e-04	1.670189e-04	8.385181e-05	7.569175e-05	1.067708e-04	1.369454e-04	1.451190e-04	1.358479e-04	1.141718e-04	8.575027e-05	5.912625e-05	4.077407e-05	3.539103e-05	4.500786e-05	6.479253e-05	7.848991e-05	7.434590e-05	5.808902e-05	3.891810e-05	2.324951e-05	1.278109e-05	6.578612e-06	3.180222e-06	1.439032e-06	6.083939e-07	2.409949e-07	9.002343e-08	3.200123e-08	1.097058e-08	3.696437e-09	1.275554e-09	5.615386e-10	
R467	2.102873e-56	5.189147e-56	2.731893e-55	2.444734e-52	1.641941e-50	1.352430e-49	6.935456e-49	3.082232e-48	1.340216e-47	8.004395e-47	6.046418e-46	1.612730e-45	1.352102e-45	6.167532e-46	2.243209e-46	1.019568e-46	2.186357e-47	1.013372e-47	3.328205e-48	1.440808e-48	7.598327e-49	3.116419e-49	1.310997e-49	5.231544e-50	2.133681e-50	4.936885e-51	0.000000e+00	0.000000e+00	0.000000e+00	0.000000e+00	6.264404e-50	2.392384e-49	0.000000e+00	0.000000e+00	0.000000e+00	0.000000e+00	0.000000e+00	0.000000e+00	0.000000e+00	0.000000e+00	0.000000e+00	0.000000e+00	0.000000e+00	0.000000e+00	0.000000e+00	0.000000e+00	2.241741e-50	7.474262e-50	2.150223e-49	7.810421e-49	
R468	2.555851e-22	1.402128e-19	6.624470e-17	6.875874e-13	5.027453e-11	5.149292e-11	2.993594e-11	1.309201e-11	4.663135e-12	1.483506e-12	3.952116e-13	7.849016e-14	1.696054e-14	4.475948e-15	1.225458e-15	3.362757e-16	1.059949e-16	3.749789e-17	1.417938e-17	5.623450e-18	2.089879e-18	6.247233e-19	1.616613e-19	5.784920e-20	3.152878e-20	1.846435e-20	1.020289e-20	5.635519e-21	3.243486e-21	2.322375e-21	2.546727e-21	2.995129e-21	2.723725e-21	1.901617e-21	1.075879e-21	4.944383e-22	1.919600e-22	6.517353e-23	1.991556e-23	5.603878e-24	1.477008e-24	3.691999e-25	8.833751e-26	2.038268e-26	4.564657e-27	9.984668e-28	2.151185e-28	4.638443e-29	1.037920e-29	2.606016e-30	
R469	1.486998e-18	9.043343e-16	3.994495e-13	4.041904e-09	3.181599e-07	3.730513e-07	2.608027e-07	1.418004e-07	6.269086e-08	2.568985e-08	1.105368e-08	4.243307e-09	1.470775e-09	5.322074e-10	1.940495e-10	7.023578e-11	2.689333e-11	1.054750e-11	4.063336e-12	1.553907e-12	5.604197e-13	1.566709e-13	3.484752e-14	1.033042e-14	4.821182e-15	2.587775e-15	1.360153e-15	6.912740e-16	3.356716e-16	1.526633e-16	6.420066e-17	2.461588e-17	8.147328e-18	2.541983e-18	8.014266e-19	2.377225e-19	6.661141e-20	1.782323e-20	4.620435e-21	1.175605e-21	2.951157e-22	7.284913e-23	1.756527e-23	4.118627e-24	9.390830e-25	2.092460e-25	4.615927e-26	1.034841e-26	2.514136e-27	8.702594e-28	
R470	3.832719e-12	1.957557e-09	6.715614e-07	5.246111e-03	1.378020e-01	6.706318e-02	3.014825e-02	1.301076e-02	5.575740e-03	3.213055e-03	2.961019e-03	2.154914e-03	9.663955e-04	3.756385e-04	1.378402e-04	4.911707e-05	1.854597e-05	7.213567e-06	2.800551e-06	1.095389e-06	4.095920e-07	1.268899e-07	3.469577e-08	1.134917e-08	4.576391e-09	2.003282e-09	8.793927e-10	4.350355e-10	3.515765e-10	6.264277e-10	1.468167e-09	2.573138e-09	3.159090e-09	2.725801e-09	1.710031e-09	8.493987e-10	3.508612e-10	1.254542e-10	4.010206e-11	1.175076e-11	3.216523e-12	8.341886e-13	2.072015e-13	4.971660e-14	1.160681e-14	2.654537e-15	5.996239e-16	1.353472e-16	3.106774e-17	7.484343e-18	
R471	5.127524e-15	2.516760e-12	5.483248e-10	2.687310e-06	9.047532e-05	4.284116e-05	1.950840e-05	8.880688e-06	4.390682e-06	3.213056e-06	3.815672e-06	3.883944e-06	2.573826e-06	1.467163e-06	7.909594e-07	4.027217e-07	1.893584e-07	8.116338e-08	3.199363e-08	1.193651e-08	4.633514e-09	2.126205e-09	1.099424e-09	5.559421e-10	2.663545e-10	1.192128e-10	4.930994e-11	1.893891e-11	6.795460e-12	2.292028e-12	7.491599e-13	2.629399e-13	1.162789e-13	6.297770e-14	3.309104e-14	1.546766e-14	6.356221e-15	2.342539e-15	7.942969e-16	2.525544e-16	7.597167e-17	2.167046e-17	5.870385e-18	1.516242e-18	3.759088e-19	9.031293e-20	2.135193e-20	5.096247e-21	1.299196e-21	4.499657e-22	
R472	6.601270e-23	3.492817e-19	1.129154e-15	5.904609e-10	1.332114e-06	2.343656e-06	1.974143e-06	1.168873e-06	5.293032e-07	1.889348e-07	4.570494e-08	7.475678e-09	1.204793e-09	2.312932e-10	4.782628e-11	1.043569e-11	2.671470e-12	7.573169e-13	2.216038e-13	6.544691e-14	1.634762e-14	2.417144e-15	2.408866e-16	2.919023e-17	4.847192e-18	9.553034e-19	2.009304e-19	4.905675e-20	1.916546e-20	1.635588e-20	1.910371e-20	1.705456e-20	1.075601e-20	4.777948e-21	1.540711e-21	3.951772e-22	8.505717e-23	1.609098e-23	2.795262e-24	4.669454e-25	7.883734e-26	1.405772e-26	2.701008e-27	5.535383e-28	1.180033e-28	2.563487e-29	5.648072e-30	1.282222e-30	3.179128e-31	1.126591e-31	
R473	6.552080e-44	3.278577e-44	7.817680e-44	4.961612e-43	3.876345e-43	5.060408e-43	6.231615e-43	7.253089e-43	6.743422e-43	6.021542e-43	5.085399e-43	1.968554e-43	4.692301e-44	9.914441e-45	2.072135e-45	6.394235e-46	1.236639e-46	6.306566e-47	2.511531e-47	1.398272e-47	8.272512e-48	2.214775e-48	3.571166e-49	5.249213e-50	8.776114e-51	8.874059e-52	0.000000e+00	0.000000e+00	0.000000e+00	0.000000e+00	1.861604e-52	1.546876e-52	0.000000e+00	0.000000e+00	0.000000e+00	0.000000e+00	0.000000e+00	0.000000e+00	0.000000e+00	0.000000e+00	0.000000e+00	0.000000e+00	0.000000e+00	0.000000e+00	0.000000e+00	0.000000e+00	1.108409e-59	2.481737e-59	4.936340e-59	1.142672e-58	
R474	1.334084e-59	2.461089e-59	1.485488e-58	5.521842e-57	8.037134e-58	2.374328e-58	1.335098e-58	9.918909e-59	7.824195e-59	1.424288e-58	2.721601e-57	3.104130e-56	2.603941e-56	7.724811e-57	2.126812e-57	1.126932e-57	4.118833e-58	4.110399e-58	3.418157e-58	4.077502e-58	5.286391e-58	2.909639e-58	7.531000e-59	1.712818e-59	6.756215e-60	6.716011e-59	0.000000e+00	0.000000e+00	0.000000e+00	0.000000e+00	7.449902e-53	3.994808e-52	0.000000e+00	0.000000e+00	0.000000e+00	0.000000e+00	0.000000e+00	0.000000e+00	0.000000e+00	0.000000e+00	0.000000e+00	0.000000e+00	0.000000e+00	0.000000e+00	0.000000e+00	0.000000e+00	3.746213e-56	8.406862e-56	1.645279e-55	3.525558e-55	
R475	2.562793e-45	3.154305e-44	1.858395e-43	8.440423e-43	7.432846e-43	1.628969e-42	3.432032e-42	7.043318e-42	1.355800e-41	3.077870e-41	7.815948e-41	8.933029e-41	4.670997e-41	1.508693e-41	3.964573e-42	1.340929e-42	2.458273e-43	1.121473e-43	4.111937e-44	2.171077e-44	1.404224e-44	7.467831e-45	4.678175e-45	2.962241e-45	1.782895e-45	5.402763e-46	0.000000e+00	0.000000e+00	0.000000e+00	0.000000e+00	1.050230e-44	1.946063e-44	0.000000e+00	0.000000e+00	0.000000e+00	0.000000e+00	0.000000e+00	0.000000e+00	0.000000e+00	0.000000e+00	0.000000e+00	0.000000e+00	0.000000e+00	0.000000e+00	0.000000e+00	0.000000e+00	9.819048e-49	2.275788e-48	4.313628e-48	7.969000e-48	
R477	1.505476e-22	1.711896e-20	2.309478e-18	7.227711e-16	4.758166e-15	6.589350e-15	9.019297e-15	1.316647e-14	2.398337e-14	7.354238e-14	2.862875e-13	2.696359e-13	7.912812e-14	1.732007e-14	3.519660e-15	7.881516e-16	2.594321e-16	1.496858e-16	1.259207e-16	1.114812e-16	6.988548e-17	1.590977e-17	1.159137e-18	6.667426e-20	7.973209e-21	2.225187e-21	3.958601e-21	1.682487e-20	3.293221e-20	6.115762e-20	1.085707e-19	1.501957e-19	1.666329e-19	1.495486e-19	1.093304e-19	7.087480e-20	4.202017e-20	2.348558e-20	1.272959e-20	6.839486e-21	3.694789e-21	2.023105e-21	1.128106e-21	6.428690e-22	3.758421e-22	2.267071e-22	1.426404e-22	9.586441e-23	7.243344e-23	6.893267e-23	
R478	1.505476e-22	1.711896e-20	2.309478e-18	7.227711e-16	4.758166e-15	6.589350e-15	9.019297e-15	1.316647e-14	2.398337e-14	7.354238e-14	2.862875e-13	2.696359e-13	7.912812e-14	1.732007e-14	3.519660e-15	7.881516e-16	2.594321e-16	1.496858e-16	1.259207e-16	1.114812e-16	6.988548e-17	1.590977e-17	1.159137e-18	6.667426e-20	7.973209e-21	2.225187e-21	3.958601e-21	1.682487e-20	3.293221e-20	6.115762e-20	1.085707e-19	1.501957e-19	1.666329e-19	1.495486e-19	1.093304e-19	7.087480e-20	4.202017e-20	2.348558e-20	1.272959e-20	6.839486e-21	3.694789e-21	2.023105e-21	1.128106e-21	6.428690e-22	3.758421e-22	2.267071e-22	1.426404e-22	9.586441e-23	7.243344e-23	6.893267e-23	
R479	3.278974e-22	1.406115e-21	4.591613e-20	3.473975e-18	5.136193e-18	1.419943e-18	3.016210e-19	4.555109e-20	3.832400e-21	1.607086e-22	3.922034e-24	1.151912e-25	6.174242e-27	4.178087e-28	2.874370e-29	2.263314e-30	3.497352e-31	1.305572e-31	9.805061e-32	9.987485e-32	7.933923e-32	3.122052e-32	6.315899e-33	1.175459e-33	3.588756e-34	1.797405e-34	4.626662e-34	2.690596e-33	6.922137e-33	1.562832e-32	3.043451e-32	3.994829e-32	3.020730e-32	1.775986e-32	1.031385e-32	5.144638e-33	2.322958e-33	9.910869e-34	4.116142e-34	1.696294e-34	7.017811e-35	2.934749e-35	1.245731e-35	5.383447e-36	2.375591e-36	1.075210e-36	5.037925e-37	2.496399e-37	1.371432e-37	9.282794e-38	
R480	8.699788e-22	3.903338e-21	1.338926e-19	1.069113e-17	1.678277e-17	4.958974e-18	1.135200e-18	1.881557e-19	1.802843e-20	9.128770e-22	2.841048e-23	1.025911e-24	6.233175e-26	4.659385e-27	3.539653e-28	3.071319e-29	5.075847e-30	1.962898e-30	1.483493e-30	1.490873e-30	1.171524e-30	4.525618e-31	8.711198e-32	1.514344e-32	4.373958e-33	2.124554e-33	5.378821e-33	3.079042e-32	7.799724e-32	1.741344e-31	3.375353e-31	4.451927e-31	3.467223e-31	2.090364e-31	1.214589e-31	6.058477e-32	2.735584e-32	1.167133e-32	4.847289e-33	1.997605e-33	8.264381e-34	3.456047e-34	1.467009e-34	6.339705e-35	2.797566e-35	1.266199e-35	5.932808e-36	2.939832e-36	1.615038e-36	1.093169e-36	
R481	4.106441e-13	3.061948e-12	1.818240e-10	2.636064e-08	7.991157e-08	4.874830e-08	2.503850e-08	1.123355e-08	4.261020e-09	1.542146e-09	5.811374e-10	1.692324e-10	3.603890e-11	7.249684e-12	1.469520e-12	3.318002e-13	1.060564e-13	5.794630e-14	4.658086e-14	4.103083e-14	2.898654e-14	9.343273e-15	1.104135e-15	9.811563e-17	1.639732e-17	5.883097e-18	1.263994e-17	6.188815e-17	1.344566e-16	2.686059e-16	4.971804e-16	6.879380e-16	7.179281e-16	5.550894e-16	3.241959e-16	1.617117e-16	7.301768e-17	3.115289e-17	1.293829e-17	5.331970e-18	2.205913e-18	9.224815e-19	3.915712e-19	1.692182e-19	7.467210e-20	3.379713e-20	1.583574e-20	7.846945e-21	4.310830e-21	2.917866e-21	
R482	4.162418e-16	3.053529e-15	1.785568e-13	2.552203e-11	7.638917e-11	4.610532e-11	2.349441e-11	1.049560e-11	3.994308e-12	1.477417e-12	5.871967e-13	1.823102e-13	4.065862e-14	8.514696e-15	1.801761e-15	4.254308e-16	1.404665e-16	7.810096e-17	6.298094e-17	5.510462e-17	3.871943e-17	1.236728e-17	1.426710e-18	1.227877e-19	2.001209e-20	7.083763e-21	1.511051e-20	7.348551e-20	1.586063e-19	3.153601e-19	5.825869e-19	8.077428e-19	8.535554e-19	6.671446e-19	3.897291e-19	1.944003e-19	8.777754e-20	3.745017e-20	1.555365e-20	6.409780e-21	2.651818e-21	1.108953e-21	4.707238e-22	2.034241e-22	8.976639e-23	4.062891e-23	1.903679e-23	9.433133e-24	5.182225e-24	3.507686e-24	
R483	3.380585e-03	2.184475e-03	7.810029e-03	8.666957e-02	5.765681e-03	8.736863e-04	2.555190e-04	9.110948e-05	3.547022e-05	2.071968e-05	2.042588e-05	1.965942e-05	1.408471e-05	9.205361e-06	5.718843e-06	3.477580e-06	2.227893e-06	1.476441e-06	9.883796e-07	6.916227e-07	5.052136e-07	3.258070e-07	1.639901e-07	7.574455e-08	3.559895e-08	1.687582e-08	7.809364e-09	3.465208e-09	1.478235e-09	6.104082e-10	2.454273e-10	9.686748e-11	3.817961e-11	1.470855e-11	5.537501e-12	2.103266e-12	8.122595e-13	3.206492e-13	1.296949e-13	5.374021e-14	2.278056e-14	9.864832e-15	4.359471e-15	1.965183e-15	9.038989e-16	4.248671e-16	2.049707e-16	1.025550e-16	5.455630e-17	3.370859e-17	
R485	1.729683e-12	2.880590e-12	9.473668e-11	2.318145e-08	5.253847e-08	1.460971e-08	3.983852e-09	9.996851e-10	2.027107e-10	3.173168e-11	2.914013e-12	1.945144e-13	2.249017e-14	4.899439e-15	1.386398e-15	4.714057e-16	2.366937e-16	1.571178e-16	1.187287e-16	9.719125e-17	6.451994e-17	1.780358e-17	2.154766e-18	3.436655e-19	9.908713e-20	3.497557e-20	1.266072e-20	4.904363e-21	2.098886e-21	1.177688e-21	1.021540e-21	9.598331e-22	7.383917e-22	4.719700e-22	2.645731e-22	1.327869e-22	6.248980e-23	2.857722e-23	1.302376e-23	6.015239e-24	2.846108e-24	1.388957e-24	7.022527e-25	3.690632e-25	2.022714e-25	1.161691e-25	7.060934e-26	4.646360e-26	3.494731e-26	3.510711e-26	
R486	1.729683e-12	2.880590e-12	9.473668e-11	2.318145e-08	5.253847e-08	1.460971e-08	3.983852e-09	9.996851e-10	2.027107e-10	3.173168e-11	2.914013e-12	1.945144e-13	2.249017e-14	4.899439e-15	1.386398e-15	4.714057e-16	2.366937e-16	1.571178e-16	1.187287e-16	9.719125e-17	6.451994e-17	1.780358e-17	2.154766e-18	3.436655e-19	9.908713e-20	3.497557e-20	1.266072e-20	4.904363e-21	2.098886e-21	1.177688e-21	1.021540e-21	9.598331e-22	7.383917e-22	4.719700e-22	2.645731e-22	1.327869e-22	6.248980e-23	2.857722e-23	1.302376e-23	6.015239e-24	2.846108e-24	1.388957e-24	7.022527e-25	3.690632e-25	2.022714e-25	1.161691e-25	7.060934e-26	4.646360e-26	3.494731e-26	3.510711e-26	
R487	6.287007e-05	3.016394e-05	1.242904e-04	1.542868e-02	1.955911e-03	3.896741e-04	1.325119e-04	4.715248e-05	1.608022e-05	8.463990e-06	1.065885e-05	1.187871e-05	6.904168e-06	3.102234e-06	1.247377e-06	4.785166e-07	1.950621e-07	8.431389e-08	3.708989e-08	1.648762e-08	6.699680e-09	1.936268e-09	4.186920e-10	1.101541e-10	4.102009e-11	1.759836e-11	7.792762e-12	3.517437e-12	1.590741e-12	7.052802e-13	3.056879e-13	1.317573e-13	5.703076e-14	2.756754e-14	1.439465e-14	7.423038e-15	3.735374e-15	1.847023e-15	9.074338e-16	4.467556e-16	2.213778e-16	1.105493e-16	5.564217e-17	2.825114e-17	1.450938e-17	7.581919e-18	4.072733e-18	2.283459e-18	1.365440e-18	9.281997e-19	
R488	1.546127e-09	5.334836e-10	1.597912e-09	1.132483e-07	1.467711e-07	3.664799e-08	7.946157e-09	1.439872e-09	1.812516e-10	1.545090e-11	9.077463e-13	5.080188e-14	5.519019e-15	1.158180e-15	3.143663e-16	1.014847e-16	4.815451e-17	2.993499e-17	2.100305e-17	1.588482e-17	9.833856e-18	2.811709e-18	3.887823e-19	6.911319e-20	2.108406e-20	7.604759e-21	2.758247e-21	1.051002e-21	4.344793e-22	2.312189e-22	1.945967e-22	1.813556e-22	1.340459e-22	8.092028e-23	4.319106e-23	2.028770e-23	8.795153e-24	3.652133e-24	1.490329e-24	6.075136e-25	2.498142e-25	1.042134e-25	4.425709e-26	1.918492e-26	8.514581e-27	3.887453e-27	1.843707e-27	9.284329e-28	5.226992e-28	3.804721e-28	
R489	5.546426e-02	3.102763e-02	6.203305e-02	1.153524e+00	1.188623e-01	2.574141e-02	9.956543e-03	4.007477e-03	1.410103e-03	4.839880e-04	1.891554e-04	6.659640e-05	2.167433e-05	8.677381e-06	4.078790e-06	2.166680e-06	1.389164e-06	9.794069e-07	6.829018e-07	4.682553e-07	2.803235e-07	9.171292e-08	1.298828e-08	1.741248e-09	4.000016e-10	1.241529e-10	4.149469e-11	1.408175e-11	4.749350e-12	1.566569e-12	5.006515e-13	1.538843e-13	4.440001e-14	1.270420e-14	3.777549e-15	1.144392e-15	3.576906e-16	1.168866e-16	4.038411e-17	1.484228e-17	5.788016e-18	2.370025e-18	1.006118e-18	4.386819e-19	1.957738e-19	8.976084e-20	4.285165e-20	2.183908e-20	1.248357e-20	9.391081e-21	
R490	1.266404e-04	4.958453e-05	1.421823e-04	1.006307e-02	1.439027e-02	4.216882e-03	1.127368e-03	2.609690e-04	4.207434e-05	4.776775e-06	4.647888e-07	5.067923e-08	8.827968e-09	2.532970e-09	9.111220e-10	3.853747e-10	2.208789e-10	1.517206e-10	1.083838e-10	7.914551e-11	4.759749e-11	1.274902e-11	1.521701e-12	2.252448e-13	5.904585e-14	1.955199e-14	6.751002e-15	2.368685e-15	8.267014e-16	2.795753e-16	9.024927e-17	2.741581e-17	7.366041e-18	1.984785e-18	5.903221e-19	1.789724e-19	5.599849e-20	1.832553e-20	6.344067e-21	2.338427e-21	9.158440e-22	3.772954e-22	1.614684e-22	7.112895e-23	3.214062e-23	1.494802e-23	7.258854e-24	3.800556e-24	2.323121e-24	2.331254e-24	
R491	9.946431e-02	4.179491e-02	6.839053e-02	2.754409e-01	1.146312e-01	4.023051e-02	1.614049e-02	6.536808e-03	2.410824e-03	8.917639e-04	3.826505e-04	1.722152e-04	8.016933e-05	4.119743e-05	2.193761e-05	1.198848e-05	7.327040e-06	4.801094e-06	3.201860e-06	2.173145e-06	1.402063e-06	7.047771e-07	2.584520e-07	8.666103e-08	2.954567e-08	1.016408e-08	3.475725e-09	1.176232e-09	3.922136e-10	1.280336e-10	4.069062e-11	1.252301e-11	3.673438e-12	1.047751e-12	2.988373e-13	8.498401e-14	2.437766e-14	7.115445e-15	2.122333e-15	6.472424e-16	2.015637e-16	6.400276e-17	2.070186e-17	6.819864e-18	2.290379e-18	7.865111e-19	2.783411e-19	1.034955e-19	4.239522e-20	2.199596e-20	
R492	7.551194e-10	1.421501e-10	6.778910e-10	1.819663e-07	4.931235e-08	3.779671e-09	4.528751e-10	5.669519e-11	5.493865e-12	6.014883e-13	1.313390e-13	3.999420e-14	1.543942e-14	8.638382e-15	5.607518e-15	3.970032e-15	3.500035e-15	3.500666e-15	3.568510e-15	3.698893e-15	3.457087e-15	1.988746e-15	6.570380e-16	2.492906e-16	1.416124e-16	2.072384e-16	8.470539e-15	1.099795e-13	3.233027e-13	8.142224e-13	1.780577e-12	2.691381e-12	2.842376e-12	2.202168e-12	1.330523e-12	6.848814e-13	3.188851e-13	1.403587e-13	6.018381e-14	2.562613e-14	1.096577e-14	4.751873e-15	2.096129e-15	9.449858e-16	4.371007e-16	2.085711e-16	1.036261e-16	5.437648e-17	3.069302e-17	1.965006e-17	
R493	3.286274e+04	1.429872e+04	1.914192e+04	8.971999e+03	1.822523e+03	6.695619e+02	2.472181e+02	8.297196e+01	2.341240e+01	6.593206e+00	2.225009e+00	7.554168e-01	2.615503e-01	1.133834e-01	5.722412e-02	3.210584e-02	2.082539e-02	1.432486e-02	9.640114e-03	6.394167e-03	3.961132e-03	1.728843e-03	4.538981e-04	9.655652e-05	2.160017e-05	5.348062e-06	1.397086e-06	3.900395e-07	1.499536e-07	1.359528e-07	2.130947e-07	2.883719e-07	3.032048e-07	2.366461e-07	1.387718e-07	6.960034e-08	3.160946e-08	1.354632e-08	5.632825e-09	2.312134e-09	9.461837e-10	3.880687e-10	1.599238e-10	6.629154e-11	2.766467e-11	1.165078e-11	4.984560e-12	2.198016e-12	1.029460e-12	5.673979e-13	
R494	2.477803e-13	4.436399e-13	1.838347e-12	1.675280e-11	2.345977e-11	1.648743e-11	8.573810e-12	3.537509e-12	1.186173e-12	3.919666e-13	1.522072e-13	5.605155e-14	1.826861e-14	6.212446e-15	2.164848e-15	7.685591e-16	2.904660e-16	1.116649e-16	4.169940e-17	1.532396e-17	5.369550e-18	1.452602e-18	2.735209e-19	4.569067e-20	7.911532e-21	1.440390e-21	2.679365e-22	4.980396e-23	9.273263e-24	1.771933e-24	3.688589e-25	9.000708e-26	2.536564e-26	7.257834e-27	1.948083e-27	4.911458e-28	1.177018e-28	2.736773e-29	6.286590e-30	1.444843e-30	3.349607e-31	7.873682e-32	1.882845e-32	4.590504e-33	1.143111e-33	2.914502e-34	7.652153e-35	2.102474e-35	6.363962e-36	2.585790e-36	
R495	2.796035e-10	5.862091e-11	8.022166e-11	2.579573e-09	6.850831e-10	4.364392e-11	3.643617e-12	2.743842e-13	1.246231e-14	3.381144e-16	7.379752e-18	2.292000e-19	1.649549e-20	2.062185e-21	3.048331e-22	5.297802e-23	1.637989e-23	8.133043e-24	5.533640e-24	4.662853e-24	3.204813e-24	1.122615e-24	2.573532e-25	7.761795e-26	2.897659e-26	1.031800e-26	3.456250e-27	1.361285e-27	9.096216e-28	1.333744e-27	2.502599e-27	3.326469e-27	2.538468e-27	1.507414e-27	8.879433e-28	4.507994e-28	2.079309e-28	9.093089e-29	3.881571e-29	1.647724e-29	7.036745e-30	3.045631e-30	1.342708e-30	6.052730e-31	2.800393e-31	1.336815e-31	6.647280e-32	3.504116e-32	2.023712e-32	1.413352e-32	
R496	1.358398e-01	4.094294e-02	8.297635e-02	4.090886e+00	1.742213e+00	1.868652e-01	2.791032e-02	4.309553e-03	5.290502e-04	5.969658e-05	7.987674e-06	1.136908e-06	2.045872e-07	5.276812e-08	1.600455e-08	5.606998e-09	2.812550e-09	1.799714e-09	1.281237e-09	9.800431e-10	6.229737e-10	1.910729e-10	3.062371e-11	5.646800e-12	1.411758e-12	4.026612e-13	1.196048e-13	4.201453e-14	2.508928e-14	3.391288e-14	6.152024e-14	8.469144e-14	8.007049e-14	5.704920e-14	3.373188e-14	1.712532e-14	7.899041e-15	3.454354e-15	1.474561e-15	6.259502e-16	2.673174e-16	1.156998e-16	5.100783e-17	2.299358e-17	1.063835e-17	5.078396e-18	2.525221e-18	1.331171e-18	7.687835e-19	5.369153e-19	
R498	1.169792e-12	8.906644e-13	3.719645e-12	4.195981e-11	5.512713e-11	1.498593e-11	3.446293e-12	6.703757e-13	1.005245e-13	1.206132e-14	1.288953e-15	1.356014e-16	1.620989e-17	2.660688e-18	5.659950e-19	1.413205e-19	4.150368e-20	1.286952e-20	3.869562e-21	1.134465e-21	3.018195e-22	5.447042e-23	6.306439e-24	6.463936e-25	6.833005e-26	7.380213e-27	7.869056e-28	8.148775e-29	8.167913e-30	7.969685e-31	7.784108e-32	8.289177e-33	1.117943e-33	2.027072e-34	4.138333e-35	8.349889e-36	1.612341e-36	3.005210e-37	5.500654e-38	1.000451e-38	1.812499e-39	3.257895e-40	5.781538e-41	1.010951e-41	1.745787e-42	2.999821e-43	5.213940e-44	9.467724e-45	1.937918e-45	6.012680e-46	
R499	4.297822e-01	1.358119e-01	1.920881e-01	6.584776e+00	4.027470e+00	4.766096e-01	8.299545e-02	1.608559e-02	2.900173e-03	5.879905e-04	1.579060e-04	4.565384e-05	1.520452e-05	6.872366e-06	3.655081e-06	2.174747e-06	1.530640e-06	1.149037e-06	8.398932e-07	5.983532e-07	3.873112e-07	1.702833e-07	4.724997e-08	1.193013e-08	3.210516e-09	8.864746e-10	2.408760e-10	6.386911e-11	1.647145e-11	4.131073e-12	1.036472e-12	2.882179e-13	1.034662e-13	4.839566e-14	2.398913e-14	1.146091e-14	5.259028e-15	2.370479e-15	1.073363e-15	4.944202e-16	2.320384e-16	1.104598e-16	5.311023e-17	2.577160e-17	1.266227e-17	6.349730e-18	3.304647e-18	1.842055e-18	1.181508e-18	1.186312e-18	
R500	3.999443e-05	1.466716e-04	3.334294e-03	1.330580e+01	6.005455e+02	2.937445e+02	1.065962e+02	3.113852e+01	6.309299e+00	8.372982e-01	6.667776e-02	4.249959e-03	4.165662e-04	7.374374e-05	1.747711e-05	5.159059e-06	2.187308e-06	1.145141e-06	6.272762e-07	3.466577e-07	1.420499e-07	1.957230e-08	9.712470e-10	5.302632e-11	4.548706e-12	5.280264e-13	7.115154e-14	1.170975e-14	3.211899e-15	2.003907e-15	1.784034e-15	1.271110e-15	6.805081e-16	2.711760e-16	8.255768e-17	2.164305e-17	5.201750e-18	1.203549e-18	2.792018e-19	6.756773e-20	1.779804e-20	5.296427e-21	1.806215e-21	6.954285e-22	2.938022e-22	1.332197e-22	6.461305e-23	3.425686e-23	2.136987e-23	2.195423e-23	
R501	6.162672e+03	2.240618e+03	2.997013e+03	9.060648e+03	3.115886e+03	1.172290e+03	4.783118e+02	1.850105e+02	6.086918e+01	1.859004e+01	6.177812e+00	2.237481e+00	9.141803e-01	4.236660e-01	2.034838e-01	1.005141e-01	5.732008e-02	3.625204e-02	2.406180e-02	1.659665e-02	1.085077e-02	5.571083e-03	2.157063e-03	7.791077e-04	2.824484e-04	1.006925e-04	3.517519e-05	1.215828e-05	4.142588e-06	1.376529e-06	4.425942e-07	1.365775e-07	3.919172e-08	1.101383e-08	3.187995e-09	9.239679e-10	2.711130e-10	8.123295e-11	2.495587e-11	7.864415e-12	2.538853e-12	8.382908e-13	2.827768e-13	9.741154e-14	3.429281e-14	1.237256e-14	4.610518e-15	1.808061e-15	7.797965e-16	4.202939e-16	
R502	6.267988e+02	2.299733e+02	2.833851e+02	7.999319e+02	5.090225e+02	2.392296e+02	1.039188e+02	4.189512e+01	1.555435e+01	6.229913e+00	3.121541e+00	1.597739e+00	7.792731e-01	4.089096e-01	2.221986e-01	1.233727e-01	7.381803e-02	4.547001e-02	2.746119e-02	1.642145e-02	9.313864e-03	4.062855e-03	1.236871e-03	3.307196e-04	8.881568e-05	2.407580e-05	6.427069e-06	1.660646e-06	4.145367e-07	1.004070e-07	2.375423e-08	5.547514e-09	1.298871e-09	3.029158e-10	7.047019e-11	1.678611e-11	4.145849e-12	1.069608e-12	2.888381e-13	8.147614e-14	2.391503e-14	7.274516e-15	2.285177e-15	7.394638e-16	2.461964e-16	8.444000e-17	3.002986e-17	1.127937e-17	4.685858e-18	2.465448e-18	
R503	1.273589e-02	4.993552e-02	5.344376e-01	1.831563e+01	2.045307e+02	2.213813e+02	1.299838e+02	5.236020e+01	1.367766e+01	2.596147e+00	5.009322e-01	9.344662e-02	1.582654e-02	2.854365e-03	5.362095e-04	1.036872e-04	2.118161e-05	4.363882e-06	8.798063e-07	1.809981e-07	3.758872e-08	5.936613e-09	6.486220e-10	6.358646e-11	6.494080e-12	6.971428e-13	7.592800e-14	8.139035e-15	8.538983e-16	8.804440e-17	8.964419e-18	9.100687e-19	9.460817e-20	9.853479e-21	1.010025e-21	1.065325e-22	1.170229e-23	1.348238e-24	1.632376e-25	2.072877e-26	2.750009e-27	3.795462e-28	5.429006e-29	8.023673e-30	1.222717e-30	1.920319e-31	3.116977e-32	5.282717e-33	9.698663e-34	2.422699e-34	
R504	3.712594e+03	1.582244e+03	2.642279e+03	8.356474e+03	2.286570e+02	3.132691e+01	7.831592e+00	2.212699e+00	5.552534e-01	1.558762e-01	7.122735e-02	4.238392e-02	2.841536e-02	2.307446e-02	2.017120e-02	1.851620e-02	2.006682e-02	2.325320e-02	2.602725e-02	2.848411e-02	2.889874e-02	2.004841e-02	7.429024e-03	1.939937e-03	4.700998e-04	1.137538e-04	2.726525e-05	6.394222e-06	1.472150e-06	3.346702e-07	7.550466e-08	1.715532e-08	4.096574e-09	1.075718e-09	3.259468e-10	1.134689e-10	4.276967e-11	1.673605e-11	6.683137e-12	2.711611e-12	1.118013e-12	4.690547e-13	2.005739e-13	8.758875e-14	3.917358e-14	1.803622e-14	8.634217e-15	4.377148e-15	2.433267e-15	1.655818e-15	
R505	2.217986e+05	9.622309e+04	1.502991e+05	3.322205e+05	1.525303e+04	2.912394e+03	8.724565e+02	2.839536e+02	8.631988e+01	3.251507e+01	2.016946e+01	1.225654e+01	6.074093e+00	3.376378e+00	2.023038e+00	1.276364e+00	9.160752e-01	6.802711e-01	4.736014e-01	3.178933e-01	1.922012e-01	6.577160e-02	9.815960e-03	1.052581e-03	1.173991e-04	1.452830e-05	1.894828e-06	2.479003e-07	3.234735e-08	4.237683e-09	5.590658e-10	7.481702e-11	1.049081e-11	1.459470e-12	1.997330e-13	2.918759e-14	4.656556e-15	8.198410e-16	1.593362e-16	3.394539e-17	7.849248e-18	1.951053e-18	5.171672e-19	1.453181e-19	4.312801e-20	1.351561e-20	4.500093e-21	1.622453e-21	6.649519e-22	3.694904e-22	
R506	8.739957e-20	1.362765e-19	5.710707e-19	1.319008e-17	4.274299e-18	1.783678e-18	1.025318e-18	6.103897e-19	2.681479e-19	5.726891e-20	6.343209e-21	4.677368e-22	5.452399e-23	1.115893e-23	2.918641e-24	9.612781e-25	5.352186e-25	4.569269e-25	5.143137e-25	7.026121e-25	8.806226e-25	4.976671e-25	9.582449e-26	1.593560e-26	4.749328e-27	6.341601e-26	1.935741e-24	1.349677e-23	2.466612e-23	4.398367e-23	7.555612e-23	9.705090e-23	9.271876e-23	6.727909e-23	3.862834e-23	1.925466e-23	9.168892e-24	5.192463e-24	4.307957e-24	4.355681e-24	4.581202e-24	1.469130e-23	1.178157e-22	5.705737e-22	1.681738e-21	3.490009e-21	5.783942e-21	8.450703e-21	1.169251e-20	1.678650e-20	
R507	5.023209e-22	7.275285e-22	2.814523e-21	5.958323e-20	1.753338e-20	6.577268e-21	3.356074e-21	1.724132e-21	6.172953e-22	9.824399e-23	7.475184e-24	4.017676e-25	3.870015e-26	6.810695e-27	1.533287e-27	4.362210e-28	2.195145e-28	1.777225e-28	1.981574e-28	2.762404e-28	3.519299e-28	2.044889e-28	4.243254e-29	7.820476e-30	2.534268e-30	3.544305e-29	1.109356e-27	7.921729e-27	1.482090e-26	2.688030e-26	4.650188e-26	5.929590e-26	5.417345e-26	3.784366e-26	2.171087e-26	1.082199e-26	5.153331e-27	2.918399e-27	2.421266e-27	2.448089e-27	2.574842e-27	8.257173e-27	6.621776e-26	3.206882e-25	9.452124e-25	1.961542e-24	3.250836e-24	4.749676e-24	6.571719e-24	9.434768e-24	
R509	3.167285e-23	8.745428e-22	8.119765e-21	3.109207e-19	2.435134e-19	1.955424e-19	1.887473e-19	1.531058e-19	5.554281e-20	7.092844e-21	5.978816e-22	6.461773e-23	1.311390e-23	4.028222e-24	1.438097e-24	5.927166e-25	3.575320e-25	2.872840e-25	2.639741e-25	2.616307e-25	2.162253e-25	9.415099e-26	3.127328e-26	1.682847e-26	1.080319e-26	6.398579e-27	3.521007e-27	1.925330e-27	1.044050e-27	5.490585e-28	2.806615e-28	1.384350e-28	6.069687e-29	2.701154e-29	1.253624e-29	5.459967e-30	2.269200e-30	9.195165e-31	3.697546e-31	1.492769e-31	6.090088e-32	2.519290e-32	1.058931e-32	4.531708e-33	1.980052e-33	8.877691e-34	4.128133e-34	2.037528e-34	1.124272e-34	8.017504e-35	
R512	6.401490e+05	2.319581e+05	3.081015e+05	9.210518e+05	3.165708e+05	1.190658e+05	4.852090e+04	1.871975e+04	6.131294e+03	1.859546e+03	6.123865e+02	2.201291e+02	8.955515e+01	4.137469e+01	1.981624e+01	9.765714e+00	5.565519e+00	3.524770e+00	2.347917e+00	1.628767e+00	1.072318e+00	5.548159e-01	2.165673e-01	7.884076e-02	2.878168e-02	1.032439e-02	3.630346e-03	1.265337e-03	4.360758e-04	1.472513e-04	4.845588e-05	1.546564e-05	4.656921e-06	1.400695e-06	4.449123e-07	1.451730e-07	4.916652e-08	1.739259e-08	6.432928e-09	2.480846e-09	9.931837e-10	4.109296e-10	1.750449e-10	7.653107e-11	3.426560e-11	1.569548e-11	7.366773e-12	3.568288e-12	1.820666e-12	1.062178e-12	
R513	1.416081e+02	9.932893e+01	9.989601e+02	2.990959e+04	7.122648e+04	7.720821e+04	5.553898e+04	2.802562e+04	8.998865e+03	1.925994e+03	3.538410e+02	5.840353e+01	8.804630e+00	1.502151e+00	3.263415e-01	1.131142e-01	7.302469e-02	6.572240e-02	6.146670e-02	5.552402e-02	4.050221e-02	1.403279e-02	2.063413e-03	2.151604e-04	2.114177e-05	2.080544e-06	2.028393e-07	1.922854e-08	1.766434e-09	1.577142e-10	1.372116e-11	1.169274e-12	9.894965e-14	8.240157e-15	6.716692e-16	5.546488e-17	4.706361e-18	4.139216e-19	3.784993e-20	3.595377e-21	3.538532e-22	3.598860e-23	3.776096e-24	4.087297e-25	4.576567e-26	5.344388e-27	6.637893e-28	9.169464e-29	1.568013e-29	4.569845e-30	
R515	8.437230e-18	2.279613e-18	2.213530e-18	4.727725e-18	1.108372e-18	2.721301e-19	6.877375e-20	1.468873e-20	2.113860e-21	1.959984e-22	1.420615e-23	1.440266e-24	2.785925e-25	7.293913e-26	2.021734e-26	5.977126e-27	2.525899e-27	1.491177e-27	1.146472e-27	1.075830e-27	9.765913e-28	7.530794e-28	5.464691e-28	4.251325e-28	3.121847e-28	1.951443e-28	1.100830e-28	6.139289e-29	3.382688e-29	1.775660e-29	8.665984e-30	3.799447e-30	1.302414e-30	4.351478e-31	1.692151e-31	6.436133e-32	2.431149e-32	9.266239e-33	3.598442e-33	1.429684e-33	5.815794e-34	2.420811e-34	1.030282e-34	4.481404e-35	1.992911e-35	9.077271e-36	4.255475e-36	2.076936e-36	1.083637e-36	6.618937e-37	
R516	9.306255e-15	2.816647e-15	3.095510e-15	7.574123e-15	2.066238e-15	6.005551e-16	1.835780e-16	4.971162e-17	9.979951e-18	1.502910e-18	2.042743e-19	3.542217e-20	9.498168e-21	3.224518e-21	1.158286e-21	4.415281e-22	2.225243e-22	1.441074e-22	1.126429e-22	1.020323e-22	9.001708e-23	6.613163e-23	4.212442e-23	2.740975e-23	1.740862e-23	1.004395e-23	5.425495e-24	2.903541e-24	1.536353e-24	7.832025e-25	3.776222e-25	1.676631e-25	6.208173e-26	2.215014e-26	8.625213e-27	3.280618e-27	1.239203e-27	4.723177e-28	1.834194e-28	7.287370e-29	2.964420e-29	1.233933e-29	5.251540e-30	2.284257e-30	1.015825e-30	4.626857e-31	2.169096e-31	1.058654e-31	5.523505e-32	3.373797e-32	
R517	3.526416e-16	8.433939e-16	5.342992e-15	7.252334e-14	6.085778e-14	4.040822e-14	2.557735e-14	1.435357e-14	6.588404e-15	2.749317e-15	1.241676e-15	6.100493e-16	3.390043e-16	2.160574e-16	1.447771e-16	1.006753e-16	8.064831e-17	7.101033e-17	6.467624e-17	6.032755e-17	5.271224e-17	3.561700e-17	1.781811e-17	8.213717e-18	3.781227e-18	1.705093e-18	7.483362e-19	3.222893e-19	1.359339e-19	5.569567e-20	2.204883e-20	8.387210e-21	2.984469e-21	1.040382e-21	3.737174e-22	1.352440e-22	4.987428e-23	1.889817e-23	7.383428e-24	2.973566e-24	1.231918e-24	5.237923e-25	2.281376e-25	1.016663e-25	4.634006e-26	2.162707e-26	1.037625e-26	5.170245e-27	2.742620e-27	1.691991e-27	
R519	5.189455e-05	1.916846e-05	2.388139e-05	3.459798e-05	2.160067e-06	4.019673e-07	1.242955e-07	4.024003e-08	1.080165e-08	2.318670e-09	4.088774e-10	7.329216e-11	2.045663e-11	8.995671e-12	4.762298e-12	2.821832e-12	2.099084e-12	1.751172e-12	1.458961e-12	1.223298e-12	9.053005e-13	3.741680e-13	7.667176e-14	1.298290e-14	2.338942e-15	4.499147e-16	8.867797e-17	1.748287e-17	3.441786e-18	6.808460e-19	1.365821e-19	2.809178e-20	5.957829e-21	1.288090e-21	2.843245e-22	6.463680e-23	1.516410e-23	3.680116e-24	9.244953e-25	2.399270e-25	6.407473e-26	1.753325e-26	4.899094e-27	1.395049e-27	4.047530e-28	1.199412e-28	3.658410e-29	1.170101e-29	4.091932e-30	1.764356e-30	
R520	1.707347e-05	3.787196e-06	8.790056e-06	7.481726e-05	1.283503e-05	3.239485e-06	1.240363e-06	5.075664e-07	2.008891e-07	9.398011e-08	6.089221e-08	3.413022e-08	1.519862e-08	7.324627e-09	3.654347e-09	1.836938e-09	1.010838e-09	5.620112e-10	2.906988e-10	1.454683e-10	6.673452e-11	1.852063e-11	2.526369e-12	2.701014e-13	3.083781e-14	3.886693e-15	5.085133e-16	6.564615e-17	8.312821e-18	1.043394e-18	1.313583e-19	1.686570e-20	2.278753e-21	3.072165e-22	4.072844e-23	5.637944e-24	8.279044e-25	1.301843e-25	2.197026e-26	3.959982e-27	7.552883e-28	1.508960e-28	3.130887e-29	6.707680e-30	1.480175e-30	3.370528e-31	7.997100e-32	2.026792e-32	5.818386e-33	2.287356e-33	
R521	4.735325e-18	5.081292e-17	1.543274e-13	1.865761e-09	2.902059e-07	1.282886e-06	3.576802e-06	5.075067e-06	2.784835e-06	6.705522e-07	8.721240e-08	1.016881e-08	1.572894e-09	4.005686e-10	1.305875e-10	4.667079e-11	1.832505e-11	7.157516e-12	2.536587e-12	8.466038e-13	2.495467e-13	4.039569e-14	3.131242e-15	1.856995e-16	1.150493e-17	8.003635e-19	5.944181e-20	4.412764e-21	3.227469e-22	2.354137e-23	1.737273e-24	1.322625e-25	1.091332e-26	8.951269e-28	6.819882e-29	5.180300e-30	3.973488e-31	3.093298e-32	2.447703e-33	1.966447e-34	1.599601e-35	1.313533e-36	1.086255e-37	9.033683e-39	7.552503e-40	6.356286e-41	5.415215e-42	4.742391e-43	4.438211e-44	5.189112e-45	
R522	2.014294e+00	1.172422e+01	1.121704e+03	2.823395e+05	9.419106e+05	7.396475e+05	4.926024e+05	2.780526e+05	1.182894e+05	3.774537e+04	9.511958e+03	2.327965e+03	8.004060e+02	4.317054e+02	2.906187e+02	2.257648e+02	2.168615e+02	2.275871e+02	2.308109e+02	2.285627e+02	1.982789e+02	9.386383e+01	2.081101e+01	3.645747e+00	6.802977e-01	1.383611e-01	2.895920e-02	5.956940e-03	1.195888e-03	2.354233e-04	4.555396e-05	8.710938e-06	1.688465e-06	3.160333e-07	5.617308e-08	1.009457e-08	1.860908e-09	3.546814e-10	7.006689e-11	1.433594e-11	3.032903e-12	6.625973e-13	1.493646e-13	3.471763e-14	8.314843e-15	2.052027e-15	5.236237e-16	1.398995e-16	4.054071e-17	1.432257e-17	
R523	3.291375e-13	6.266414e-13	1.931170e-12	7.325882e-12	2.304720e-12	8.035902e-13	2.953817e-13	9.633159e-14	2.395517e-14	4.715866e-15	9.171290e-16	1.709929e-16	2.964064e-17	5.307409e-18	9.554357e-19	1.843047e-19	4.945217e-20	2.184843e-20	1.376075e-20	1.034274e-20	7.855099e-21	4.072487e-21	1.213302e-21	2.885932e-22	6.583956e-23	1.446227e-23	3.010005e-24	5.954692e-25	1.123899e-25	2.018167e-26	3.434368e-27	5.509308e-28	8.155238e-29	1.156383e-29	1.650671e-30	2.381125e-31	3.497858e-32	5.263726e-33	8.135145e-34	1.291414e-34	2.104415e-35	3.519535e-36	6.043841e-37	1.066424e-37	1.934994e-38	3.614488e-39	6.970610e-40	1.399148e-40	3.002102e-41	8.163725e-42	
R524	9.414309e-12	2.163377e-11	2.045071e-10	2.277454e-08	3.321455e-08	2.102040e-08	1.763100e-08	1.546990e-08	1.006255e-08	6.151024e-09	4.866623e-09	5.251979e-09	4.465799e-09	2.756486e-09	1.423139e-09	6.370595e-10	2.550439e-10	9.177627e-11	2.987938e-11	9.351784e-12	3.006990e-12	8.945761e-13	2.127050e-13	4.268221e-14	8.231925e-15	1.609095e-15	3.123642e-16	5.879753e-17	1.082530e-17	1.985055e-18	3.682371e-19	7.030509e-20	1.426536e-20	2.879042e-21	5.607011e-22	1.108534e-22	2.229729e-23	4.573594e-24	9.569696e-25	2.035615e-25	4.373171e-26	9.413933e-27	2.015516e-27	4.266116e-28	8.889803e-29	1.820564e-29	3.674158e-30	7.389051e-31	1.524139e-31	3.533925e-32	
R525	3.185542e-10	1.199507e-07	6.248001e-05	1.591558e-01	2.093463e+00	2.467775e+00	2.326006e+00	1.911575e+00	1.537614e+00	1.769564e+00	3.736103e+00	6.948443e+00	7.320919e+00	5.900421e+00	4.185610e+00	2.689150e+00	1.652069e+00	9.667290e-01	5.352063e-01	2.900237e-01	1.626557e-01	9.515313e-02	5.045614e-02	2.320907e-02	9.864853e-03	3.987372e-03	1.521080e-03	5.424296e-04	1.812178e-04	5.684944e-05	1.674863e-05	4.643198e-06	1.221003e-06	2.975042e-07	6.798105e-08	1.510091e-08	3.308989e-09	7.228378e-10	1.582906e-10	3.479295e-11	7.667472e-12	1.691164e-12	3.728564e-13	8.213267e-14	1.808342e-14	3.986493e-15	8.844522e-16	2.001248e-16	4.774748e-17	1.339544e-17	
R526	4.887098e+02	1.269831e+02	4.628947e+02	8.951431e+03	2.341949e+03	7.626276e+02	3.074678e+02	1.235683e+02	4.393175e+01	1.846823e+01	1.254998e+01	8.924576e+00	5.653693e+00	4.163963e+00	3.355181e+00	2.890703e+00	2.923419e+00	3.149251e+00	3.261950e+00	3.311670e+00	3.049883e+00	1.665381e+00	4.417045e-01	9.210668e-02	2.032586e-02	4.852532e-03	1.187714e-03	2.859138e-04	6.715795e-05	1.541792e-05	3.463731e-06	7.660352e-07	1.705389e-07	3.719094e-08	8.023019e-09	1.821560e-09	4.457052e-10	1.190792e-10	3.482289e-11	1.108864e-11	3.812466e-12	1.403355e-12	5.491600e-13	2.272660e-13	9.916428e-14	4.562912e-14	2.228477e-14	1.177603e-14	7.069002e-15	5.749400e-15	
R527	0.000000e+00	0.000000e+00	0.000000e+00	0.000000e+00	0.000000e+00	0.000000e+00	0.000000e+00	4.941090e-27	6.175144e-27	2.918975e-27	1.333741e-27	3.367586e-28	8.052685e-29	0.000000e+00	0.000000e+00	0.000000e+00	9.725989e-29	4.203426e-28	1.075051e-27	2.056889e-27	2.406033e-27	1.953770e-27	6.863534e-28	2.192244e-28	5.830100e-29	2.600817e-29	5.627522e-31	0.000000e+00	0.000000e+00	6.440401e-33	5.354735e-31	0.000000e+00	0.000000e+00	0.000000e+00	0.000000e+00	0.000000e+00	0.000000e+00	0.000000e+00	0.000000e+00	0.000000e+00	0.000000e+00	0.000000e+00	0.000000e+00	0.000000e+00	0.000000e+00	0.000000e+00	0.000000e+00	0.000000e+00	0.000000e+00	0.000000e+00	
R528	0.000000e+00	0.000000e+00	0.000000e+00	0.000000e+00	0.000000e+00	0.000000e+00	0.000000e+00	2.938245e-23	4.289351e-23	2.304573e-23	1.175351e-23	3.076529e-24	7.067725e-25	0.000000e+00	0.000000e+00	0.000000e+00	6.503757e-25	2.509520e-24	5.629860e-24	9.381283e-24	9.643943e-24	6.856923e-24	2.055706e-24	5.506563e-25	1.233044e-25	4.671596e-26	8.562253e-28	0.000000e+00	0.000000e+00	5.331957e-30	3.484829e-28	0.000000e+00	0.000000e+00	0.000000e+00	0.000000e+00	0.000000e+00	0.000000e+00	0.000000e+00	0.000000e+00	0.000000e+00	0.000000e+00	0.000000e+00	0.000000e+00	0.000000e+00	0.000000e+00	0.000000e+00	0.000000e+00	0.000000e+00	0.000000e+00	0.000000e+00	
R533	0.000000e+00	0.000000e+00	0.000000e+00	0.000000e+00	0.000000e+00	0.000000e+00	0.000000e+00	2.870854e-57	6.019777e-57	8.156946e-58	2.262454e-59	1.673800e-61	3.014552e-63	0.000000e+00	0.000000e+00	0.000000e+00	1.416204e-63	2.901450e-62	2.335105e-61	1.131559e-60	1.991380e-60	1.510645e-60	2.178821e-61	2.786345e-62	2.508222e-63	6.337801e-64	3.813178e-67	0.000000e+00	0.000000e+00	1.220875e-70	1.202097e-66	0.000000e+00	0.000000e+00	0.000000e+00	0.000000e+00	0.000000e+00	0.000000e+00	0.000000e+00	0.000000e+00	0.000000e+00	0.000000e+00	0.000000e+00	0.000000e+00	0.000000e+00	0.000000e+00	0.000000e+00	0.000000e+00	0.000000e+00	0.000000e+00	0.000000e+00	
R534	0.000000e+00	0.000000e+00	0.000000e+00	0.000000e+00	0.000000e+00	0.000000e+00	0.000000e+00	3.597592e-68	1.603441e-69	4.084485e-72	1.336476e-75	6.703212e-79	3.945063e-81	0.000000e+00	0.000000e+00	0.000000e+00	4.868395e-86	5.216170e-86	7.976407e-86	1.674814e-85	2.113845e-85	3.077492e-85	7.256320e-85	3.113769e-84	7.442453e-84	1.360478e-83	7.779762e-85	0.000000e+00	0.000000e+00	1.424752e-85	2.354949e-83	0.000000e+00	0.000000e+00	0.000000e+00	0.000000e+00	0.000000e+00	0.000000e+00	0.000000e+00	0.000000e+00	0.000000e+00	0.000000e+00	0.000000e+00	0.000000e+00	0.000000e+00	0.000000e+00	0.000000e+00	0.000000e+00	0.000000e+00	0.000000e+00	0.000000e+00	
R535	0.000000e+00	0.000000e+00	0.000000e+00	0.000000e+00	0.000000e+00	0.000000e+00	0.000000e+00	1.313259e-34	2.746084e-34	1.318867e-34	2.580454e-35	3.753027e-36	7.851485e-37	0.000000e+00	0.000000e+00	0.000000e+00	1.750157e-37	3.760971e-37	4.731946e-37	4.482863e-37	2.743086e-37	1.436873e-37	4.680063e-38	1.640735e-38	4.820082e-39	2.343775e-39	5.515125e-41	0.000000e+00	0.000000e+00	8.803590e-43	8.671775e-41	0.000000e+00	0.000000e+00	0.000000e+00	0.000000e+00	0.000000e+00	0.000000e+00	0.000000e+00	0.000000e+00	0.000000e+00	0.000000e+00	0.000000e+00	0.000000e+00	0.000000e+00	0.000000e+00	0.000000e+00	0.000000e+00	0.000000e+00	0.000000e+00	0.000000e+00	
R536	0.000000e+00	0.000000e+00	0.000000e+00	0.000000e+00	0.000000e+00	0.000000e+00	0.000000e+00	6.640285e-24	1.760610e-23	1.518542e-23	9.377882e-24	2.915373e-24	8.640953e-25	0.000000e+00	0.000000e+00	0.000000e+00	1.136034e-24	4.265504e-24	9.577258e-24	1.621646e-23	1.768976e-23	1.735219e-23	1.044954e-23	6.394307e-24	3.154848e-24	2.496264e-24	9.338725e-26	0.000000e+00	0.000000e+00	5.244154e-27	7.296517e-25	0.000000e+00	0.000000e+00	0.000000e+00	0.000000e+00	0.000000e+00	0.000000e+00	0.000000e+00	0.000000e+00	0.000000e+00	0.000000e+00	0.000000e+00	0.000000e+00	0.000000e+00	0.000000e+00	0.000000e+00	0.000000e+00	0.000000e+00	0.000000e+00	0.000000e+00	
R537	0.000000e+00	0.000000e+00	0.000000e+00	0.000000e+00	0.000000e+00	0.000000e+00	0.000000e+00	5.881260e-28	2.015548e-27	3.438876e-27	6.948355e-27	6.176642e-27	2.938903e-27	0.000000e+00	0.000000e+00	0.000000e+00	2.594080e-27	6.401291e-27	8.828900e-27	8.846447e-27	6.205691e-27	5.259500e-27	3.443100e-27	2.202477e-27	1.042796e-27	7.540578e-28	2.483683e-29	0.000000e+00	0.000000e+00	7.703853e-31	8.344358e-29	0.000000e+00	0.000000e+00	0.000000e+00	0.000000e+00	0.000000e+00	0.000000e+00	0.000000e+00	0.000000e+00	0.000000e+00	0.000000e+00	0.000000e+00	0.000000e+00	0.000000e+00	0.000000e+00	0.000000e+00	0.000000e+00	0.000000e+00	0.000000e+00	0.000000e+00	
R538	0.000000e+00	0.000000e+00	0.000000e+00	0.000000e+00	0.000000e+00	0.000000e+00	0.000000e+00	8.523726e-72	2.751751e-71	2.714621e-71	1.507181e-71	2.032590e-72	1.807985e-73	0.000000e+00	0.000000e+00	0.000000e+00	1.076947e-75	2.196422e-75	2.158591e-75	2.267581e-75	1.705646e-75	6.802151e-76	1.459259e-76	3.305803e-77	6.694151e-78	1.268343e-78	0.000000e+00	0.000000e+00	0.000000e+00	0.000000e+00	7.719090e-78	0.000000e+00	0.000000e+00	0.000000e+00	0.000000e+00	0.000000e+00	0.000000e+00	0.000000e+00	0.000000e+00	0.000000e+00	0.000000e+00	0.000000e+00	0.000000e+00	0.000000e+00	0.000000e+00	0.000000e+00	0.000000e+00	0.000000e+00	0.000000e+00	0.000000e+00	
R540	2.469543e-68	7.575799e-67	6.132874e-65	1.623728e-62	7.205434e-62	5.082149e-62	3.822097e-62	3.188450e-62	2.538566e-62	3.692504e-62	2.411662e-61	1.014617e-60	4.624721e-61	9.763109e-62	2.181840e-62	1.020861e-62	3.500267e-63	3.343337e-63	2.647015e-63	2.959093e-63	3.280230e-63	1.107271e-63	1.291099e-64	1.338003e-65	2.775915e-66	1.637872e-65	0.000000e+00	0.000000e+00	0.000000e+00	0.000000e+00	2.867689e-60	1.138301e-59	0.000000e+00	0.000000e+00	0.000000e+00	0.000000e+00	0.000000e+00	0.000000e+00	0.000000e+00	0.000000e+00	0.000000e+00	0.000000e+00	0.000000e+00	0.000000e+00	0.000000e+00	0.000000e+00	9.527414e-59	5.081457e-58	2.030670e-57	7.367303e-57	
R541	0.000000e+00	0.000000e+00	0.000000e+00	0.000000e+00	0.000000e+00	0.000000e+00	0.000000e+00	9.735487e-32	2.173602e-31	1.042757e-31	1.931043e-32	2.533986e-33	4.683646e-34	0.000000e+00	0.000000e+00	0.000000e+00	6.251534e-35	1.171787e-34	1.287843e-34	1.072067e-34	5.806621e-35	2.695902e-35	7.743994e-36	2.381974e-36	6.112675e-37	2.576196e-37	5.191792e-39	0.000000e+00	0.000000e+00	4.638596e-41	3.602863e-39	0.000000e+00	0.000000e+00	0.000000e+00	0.000000e+00	0.000000e+00	0.000000e+00	0.000000e+00	0.000000e+00	0.000000e+00	0.000000e+00	0.000000e+00	0.000000e+00	0.000000e+00	0.000000e+00	0.000000e+00	0.000000e+00	0.000000e+00	0.000000e+00	0.000000e+00	
R542	8.328414e-75	4.063902e-75	1.751006e-74	4.029631e-72	2.502338e-71	1.302921e-71	8.067336e-72	5.574667e-72	3.440599e-72	2.718537e-72	5.450255e-72	1.044564e-71	3.307083e-72	4.762302e-73	6.912401e-74	2.003685e-74	4.052289e-75	2.205382e-75	9.776481e-76	6.125274e-76	3.814052e-76	6.891268e-77	4.373513e-78	2.619253e-79	3.258508e-80	1.186138e-79	0.000000e+00	0.000000e+00	0.000000e+00	0.000000e+00	2.650207e-75	7.867604e-75	0.000000e+00	0.000000e+00	0.000000e+00	0.000000e+00	0.000000e+00	0.000000e+00	0.000000e+00	0.000000e+00	0.000000e+00	0.000000e+00	0.000000e+00	0.000000e+00	0.000000e+00	0.000000e+00	4.941552e-75	2.072255e-74	6.415610e-74	1.749427e-73	
R543	0.000000e+00	0.000000e+00	0.000000e+00	0.000000e+00	0.000000e+00	0.000000e+00	0.000000e+00	3.090704e-28	3.022375e-28	1.004154e-28	3.113818e-29	6.253595e-30	1.441806e-30	0.000000e+00	0.000000e+00	0.000000e+00	1.551285e-30	6.341549e-30	1.533190e-29	2.770065e-29	3.151803e-29	2.869884e-29	1.228086e-29	4.242031e-30	1.068170e-30	4.156025e-31	7.512421e-33	0.000000e+00	0.000000e+00	4.504513e-35	2.962389e-33	0.000000e+00	0.000000e+00	0.000000e+00	0.000000e+00	0.000000e+00	0.000000e+00	0.000000e+00	0.000000e+00	0.000000e+00	0.000000e+00	0.000000e+00	0.000000e+00	0.000000e+00	0.000000e+00	0.000000e+00	0.000000e+00	0.000000e+00	0.000000e+00	0.000000e+00	
R544	0.000000e+00	0.000000e+00	0.000000e+00	0.000000e+00	0.000000e+00	0.000000e+00	0.000000e+00	2.417075e-25	4.447709e-25	2.062713e-25	5.468005e-26	7.880169e-27	1.380863e-27	0.000000e+00	0.000000e+00	0.000000e+00	3.425081e-28	1.003181e-27	1.928688e-27	2.994531e-27	2.992627e-27	2.758621e-27	1.715077e-27	1.143333e-27	5.877512e-28	4.443684e-28	1.500979e-29	0.000000e+00	0.000000e+00	5.401560e-31	6.014675e-29	0.000000e+00	0.000000e+00	0.000000e+00	0.000000e+00	0.000000e+00	0.000000e+00	0.000000e+00	0.000000e+00	0.000000e+00	0.000000e+00	0.000000e+00	0.000000e+00	0.000000e+00	0.000000e+00	0.000000e+00	0.000000e+00	0.000000e+00	0.000000e+00	0.000000e+00	
R545	0.000000e+00	0.000000e+00	0.000000e+00	0.000000e+00	0.000000e+00	0.000000e+00	0.000000e+00	8.034936e-27	2.388447e-26	3.019293e-26	3.943064e-26	2.293620e-26	7.943404e-27	0.000000e+00	0.000000e+00	0.000000e+00	2.405058e-27	4.905110e-27	5.853068e-27	5.260382e-27	3.320957e-27	2.566104e-27	1.598498e-27	9.958797e-28	4.484385e-28	2.945940e-28	8.524678e-30	0.000000e+00	0.000000e+00	1.579846e-31	1.358999e-29	0.000000e+00	0.000000e+00	0.000000e+00	0.000000e+00	0.000000e+00	0.000000e+00	0.000000e+00	0.000000e+00	0.000000e+00	0.000000e+00	0.000000e+00	0.000000e+00	0.000000e+00	0.000000e+00	0.000000e+00	0.000000e+00	0.000000e+00	0.000000e+00	0.000000e+00	
R546	0.000000e+00	0.000000e+00	0.000000e+00	0.000000e+00	0.000000e+00	0.000000e+00	0.000000e+00	3.949067e-40	1.745530e-39	4.895052e-39	1.922601e-38	1.163987e-38	1.613931e-39	0.000000e+00	0.000000e+00	0.000000e+00	4.455367e-42	6.204947e-42	7.657260e-42	7.874431e-42	4.204103e-42	1.077854e-42	8.354923e-44	6.398371e-45	7.385074e-46	3.248755e-46	7.426551e-47	0.000000e+00	0.000000e+00	2.388238e-45	8.635301e-44	0.000000e+00	0.000000e+00	0.000000e+00	0.000000e+00	0.000000e+00	0.000000e+00	0.000000e+00	0.000000e+00	0.000000e+00	0.000000e+00	0.000000e+00	0.000000e+00	0.000000e+00	0.000000e+00	0.000000e+00	0.000000e+00	0.000000e+00	0.000000e+00	0.000000e+00	
R547	0.000000e+00	0.000000e+00	0.000000e+00	0.000000e+00	0.000000e+00	0.000000e+00	0.000000e+00	6.364666e-43	3.689561e-43	2.067954e-43	2.090885e-42	1.963742e-41	1.664250e-41	0.000000e+00	0.000000e+00	0.000000e+00	2.327175e-41	1.114658e-40	3.498671e-40	9.046551e-40	1.584147e-39	2.067174e-39	1.019718e-39	4.925038e-40	2.722748e-40	1.061869e-38	6.168674e-38	0.000000e+00	0.000000e+00	6.076865e-36	2.437057e-34	0.000000e+00	0.000000e+00	0.000000e+00	0.000000e+00	0.000000e+00	0.000000e+00	0.000000e+00	0.000000e+00	0.000000e+00	0.000000e+00	0.000000e+00	0.000000e+00	0.000000e+00	0.000000e+00	0.000000e+00	0.000000e+00	0.000000e+00	0.000000e+00	0.000000e+00	
R548	0.000000e+00	0.000000e+00	0.000000e+00	0.000000e+00	0.000000e+00	0.000000e+00	0.000000e+00	7.574862e-37	1.781142e-37	1.783406e-38	3.929015e-39	7.690783e-40	1.402776e-40	0.000000e+00	0.000000e+00	0.000000e+00	2.677537e-41	6.464153e-41	9.666443e-41	1.163838e-40	9.264033e-41	6.001763e-41	2.109607e-41	1.065664e-41	5.842872e-42	1.347796e-41	7.078804e-41	0.000000e+00	0.000000e+00	1.416360e-38	6.308540e-37	0.000000e+00	0.000000e+00	0.000000e+00	0.000000e+00	0.000000e+00	0.000000e+00	0.000000e+00	0.000000e+00	0.000000e+00	0.000000e+00	0.000000e+00	0.000000e+00	0.000000e+00	0.000000e+00	0.000000e+00	0.000000e+00	0.000000e+00	0.000000e+00	0.000000e+00	
R549	0.000000e+00	0.000000e+00	0.000000e+00	0.000000e+00	0.000000e+00	0.000000e+00	0.000000e+00	3.138452e-45	3.345606e-45	6.534641e-46	7.302623e-47	3.461425e-48	1.906448e-49	0.000000e+00	0.000000e+00	0.000000e+00	1.575702e-51	3.247039e-51	5.361517e-51	8.507782e-51	9.081539e-51	5.779872e-51	1.184043e-51	2.621578e-52	7.541140e-53	1.587203e-51	6.225523e-51	0.000000e+00	0.000000e+00	2.944433e-49	1.030191e-47	0.000000e+00	0.000000e+00	0.000000e+00	0.000000e+00	0.000000e+00	0.000000e+00	0.000000e+00	0.000000e+00	0.000000e+00	0.000000e+00	0.000000e+00	0.000000e+00	0.000000e+00	0.000000e+00	0.000000e+00	0.000000e+00	0.000000e+00	0.000000e+00	0.000000e+00	
R551	0.000000e+00	0.000000e+00	0.000000e+00	0.000000e+00	0.000000e+00	0.000000e+00	0.000000e+00	1.873067e-28	6.302253e-29	3.669844e-30	1.191994e-31	3.314697e-33	1.893009e-34	0.000000e+00	0.000000e+00	0.000000e+00	2.138123e-36	4.050021e-36	5.720604e-36	7.351870e-36	5.940427e-36	3.687762e-36	1.310760e-36	5.369820e-37	1.530069e-37	6.322193e-38	1.950837e-39	0.000000e+00	0.000000e+00	4.695281e-41	1.923245e-40	0.000000e+00	0.000000e+00	0.000000e+00	0.000000e+00	0.000000e+00	0.000000e+00	0.000000e+00	0.000000e+00	0.000000e+00	0.000000e+00	0.000000e+00	0.000000e+00	0.000000e+00	0.000000e+00	0.000000e+00	0.000000e+00	0.000000e+00	0.000000e+00	0.000000e+00	
R552	0.000000e+00	0.000000e+00	0.000000e+00	0.000000e+00	0.000000e+00	0.000000e+00	0.000000e+00	1.053778e-53	9.272237e-55	6.489087e-57	1.121630e-59	3.909952e-62	7.538423e-64	0.000000e+00	0.000000e+00	0.000000e+00	3.349192e-68	2.096440e-68	1.376671e-68	1.060160e-68	5.438674e-69	3.154466e-69	2.295849e-69	2.853275e-69	2.109164e-69	1.629745e-69	7.854784e-71	0.000000e+00	0.000000e+00	7.130766e-72	4.256344e-71	0.000000e+00	0.000000e+00	0.000000e+00	0.000000e+00	0.000000e+00	0.000000e+00	0.000000e+00	0.000000e+00	0.000000e+00	0.000000e+00	0.000000e+00	0.000000e+00	0.000000e+00	0.000000e+00	0.000000e+00	0.000000e+00	0.000000e+00	0.000000e+00	0.000000e+00	
R553	0.000000e+00	0.000000e+00	0.000000e+00	0.000000e+00	0.000000e+00	0.000000e+00	0.000000e+00	2.400119e-39	7.084756e-40	5.204320e-41	3.940121e-42	3.289617e-43	4.030702e-44	0.000000e+00	0.000000e+00	0.000000e+00	2.808730e-46	4.096508e-46	5.272476e-46	7.046083e-46	6.975941e-46	1.088121e-45	2.304275e-45	6.809398e-45	1.090695e-44	1.848868e-44	1.944339e-45	0.000000e+00	0.000000e+00	1.384037e-45	1.556123e-44	0.000000e+00	0.000000e+00	0.000000e+00	0.000000e+00	0.000000e+00	0.000000e+00	0.000000e+00	0.000000e+00	0.000000e+00	0.000000e+00	0.000000e+00	0.000000e+00	0.000000e+00	0.000000e+00	0.000000e+00	0.000000e+00	0.000000e+00	0.000000e+00	0.000000e+00	
R554	0.000000e+00	0.000000e+00	0.000000e+00	0.000000e+00	0.000000e+00	0.000000e+00	0.000000e+00	7.028425e-32	8.116155e-32	6.849286e-32	2.196835e-31	5.232493e-31	5.250083e-31	0.000000e+00	0.000000e+00	0.000000e+00	4.498756e-30	1.659212e-29	3.331102e-29	5.203275e-29	6.189585e-29	6.897874e-29	6.713797e-29	6.260497e-29	4.437808e-29	2.694175e-29	3.495698e-30	0.000000e+00	0.000000e+00	0.000000e+00	4.909242e-32	0.000000e+00	0.000000e+00	0.000000e+00	0.000000e+00	0.000000e+00	0.000000e+00	0.000000e+00	0.000000e+00	0.000000e+00	0.000000e+00	0.000000e+00	0.000000e+00	0.000000e+00	0.000000e+00	0.000000e+00	0.000000e+00	0.000000e+00	0.000000e+00	0.000000e+00	
R555	0.000000e+00	0.000000e+00	0.000000e+00	0.000000e+00	0.000000e+00	0.000000e+00	0.000000e+00	6.502919e-56	1.239747e-56	7.131464e-58	6.331206e-59	6.979224e-60	9.553883e-61	0.000000e+00	0.000000e+00	0.000000e+00	3.179764e-63	3.522921e-63	3.708173e-63	4.477611e-63	4.274553e-63	6.275814e-63	2.181227e-62	1.159403e-61	3.551944e-61	5.517378e-61	1.360780e-61	0.000000e+00	0.000000e+00	0.000000e+00	1.591915e-62	0.000000e+00	0.000000e+00	0.000000e+00	0.000000e+00	0.000000e+00	0.000000e+00	0.000000e+00	0.000000e+00	0.000000e+00	0.000000e+00	0.000000e+00	0.000000e+00	0.000000e+00	0.000000e+00	0.000000e+00	0.000000e+00	0.000000e+00	0.000000e+00	0.000000e+00	
R556	0.000000e+00	0.000000e+00	0.000000e+00	0.000000e+00	0.000000e+00	0.000000e+00	0.000000e+00	1.028503e-54	9.449767e-56	2.130461e-57	6.256967e-59	2.324450e-60	1.445847e-61	0.000000e+00	0.000000e+00	0.000000e+00	2.385738e-64	2.951738e-64	3.373984e-64	4.297580e-64	3.753962e-64	2.776103e-64	2.487051e-64	3.074662e-64	2.620614e-64	1.359460e-64	1.250940e-65	0.000000e+00	0.000000e+00	0.000000e+00	4.240362e-68	0.000000e+00	0.000000e+00	0.000000e+00	0.000000e+00	0.000000e+00	0.000000e+00	0.000000e+00	0.000000e+00	0.000000e+00	0.000000e+00	0.000000e+00	0.000000e+00	0.000000e+00	0.000000e+00	0.000000e+00	0.000000e+00	0.000000e+00	0.000000e+00	0.000000e+00	
R557	0.000000e+00	0.000000e+00	0.000000e+00	0.000000e+00	0.000000e+00	0.000000e+00	0.000000e+00	2.818499e-59	1.851722e-58	3.211379e-58	1.303260e-57	1.423769e-57	4.491239e-58	0.000000e+00	0.000000e+00	0.000000e+00	2.550434e-57	2.346873e-56	6.619811e-56	1.047295e-55	8.153952e-56	5.355049e-56	1.934284e-56	7.446776e-57	2.029872e-57	8.820596e-58	4.299676e-60	0.000000e+00	0.000000e+00	0.000000e+00	7.598603e-61	0.000000e+00	0.000000e+00	0.000000e+00	0.000000e+00	0.000000e+00	0.000000e+00	0.000000e+00	0.000000e+00	0.000000e+00	0.000000e+00	0.000000e+00	0.000000e+00	0.000000e+00	0.000000e+00	0.000000e+00	0.000000e+00	0.000000e+00	0.000000e+00	0.000000e+00	
R558	0.000000e+00	0.000000e+00	0.000000e+00	0.000000e+00	0.000000e+00	0.000000e+00	0.000000e+00	1.675215e-26	2.179528e-26	6.239966e-27	9.337653e-28	7.302369e-29	8.491214e-30	0.000000e+00	0.000000e+00	0.000000e+00	3.135198e-30	1.146224e-29	2.512582e-29	4.147847e-29	4.067160e-29	2.556687e-29	6.728292e-30	1.617452e-30	3.231338e-31	1.074340e-31	1.711277e-33	0.000000e+00	0.000000e+00	6.942328e-36	3.932052e-34	0.000000e+00	0.000000e+00	0.000000e+00	0.000000e+00	0.000000e+00	0.000000e+00	0.000000e+00	0.000000e+00	0.000000e+00	0.000000e+00	0.000000e+00	0.000000e+00	0.000000e+00	0.000000e+00	0.000000e+00	0.000000e+00	0.000000e+00	0.000000e+00	3.033079e-45	
R559	0.000000e+00	0.000000e+00	0.000000e+00	0.000000e+00	0.000000e+00	0.000000e+00	0.000000e+00	3.724649e-54	1.930818e-53	1.075978e-53	3.154692e-54	2.428221e-55	1.766682e-56	0.000000e+00	0.000000e+00	0.000000e+00	1.959981e-56	2.608751e-55	1.259087e-54	3.493460e-54	4.055476e-54	3.829362e-54	1.368488e-54	5.065435e-55	1.221426e-55	7.589282e-56	1.060317e-58	0.000000e+00	0.000000e+00	3.315443e-61	6.335544e-57	0.000000e+00	0.000000e+00	0.000000e+00	0.000000e+00	0.000000e+00	0.000000e+00	0.000000e+00	0.000000e+00	0.000000e+00	0.000000e+00	0.000000e+00	0.000000e+00	0.000000e+00	0.000000e+00	0.000000e+00	0.000000e+00	0.000000e+00	0.000000e+00	0.000000e+00	
R560	0.000000e+00	0.000000e+00	0.000000e+00	0.000000e+00	0.000000e+00	0.000000e+00	0.000000e+00	1.634089e-27	9.799348e-28	1.176595e-28	5.214084e-30	1.429382e-31	1.057576e-32	0.000000e+00	0.000000e+00	0.000000e+00	1.326218e-32	1.054177e-31	5.373819e-31	2.171254e-30	5.004500e-30	5.406693e-30	1.599686e-30	3.550683e-31	6.155412e-32	1.718761e-32	2.243382e-34	0.000000e+00	0.000000e+00	4.693111e-37	2.153878e-35	0.000000e+00	0.000000e+00	0.000000e+00	0.000000e+00	0.000000e+00	0.000000e+00	0.000000e+00	0.000000e+00	0.000000e+00	0.000000e+00	0.000000e+00	0.000000e+00	0.000000e+00	0.000000e+00	0.000000e+00	0.000000e+00	0.000000e+00	0.000000e+00	0.000000e+00	
R561	5.332418e+01	3.727529e+01	2.851646e+01	1.474939e+01	4.220969e-02	2.433006e-03	3.771558e-04	7.491310e-05	1.326858e-05	2.487451e-06	7.643126e-07	3.805705e-07	2.700191e-07	2.417556e-07	2.292808e-07	2.242440e-07	2.604272e-07	3.246226e-07	3.926447e-07	4.632109e-07	5.177201e-07	4.563169e-07	2.362393e-07	7.725107e-08	2.055661e-08	5.041781e-09	1.183389e-09	2.703713e-10	6.101369e-11	1.373500e-11	3.111886e-12	7.263893e-13	1.860538e-13	5.882750e-14	2.503663e-14	1.336382e-14	7.759693e-15	4.447239e-15	2.425026e-15	1.253710e-15	6.198802e-16	2.964148e-16	1.385066e-16	6.382378e-17	2.925847e-17	1.347936e-17	6.324965e-18	3.076124e-18	1.583586e-18	9.016191e-19	
R562	0.000000e+00	0.000000e+00	0.000000e+00	0.000000e+00	0.000000e+00	0.000000e+00	0.000000e+00	4.305343e-34	1.071061e-33	9.646227e-34	1.199536e-33	9.165788e-34	4.831076e-34	0.000000e+00	0.000000e+00	0.000000e+00	1.051070e-33	3.469649e-33	6.983598e-33	1.103356e-32	1.198788e-32	1.333674e-32	9.426735e-33	7.363499e-33	4.063155e-33	3.870830e-33	3.136438e-34	0.000000e+00	0.000000e+00	9.444923e-35	6.883254e-34	0.000000e+00	0.000000e+00	0.000000e+00	0.000000e+00	0.000000e+00	0.000000e+00	0.000000e+00	0.000000e+00	0.000000e+00	0.000000e+00	0.000000e+00	0.000000e+00	0.000000e+00	0.000000e+00	0.000000e+00	0.000000e+00	0.000000e+00	0.000000e+00	0.000000e+00	
R563	0.000000e+00	0.000000e+00	0.000000e+00	0.000000e+00	0.000000e+00	0.000000e+00	0.000000e+00	3.652931e-59	1.039412e-58	4.691949e-59	4.355512e-59	1.737549e-59	3.490997e-60	0.000000e+00	0.000000e+00	0.000000e+00	5.874974e-60	5.388260e-59	1.812241e-58	3.758031e-58	3.728901e-58	3.867565e-58	1.696649e-58	9.210079e-59	2.643961e-59	2.238445e-59	1.347982e-61	0.000000e+00	0.000000e+00	1.722009e-62	1.527402e-60	0.000000e+00	0.000000e+00	0.000000e+00	0.000000e+00	0.000000e+00	0.000000e+00	0.000000e+00	0.000000e+00	0.000000e+00	0.000000e+00	0.000000e+00	0.000000e+00	0.000000e+00	0.000000e+00	0.000000e+00	0.000000e+00	0.000000e+00	0.000000e+00	0.000000e+00	
R564	0.000000e+00	0.000000e+00	0.000000e+00	0.000000e+00	0.000000e+00	0.000000e+00	0.000000e+00	4.320769e-60	1.230094e-59	5.561285e-60	5.166358e-60	2.061109e-60	4.135352e-61	0.000000e+00	0.000000e+00	0.000000e+00	6.851387e-61	6.227785e-60	2.065103e-59	4.193102e-59	4.037015e-59	4.009485e-59	1.655519e-59	8.281317e-60	2.146848e-60	1.609806e-60	8.447092e-63	0.000000e+00	0.000000e+00	7.018903e-64	5.534313e-62	0.000000e+00	0.000000e+00	0.000000e+00	0.000000e+00	0.000000e+00	0.000000e+00	0.000000e+00	0.000000e+00	0.000000e+00	0.000000e+00	0.000000e+00	0.000000e+00	0.000000e+00	0.000000e+00	0.000000e+00	0.000000e+00	0.000000e+00	0.000000e+00	0.000000e+00	
R565	0.000000e+00	0.000000e+00	0.000000e+00	0.000000e+00	0.000000e+00	0.000000e+00	0.000000e+00	3.586396e-24	3.093841e-24	1.261431e-24	1.020335e-24	6.146801e-25	2.314481e-25	0.000000e+00	0.000000e+00	0.000000e+00	4.799475e-26	8.087349e-26	6.864602e-26	4.284802e-26	2.034049e-26	8.991512e-27	3.519132e-27	1.435015e-27	5.143518e-28	1.835260e-28	1.544187e-29	0.000000e+00	0.000000e+00	0.000000e+00	5.603845e-32	0.000000e+00	0.000000e+00	0.000000e+00	0.000000e+00	0.000000e+00	0.000000e+00	0.000000e+00	0.000000e+00	0.000000e+00	0.000000e+00	0.000000e+00	0.000000e+00	0.000000e+00	0.000000e+00	0.000000e+00	0.000000e+00	0.000000e+00	0.000000e+00	0.000000e+00	
R566	0.000000e+00	0.000000e+00	0.000000e+00	0.000000e+00	0.000000e+00	0.000000e+00	0.000000e+00	2.568383e-27	1.100483e-27	2.592585e-28	1.518459e-28	5.875603e-29	1.285040e-29	0.000000e+00	0.000000e+00	0.000000e+00	2.609914e-30	6.232567e-30	8.228794e-30	7.966815e-30	4.547933e-30	1.275960e-30	8.621717e-32	4.609138e-33	2.076032e-34	1.897635e-35	1.587926e-37	0.000000e+00	0.000000e+00	9.822359e-41	1.355025e-40	0.000000e+00	0.000000e+00	0.000000e+00	0.000000e+00	0.000000e+00	0.000000e+00	0.000000e+00	0.000000e+00	0.000000e+00	0.000000e+00	0.000000e+00	0.000000e+00	0.000000e+00	0.000000e+00	0.000000e+00	0.000000e+00	0.000000e+00	0.000000e+00	2.419458e-54	
R567	0.000000e+00	0.000000e+00	0.000000e+00	0.000000e+00	0.000000e+00	0.000000e+00	0.000000e+00	2.952397e-27	1.271755e-27	2.985193e-28	1.878299e-28	9.562318e-29	3.243010e-29	0.000000e+00	0.000000e+00	0.000000e+00	4.106699e-29	1.526499e-28	3.152096e-28	4.795311e-28	4.553800e-28	2.705832e-28	4.967727e-29	7.060400e-30	7.380520e-31	1.393047e-31	2.235562e-33	0.000000e+00	0.000000e+00	7.965763e-36	1.895646e-35	0.000000e+00	0.000000e+00	0.000000e+00	0.000000e+00	0.000000e+00	0.000000e+00	0.000000e+00	0.000000e+00	0.000000e+00	0.000000e+00	0.000000e+00	0.000000e+00	0.000000e+00	0.000000e+00	0.000000e+00	0.000000e+00	0.000000e+00	0.000000e+00	1.138499e-47	
R568	3.795090e-24	1.758172e-24	4.338183e-24	1.529273e-22	1.333488e-22	4.368507e-23	1.804098e-23	6.859180e-24	1.881223e-24	2.949964e-25	2.746197e-26	5.115556e-27	2.089902e-27	9.922558e-28	4.570105e-28	2.021258e-28	9.850954e-29	5.152562e-29	2.788642e-29	1.567867e-29	8.572603e-30	4.035901e-30	1.590061e-30	5.505633e-31	1.720434e-31	4.944852e-32	1.350443e-32	3.628801e-33	9.720837e-34	2.606334e-34	7.058655e-35	1.959415e-35	5.579404e-36	1.813625e-36	7.252208e-37	3.232395e-37	1.479082e-37	6.593705e-38	2.810888e-38	1.144020e-38	4.460280e-39	1.672119e-39	6.049279e-40	2.120147e-40	7.233179e-41	2.417688e-41	7.993156e-42	2.650173e-42	8.983360e-43	3.215533e-43	
R569	0.000000e+00	0.000000e+00	0.000000e+00	0.000000e+00	0.000000e+00	0.000000e+00	0.000000e+00	7.139204e-31	6.297551e-31	1.987910e-31	6.107834e-32	1.290459e-32	3.265679e-33	0.000000e+00	0.000000e+00	0.000000e+00	5.386827e-33	2.504325e-32	6.921370e-32	1.427508e-31	1.839540e-31	1.897805e-31	9.314502e-32	3.725610e-32	1.088000e-32	4.919482e-33	1.042382e-34	0.000000e+00	0.000000e+00	1.128018e-36	9.418448e-35	0.000000e+00	0.000000e+00	0.000000e+00	0.000000e+00	0.000000e+00	0.000000e+00	0.000000e+00	0.000000e+00	0.000000e+00	0.000000e+00	0.000000e+00	0.000000e+00	0.000000e+00	0.000000e+00	0.000000e+00	0.000000e+00	0.000000e+00	0.000000e+00	0.000000e+00	
R570	0.000000e+00	0.000000e+00	0.000000e+00	0.000000e+00	0.000000e+00	0.000000e+00	0.000000e+00	3.553337e-26	5.048903e-26	1.683134e-26	2.596449e-27	2.084750e-28	2.579605e-29	0.000000e+00	0.000000e+00	0.000000e+00	1.423348e-29	5.913857e-29	1.477430e-28	2.771183e-28	3.065947e-28	2.173421e-28	6.503060e-29	1.790415e-29	4.111348e-30	1.580671e-30	2.943073e-32	0.000000e+00	0.000000e+00	2.143510e-34	1.537706e-32	0.000000e+00	0.000000e+00	0.000000e+00	0.000000e+00	0.000000e+00	0.000000e+00	0.000000e+00	0.000000e+00	0.000000e+00	0.000000e+00	0.000000e+00	0.000000e+00	0.000000e+00	0.000000e+00	0.000000e+00	0.000000e+00	0.000000e+00	0.000000e+00	0.000000e+00	
R571	0.000000e+00	0.000000e+00	0.000000e+00	0.000000e+00	0.000000e+00	0.000000e+00	0.000000e+00	3.553337e-26	5.048903e-26	1.683134e-26	2.596449e-27	2.084750e-28	2.579605e-29	0.000000e+00	0.000000e+00	0.000000e+00	1.423348e-29	5.913857e-29	1.477430e-28	2.771183e-28	3.065947e-28	2.173421e-28	6.503060e-29	1.790415e-29	4.111348e-30	1.580671e-30	2.943073e-32	0.000000e+00	0.000000e+00	2.143510e-34	1.537706e-32	0.000000e+00	0.000000e+00	0.000000e+00	0.000000e+00	0.000000e+00	0.000000e+00	0.000000e+00	0.000000e+00	0.000000e+00	0.000000e+00	0.000000e+00	0.000000e+00	0.000000e+00	0.000000e+00	0.000000e+00	0.000000e+00	0.000000e+00	0.000000e+00	0.000000e+00	
R572	0.000000e+00	0.000000e+00	0.000000e+00	0.000000e+00	0.000000e+00	0.000000e+00	0.000000e+00	4.475105e-26	7.444574e-26	4.309824e-26	1.875560e-26	4.228223e-27	9.149160e-28	0.000000e+00	0.000000e+00	0.000000e+00	3.547973e-28	9.892326e-28	1.649015e-27	2.068413e-27	1.669180e-27	1.213827e-27	5.455563e-28	2.518201e-28	9.501716e-29	5.847688e-29	1.735003e-30	0.000000e+00	0.000000e+00	5.509892e-32	6.618406e-30	0.000000e+00	0.000000e+00	0.000000e+00	0.000000e+00	0.000000e+00	0.000000e+00	0.000000e+00	0.000000e+00	0.000000e+00	0.000000e+00	0.000000e+00	0.000000e+00	0.000000e+00	0.000000e+00	0.000000e+00	0.000000e+00	0.000000e+00	0.000000e+00	0.000000e+00	
R573	0.000000e+00	0.000000e+00	0.000000e+00	0.000000e+00	0.000000e+00	0.000000e+00	0.000000e+00	1.873580e-34	2.691124e-34	9.331470e-35	1.603238e-35	1.304285e-36	1.491171e-37	0.000000e+00	0.000000e+00	0.000000e+00	3.853019e-38	1.189657e-37	2.155788e-37	2.917141e-37	2.369381e-37	1.252333e-37	2.793030e-38	5.750081e-39	1.004108e-39	2.990854e-40	4.359673e-42	0.000000e+00	0.000000e+00	1.548507e-44	9.021349e-43	0.000000e+00	0.000000e+00	0.000000e+00	0.000000e+00	0.000000e+00	0.000000e+00	0.000000e+00	0.000000e+00	0.000000e+00	0.000000e+00	0.000000e+00	0.000000e+00	0.000000e+00	0.000000e+00	0.000000e+00	0.000000e+00	0.000000e+00	0.000000e+00	2.559322e-52	
R574	0.000000e+00	0.000000e+00	0.000000e+00	0.000000e+00	0.000000e+00	0.000000e+00	0.000000e+00	3.290257e-26	2.123638e-26	3.586354e-27	4.361544e-28	2.998189e-29	2.950065e-30	0.000000e+00	0.000000e+00	0.000000e+00	1.147726e-30	4.894320e-30	1.224973e-29	2.273519e-29	2.380775e-29	1.230348e-29	1.853803e-30	2.267121e-31	2.390775e-32	4.429882e-33	4.055625e-35	0.000000e+00	0.000000e+00	3.299673e-38	1.114822e-36	0.000000e+00	0.000000e+00	0.000000e+00	0.000000e+00	0.000000e+00	0.000000e+00	0.000000e+00	0.000000e+00	0.000000e+00	0.000000e+00	0.000000e+00	0.000000e+00	0.000000e+00	0.000000e+00	0.000000e+00	0.000000e+00	0.000000e+00	0.000000e+00	9.258261e-49	
R575	0.000000e+00	0.000000e+00	0.000000e+00	0.000000e+00	0.000000e+00	0.000000e+00	0.000000e+00	2.154003e-26	1.327979e-26	2.076109e-27	2.469397e-28	2.063592e-29	3.001964e-30	0.000000e+00	0.000000e+00	0.000000e+00	6.348903e-30	4.158690e-29	1.624038e-28	4.760301e-28	8.326367e-28	9.176677e-28	3.827754e-28	1.276913e-28	3.191226e-29	1.235206e-29	2.182383e-31	0.000000e+00	0.000000e+00	1.039391e-33	6.068432e-32	0.000000e+00	0.000000e+00	0.000000e+00	0.000000e+00	0.000000e+00	0.000000e+00	0.000000e+00	0.000000e+00	0.000000e+00	0.000000e+00	0.000000e+00	0.000000e+00	0.000000e+00	0.000000e+00	0.000000e+00	0.000000e+00	0.000000e+00	0.000000e+00	1.657096e-42	
R576	0.000000e+00	0.000000e+00	0.000000e+00	0.000000e+00	0.000000e+00	0.000000e+00	0.000000e+00	1.914670e-27	1.180425e-27	1.845431e-28	2.195020e-29	1.834304e-30	2.668412e-31	0.000000e+00	0.000000e+00	0.000000e+00	5.643469e-31	3.696613e-30	1.443589e-29	4.231378e-29	7.401215e-29	8.157046e-29	3.402448e-29	1.135034e-29	2.836645e-30	1.097960e-30	1.939896e-32	0.000000e+00	0.000000e+00	9.239032e-35	5.394162e-33	0.000000e+00	0.000000e+00	0.000000e+00	0.000000e+00	0.000000e+00	0.000000e+00	0.000000e+00	0.000000e+00	0.000000e+00	0.000000e+00	0.000000e+00	0.000000e+00	0.000000e+00	0.000000e+00	0.000000e+00	0.000000e+00	0.000000e+00	0.000000e+00	1.472974e-43	
R577	0.000000e+00	0.000000e+00	0.000000e+00	0.000000e+00	0.000000e+00	0.000000e+00	0.000000e+00	2.464201e-58	2.535483e-58	1.140419e-59	7.664676e-62	1.426443e-64	1.007888e-66	0.000000e+00	0.000000e+00	0.000000e+00	1.329782e-67	2.652744e-66	2.084331e-65	9.847479e-65	1.557774e-64	7.572983e-65	4.773207e-66	2.398027e-67	8.740799e-69	9.280495e-70	2.377392e-73	0.000000e+00	0.000000e+00	5.498979e-78	2.204065e-74	0.000000e+00	0.000000e+00	0.000000e+00	0.000000e+00	0.000000e+00	0.000000e+00	0.000000e+00	0.000000e+00	0.000000e+00	0.000000e+00	0.000000e+00	0.000000e+00	0.000000e+00	0.000000e+00	0.000000e+00	0.000000e+00	0.000000e+00	0.000000e+00	0.000000e+00	
R578	0.000000e+00	0.000000e+00	0.000000e+00	0.000000e+00	0.000000e+00	0.000000e+00	0.000000e+00	4.347898e-26	7.056566e-26	4.006252e-26	2.092955e-26	5.736487e-27	1.484215e-27	0.000000e+00	0.000000e+00	0.000000e+00	1.941557e-27	7.789281e-27	1.811138e-26	3.127156e-26	3.524881e-26	3.524186e-26	1.921449e-26	9.180991e-27	3.218942e-27	1.710529e-27	4.100449e-29	0.000000e+00	0.000000e+00	4.695851e-31	3.639753e-29	0.000000e+00	0.000000e+00	0.000000e+00	0.000000e+00	0.000000e+00	0.000000e+00	0.000000e+00	0.000000e+00	0.000000e+00	0.000000e+00	0.000000e+00	0.000000e+00	0.000000e+00	0.000000e+00	0.000000e+00	0.000000e+00	0.000000e+00	0.000000e+00	4.073233e-38	
R579	0.000000e+00	0.000000e+00	0.000000e+00	0.000000e+00	0.000000e+00	0.000000e+00	0.000000e+00	2.803161e-57	6.042833e-57	1.066147e-57	7.937044e-59	1.789968e-60	6.338450e-62	0.000000e+00	0.000000e+00	0.000000e+00	5.021988e-62	8.478602e-61	5.227400e-60	1.837669e-59	2.454229e-59	1.899251e-59	3.861865e-60	7.422506e-61	9.632360e-62	3.373871e-62	2.747774e-65	0.000000e+00	0.000000e+00	2.002883e-68	2.508772e-64	0.000000e+00	0.000000e+00	0.000000e+00	0.000000e+00	0.000000e+00	0.000000e+00	0.000000e+00	0.000000e+00	0.000000e+00	0.000000e+00	0.000000e+00	0.000000e+00	0.000000e+00	0.000000e+00	0.000000e+00	0.000000e+00	0.000000e+00	0.000000e+00	0.000000e+00	
R596	3.498677e-06	3.355913e-06	5.956765e-06	1.104330e-04	3.511586e-04	2.040974e-04	9.697719e-05	3.977968e-05	1.199452e-05	2.319322e-06	2.987962e-07	4.158540e-08	9.647060e-09	3.369936e-09	1.394354e-09	6.500846e-10	3.764708e-10	2.518818e-10	1.780991e-10	1.297048e-10	8.154618e-11	2.962292e-11	6.875772e-12	2.233251e-12	1.007633e-11	3.025661e-09	3.451467e-07	7.981611e-06	4.446619e-05	2.232754e-04	1.006297e-03	3.186352e-03	7.032920e-03	1.131945e-02	1.398461e-02	1.408441e-02	1.211032e-02	9.230799e-03	6.425917e-03	4.179484e-03	2.582571e-03	1.534419e-03	8.843593e-04	4.978444e-04	2.753696e-04	1.505437e-04	8.185902e-05	4.445107e-05	2.390384e-05	1.221120e-05	
R597	2.565696e-05	2.461003e-05	4.368294e-05	8.098418e-04	2.575163e-03	1.496714e-03	7.111660e-04	2.917177e-04	8.795982e-05	1.700836e-05	2.191172e-06	3.049596e-07	7.074511e-08	2.471286e-08	1.022526e-08	4.767287e-09	2.760786e-09	1.847133e-09	1.306060e-09	9.511685e-10	5.980053e-10	2.172347e-10	5.042233e-11	1.637717e-11	7.389312e-11	2.218818e-08	2.531076e-06	5.853181e-05	3.260854e-04	1.637353e-03	7.379512e-03	2.336658e-02	5.157474e-02	8.300930e-02	1.025538e-01	1.032857e-01	8.880904e-02	6.769252e-02	4.712339e-02	3.064955e-02	1.893885e-02	1.125240e-02	6.485302e-03	3.650859e-03	2.019377e-03	1.103987e-03	6.002995e-04	3.259745e-04	1.752948e-04	8.954882e-05	
R598	3.383052e-08	3.250011e-08	5.797667e-08	1.084616e-06	3.442462e-06	1.996108e-06	9.467957e-07	3.879376e-07	1.168991e-07	2.259562e-08	2.910028e-09	4.048574e-10	9.387382e-11	3.277025e-11	1.354637e-11	6.307316e-12	3.645742e-12	2.432630e-12	1.713491e-12	1.241400e-12	7.753760e-13	2.796997e-13	6.451742e-14	2.084423e-14	9.359144e-14	2.796189e-11	3.170865e-09	7.276147e-08	4.009952e-07	1.982216e-06	8.730628e-06	2.672304e-05	5.614701e-05	8.435345e-05	9.496592e-05	8.495406e-05	6.328648e-05	4.085842e-05	2.362509e-05	1.255635e-05	6.256547e-06	2.966507e-06	1.353934e-06	6.005382e-07	2.611771e-07	1.124662e-07	4.855269e-08	2.134567e-08	9.702708e-09	4.579190e-09	
R599	1.663334e-07	1.597922e-07	2.850519e-07	5.332696e-06	1.692544e-05	9.814199e-06	4.655079e-06	1.907360e-06	5.747541e-07	1.110952e-07	1.430764e-08	1.990549e-09	4.615463e-10	1.611204e-10	6.660298e-11	3.101097e-11	1.792490e-11	1.196043e-11	8.424663e-12	6.103552e-12	3.812266e-12	1.375190e-12	3.172106e-13	1.024841e-13	4.601579e-13	1.374793e-10	1.559009e-08	3.577439e-07	1.971560e-06	9.745894e-06	4.292559e-05	1.313883e-04	2.760562e-04	4.147378e-04	4.669158e-04	4.176908e-04	3.111585e-04	2.008872e-04	1.161567e-04	6.173540e-05	3.076136e-05	1.458533e-05	6.656841e-06	2.952646e-06	1.284121e-06	5.529587e-07	2.387174e-07	1.049496e-07	4.770498e-08	2.251435e-08	
R608	1.184238e-39	5.291852e-38	1.339779e-36	6.375550e-36	1.905202e-36	4.598109e-37	1.099658e-37	1.989932e-38	1.999816e-39	9.425114e-41	1.926882e-42	2.718240e-44	8.177979e-46	3.345492e-47	1.295854e-48	5.768437e-50	6.957621e-51	2.928835e-51	3.399319e-51	6.247783e-51	8.081884e-51	5.789166e-51	3.575841e-51	4.994396e-51	2.582720e-50	1.515634e-49	6.928205e-49	2.383866e-48	6.209652e-48	1.256313e-47	1.986566e-47	2.423137e-47	2.305052e-47	1.905956e-47	1.428978e-47	9.477421e-48	5.590137e-48	2.979501e-48	1.461279e-48	6.706304e-49	2.920952e-49	1.221205e-49	4.945244e-50	1.953630e-50	7.574052e-51	2.897403e-51	1.100628e-51	4.193971e-52	1.635015e-52	6.774678e-53	
R611	5.272051e-56	3.058083e-56	1.011779e-56	5.908503e-57	3.145213e-58	2.132026e-59	1.747232e-60	8.792960e-62	1.131490e-63	9.813373e-67	5.423927e-71	5.860846e-75	1.399572e-77	1.210377e-79	1.255378e-81	1.636185e-83	8.282014e-85	1.665662e-85	1.110813e-85	1.698092e-85	2.332795e-85	2.427637e-85	3.371502e-85	8.315531e-85	2.414184e-84	1.381103e-82	1.141352e-80	2.116575e-79	1.035995e-78	4.414678e-78	1.517877e-77	2.997245e-77	2.065835e-77	1.283150e-77	1.398230e-77	1.303781e-77	1.101550e-77	1.039010e-77	1.345770e-77	1.996642e-77	2.905964e-77	1.219119e-76	1.211608e-75	6.903393e-75	2.277476e-74	5.041343e-74	8.493673e-74	1.197879e-73	1.497459e-73	1.685810e-73	
R617	7.933906e-29	8.468797e-28	2.512807e-25	7.780250e-22	1.527504e-20	3.627236e-21	6.689778e-22	1.048152e-22	1.212215e-23	7.065873e-25	8.768900e-27	5.494407e-29	1.159467e-30	7.471210e-32	7.424455e-33	9.963025e-34	2.483633e-34	1.015894e-34	5.600655e-35	3.696684e-35	1.768926e-35	2.466640e-36	1.362302e-37	1.661826e-38	6.260234e-39	3.267129e-39	1.749083e-39	1.090272e-39	8.501302e-40	1.165842e-39	3.904552e-39	1.558647e-38	4.143385e-38	7.762410e-38	1.130729e-37	1.254504e-37	1.135470e-37	8.888102e-38	6.312668e-38	4.228951e-38	2.753606e-38	1.781619e-38	1.163839e-38	7.767334e-39	5.347105e-39	3.833046e-39	2.899487e-39	2.375920e-39	2.239105e-39	2.778259e-39	
R618	7.814391e-14	4.430418e-14	9.571098e-14	2.365311e-11	1.754961e-10	4.369087e-11	7.262796e-12	8.942886e-13	5.854460e-14	1.531440e-15	1.742063e-17	2.455301e-19	1.060922e-20	1.093068e-21	1.618687e-22	3.105653e-23	9.551847e-24	4.065486e-24	1.992787e-24	1.058183e-24	4.192484e-25	5.591664e-26	3.127330e-27	3.473539e-28	1.131659e-28	5.329172e-29	2.631190e-29	1.363028e-29	7.158539e-30	3.598949e-30	1.675708e-30	6.964558e-31	2.204478e-31	7.190140e-32	2.947158e-32	1.193141e-32	4.773843e-33	1.913554e-33	7.842129e-34	3.346051e-34	1.492795e-34	6.882698e-35	3.221361e-35	1.510503e-35	7.068321e-36	3.322680e-36	1.604321e-36	8.322589e-37	5.180224e-37	6.413864e-37	
R639	3.714401e-32	5.517335e-31	7.924256e-30	2.558030e-29	3.434655e-30	6.223200e-31	1.337095e-31	2.922819e-32	5.129849e-33	5.403128e-34	4.112160e-35	3.668880e-36	3.931187e-37	5.084673e-38	1.002998e-38	3.979136e-39	2.400504e-39	1.542632e-39	9.681919e-40	6.551341e-40	4.897970e-40	3.076525e-40	1.361556e-40	5.033435e-41	1.691175e-41	5.057423e-42	1.371780e-42	3.567253e-43	9.004648e-44	2.165298e-44	4.869866e-45	9.998356e-46	1.714534e-46	2.796712e-47	4.938322e-48	8.711888e-49	1.504567e-49	2.531649e-50	4.157775e-51	6.699575e-52	1.066719e-52	1.691345e-53	2.689534e-54	4.312438e-55	6.993316e-56	1.147483e-56	1.901125e-57	3.166787e-58	5.279345e-59	9.209951e-60	
R640	6.484165e-12	2.807211e-12	1.134347e-11	8.620404e-09	1.669973e-07	6.325300e-08	2.404478e-08	8.481234e-09	2.350763e-09	4.135884e-10	4.078523e-11	5.267336e-12	1.089551e-12	2.705189e-13	7.073056e-14	1.925655e-14	6.034677e-15	2.070010e-15	7.347553e-16	2.704173e-16	8.786051e-17	1.671173e-17	2.233230e-18	3.905751e-19	9.575941e-20	2.787133e-20	8.687322e-21	3.232784e-21	2.079426e-21	3.134886e-21	6.670182e-21	1.149207e-20	1.500798e-20	1.499692e-20	1.173248e-20	7.626266e-21	4.270279e-21	2.127497e-21	9.695089e-22	4.128303e-22	1.667125e-22	6.447658e-23	2.404871e-23	8.700617e-24	3.070690e-24	1.064160e-24	3.654436e-25	1.259919e-25	4.436892e-26	1.629941e-26	
R641	4.102873e-32	6.302734e-31	9.434066e-30	4.442988e-29	2.840405e-29	1.389880e-29	6.760644e-30	3.177948e-30	1.301276e-30	4.922642e-31	2.246341e-31	1.160457e-31	5.939678e-32	2.976651e-32	1.346703e-32	5.242675e-33	1.714641e-33	4.253191e-34	7.471384e-35	9.192235e-36	8.401733e-37	8.094321e-38	1.344239e-38	3.224772e-39	8.749551e-40	2.433490e-40	6.730309e-41	1.879060e-41	5.306244e-42	1.489488e-42	4.079815e-43	1.067433e-43	2.535728e-44	5.824528e-45	1.391681e-45	3.423332e-46	8.547766e-47	2.164587e-47	5.600158e-48	1.498016e-48	4.200302e-49	1.250054e-49	3.982237e-50	1.361216e-50	4.973292e-51	1.925033e-51	7.802622e-52	3.270122e-52	1.399229e-52	6.032356e-53	
R642	2.663234e-70	1.927223e-67	3.472610e-65	1.451974e-62	7.132151e-61	8.392342e-61	5.478858e-61	2.989643e-61	1.395029e-61	4.783602e-62	1.270129e-62	2.753672e-63	4.735793e-64	6.374840e-65	6.427370e-66	4.546001e-67	1.963292e-68	4.628352e-70	5.637172e-72	3.404034e-74	1.115829e-76	4.228460e-79	5.956024e-81	2.325684e-82	1.440388e-83	1.094579e-84	9.300541e-86	8.908794e-87	9.457489e-88	1.057519e-88	1.186805e-89	1.269440e-90	1.155628e-91	1.029531e-92	1.041386e-93	1.153337e-94	1.357234e-95	1.690378e-96	2.253861e-97	3.282490e-98	5.345863e-99	9.947085e-100	2.144647e-100	5.374590e-101	1.552689e-101	5.085105e-102	1.849224e-102	7.315900e-103	3.094572e-103	1.381608e-103	
R643	7.008511e-71	5.071639e-68	9.138449e-66	3.820984e-63	1.876882e-61	2.208511e-61	1.441805e-61	7.867481e-62	3.671129e-62	1.258843e-62	3.342444e-63	7.246504e-64	1.246261e-64	1.677590e-65	1.691413e-66	1.196316e-67	5.166558e-69	1.217987e-70	1.483466e-72	8.957985e-75	2.936392e-77	1.112753e-79	1.567375e-81	6.120220e-83	3.790496e-84	2.880471e-85	2.447511e-86	2.344419e-87	2.488813e-88	2.782944e-89	3.123170e-90	3.340632e-91	3.041128e-92	2.709291e-93	2.740490e-94	3.035098e-95	3.571668e-96	4.448363e-97	5.931213e-98	8.638131e-99	1.406806e-99	2.617654e-100	5.643807e-101	1.414366e-101	4.086023e-102	1.338185e-102	4.866378e-103	1.925237e-103	8.143610e-104	3.635810e-104	
R644	1.950196e-17	5.890019e-17	3.649093e-16	7.512288e-15	3.818616e-15	1.176277e-15	4.779866e-16	2.030385e-16	7.515670e-17	1.898369e-17	2.247902e-18	2.907264e-19	9.892172e-20	6.585699e-20	5.048889e-20	3.864427e-20	3.092480e-20	2.462076e-20	1.887754e-20	1.507439e-20	1.223931e-20	6.851009e-21	2.261926e-21	6.669505e-22	2.090288e-22	6.676691e-23	2.117922e-23	6.718792e-24	2.116014e-24	6.510738e-25	1.936981e-25	5.512844e-26	1.429734e-26	3.690678e-27	1.024545e-27	2.895350e-28	8.420462e-29	2.539671e-29	7.967662e-30	2.600061e-30	8.816000e-31	3.102900e-31	1.132764e-31	4.286083e-32	1.679700e-32	6.817793e-33	2.873000e-33	1.267457e-33	5.990477e-34	3.312762e-34	
R645	6.555751e+00	2.284898e+02	1.178339e+04	4.026235e+05	5.164069e+05	3.991724e+05	3.068912e+05	2.190067e+05	1.412450e+05	9.707940e+04	8.139049e+04	6.089612e+04	3.740662e+04	2.335691e+04	1.481448e+04	9.404731e+03	6.140940e+03	3.961823e+03	2.421426e+03	1.438377e+03	8.110031e+02	3.352472e+02	8.576860e+01	1.762001e+01	3.645973e+00	8.002790e-01	1.804622e-01	4.040404e-02	8.960143e-03	1.980328e-03	4.372065e-04	9.683451e-05	2.202660e-05	4.883990e-06	1.037560e-06	2.241949e-07	4.987533e-08	1.149150e-08	2.744120e-09	6.772065e-10	1.719952e-10	4.478270e-11	1.191876e-11	3.236077e-12	8.954011e-13	2.526060e-13	7.297887e-14	2.188612e-14	7.060074e-15	2.745520e-15	
M2	8.691782e-15	8.365683e-15	4.002492e-14	1.870359e-13	4.372980e-16	7.508984e-18	4.519654e-19	4.306658e-20	4.800308e-21	1.397287e-21	7.197013e-21	6.691713e-20	9.110194e-20	6.168015e-20	4.248691e-20	4.050385e-20	5.238305e-20	7.905671e-20	1.303310e-19	2.260066e-19	3.834263e-19	4.696707e-19	3.011655e-19	1.510862e-19	1.060962e-19	2.900471e-18	1.368136e-16	1.327058e-15	3.141512e-15	6.864928e-15	1.384526e-14	2.018165e-14	2.111615e-14	1.662600e-14	1.034515e-14	5.416960e-15	2.496402e-15	1.048921e-15	4.142815e-16	2.963963e-15	8.816276e-14	2.035966e-12	1.663755e-11	6.313782e-11	1.399698e-10	2.125728e-10	2.493247e-10	2.448227e-10	2.076193e-10	1.488305e-10	
M3	2.145661e-03	9.213816e-04	1.297095e-03	2.078413e-01	1.885171e-01	8.963779e-03	6.915651e-04	6.192020e-05	4.652716e-06	3.212564e-07	2.423265e-08	1.669988e-09	1.448745e-10	1.982680e-11	3.413808e-12	7.244154e-13	2.356101e-13	1.018165e-13	4.982212e-14	2.621341e-14	1.051130e-14	1.581792e-15	1.152559e-16	1.280380e-17	2.550270e-18	6.643364e-19	1.904547e-19	7.662655e-20	9.041100e-20	5.650610e-19	6.621340e-18	4.659341e-17	1.676048e-16	3.347691e-16	4.089587e-16	3.425003e-16	2.162025e-16	1.109246e-16	4.904723e-17	1.954442e-17	7.257017e-18	2.573428e-18	8.874850e-19	3.017488e-19	1.022838e-19	3.494081e-20	1.218514e-20	4.409107e-21	1.684172e-21	6.938428e-22	
M4	1.198472e-04	3.056254e-03	2.166071e-01	1.762005e+02	2.262252e+03	1.073007e+03	4.565479e+02	1.788079e+02	5.880858e+01	1.751337e+01	5.136400e+00	1.313300e+00	3.487907e-01	1.118375e-01	3.918186e-02	1.478885e-02	6.619366e-03	3.292912e-03	1.693538e-03	8.837738e-04	3.975546e-04	1.063530e-04	1.869990e-05	3.886848e-06	1.080509e-06	3.500020e-07	1.194885e-07	4.761847e-08	3.195730e-08	4.876998e-08	1.011022e-07	1.621226e-07	1.896191e-07	1.613034e-07	1.019718e-07	5.258802e-08	2.322034e-08	9.118008e-09	3.279830e-09	1.105676e-09	3.554445e-10	1.104129e-10	3.347887e-11	9.987104e-12	2.949790e-12	8.678642e-13	2.563260e-13	7.693043e-14	2.393293e-14	8.005077e-15	
M5	6.621781e-14	1.051226e-13	4.526797e-13	1.129312e-11	1.431560e-12	2.305888e-13	7.405410e-14	2.954301e-14	1.297833e-14	1.280918e-14	1.528147e-13	2.316405e-12	4.098445e-12	3.078665e-12	2.184574e-12	2.012146e-12	2.208518e-12	2.625138e-12	3.330038e-12	4.374873e-12	5.590864e-12	5.211828e-12	2.751522e-12	1.281401e-12	9.340355e-13	2.891017e-11	1.630120e-09	1.942978e-08	5.751170e-08	1.592800e-07	4.112021e-07	7.732020e-07	1.059621e-06	1.075768e-06	8.353889e-07	5.376053e-07	2.996868e-07	1.498615e-07	6.909383e-08	2.998804e-08	1.243939e-08	4.985202e-09	1.945383e-09	7.437060e-10	2.799792e-10	1.043322e-10	3.873466e-11	1.447980e-11	5.560974e-12	2.281837e-12	
M6	7.622942e-03	3.465820e-03	2.963253e-03	2.885106e-02	2.833173e-02	5.812891e-03	1.302849e-03	2.592397e-04	3.556900e-05	3.118445e-06	1.897008e-07	1.188609e-08	1.208976e-09	1.701672e-10	2.590986e-11	4.268612e-12	1.005593e-12	3.241305e-13	1.312149e-13	6.221758e-14	2.561254e-14	6.822366e-15	1.542254e-15	4.902455e-16	1.981184e-16	8.064165e-17	3.207678e-17	1.515118e-17	1.230345e-17	2.253227e-17	5.466972e-17	9.792704e-17	1.093392e-16	9.341207e-17	7.224030e-17	4.647179e-17	2.589782e-17	1.294722e-17	5.968060e-18	2.589745e-18	1.074020e-18	4.302939e-19	1.678400e-19	6.412438e-20	2.412223e-20	8.982054e-21	3.331225e-21	1.239439e-21	4.654446e-22	1.771606e-22	
M7	2.676146e-10	1.958996e-09	5.892076e-08	3.833516e-07	1.748501e-07	6.995829e-08	2.768802e-08	9.679689e-09	2.613801e-09	5.791275e-10	1.269946e-10	2.905610e-11	6.978475e-12	1.723127e-12	4.257886e-13	1.160910e-13	4.696956e-14	3.398834e-14	3.760210e-14	4.596569e-14	4.549568e-14	2.540200e-14	6.755189e-15	1.312341e-15	3.989097e-16	2.191854e-16	6.487393e-16	4.157672e-15	1.143981e-14	2.810886e-14	6.233733e-14	1.004804e-13	1.156766e-13	9.771939e-14	6.316249e-14	3.344748e-14	1.520361e-14	6.159259e-15	2.292065e-15	8.023149e-16	2.689323e-16	8.744280e-17	2.783228e-17	8.728327e-18	2.709764e-18	8.360718e-19	2.575851e-19	7.998597e-20	2.550902e-20	8.445234e-21	
M9	2.470167e-03	1.089208e-03	2.196385e-03	9.513559e-03	2.606691e-03	6.204887e-04	1.571443e-04	3.695078e-05	6.664782e-06	9.386718e-07	1.123625e-07	1.412393e-08	3.279826e-09	1.411063e-09	7.812522e-10	5.077788e-10	4.462013e-10	4.715323e-10	5.255673e-10	6.038045e-10	6.049730e-10	3.496409e-10	1.159007e-10	4.610657e-11	2.834812e-11	1.950310e-11	1.297241e-11	8.697014e-12	6.145836e-12	5.522698e-12	7.827814e-12	1.234362e-11	1.599078e-11	1.634093e-11	1.342621e-11	9.122051e-12	5.295680e-12	2.697789e-12	1.232736e-12	5.147475e-13	1.996175e-13	7.292395e-14	2.541708e-14	8.548007e-15	2.801393e-15	9.024937e-16	2.883602e-16	9.255177e-17	3.060626e-17	1.098549e-17	
M10	1.410086e+05	6.105669e+04	5.311481e+04	7.740645e+03	3.287542e+01	3.068396e+00	6.219155e-01	1.512298e-01	3.327720e-02	8.322569e-03	3.657861e-03	2.375845e-03	1.876611e-03	1.781830e-03	1.792438e-03	1.854275e-03	2.184041e-03	2.669066e-03	3.105891e-03	3.512520e-03	3.910711e-03	3.779027e-03	2.464858e-03	1.102471e-03	4.050217e-04	1.348807e-04	4.180435e-05	1.218216e-05	3.396558e-06	9.201387e-07	2.448839e-07	6.515744e-08	1.814371e-08	5.459652e-09	1.829953e-09	6.756026e-10	2.561770e-10	9.513896e-11	3.403001e-11	1.172514e-11	3.916224e-12	1.277351e-12	4.095448e-13	1.297776e-13	4.083374e-14	1.281599e-14	4.034050e-15	1.281550e-15	4.135714e-16	1.376527e-16	
M11	7.312102e-18	1.085718e-17	2.234982e-17	2.252981e-17	1.075357e-18	2.902090e-19	1.281365e-19	6.156231e-20	2.171902e-20	3.647295e-21	3.321294e-22	2.349132e-23	2.990320e-24	6.740472e-25	1.910684e-25	6.686591e-26	3.886137e-26	3.427117e-26	3.998682e-26	5.696988e-26	7.894027e-26	6.289331e-26	2.199832e-26	6.542605e-27	3.062243e-27	5.738988e-26	2.289704e-24	2.004127e-23	4.480248e-23	9.589822e-23	1.949361e-22	2.923689e-22	3.197114e-22	2.616799e-22	1.661609e-22	8.784662e-23	4.208597e-23	2.262214e-23	1.681293e-23	1.443677e-23	1.230140e-23	3.067115e-23	1.844337e-22	6.481838e-22	1.344134e-21	1.901576e-21	2.072257e-21	1.897396e-21	1.524080e-21	1.070258e-21	
M12	8.666140e+05	4.078794e+05	3.964381e+05	8.686881e+04	1.041116e+04	5.826180e+03	3.897937e+03	2.487414e+03	1.347139e+03	6.983591e+02	4.386260e+02	3.308425e+02	2.855814e+02	2.704577e+02	2.595272e+02	2.477470e+02	2.501770e+02	2.558564e+02	2.545507e+02	2.496030e+02	2.445253e+02	2.338426e+02	2.009766e+02	1.513673e+02	1.031874e+02	6.524600e+01	3.872508e+01	2.181391e+01	1.180269e+01	6.184696e+00	3.154391e+00	1.571017e+00	7.653067e-01	3.606440e-01	1.649088e-01	7.359817e-02	3.201668e-02	1.357560e-02	5.616873e-03	2.271073e-03	8.985102e-04	3.481467e-04	1.321978e-04	4.921595e-05	1.796764e-05	6.430243e-06	2.252807e-06	7.701765e-07	2.552709e-07	8.095377e-08	
M13	2.428818e+05	7.385435e+04	8.509098e+04	4.153658e+03	3.154519e+01	5.808040e+00	1.885464e+00	6.718016e-01	2.057400e-01	6.966194e-02	4.216598e-02	4.103357e-02	5.259237e-02	8.359940e-02	1.430591e-01	2.552163e-01	5.254021e-01	1.125553e+00	2.278345e+00	4.392393e+00	8.284821e+00	1.453545e+01	1.972227e+01	1.966163e+01	1.574154e+01	1.087189e+01	6.671223e+00	3.697492e+00	1.891640e+00	9.101895e-01	4.170420e-01	1.838486e-01	7.944543e-02	3.264886e-02	1.260655e-02	4.710123e-03	1.706333e-03	6.007242e-04	2.061861e-04	6.925966e-05	2.285861e-05	7.439065e-06	2.393875e-06	7.630530e-07	2.410411e-07	7.538838e-08	2.328407e-08	7.067498e-09	2.091324e-09	5.952115e-10	
M14	2.208071e-12	6.792982e-12	2.222531e-11	2.158839e-11	1.759778e-12	3.846504e-13	1.330135e-13	5.161166e-14	1.814413e-14	4.569858e-15	6.023473e-16	9.697643e-17	4.244161e-17	3.546999e-17	3.350198e-17	3.083645e-17	2.807379e-17	2.417648e-17	1.940444e-17	1.591849e-17	1.411169e-17	1.089264e-17	6.149891e-18	2.984078e-18	1.372388e-18	5.925457e-19	2.407044e-19	9.400891e-20	3.552965e-20	1.294167e-20	4.529520e-21	1.513999e-21	4.659340e-22	1.398915e-22	4.297136e-23	1.287869e-23	3.767881e-24	1.078551e-24	3.030894e-25	8.399095e-26	2.307019e-26	6.312672e-27	1.727927e-27	4.744287e-28	1.308027e-28	3.619173e-29	1.002797e-29	2.772277e-30	7.606439e-31	2.057413e-31	
M15	5.026619e-03	2.134733e-03	1.592069e-03	2.094521e-04	9.985169e-06	3.196813e-06	1.730478e-06	1.059434e-06	6.650957e-07	4.473849e-07	3.520572e-07	2.848446e-07	2.296378e-07	1.929010e-07	1.605228e-07	1.297547e-07	1.064502e-07	8.601935e-08	6.693663e-08	5.165395e-08	4.078619e-08	3.209088e-08	2.282235e-08	1.427290e-08	8.167760e-09	4.393904e-09	2.237026e-09	1.084314e-09	5.077144e-10	2.334148e-10	1.070085e-10	4.962096e-11	2.353545e-11	1.109785e-11	5.111137e-12	2.303033e-12	1.006149e-12	4.250609e-13	1.738769e-13	6.901349e-14	2.660581e-14	9.963001e-15	3.623598e-15	1.280536e-15	4.400744e-16	1.472676e-16	4.808636e-17	1.537333e-17	4.841137e-18	1.510420e-18	
M16	3.004746e+02	1.961977e+03	9.408717e+03	6.230741e+03	3.009658e+02	1.201324e+02	7.319022e+01	4.999234e+01	3.806055e+01	4.640783e+01	1.266454e+02	3.863533e+02	7.550640e+02	1.145289e+03	1.538025e+03	1.880439e+03	2.157772e+03	2.307736e+03	2.309842e+03	2.255265e+03	2.454046e+03	3.611937e+03	6.104670e+03	8.527710e+03	9.496821e+03	8.955948e+03	7.425595e+03	5.535082e+03	3.795044e+03	2.436359e+03	1.481512e+03	8.614646e+02	4.875512e+02	2.600684e+02	1.294538e+02	6.180219e+01	2.834355e+01	1.252091e+01	5.346825e+00	2.214947e+00	8.926746e-01	3.507813e-01	1.346225e-01	5.052341e-02	1.855780e-02	6.672357e-03	2.345918e-03	8.041488e-04	2.670383e-04	8.478008e-05	
M17	9.954410e+01	1.993686e+03	1.195381e+05	1.592537e+06	1.763889e+06	1.559000e+06	1.295456e+06	9.780282e+05	6.470178e+05	4.453275e+05	4.000912e+05	3.905430e+05	3.677217e+05	3.614369e+05	3.605207e+05	3.579094e+05	3.624349e+05	3.607893e+05	3.426355e+05	3.186520e+05	3.007849e+05	2.764268e+05	2.203834e+05	1.498812e+05	9.258831e+04	5.384828e+04	2.945001e+04	1.506628e+04	7.278787e+03	3.358522e+03	1.490010e+03	6.395237e+02	2.704115e+02	1.080864e+02	4.006715e+01	1.427381e+01	4.901950e+00	1.627456e+00	5.240417e-01	1.642236e-01	5.026025e-02	1.507219e-02	4.441890e-03	1.289370e-03	3.691253e-04	1.042617e-04	2.906003e-05	8.006682e-06	2.196660e-06	6.117120e-07	
M18	9.071385e+05	2.278330e+05	4.166490e+05	3.614727e+05	1.442460e+04	3.169471e+03	1.032912e+03	3.583243e+02	1.128502e+02	4.315417e+01	2.915686e+01	2.339710e+01	1.787320e+01	1.569169e+01	1.482916e+01	1.466744e+01	1.633540e+01	1.869438e+01	2.016851e+01	2.111942e+01	2.131007e+01	1.615895e+01	7.479226e+00	2.640126e+00	8.749452e-01	2.859878e-01	9.026310e-02	2.692834e-02	7.640046e-03	2.086226e-03	5.524520e-04	1.431956e-04	3.735925e-05	9.375997e-06	2.237607e-06	5.387794e-07	1.326188e-07	3.362751e-08	8.808459e-09	2.381894e-09	6.634077e-10	1.898488e-10	5.570312e-11	1.672783e-11	5.134934e-12	1.610654e-12	5.172258e-13	1.712762e-13	5.968603e-14	2.374370e-14	
M19	1.176330e-06	1.295030e-04	2.735466e-01	7.523828e+02	2.684673e+04	4.259338e+04	3.924744e+04	2.628845e+04	1.158296e+04	2.522028e+03	2.167509e+02	1.570709e+01	2.288515e+00	6.802590e-01	2.846305e-01	1.463653e-01	9.457844e-02	6.621657e-02	4.379611e-02	2.770969e-02	1.488968e-02	3.997219e-03	4.730757e-04	4.400798e-05	4.468616e-06	5.119120e-07	6.151318e-08	7.277978e-09	8.423714e-10	9.644973e-11	1.097964e-11	1.251202e-12	1.486594e-13	1.671379e-14	1.674202e-15	1.628016e-16	1.545845e-17	1.436952e-18	1.310990e-19	1.178284e-20	1.048635e-21	9.295710e-23	8.252487e-24	7.365308e-25	6.619355e-26	5.989964e-27	5.459690e-28	5.042060e-29	4.822108e-30	5.059054e-31	
M20	4.118794e-14	2.831036e-13	4.384438e-11	1.362382e-07	1.628631e-05	3.492689e-05	4.477606e-05	4.191586e-05	2.708234e-05	8.040603e-06	7.893571e-07	9.686589e-08	2.413693e-08	8.130340e-09	3.001698e-09	1.132410e-09	4.377622e-10	1.642723e-10	5.722193e-11	1.917521e-11	5.908603e-12	1.213283e-12	1.643443e-13	2.061099e-14	2.800040e-15	4.166501e-16	6.432431e-17	9.848362e-18	1.497159e-18	2.298557e-19	3.614822e-20	5.912221e-21	1.041945e-21	1.807847e-22	2.910587e-23	4.586956e-24	7.029868e-25	1.045166e-25	1.508991e-26	2.119962e-27	2.902724e-28	3.878092e-29	5.061230e-30	6.460510e-31	8.075673e-32	9.898939e-33	1.193446e-33	1.426601e-34	1.724404e-35	2.191981e-36	
M21	0.000000e+00	0.000000e+00	0.000000e+00	0.000000e+00	0.000000e+00	0.000000e+00	0.000000e+00	1.502751e-26	1.644789e-26	3.226086e-27	1.620686e-28	3.487125e-30	1.580201e-31	0.000000e+00	0.000000e+00	0.000000e+00	9.432577e-33	2.845171e-32	5.415104e-32	8.092955e-32	6.890835e-32	2.787626e-32	3.355044e-33	3.435757e-34	3.094938e-35	4.934449e-36	3.909569e-38	0.000000e+00	0.000000e+00	2.161065e-41	6.577074e-40	0.000000e+00	0.000000e+00	0.000000e+00	0.000000e+00	0.000000e+00	0.000000e+00	0.000000e+00	0.000000e+00	0.000000e+00	0.000000e+00	0.000000e+00	0.000000e+00	0.000000e+00	0.000000e+00	0.000000e+00	0.000000e+00	0.000000e+00	0.000000e+00	0.000000e+00	
M22	2.555928e-39	1.595745e-39	5.783879e-39	6.687242e-38	2.072371e-40	1.111071e-41	1.926773e-41	5.387172e-41	1.193898e-40	4.432988e-40	1.042657e-38	3.038311e-37	1.311512e-36	2.672981e-36	4.945861e-36	1.128408e-35	3.152225e-35	9.543049e-35	3.035562e-34	1.019969e-33	3.721571e-33	1.214850e-32	2.265036e-32	2.909473e-32	4.488095e-32	2.409564e-30	2.067032e-28	3.454427e-27	1.351781e-26	4.716409e-26	1.473156e-25	3.234323e-25	4.964457e-25	5.580964e-25	4.852594e-25	3.473815e-25	2.141703e-25	1.178882e-25	5.978984e-26	5.389939e-25	1.984148e-23	5.574928e-22	5.454778e-21	2.442130e-20	6.302839e-20	1.101562e-19	1.472183e-19	1.632823e-19	1.550295e-19	1.230213e-19	
M23	4.143404e-14	1.034328e-14	5.778023e-15	2.140427e-15	1.680111e-16	1.524112e-16	1.684537e-15	1.991188e-14	1.501871e-13	7.832625e-13	1.958650e-12	3.872698e-12	7.884181e-12	1.619749e-11	3.029518e-11	5.066512e-11	7.952198e-11	1.159029e-10	1.572610e-10	2.116145e-10	3.204915e-10	5.892100e-10	1.046495e-09	1.422458e-09	1.517864e-09	1.369469e-09	1.089260e-09	7.833137e-10	5.211697e-10	3.261770e-10	1.939743e-10	1.104398e-10	6.095719e-11	3.181760e-11	1.564124e-11	7.399766e-12	3.372758e-12	1.483420e-12	6.310867e-13	2.604165e-13	1.045217e-13	4.090626e-14	1.564339e-14	5.855114e-15	2.147104e-15	7.715238e-16	2.713057e-16	9.301620e-17	3.084641e-17	9.743718e-18	
M24	7.724085e-19	3.343783e-19	1.650861e-19	2.601211e-19	2.212327e-19	4.410363e-19	8.027632e-18	1.476488e-16	1.835771e-15	1.460452e-14	4.046335e-14	7.010824e-14	1.108245e-13	1.569796e-13	1.898583e-13	1.942325e-13	1.670849e-13	1.245474e-13	8.389252e-14	5.409483e-14	3.773176e-14	3.169958e-14	2.803445e-14	2.152908e-14	1.441310e-14	8.840024e-15	5.086813e-15	2.779003e-15	1.461296e-15	7.471380e-16	3.733532e-16	1.830034e-16	8.882198e-17	4.157904e-17	1.864227e-17	8.173648e-18	3.505194e-18	1.470631e-18	6.040214e-19	2.430360e-19	9.586051e-20	3.708399e-20	1.407621e-20	5.244001e-21	1.917556e-21	6.879139e-22	2.417174e-22	8.287284e-23	2.751006e-23	8.712466e-24	
M25	3.967652e-38	1.132751e-38	4.300114e-39	1.699087e-38	1.939431e-38	1.221787e-37	6.485591e-35	3.545299e-32	8.889446e-30	9.171470e-28	1.184708e-26	6.621544e-26	3.457867e-25	1.559830e-24	5.467546e-24	1.481626e-23	3.145729e-23	5.561817e-23	8.817396e-23	1.372627e-22	2.585672e-22	7.222999e-22	2.255949e-21	5.161494e-21	8.493437e-21	1.115246e-20	1.246221e-20	1.226548e-20	1.096823e-20	9.127888e-21	7.174311e-21	5.385220e-21	3.954924e-21	2.711028e-21	1.707138e-21	1.026577e-21	5.902503e-22	3.249114e-22	1.715402e-22	8.703018e-23	4.250369e-23	2.001228e-23	9.097309e-24	3.998974e-24	1.702560e-24	7.029415e-25	2.814553e-25	1.089983e-25	4.051055e-26	1.420255e-26	
M26	1.531557e-19	9.125488e-19	2.361870e-18	1.320482e-17	7.316095e-18	1.592792e-17	3.643229e-16	8.963877e-15	1.762882e-13	3.293938e-12	3.556473e-11	2.273374e-10	8.159890e-10	1.916509e-09	3.376071e-09	4.646942e-09	4.965190e-09	4.421649e-09	3.570511e-09	2.832702e-09	2.766679e-09	4.619916e-09	1.076134e-08	2.104799e-08	3.162708e-08	3.925675e-08	4.241219e-08	4.111590e-08	3.667632e-08	3.062651e-08	2.418718e-08	1.820572e-08	1.326189e-08	9.042912e-09	5.733841e-09	3.467128e-09	2.000972e-09	1.104456e-09	5.846408e-10	2.975378e-10	1.458340e-10	6.891754e-11	3.143240e-11	1.385191e-11	5.906484e-12	2.439875e-12	9.766933e-13	3.781602e-13	1.407358e-13	4.959014e-14	
M27	3.553448e-08	1.963019e-08	1.170069e-08	6.286423e-08	4.755154e-08	8.502306e-09	2.558584e-09	9.262840e-10	3.677391e-10	1.550428e-10	6.034580e-11	2.029128e-11	7.238418e-12	3.017450e-12	1.340635e-12	6.082318e-13	2.792182e-13	1.237102e-13	5.129902e-14	2.005411e-14	7.384900e-15	2.362848e-15	6.601142e-16	1.853405e-16	5.478119e-17	1.644090e-17	4.860058e-18	1.410760e-18	4.042721e-19	1.157247e-19	3.445332e-20	1.193779e-20	5.658187e-21	3.573101e-21	2.348044e-21	1.440013e-21	8.041259e-22	4.138989e-22	2.005365e-22	9.287542e-23	4.131798e-23	1.762285e-23	7.190563e-24	2.810538e-24	1.058076e-24	3.873870e-25	1.402751e-25	5.165114e-26	2.048226e-26	1.103435e-26	
M28	4.160430e-13	1.733669e-13	4.452154e-13	2.122343e-10	5.264933e-09	1.936450e-09	7.433533e-10	2.760910e-10	8.860358e-11	2.001680e-11	2.572121e-12	4.601121e-13	1.357554e-13	4.693850e-14	1.687799e-14	6.037143e-15	2.105042e-15	6.877715e-16	2.073872e-16	5.946999e-17	1.623044e-17	3.641654e-18	7.067408e-19	1.410164e-19	2.967105e-20	6.342533e-21	1.329491e-21	2.707736e-22	5.401822e-23	1.073901e-23	2.222506e-24	5.375512e-25	1.807128e-25	8.032293e-26	3.633892e-26	1.531529e-26	5.870840e-27	2.072516e-27	6.881651e-28	2.182727e-28	6.645891e-29	1.938714e-29	5.406289e-30	1.442913e-30	3.705119e-31	9.239298e-32	2.274247e-32	5.676977e-33	1.520081e-33	5.495579e-34	
M29	1.185269e-24	3.426171e-24	5.593514e-23	8.213024e-20	4.587924e-18	8.487873e-18	1.469027e-17	2.287367e-17	2.401975e-17	1.440648e-17	4.700048e-18	2.780215e-18	1.937048e-18	8.563274e-19	2.798969e-19	7.062926e-20	1.330998e-20	2.012481e-21	2.655517e-22	3.330271e-23	4.484306e-24	6.735194e-25	1.112944e-25	1.761338e-26	2.646826e-27	3.975279e-28	5.903878e-29	8.493014e-30	1.206722e-30	1.750721e-31	2.671283e-32	4.412192e-33	8.266722e-34	1.566911e-34	2.779921e-35	4.841949e-36	8.127403e-37	1.304529e-37	2.000217e-38	2.928086e-39	4.079147e-40	5.378832e-41	6.676816e-42	7.770879e-43	8.460883e-44	8.614527e-45	8.221161e-46	7.402816e-47	6.373649e-48	5.320494e-49	
M31	5.497691e-01	6.131814e+00	2.726846e+01	8.836571e+01	7.244256e+01	9.304023e+01	1.210732e+02	1.460072e+02	1.754255e+02	2.519392e+02	4.863885e+02	8.813378e+02	1.092865e+03	9.833478e+02	7.303767e+02	4.689382e+02	2.747583e+02	1.545824e+02	8.731582e+01	5.040455e+01	3.193312e+01	2.839105e+01	3.492884e+01	4.298522e+01	4.583869e+01	4.226690e+01	3.516521e+01	2.752429e+01	2.057314e+01	1.469946e+01	1.004577e+01	6.551420e+00	3.975095e+00	2.329535e+00	1.372484e+00	7.828812e-01	4.312219e-01	2.294596e-01	1.181282e-01	5.890619e-02	2.845967e-02	1.331543e-02	6.030079e-03	2.643212e-03	1.122066e-03	4.616327e-04	1.841086e-04	7.108176e-05	2.643941e-05	9.353156e-06	
M32	1.862550e-07	1.966399e-06	7.073491e-06	1.461762e-05	5.121554e-06	4.100967e-06	4.795464e-06	6.412823e-06	1.115077e-05	2.912681e-05	1.092990e-04	3.116255e-04	4.688630e-04	4.716357e-04	3.865712e-04	2.684145e-04	1.546201e-04	7.776370e-05	3.626938e-05	1.648657e-05	8.389396e-06	5.971459e-06	5.481733e-06	4.819982e-06	3.811330e-06	2.792555e-06	1.921493e-06	1.249455e-06	7.805296e-07	4.771493e-07	2.901919e-07	1.783305e-07	1.129318e-07	7.025686e-08	4.176256e-08	2.406192e-08	1.331566e-08	7.062063e-09	3.595642e-09	1.760631e-09	8.290976e-10	3.749843e-10	1.626924e-10	6.770751e-11	2.706175e-11	1.041252e-11	3.870998e-12	1.397825e-12	4.940557e-13	1.719704e-13	
M33	9.590391e-12	7.602797e-11	1.166689e-09	2.104579e-07	2.361586e-06	3.769398e-06	5.403614e-06	7.045848e-06	9.273786e-06	1.194613e-05	1.344130e-05	1.858903e-05	2.121924e-05	1.618441e-05	9.789556e-06	4.899509e-06	1.981990e-06	6.879667e-07	2.193903e-07	6.819099e-08	2.352738e-08	1.061750e-08	6.152819e-09	3.559673e-09	1.891504e-09	9.439174e-10	4.448606e-10	1.980724e-10	8.472686e-11	3.553213e-11	1.486326e-11	6.303787e-12	2.778039e-12	1.197338e-12	4.875855e-13	1.923375e-13	7.284735e-14	2.643369e-14	9.205310e-15	3.081914e-15	9.919359e-16	3.064924e-16	9.079351e-17	2.578001e-17	7.023155e-18	1.839411e-18	4.646029e-19	1.136827e-19	2.712043e-20	6.332875e-21	
M34	1.504934e-04	2.392429e-02	5.448566e-01	5.611893e+00	1.984295e+00	1.984573e+00	2.633247e+00	4.002814e+00	8.763708e+00	4.437005e+01	6.359201e+02	7.426665e+03	2.835618e+04	5.337847e+04	7.334589e+04	8.011246e+04	6.624716e+04	4.459926e+04	2.669937e+04	1.518666e+04	1.055509e+04	1.388515e+04	2.948390e+04	5.588794e+04	8.357565e+04	1.056262e+05	1.172838e+05	1.162794e+05	1.054866e+05	8.949889e+04	7.198804e+04	5.556684e+04	4.256046e+04	3.029953e+04	1.946208e+04	1.187560e+04	6.896200e+03	3.823135e+03	2.031401e+03	1.037855e+03	5.107932e+02	2.423683e+02	1.109337e+02	4.901923e+01	2.093639e+01	8.653601e+00	3.463472e+00	1.340766e+00	4.996580e-01	1.769554e-01	
M35	2.517742e-05	1.199620e-02	3.321739e+00	6.657780e+02	5.188837e+03	1.097137e+04	1.880347e+04	2.944660e+04	5.059374e+04	1.240172e+05	4.760077e+05	1.481591e+06	2.428834e+06	2.697585e+06	2.504763e+06	2.022985e+06	1.381408e+06	8.344682e+05	4.696395e+05	2.569254e+05	1.560815e+05	1.301424e+05	1.362826e+05	1.337745e+05	1.166320e+05	9.338107e+04	6.935864e+04	4.782945e+04	3.097959e+04	1.906830e+04	1.122808e+04	6.363951e+03	3.541658e+03	1.844852e+03	8.814877e+02	4.011298e+02	1.743317e+02	7.259727e+01	2.907253e+01	1.123131e+01	4.195805e+00	1.518738e+00	5.336055e-01	1.823085e-01	6.066844e-02	1.969348e-02	6.246676e-03	1.943143e-03	5.981160e-04	1.857523e-04	
M36	4.378647e-08	7.029339e-08	1.852584e-07	7.041701e-05	1.858518e-03	3.924949e-03	5.931889e-03	7.915245e-03	1.147383e-02	2.359062e-02	7.389253e-02	1.773584e-01	2.129108e-01	1.689772e-01	1.105342e-01	6.195353e-02	2.867855e-02	1.148957e-02	4.205483e-03	1.469519e-03	5.607607e-04	2.862909e-04	1.806331e-04	1.085822e-04	6.031965e-05	3.216164e-05	1.645576e-05	8.007839e-06	3.785599e-06	1.885380e-06	1.242394e-06	1.258272e-06	1.498707e-06	1.602793e-06	1.441814e-06	1.129428e-06	7.983643e-07	5.274572e-07	3.346693e-07	2.066940e-07	1.242593e-07	7.228763e-08	4.052874e-08	2.191311e-08	1.147816e-08	5.868018e-09	2.961613e-09	1.498392e-09	7.847770e-10	5.190720e-10	
M37	0.000000e+00	0.000000e+00	0.000000e+00	0.000000e+00	0.000000e+00	0.000000e+00	0.000000e+00	0.000000e+00	0.000000e+00	0.000000e+00	0.000000e+00	0.000000e+00	0.000000e+00	0.000000e+00	0.000000e+00	0.000000e+00	0.000000e+00	0.000000e+00	0.000000e+00	0.000000e+00	0.000000e+00	0.000000e+00	0.000000e+00	0.000000e+00	0.000000e+00	0.000000e+00	0.000000e+00	0.000000e+00	0.000000e+00	0.000000e+00	0.000000e+00	0.000000e+00	0.000000e+00	0.000000e+00	0.000000e+00	0.000000e+00	0.000000e+00	0.000000e+00	0.000000e+00	0.000000e+00	0.000000e+00	0.000000e+00	0.000000e+00	0.000000e+00	0.000000e+00	0.000000e+00	0.000000e+00	0.000000e+00	0.000000e+00	0.000000e+00	
M38	5.134887e-05	2.281047e-05	8.959230e-05	8.506627e-03	1.518746e-02	5.381809e-03	1.718501e-03	5.002044e-04	1.207176e-04	2.585059e-05	4.792946e-06	6.866812e-07	1.287049e-07	4.094161e-08	1.661309e-08	7.829628e-09	4.669667e-09	3.102829e-09	1.994215e-09	1.228563e-09	6.104941e-10	1.326051e-10	1.189514e-11	1.243582e-12	2.328789e-13	5.675536e-14	1.452860e-14	3.832100e-15	1.076788e-15	3.919256e-16	2.305179e-16	1.561781e-16	9.448130e-17	4.531529e-17	1.686104e-17	5.488344e-18	1.644658e-18	4.711465e-19	1.324364e-19	3.714283e-20	1.049818e-20	3.007892e-21	8.767780e-22	2.607413e-22	7.935407e-23	2.483537e-23	8.071684e-24	2.784691e-24	1.073831e-24	5.352803e-25	
M39	2.306486e+05	9.952532e+04	1.713788e+05	7.487019e+05	5.315575e+05	4.023192e+05	3.079149e+05	2.193935e+05	1.414109e+05	9.721536e+04	8.169408e+04	6.160618e+04	3.833054e+04	2.426735e+04	1.561041e+04	1.004157e+04	6.620292e+03	4.297645e+03	2.638760e+03	1.573977e+03	8.991704e+02	3.934699e+02	1.170639e+02	3.066140e+01	8.461837e+00	2.505539e+00	7.620855e-01	2.297102e-01	6.840015e-02	2.023109e-02	5.959085e-03	1.756824e-03	5.310913e-04	1.564488e-04	4.430643e-05	1.276097e-05	3.776443e-06	1.154544e-06	3.649087e-07	1.188771e-07	3.972102e-08	1.354349e-08	4.692101e-09	1.646720e-09	5.845314e-10	2.099058e-10	7.649886e-11	2.854482e-11	1.114658e-11	4.942814e-12	
M40	2.460631e-30	4.894289e-29	2.816405e-27	7.570396e-25	3.449908e-24	9.420990e-25	2.698404e-25	7.527122e-26	1.703102e-26	1.767050e-27	3.195625e-29	4.279534e-31	2.800543e-32	5.706456e-33	1.577688e-33	4.836517e-34	1.892880e-34	8.822135e-35	4.499443e-35	2.530904e-35	1.247350e-35	2.842052e-36	3.265784e-37	5.383694e-38	1.580631e-38	5.315936e-39	1.761906e-39	6.284092e-40	2.500199e-40	1.300005e-40	1.032549e-40	8.654993e-41	5.434491e-41	2.863362e-41	1.415979e-41	6.057494e-42	2.319057e-42	8.191304e-43	2.739451e-43	8.867796e-44	2.829572e-44	9.028269e-45	2.911640e-45	9.565388e-46	3.219199e-46	1.115021e-46	3.997870e-47	1.501520e-47	6.079162e-48	2.838772e-48	
M41	1.425402e-08	4.295231e-08	2.288872e-07	2.631279e-06	3.463651e-06	2.345157e-06	1.396197e-06	7.171009e-07	3.104829e-07	1.332998e-07	6.559814e-08	2.745042e-08	8.722602e-09	2.828795e-09	9.539142e-10	3.237502e-10	1.100884e-10	3.572050e-11	1.059195e-11	3.013218e-12	8.121162e-13	1.465162e-13	1.497178e-14	1.212057e-15	9.836746e-17	8.386369e-18	7.292069e-19	6.251406e-20	5.261705e-21	4.381715e-22	3.636847e-23	3.047117e-24	2.672493e-25	2.364089e-26	2.046718e-27	1.837895e-28	1.739468e-29	1.753801e-30	1.893110e-31	2.186721e-32	2.690363e-33	3.500593e-34	4.779536e-35	6.799536e-36	1.002849e-36	1.530944e-37	2.430525e-38	4.082466e-39	7.618435e-40	1.963018e-40	
M42	1.639369e-04	6.943522e-05	9.927201e-05	2.796668e-04	8.405116e-05	3.838389e-05	2.481492e-05	1.734372e-05	1.275238e-05	1.059765e-05	9.959101e-06	7.652412e-06	4.669948e-06	2.819219e-06	1.678125e-06	9.685705e-07	5.546166e-07	3.044931e-07	1.555298e-07	7.674907e-08	3.654872e-08	1.349599e-08	3.409367e-09	7.599130e-10	1.792196e-10	4.560427e-11	1.196618e-11	3.118613e-12	8.070806e-13	2.100671e-13	5.569064e-14	1.527172e-14	4.465243e-15	1.308775e-15	3.732465e-16	1.085256e-16	3.225037e-17	9.822299e-18	3.068906e-18	9.812794e-19	3.194509e-19	1.052513e-19	3.492136e-20	1.163198e-20	3.886264e-21	1.304777e-21	4.431281e-22	1.546063e-22	5.735315e-23	2.501805e-23	
M43	4.910866e-09	1.526426e-09	9.134494e-09	2.214798e-06	2.113072e-05	1.916771e-05	1.521428e-05	1.042055e-05	5.831943e-06	2.397253e-06	6.768438e-07	2.561294e-07	1.227714e-07	5.869018e-08	2.696737e-08	1.172351e-08	4.916869e-09	1.932590e-09	6.948287e-10	2.394747e-10	7.849768e-11	1.856816e-11	2.976747e-12	4.371533e-13	6.929322e-14	1.201666e-14	2.161578e-15	3.859059e-16	6.839046e-17	1.221305e-17	2.227916e-18	4.220898e-19	8.613386e-20	1.753374e-20	3.427149e-21	6.824734e-22	1.388448e-22	2.893940e-23	6.185670e-24	1.352584e-24	3.010020e-25	6.776107e-26	1.535241e-26	3.489336e-27	7.946784e-28	1.816256e-28	4.191188e-29	9.909352e-30	2.481297e-30	7.261448e-31	
M44	1.596582e+03	3.757832e+02	1.232833e+03	2.131428e+04	4.950762e+03	1.419840e+03	4.999873e+02	1.748297e+02	5.429797e+01	2.013629e+01	1.204108e+01	7.148319e+00	3.535718e+00	1.966745e+00	1.175001e+00	7.368003e-01	5.267373e-01	3.909661e-01	2.734365e-01	1.851660e-01	1.137757e-01	4.127325e-02	7.172988e-03	9.754980e-04	1.420788e-04	2.276986e-05	3.777209e-06	6.173830e-07	9.862628e-08	1.545506e-08	2.380356e-09	3.628583e-10	5.635942e-11	8.536398e-12	1.261019e-12	1.959733e-13	3.281890e-14	6.000579e-15	1.200786e-15	2.616313e-16	6.154585e-17	1.549940e-17	4.149319e-18	1.174684e-18	3.506158e-19	1.103545e-19	3.686479e-20	1.332427e-20	5.470543e-21	3.043058e-21	
M45	0.000000e+00	0.000000e+00	0.000000e+00	0.000000e+00	0.000000e+00	0.000000e+00	0.000000e+00	1.508316e-60	5.704793e-60	2.643132e-60	7.078332e-61	5.211829e-62	3.581971e-63	0.000000e+00	0.000000e+00	0.000000e+00	2.691307e-63	3.167346e-62	1.331776e-61	3.162593e-61	3.102884e-61	2.466757e-61	7.449837e-62	2.355514e-62	4.946709e-63	2.753727e-63	3.555672e-66	0.000000e+00	0.000000e+00	1.120302e-68	2.358191e-64	0.000000e+00	0.000000e+00	0.000000e+00	0.000000e+00	0.000000e+00	0.000000e+00	0.000000e+00	0.000000e+00	0.000000e+00	0.000000e+00	0.000000e+00	0.000000e+00	0.000000e+00	0.000000e+00	0.000000e+00	0.000000e+00	0.000000e+00	0.000000e+00	0.000000e+00	
M46	0.000000e+00	0.000000e+00	0.000000e+00	0.000000e+00	0.000000e+00	0.000000e+00	0.000000e+00	2.191634e-24	6.744257e-24	1.031027e-23	1.893371e-23	1.561487e-23	7.001909e-24	0.000000e+00	0.000000e+00	0.000000e+00	5.359634e-24	1.311042e-23	1.817443e-23	1.861478e-23	1.363610e-23	1.239853e-23	8.821512e-24	6.048453e-24	2.981922e-24	2.175923e-24	7.070074e-26	0.000000e+00	0.000000e+00	1.949627e-27	2.001367e-25	0.000000e+00	0.000000e+00	0.000000e+00	0.000000e+00	0.000000e+00	0.000000e+00	0.000000e+00	0.000000e+00	0.000000e+00	0.000000e+00	0.000000e+00	0.000000e+00	0.000000e+00	0.000000e+00	0.000000e+00	0.000000e+00	0.000000e+00	0.000000e+00	0.000000e+00	
M47	0.000000e+00	0.000000e+00	0.000000e+00	0.000000e+00	0.000000e+00	0.000000e+00	0.000000e+00	1.595208e-27	1.488868e-28	1.562796e-30	5.381904e-33	2.134713e-35	3.946892e-37	0.000000e+00	0.000000e+00	0.000000e+00	2.665599e-40	5.127737e-40	1.015933e-39	2.207720e-39	2.812115e-39	2.879027e-39	2.305119e-39	2.383580e-39	1.604954e-39	1.118448e-39	2.851793e-41	0.000000e+00	0.000000e+00	4.141055e-43	2.969589e-41	0.000000e+00	0.000000e+00	0.000000e+00	0.000000e+00	0.000000e+00	0.000000e+00	0.000000e+00	0.000000e+00	0.000000e+00	0.000000e+00	0.000000e+00	0.000000e+00	0.000000e+00	0.000000e+00	0.000000e+00	0.000000e+00	0.000000e+00	0.000000e+00	0.000000e+00	
M48	0.000000e+00	0.000000e+00	0.000000e+00	0.000000e+00	0.000000e+00	0.000000e+00	0.000000e+00	4.588139e-26	2.621944e-26	5.900239e-27	2.242437e-27	7.043064e-28	1.896755e-28	0.000000e+00	0.000000e+00	0.000000e+00	6.091087e-29	1.545433e-28	2.417272e-28	3.054576e-28	2.705753e-28	2.427502e-28	1.361059e-28	7.633436e-29	2.817255e-29	1.570647e-29	6.647523e-31	0.000000e+00	0.000000e+00	3.565861e-32	1.946280e-31	0.000000e+00	0.000000e+00	0.000000e+00	0.000000e+00	0.000000e+00	0.000000e+00	0.000000e+00	0.000000e+00	0.000000e+00	0.000000e+00	0.000000e+00	0.000000e+00	0.000000e+00	0.000000e+00	0.000000e+00	0.000000e+00	0.000000e+00	0.000000e+00	0.000000e+00	
M49	0.000000e+00	0.000000e+00	0.000000e+00	0.000000e+00	0.000000e+00	0.000000e+00	0.000000e+00	5.480431e-26	9.247690e-26	8.936258e-26	1.893286e-25	2.453225e-25	1.371643e-25	0.000000e+00	0.000000e+00	0.000000e+00	4.437459e-26	7.288952e-26	6.907276e-26	5.095030e-26	2.888905e-26	2.311034e-26	1.599959e-26	1.187623e-26	5.777175e-27	4.280193e-27	2.418230e-28	0.000000e+00	0.000000e+00	2.992159e-29	2.160844e-28	0.000000e+00	0.000000e+00	0.000000e+00	0.000000e+00	0.000000e+00	0.000000e+00	0.000000e+00	0.000000e+00	0.000000e+00	0.000000e+00	0.000000e+00	0.000000e+00	0.000000e+00	0.000000e+00	0.000000e+00	0.000000e+00	0.000000e+00	0.000000e+00	0.000000e+00	
M50	0.000000e+00	0.000000e+00	0.000000e+00	0.000000e+00	0.000000e+00	0.000000e+00	0.000000e+00	3.541893e-24	3.007141e-24	1.175367e-24	8.329238e-25	3.743462e-25	1.028552e-25	0.000000e+00	0.000000e+00	0.000000e+00	2.599884e-26	5.508279e-26	6.531679e-26	5.752523e-26	3.284051e-26	1.423654e-26	2.684331e-27	4.805309e-28	6.647454e-29	1.669628e-29	3.559929e-31	0.000000e+00	0.000000e+00	3.001716e-33	9.427952e-33	0.000000e+00	0.000000e+00	0.000000e+00	0.000000e+00	0.000000e+00	0.000000e+00	0.000000e+00	0.000000e+00	0.000000e+00	0.000000e+00	0.000000e+00	0.000000e+00	0.000000e+00	0.000000e+00	0.000000e+00	0.000000e+00	0.000000e+00	0.000000e+00	0.000000e+00	
M51	0.000000e+00	0.000000e+00	0.000000e+00	0.000000e+00	0.000000e+00	0.000000e+00	0.000000e+00	1.045255e-25	1.233548e-25	5.290985e-26	2.275918e-26	5.867203e-27	1.500315e-27	0.000000e+00	0.000000e+00	0.000000e+00	1.953146e-27	7.852569e-27	1.833053e-26	3.186562e-26	3.623183e-26	3.628104e-26	1.963608e-26	9.319948e-27	3.253478e-27	1.723891e-27	4.123560e-29	0.000000e+00	0.000000e+00	4.714723e-31	3.646347e-29	0.000000e+00	0.000000e+00	0.000000e+00	0.000000e+00	0.000000e+00	0.000000e+00	0.000000e+00	0.000000e+00	0.000000e+00	0.000000e+00	0.000000e+00	0.000000e+00	0.000000e+00	0.000000e+00	0.000000e+00	0.000000e+00	0.000000e+00	0.000000e+00	0.000000e+00	
M52	0.000000e+00	0.000000e+00	0.000000e+00	0.000000e+00	0.000000e+00	0.000000e+00	0.000000e+00	0.000000e+00	7.795401e-71	0.000000e+00	1.306736e-71	1.596081e-73	5.214971e-71	0.000000e+00	0.000000e+00	0.000000e+00	1.041418e-72	1.506173e-71	1.377614e-71	1.068694e-71	0.000000e+00	1.448054e-72	7.428409e-74	2.500000e-78	3.932526e-83	7.168169e-88	4.904898e-94	0.000000e+00	0.000000e+00	0.000000e+00	0.000000e+00	0.000000e+00	0.000000e+00	0.000000e+00	0.000000e+00	0.000000e+00	0.000000e+00	0.000000e+00	0.000000e+00	0.000000e+00	0.000000e+00	0.000000e+00	0.000000e+00	0.000000e+00	0.000000e+00	0.000000e+00	0.000000e+00	0.000000e+00	0.000000e+00	0.000000e+00	
M53	0.000000e+00	0.000000e+00	0.000000e+00	0.000000e+00	0.000000e+00	0.000000e+00	0.000000e+00	0.000000e+00	3.635629e-73	0.000000e+00	2.571649e-73	1.077778e-74	2.388633e-72	0.000000e+00	0.000000e+00	0.000000e+00	1.044019e-73	1.496354e-72	1.298972e-72	9.591694e-73	0.000000e+00	1.844213e-73	1.698985e-74	1.861587e-79	1.683367e-84	2.531337e-89	1.858075e-95	0.000000e+00	0.000000e+00	9.032894e-111	2.715391e-113	0.000000e+00	0.000000e+00	0.000000e+00	0.000000e+00	0.000000e+00	0.000000e+00	0.000000e+00	0.000000e+00	0.000000e+00	0.000000e+00	0.000000e+00	0.000000e+00	0.000000e+00	0.000000e+00	0.000000e+00	0.000000e+00	0.000000e+00	0.000000e+00	0.000000e+00	
M54	2.592942e-80	2.306037e-78	0.000000e+00	3.143307e-80	0.000000e+00	0.000000e+00	4.974620e-83	0.000000e+00	9.253957e-84	0.000000e+00	2.279763e-84	5.088045e-87	9.310932e-81	0.000000e+00	0.000000e+00	7.205371e-82	1.020198e-83	2.124171e-82	4.793900e-83	1.327611e-83	0.000000e+00	3.446021e-85	3.014824e-87	1.060043e-95	1.224892e-104	7.237725e-114	2.612162e-123	6.404324e-133	1.154285e-142	0.000000e+00	0.000000e+00	0.000000e+00	0.000000e+00	0.000000e+00	0.000000e+00	0.000000e+00	0.000000e+00	0.000000e+00	0.000000e+00	0.000000e+00	0.000000e+00	0.000000e+00	0.000000e+00	0.000000e+00	0.000000e+00	0.000000e+00	0.000000e+00	0.000000e+00	3.693263e-101	0.000000e+00	
M55	2.927731e-152	3.795614e-149	0.000000e+00	0.000000e+00	0.000000e+00	0.000000e+00	7.815734e-155	1.913227e-162	3.271941e-163	8.468886e-156	2.052747e-163	4.727915e-171	0.000000e+00	0.000000e+00	0.000000e+00	1.254518e-153	1.473136e-155	4.034987e-154	5.076492e-155	8.996035e-155	1.376947e-156	1.234544e-156	1.853602e-158	2.873861e-166	3.663853e-174	4.794382e-182	6.422100e-190	8.613467e-198	1.155623e-205	1.564635e-213	2.146352e-221	2.997250e-229	4.363134e-237	6.342664e-245	8.723447e-253	0.000000e+00	0.000000e+00	0.000000e+00	0.000000e+00	0.000000e+00	0.000000e+00	0.000000e+00	0.000000e+00	0.000000e+00	0.000000e+00	0.000000e+00	0.000000e+00	0.000000e+00	0.000000e+00	0.000000e+00	
M56	6.649563e-08	1.426808e-08	4.039449e-08	5.765882e-07	2.825824e-08	1.732507e-09	1.986454e-10	2.528979e-11	2.537874e-12	2.938471e-13	7.461382e-14	3.051196e-14	1.705285e-14	1.366439e-14	1.248168e-14	1.209337e-14	1.376986e-14	1.674017e-14	1.979070e-14	2.298108e-14	2.505939e-14	2.099088e-14	1.253767e-14	8.272022e-15	7.207316e-15	1.468421e-14	7.843504e-13	1.275893e-11	4.571354e-11	1.379626e-10	3.578413e-10	6.371762e-10	7.917875e-10	7.085221e-10	4.751904e-10	2.601827e-10	1.221885e-10	5.116235e-11	1.969112e-11	7.133312e-12	2.476877e-12	8.357023e-13	2.767826e-13	9.065870e-14	2.953463e-14	9.616863e-15	3.144644e-15	1.034944e-15	3.393980e-16	1.063568e-16	
M57	7.022413e+03	2.534956e+03	3.216853e+03	8.941858e+03	7.360341e+02	6.812663e+01	1.064317e+01	1.886995e+00	2.900251e-01	4.660916e-02	1.076995e-02	2.852684e-03	8.836499e-04	3.656255e-04	1.723091e-04	9.012744e-05	6.022945e-05	4.586145e-05	3.551133e-05	2.783931e-05	1.923094e-05	7.961170e-06	2.023578e-06	5.513035e-07	1.851392e-07	6.798479e-08	2.519139e-08	1.062320e-08	7.424944e-09	1.166811e-08	2.471689e-08	4.028459e-08	4.744251e-08	4.097228e-08	2.683087e-08	1.444672e-08	6.703553e-09	2.782312e-09	1.063856e-09	3.835059e-10	1.326759e-10	4.464419e-11	1.475742e-11	4.827311e-12	1.571260e-12	5.113064e-13	1.671730e-13	5.522386e-14	1.851457e-14	6.324506e-15	
M58	5.914872e-02	2.359352e-02	3.551103e-02	1.170445e-01	2.627452e-02	5.303534e-03	1.157582e-03	2.274433e-04	3.018908e-05	2.645054e-06	1.979188e-07	1.941089e-08	3.580720e-09	1.100081e-09	4.123060e-10	1.768986e-10	1.026098e-10	7.194624e-11	5.362273e-11	4.162146e-11	2.810606e-11	1.082796e-11	2.449983e-12	6.859472e-13	2.956690e-13	1.411289e-13	6.469078e-14	2.891263e-14	1.251877e-14	5.136015e-15	1.972397e-15	6.981307e-16	2.101829e-16	6.274202e-17	2.065379e-17	6.648500e-18	2.094908e-18	6.512819e-19	2.021361e-19	6.332355e-20	2.010582e-20	6.443936e-21	2.069085e-21	6.617930e-22	2.104973e-22	6.677008e-23	2.132986e-23	7.001469e-24	2.485499e-24	1.220434e-24	
M73	7.204922e-12	8.921470e-12	2.766720e-11	4.454311e-10	2.620376e-11	2.048433e-12	3.508399e-13	8.098496e-14	2.211912e-14	1.452586e-14	1.222582e-13	1.338567e-12	1.700274e-12	9.223760e-13	4.787895e-13	3.270896e-13	2.671528e-13	2.359068e-13	2.215117e-13	2.145677e-13	2.025368e-13	1.391730e-13	5.357261e-14	1.806468e-14	9.576703e-15	2.178608e-13	9.110240e-12	8.092108e-11	1.791411e-10	3.725684e-10	7.253699e-10	1.033841e-09	1.084479e-09	8.477084e-10	5.064055e-10	2.526978e-10	1.103271e-10	4.368445e-11	1.612751e-11	5.669484e-12	1.927815e-12	6.413803e-13	2.105230e-13	6.858477e-14	2.227730e-14	7.242965e-15	2.368731e-15	7.861787e-16	2.698270e-16	9.962348e-17	
M85	4.371912e-33	1.609596e-31	1.780354e-30	4.107013e-29	4.282314e-29	1.320843e-29	5.746090e-30	2.783735e-30	1.203063e-30	2.173167e-31	5.549012e-33	1.481110e-34	2.676276e-35	1.485094e-35	9.582989e-36	5.513857e-36	2.749666e-36	1.193377e-36	4.736051e-37	2.007220e-37	9.635956e-38	3.655608e-38	9.573601e-39	2.493584e-39	7.056776e-40	1.980360e-40	5.446878e-41	1.526671e-41	4.329434e-42	1.206952e-42	3.243975e-43	8.205540e-44	1.763608e-44	3.803632e-45	9.296195e-46	2.235652e-46	5.283550e-47	1.229904e-47	2.830057e-48	6.470388e-49	1.479178e-49	3.403231e-50	7.923969e-51	1.874080e-51	4.509702e-52	1.103884e-52	2.743965e-53	6.909085e-54	1.757744e-54	4.518417e-55	
M86	6.374025e-18	2.520024e-17	9.894244e-17	5.989870e-15	5.804639e-15	7.013220e-16	1.283626e-16	2.668366e-17	4.774765e-18	5.254799e-19	2.274640e-20	9.909046e-22	1.309551e-22	3.906958e-23	1.439418e-23	5.680778e-24	2.648122e-24	1.353974e-24	7.139212e-25	4.056675e-25	2.136895e-25	6.089660e-26	9.873625e-27	1.912459e-27	4.992824e-28	1.442531e-28	4.218471e-29	1.432924e-29	8.161759e-30	1.041540e-29	1.772136e-29	2.273510e-29	1.972579e-29	1.277753e-29	6.749197e-30	2.942700e-30	1.109946e-30	3.762503e-31	1.181497e-31	3.521077e-32	1.015243e-32	2.875177e-33	8.089688e-34	2.280445e-34	6.480499e-35	1.866013e-35	5.474103e-36	1.647154e-36	5.120827e-37	1.662508e-37	
M88	7.261869e+02	2.522075e+02	1.372994e+02	2.290623e+00	5.479488e-02	1.018224e-02	2.196318e-03	4.244704e-04	6.021261e-05	6.786322e-06	7.919245e-07	1.242099e-07	3.028928e-08	1.022944e-08	3.963688e-09	1.686364e-09	9.048334e-10	5.694650e-10	3.891510e-10	2.824026e-10	2.009812e-10	1.319308e-10	7.485589e-11	3.614103e-11	1.541170e-11	5.960659e-12	2.156440e-12	7.985236e-13	3.963842e-13	4.485723e-13	8.455229e-13	1.313453e-12	1.425386e-12	1.149115e-12	7.438054e-13	3.956323e-13	1.807540e-13	7.351801e-14	2.738264e-14	9.544894e-15	3.164200e-15	1.008934e-15	3.117510e-16	9.377288e-17	2.753082e-17	7.903676e-18	2.223377e-18	6.143884e-19	1.670469e-19	4.503267e-20	
M89	3.285557e+05	1.616329e+05	3.185866e+05	1.597031e+06	1.302601e+06	1.134380e+06	9.996105e+05	8.123783e+05	5.819520e+05	4.279012e+05	3.778720e+05	3.222745e+05	2.502793e+05	2.056826e+05	1.742978e+05	1.501256e+05	1.376043e+05	1.286296e+05	1.170943e+05	1.054747e+05	9.082099e+04	6.030363e+04	2.791883e+04	1.151492e+04	4.921983e+03	2.198188e+03	9.933292e+02	4.438652e+02	1.955854e+02	8.514986e+01	3.665861e+01	1.565150e+01	6.702969e+00	2.815014e+00	1.164059e+00	4.898401e-01	2.118158e-01	9.463011e-02	4.371005e-02	2.081153e-02	1.016394e-02	5.065628e-03	2.565390e-03	1.316163e-03	6.829983e-04	3.585707e-04	1.910553e-04	1.042315e-04	5.951050e-05	3.858495e-05	
M90	2.226097e-11	2.025160e-10	3.592602e-09	7.541858e-07	9.911832e-06	1.866015e-05	3.177298e-05	4.933089e-05	7.699059e-05	1.168245e-04	1.562737e-04	2.709788e-04	4.111880e-04	4.284177e-04	3.594031e-04	2.533875e-04	1.477135e-04	7.530184e-05	3.577331e-05	1.669671e-05	8.642839e-06	5.866307e-06	5.157881e-06	4.535698e-06	3.626089e-06	2.685732e-06	1.864227e-06	1.220296e-06	7.661331e-07	4.701182e-07	2.867288e-07	1.765789e-07	1.120087e-07	6.976023e-08	4.149373e-08	2.391525e-08	1.323563e-08	7.018524e-09	3.572043e-09	1.747907e-09	8.222940e-10	3.713923e-10	1.608271e-10	6.675728e-11	2.658742e-11	1.018046e-11	3.759496e-12	1.344977e-12	4.691391e-13	1.601776e-13	
P1	2.005570e-06	1.108334e-04	8.545038e-03	6.797889e-01	1.111949e+01	2.918976e+01	5.428907e+01	8.645626e+01	1.245353e+02	1.661332e+02	2.068823e+02	2.385245e+02	2.602043e+02	2.765274e+02	2.886442e+02	2.947758e+02	2.945443e+02	2.926661e+02	2.949446e+02	3.091995e+02	3.483748e+02	4.367444e+02	6.102296e+02	8.917497e+02	1.268641e+03	1.693751e+03	2.089993e+03	2.369258e+03	2.473649e+03	2.398480e+03	2.190985e+03	1.929843e+03	1.687216e+03	1.467982e+03	1.255403e+03	1.044515e+03	8.351010e+02	6.394846e+02	4.709008e+02	3.359808e+02	2.339264e+02	1.596056e+02	1.068597e+02	7.021543e+01	4.529021e+01	2.870426e+01	1.791714e+01	1.107451e+01	6.864594e+00	4.384988e+00
P2	0.000000e+00	0.000000e+00	0.000000e+00	0.000000e+00	0.000000e+00	0.000000e+00	0.000000e+00	0.000000e+00	0.000000e+00	0.000000e+00	0.000000e+00	0.000000e+00	1.061017e-213	2.182830e-145	8.327350e-98	5.092575e-65	8.632000e-43	6.416247e-28	4.550473e-18	1.422436e-11	2.908672e-07	2.315983e-04	3.214755e-02	7.950239e-01	7.605952e+00	3.814538e+01	1.219976e+02	2.891066e+02	5.566671e+02	9.140775e+02	1.320929e+03	1.726699e+03	2.086683e+03	2.321127e+03	2.370206e+03	2.254601e+03	2.024641e+03	1.741638e+03	1.451398e+03	1.176592e+03	9.253183e+02	7.023361e+02	5.128923e+02	3.604888e+02	2.445966e+02	1.609222e+02	1.032211e+02	6.506907e+01	4.090595e+01	2.638917e+01
P3	1.086543e-07	9.351940e-05	2.969147e-02	2.013195e+01	6.105058e+02	1.497019e+03	2.656337e+03	4.199459e+03	7.236564e+03	1.771448e+04	6.706117e+04	2.054312e+05	3.335516e+05	3.677900e+05	3.392038e+05	2.720374e+05	1.839961e+05	1.095407e+05	6.030664e+04	3.188794e+04	1.837701e+04	1.418659e+04	1.362369e+04	1.246484e+04	1.042801e+04	8.260948e+03	6.222394e+03	4.422794e+03	2.982583e+03	1.922028e+03	1.186882e+03	7.045480e+02	4.095572e+02	2.215054e+02	1.090882e+02	5.087496e+01	2.254645e+01	9.532682e+00	3.861794e+00	1.504784e+00	5.657266e-01	2.057191e-01	7.252048e-02	2.483679e-02	8.279646e-03	2.691085e-03	8.544072e-04	2.659648e-04	8.190590e-05	2.548040e-05
P4	4.819214e-07	4.321862e-04	1.432263e-01	1.012050e+02	3.191973e+03	8.114810e+03	1.486673e+04	2.415572e+04	4.259154e+04	1.062575e+05	4.085280e+05	1.266649e+06	2.075017e+06	2.302765e+06	2.133483e+06	1.716468e+06	1.163468e+06	6.936545e+05	3.822396e+05	2.022334e+05	1.165901e+05	9.002510e+04	8.646486e+04	7.911614e+04	6.619063e+04	5.243617e+04	3.949641e+04	2.807317e+04	1.893124e+04	1.219934e+04	7.533066e+03	4.471513e+03	2.599072e+03	1.405444e+03	6.919752e+02	3.226009e+02	1.429121e+02	6.039950e+01	2.445936e+01	9.527631e+00	3.580890e+00	1.301822e+00	4.588259e-01	1.571121e-01	5.236823e-02	1.701916e-02	5.403075e-03	1.681798e-03	5.178992e-04	1.611094e-04
P5	9.899987e-02	1.437409e+00	8.466841e+01	5.487024e+03	3.975657e+04	6.031420e+04	6.945916e+04	6.728829e+04	5.121649e+04	2.606796e+04	7.983966e+03	2.322700e+03	1.021128e+03	6.496155e+02	4.870524e+02	4.038481e+02	3.835525e+02	3.880035e+02	3.893825e+02	3.870876e+02	3.528556e+02	2.282788e+02	1.003241e+02	3.953954e+01	1.605175e+01	6.763216e+00	2.880349e+00	1.215140e+00	5.063911e-01	2.089664e-01	8.546626e-02	3.469063e-02	1.409345e-02	5.595473e-03	2.140940e-03	8.074522e-04	3.009231e-04	1.109628e-04	4.053583e-05	1.469762e-05	5.302934e-06	1.909533e-06	6.881133e-07	2.486249e-07	9.014435e-08	3.279625e-08	1.197505e-08	4.401279e-09	1.646170e-09	6.448699e-10
P6	2.371853e+06	8.268800e+05	1.135738e+06	1.257338e+06	1.142306e+06	9.086738e+05	6.151007e+05	3.460551e+05	1.373931e+05	3.322464e+04	5.119492e+03	1.174082e+03	6.143307e+02	4.467353e+02	3.391952e+02	2.601042e+02	2.570411e+02	3.037424e+02	3.452023e+02	3.798719e+02	4.097901e+02	4.341114e+02	4.502909e+02	4.550090e+02	4.441141e+02	4.156031e+02	3.706141e+02	3.139802e+02	2.536468e+02	1.967226e+02	1.474197e+02	1.075706e+02	7.739430e+01	5.486312e+01	3.797433e+01	2.559452e+01	1.665939e+01	1.044037e+01	6.311453e+00	3.696739e+00	2.108454e+00	1.176505e+00	6.448968e-01	3.485322e-01	1.863665e-01	9.897856e-02	5.249960e-02	2.809638e-02	1.550204e-02	9.215095e-03
P7	1.126531e+02	1.835894e+02	1.118258e+03	8.685068e+03	4.578833e+04	9.802363e+04	1.246272e+05	1.109947e+05	6.688036e+04	2.481185e+04	6.237761e+03	1.355249e+03	2.771075e+02	5.848425e+01	1.489173e+01	5.806623e+00	3.843238e+00	3.395309e+00	3.146878e+00	2.825563e+00	2.149060e+00	1.005328e+00	2.840343e-01	6.386212e-02	1.318884e-02	2.637869e-03	5.178959e-04	9.970196e-05	1.883016e-05	3.499651e-06	6.416881e-07	1.164191e-07	2.103066e-08	3.773264e-09	6.622891e-10	1.147788e-10	1.968927e-11	3.350196e-12	5.665054e-13	9.536250e-14	1.600638e-14	2.683209e-15	4.500566e-16	7.572562e-17	1.283619e-17	2.209790e-18	3.927356e-19	7.463090e-20	1.647194e-20	5.323098e-21
P8	1.323299e-07	9.240863e-08	3.299139e-07	2.054501e-05	4.296251e-04	7.603984e-04	1.050823e-03	1.236882e-03	1.230365e-03	7.963711e-04	2.731034e-04	1.299128e-04	8.984313e-05	5.951298e-05	3.692115e-05	2.144190e-05	1.160087e-05	5.970805e-06	2.990650e-06	1.495857e-06	7.524094e-07	3.596455e-07	1.728666e-07	8.741683e-08	4.569220e-08	2.443353e-08	1.317530e-08	7.099874e-09	3.840357e-09	2.105717e-09	1.183242e-09	6.888132e-10	4.196797e-10	2.595737e-10	1.593427e-10	9.721916e-11	5.838570e-11	3.438458e-11	1.985205e-11	1.123809e-11	6.231603e-12	3.378621e-12	1.788205e-12	9.233073e-13	4.652575e-13	2.291239e-13	1.105873e-13	5.257718e-14	2.483988e-14	1.178360e-14
P9	3.220854e-10	1.525557e-09	7.823022e-09	2.069407e-07	6.149980e-07	7.089906e-07	9.722575e-07	1.399446e-06	1.596384e-06	1.583273e-06	1.596509e-06	2.097481e-06	2.250117e-06	1.619943e-06	9.323653e-07	4.498658e-07	1.791499e-07	6.212558e-08	1.987654e-08	6.174780e-09	2.069041e-09	8.330243e-10	3.846107e-10	1.690126e-10	6.939049e-11	2.776029e-11	1.089267e-11	4.178998e-12	1.587534e-12	6.075642e-13	2.377872e-13	9.653746e-14	4.151498e-14	1.794169e-14	7.523094e-15	3.121485e-15	1.269294e-15	5.037022e-16	1.948947e-16	7.346675e-17	2.691706e-17	9.550401e-18	3.268669e-18	1.075473e-18	3.392726e-19	1.024281e-19	2.957931e-20	8.183207e-21	2.178612e-21	5.601191e-22
P10	2.649296e-09	1.237785e-08	6.324202e-08	1.661648e-06	4.902031e-06	5.608593e-06	7.629483e-06	1.087789e-05	1.225677e-05	1.196784e-05	1.187124e-05	1.546397e-05	1.658073e-05	1.194202e-05	6.875281e-06	3.317993e-06	1.321507e-06	4.583151e-07	1.466432e-07	4.555756e-08	1.526581e-08	6.146339e-09	2.837824e-09	1.247058e-09	5.119997e-10	2.048309e-10	8.037238e-11	3.083509e-11	1.171376e-11	4.482972e-12	1.754537e-12	7.123118e-13	3.063227e-13	1.323847e-13	5.550997e-14	2.303222e-14	9.365627e-15	3.716622e-15	1.438052e-15	5.420825e-16	1.986105e-16	7.046869e-17	2.411824e-17	7.935499e-18	2.503360e-18	7.557773e-19	2.182542e-19	6.038069e-20	1.607513e-20	4.132901e-21
P11	5.095275e-02	7.206168e-02	8.155009e-02	8.299970e-02	7.888694e-02	7.266337e-02	6.634065e-02	6.039035e-02	5.451495e-02	4.849727e-02	4.249692e-02	3.788925e-02	3.390888e-02	2.929628e-02	2.440358e-02	1.955101e-02	1.497980e-02	1.103794e-02	7.880047e-03	5.496929e-03	3.784326e-03	2.572433e-03	1.723267e-03	1.145727e-03	7.633413e-04	5.110066e-04	3.424016e-04	2.287920e-04	1.525184e-04	1.015850e-04	6.765840e-05	4.510134e-05	3.018778e-05	2.012826e-05	1.330648e-05	8.783668e-06	5.790907e-06	3.815631e-06	2.516670e-06	1.665021e-06	1.106262e-06	7.376441e-07	4.925424e-07	3.285327e-07	2.185259e-07	1.448742e-07	9.580768e-08	6.335030e-08	4.206665e-08	2.825881e-08
P12	2.230781e-28	1.657863e-27	2.229491e-25	3.457807e-22	4.972450e-20	3.058754e-19	1.694059e-18	5.874958e-18	7.898381e-18	4.713400e-18	1.569620e-18	7.977911e-19	5.107375e-19	2.289095e-19	7.685712e-20	2.016998e-20	4.071862e-21	6.660276e-22	9.432791e-23	1.236079e-23	1.644002e-24	2.354415e-25	3.686933e-26	5.804174e-27	8.872184e-28	1.343588e-28	2.012275e-29	2.938955e-30	4.220567e-31	6.104922e-32	9.142861e-33	1.461137e-33	2.601905e-34	4.841353e-35	8.692290e-36	1.527553e-36	2.600395e-37	4.253300e-38	6.664336e-39	9.991223e-40	1.429945e-40	1.946214e-41	2.508399e-42	3.051183e-43	3.495748e-44	3.770668e-45	3.834885e-46	3.692557e-47	3.393409e-48	3.152066e-49
P13	1.733006e-28	1.485462e-27	2.197065e-25	3.702369e-22	5.731011e-20	3.807108e-19	2.302997e-18	8.871981e-18	1.354361e-17	9.398272e-18	3.678044e-18	2.088314e-18	1.401925e-18	6.481232e-19	2.226825e-19	5.942040e-20	1.213695e-20	2.001259e-21	2.849770e-22	3.747917e-23	4.996802e-24	7.167501e-25	1.123596e-25	1.770066e-26	2.706958e-27	4.100647e-28	6.142782e-29	8.972903e-30	1.288704e-30	1.864195e-31	2.791986e-32	4.462062e-33	7.945942e-34	1.478520e-34	2.654600e-35	4.665134e-36	7.941622e-37	1.298964e-37	2.035303e-38	3.051347e-39	4.367097e-40	5.943802e-41	7.660736e-42	9.318420e-43	1.067614e-43	1.151576e-44	1.171188e-45	1.127721e-46	1.036360e-47	9.626527e-49
P14	1.388784e-04	6.776667e-05	9.195340e-05	1.976730e-04	7.331310e-05	3.573291e-05	2.370321e-05	1.691548e-05	1.262573e-05	1.055666e-05	9.880219e-06	7.605205e-06	4.669379e-06	2.820406e-06	1.679321e-06	9.701663e-07	5.552093e-07	3.047775e-07	1.558764e-07	7.694225e-08	3.659203e-08	1.360588e-08	3.502082e-09	7.880004e-10	1.854099e-10	4.697847e-11	1.230413e-11	3.207649e-12	8.305128e-13	2.161343e-13	5.725216e-14	1.567589e-14	4.567844e-15	1.338420e-15	3.821476e-16	1.110204e-16	3.295804e-17	1.002643e-17	3.129026e-18	9.994493e-19	3.250997e-19	1.070535e-19	3.550791e-20	1.182530e-20	3.950415e-21	1.326124e-21	4.502315e-22	1.569702e-22	5.816087e-23	2.535303e-23
P15	5.950667e-08	4.223176e-07	1.336183e-06	3.796702e-06	1.021428e-05	1.231486e-05	1.146748e-05	8.875758e-06	5.692815e-06	2.931179e-06	1.217192e-06	4.794996e-07	1.926456e-07	7.971613e-08	3.337896e-08	1.377777e-08	5.526278e-09	2.116671e-09	7.618710e-10	2.609517e-10	8.483685e-11	2.329788e-11	5.186950e-12	1.020700e-12	1.902147e-13	3.475034e-14	6.287571e-15	1.125472e-15	1.995708e-16	3.522874e-17	6.226740e-18	1.111087e-18	2.031819e-19	3.797163e-20	7.103374e-21	1.343884e-21	2.580900e-22	5.051684e-23	1.011498e-23	2.076231e-24	4.367082e-25	9.385860e-26	2.052375e-26	4.545781e-27	1.016265e-27	2.289428e-28	5.205075e-29	1.203417e-29	2.899872e-30	8.288212e-31
P16	1.688504e-22	2.036391e-15	2.104608e-14	4.438728e-10	4.992694e-09	1.362184e-08	2.297223e-08	2.600787e-08	2.180701e-08	1.488641e-08	8.554015e-09	4.938116e-09	3.059960e-09	1.990394e-09	1.271220e-09	7.527542e-10	4.050254e-10	1.959619e-10	8.476702e-11	3.353130e-11	1.221001e-11	3.670006e-12	8.787585e-13	1.835031e-13	3.591912e-14	6.837785e-15	1.280921e-15	2.361037e-16	4.291124e-17	7.733420e-18	1.391095e-18	2.520347e-19	4.673819e-20	8.855702e-21	1.680019e-21	3.223501e-22	6.275471e-23	1.243886e-23	2.518957e-24	5.222515e-25	1.108214e-25	2.400198e-26	5.283159e-27	1.176631e-27	2.642330e-28	5.973805e-29	1.361911e-29	3.155387e-30	7.615694e-31	2.179383e-31
P17	1.212255e-22	1.462019e-15	1.510995e-14	3.186767e-10	3.584484e-09	9.779751e-09	1.649284e-08	1.867228e-08	1.565629e-08	1.068766e-08	6.141335e-09	3.545309e-09	2.196892e-09	1.429000e-09	9.126699e-10	5.404387e-10	2.907874e-10	1.406905e-10	6.085835e-11	2.407374e-11	8.766157e-12	2.634876e-12	6.309034e-13	1.317458e-13	2.578808e-14	4.909178e-15	9.196356e-16	1.695103e-16	3.080806e-17	5.552198e-18	9.987350e-19	1.809480e-19	3.355562e-20	6.357939e-21	1.206167e-21	2.314308e-22	4.505466e-23	8.930461e-24	1.808482e-24	3.749498e-25	7.956408e-26	1.723219e-26	3.793037e-27	8.447606e-28	1.897057e-28	4.288885e-29	9.777820e-30	2.265406e-30	5.467677e-31	1.564685e-31
P18	4.672805e-18	1.141394e-16	2.040782e-13	6.192694e-10	2.050271e-07	1.711260e-06	8.011694e-06	1.879240e-05	1.759686e-05	6.370536e-06	9.408286e-07	1.231674e-07	2.348359e-08	6.863168e-09	2.432857e-09	9.086573e-10	3.479515e-10	1.301267e-10	4.559867e-11	1.532570e-11	4.758936e-12	1.056929e-12	1.640196e-13	2.218180e-14	3.022895e-15	4.383191e-16	6.645895e-17	1.015033e-17	1.545820e-18	2.368783e-19	3.698333e-20	5.970958e-21	1.026649e-21	1.777395e-22	2.914776e-23	4.646615e-24	7.205362e-25	1.085212e-25	1.587958e-26	2.260775e-27	3.136344e-28	4.244952e-29	5.611749e-30	7.254607e-31	9.181841e-32	1.139197e-32	1.388764e-33	1.673072e-34	2.020904e-35	2.619984e-36
P19	1.168215e-18	2.854566e-17	5.108914e-14	1.552283e-10	5.145231e-08	4.298394e-07	2.014110e-06	4.728798e-06	4.433146e-06	1.607417e-06	2.378781e-07	3.122297e-08	5.971985e-09	1.751738e-09	6.234457e-10	2.337974e-10	8.986291e-11	3.371291e-11	1.184274e-11	3.987601e-12	1.239839e-12	2.756093e-13	4.279688e-14	5.790205e-15	7.892993e-16	1.144699e-16	1.735842e-17	2.651398e-18	4.038125e-19	6.188193e-20	9.661773e-21	1.559923e-21	2.682174e-22	4.643579e-23	7.615121e-24	1.213976e-24	1.882481e-25	2.835242e-26	4.148731e-27	5.906551e-28	8.194088e-29	1.109047e-29	1.466140e-30	1.895358e-31	2.398872e-32	2.976298e-33	3.628322e-34	4.371115e-35	5.279870e-36	6.845043e-37
P20	7.487738e+03	6.956164e+03	5.319760e+03	6.163223e+02	2.639770e+02	1.813716e+02	1.112151e+02	6.122894e+01	2.963187e+01	1.290600e+01	5.205980e+00	2.066470e+00	8.946375e-01	4.496287e-01	2.505499e-01	1.497224e-01	9.581054e-02	6.327926e-02	4.188237e-02	2.767968e-02	1.792137e-02	1.062844e-02	5.471450e-03	2.582521e-03	1.242977e-03	6.335911e-04	3.356301e-04	1.915599e-04	1.524092e-04	2.890084e-04	9.565899e-04	2.750187e-03	6.094467e-03	1.013751e-02	1.279799e-02	1.347102e-02	1.236815e-02	1.025452e-02	7.885085e-03	5.735703e-03	4.002998e-03	2.706062e-03	1.782694e-03	1.148693e-03	7.257065e-04	4.505541e-04	2.758265e-04	1.673187e-04	1.011449e-04	6.181441e-05
P21	6.859406e+03	6.337938e+03	4.796173e+03	5.474044e+02	2.307590e+02	1.560648e+02	9.423999e+01	5.109651e+01	2.433480e+01	1.041922e+01	4.134185e+00	1.625040e+00	7.013457e-01	3.518857e-01	1.958474e-01	1.169347e-01	7.478545e-02	4.937352e-02	3.267004e-02	2.158757e-02	1.397539e-02	8.287601e-03	4.266188e-03	2.013571e-03	9.691179e-04	4.939876e-04	2.616758e-04	1.493497e-04	1.188253e-04	2.253236e-04	7.457978e-04	2.144158e-03	4.751491e-03	7.903608e-03	9.977817e-03	1.050253e-02	9.642690e-03	7.994823e-03	6.147516e-03	4.471775e-03	3.120891e-03	2.109750e-03	1.389857e-03	8.955652e-04	5.657887e-04	3.512693e-04	2.150449e-04	1.304481e-04	7.885643e-05	4.819289e-05
P22	4.196593e-03	4.960304e-03	5.603351e-03	2.547376e-02	5.469218e-03	2.184742e-03	1.379525e-03	8.885102e-04	5.153525e-04	2.570378e-04	1.105073e-04	4.240707e-05	1.655854e-05	7.436717e-06	3.732212e-06	2.042350e-06	1.262414e-06	8.444824e-07	5.780994e-07	3.970100e-07	2.494278e-07	1.116412e-07	3.156340e-08	9.622969e-09	4.852462e-09	3.135333e-09	2.137750e-09	1.491636e-09	1.046976e-09	7.252445e-10	4.902684e-10	3.195883e-10	1.922795e-10	1.161944e-10	7.436619e-11	4.728126e-11	2.987586e-11	1.888792e-11	1.206746e-11	7.859588e-12	5.227152e-12	3.527831e-12	2.394077e-12	1.622636e-12	1.096265e-12	7.409769e-13	5.061769e-13	3.548737e-13	2.618173e-13	2.183953e-13
P23	4.264908e-04	5.148900e-04	5.901942e-04	2.723187e-03	5.950939e-04	2.425984e-04	1.565161e-04	1.029592e-04	6.090137e-05	3.091204e-05	1.349278e-05	5.243518e-06	2.067993e-06	9.358617e-07	4.723212e-07	2.595140e-07	1.608653e-07	1.078161e-07	7.390027e-08	5.079311e-08	3.192886e-08	1.429614e-08	4.042807e-09	1.232763e-09	6.217014e-10	4.017327e-10	2.739264e-10	1.911420e-10	1.341655e-10	9.293857e-11	6.282761e-11	4.095538e-11	2.464083e-11	1.489050e-11	9.530164e-12	6.059189e-12	3.828656e-12	2.420530e-12	1.546474e-12	1.007225e-12	6.698720e-13	4.521000e-13	3.068067e-13	2.079448e-13	1.404891e-13	9.495800e-14	6.486781e-14	4.547793e-14	3.355253e-14	2.798789e-14
P24	1.410636e-03	1.246328e-02	7.833368e-02	6.747111e-01	1.611671e+01	3.317198e+01	3.299843e+01	2.227154e+01	1.016333e+01	3.017347e+00	6.980370e-01	1.528161e-01	3.262905e-02	6.863927e-03	1.426055e-03	2.932263e-04	5.903560e-05	1.168441e-05	2.322229e-06	4.776972e-07	1.039494e-07	2.237453e-08	4.823135e-09	1.057642e-09	2.339245e-10	5.188855e-11	1.148275e-11	2.521090e-12	5.483625e-13	1.184134e-13	2.547372e-14	5.491234e-15	1.199126e-15	2.654139e-16	5.856683e-17	1.296437e-17	2.878991e-18	6.417166e-19	1.436757e-19	3.233185e-20	7.315223e-21	1.664093e-21	3.805115e-22	8.741844e-23	2.016719e-23	4.669276e-24	1.084493e-24	2.528455e-25	5.991425e-26	1.659532e-26
P25	3.413937e-08	1.947650e-08	1.275130e-08	7.266022e-08	2.102302e-07	7.295004e-08	2.694333e-08	9.524419e-09	2.766709e-09	5.861432e-10	1.051427e-10	2.612417e-11	8.429126e-12	3.310492e-12	1.418242e-12	6.300724e-13	2.861959e-13	1.261977e-13	5.224647e-14	2.042269e-14	7.513992e-15	2.399496e-15	6.702315e-16	1.879280e-16	5.545118e-17	1.663453e-17	4.919675e-18	1.429393e-18	4.109046e-19	1.202059e-19	4.152103e-20	2.352576e-20	2.065358e-20	1.852606e-20	1.405082e-20	9.055490e-21	5.074585e-21	2.544697e-21	1.172893e-21	5.074178e-22	2.089016e-22	8.250176e-23	3.141308e-23	1.158230e-23	4.156562e-24	1.461971e-24	5.094862e-25	1.789654e-25	6.532170e-26	2.753590e-26
P26	4.755009e-11	1.044094e-10	3.090453e-10	1.032114e-09	3.375947e-09	2.040125e-09	9.463718e-10	3.825574e-10	1.339200e-10	3.754434e-11	7.948011e-12	1.517574e-12	3.045468e-13	7.366097e-14	2.174844e-14	7.173169e-15	2.426254e-15	7.914700e-16	2.421539e-16	7.030499e-17	1.941594e-17	4.651583e-18	9.759492e-19	1.984235e-19	4.117129e-20	8.704339e-21	1.831637e-21	3.777727e-22	7.636128e-23	1.529441e-23	3.130362e-24	7.141625e-25	2.134896e-25	8.611159e-26	3.788213e-26	1.604183e-26	6.262383e-27	2.258247e-27	7.643668e-28	2.463657e-28	7.612038e-29	2.255179e-29	6.397686e-30	1.738973e-30	4.546151e-31	1.151609e-31	2.864132e-32	7.154467e-33	1.890113e-33	6.502617e-34
P27	7.104882e-14	3.285023e-13	8.603015e-13	2.066725e-12	6.439226e-12	8.977914e-12	8.322469e-12	6.124335e-12	3.875996e-12	2.204616e-12	1.145738e-12	5.439223e-13	2.380731e-13	9.922062e-14	3.997326e-14	1.570154e-14	6.012167e-15	2.255580e-15	8.348064e-16	3.062254e-16	1.122405e-16	4.119505e-17	1.508727e-17	5.525247e-18	2.038110e-18	7.598073e-19	2.857788e-19	1.082928e-19	4.161071e-20	1.659594e-20	7.289324e-21	3.782449e-21	2.259278e-21	1.384313e-21	8.000025e-22	4.232981e-22	2.050786e-22	9.225376e-23	3.918749e-23	1.596053e-23	6.310406e-24	2.444899e-24	9.346142e-25	3.542098e-25	1.335299e-25	5.018929e-26	1.885590e-26	7.126875e-27	2.784303e-27	1.254440e-27
P28	1.522475e-14	7.039336e-14	1.843503e-13	4.428697e-13	1.379834e-12	1.923839e-12	1.783386e-12	1.312357e-12	8.305705e-13	4.724178e-13	2.455154e-13	1.165548e-13	5.101566e-14	2.126156e-14	8.565698e-15	3.364615e-15	1.288321e-15	4.833385e-16	1.788871e-16	6.561972e-17	2.405153e-17	8.827511e-18	3.232986e-18	1.183982e-18	4.367378e-19	1.628158e-19	6.123831e-20	2.320561e-20	8.916581e-21	3.556272e-21	1.561998e-21	8.105247e-22	4.841310e-22	2.966385e-22	1.714291e-22	9.070674e-23	4.394541e-23	1.976866e-23	8.397319e-24	3.420114e-24	1.352230e-24	5.239070e-25	2.002745e-25	7.590210e-26	2.861354e-26	1.075485e-26	4.040551e-27	1.527187e-27	5.966363e-28	2.688086e-28
P29	1.522475e-14	7.039336e-14	1.843503e-13	4.428697e-13	1.379834e-12	1.923839e-12	1.783386e-12	1.312357e-12	8.305705e-13	4.724178e-13	2.455154e-13	1.165548e-13	5.101566e-14	2.126156e-14	8.565698e-15	3.364615e-15	1.288321e-15	4.833385e-16	1.788871e-16	6.561972e-17	2.405153e-17	8.827511e-18	3.232986e-18	1.183982e-18	4.367378e-19	1.628158e-19	6.123831e-20	2.320561e-20	8.916581e-21	3.556272e-21	1.561998e-21	8.105247e-22	4.841310e-22	2.966385e-22	1.714291e-22	9.070674e-23	4.394541e-23	1.976866e-23	8.397319e-24	3.420114e-24	1.352230e-24	5.239070e-25	2.002745e-25	7.590210e-26	2.861354e-26	1.075485e-26	4.040551e-27	1.527187e-27	5.966363e-28	2.688086e-28
P30	0.000000e+00	0.000000e+00	0.000000e+00	0.000000e+00	0.000000e+00	0.000000e+00	0.000000e+00	6.798365e-30	2.209796e-29	5.742505e-29	4.766551e-28	2.051207e-27	2.580580e-27	0.000000e+00	0.000000e+00	0.000000e+00	1.641655e-26	4.228753e-26	5.518416e-26	5.307716e-26	3.873484e-26	2.638623e-26	1.604583e-26	1.020792e-26	5.692254e-27	3.150380e-27	4.122871e-28	0.000000e+00	0.000000e+00	0.000000e+00	9.525978e-30	0.000000e+00	0.000000e+00	0.000000e+00	0.000000e+00	0.000000e+00	0.000000e+00	0.000000e+00	0.000000e+00	0.000000e+00	0.000000e+00	0.000000e+00	0.000000e+00	0.000000e+00	0.000000e+00	0.000000e+00	0.000000e+00	0.000000e+00	0.000000e+00	0.000000e+00
P31	1.198713e-41	1.647437e-41	2.677367e-41	4.867790e-41	9.321452e-41	2.693515e-40	6.687703e-40	1.618344e-39	3.525353e-39	7.444902e-39	1.273409e-38	9.093050e-39	3.637759e-39	1.125196e-39	3.245915e-40	1.318328e-40	2.912091e-41	1.542977e-41	6.155562e-42	3.337391e-42	2.024737e-42	7.112154e-43	2.038779e-43	5.807118e-44	1.870542e-44	3.663519e-45	0.000000e+00	0.000000e+00	0.000000e+00	0.000000e+00	2.564513e-44	4.571433e-44	0.000000e+00	0.000000e+00	0.000000e+00	0.000000e+00	0.000000e+00	0.000000e+00	0.000000e+00	0.000000e+00	0.000000e+00	0.000000e+00	0.000000e+00	0.000000e+00	0.000000e+00	0.000000e+00	2.123081e-47	6.539236e-47	1.678792e-46	4.309047e-46
P32	0.000000e+00	0.000000e+00	0.000000e+00	0.000000e+00	0.000000e+00	0.000000e+00	0.000000e+00	0.000000e+00	0.000000e+00	0.000000e+00	0.000000e+00	0.000000e+00	0.000000e+00	0.000000e+00	0.000000e+00	0.000000e+00	7.790583e-210	6.822773e-140	1.585554e-93	6.247930e-63	1.044101e-42	2.320766e-29	1.331663e-20	7.600042e-15	5.363031e-11	1.901585e-08	2.219562e-06	5.165038e-05	2.875060e-04	1.442178e-03	6.502224e-03	2.060109e-02	4.548974e-02	7.323966e-02	9.050208e-02	9.115672e-02	7.838345e-02	5.974839e-02	4.159753e-02	2.706206e-02	1.672984e-02	9.947481e-03	5.739610e-03	3.235910e-03	1.793043e-03	9.820090e-04	5.352472e-04	2.935700e-04	1.655113e-04	9.998825e-05
P33	0.000000e+00	0.000000e+00	0.000000e+00	0.000000e+00	0.000000e+00	0.000000e+00	0.000000e+00	0.000000e+00	0.000000e+00	0.000000e+00	0.000000e+00	0.000000e+00	0.000000e+00	0.000000e+00	0.000000e+00	0.000000e+00	1.007075e-209	8.819682e-140	2.049618e-93	8.076592e-63	1.349691e-42	3.000015e-29	1.721418e-20	9.824445e-15	6.932698e-11	2.458147e-08	2.869190e-06	6.676757e-05	3.716541e-04	1.864279e-03	8.405314e-03	2.663067e-02	5.880381e-02	9.467566e-02	1.169905e-01	1.178367e-01	1.013249e-01	7.723573e-02	5.377242e-02	3.498266e-02	2.162638e-02	1.285894e-02	7.419496e-03	4.183006e-03	2.317836e-03	1.269426e-03	6.919049e-04	3.794929e-04	2.139536e-04	1.292531e-04
P34	0.000000e+00	0.000000e+00	0.000000e+00	0.000000e+00	0.000000e+00	0.000000e+00	0.000000e+00	0.000000e+00	0.000000e+00	0.000000e+00	0.000000e+00	0.000000e+00	0.000000e+00	0.000000e+00	0.000000e+00	0.000000e+00	1.140085e-210	9.984545e-141	2.320323e-94	9.143312e-64	1.527952e-43	3.396243e-30	1.948775e-21	1.112201e-15	7.848338e-12	2.782808e-09	3.248139e-07	7.558592e-06	4.207405e-05	2.110504e-04	9.515450e-04	3.014793e-03	6.657035e-03	1.071800e-02	1.324421e-02	1.334001e-02	1.147075e-02	8.743667e-03	6.087444e-03	3.960302e-03	2.448270e-03	1.455729e-03	8.399430e-04	4.735478e-04	2.623965e-04	1.437086e-04	7.832886e-05	4.296146e-05	2.422116e-05	1.463243e-05
P35	0.000000e+00	0.000000e+00	0.000000e+00	0.000000e+00	0.000000e+00	0.000000e+00	0.000000e+00	0.000000e+00	0.000000e+00	0.000000e+00	0.000000e+00	0.000000e+00	0.000000e+00	0.000000e+00	0.000000e+00	0.000000e+00	0.000000e+00	0.000000e+00	0.000000e+00	0.000000e+00	0.000000e+00	0.000000e+00	0.000000e+00	0.000000e+00	0.000000e+00	0.000000e+00	0.000000e+00	0.000000e+00	0.000000e+00	0.000000e+00	5.072971e-213	1.688718e-145	2.220777e-100	7.585329e-70	2.340225e-47	4.645894e-32	7.481465e-19	4.668777e-13	1.956068e-09	2.045821e-05	8.840071e-04	2.805282e-02	3.101565e-01	1.576449e+00	4.646649e+00	9.334270e+00	1.445177e+01	1.882409e+01	2.162744e+01	2.254000e+01
P36	4.296863e+00	4.083373e+03	1.789944e+04	6.290146e+04	1.288235e+05	1.901494e+05	2.531733e+05	3.035726e+05	3.460894e+05	3.994951e+05	4.628156e+05	5.323771e+05	6.088779e+05	6.950995e+05	7.711926e+05	8.110154e+05	8.032995e+05	7.564903e+05	6.842266e+05	6.023934e+05	5.251638e+05	4.567173e+05	3.972033e+05	3.473889e+05	3.066704e+05	2.728304e+05	2.429605e+05	2.152368e+05	1.898798e+05	1.671462e+05	1.460299e+05	1.252070e+05	1.045817e+05	8.399442e+04	6.464351e+04	4.824688e+04	3.514490e+04	2.513079e+04	1.772360e+04	1.237320e+04	8.573849e+03	5.908836e+03	4.056019e+03	2.776163e+03	1.896255e+03	1.293404e+03	8.814287e+02	6.004389e+02	4.090890e+02	2.789847e+02
P37	0.000000e+00	0.000000e+00	0.000000e+00	0.000000e+00	0.000000e+00	0.000000e+00	0.000000e+00	0.000000e+00	0.000000e+00	0.000000e+00	0.000000e+00	0.000000e+00	0.000000e+00	0.000000e+00	0.000000e+00	0.000000e+00	1.010291e-204	8.848853e-135	2.056744e-88	8.106712e-58	1.355248e-37	3.014591e-24	1.733526e-15	9.978276e-10	8.293589e-06	4.308384e-03	1.283181e+00	2.810020e+01	2.360882e+02	1.278093e+03	4.992458e+03	1.419935e+04	3.038665e+04	5.060753e+04	6.839332e+04	7.926100e+04	8.240390e+04	7.987197e+04	7.426502e+04	6.717345e+04	5.911872e+04	5.033120e+04	4.128409e+04	3.264839e+04	2.500846e+04	1.869442e+04	1.379567e+04	1.020610e+04	7.817968e+03	7.570161e+03
P38	0.000000e+00	0.000000e+00	0.000000e+00	0.000000e+00	0.000000e+00	0.000000e+00	0.000000e+00	0.000000e+00	0.000000e+00	0.000000e+00	0.000000e+00	0.000000e+00	0.000000e+00	0.000000e+00	0.000000e+00	0.000000e+00	0.000000e+00	0.000000e+00	0.000000e+00	0.000000e+00	0.000000e+00	0.000000e+00	0.000000e+00	0.000000e+00	0.000000e+00	0.000000e+00	0.000000e+00	0.000000e+00	0.000000e+00	0.000000e+00	0.000000e+00	0.000000e+00	0.000000e+00	0.000000e+00	0.000000e+00	0.000000e+00	0.000000e+00	0.000000e+00	0.000000e+00	0.000000e+00	0.000000e+00	0.000000e+00	0.000000e+00	0.000000e+00	0.000000e+00	0.000000e+00	0.000000e+00	0.000000e+00	0.000000e+00	0.000000e+00
P39	0.000000e+00	0.000000e+00	0.000000e+00	0.000000e+00	0.000000e+00	0.000000e+00	0.000000e+00	0.000000e+00	0.000000e+00	0.000000e+00	0.000000e+00	0.000000e+00	0.000000e+00	0.000000e+00	0.000000e+00	0.000000e+00	0.000000e+00	0.000000e+00	0.000000e+00	0.000000e+00	0.000000e+00	0.000000e+00	0.000000e+00	0.000000e+00	0.000000e+00	0.000000e+00	0.000000e+00	0.000000e+00	0.000000e+00	0.000000e+00	0.000000e+00	0.000000e+00	0.000000e+00	0.000000e+00	0.000000e+00	0.000000e+00	0.000000e+00	0.000000e+00	0.000000e+00	0.000000e+00	0.000000e+00	0.000000e+00	0.000000e+00	0.000000e+00	0.000000e+00	0.000000e+00	0.000000e+00	0.000000e+00	0.000000e+00	0.000000e+00
P40	1.108402e-01	1.963303e-01	2.399034e-01	2.507566e-01	4.478496e-01	4.969730e-01	4.516227e-01	3.827347e-01	3.231608e-01	2.810941e-01	2.491600e-01	2.173942e-01	1.844625e-01	1.549786e-01	1.287340e-01	1.039710e-01	8.011983e-02	5.874487e-02	4.114454e-02	2.773689e-02	1.820649e-02	1.166197e-02	7.245752e-03	4.361097e-03	2.553664e-03	1.457971e-03	8.099545e-04	4.367283e-04	2.291565e-04	1.177934e-04	5.990953e-05	3.066589e-05	1.623164e-05	8.937238e-06	5.046554e-06	2.899341e-06	1.665117e-06	9.450243e-07	5.278419e-07	2.902328e-07	1.573740e-07	8.430051e-08	4.467854e-08	2.346391e-08	1.223331e-08	6.349008e-09	3.295968e-09	1.729056e-09	9.380005e-10	5.525829e-10
P41	0.000000e+00	0.000000e+00	0.000000e+00	0.000000e+00	0.000000e+00	0.000000e+00	0.000000e+00	0.000000e+00	0.000000e+00	0.000000e+00	0.000000e+00	0.000000e+00	0.000000e+00	0.000000e+00	0.000000e+00	0.000000e+00	0.000000e+00	0.000000e+00	0.000000e+00	0.000000e+00	0.000000e+00	0.000000e+00	0.000000e+00	4.000043e-274	2.377517e-191	4.843399e-138	4.343857e-100	5.317011e-71	8.124825e-55	1.181020e-40	1.844453e-32	6.213262e-26	5.933243e-24	4.865437e-20	2.022110e-18	3.764414e-17	4.040089e-16	2.128185e-15	6.544350e-15	1.352719e-14	2.080424e-14	2.566381e-14	2.686741e-14	2.490748e-14	2.111197e-14	1.676078e-14	1.269317e-14	9.299951e-15	6.666427e-15	4.719334e-15
P42	2.394367e-13	1.839997e-12	4.832623e-12	6.058584e-12	4.955050e-12	3.924387e-12	2.953350e-12	2.020846e-12	1.171037e-12	5.252937e-13	1.923660e-13	6.237155e-14	1.786415e-14	4.671525e-15	1.153833e-15	2.903363e-16	8.961033e-17	4.210726e-17	2.757272e-17	2.110122e-17	1.704206e-17	1.202454e-17	6.730033e-18	3.310815e-18	1.534236e-18	6.741451e-19	2.808467e-19	1.120554e-19	4.313835e-20	1.603839e-20	5.748061e-21	1.976106e-21	6.413845e-22	2.004994e-22	6.178412e-23	1.874379e-23	5.577734e-24	1.626952e-24	4.657699e-25	1.312267e-25	3.651797e-26	1.007842e-26	2.769484e-27	7.602803e-28	2.089886e-28	5.758305e-29	1.589758e-29	4.391182e-30	1.216422e-30	3.668758e-31
P43	0.000000e+00	0.000000e+00	0.000000e+00	0.000000e+00	0.000000e+00	0.000000e+00	0.000000e+00	0.000000e+00	0.000000e+00	0.000000e+00	0.000000e+00	0.000000e+00	0.000000e+00	0.000000e+00	0.000000e+00	0.000000e+00	2.167809e-230	1.253394e-160	2.736232e-114	1.200521e-83	2.371345e-63	5.478201e-50	2.604489e-41	1.071572e-35	4.952054e-32	1.103135e-29	6.755417e-28	7.851767e-27	2.453985e-26	6.465228e-26	1.515115e-25	2.444692e-25	2.624989e-25	2.024380e-25	1.219496e-25	6.058533e-26	2.589737e-26	9.863928e-27	3.443855e-27	1.127206e-27	3.519547e-28	1.062243e-28	3.129846e-29	9.070483e-30	2.599822e-30	7.397363e-31	2.093607e-31	5.897501e-32	1.660507e-32	5.089348e-33
P44	0.000000e+00	8.445737e-300	1.145405e-187	2.289715e-113	1.735167e-68	4.130942e-39	4.287277e-24	1.237182e-16	2.719344e-14	1.368482e-10	5.236965e-10	1.136233e-09	2.444633e-09	5.101609e-09	9.130359e-09	1.403732e-08	1.940497e-08	2.489052e-08	3.008110e-08	3.473008e-08	3.890408e-08	4.241275e-08	4.479877e-08	4.595707e-08	4.604402e-08	4.505965e-08	4.289669e-08	3.969449e-08	3.595473e-08	3.225964e-08	2.908289e-08	2.672088e-08	2.527318e-08	2.423845e-08	2.321909e-08	2.201772e-08	2.044174e-08	1.849889e-08	1.631458e-08	1.403248e-08	1.176755e-08	9.608310e-09	7.629009e-09	5.888877e-09	4.423475e-09	3.240671e-09	2.324575e-09	1.643161e-09	1.156733e-09	8.217724e-10
P45	0.000000e+00	0.000000e+00	0.000000e+00	0.000000e+00	0.000000e+00	0.000000e+00	0.000000e+00	1.998979e-30	1.909144e-30	4.074408e-31	6.059113e-32	7.965072e-33	9.396171e-34	1.024375e-34	1.037357e-35	8.686287e-37	3.238786e-37	1.022852e-36	3.081315e-36	7.197643e-36	9.932704e-36	6.371575e-36	1.304291e-36	1.771500e-37	1.897820e-38	2.164200e-39	1.493433e-40	0.000000e+00	0.000000e+00	0.000000e+00	3.377225e-44	0.000000e+00	0.000000e+00	0.000000e+00	0.000000e+00	0.000000e+00	0.000000e+00	0.000000e+00	0.000000e+00	0.000000e+00	0.000000e+00	0.000000e+00	0.000000e+00	0.000000e+00	0.000000e+00	0.000000e+00	0.000000e+00	0.000000e+00	0.000000e+00	0.000000e+00
P46	0.000000e+00	0.000000e+00	0.000000e+00	0.000000e+00	0.000000e+00	0.000000e+00	0.000000e+00	3.175152e-23	5.160282e-23	3.388599e-23	3.081665e-23	1.841545e-23	7.663170e-24	0.000000e+00	0.000000e+00	0.000000e+00	5.959023e-24	1.543425e-23	2.363295e-23	2.818789e-23	2.336463e-23	1.964810e-23	1.084952e-23	6.634451e-24	3.021234e-24	2.334600e-24	1.487937e-25	0.000000e+00	0.000000e+00	3.545143e-26	3.425735e-25	0.000000e+00	0.000000e+00	0.000000e+00	0.000000e+00	0.000000e+00	0.000000e+00	0.000000e+00	0.000000e+00	0.000000e+00	0.000000e+00	0.000000e+00	0.000000e+00	0.000000e+00	0.000000e+00	0.000000e+00	0.000000e+00	0.000000e+00	0.000000e+00	0.000000e+00
P47	0.000000e+00	0.000000e+00	0.000000e+00	0.000000e+00	0.000000e+00	0.000000e+00	0.000000e+00	7.310773e-22	1.119764e-21	6.958938e-22	6.013166e-22	3.361433e-22	1.294661e-22	0.000000e+00	0.000000e+00	0.000000e+00	8.198186e-23	2.062327e-22	3.087461e-22	3.620054e-22	2.962253e-22	2.467128e-22	1.352511e-22	8.225745e-23	3.730488e-23	2.873572e-23	1.826985e-24	0.000000e+00	0.000000e+00	4.333522e-25	4.183578e-24	0.000000e+00	0.000000e+00	0.000000e+00	0.000000e+00	0.000000e+00	0.000000e+00	0.000000e+00	0.000000e+00	0.000000e+00	0.000000e+00	0.000000e+00	0.000000e+00	0.000000e+00	0.000000e+00	0.000000e+00	0.000000e+00	0.000000e+00	0.000000e+00	0.000000e+00
P48	0.000000e+00	0.000000e+00	0.000000e+00	0.000000e+00	0.000000e+00	0.000000e+00	0.000000e+00	1.034851e-24	1.696092e-24	1.145541e-24	1.072352e-24	6.191982e-25	2.363671e-25	0.000000e+00	0.000000e+00	0.000000e+00	1.455536e-25	3.652090e-25	5.458052e-25	6.392297e-25	5.226824e-25	4.351022e-25	2.384497e-25	1.449893e-25	6.574493e-26	5.063790e-26	3.219282e-27	0.000000e+00	0.000000e+00	7.635231e-28	7.370937e-27	0.000000e+00	0.000000e+00	0.000000e+00	0.000000e+00	0.000000e+00	0.000000e+00	0.000000e+00	0.000000e+00	0.000000e+00	0.000000e+00	0.000000e+00	0.000000e+00	0.000000e+00	0.000000e+00	0.000000e+00	0.000000e+00	0.000000e+00	0.000000e+00	0.000000e+00
P49	0.000000e+00	0.000000e+00	0.000000e+00	0.000000e+00	0.000000e+00	0.000000e+00	0.000000e+00	7.962370e-27	9.194850e-27	2.476832e-27	3.660909e-28	2.991407e-29	3.763583e-30	0.000000e+00	0.000000e+00	0.000000e+00	2.029928e-30	8.344115e-30	2.066554e-29	3.850371e-29	4.236807e-29	2.992233e-29	8.936669e-30	2.458781e-30	5.641077e-31	2.165367e-31	4.033819e-33	0.000000e+00	0.000000e+00	2.928855e-35	2.091577e-33	0.000000e+00	0.000000e+00	0.000000e+00	0.000000e+00	0.000000e+00	0.000000e+00	0.000000e+00	0.000000e+00	0.000000e+00	0.000000e+00	0.000000e+00	0.000000e+00	0.000000e+00	0.000000e+00	0.000000e+00	0.000000e+00	0.000000e+00	0.000000e+00	4.168507e-41
P50	0.000000e+00	0.000000e+00	0.000000e+00	0.000000e+00	0.000000e+00	0.000000e+00	0.000000e+00	0.000000e+00	0.000000e+00	0.000000e+00	0.000000e+00	0.000000e+00	0.000000e+00	0.000000e+00	0.000000e+00	0.000000e+00	0.000000e+00	0.000000e+00	0.000000e+00	0.000000e+00	0.000000e+00	0.000000e+00	0.000000e+00	0.000000e+00	0.000000e+00	0.000000e+00	0.000000e+00	0.000000e+00	0.000000e+00	0.000000e+00	0.000000e+00	0.000000e+00	0.000000e+00	0.000000e+00	0.000000e+00	0.000000e+00	0.000000e+00	0.000000e+00	0.000000e+00	0.000000e+00	0.000000e+00	0.000000e+00	0.000000e+00	0.000000e+00	0.000000e+00	0.000000e+00	0.000000e+00	0.000000e+00	0.000000e+00	0.000000e+00
P51	0.000000e+00	0.000000e+00	0.000000e+00	0.000000e+00	0.000000e+00	0.000000e+00	0.000000e+00	6.760032e-24	1.778910e-23	1.526847e-23	9.410118e-24	2.926459e-24	8.680703e-25	0.000000e+00	0.000000e+00	0.000000e+00	1.139059e-24	4.273282e-24	9.588920e-24	1.623005e-23	1.770066e-23	1.736140e-23	1.045434e-23	6.397087e-24	3.155947e-24	2.497312e-24	9.364947e-26	0.000000e+00	0.000000e+00	5.274604e-27	7.304481e-25	0.000000e+00	0.000000e+00	0.000000e+00	0.000000e+00	0.000000e+00	0.000000e+00	0.000000e+00	0.000000e+00	0.000000e+00	0.000000e+00	0.000000e+00	0.000000e+00	0.000000e+00	0.000000e+00	0.000000e+00	0.000000e+00	0.000000e+00	0.000000e+00	0.000000e+00
P52	4.824669e-38	9.583717e-37	0.000000e+00	1.405978e-37	0.000000e+00	0.000000e+00	7.546734e-39	0.000000e+00	3.729904e-39	0.000000e+00	1.961465e-39	9.522553e-41	1.346815e-37	0.000000e+00	0.000000e+00	4.433868e-38	5.728497e-39	2.916403e-38	1.594025e-38	9.921124e-39	0.000000e+00	2.324054e-39	2.721225e-40	2.056289e-44	8.829952e-49	2.658778e-53	6.186698e-58	1.185611e-62	1.946861e-67	0.000000e+00	0.000000e+00	0.000000e+00	0.000000e+00	0.000000e+00	0.000000e+00	0.000000e+00	0.000000e+00	0.000000e+00	0.000000e+00	0.000000e+00	0.000000e+00	0.000000e+00	0.000000e+00	0.000000e+00	0.000000e+00	0.000000e+00	0.000000e+00	0.000000e+00	4.722844e-45	0.000000e+00
P53	4.058669e-38	8.136133e-37	0.000000e+00	0.000000e+00	0.000000e+00	0.000000e+00	8.331836e-39	0.000000e+00	2.445701e-39	0.000000e+00	5.149872e-39	8.419695e-40	7.964235e-37	0.000000e+00	0.000000e+00	5.420846e-37	7.222831e-38	3.635433e-37	1.882893e-37	1.114303e-37	0.000000e+00	3.699725e-38	7.777188e-39	1.912953e-43	4.721544e-48	1.172744e-52	2.927151e-57	7.316816e-62	1.829981e-66	4.583119e-71	1.149426e-75	2.886840e-80	7.261651e-85	1.833982e-89	4.586663e-94	0.000000e+00	0.000000e+00	0.000000e+00	0.000000e+00	0.000000e+00	0.000000e+00	0.000000e+00	0.000000e+00	0.000000e+00	0.000000e+00	0.000000e+00	0.000000e+00	0.000000e+00	0.000000e+00	0.000000e+00
P54	6.926451e-72	2.583815e-70	0.000000e+00	0.000000e+00	0.000000e+00	0.000000e+00	4.173267e-73	6.629771e-77	2.770377e-77	1.414528e-73	2.199279e-77	3.349567e-81	0.000000e+00	0.000000e+00	0.000000e+00	1.867280e-72	2.106282e-73	1.169903e-72	4.518761e-73	6.741869e-73	9.543220e-74	1.058850e-73	1.577129e-74	2.450663e-78	3.450386e-82	4.851373e-86	6.843550e-90	9.668274e-94	1.366731e-97	1.934689e-101	2.742504e-105	3.893203e-109	5.535269e-113	7.901656e-117	1.119889e-120	0.000000e+00	0.000000e+00	0.000000e+00	0.000000e+00	0.000000e+00	0.000000e+00	0.000000e+00	0.000000e+00	0.000000e+00	0.000000e+00	0.000000e+00	0.000000e+00	0.000000e+00	0.000000e+00	0.000000e+00
P56	1.338368e-14	3.502655e-13	1.498808e-11	6.162150e-10	4.312837e-09	5.326814e-09	4.960727e-09	4.046217e-09	2.955793e-09	1.876260e-09	9.646369e-10	3.742715e-10	1.118752e-10	2.880349e-11	7.038461e-12	1.831994e-12	6.178055e-13	3.428603e-13	2.839998e-13	2.591160e-13	1.982341e-13	8.958463e-14	2.125951e-14	4.275359e-15	1.571251e-15	1.191356e-15	5.338763e-15	5.491749e-14	2.533867e-13	1.086107e-12	4.371850e-12	1.347144e-11	3.248153e-11	6.209529e-11	9.436265e-11	1.209630e-10	1.333508e-10	1.296460e-10	1.144218e-10	9.409373e-11	7.349981e-11	5.523165e-11	4.026615e-11	2.866684e-11	2.004862e-11	1.385913e-11	9.545372e-12	6.639709e-12	4.780069e-12	3.630607e-12
P57	1.805638e-11	6.370990e-11	1.181926e-09	7.048546e-08	3.326122e-07	1.713929e-07	7.726324e-08	3.187414e-08	1.122348e-08	2.789412e-09	3.182409e-10	2.567388e-11	3.783739e-12	9.706382e-13	3.082898e-13	1.135321e-13	5.689226e-14	3.647616e-14	2.712831e-14	2.206407e-14	1.527387e-14	5.706313e-15	1.341459e-15	4.686246e-16	2.876658e-16	2.078342e-16	1.520781e-16	1.200737e-16	1.060318e-16	1.241715e-16	2.272446e-16	4.540315e-16	7.402740e-16	1.013246e-15	1.222918e-15	1.288116e-15	1.225483e-15	1.084238e-15	9.137489e-16	7.478885e-16	6.034921e-16	4.854318e-16	3.923443e-16	3.205213e-16	2.659379e-16	2.251609e-16	1.958311e-16	1.772707e-16	1.720910e-16	1.916935e-16
P58	1.051122e-12	4.247749e-12	2.249795e-11	9.000174e-10	4.752321e-09	4.102798e-09	2.759790e-09	1.615420e-09	8.142711e-10	3.335883e-10	9.270417e-11	2.075922e-11	7.187390e-12	4.240860e-12	3.134517e-12	2.581540e-12	2.495020e-12	2.634108e-12	2.778687e-12	2.858269e-12	2.468584e-12	1.211423e-12	3.611894e-13	1.447468e-13	1.017853e-13	9.086408e-14	8.698382e-14	8.924005e-14	9.933570e-14	1.426080e-13	3.259638e-13	8.402437e-13	1.849612e-12	3.252126e-12	4.539386e-12	5.312651e-12	5.398241e-12	4.909661e-12	4.104664e-12	3.225031e-12	2.422245e-12	1.760737e-12	1.249812e-12	8.723384e-13	6.023397e-13	4.139652e-13	2.853880e-13	2.000264e-13	1.466140e-13	1.191072e-13
P59	1.313903e-12	5.309686e-12	2.812244e-11	1.125022e-09	5.940401e-09	5.128498e-09	3.449738e-09	2.019275e-09	1.017839e-09	4.169854e-10	1.158802e-10	2.594903e-11	8.984237e-12	5.301075e-12	3.918146e-12	3.226925e-12	3.118774e-12	3.292635e-12	3.473359e-12	3.572836e-12	3.085730e-12	1.514278e-12	4.514867e-13	1.809335e-13	1.272316e-13	1.135801e-13	1.087298e-13	1.115501e-13	1.241696e-13	1.782600e-13	4.074547e-13	1.050305e-12	2.312015e-12	4.065158e-12	5.674232e-12	6.640814e-12	6.747801e-12	6.137077e-12	5.130830e-12	4.031288e-12	3.027807e-12	2.200921e-12	1.562266e-12	1.090423e-12	7.529247e-13	5.174565e-13	3.567350e-13	2.500330e-13	1.832675e-13	1.488841e-13
P60	2.627806e-13	1.061937e-12	5.624488e-12	2.250043e-10	1.188080e-09	1.025700e-09	6.899476e-10	4.038551e-10	2.035678e-10	8.339708e-11	2.317604e-11	5.189805e-12	1.796847e-12	1.060215e-12	7.836291e-13	6.453851e-13	6.237549e-13	6.585269e-13	6.946718e-13	7.145672e-13	6.171461e-13	3.028556e-13	9.029735e-14	3.618669e-14	2.544633e-14	2.271602e-14	2.174595e-14	2.231001e-14	2.483393e-14	3.565200e-14	8.149095e-14	2.100609e-13	4.624030e-13	8.130316e-13	1.134846e-12	1.328163e-12	1.349560e-12	1.227415e-12	1.026166e-12	8.062576e-13	6.055614e-13	4.401842e-13	3.124531e-13	2.180846e-13	1.505849e-13	1.034913e-13	7.134700e-14	5.000660e-14	3.665350e-14	2.977681e-14
P61	2.935580e-05	2.815823e-05	4.998264e-05	9.266919e-04	2.946690e-03	1.712622e-03	8.137451e-04	3.337926e-04	1.006460e-04	1.946136e-05	2.507182e-06	3.489396e-07	8.094750e-08	2.827667e-08	1.169976e-08	5.454686e-09	3.158826e-09	2.113407e-09	1.494296e-09	1.088220e-09	6.841462e-10	2.485134e-10	5.767749e-11	1.871366e-11	1.044926e-11	7.084516e-12	4.945836e-12	3.537542e-12	2.547823e-12	1.798434e-12	1.224918e-12	7.912800e-13	4.505972e-13	2.599977e-13	1.664948e-13	1.059373e-13	6.701003e-14	4.242559e-14	2.715976e-14	1.774092e-14	1.184978e-14	8.046186e-15	5.504663e-15	3.769398e-15	2.578514e-15	1.767892e-15	1.228449e-15	8.847911e-16	6.980489e-16	7.767324e-16
P62	0.000000e+00	0.000000e+00	0.000000e+00	0.000000e+00	0.000000e+00	0.000000e+00	0.000000e+00	0.000000e+00	0.000000e+00	0.000000e+00	0.000000e+00	0.000000e+00	0.000000e+00	0.000000e+00	0.000000e+00	0.000000e+00	2.358137e-216	2.061130e-146	4.780705e-100	1.880345e-69	3.136766e-49	6.960176e-36	3.983159e-27	2.260922e-21	1.577381e-17	5.543368e-15	6.281881e-13	1.267417e-11	7.009458e-11	3.398300e-10	1.489152e-09	4.655526e-09	1.019092e-08	1.625140e-08	1.982439e-08	1.963210e-08	1.653170e-08	1.229924e-08	8.336952e-09	5.271685e-09	3.162924e-09	1.821861e-09	1.015797e-09	5.517303e-10	2.935587e-10	1.538644e-10	8.000099e-11	4.175465e-11	2.242653e-11	1.308191e-11
P63	0.000000e+00	0.000000e+00	0.000000e+00	0.000000e+00	0.000000e+00	0.000000e+00	0.000000e+00	0.000000e+00	0.000000e+00	0.000000e+00	0.000000e+00	0.000000e+00	0.000000e+00	0.000000e+00	0.000000e+00	0.000000e+00	5.221590e-216	4.563932e-146	1.058585e-99	4.163621e-69	6.945696e-49	1.541182e-35	8.819852e-27	5.006327e-21	3.492773e-17	1.227460e-14	1.390988e-12	2.806423e-11	1.552094e-10	7.524808e-10	3.297407e-09	1.030866e-08	2.256560e-08	3.598523e-08	4.389686e-08	4.347107e-08	3.660591e-08	2.723402e-08	1.846039e-08	1.167302e-08	7.003618e-09	4.034122e-09	2.249264e-09	1.221688e-09	6.500227e-10	3.406998e-10	1.771451e-10	9.245673e-11	4.965875e-11	2.896708e-11
P64	0.000000e+00	0.000000e+00	0.000000e+00	0.000000e+00	0.000000e+00	0.000000e+00	0.000000e+00	0.000000e+00	0.000000e+00	0.000000e+00	0.000000e+00	0.000000e+00	0.000000e+00	0.000000e+00	0.000000e+00	0.000000e+00	4.547836e-216	3.975037e-146	9.219931e-100	3.626379e-69	6.049477e-49	1.342320e-35	7.681807e-27	4.360349e-21	3.042093e-17	1.069078e-14	1.211506e-12	2.444304e-11	1.351824e-10	6.553865e-10	2.871935e-09	8.978515e-09	1.965391e-08	3.134198e-08	3.823275e-08	3.786190e-08	3.188257e-08	2.371996e-08	1.607841e-08	1.016682e-08	6.099925e-09	3.513590e-09	1.959036e-09	1.064051e-09	5.661488e-10	2.967386e-10	1.542876e-10	8.052683e-11	4.325117e-11	2.522939e-11
P65	0.000000e+00	0.000000e+00	0.000000e+00	0.000000e+00	0.000000e+00	0.000000e+00	0.000000e+00	0.000000e+00	0.000000e+00	0.000000e+00	0.000000e+00	0.000000e+00	0.000000e+00	0.000000e+00	0.000000e+00	0.000000e+00	3.705644e-216	3.238919e-146	7.512536e-100	2.954828e-69	4.929204e-49	1.093742e-35	6.259250e-27	3.552877e-21	2.478742e-17	8.711008e-15	9.871528e-13	1.991655e-11	1.101486e-10	5.340186e-10	2.340096e-09	7.315827e-09	1.601430e-08	2.553791e-08	3.115261e-08	3.085044e-08	2.597839e-08	1.932737e-08	1.310093e-08	8.284077e-09	4.970309e-09	2.862925e-09	1.596252e-09	8.670047e-10	4.613065e-10	2.417870e-10	1.257158e-10	6.561445e-11	3.524169e-11	2.055728e-11
P66	0.000000e+00	0.000000e+00	0.000000e+00	0.000000e+00	0.000000e+00	0.000000e+00	0.000000e+00	0.000000e+00	0.000000e+00	0.000000e+00	0.000000e+00	0.000000e+00	0.000000e+00	0.000000e+00	0.000000e+00	0.000000e+00	1.010630e-216	8.833416e-147	2.048874e-100	8.058621e-70	1.344328e-49	2.982933e-36	1.707068e-27	9.689665e-22	6.760206e-18	2.375729e-15	2.692235e-13	5.431787e-12	3.004053e-11	1.456414e-10	6.382079e-10	1.995225e-09	4.367535e-09	6.964884e-09	8.496166e-09	8.413755e-09	7.085015e-09	5.271101e-09	3.572980e-09	2.259294e-09	1.355539e-09	7.807978e-10	4.353414e-10	2.364558e-10	1.258109e-10	6.594191e-11	3.428614e-11	1.789485e-11	9.611371e-12	5.606531e-12
P67	5.397707e-63	1.310513e-62	4.294705e-62	1.569192e-61	5.858626e-61	7.210693e-61	5.365172e-61	3.161918e-61	1.557259e-61	5.980084e-62	1.814149e-62	4.460685e-63	8.856803e-64	1.452326e-64	1.982416e-65	2.291167e-66	2.305628e-67	2.135286e-68	1.907974e-69	1.674684e-70	1.459293e-71	1.267243e-72	1.093963e-73	9.404367e-75	8.103048e-76	7.020867e-77	6.109444e-78	5.321834e-79	4.637259e-80	4.045634e-81	3.534116e-82	3.091515e-83	2.709087e-84	2.382574e-85	2.080328e-86	1.816122e-87	1.585447e-88	1.384057e-89	1.208239e-90	1.054750e-91	9.207576e-93	8.037852e-94	7.016732e-95	6.125351e-96	5.347296e-97	4.668383e-98	4.076845e-99	3.565101e-100	3.141220e-101	3.087234e-102
P68	1.177165e-33	4.589329e-32	8.051293e-31	1.479790e-29	2.820860e-29	1.474512e-29	6.957029e-30	3.274805e-30	1.407801e-30	3.746078e-31	5.759796e-32	7.579957e-33	9.037641e-34	1.099338e-34	1.925419e-35	6.497983e-36	2.903032e-36	1.257526e-36	5.083044e-37	2.136478e-37	9.860448e-38	3.836807e-38	1.107303e-38	2.967560e-39	8.239724e-40	2.305694e-40	6.389922e-41	1.788110e-41	5.057520e-42	1.418354e-42	3.867446e-43	1.001818e-43	2.308465e-44	5.133239e-45	1.207737e-45	2.882546e-46	6.839534e-47	1.603852e-47	3.717668e-48	8.546344e-49	1.958519e-49	4.500920e-50	1.043226e-50	2.449737e-51	5.844300e-52	1.417781e-52	3.494751e-53	8.736558e-54	2.213823e-54	5.985691e-55
P69	1.069587e-15	1.338978e-15	1.771869e-15	2.546237e-15	2.507170e-15	1.572372e-15	8.961029e-16	4.830983e-16	2.486708e-16	1.227424e-16	5.801722e-17	2.574948e-17	1.059747e-17	4.153134e-18	1.572170e-18	5.798931e-19	2.083687e-19	7.328928e-20	2.539623e-20	8.706252e-21	2.975283e-21	1.014617e-21	3.439112e-22	1.161600e-22	3.937485e-23	1.343460e-23	4.603139e-24	1.577966e-24	5.409037e-25	1.855716e-25	6.373216e-26	2.191774e-26	7.566503e-27	2.617800e-27	8.995716e-28	3.090744e-28	1.061181e-28	3.638877e-29	1.245820e-29	4.258142e-30	1.453118e-30	4.951891e-31	1.685455e-31	5.730940e-32	1.947093e-32	6.611854e-33	2.245970e-33	7.664705e-34	2.692340e-34	1.100855e-34
P70	2.299419e-25	4.500562e-25	5.922879e-25	7.160687e-25	8.010362e-25	6.894268e-25	5.402701e-25	4.034231e-25	2.904444e-25	2.019562e-25	1.345104e-25	8.330584e-26	4.733755e-26	2.532680e-26	1.294607e-26	6.365423e-27	3.005338e-27	1.367913e-27	6.033320e-28	2.588239e-28	1.087828e-28	4.481500e-29	1.802212e-29	7.093021e-30	2.750552e-30	1.053297e-30	3.971185e-31	1.468187e-31	5.320952e-32	1.893617e-32	6.627120e-33	2.284980e-33	7.793474e-34	2.629234e-34	8.694566e-35	2.834895e-35	9.102908e-36	2.877187e-36	8.957446e-37	2.750705e-37	8.345491e-38	2.505261e-38	7.451053e-39	2.198267e-39	6.441275e-40	1.876825e-40	5.445559e-41	1.578555e-41	4.662194e-42	1.609244e-42
P71	1.352429e-04	1.107873e-04	8.140646e-05	3.007334e-05	4.102453e-06	1.491642e-06	8.096342e-07	4.645852e-07	2.405353e-07	9.531660e-08	2.530319e-08	6.449322e-09	2.534469e-09	1.420263e-09	9.122493e-10	6.313210e-10	4.938605e-10	4.091663e-10	3.374167e-10	2.784502e-10	2.132393e-10	1.177196e-10	4.514422e-11	1.590735e-11	5.851894e-12	2.251459e-12	8.858934e-13	3.517767e-13	1.412337e-13	5.781898e-14	2.438584e-14	1.070449e-14	4.920347e-15	2.321686e-15	1.103811e-15	5.266340e-16	2.497725e-16	1.172725e-16	5.447855e-17	2.505495e-17	1.141136e-17	5.146744e-18	2.298902e-18	1.017598e-18	4.469579e-19	1.952547e-19	8.522022e-20	3.749543e-20	1.692402e-20	8.091502e-21
P72	0.000000e+00	0.000000e+00	0.000000e+00	0.000000e+00	0.000000e+00	0.000000e+00	0.000000e+00	0.000000e+00	0.000000e+00	0.000000e+00	0.000000e+00	0.000000e+00	0.000000e+00	0.000000e+00	0.000000e+00	0.000000e+00	9.436397e-209	8.246461e-139	1.910249e-92	7.490841e-62	1.242596e-41	2.730925e-28	1.539715e-19	8.553433e-14	5.792388e-10	1.964253e-07	2.120674e-05	4.263555e-04	2.468962e-03	1.141028e-02	5.014680e-02	1.608606e-01	3.565826e-01	5.670794e-01	6.834254e-01	6.669066e-01	5.543801e-01	4.087045e-01	2.756639e-01	1.741154e-01	1.047392e-01	6.073039e-02	3.423627e-02	1.888915e-02	1.025571e-02	5.508603e-03	2.946440e-03	1.586837e-03	8.798225e-04	5.252613e-04
P73	0.000000e+00	0.000000e+00	0.000000e+00	0.000000e+00	0.000000e+00	0.000000e+00	0.000000e+00	0.000000e+00	0.000000e+00	0.000000e+00	0.000000e+00	0.000000e+00	0.000000e+00	0.000000e+00	0.000000e+00	0.000000e+00	1.132368e-208	9.895753e-139	2.292299e-92	8.989009e-62	1.491115e-41	3.277110e-28	1.847658e-19	1.026412e-13	6.950866e-10	2.357104e-07	2.544809e-05	5.116266e-04	2.962739e-03	1.367508e-02	6.007685e-02	1.923427e-01	4.249687e-01	6.730717e-01	8.075787e-01	7.845572e-01	6.492832e-01	4.763755e-01	3.194670e-01	2.003595e-01	1.195338e-01	6.869973e-02	3.839792e-02	2.102256e-02	1.134011e-02	6.059421e-03	3.228085e-03	1.733344e-03	9.590071e-04	5.717427e-04
T1	8.388385e-10	2.389790e-07	2.344812e-05	4.512583e-03	3.486336e-02	1.938871e-02	6.765760e-03	1.537409e-03	2.018715e-04	1.388320e-05	5.893042e-07	3.807042e-08	5.150473e-09	7.300412e-10	8.694311e-11	9.290146e-12	1.370952e-12	3.016290e-13	9.910561e-14	4.344250e-14	1.990788e-14	1.388420e-14	2.031095e-14	3.878353e-14	5.522886e-14	4.954179e-14	3.352714e-14	2.116693e-14	1.264387e-14	6.730718e-15	3.080886e-15	1.157751e-15	2.818754e-16	6.858999e-17	2.288752e-17	7.294564e-18	2.209164e-18	6.382890e-19	1.767074e-19	4.705672e-20	1.209084e-20	3.005016e-21	7.240598e-22	1.694994e-22	3.862423e-23	8.581525e-24	1.862525e-24	3.963424e-25	8.344071e-26	1.774557e-26	
T2	2.634889e-20	4.529725e-20	2.895018e-19	1.745900e-18	9.418065e-19	8.243077e-20	3.979257e-21	8.096707e-23	3.246353e-25	1.001679e-28	2.574696e-33	2.531643e-37	7.542930e-40	8.438677e-42	1.137290e-43	1.838494e-45	1.007205e-46	1.866928e-47	9.802522e-48	1.045155e-47	9.334444e-48	7.811530e-48	1.381946e-47	4.324152e-47	8.869911e-47	7.724351e-47	4.093996e-47	2.091955e-47	1.047317e-47	4.450921e-48	1.478688e-48	3.455067e-49	3.288970e-50	3.585009e-51	9.201881e-52	2.372582e-52	6.044971e-53	1.523883e-53	3.805825e-54	9.433939e-55	2.327015e-55	5.728580e-56	1.411292e-56	3.486089e-57	8.641113e-58	2.149278e-58	5.365166e-59	1.348099e-59	3.447109e-60	9.231877e-61	
T3	3.318320e-14	6.775016e-15	4.530580e-15	3.270799e-15	1.282711e-15	1.597717e-16	8.699387e-18	1.683323e-19	5.583759e-22	1.321891e-25	2.944623e-30	2.283930e-34	3.335822e-37	1.297170e-39	6.178352e-42	4.856613e-44	1.903302e-45	3.138925e-46	1.540144e-46	1.492696e-46	1.116737e-46	6.767438e-47	7.673856e-47	1.361552e-46	1.412946e-46	5.822782e-47	1.420331e-47	3.306223e-48	7.488215e-49	1.431408e-49	2.130815e-50	2.226866e-51	9.461003e-53	4.674767e-54	5.504828e-55	6.522212e-56	7.648925e-57	8.897719e-58	1.028607e-58	1.183752e-59	1.358356e-60	1.556728e-61	1.785100e-62	2.053409e-63	2.379613e-64	2.800648e-65	3.402868e-66	4.420799e-67	6.670590e-68	1.473742e-68	
T4	1.464827e-26	1.188155e-27	7.901791e-29	4.180955e-30	1.651688e-31	4.749992e-33	9.216908e-35	7.524064e-37	1.072298e-39	9.947080e-44	7.596986e-49	3.386688e-53	6.567781e-56	4.079810e-58	2.487282e-60	1.603020e-62	3.850787e-64	3.766668e-65	1.315727e-65	1.091013e-65	7.904858e-66	7.970644e-66	3.265191e-65	3.095737e-64	1.671129e-63	2.969071e-63	2.806479e-63	2.563202e-63	2.317055e-63	1.730269e-63	9.625157e-64	3.492180e-64	4.147354e-65	5.993976e-66	2.626674e-66	1.178319e-66	5.283697e-67	2.367538e-67	1.059796e-67	4.738167e-68	2.115327e-68	9.429426e-69	4.197216e-69	1.865992e-69	8.289364e-70	3.682207e-70	1.637588e-70	7.307453e-71	3.284784e-71	1.497563e-71	
T5	3.191244e-42	1.153462e-43	1.697881e-44	3.353050e-44	1.580418e-44	4.342009e-46	5.845137e-48	2.375051e-50	9.955900e-54	9.985585e-59	2.568527e-65	7.679466e-71	3.265629e-74	5.679139e-77	9.483748e-80	1.669383e-82	1.439996e-84	6.934633e-86	1.619954e-86	1.132602e-86	6.907715e-87	6.116972e-87	3.100261e-86	4.666415e-85	3.612812e-84	7.238030e-84	6.702909e-84	5.943696e-84	5.218304e-84	3.663428e-84	1.830200e-84	5.583918e-85	4.493153e-86	4.684433e-87	1.909531e-87	7.964174e-88	3.269558e-88	1.316258e-88	5.194924e-89	2.010325e-89	7.620385e-90	2.824382e-90	1.021909e-90	3.607078e-91	1.242572e-91	4.183322e-92	1.380328e-92	4.486447e-93	1.449058e-93	4.699445e-94	
T6	2.196272e-10	6.312775e-10	1.919432e-09	2.856894e-08	4.523650e-08	2.619245e-08	1.672457e-08	9.420058e-09	2.950438e-09	4.625304e-10	4.493233e-11	8.354321e-12	2.787662e-12	7.983929e-13	1.839650e-13	3.632063e-14	7.801874e-15	1.957201e-15	5.909467e-16	2.076833e-16	7.687754e-17	3.666599e-17	2.671859e-17	2.197965e-17	1.503714e-17	7.979357e-18	3.648500e-18	1.619146e-18	7.096665e-19	3.012134e-19	1.230623e-19	4.778149e-20	1.564553e-20	5.362447e-21	2.237745e-21	9.284855e-22	3.775513e-22	1.498260e-22	5.797126e-23	2.185259e-23	8.006426e-24	2.840737e-24	9.722508e-25	3.198923e-25	1.009132e-25	3.046574e-26	8.797730e-27	2.433836e-27	6.479272e-28	1.665695e-28	
T7	1.185030e-24	3.505508e-24	1.777780e-22	9.788676e-20	4.547573e-18	8.162966e-18	1.163060e-17	7.747101e-18	1.093496e-18	2.631553e-20	1.466198e-22	2.298703e-24	1.722183e-25	1.395195e-26	8.558849e-28	4.252408e-29	2.650537e-30	2.232243e-31	2.553125e-32	3.598694e-33	4.733886e-34	7.247340e-35	1.905703e-35	6.472774e-36	1.696475e-36	2.935823e-37	3.990277e-38	5.182041e-39	6.556251e-40	7.796822e-41	8.659017e-42	8.851877e-43	6.873374e-44	5.952288e-45	7.258737e-46	8.729902e-47	1.016710e-47	1.137448e-48	1.218831e-49	1.249514e-50	1.222775e-51	1.137893e-52	1.002712e-53	8.338853e-55	6.531762e-56	4.816771e-57	3.349146e-58	2.204708e-59	1.385162e-60	8.796291e-62	
T8	8.585684e-24	8.279262e-25	6.137858e-26	1.913663e-27	1.748528e-29	3.304879e-31	6.785995e-33	7.251133e-35	1.661015e-37	3.049146e-41	4.738751e-46	3.015813e-50	6.747706e-53	5.790360e-55	5.790115e-57	6.756125e-59	2.758762e-60	3.982098e-61	1.709479e-61	1.552662e-61	1.188933e-61	8.767089e-62	1.470639e-61	4.607606e-61	9.390081e-61	7.857159e-61	3.955192e-61	1.952813e-61	9.664022e-62	4.150905e-62	1.433097e-62	3.592654e-63	3.685285e-64	4.580056e-65	1.459525e-65	4.760597e-66	1.543596e-66	4.954752e-67	1.573576e-67	4.947579e-68	1.540544e-68	4.750140e-69	1.450546e-69	4.389595e-70	1.318112e-70	3.936630e-71	1.174635e-71	3.533262e-72	1.090281e-72	3.563704e-73	
T9	1.471950e-20	9.911594e-22	1.589926e-22	3.376571e-23	9.818192e-25	2.913205e-26	8.578698e-28	1.354271e-29	5.484141e-32	2.745554e-35	2.033836e-39	5.046814e-43	2.086148e-45	2.202758e-47	2.307375e-49	2.513982e-51	8.117590e-53	8.108709e-54	2.187928e-54	1.179916e-54	5.573324e-55	2.726967e-55	2.935150e-55	5.510844e-55	6.816307e-55	3.648206e-55	1.203234e-55	3.841569e-56	1.207769e-56	3.262044e-57	7.041568e-58	1.106347e-58	7.404941e-60	5.855942e-61	1.121269e-61	2.227002e-62	4.519786e-63	9.400294e-64	2.005589e-64	4.379569e-65	9.739240e-66	2.192538e-66	4.971744e-67	1.131966e-67	2.585242e-68	5.933079e-69	1.377111e-69	3.282371e-70	8.314554e-71	2.477853e-71	
T10	6.979681e-22	5.906955e-22	2.015051e-22	5.362151e-23	1.111258e-23	8.226652e-25	3.506787e-26	6.429990e-28	2.575176e-30	1.017182e-33	4.685161e-38	7.895061e-42	2.573963e-44	2.217553e-46	1.982832e-48	1.898240e-50	5.084449e-52	3.963912e-53	7.889827e-54	2.930140e-54	9.330734e-55	3.243335e-55	2.686587e-55	3.742744e-55	3.199074e-55	1.141387e-55	2.485864e-56	5.221597e-57	1.078677e-57	1.916320e-58	2.719644e-59	2.806666e-60	1.259516e-61	6.718485e-63	8.409975e-64	1.083928e-64	1.418208e-65	1.891566e-66	2.581610e-67	3.613047e-68	5.183085e-69	7.599623e-70	1.134016e-70	1.714508e-71	2.617147e-72	4.026700e-73	6.253840e-74	9.878995e-75	1.626728e-75	3.177457e-76	
T13	4.121091e-14	3.400737e-13	1.958864e-10	1.781330e-07	1.599051e-05	3.232818e-05	3.185392e-05	1.158811e-05	9.126629e-07	1.067586e-08	2.122500e-11	6.909814e-14	1.225546e-15	5.038472e-17	2.518250e-18	1.363627e-19	1.208685e-20	1.724673e-21	3.632783e-22	1.002243e-22	2.454221e-23	4.851608e-24	1.101018e-24	2.937339e-25	6.507717e-26	1.041662e-26	1.399607e-27	1.873973e-28	2.495619e-29	3.129803e-30	3.608239e-31	3.702863e-32	2.733184e-33	2.174314e-34	2.417690e-35	2.634924e-36	2.793342e-37	2.876205e-38	2.877274e-39	2.800507e-40	2.656075e-41	2.457689e-42	2.221210e-43	1.963100e-44	1.698618e-45	1.440796e-46	1.200795e-47	9.889916e-49	8.166973e-50	7.238550e-51	
T14	2.481469e-39	6.001484e-41	8.925965e-43	1.441361e-45	5.623580e-48	2.216853e-50	4.379640e-53	2.140454e-56	6.705464e-61	3.081612e-67	3.005758e-75	4.124511e-82	1.902333e-86	6.263387e-90	2.365874e-93	1.114471e-96	4.480106e-99	1.697637e-100	4.798418e-101	5.335756e-101	4.865619e-101	6.898979e-101	7.444542e-100	2.686517e-98	4.126757e-97	1.204788e-96	1.379206e-96	1.611929e-96	2.580346e-96	7.318087e-96	2.297050e-95	3.237239e-95	6.293312e-96	1.245872e-96	1.037023e-96	7.462471e-97	4.684074e-97	2.655042e-97	1.395722e-97	6.940911e-98	3.311711e-98	1.530531e-98	6.893164e-99	3.036567e-99	1.311527e-99	5.566738e-100	2.329845e-100	9.662129e-101	3.993095e-101	1.668372e-101	
T15	2.020168e-42	5.631816e-43	7.854108e-44	8.169168e-45	8.157580e-46	2.588511e-47	3.540103e-49	1.460149e-51	7.302793e-55	1.529208e-59	1.809567e-65	1.518859e-70	8.886917e-74	1.974791e-76	4.447895e-79	1.114911e-81	1.299611e-83	7.787757e-85	2.064086e-85	1.508382e-85	9.651541e-86	9.172493e-86	4.378077e-85	5.464571e-84	3.569107e-83	6.523195e-83	5.803050e-83	4.990131e-83	4.288912e-83	3.063037e-83	1.713262e-83	6.915642e-84	8.904400e-85	1.479271e-85	8.320676e-86	4.402596e-86	2.132944e-86	9.594913e-87	4.075706e-87	1.659976e-87	6.563130e-88	2.542812e-88	9.720425e-89	3.683946e-89	1.388772e-89	5.219915e-90	1.961100e-90	7.412273e-91	2.895801e-91	1.304674e-91	
T16	1.580746e-41	4.330056e-42	5.924839e-43	6.035985e-44	5.890621e-45	1.822352e-46	2.422563e-48	9.647524e-51	4.595721e-54	8.972603e-59	9.709539e-65	7.558589e-70	4.226182e-73	9.059606e-76	1.968957e-78	4.766307e-81	5.423712e-83	3.209304e-84	8.486854e-85	6.231937e-85	4.003111e-85	3.829667e-85	1.860772e-84	2.380100e-83	1.585824e-82	2.930518e-82	2.622610e-82	2.268075e-82	1.960277e-82	1.405650e-82	7.875475e-83	3.173433e-83	4.042787e-84	6.655704e-85	3.743031e-85	1.980494e-85	9.594985e-86	4.316242e-86	1.833444e-86	7.467351e-87	2.952404e-87	1.143876e-87	4.372703e-88	1.657212e-88	6.247348e-89	2.348163e-89	8.821947e-90	3.334388e-90	1.302667e-90	5.869037e-91	
T17	8.387431e-18	1.713058e-17	5.202030e-17	1.062035e-14	1.792988e-13	2.463660e-14	1.809852e-15	6.560834e-17	6.482348e-19	8.066397e-22	1.126208e-25	3.389194e-29	1.477789e-31	2.159933e-33	4.099459e-35	9.947597e-37	7.079635e-38	1.404116e-38	6.396275e-39	5.008575e-39	2.850303e-39	8.661459e-40	3.109101e-40	2.260819e-40	1.791498e-40	9.557698e-41	4.018876e-41	2.030785e-41	1.710253e-41	2.938872e-41	6.073585e-41	7.808876e-41	3.905587e-41	1.631058e-41	9.710570e-42	4.786558e-42	2.018416e-42	7.571749e-43	2.626037e-43	8.797379e-44	2.993732e-44	1.083935e-44	4.272767e-45	1.820033e-45	8.187821e-46	3.817092e-46	1.836359e-46	9.244647e-47	5.122385e-47	4.007435e-47	
T19	2.081993e-50	3.143749e-52	3.069075e-54	2.039676e-56	1.617618e-58	5.017106e-61	6.731946e-64	1.992566e-67	3.178404e-72	5.422091e-79	1.483783e-87	7.882547e-95	2.299878e-99	4.902878e-103	1.076352e-106	2.762344e-110	6.806094e-113	1.866625e-114	4.562185e-115	4.966460e-115	4.431494e-115	7.029637e-115	1.192217e-113	8.233031e-112	2.142785e-110	8.294991e-110	1.076742e-109	1.286101e-109	1.473751e-109	1.198472e-109	5.847266e-110	1.379402e-110	4.957909e-112	2.504904e-113	8.244644e-114	2.817743e-114	9.618349e-115	3.282127e-115	1.120490e-115	3.829259e-116	1.310476e-116	4.491784e-117	1.542078e-117	5.303015e-118	1.827320e-118	6.316483e-119	2.197529e-119	7.762615e-120	2.845576e-120	1.134964e-120	
T20	1.122513e-40	2.843755e-42	4.887197e-44	6.027525e-46	9.450576e-48	6.197754e-50	1.903936e-52	1.511924e-55	8.784221e-60	8.719291e-66	2.123484e-73	7.592027e-80	8.120557e-84	5.275232e-87	3.548710e-90	2.770830e-93	1.677281e-95	8.975609e-97	3.465963e-97	5.151410e-97	6.387856e-97	1.329542e-96	2.340114e-95	1.451479e-93	3.699009e-92	1.676912e-91	2.822426e-91	4.388938e-91	6.548517e-91	7.147422e-91	4.910083e-91	1.750002e-91	1.144019e-92	1.018967e-93	4.924775e-94	2.461944e-94	1.229248e-94	6.135594e-95	3.063882e-95	1.531585e-95	7.666863e-96	3.843883e-96	1.930279e-96	9.709558e-97	4.893886e-97	2.474441e-97	1.259212e-97	6.506317e-98	3.488670e-98	2.035328e-98	
T21	1.493291e-43	4.317709e-45	8.568713e-47	1.237240e-48	2.311688e-50	1.842086e-52	7.045185e-55	7.348378e-58	6.251166e-62	1.079114e-67	5.368290e-75	3.523205e-81	5.448704e-85	4.743978e-88	4.272997e-91	4.440176e-94	3.276023e-96	1.945112e-97	7.651908e-98	1.093053e-97	1.312701e-97	2.587489e-97	3.933892e-96	1.996042e-94	4.320537e-93	1.789732e-92	2.868802e-92	4.258630e-92	6.070884e-92	6.411142e-92	4.344423e-92	1.570554e-92	1.119897e-93	1.074049e-94	5.198951e-95	2.599007e-95	1.297684e-95	6.477180e-96	3.234457e-96	1.616853e-96	8.093699e-97	4.057883e-97	2.037744e-97	1.025012e-97	5.166342e-98	2.612200e-98	1.329316e-98	6.868542e-99	3.682894e-99	2.148640e-99	
T22	1.372588e-41	3.417321e-43	5.751377e-45	6.915815e-47	1.051007e-48	6.630150e-51	1.939146e-53	1.441398e-56	7.601542e-61	6.477502e-67	1.242160e-74	3.292834e-81	2.575357e-85	1.175162e-88	5.245175e-92	2.590215e-95	9.942747e-98	3.451080e-99	8.909980e-100	9.070740e-100	7.655798e-100	1.095665e-99	1.391740e-98	6.428059e-97	1.202617e-95	3.875979e-95	4.555645e-95	4.948598e-95	5.163828e-95	3.923730e-95	1.861298e-95	4.522607e-96	1.944986e-97	1.144062e-98	3.777589e-99	1.291092e-99	4.407227e-100	1.503926e-100	5.134324e-101	1.754660e-101	6.004944e-102	2.058260e-102	7.066245e-103	2.429997e-103	8.373327e-104	2.894403e-104	1.006974e-104	3.557067e-105	1.303930e-105	5.200754e-106	
T23	4.385321e-13	6.495147e-13	6.097248e-13	6.759126e-13	1.700739e-12	2.954495e-13	1.878743e-14	4.364211e-16	1.955175e-18	7.950874e-22	4.138944e-26	7.241214e-30	1.885937e-32	1.126127e-34	6.559959e-37	3.943305e-39	6.093963e-41	2.610348e-42	2.889073e-43	6.313878e-44	1.330602e-44	3.556734e-45	2.687644e-45	3.837567e-45	3.640308e-45	1.524081e-45	3.996648e-46	1.013766e-46	2.527592e-47	5.432867e-48	9.361586e-49	1.179497e-49	6.611890e-51	4.340624e-52	6.436201e-53	9.740648e-54	1.478866e-54	2.253612e-55	3.449556e-56	5.307042e-57	8.209000e-58	1.276674e-58	1.995763e-59	3.134602e-60	4.943823e-61	7.825373e-62	1.242567e-62	1.980550e-63	3.208473e-64	6.075631e-65	
T24	8.468376e-17	1.199653e-16	1.075591e-16	1.136822e-16	2.719793e-16	4.482212e-17	2.695712e-18	5.833487e-20	2.345351e-22	8.085200e-26	3.448071e-30	5.408256e-34	1.449479e-36	9.560470e-39	6.423849e-41	4.660867e-43	9.311113e-45	5.476634e-46	8.730973e-47	2.835398e-47	8.924235e-48	3.606530e-48	4.254005e-48	9.644576e-48	1.429638e-47	9.083545e-48	3.554005e-48	1.342275e-48	4.974607e-49	1.579687e-49	3.988036e-50	7.280070e-51	5.757032e-52	5.371022e-53	1.164153e-53	2.576956e-54	5.722607e-55	1.275544e-55	2.855845e-56	6.426601e-57	1.454045e-57	3.307712e-58	7.563411e-59	1.737612e-59	4.008621e-60	9.281093e-61	2.155641e-61	5.025794e-62	1.190912e-62	3.298641e-63	
T25	7.073260e-31	6.055619e-31	2.442390e-30	2.789456e-29	2.139954e-29	1.499807e-30	7.349544e-32	1.981194e-33	1.611806e-35	1.804408e-38	2.085590e-42	5.026274e-46	2.208314e-48	3.513540e-50	7.060893e-52	1.757910e-53	1.368984e-54	3.303698e-55	2.061120e-55	2.428851e-55	2.268380e-55	1.411191e-55	1.310943e-55	3.024723e-55	8.634974e-55	1.459762e-54	1.692550e-54	2.071043e-54	2.812392e-54	4.496776e-54	9.364681e-54	1.636052e-53	1.174668e-53	8.002897e-54	9.520344e-54	1.002789e-53	9.540278e-54	8.440686e-54	7.113440e-54	5.822230e-54	4.698117e-54	3.779028e-54	3.054350e-54	2.495214e-54	2.070287e-54	1.752840e-54	1.524506e-54	1.380010e-54	1.339678e-54	1.492262e-54	
T26	1.786570e-49	5.499132e-51	3.027921e-52	1.265114e-52	5.618435e-54	2.812826e-56	6.454458e-59	3.780751e-62	1.473368e-66	8.219461e-73	7.989944e-81	8.666913e-88	3.805200e-92	1.600145e-95	8.660653e-99	6.251761e-102	4.131016e-104	2.637231e-105	1.218941e-105	2.149745e-105	2.763544e-105	3.453796e-105	2.179995e-104	6.493480e-103	1.441537e-101	7.506135e-101	1.584980e-100	3.368963e-100	7.725967e-100	1.755296e-99	4.194550e-99	6.106428e-99	1.452788e-99	3.779718e-100	4.201701e-100	4.142012e-100	3.630109e-100	2.916276e-100	2.200644e-100	1.589706e-100	1.114843e-100	7.665478e-101	5.203940e-101	3.506639e-101	2.356042e-101	1.585769e-101	1.076172e-101	7.454903e-102	5.417007e-102	4.372118e-102	
T27	1.221769e-14	2.333466e-15	7.760166e-16	2.414780e-15	1.095386e-15	7.539289e-17	3.351762e-18	7.594399e-20	4.345841e-22	2.990273e-25	2.986316e-29	9.712601e-33	5.452413e-35	9.503228e-37	1.928983e-38	4.503409e-40	2.929006e-41	5.260312e-42	2.217252e-42	1.660674e-42	9.828756e-43	4.140068e-43	2.721881e-43	4.267075e-43	8.016646e-43	8.980663e-43	6.917884e-43	5.338061e-43	4.118237e-43	2.755045e-43	1.473134e-43	5.685364e-44	9.481646e-45	1.815280e-45	7.830480e-46	3.406698e-46	1.473340e-46	6.377592e-47	2.791328e-47	1.246556e-47	5.692361e-48	2.642505e-48	1.235942e-48	5.786010e-49	2.705928e-49	1.268356e-49	6.025328e-50	2.966896e-50	1.600241e-50	1.217331e-50	
T28	2.756446e-50	5.683212e-52	8.951600e-54	1.050671e-55	6.876181e-58	2.048040e-60	3.327709e-63	1.330035e-66	2.933057e-71	6.707769e-78	2.358304e-86	1.645463e-93	6.759228e-98	2.089949e-101	6.721719e-105	2.561133e-108	9.749143e-111	4.302486e-112	1.753076e-112	3.259018e-112	4.971956e-112	1.362543e-111	4.135950e-110	5.265625e-108	2.543935e-106	1.826829e-105	4.441010e-105	1.013925e-104	2.260741e-104	3.606662e-104	3.442425e-104	1.561286e-104	1.032615e-105	9.377918e-107	5.535921e-107	3.303995e-107	1.915985e-107	1.081952e-107	5.967674e-108	3.225164e-108	1.712905e-108	8.964763e-109	4.635364e-109	2.373736e-109	1.206851e-109	6.109529e-110	3.093835e-110	1.582509e-110	8.366845e-111	4.813440e-111	
T29	2.267832e-48	1.308359e-48	5.447326e-48	3.853767e-47	4.371038e-48	6.960409e-50	5.945226e-52	1.641600e-54	5.165438e-58	6.859033e-63	1.208225e-68	1.095246e-72	7.182629e-75	1.155683e-76	1.209298e-78	9.767720e-81	3.132177e-82	4.893920e-83	3.369022e-83	6.407379e-83	9.927032e-83	2.237208e-82	2.786954e-81	9.629985e-80	1.625901e-78	6.794681e-78	1.274387e-77	2.252437e-77	3.872039e-77	5.174792e-77	4.713115e-77	2.452087e-77	3.051161e-78	4.540961e-79	2.504780e-79	1.343878e-79	6.891978e-80	3.419818e-80	1.659033e-80	7.931057e-81	3.756883e-81	1.769791e-81	8.310065e-82	3.894709e-82	1.823423e-82	8.531840e-83	3.990739e-83	1.866302e-83	8.726939e-84	4.080463e-84	
T30	9.383571e-35	8.539714e-36	9.217016e-37	1.036970e-37	4.314665e-40	2.553774e-42	1.670348e-44	4.872507e-47	2.142227e-50	5.315533e-55	9.582647e-61	1.367364e-65	1.356760e-68	4.719029e-71	1.545316e-73	5.436831e-76	9.362236e-78	8.998078e-79	4.220512e-79	6.036798e-79	8.233411e-79	1.937113e-78	2.736231e-77	1.086015e-75	2.157424e-74	1.093444e-73	2.503825e-73	5.309330e-73	1.079368e-72	1.704744e-72	1.859426e-72	1.202008e-72	2.036908e-73	4.326568e-74	3.409831e-74	2.718067e-74	2.122063e-74	1.620686e-74	1.212205e-74	8.901118e-75	6.434929e-75	4.592882e-75	3.244587e-75	2.273550e-75	1.583076e-75	1.096928e-75	7.572064e-76	5.211409e-76	3.577846e-76	2.450888e-76	
T31	2.290943e-11	6.149354e-12	3.414252e-12	2.198335e-11	1.063775e-12	6.124124e-14	4.381406e-15	2.049600e-16	3.757695e-18	2.202012e-20	6.333755e-23	4.298954e-25	1.308206e-26	5.537002e-28	2.037915e-29	7.328837e-31	5.441627e-32	9.105367e-33	3.195553e-33	1.824904e-33	9.106279e-34	4.876363e-34	5.757066e-34	1.393431e-33	3.256840e-33	4.469262e-33	4.342806e-33	4.176527e-33	3.994416e-33	3.388381e-33	2.412841e-33	1.366452e-33	4.273064e-34	1.668992e-34	1.271748e-34	9.434116e-35	6.573052e-35	4.304090e-35	2.675539e-35	1.596785e-35	9.229001e-36	5.194574e-36	2.857917e-36	1.542253e-36	8.198465e-37	4.317999e-37	2.269138e-37	1.196526e-37	6.313463e-38	3.253473e-38	
T32	1.077438e-01	5.751311e-02	6.692258e-02	9.588929e-01	1.114259e-01	1.666055e-02	3.397706e-03	5.640742e-04	5.710055e-05	3.503207e-06	1.639035e-07	9.133942e-09	8.047602e-10	7.058130e-11	5.192045e-12	3.560687e-13	3.641439e-14	6.036291e-15	1.577912e-15	5.614428e-16	1.848863e-16	6.289234e-17	3.627277e-17	3.774765e-17	4.519020e-17	4.202086e-17	3.258214e-17	2.571156e-17	2.053249e-17	1.530711e-17	1.026867e-17	6.023262e-18	2.472123e-18	1.217318e-18	9.285954e-19	6.870558e-19	4.778376e-19	3.125089e-19	1.941011e-19	1.157748e-19	6.688853e-20	3.763833e-20	2.070381e-20	1.117125e-20	5.938016e-21	3.127274e-21	1.643338e-21	8.665151e-22	4.572077e-22	2.356066e-22	
T33	1.946411e-40	9.066976e-42	3.096895e-43	3.138963e-44	1.017982e-46	4.031691e-49	1.492400e-51	1.720062e-54	1.591991e-58	2.857051e-64	1.407817e-71	7.726556e-78	8.950253e-82	6.507446e-85	5.541027e-88	6.002419e-91	5.033177e-93	3.527155e-94	1.610748e-94	2.607654e-94	3.274362e-94	4.763395e-94	3.225512e-93	7.727166e-92	1.361996e-90	6.285616e-90	1.242828e-89	2.389055e-89	4.537762e-89	6.460151e-89	5.888550e-89	2.813792e-89	2.538785e-90	3.054885e-91	1.890490e-91	1.201571e-91	7.588907e-92	4.794565e-92	3.060217e-92	1.990260e-92	1.320872e-92	8.887304e-93	6.004229e-93	4.043094e-93	2.705869e-93	1.804120e-93	1.208458e-93	8.237935e-94	5.841363e-94	4.610293e-94	
T34	4.277956e-43	1.844197e-44	5.776454e-46	5.325025e-47	1.559231e-49	5.534726e-52	1.824696e-54	1.878637e-57	1.583484e-61	2.677385e-67	1.266511e-74	6.218233e-81	5.819040e-85	3.272128e-88	2.116851e-91	1.710354e-94	1.027574e-96	4.971487e-98	1.520527e-98	1.618138e-98	1.339156e-98	1.276060e-98	5.519322e-98	8.352232e-97	9.465547e-96	2.886631e-95	3.830899e-95	4.955194e-95	6.346437e-95	6.126573e-95	3.814209e-95	1.256506e-95	7.989971e-97	6.734814e-98	2.851361e-98	1.239379e-98	5.353943e-99	2.314065e-99	1.010753e-99	4.500558e-100	2.046300e-100	9.441686e-101	4.380436e-101	2.029727e-101	9.374964e-102	4.332077e-102	2.023164e-102	9.697054e-103	4.891048e-103	2.789229e-103	
T35	2.134639e-43	8.786896e-45	2.618134e-46	2.285969e-47	6.304761e-50	2.095313e-52	6.419282e-55	6.039909e-58	4.497418e-62	6.369261e-68	2.403730e-75	9.749129e-82	8.120457e-86	4.163180e-89	2.457877e-92	1.816723e-95	1.026222e-97	4.805849e-99	1.460747e-99	1.572926e-99	1.314239e-99	1.273158e-99	5.758953e-99	9.268600e-98	1.104463e-96	3.462994e-96	4.665394e-96	6.121573e-96	7.951313e-96	7.754354e-96	4.848036e-96	1.590081e-96	9.843638e-98	8.110209e-99	3.432047e-99	1.491780e-99	6.444278e-100	2.785326e-100	1.216593e-100	5.417097e-101	2.463029e-101	1.136449e-101	5.272512e-102	2.443081e-102	1.128417e-102	5.214304e-103	2.435181e-103	1.167186e-103	5.887110e-104	3.357256e-104	
T36	4.941834e-06	1.937295e-06	1.392866e-06	7.781989e-05	2.688787e-04	5.176402e-05	5.508762e-06	3.609668e-07	1.095875e-08	1.172593e-10	5.603178e-13	5.900716e-15	2.935310e-16	2.569592e-17	2.312848e-18	2.155409e-19	3.583776e-20	1.039869e-20	4.805965e-21	3.008897e-21	1.594513e-21	7.509257e-22	5.518162e-22	8.327740e-22	1.600847e-21	2.222356e-21	2.331652e-21	2.357036e-21	2.292773e-21	1.959363e-21	1.401204e-21	7.877886e-22	2.499997e-22	8.509791e-23	4.838947e-23	2.723000e-23	1.504059e-23	8.222521e-24	4.499069e-24	2.486064e-24	1.388693e-24	7.784924e-25	4.337128e-25	2.385963e-25	1.295679e-25	6.992026e-26	3.800831e-26	2.112827e-26	1.205856e-26	6.852352e-27	
T37	1.967358e-05	8.071998e-06	6.090870e-06	3.582452e-04	1.307943e-03	2.668262e-04	3.016785e-05	2.117416e-06	6.974408e-08	8.139788e-10	4.167947e-12	4.532792e-14	2.279803e-15	2.006228e-16	1.810065e-17	1.687130e-18	2.808714e-19	8.195411e-20	3.835180e-20	2.452726e-20	1.340108e-20	6.605725e-21	5.215690e-21	8.733173e-21	1.917023e-20	3.114344e-20	3.918833e-20	4.855052e-20	5.847301e-20	6.175762e-20	5.415422e-20	3.719173e-20	1.493137e-20	6.373269e-21	4.227292e-21	2.690942e-21	1.635916e-21	9.613419e-22	5.546798e-22	3.184395e-22	1.827650e-22	1.044241e-22	5.895203e-23	3.272963e-23	1.788628e-23	9.694236e-24	5.285490e-24	2.944145e-24	1.682672e-24	9.571062e-25	
T38	1.017115e-04	4.525812e-05	3.732414e-05	2.421526e-03	9.871393e-03	2.281335e-03	2.978064e-04	2.512314e-05	1.083097e-06	1.918076e-08	1.742242e-10	3.149004e-12	2.169459e-13	2.457566e-14	2.858156e-15	3.422163e-16	6.771530e-17	2.156157e-17	1.016499e-17	6.180512e-18	3.209025e-18	1.455768e-18	9.518774e-19	1.216153e-18	2.040191e-18	2.636565e-18	2.672267e-18	2.607984e-18	2.442851e-18	2.030545e-18	1.438515e-18	8.246349e-19	2.887857e-19	1.069746e-19	6.107717e-20	3.442717e-20	1.903815e-20	1.041636e-20	5.702639e-21	3.152335e-21	1.761331e-21	9.875690e-22	5.502615e-22	3.027383e-22	1.644093e-22	8.872565e-23	4.823215e-23	2.681205e-23	1.530267e-23	8.695909e-24	
T40	6.745282e-45	4.100654e-44	1.846632e-44	1.192572e-44	1.021384e-45	5.915830e-47	2.534948e-48	4.022414e-50	5.840386e-53	2.076484e-57	3.571481e-63	3.942652e-68	3.019132e-71	9.935539e-74	3.674554e-76	1.652744e-78	3.636370e-80	4.080982e-81	1.861863e-81	2.173520e-81	1.988278e-81	1.730871e-81	6.387327e-81	9.665907e-80	9.864681e-79	3.067295e-78	4.772532e-78	7.199757e-78	1.079260e-77	1.320054e-77	1.194896e-77	6.974209e-78	1.234123e-78	2.706255e-79	1.807484e-79	1.129489e-79	6.487851e-80	3.477215e-80	1.767700e-80	8.646061e-81	4.112662e-81	1.917054e-81	8.806348e-82	4.005063e-82	1.811137e-82	8.184057e-83	3.722858e-83	1.728098e-83	8.413835e-84	4.548489e-84	
T41	0.000000e+00	0.000000e+00	0.000000e+00	0.000000e+00	0.000000e+00	0.000000e+00	0.000000e+00	8.440656e-83	3.883510e-86	3.104507e-91	2.435394e-97	1.257974e-102	4.149917e-106	0.000000e+00	0.000000e+00	0.000000e+00	1.379701e-115	3.579376e-116	3.061592e-116	6.925190e-116	1.008132e-115	2.241831e-115	3.347456e-114	1.735360e-112	3.477800e-111	1.391113e-110	5.291182e-111	0.000000e+00	0.000000e+00	0.000000e+00	2.425924e-111	0.000000e+00	0.000000e+00	0.000000e+00	0.000000e+00	0.000000e+00	0.000000e+00	0.000000e+00	0.000000e+00	0.000000e+00	0.000000e+00	0.000000e+00	0.000000e+00	0.000000e+00	0.000000e+00	0.000000e+00	0.000000e+00	0.000000e+00	0.000000e+00	0.000000e+00	
T42	0.000000e+00	0.000000e+00	0.000000e+00	0.000000e+00	0.000000e+00	0.000000e+00	0.000000e+00	1.165007e-62	2.276625e-65	7.462922e-70	1.216985e-75	6.129873e-81	1.871989e-84	0.000000e+00	0.000000e+00	0.000000e+00	1.917403e-92	1.088669e-92	1.339853e-92	2.976826e-92	3.496479e-92	3.697927e-92	6.601568e-92	2.483717e-91	4.484401e-91	4.546548e-91	1.203770e-92	0.000000e+00	0.000000e+00	1.841338e-94	1.108730e-92	0.000000e+00	0.000000e+00	0.000000e+00	0.000000e+00	0.000000e+00	0.000000e+00	0.000000e+00	0.000000e+00	0.000000e+00	0.000000e+00	0.000000e+00	0.000000e+00	0.000000e+00	0.000000e+00	0.000000e+00	0.000000e+00	0.000000e+00	0.000000e+00	1.130020e-104	
T43	0.000000e+00	0.000000e+00	0.000000e+00	0.000000e+00	0.000000e+00	0.000000e+00	0.000000e+00	8.245118e-73	1.907059e-77	1.991609e-84	5.421455e-93	2.928867e-100	6.018412e-105	0.000000e+00	0.000000e+00	0.000000e+00	2.076841e-117	3.065557e-118	2.258944e-118	5.587245e-118	8.022368e-118	2.024593e-117	3.077177e-116	1.811875e-114	2.849424e-113	1.141255e-112	1.280129e-113	0.000000e+00	0.000000e+00	8.231152e-114	5.597361e-113	0.000000e+00	0.000000e+00	0.000000e+00	0.000000e+00	0.000000e+00	0.000000e+00	0.000000e+00	0.000000e+00	0.000000e+00	0.000000e+00	0.000000e+00	0.000000e+00	0.000000e+00	0.000000e+00	0.000000e+00	0.000000e+00	0.000000e+00	8.732301e-126	1.971568e-125	
T46	7.392674e+03	2.671668e+03	9.478440e+02	2.572438e+02	4.739993e+00	3.546827e-01	3.846683e-02	3.628233e-03	1.908008e-04	4.506061e-06	6.275239e-08	1.815421e-09	1.902222e-10	3.163186e-11	5.386107e-12	9.485345e-13	2.723872e-13	1.250910e-13	8.413585e-14	7.340017e-14	6.019101e-14	4.872595e-14	4.667006e-14	4.615385e-14	3.477059e-14	1.793613e-14	7.471534e-15	3.041719e-15	1.227939e-15	4.673022e-16	1.630881e-16	5.068672e-17	1.171304e-17	3.189505e-18	1.414792e-18	7.078094e-19	3.692962e-19	1.914070e-19	9.675914e-20	4.762323e-20	2.292073e-20	1.084798e-20	5.074934e-21	2.357529e-21	1.092292e-21	5.073091e-22	2.377778e-22	1.134565e-22	5.569495e-23	2.875129e-23	
T47	8.087824e-02	2.018908e-02	5.590411e-03	1.493386e-02	5.469202e-03	3.072580e-04	1.958264e-05	9.881625e-07	2.460586e-08	2.120410e-10	6.982922e-13	4.954618e-15	1.988365e-16	1.635347e-17	1.532067e-18	1.622291e-19	3.264115e-20	1.222183e-20	7.735186e-21	6.917561e-21	5.615900e-21	4.611217e-21	6.046027e-21	1.131810e-20	1.722035e-20	1.629768e-20	1.151158e-20	7.795655e-21	5.100507e-21	2.996637e-21	1.563121e-21	7.627540e-22	3.120728e-22	1.798305e-22	1.644376e-22	1.403776e-22	1.095185e-22	7.962210e-23	5.528373e-23	3.728739e-23	2.455977e-23	1.575311e-23	9.797350e-24	5.899461e-24	3.448479e-24	1.970873e-24	1.116713e-24	6.419688e-25	3.932358e-25	3.202658e-25	
T48	1.817918e-04	3.560419e-05	5.929197e-06	5.265220e-07	6.971081e-09	2.826615e-10	1.267573e-11	3.656568e-13	3.653127e-15	7.994475e-18	4.968117e-21	8.299052e-24	1.139843e-25	3.297920e-27	9.846620e-29	3.143297e-30	2.378412e-31	4.312476e-32	1.652147e-32	1.060796e-32	6.002279e-33	3.079798e-33	2.343330e-33	2.422024e-33	1.796566e-33	7.211872e-34	2.050227e-34	5.776436e-35	1.633460e-35	4.173999e-36	9.068293e-37	1.550742e-37	1.398772e-38	1.425649e-39	2.832286e-40	5.941156e-41	1.310560e-41	3.053050e-42	7.504066e-43	1.937478e-43	5.225042e-44	1.463895e-44	4.241866e-45	1.266982e-45	3.892560e-46	1.229694e-46	4.006106e-47	1.358610e-47	4.914118e-48	2.070303e-48	
T49	9.199172e-05	1.951237e-05	3.539841e-06	3.447699e-07	5.047503e-09	2.282719e-10	1.152202e-11	3.794894e-13	4.436823e-15	1.178344e-17	9.160099e-21	1.852516e-23	2.891419e-25	9.237265e-27	3.009651e-28	1.037330e-29	8.272931e-31	1.545424e-31	5.983150e-32	3.831802e-32	2.162508e-32	1.100996e-32	8.164967e-33	8.136688e-33	5.857265e-33	2.312850e-33	6.517522e-34	1.820791e-34	5.105680e-35	1.296752e-35	2.810412e-36	4.819761e-37	4.420594e-38	4.569694e-39	9.081650e-40	1.905108e-40	4.202635e-41	9.790644e-42	2.406486e-42	6.213417e-43	1.675670e-43	4.694747e-44	1.360383e-44	4.063273e-45	1.248363e-45	3.943687e-46	1.284774e-46	4.357100e-47	1.575965e-47	6.639459e-48	
T50	6.353471e-16	7.818993e-17	9.929928e-18	9.693318e-18	4.090462e-18	1.735955e-19	6.295139e-21	1.342461e-22	8.786171e-25	8.954414e-28	1.880493e-31	1.482500e-34	1.290816e-36	2.683603e-38	6.133070e-40	1.528305e-41	8.357975e-43	1.001138e-43	2.355990e-44	8.670073e-45	2.808271e-45	9.595265e-46	6.406892e-46	6.954340e-46	5.775400e-46	2.591168e-46	8.005331e-47	2.384468e-47	6.989723e-48	1.870305e-48	4.995786e-49	1.715149e-49	4.824211e-50	1.550302e-50	7.931558e-51	3.494689e-51	1.338864e-51	4.589979e-52	1.446342e-52	4.277759e-53	1.204010e-53	3.250794e-54	8.462025e-55	2.133025e-55	5.233267e-56	1.258389e-56	2.998098e-57	7.199790e-58	1.796577e-58	5.177559e-59	
T51	1.140259e-18	1.408009e-19	1.787572e-20	1.732350e-20	7.173009e-21	2.947675e-22	1.016015e-23	1.953050e-25	1.025735e-27	6.980612e-31	8.370451e-35	4.408223e-38	3.446904e-40	7.138107e-42	1.652263e-43	4.265261e-45	2.713140e-46	4.261894e-47	1.463779e-47	8.447779e-48	4.258225e-48	2.326268e-48	2.764658e-48	5.671113e-48	8.461514e-48	6.221673e-48	2.990050e-48	1.379083e-48	6.242289e-49	2.536327e-49	1.004045e-49	4.937703e-50	1.824687e-50	7.840661e-51	5.856645e-51	3.774481e-51	2.115167e-51	1.060667e-51	4.888785e-52	2.114988e-52	8.707302e-53	3.438784e-53	1.309339e-53	4.827657e-54	1.732510e-54	6.093686e-55	2.123605e-55	7.459511e-56	2.722694e-56	1.147732e-56	
T52	3.933168e-17	1.623372e-17	8.753395e-18	4.857621e-18	2.290719e-18	1.677630e-19	7.517347e-21	1.794685e-22	1.394630e-24	1.891571e-27	4.822956e-31	2.930317e-34	1.522179e-36	1.859855e-38	2.822838e-40	5.079216e-42	2.008343e-43	1.726341e-44	2.913010e-45	7.743451e-46	1.846236e-46	4.652400e-47	2.277292e-47	1.743018e-47	9.961138e-48	3.111586e-48	6.793444e-49	1.427692e-49	2.926079e-50	5.338794e-51	8.434780e-52	1.167618e-52	1.129009e-53	1.644902e-54	4.881840e-55	1.413266e-55	3.771690e-56	9.298178e-57	2.151593e-57	4.741028e-58	1.001448e-58	2.028356e-59	3.933891e-60	7.310189e-61	1.306522e-61	2.262637e-62	3.847157e-63	6.569939e-64	1.186613e-64	2.790918e-65	
T53	0.000000e+00	0.000000e+00	0.000000e+00	0.000000e+00	0.000000e+00	0.000000e+00	0.000000e+00	4.052532e-31	1.908194e-32	1.443297e-34	7.401856e-37	4.979435e-39	9.483505e-41	0.000000e+00	0.000000e+00	0.000000e+00	7.085157e-45	5.701285e-45	4.437643e-45	3.701709e-45	1.813757e-45	6.542093e-46	1.477719e-46	4.253189e-47	7.919636e-48	1.804084e-48	2.851659e-50	0.000000e+00	0.000000e+00	1.111610e-52	2.424605e-52	0.000000e+00	0.000000e+00	0.000000e+00	0.000000e+00	0.000000e+00	0.000000e+00	0.000000e+00	0.000000e+00	0.000000e+00	0.000000e+00	0.000000e+00	0.000000e+00	0.000000e+00	0.000000e+00	0.000000e+00	0.000000e+00	0.000000e+00	0.000000e+00	2.491820e-65	
T54	0.000000e+00	0.000000e+00	0.000000e+00	0.000000e+00	0.000000e+00	0.000000e+00	0.000000e+00	6.672221e-23	1.041635e-22	6.297872e-23	5.519883e-23	3.059412e-23	1.177683e-23	0.000000e+00	0.000000e+00	0.000000e+00	7.586930e-24	1.864272e-23	2.796157e-23	3.291000e-23	2.667376e-23	2.227628e-23	1.197491e-23	7.254667e-24	3.184837e-24	2.492489e-24	1.725604e-25	0.000000e+00	0.000000e+00	4.357249e-26	3.342114e-25	0.000000e+00	0.000000e+00	0.000000e+00	0.000000e+00	0.000000e+00	0.000000e+00	0.000000e+00	0.000000e+00	0.000000e+00	0.000000e+00	0.000000e+00	0.000000e+00	0.000000e+00	0.000000e+00	0.000000e+00	0.000000e+00	0.000000e+00	0.000000e+00	0.000000e+00	
T55	0.000000e+00	0.000000e+00	0.000000e+00	0.000000e+00	0.000000e+00	0.000000e+00	0.000000e+00	6.643551e-22	1.038147e-21	6.281629e-22	5.509299e-22	3.055492e-22	1.176892e-22	0.000000e+00	0.000000e+00	0.000000e+00	7.602040e-23	1.870228e-22	2.810012e-22	3.315894e-22	2.697781e-22	2.265626e-22	1.227950e-22	7.526775e-23	3.357163e-23	2.681943e-23	1.905076e-24	0.000000e+00	0.000000e+00	5.324040e-25	4.230406e-24	0.000000e+00	0.000000e+00	0.000000e+00	0.000000e+00	0.000000e+00	0.000000e+00	0.000000e+00	0.000000e+00	0.000000e+00	0.000000e+00	0.000000e+00	0.000000e+00	0.000000e+00	0.000000e+00	0.000000e+00	0.000000e+00	0.000000e+00	0.000000e+00	0.000000e+00	
T56	0.000000e+00	0.000000e+00	0.000000e+00	0.000000e+00	0.000000e+00	0.000000e+00	0.000000e+00	6.775706e-23	1.058596e-22	6.412426e-23	5.627118e-23	3.121332e-23	1.201319e-23	0.000000e+00	0.000000e+00	0.000000e+00	7.732484e-24	1.900793e-23	2.850738e-23	3.354923e-23	2.719644e-23	2.271139e-23	1.221336e-23	7.399656e-24	3.250582e-24	2.543127e-24	1.757797e-25	0.000000e+00	0.000000e+00	4.433600e-26	3.415823e-25	0.000000e+00	0.000000e+00	0.000000e+00	0.000000e+00	0.000000e+00	0.000000e+00	0.000000e+00	0.000000e+00	0.000000e+00	0.000000e+00	0.000000e+00	0.000000e+00	0.000000e+00	0.000000e+00	0.000000e+00	0.000000e+00	0.000000e+00	0.000000e+00	0.000000e+00	
T57	7.253932e-76	5.147428e-78	2.452630e-80	7.374113e-83	1.228811e-85	1.076944e-88	4.247371e-92	2.875761e-96	5.547266e-102	4.057269e-110	1.812961e-120	2.959717e-129	1.099905e-134	4.739998e-139	2.156764e-143	1.219532e-147	1.151106e-150	2.193321e-152	6.439967e-153	1.242949e-152	1.958842e-152	6.496153e-152	4.124562e-150	1.538650e-147	1.809927e-145	2.132258e-144	6.795827e-144	2.020814e-143	5.880058e-143	1.146794e-142	1.203774e-142	5.103508e-143	2.056332e-144	1.185688e-145	6.492670e-146	3.543184e-146	1.849762e-146	9.325052e-147	4.578096e-147	2.203643e-147	1.045162e-147	4.902216e-148	2.280128e-148	1.053991e-148	4.851071e-149	2.226892e-149	1.021283e-149	4.687736e-150	2.158151e-150	9.992895e-151	
T58	0.000000e+00	0.000000e+00	0.000000e+00	0.000000e+00	0.000000e+00	0.000000e+00	0.000000e+00	6.767589e-89	6.615816e-93	3.057334e-99	2.934551e-107	3.116700e-114	6.481581e-119	6.918093e-123	7.181584e-127	7.182251e-131	2.238178e-133	4.679694e-134	6.096914e-134	2.221007e-133	4.063479e-133	5.674892e-133	1.919687e-132	1.444787e-131	3.806759e-131	2.152404e-131	2.967690e-132	0.000000e+00	0.000000e+00	0.000000e+00	3.143021e-135	0.000000e+00	0.000000e+00	0.000000e+00	0.000000e+00	0.000000e+00	0.000000e+00	0.000000e+00	0.000000e+00	0.000000e+00	0.000000e+00	0.000000e+00	0.000000e+00	0.000000e+00	0.000000e+00	0.000000e+00	0.000000e+00	0.000000e+00	0.000000e+00	0.000000e+00	
T59	0.000000e+00	0.000000e+00	0.000000e+00	0.000000e+00	0.000000e+00	0.000000e+00	0.000000e+00	1.595772e-90	1.226230e-94	3.974368e-101	2.408269e-109	1.744376e-116	2.915668e-121	2.629915e-125	2.305099e-129	1.951074e-133	5.434148e-136	1.075173e-136	1.394958e-136	5.235763e-136	9.804610e-136	1.419526e-135	5.267353e-135	4.495782e-134	1.311895e-133	7.848420e-134	1.115726e-134	0.000000e+00	0.000000e+00	0.000000e+00	1.288609e-137	0.000000e+00	0.000000e+00	0.000000e+00	0.000000e+00	0.000000e+00	0.000000e+00	0.000000e+00	0.000000e+00	0.000000e+00	0.000000e+00	0.000000e+00	0.000000e+00	0.000000e+00	0.000000e+00	0.000000e+00	0.000000e+00	0.000000e+00	0.000000e+00	0.000000e+00	
T60	1.167973e-69	1.045181e-70	9.853668e-72	8.629420e-73	6.041182e-74	4.665135e-75	2.087361e-76	3.812674e-78	1.081999e-80	1.897527e-84	2.181226e-89	6.265385e-94	4.670513e-97	9.157364e-100	1.729595e-102	5.122665e-105	3.312240e-107	2.253814e-108	4.415230e-109	2.940204e-109	1.949828e-109	1.067144e-109	2.032621e-109	9.153740e-109	2.611503e-108	1.442215e-108	0.000000e+00	0.000000e+00	0.000000e+00	0.000000e+00	2.920456e-107	2.853299e-107	0.000000e+00	0.000000e+00	0.000000e+00	0.000000e+00	0.000000e+00	0.000000e+00	0.000000e+00	0.000000e+00	0.000000e+00	0.000000e+00	0.000000e+00	0.000000e+00	0.000000e+00	0.000000e+00	3.404643e-114	7.169177e-114	1.258278e-113	2.207997e-113	
T91	8.305873e-54	3.075892e-53	4.794543e-53	6.724758e-53	7.748628e-54	1.864616e-55	2.855807e-57	1.997752e-59	2.629235e-62	1.809093e-66	7.642463e-72	1.445662e-76	8.124757e-80	1.426029e-82	3.756424e-85	2.127431e-87	5.635280e-89	5.519978e-90	1.694669e-90	1.236276e-90	8.914579e-91	7.453699e-91	1.701632e-90	7.832813e-90	2.204110e-89	2.220592e-89	1.231414e-89	6.669386e-90	3.609073e-90	1.618618e-90	5.362692e-91	1.134507e-91	7.588454e-93	5.892813e-94	1.356531e-94	3.237618e-95	7.681935e-96	1.801377e-96	4.175500e-97	9.598793e-98	2.199697e-98	5.055168e-99	1.171688e-99	2.751395e-100	6.563956e-101	1.592364e-101	3.925085e-102	9.812351e-103	2.486427e-103	6.722749e-104	
T92	1.299037e-35	1.840997e-36	2.571281e-37	3.367625e-38	2.423313e-39	8.600320e-41	2.009594e-42	2.212433e-44	5.776451e-47	1.645277e-50	6.178535e-55	8.899101e-59	2.425902e-61	1.643611e-63	1.100960e-65	7.803626e-68	1.601268e-69	1.025764e-70	1.854756e-71	6.816850e-72	2.280722e-72	1.006239e-72	1.378670e-72	3.722352e-72	6.410647e-72	4.531424e-72	1.933182e-72	8.030787e-73	3.309079e-73	1.169315e-73	3.259635e-74	6.439557e-75	5.178762e-76	4.892124e-77	1.125014e-77	2.635351e-78	6.168174e-79	1.441973e-79	3.366379e-80	7.848251e-81	1.827395e-81	4.250226e-82	9.876218e-83	2.293215e-83	5.321711e-84	1.234579e-84	2.865498e-85	6.682611e-86	1.604262e-86	4.483223e-87	
T93	4.579328e-52	1.879346e-53	6.915342e-55	2.130414e-56	3.100221e-58	1.886117e-60	6.122686e-63	5.719617e-66	4.590365e-70	8.187151e-76	4.631113e-83	3.077372e-89	3.830426e-93	2.472132e-96	1.630686e-99	1.230618e-102	6.115723e-105	2.254923e-106	5.109226e-107	3.971220e-107	2.587820e-107	2.679297e-107	1.933007e-106	4.320526e-105	4.170906e-104	8.140382e-104	6.329275e-104	4.512143e-104	3.062257e-104	1.551740e-104	5.128018e-105	9.261957e-106	3.563424e-107	1.793574e-108	4.124077e-109	9.749915e-110	2.296522e-110	5.392153e-111	1.262600e-111	2.949614e-112	6.877551e-113	1.601144e-113	3.723010e-114	8.648551e-115	2.007629e-115	4.658459e-116	1.081399e-116	2.522172e-117	6.055263e-118	1.692263e-118	
