Type	Std	Rate
R1	1.757950e-84	5.724088e-84	3.722147e-83	1.523577e-84	9.297341e-87	1.389597e-89	2.648944e-92	1.074866e-94	3.123396e-97	1.596085e-98	2.000577e-98	3.049134e-98	5.788095e-98	1.279469e-97	3.461101e-97	1.123629e-96	4.247293e-96	1.819114e-95	8.657553e-95	4.611545e-94	2.568969e-93	1.444677e-92	7.543774e-92	3.570131e-91	1.534816e-90	6.146728e-90	2.277686e-89	7.888223e-89	2.533779e-88	7.673143e-88	2.206856e-87	6.092435e-87	1.645923e-86	4.325684e-86	9.931853e-86	2.004335e-85	3.236942e-85	4.390488e-85	5.652932e-85	8.433795e-85	2.172803e-84	1.124700e-83	8.913955e-83	8.785366e-82	1.059586e-80	1.068246e-79	6.946272e-79	2.791490e-78	7.211941e-78	1.267938e-77	1.609061e-77	1.578634e-77	2.269198e-76	1.429923e-70	
R3	3.587639e-40	1.305859e-39	7.793185e-39	3.094529e-39	4.118669e-40	2.337387e-41	1.396949e-42	1.067639e-43	4.066042e-45	5.389742e-46	4.523936e-46	4.662057e-46	6.085154e-46	9.434406e-46	1.780613e-45	3.958329e-45	1.003851e-44	2.830969e-44	8.723749e-44	2.951732e-43	1.038684e-42	3.703220e-42	1.253614e-41	3.956001e-41	1.165304e-40	3.266911e-40	8.660874e-40	2.188744e-39	5.237133e-39	1.202239e-38	2.662067e-38	5.719921e-38	1.209812e-37	2.500033e-37	4.616779e-37	7.511137e-37	9.754045e-37	1.013940e-36	9.229796e-37	9.307842e-37	1.609966e-36	4.903910e-36	1.458200e-35	3.658934e-35	9.238630e-35	2.099898e-34	3.861752e-34	5.644919e-34	6.683682e-34	6.581783e-34	5.539719e-34	4.116090e-34	4.826824e-33	2.333718e-27	
R4	2.617543e-28	6.657773e-27	1.656496e-25	2.918693e-25	2.196722e-25	9.910108e-26	3.931759e-26	9.239528e-27	2.530988e-28	1.635157e-30	1.083806e-32	8.037465e-35	9.857739e-36	6.818795e-36	6.938661e-36	9.068466e-36	1.414983e-35	2.443102e-35	4.352250e-35	7.855363e-35	1.340794e-34	2.210745e-34	3.446338e-34	5.191215e-34	7.699855e-34	1.148246e-33	1.702998e-33	2.515604e-33	3.684093e-33	5.439467e-33	8.228280e-33	1.326925e-32	2.335481e-32	4.259841e-32	6.488510e-32	7.923673e-32	6.004949e-32	2.658304e-32	7.956868e-33	2.255865e-33	1.023217e-33	8.087484e-34	6.461084e-34	4.873984e-34	5.288043e-34	9.517009e-34	1.859027e-33	2.732357e-33	2.800194e-33	2.057152e-33	1.152509e-33	5.417259e-34	4.280688e-33	1.917869e-27	
R6	2.937884e-31	6.266847e-28	9.386203e-25	2.244866e-23	1.670696e-22	6.786602e-22	2.280520e-21	7.658512e-21	1.654250e-20	2.799393e-20	5.934899e-20	1.248425e-19	2.798523e-19	6.669012e-19	1.768506e-18	5.218846e-18	1.687954e-17	5.911653e-17	2.225679e-16	9.068991e-16	3.828247e-15	1.624465e-14	6.528526e-14	2.435869e-13	8.443586e-13	2.763785e-12	8.515998e-12	2.486203e-11	6.850174e-11	1.800125e-10	4.534536e-10	1.105028e-09	2.638621e-09	6.138046e-09	1.272167e-08	2.352623e-08	3.512388e-08	4.237121e-08	4.508061e-08	5.340656e-08	1.088877e-07	3.917017e-07	1.376273e-06	4.076415e-06	1.211581e-05	3.225606e-05	6.895754e-05	1.159345e-04	1.556544e-04	1.707014e-04	1.565349e-04	1.235684e-04	1.499577e-03	7.360774e+02	
R8	2.748669e-29	1.250329e-27	1.786800e-25	1.411177e-24	4.594434e-24	9.387437e-24	1.746503e-23	2.810918e-23	1.501404e-23	4.298587e-24	1.858712e-24	9.016154e-25	5.550837e-25	4.206020e-25	4.178266e-25	5.235299e-25	7.983487e-25	1.430152e-24	2.922610e-24	6.867265e-24	1.732794e-23	4.637955e-23	1.233039e-22	3.222925e-22	8.308714e-22	2.147774e-21	5.464565e-21	1.364300e-20	3.283643e-20	7.655016e-20	1.726750e-19	3.776963e-19	8.107502e-19	1.698475e-18	3.182453e-18	5.316057e-18	7.220421e-18	8.047434e-18	8.051475e-18	9.089765e-18	1.782641e-17	6.222408e-17	2.142622e-16	6.290479e-16	1.875806e-15	5.069544e-15	1.110274e-14	1.917868e-14	2.625478e-14	2.874829e-14	2.545081e-14	1.858511e-14	1.986460e-13	8.148059e-08	
R9	6.804961e-31	2.781085e-27	6.678820e-25	5.184346e-24	1.306108e-23	2.143129e-23	3.219156e-23	5.115634e-23	1.072730e-22	1.782183e-22	2.370379e-22	2.829860e-22	2.846715e-22	2.370425e-22	1.680876e-22	1.062943e-22	6.279872e-23	3.577263e-23	2.002735e-23	1.123286e-23	6.341536e-24	3.615631e-24	2.063331e-24	1.171719e-24	6.595517e-25	3.672159e-25	2.019472e-25	1.092132e-25	5.793040e-26	2.996773e-26	1.509615e-26	7.589117e-27	3.802634e-27	1.784435e-27	6.828346e-28	2.080716e-28	4.660951e-29	8.976519e-30	1.997707e-30	8.120176e-31	1.107525e-30	2.708472e-30	6.098283e-30	1.207546e-29	2.724627e-29	7.619123e-29	2.441006e-28	6.960084e-28	1.528224e-27	2.561098e-27	3.369056e-27	3.615997e-27	3.542355e-27	4.840850e-27	
R10	2.085044e-44	1.236296e-46	2.033613e-49	4.392638e-53	2.299472e-57	3.256412e-62	7.095394e-67	4.634270e-71	6.702608e-75	8.925350e-77	4.902209e-77	2.777225e-77	1.523831e-77	7.969246e-78	4.035605e-78	2.006103e-78	9.879688e-79	4.835514e-79	2.353193e-79	1.141036e-79	5.503425e-80	2.645536e-80	1.265752e-80	6.028569e-81	2.858206e-81	1.349326e-81	6.343101e-82	2.968978e-82	1.385713e-82	6.458842e-83	3.014020e-83	1.425062e-83	6.836706e-84	3.265415e-84	1.474579e-84	6.337699e-85	2.537057e-85	1.011590e-85	4.413530e-86	2.140245e-86	1.109124e-86	5.932695e-87	3.227529e-87	1.801390e-87	1.111497e-87	9.064115e-88	1.013704e-87	1.223664e-87	1.325409e-87	1.219015e-87	9.515290e-88	6.439617e-88	3.982817e-88	2.659597e-88	
R11	3.666258e-23	1.982723e-20	4.634334e-18	2.197079e-17	3.873531e-17	5.734785e-17	8.265269e-17	1.164005e-16	1.841504e-16	2.435444e-16	2.948703e-16	3.489048e-16	3.613725e-16	3.175962e-16	2.427351e-16	1.663817e-16	1.052509e-16	6.279261e-17	3.600757e-17	2.033618e-17	1.143991e-17	6.468786e-18	3.656257e-18	2.056785e-18	1.147428e-18	6.334759e-19	3.454937e-19	1.853094e-19	9.747147e-20	4.999910e-20	2.497102e-20	1.243096e-20	6.159039e-21	2.859227e-21	1.087272e-21	3.316708e-22	7.519610e-23	1.475963e-23	3.343407e-24	1.375546e-24	1.888074e-24	4.620924e-24	1.031190e-23	1.967653e-23	3.835669e-23	6.934559e-23	1.035475e-22	1.250301e-22	1.258570e-22	1.097597e-22	8.492862e-23	5.984598e-23	4.355136e-23	7.728743e-23	
R12	1.746822e-15	3.470520e-13	9.121235e-12	4.479283e-11	1.287811e-10	3.152805e-10	7.077403e-10	1.540460e-09	3.853031e-09	6.834979e-09	8.668488e-09	1.006932e-08	1.048016e-08	9.690368e-09	8.051969e-09	6.123694e-09	4.349165e-09	2.937670e-09	1.920743e-09	1.242786e-09	8.051657e-10	5.264330e-10	3.457484e-10	2.271924e-10	1.488792e-10	9.710865e-11	6.291341e-11	4.031220e-11	2.542789e-11	1.567991e-11	9.411941e-12	5.560975e-12	3.224578e-12	1.760255e-12	8.328496e-13	3.317309e-13	1.052805e-13	2.897860e-14	8.391034e-15	3.958742e-15	5.810455e-15	1.468408e-14	3.329087e-14	6.403972e-14	1.253246e-13	2.267059e-13	3.372243e-13	4.027137e-13	3.964099e-13	3.326351e-13	2.421721e-13	1.549135e-13	9.367968e-14	7.355025e-14	
R13	2.034260e-30	2.207717e-26	6.186670e-24	3.547506e-23	9.114305e-23	1.773175e-22	3.179688e-22	5.849271e-22	1.213493e-21	2.101292e-21	3.192527e-21	4.534221e-21	5.693079e-21	6.243201e-21	6.148566e-21	5.606721e-21	4.823298e-21	3.983174e-21	3.215743e-21	2.596536e-21	2.102375e-21	1.694524e-21	1.328047e-21	9.956810e-22	7.066657e-22	4.699387e-22	2.884429e-22	1.600364e-22	7.908449e-23	3.449197e-23	1.336818e-23	4.782810e-24	1.602371e-24	4.853365e-25	1.200541e-25	2.426521e-26	3.776297e-27	5.160470e-28	7.937439e-29	2.146957e-29	1.911547e-29	3.059039e-29	4.689555e-29	7.297099e-29	1.840930e-28	6.828680e-28	2.196008e-27	4.856075e-27	7.362006e-27	8.072502e-27	6.708481e-27	4.408915e-27	2.551461e-27	1.924252e-27	
R14	1.169714e-19	2.279571e-17	5.837459e-16	2.802151e-15	7.894658e-15	1.897028e-14	4.184619e-14	8.882170e-14	2.062000e-13	3.037430e-13	2.900988e-13	2.322747e-13	1.591130e-13	9.433621e-14	5.059183e-14	2.508837e-14	1.178552e-14	5.327352e-15	2.342401e-15	1.030492e-15	4.543618e-16	2.078253e-16	1.010108e-16	5.529965e-17	3.588945e-17	2.742888e-17	2.330740e-17	2.058498e-17	1.820628e-17	1.562617e-17	1.284890e-17	1.027084e-17	7.912310e-18	5.642335e-18	3.412467e-18	1.741076e-18	6.968659e-19	2.337143e-19	7.834364e-20	4.023133e-20	6.025549e-20	1.461256e-19	3.011473e-19	5.043091e-19	8.363044e-19	1.280444e-18	1.673530e-18	1.904186e-18	1.984683e-18	1.943004e-18	1.787166e-18	1.591500e-18	1.593905e-18	2.540857e-18	
R15	5.180519e-31	3.898194e-30	3.341237e-29	5.148898e-30	2.193968e-31	5.116773e-33	1.321583e-34	4.740409e-36	2.438111e-37	5.512765e-38	4.338040e-38	3.388915e-38	2.359686e-38	1.418985e-38	7.537554e-39	3.638326e-39	1.638313e-39	7.018050e-40	2.909264e-40	1.193805e-40	4.896609e-41	2.023893e-41	8.379632e-42	3.461831e-42	1.423368e-42	5.822547e-43	2.371945e-43	9.619675e-44	3.894321e-44	1.575913e-44	6.410070e-45	2.694008e-45	1.172608e-45	5.026394e-46	1.886389e-46	6.148116e-47	1.636117e-47	4.086970e-48	1.225327e-48	6.665390e-49	1.183521e-48	3.648644e-48	1.001290e-47	2.303867e-47	5.327879e-47	1.124455e-46	1.916654e-46	2.540167e-46	2.629406e-46	2.161533e-46	1.443246e-46	8.167033e-47	4.457424e-47	5.171848e-47	
R16	2.167776e-08	3.745624e-07	2.783407e-06	4.390669e-06	4.054775e-06	2.972276e-06	2.042188e-06	1.440662e-06	1.212469e-06	1.036077e-06	8.540229e-07	6.549638e-07	4.582796e-07	2.899389e-07	1.674417e-07	8.967539e-08	4.533572e-08	2.198743e-08	1.039255e-08	4.885673e-09	2.307925e-09	1.102990e-09	5.306547e-10	2.560792e-10	1.236772e-10	5.977291e-11	2.892487e-11	1.401403e-11	6.803433e-12	3.309613e-12	1.617966e-12	8.070653e-13	4.111273e-13	2.072274e-13	9.676612e-14	4.117981e-14	1.534018e-14	5.373621e-15	2.059405e-15	1.284610e-15	2.439106e-15	7.764491e-15	2.164761e-14	5.021366e-14	1.165771e-13	2.461784e-13	4.180099e-13	5.479084e-13	5.546109e-13	4.386831e-13	2.755967e-13	1.415736e-13	6.420831e-14	3.295981e-14	
R18	7.081625e-15	1.678318e-13	5.766347e-12	9.198660e-12	4.361166e-12	1.121174e-12	2.584779e-13	6.406128e-14	1.710668e-14	6.583415e-15	3.860750e-15	2.272525e-15	1.255888e-15	6.408983e-16	3.136110e-16	1.522490e-16	7.496195e-17	3.767176e-17	1.922134e-17	9.896748e-18	5.033737e-18	2.501493e-18	1.198823e-18	5.540968e-19	2.480647e-19	1.081921e-19	4.610541e-20	1.924817e-20	7.905938e-21	3.209986e-21	1.296640e-21	5.337269e-22	2.250064e-22	9.373608e-23	3.493103e-23	1.171895e-23	3.383359e-24	9.580902e-25	3.226023e-25	1.341459e-25	6.383656e-26	3.239971e-26	1.693639e-26	9.103805e-27	5.393774e-27	4.183259e-27	4.372030e-27	4.840303e-27	4.712319e-27	3.803706e-27	2.542388e-27	1.458875e-27	8.211014e-28	1.011646e-27	
R19	7.102195e-20	1.259518e-19	3.500872e-19	2.652565e-20	6.715755e-22	1.157347e-23	2.502501e-25	7.700878e-27	3.017575e-28	4.372792e-29	2.259520e-29	1.277356e-29	6.809663e-30	3.299108e-30	1.498475e-30	6.551573e-31	2.807226e-31	1.186356e-31	4.951954e-32	2.051224e-32	8.406889e-33	3.423272e-33	1.381417e-33	5.526608e-34	2.191937e-34	8.623491e-35	3.365690e-35	1.302844e-35	5.016744e-36	1.927217e-36	7.422880e-37	2.935794e-37	1.195641e-37	4.827121e-38	1.741784e-38	5.695712e-39	1.616339e-39	4.553505e-40	1.536695e-40	6.408002e-41	3.051864e-41	1.546989e-41	8.062307e-42	4.313809e-42	2.538684e-42	1.956177e-42	2.039839e-42	2.255752e-42	2.188177e-42	1.752970e-42	1.156961e-42	6.509707e-43	3.542828e-43	4.126482e-43	
R21	3.887067e-11	1.676903e-09	1.034076e-07	1.177838e-07	4.638797e-08	1.349843e-08	3.986633e-09	1.234800e-09	4.108581e-10	1.661426e-10	9.122503e-11	5.175148e-11	2.679048e-11	1.229866e-11	5.182856e-12	2.088412e-12	8.336285e-13	3.350636e-13	1.358865e-13	5.560762e-14	2.275319e-14	9.295543e-15	3.770014e-15	1.516337e-15	6.046373e-16	2.391521e-16	9.387653e-17	3.656282e-17	1.417439e-17	5.484243e-18	2.128402e-18	8.494499e-19	3.496528e-19	1.426218e-19	5.175116e-20	1.689799e-20	4.737160e-21	1.309774e-21	4.344659e-22	1.790617e-22	8.474219e-23	4.285760e-23	2.234971e-23	1.199357e-23	7.097264e-24	5.499440e-24	5.743637e-24	6.355471e-24	6.184964e-24	4.990914e-24	3.335115e-24	1.913108e-24	1.073294e-24	1.330839e-24	
R22	2.120219e-11	9.146746e-10	5.640417e-08	6.424573e-08	2.530253e-08	7.362781e-09	2.174527e-09	6.735271e-10	2.241044e-10	9.062325e-11	4.975911e-11	2.822808e-11	1.461299e-11	6.708359e-12	2.827012e-12	1.139134e-12	4.547065e-13	1.827620e-13	7.411993e-14	3.033143e-14	1.241083e-14	5.070296e-15	2.056371e-15	8.270930e-16	3.298021e-16	1.304466e-16	5.120538e-17	1.994336e-17	7.731485e-18	2.991405e-18	1.160947e-18	4.633363e-19	1.907197e-19	7.779369e-20	2.822790e-20	9.217088e-21	2.583905e-21	7.144219e-22	2.369814e-22	9.767002e-23	4.622301e-23	2.337687e-23	1.219075e-23	6.541950e-24	3.871235e-24	2.999694e-24	3.132893e-24	3.466621e-24	3.373617e-24	2.722317e-24	1.819154e-24	1.043514e-24	5.854333e-25	7.259122e-25	
R23	5.519644e-10	1.083220e-09	2.148219e-08	1.164915e-08	1.994156e-09	2.177889e-10	2.331199e-11	2.671344e-12	2.960171e-13	6.957805e-14	3.714326e-14	2.166935e-14	1.232983e-14	6.640998e-15	3.502541e-15	1.843085e-15	9.716526e-16	5.114095e-16	2.672694e-16	1.385692e-16	7.022855e-17	3.461251e-17	1.642926e-17	7.522226e-18	3.337619e-18	1.443442e-18	6.100274e-19	2.525847e-19	1.028773e-19	4.141967e-20	1.658764e-20	6.761262e-21	2.818502e-21	1.161582e-21	4.301591e-22	1.444702e-22	4.221473e-23	1.218342e-23	4.175610e-24	1.757447e-24	8.416469e-25	4.275046e-25	2.214865e-25	1.147263e-25	5.872485e-26	2.944582e-26	1.434330e-26	6.724619e-27	3.001375e-27	1.260720e-27	4.956588e-28	1.867326e-28	7.807313e-29	1.249140e-28	
R26	6.402746e-05	1.411959e-01	1.381168e+01	3.078131e+01	3.388654e+01	2.878299e+01	2.292471e+01	1.847277e+01	1.383379e+01	1.031028e+01	8.473695e+00	7.036363e+00	5.787371e+00	4.689133e+00	3.837086e+00	3.205702e+00	2.730711e+00	2.364113e+00	2.075308e+00	1.852121e+00	1.658128e+00	1.475985e+00	1.282729e+00	1.082373e+00	8.877188e-01	7.115563e-01	5.568983e-01	4.259719e-01	3.177115e-01	2.312168e-01	1.638986e-01	1.130547e-01	7.556603e-02	4.849833e-02	2.932594e-02	1.708622e-02	9.927836e-03	6.259317e-03	4.570177e-03	3.785819e-03	3.352377e-03	3.040509e-03	2.764758e-03	2.493291e-03	2.213081e-03	1.919088e-03	1.612370e-03	1.300405e-03	9.966718e-04	7.185321e-04	4.836073e-04	3.057316e-04	1.944885e-04	2.260891e-04	
R27	1.720358e-14	8.272769e-14	1.533877e-13	4.170351e-14	5.171364e-15	3.884013e-16	3.022684e-17	2.971995e-18	3.678471e-19	1.052779e-19	6.055130e-20	3.372197e-20	1.754246e-20	8.472661e-21	3.881823e-21	1.735487e-21	7.777675e-22	3.539312e-22	1.636625e-22	7.672884e-23	3.615781e-23	1.708017e-23	8.049401e-24	3.781793e-24	1.771335e-24	8.277498e-25	3.859733e-25	1.795874e-25	8.348996e-26	3.883248e-26	1.811314e-26	8.579878e-27	4.133273e-27	1.982485e-27	8.950466e-28	3.816023e-28	1.497503e-28	5.806244e-29	2.461949e-29	1.163542e-29	5.888273e-30	3.074985e-30	1.629128e-30	8.813465e-31	5.235802e-31	4.059379e-31	4.223410e-31	4.621968e-31	4.398469e-31	3.415093e-31	2.147227e-31	1.118127e-31	5.212663e-32	2.859552e-32	
R28	8.490868e-14	2.630531e-14	3.475043e-15	2.778001e-16	2.585958e-17	1.260998e-18	5.934089e-20	3.732239e-21	2.690877e-22	6.599289e-23	4.508954e-23	2.937332e-23	1.931380e-23	1.318581e-23	9.805382e-24	7.992278e-24	7.036243e-24	6.566271e-24	6.381920e-24	6.406898e-24	6.386241e-24	6.158986e-24	5.488931e-24	4.409054e-24	3.139779e-24	1.976643e-24	1.105165e-24	5.625377e-25	2.672132e-25	1.211442e-25	5.310138e-26	2.259074e-26	9.362242e-27	3.803818e-27	1.543237e-27	6.295293e-28	2.712808e-28	1.327329e-28	7.736671e-29	5.201914e-29	3.772567e-29	2.813877e-29	2.106561e-29	1.562529e-29	1.138350e-29	8.097144e-30	5.617841e-30	3.817487e-30	2.540856e-30	1.627755e-30	9.711591e-31	5.277416e-31	2.734976e-31	1.981143e-31	
R30	1.516995e-18	6.898289e-17	2.835054e-15	1.104657e-14	2.095149e-14	2.826352e-14	3.575321e-14	4.479916e-14	3.930401e-14	3.294219e-14	3.909977e-14	5.064806e-14	6.916493e-14	9.705505e-14	1.434038e-13	2.243580e-13	3.702401e-13	6.430713e-13	1.174742e-12	2.273044e-12	4.527476e-12	9.105359e-12	1.775494e-11	3.311250e-11	5.905542e-11	1.018027e-10	1.689568e-10	2.708170e-10	4.169581e-10	6.196108e-10	8.886041e-10	1.229669e-09	1.649447e-09	2.130682e-09	2.495326e-09	2.619186e-09	2.314631e-09	1.764573e-09	1.274849e-09	1.093693e-09	1.699955e-09	4.844479e-09	1.384984e-08	3.392693e-08	8.393676e-08	1.853974e-07	3.244793e-07	4.363761e-07	4.538225e-07	3.706333e-07	2.423023e-07	1.308657e-07	6.293472e-08	3.343362e-08	
R31	1.890405e-48	5.073633e-45	1.129294e-41	2.296938e-40	1.127363e-39	2.857575e-39	6.651693e-39	1.592774e-38	1.953877e-38	2.369938e-38	6.087708e-38	1.885091e-37	6.531485e-37	2.398042e-36	9.751552e-36	4.439280e-35	2.243967e-34	1.254589e-33	7.752546e-33	5.366674e-32	3.937076e-31	2.939662e-30	2.060809e-29	1.318470e-28	7.691095e-28	4.174820e-27	2.093355e-26	9.755935e-26	4.183130e-25	1.666125e-24	6.165441e-24	2.120753e-23	6.844611e-23	2.046949e-22	5.029356e-22	9.942669e-22	1.396615e-21	1.464768e-21	1.385827e-21	1.859394e-21	8.248687e-21	1.241318e-19	1.901827e-18	2.171455e-17	2.579564e-16	2.509251e-15	1.591165e-14	6.278665e-14	1.591723e-13	2.730855e-13	3.354096e-13	3.152492e-13	2.533506e-13	2.268614e-13	
R32	5.071454e-19	6.381301e-18	4.897648e-17	4.105142e-17	2.384484e-17	1.634190e-17	1.442660e-17	1.417075e-17	9.899505e-18	7.856492e-18	1.074745e-17	1.656662e-17	2.673300e-17	4.383565e-17	7.586896e-17	1.409297e-16	2.792126e-16	5.879513e-16	1.315357e-15	3.147553e-15	7.767652e-15	1.911071e-14	4.434850e-14	9.500706e-14	1.876945e-13	3.459060e-13	5.927941e-13	9.485097e-13	1.415285e-12	1.989867e-12	2.650652e-12	3.357951e-12	4.072590e-12	4.719177e-12	4.914691e-12	4.594892e-12	3.630150e-12	2.505748e-12	1.676472e-12	1.361210e-12	2.035083e-12	5.676255e-12	1.660366e-11	4.818401e-11	2.147432e-10	1.383372e-09	7.821260e-09	2.997020e-08	7.545459e-08	1.293717e-07	1.590615e-07	1.497024e-07	1.205523e-07	1.093364e-07	
R33	6.090098e-17	2.770138e-15	1.139166e-13	4.441942e-13	8.430905e-13	1.138098e-12	1.440603e-12	1.806806e-12	1.590055e-12	1.344209e-12	1.618891e-12	2.140448e-12	2.993374e-12	4.309014e-12	6.527908e-12	1.046350e-11	1.767303e-11	3.139294e-11	5.862390e-11	1.158698e-10	2.357510e-10	4.838991e-10	9.623808e-10	1.828393e-09	3.316800e-09	5.803947e-09	9.760813e-09	1.582480e-08	2.460718e-08	3.687580e-08	5.326106e-08	7.415803e-08	1.000033e-07	1.297901e-07	1.526515e-07	1.609601e-07	1.429599e-07	1.096102e-07	7.971684e-08	6.892176e-08	1.080993e-07	3.112839e-07	9.005579e-07	2.235812e-06	5.615437e-06	1.261504e-05	2.250748e-05	3.095214e-05	3.305715e-05	2.789114e-05	1.899209e-05	1.080175e-05	5.543163e-06	3.154932e-06	
R34	8.706327e-34	1.529103e-30	5.627122e-28	4.992362e-27	1.670250e-26	4.274250e-26	1.062616e-25	2.952597e-25	1.048758e-24	2.640248e-24	5.074083e-24	8.898506e-24	1.379567e-23	1.866051e-23	2.279023e-23	2.593799e-23	2.810909e-23	2.949669e-23	3.045643e-23	3.169839e-23	3.322065e-23	3.497826e-23	3.615742e-23	3.631487e-23	3.534437e-23	3.344898e-23	3.071228e-23	2.729659e-23	2.336232e-23	1.918142e-23	1.507569e-23	1.152726e-23	8.593356e-24	6.002334e-24	3.551527e-24	1.766313e-24	7.025149e-25	2.546518e-25	1.054828e-25	7.466241e-26	1.660925e-25	7.289537e-25	4.526008e-24	3.538449e-23	3.454471e-22	2.931712e-21	1.660102e-20	6.015556e-20	1.475344e-19	2.637206e-19	3.638767e-19	4.072324e-19	4.128242e-19	5.474207e-19	
R35	1.885019e-14	4.150152e-13	8.621383e-12	1.811226e-11	2.079082e-11	1.905007e-11	1.665144e-11	1.613220e-11	1.871847e-11	2.026883e-11	1.958422e-11	1.710367e-11	1.414609e-11	1.141629e-11	9.397556e-12	8.152860e-12	7.678175e-12	8.141743e-12	1.005695e-11	1.447222e-11	2.321498e-11	3.824019e-11	6.033243e-11	8.658897e-11	1.104388e-10	1.244295e-10	1.250203e-10	1.141389e-10	9.688292e-11	7.813383e-11	6.090397e-11	4.667793e-11	3.578805e-11	2.797582e-11	2.230701e-11	1.913893e-11	1.797273e-11	1.900052e-11	2.245657e-11	2.760879e-11	3.330654e-11	4.436792e-11	8.970668e-11	2.593391e-10	8.877043e-10	2.756437e-09	6.684999e-09	1.237441e-08	1.784984e-08	2.064462e-08	1.968844e-08	1.598809e-08	1.167354e-08	8.731479e-09	
R36	6.293650e-23	8.817617e-21	8.560917e-19	1.824797e-18	1.363793e-18	6.859535e-19	3.494574e-19	2.135573e-19	1.595376e-19	1.228051e-19	1.070309e-19	8.999149e-20	6.973272e-20	4.926908e-20	3.317827e-20	2.219810e-20	1.517966e-20	1.073150e-20	7.836645e-21	5.909772e-21	4.505016e-21	3.427037e-21	2.541981e-21	1.825408e-21	1.269867e-21	8.609847e-22	5.689807e-22	3.672141e-22	2.316388e-22	1.434511e-22	8.761191e-23	5.370658e-23	3.326254e-23	2.041390e-23	1.152565e-23	6.135702e-24	3.017497e-24	1.540764e-24	9.345800e-25	6.626716e-25	5.082755e-25	4.609646e-25	6.688317e-25	1.470556e-24	4.358128e-24	1.585220e-23	6.278422e-23	2.084864e-22	4.943356e-22	8.176170e-22	9.742705e-22	8.875963e-22	6.936667e-22	6.426974e-22	
R37	6.865843e-17	1.191746e-15	1.711512e-14	2.438319e-14	3.465588e-14	3.268407e-14	2.804004e-14	2.749480e-14	2.788572e-14	2.677347e-14	2.771979e-14	2.726277e-14	2.670191e-14	2.666797e-14	2.914815e-14	3.555440e-14	4.776190e-14	6.924508e-14	1.062823e-13	1.716281e-13	2.767375e-13	4.297978e-13	6.028717e-13	7.401776e-13	7.828620e-13	7.150772e-13	5.666248e-13	4.000585e-13	2.578478e-13	1.556466e-13	8.933128e-14	4.918189e-14	2.620412e-14	1.362273e-14	6.911640e-15	3.520445e-15	1.901195e-15	1.225033e-15	1.021457e-15	1.030405e-15	1.132600e-15	1.467095e-15	3.007905e-15	9.067579e-15	3.295498e-14	1.099740e-13	2.904592e-13	5.989035e-13	9.931819e-13	1.355391e-12	1.532570e-12	1.457049e-12	1.265823e-12	1.548648e-12	
R38	1.808418e-15	3.352725e-14	3.168156e-12	4.124441e-12	2.157124e-12	9.789537e-13	4.785286e-13	2.591603e-13	1.460643e-13	8.950368e-14	7.101026e-14	5.917553e-14	4.721136e-14	3.520645e-14	2.555344e-14	1.853148e-14	1.356862e-14	1.004655e-14	7.514486e-15	5.706219e-15	4.334341e-15	3.270064e-15	2.402365e-15	1.708930e-15	1.178240e-15	7.921415e-16	5.191568e-16	3.323077e-16	2.078648e-16	1.276470e-16	7.729152e-17	4.691803e-17	2.873311e-17	1.744506e-17	9.787843e-18	5.216238e-18	2.596369e-18	1.351146e-18	8.342046e-19	5.986963e-19	4.621290e-19	4.194409e-19	6.031799e-19	1.277984e-18	3.272147e-18	7.694885e-18	1.420431e-17	1.997452e-17	2.171255e-17	1.868811e-17	1.309858e-17	7.834677e-18	4.548406e-18	5.472584e-18	
R39	1.073134e-14	3.391677e-14	1.531508e-13	7.910144e-14	2.282302e-14	4.987634e-15	1.156476e-15	3.334867e-16	1.116307e-16	5.944772e-17	4.940473e-17	4.041758e-17	3.240369e-17	2.542274e-17	2.006106e-17	1.614184e-17	1.326939e-17	1.112363e-17	9.486585e-18	8.252980e-18	7.219731e-18	6.298130e-18	5.376474e-18	4.467496e-18	3.618074e-18	2.873861e-18	2.237365e-18	1.710861e-18	1.283361e-18	9.473867e-19	6.894615e-19	4.967308e-19	3.560227e-19	2.541761e-19	1.774396e-19	1.234728e-19	8.603084e-20	6.278262e-20	4.954889e-20	4.077782e-20	3.365810e-20	3.154452e-20	4.608592e-20	9.843769e-20	2.530248e-19	5.953623e-19	1.094799e-18	1.522627e-18	1.618502e-18	1.340373e-18	8.839533e-19	4.799661e-19	2.315464e-19	1.232545e-19	
R41	1.754939e-50	8.586147e-52	9.229323e-54	9.516033e-57	2.224481e-60	1.312841e-64	1.022752e-68	2.099368e-72	9.982551e-76	3.122103e-77	2.611444e-77	2.044425e-77	1.465132e-77	9.510646e-78	5.632497e-78	3.091154e-78	1.599831e-78	7.936985e-79	3.835973e-79	1.842600e-79	8.894152e-80	4.339814e-80	2.130395e-80	1.047787e-80	5.149845e-81	2.527890e-81	1.240348e-81	6.082560e-82	2.984656e-82	1.465439e-82	7.221840e-83	3.628427e-83	1.860417e-83	9.434485e-84	4.431149e-84	1.898178e-84	7.125634e-85	2.519251e-85	9.764766e-86	6.177004e-86	1.193445e-85	3.882465e-85	1.112198e-84	2.669413e-84	6.472403e-84	1.445676e-83	2.642838e-83	3.823353e-83	4.419128e-83	4.170689e-83	3.293478e-83	2.241684e-83	1.390387e-83	9.248963e-84	
R44	1.234862e-14	8.952494e-14	6.065726e-13	3.276666e-13	1.349547e-13	5.368807e-14	2.481220e-14	1.210131e-14	3.766070e-15	1.158772e-15	6.330361e-16	4.336652e-16	3.449018e-16	2.983335e-16	2.874296e-16	3.064709e-16	3.557063e-16	4.415253e-16	5.776799e-16	7.957779e-16	1.113801e-15	1.553535e-15	2.072321e-15	2.608495e-15	3.089117e-15	3.449883e-15	3.572800e-15	3.384568e-15	2.887526e-15	2.223382e-15	1.563250e-15	1.030633e-15	6.516012e-16	3.970299e-16	2.243970e-16	1.215269e-16	6.312328e-17	3.451615e-17	2.172142e-17	1.532973e-17	1.145654e-17	1.014050e-17	1.494951e-17	3.862866e-17	1.922296e-16	1.401703e-15	8.496998e-15	3.378079e-14	8.677973e-14	1.504556e-13	1.861222e-13	1.757677e-13	1.417974e-13	1.287545e-13	
R45	7.598699e-16	9.624005e-16	2.390691e-16	4.628221e-17	1.947472e-17	1.008555e-17	6.312786e-18	4.484758e-18	2.915830e-18	2.224370e-18	1.979778e-18	1.769778e-18	1.617585e-18	1.510265e-18	1.484489e-18	1.550147e-18	1.703745e-18	1.954718e-18	2.329635e-18	2.894077e-18	3.659494e-18	4.628266e-18	5.665759e-18	6.641426e-18	7.445919e-18	8.015728e-18	8.216739e-18	8.022147e-18	7.438199e-18	6.600221e-18	5.629220e-18	4.622790e-18	3.696189e-18	2.931974e-18	2.309504e-18	1.866186e-18	1.568199e-18	1.409051e-18	1.356793e-18	1.322068e-18	1.246064e-18	1.291243e-18	2.036762e-18	4.635888e-18	1.274224e-17	3.319640e-17	7.358584e-17	1.401474e-16	2.293883e-16	3.120491e-16	3.461467e-16	3.252357e-16	3.057454e-16	7.214653e-16	
R46	3.799349e-17	4.812003e-17	1.195345e-17	2.314111e-18	9.737362e-19	5.042776e-19	3.156393e-19	2.242379e-19	1.457915e-19	1.112185e-19	9.898890e-20	8.848889e-20	8.087927e-20	7.551323e-20	7.422445e-20	7.750737e-20	8.518726e-20	9.773591e-20	1.164817e-19	1.447038e-19	1.829747e-19	2.314133e-19	2.832879e-19	3.320713e-19	3.722960e-19	4.007864e-19	4.108369e-19	4.011074e-19	3.719099e-19	3.300110e-19	2.814610e-19	2.311395e-19	1.848095e-19	1.465987e-19	1.154752e-19	9.330932e-20	7.840994e-20	7.045254e-20	6.783967e-20	6.610339e-20	6.230321e-20	6.456213e-20	1.018381e-19	2.317944e-19	6.371119e-19	1.659820e-18	3.679292e-18	7.007372e-18	1.146942e-17	1.560246e-17	1.730734e-17	1.626179e-17	1.528727e-17	3.607327e-17	
R47	7.525640e-24	2.799886e-21	3.172032e-19	4.994636e-19	3.806737e-19	2.270167e-19	1.380691e-19	9.767346e-20	7.218879e-20	5.791760e-20	5.766149e-20	5.767653e-20	5.578274e-20	5.190576e-20	4.854582e-20	4.683545e-20	4.663537e-20	4.779682e-20	5.033245e-20	5.464302e-20	5.974095e-20	6.424544e-20	6.544507e-20	6.204641e-20	5.442314e-20	4.407325e-20	3.250721e-20	2.152400e-20	1.264900e-20	6.604316e-21	3.103339e-21	1.353878e-21	5.606528e-22	2.220895e-22	8.105637e-23	2.862170e-23	9.779089e-24	3.543051e-24	1.485337e-24	7.008357e-25	3.509058e-25	2.082516e-25	2.057316e-25	3.554580e-25	1.177851e-24	5.683048e-24	2.259309e-23	5.818467e-23	9.525571e-23	1.030842e-22	7.759888e-23	4.328915e-23	1.998516e-23	1.021896e-23	
R48	4.851832e-14	1.247790e-13	4.479187e-13	1.788679e-13	3.859129e-14	6.057002e-15	1.020846e-15	2.212557e-16	5.709777e-17	2.729226e-17	2.301452e-17	1.921773e-17	1.577828e-17	1.269908e-17	1.027442e-17	8.469912e-18	7.126375e-18	6.109555e-18	5.326382e-18	4.733292e-18	4.229690e-18	3.765819e-18	3.278804e-18	2.775440e-18	2.286267e-18	1.843401e-18	1.454244e-18	1.124779e-18	8.521351e-19	6.343660e-19	4.649451e-19	3.370398e-19	2.428530e-19	1.741999e-19	1.221277e-19	8.537158e-20	5.978287e-20	4.387740e-20	3.485904e-20	2.891179e-20	2.408047e-20	2.280466e-20	3.371517e-20	7.298646e-20	1.904515e-19	4.557813e-19	8.544061e-19	1.215104e-18	1.326425e-18	1.134848e-18	7.795333e-19	4.457269e-19	2.294540e-19	1.308578e-19	
R49	1.074539e-21	3.109162e-21	1.278909e-20	6.052475e-21	1.610260e-21	3.267828e-22	7.146194e-23	1.954705e-23	5.961173e-24	2.619581e-24	1.639452e-24	9.244849e-25	4.878202e-25	2.454077e-25	1.249856e-25	6.557521e-26	3.565509e-26	2.000243e-26	1.147174e-26	6.785576e-27	4.039849e-27	2.465441e-27	1.557518e-27	1.078252e-27	8.648442e-28	8.049029e-28	8.218925e-28	8.662759e-28	9.111451e-28	9.361900e-28	9.333063e-28	9.097112e-28	8.662350e-28	8.078774e-28	7.209084e-28	6.425851e-28	5.646547e-28	5.020822e-28	4.587223e-28	4.109214e-28	3.461016e-28	3.112655e-28	4.133802e-28	7.686636e-28	1.674244e-27	3.334315e-27	5.387371e-27	7.138945e-27	8.035030e-27	7.763526e-27	6.468412e-27	4.889400e-27	3.906455e-27	4.222082e-27	
R50	4.849447e-11	1.136002e-10	9.955063e-11	4.606087e-11	2.007544e-11	8.442007e-12	3.801443e-12	1.459898e-12	2.034183e-13	2.097804e-14	5.224461e-15	2.239928e-15	1.397667e-15	1.067836e-15	9.640933e-16	9.861458e-16	1.106378e-15	1.328315e-15	1.679243e-15	2.233273e-15	3.022783e-15	4.082832e-15	5.290078e-15	6.495998e-15	7.571433e-15	8.473049e-15	9.098019e-15	9.420672e-15	9.403791e-15	9.126642e-15	8.667070e-15	8.159941e-15	7.713181e-15	7.324081e-15	6.637782e-15	5.902407e-15	4.926820e-15	3.888971e-15	2.954015e-15	2.106450e-15	1.391106e-15	9.887058e-16	1.060778e-15	1.640777e-15	3.090604e-15	5.833045e-15	1.149683e-14	2.591813e-14	5.477881e-14	8.970815e-14	1.093271e-13	1.029958e-13	8.319831e-14	7.572020e-14	
R51	4.312028e-12	8.777767e-12	4.874409e-12	4.833936e-13	3.326305e-14	2.491343e-15	2.586628e-16	3.558530e-17	5.965452e-18	2.045213e-18	1.355750e-18	8.984809e-19	5.523028e-19	3.117125e-19	1.672878e-19	8.879885e-20	4.777781e-20	2.635883e-20	1.492709e-20	8.654638e-21	5.053133e-21	2.920094e-21	1.637753e-21	8.838665e-22	4.585824e-22	2.290988e-22	1.103089e-22	5.123500e-23	2.308399e-23	1.015840e-23	4.401120e-24	1.908500e-24	8.312877e-25	3.576700e-25	1.435951e-25	5.453119e-26	1.913091e-26	6.716114e-27	2.637191e-27	1.179605e-27	5.741927e-28	2.934829e-28	1.590887e-28	1.019601e-28	1.091128e-28	2.467289e-28	8.292355e-28	2.585715e-27	5.956980e-27	9.710070e-27	1.148182e-26	1.041883e-26	8.133358e-27	7.617361e-27	
R52	6.675976e-11	9.844956e-12	4.408128e-13	1.465074e-14	8.695745e-16	4.903160e-17	3.518446e-18	3.467271e-19	3.738061e-20	1.145807e-20	9.022877e-21	6.994588e-21	5.434600e-21	4.335652e-21	3.776645e-21	3.654851e-21	3.863051e-21	4.370581e-21	5.202242e-21	6.458791e-21	7.976587e-21	9.410811e-21	9.981268e-21	9.209742e-21	7.264889e-21	4.889506e-21	2.822886e-21	1.434352e-21	6.603096e-22	2.832344e-22	1.153157e-22	4.491119e-23	1.682869e-23	6.133459e-24	2.212788e-24	8.040129e-25	3.097420e-25	1.372191e-25	7.406786e-26	4.713363e-26	3.287909e-26	2.400259e-26	1.838532e-26	1.615565e-26	2.120222e-26	4.398507e-26	9.858193e-26	1.908730e-25	3.075515e-25	4.136394e-25	4.641263e-25	4.395035e-25	3.813967e-25	4.716670e-25	
R53	1.257442e-04	3.387202e-05	1.830706e-05	1.108822e-06	5.339481e-08	3.608372e-09	3.594661e-10	4.382634e-11	5.542870e-12	1.512772e-12	9.128550e-13	5.995976e-13	3.794875e-13	2.260541e-13	1.307585e-13	7.523362e-14	4.334214e-14	2.504338e-14	1.452628e-14	8.480803e-15	4.933985e-15	2.827774e-15	1.570816e-15	8.397719e-16	4.318203e-16	2.139146e-16	1.021461e-16	4.705418e-17	2.102281e-17	9.173661e-18	3.940418e-18	1.692056e-18	7.287673e-19	3.101983e-19	1.237574e-19	4.704879e-20	1.670573e-20	5.977157e-21	2.388955e-21	1.081572e-21	5.298246e-22	2.710169e-22	1.456061e-22	8.992578e-23	8.314165e-23	1.215466e-22	1.903960e-22	2.514141e-22	2.655373e-22	2.252413e-22	1.566627e-22	9.333293e-23	5.412385e-23	6.582651e-23	
R54	7.588989e-16	2.708766e-15	1.095569e-15	4.684630e-17	1.770083e-18	7.672223e-20	4.711126e-21	3.964847e-22	3.637084e-23	9.978616e-24	7.556031e-24	5.957226e-24	4.570650e-24	3.397291e-24	2.532210e-24	1.938224e-24	1.518508e-24	1.214513e-24	9.918147e-25	8.278477e-25	6.932247e-25	5.663149e-25	4.362049e-25	3.108000e-25	2.033200e-25	1.213221e-25	6.519739e-26	3.106762e-26	1.304047e-26	4.838235e-27	1.612749e-27	4.977160e-28	1.449531e-28	4.025522e-29	1.044717e-29	2.631563e-30	6.413938e-31	1.597706e-31	4.335984e-32	1.290601e-32	4.100970e-33	1.371643e-33	5.062453e-34	2.549613e-34	3.050727e-34	9.150594e-34	3.087028e-33	7.465330e-33	1.187498e-32	1.266490e-32	9.460718e-33	5.256783e-33	2.424176e-33	1.252975e-33	
R57	6.301205e-26	3.371779e-25	4.035521e-25	5.449202e-26	4.253271e-27	2.273127e-28	1.401325e-29	1.038094e-30	6.320401e-32	1.006179e-32	5.451920e-33	3.501238e-33	2.430254e-33	1.695142e-33	1.195256e-33	8.482609e-34	6.054817e-34	4.348140e-34	3.152968e-34	2.347067e-34	1.773896e-34	1.355504e-34	1.019041e-34	7.449381e-35	5.260978e-35	3.574893e-35	2.301247e-35	1.381248e-35	7.626498e-36	3.869760e-36	1.827712e-36	8.342797e-37	3.748871e-37	1.612708e-37	6.096910e-38	2.019322e-38	5.607716e-39	1.471872e-39	4.497965e-40	2.406035e-40	4.136323e-40	1.243565e-39	3.498554e-39	9.817257e-39	4.412556e-38	2.887650e-37	1.616358e-36	6.056255e-36	1.481540e-35	2.453316e-35	2.891098e-35	2.583038e-35	1.959032e-35	1.715395e-35	
R59	1.527871e-10	2.776224e-09	1.333457e-08	6.915452e-09	2.381876e-09	6.845883e-10	2.144578e-10	6.631423e-11	1.339412e-11	2.836272e-12	1.072336e-12	5.000862e-13	2.580710e-13	1.374191e-13	7.687071e-14	4.554127e-14	2.881629e-14	1.941671e-14	1.377444e-14	1.022557e-14	7.709677e-15	5.823033e-15	4.288157e-15	3.051907e-15	2.090284e-15	1.373363e-15	8.518769e-16	4.910347e-16	2.596324e-16	1.259591e-16	5.676229e-17	2.460434e-17	1.045553e-17	4.280024e-18	1.564443e-18	5.191105e-19	1.518626e-19	4.411902e-20	1.491698e-20	6.045612e-21	2.770125e-21	1.366237e-21	7.304014e-22	4.780162e-22	5.497788e-22	1.320937e-21	4.530456e-21	1.417264e-20	3.259525e-20	5.298254e-20	6.248770e-20	5.659359e-20	4.412020e-20	4.128623e-20	
R60	1.522991e-04	3.183106e-04	2.081867e-04	6.576472e-05	3.878923e-05	1.855259e-05	8.723934e-06	3.904461e-06	9.739109e-07	2.466555e-07	1.107813e-07	6.043215e-08	3.941844e-08	2.966998e-08	2.693846e-08	2.909628e-08	3.616697e-08	4.997565e-08	7.451770e-08	1.184567e-07	1.889133e-07	2.913060e-07	4.056747e-07	4.936305e-07	5.140280e-07	4.549855e-07	3.383994e-07	2.133885e-07	1.152831e-07	5.451552e-08	2.308633e-08	8.987607e-09	3.285600e-09	1.139303e-09	3.742225e-10	1.188086e-10	3.816676e-11	1.399240e-11	6.503379e-12	3.749768e-12	2.462246e-12	1.734488e-12	1.310278e-12	1.175728e-12	1.658302e-12	3.655420e-12	8.360481e-12	1.623995e-11	2.612257e-11	3.503501e-11	3.920938e-11	3.705788e-11	3.211548e-11	3.968314e-11	
R61	1.041163e-05	2.269864e-05	1.552209e-05	5.140199e-06	3.187663e-06	1.608409e-06	7.937999e-07	3.701401e-07	9.570109e-08	2.461400e-08	1.105498e-08	6.030586e-09	3.933606e-09	2.960798e-09	2.688216e-09	2.903548e-09	3.609139e-09	4.987122e-09	7.436197e-09	1.182092e-08	1.885185e-08	2.906972e-08	4.048270e-08	4.925990e-08	5.129538e-08	4.540346e-08	3.376922e-08	2.129425e-08	1.150422e-08	5.440159e-09	2.303809e-09	8.968825e-10	3.278734e-10	1.136922e-10	3.734405e-11	1.185603e-11	3.808700e-12	1.396316e-12	6.489789e-13	3.741932e-13	2.457101e-13	1.730864e-13	1.307540e-13	1.173271e-13	1.654837e-13	3.647781e-13	8.343010e-13	1.620601e-12	2.606798e-12	3.496180e-12	3.912744e-12	3.698044e-12	3.204836e-12	3.960021e-12	
R62	2.255034e-13	3.465076e-13	1.679111e-13	1.432740e-14	8.841208e-16	4.845278e-17	3.436882e-18	2.909589e-19	1.758635e-20	2.018371e-21	7.181389e-22	3.337409e-22	1.773616e-22	9.966925e-23	6.009198e-23	3.862868e-23	2.623724e-23	1.858825e-23	1.357218e-23	1.019862e-23	7.702019e-24	5.798174e-24	4.248424e-24	3.007526e-24	2.048866e-24	1.338966e-24	8.257892e-25	4.730860e-25	2.484573e-25	1.196793e-25	5.352466e-26	2.299190e-26	9.666849e-27	3.916732e-27	1.423670e-27	4.730945e-28	1.401008e-28	4.147159e-29	1.426554e-29	5.849725e-30	2.697368e-30	1.333401e-30	7.124008e-31	4.648685e-31	5.317175e-31	1.270419e-30	4.350370e-30	1.360096e-29	3.117990e-29	5.031558e-29	5.861083e-29	5.206722e-29	3.937712e-29	3.461265e-29	
R63	8.223298e-09	8.424841e-09	1.682332e-08	5.649600e-09	1.223919e-09	2.062104e-10	3.679497e-11	6.418066e-12	6.440551e-13	9.498613e-14	3.491549e-14	1.674515e-14	9.498103e-15	5.933950e-15	4.154284e-15	3.214070e-15	2.685948e-15	2.369945e-15	2.166547e-15	2.037703e-15	1.902956e-15	1.733919e-15	1.494400e-15	1.210718e-15	9.227164e-16	6.628749e-16	4.426804e-16	2.712693e-16	1.506938e-16	7.607477e-17	3.537627e-17	1.566112e-17	6.739822e-18	2.787606e-18	1.039896e-18	3.549148e-19	1.082226e-19	3.281858e-20	1.146480e-20	4.745051e-21	2.200142e-21	1.089834e-21	5.788395e-22	3.656607e-22	3.637811e-22	5.655986e-22	9.047432e-22	1.199201e-21	1.264906e-21	1.070268e-21	7.426560e-22	4.417423e-22	2.566501e-22	3.098930e-22	
R64	1.438754e-04	3.297648e-04	1.459188e-03	4.338158e-04	9.715297e-05	2.312047e-05	6.384645e-06	1.619210e-06	2.295361e-07	3.746108e-08	1.289291e-08	5.959275e-09	3.166335e-09	1.779520e-09	1.072912e-09	6.889811e-10	4.667878e-10	3.294123e-10	2.393597e-10	1.789258e-10	1.344221e-10	1.006919e-10	7.344212e-11	5.177778e-11	3.514701e-11	2.289816e-11	1.408593e-11	8.052692e-12	4.222177e-12	2.031161e-12	9.074788e-13	3.895218e-13	1.636745e-13	6.628277e-14	2.407626e-14	7.997621e-15	2.367981e-15	7.011322e-16	2.412931e-16	9.898202e-17	4.564269e-17	2.252876e-17	1.193712e-17	7.528253e-18	7.480465e-18	1.161990e-17	1.857460e-17	2.460692e-17	2.594485e-17	2.194603e-17	1.522463e-17	9.052754e-18	5.242684e-18	6.370873e-18	
R65	4.279699e-06	1.422771e-06	2.563932e-07	2.585628e-08	2.745688e-09	2.726609e-10	3.192483e-11	3.973777e-12	3.149315e-13	4.366434e-14	1.574166e-14	7.142888e-15	3.813793e-15	2.255045e-15	1.478159e-15	1.053180e-15	8.011006e-16	6.400615e-16	5.302906e-16	4.541377e-16	3.929352e-16	3.403316e-16	2.884404e-16	2.375394e-16	1.894019e-16	1.457860e-16	1.065311e-16	7.275579e-17	4.574637e-17	2.645533e-17	1.420584e-17	7.237114e-18	3.559003e-18	1.694787e-18	7.659577e-19	3.322209e-19	1.376950e-19	5.717278e-20	2.515119e-20	1.183112e-20	5.833777e-21	2.973326e-21	1.600564e-21	1.017613e-21	1.015106e-21	1.577734e-21	2.512384e-21	3.291750e-21	3.393952e-21	2.762287e-21	1.803036e-21	9.732457e-22	4.683654e-22	2.518035e-22	
R66	6.356257e-04	8.215210e-05	4.039928e-06	1.341519e-07	7.058907e-09	6.161379e-10	8.541893e-11	1.339120e-11	1.306688e-12	2.081190e-13	8.647495e-14	4.669319e-14	2.945965e-14	2.035510e-14	1.562908e-14	1.322125e-14	1.207389e-14	1.169534e-14	1.186653e-14	1.256787e-14	1.347297e-14	1.427548e-14	1.439874e-14	1.362098e-14	1.203053e-14	9.899726e-15	7.469874e-15	5.092630e-15	3.103251e-15	1.697959e-15	8.468763e-16	3.949665e-16	1.756181e-16	7.501902e-17	3.014966e-17	1.164782e-17	4.315885e-18	1.622541e-18	6.610050e-19	2.942824e-19	1.395736e-19	6.962516e-20	3.834785e-20	2.888349e-20	5.190237e-20	2.352761e-19	1.210276e-18	4.518187e-18	1.127753e-17	1.926958e-17	2.365488e-17	2.225021e-17	1.792994e-17	1.645705e-17	
R67	9.364188e-04	1.428074e-04	1.615562e-06	6.934961e-08	1.210969e-08	3.180502e-09	1.091145e-09	3.538156e-10	5.657533e-11	1.138468e-11	4.395624e-12	2.179437e-12	1.326636e-12	9.334861e-13	7.621953e-13	7.047655e-13	7.167417e-13	7.837567e-13	9.074315e-13	1.109708e-12	1.387851e-12	1.742733e-12	2.118062e-12	2.460679e-12	2.716110e-12	2.833447e-12	2.726220e-12	2.377199e-12	1.847556e-12	1.284300e-12	8.082155e-13	4.693215e-13	2.574701e-13	1.362268e-13	6.946962e-14	3.498910e-14	1.748990e-14	8.941256e-15	4.799106e-15	2.672869e-15	1.504952e-15	8.481029e-16	4.929094e-16	3.339459e-16	3.562180e-16	6.130071e-16	1.176706e-15	2.111254e-15	3.351860e-15	4.481135e-15	4.919912e-15	4.595494e-15	4.309519e-15	1.027061e-14	
R68	1.236554e-11	5.539543e-10	2.858095e-09	9.978667e-10	3.156119e-10	9.545366e-11	3.181974e-11	1.027433e-11	1.867555e-12	3.952419e-13	1.706981e-13	9.470293e-14	6.099907e-14	4.277688e-14	3.323379e-14	2.839128e-14	2.615846e-14	2.555258e-14	2.614044e-14	2.793652e-14	3.020875e-14	3.225475e-14	3.262092e-14	3.065131e-14	2.646984e-14	2.077236e-14	1.438069e-14	8.504263e-15	4.189137e-15	1.713462e-15	5.940826e-16	1.832671e-16	5.207213e-17	1.375844e-17	3.250889e-18	7.155037e-19	1.454197e-19	2.997699e-20	7.005035e-21	1.889205e-21	5.650822e-22	1.823760e-22	6.638448e-23	3.414052e-23	4.390350e-23	1.399248e-22	4.817126e-22	1.168699e-21	1.855856e-21	1.973766e-21	1.470589e-21	8.155522e-22	3.755910e-22	1.939663e-22	
R69	1.324199e-09	4.613581e-10	8.642509e-11	9.069074e-12	1.001285e-12	1.030517e-13	1.235196e-14	1.542124e-15	1.156636e-16	1.340743e-17	3.640011e-18	1.138480e-18	4.000778e-19	1.516851e-19	6.417253e-20	2.981339e-20	1.499960e-20	8.020100e-21	4.468435e-21	2.601870e-21	1.532100e-21	9.283404e-22	5.822554e-22	3.994973e-22	3.154764e-22	2.845218e-22	2.726946e-22	2.567031e-22	2.263171e-22	1.821679e-22	1.339995e-22	9.235702e-23	6.034042e-23	3.753599e-23	2.168485e-23	1.204782e-23	6.297514e-24	3.186007e-24	1.622544e-24	8.307739e-25	4.180092e-25	2.044428e-25	1.000407e-25	5.537063e-26	4.680465e-26	6.157169e-26	8.614904e-26	1.075448e-25	1.174092e-25	1.114870e-25	9.193794e-26	6.908591e-26	5.506194e-26	6.010456e-26	
R70	5.976173e+01	1.685674e+01	6.727355e-01	6.901795e-02	1.248323e-02	2.662207e-03	6.570671e-04	1.151756e-04	3.946890e-06	1.073689e-07	1.159967e-08	2.758415e-09	1.146274e-09	6.600237e-10	4.950035e-10	4.483454e-10	4.654377e-10	5.325964e-10	6.540931e-10	8.563290e-10	1.146381e-09	1.537355e-09	1.977619e-09	2.406797e-09	2.761895e-09	2.995103e-09	3.018619e-09	2.791623e-09	2.335784e-09	1.775902e-09	1.244375e-09	8.284253e-10	5.372867e-10	3.402950e-10	1.996638e-10	1.106641e-10	5.494813e-11	2.467781e-11	1.044863e-11	4.258681e-12	1.680129e-12	6.493933e-13	2.567150e-13	1.181933e-13	8.639996e-14	1.077134e-13	1.838449e-13	3.904441e-13	8.004370e-13	1.288241e-12	1.553907e-12	1.455303e-12	1.172690e-12	1.077935e-12	
R71	3.984115e+02	1.123783e+02	4.484903e+00	4.601196e-01	8.322153e-02	1.774804e-02	4.380447e-03	7.678373e-04	2.631260e-05	7.157929e-07	7.733111e-08	1.838943e-08	7.641828e-09	4.400158e-09	3.300024e-09	2.988969e-09	3.102918e-09	3.550643e-09	4.360621e-09	5.708860e-09	7.642540e-09	1.024903e-08	1.318413e-08	1.604531e-08	1.841263e-08	1.996736e-08	2.012413e-08	1.861082e-08	1.557189e-08	1.183935e-08	8.295832e-09	5.522835e-09	3.581912e-09	2.268634e-09	1.331092e-09	7.377608e-10	3.663208e-10	1.645187e-10	6.965753e-11	2.839121e-11	1.120086e-11	4.329288e-12	1.711433e-12	7.879552e-13	5.759998e-13	7.180895e-13	1.225633e-12	2.602961e-12	5.336247e-12	8.588270e-12	1.035938e-11	9.702022e-12	7.817934e-12	7.186233e-12	
R73	2.310760e-22	8.537119e-21	5.245602e-21	3.698162e-21	5.245593e-21	8.862290e-21	1.635541e-20	3.021459e-20	5.514194e-20	9.078946e-20	1.233155e-19	1.565218e-19	1.857236e-19	2.043607e-19	2.115200e-19	2.087660e-19	1.982375e-19	1.832597e-19	1.674456e-19	1.547114e-19	1.448811e-19	1.373334e-19	1.293443e-19	1.198995e-19	1.087680e-19	9.615272e-20	8.202237e-20	6.710253e-20	5.231853e-20	3.877940e-20	2.727997e-20	1.837217e-20	1.188436e-20	7.208211e-21	3.848230e-21	1.779902e-21	6.812732e-22	2.308825e-22	8.156834e-23	4.556311e-23	7.636378e-23	2.133816e-22	5.223041e-22	1.070650e-21	2.240502e-21	4.487443e-21	8.046463e-21	1.315875e-20	1.994477e-20	2.749107e-20	3.366522e-20	3.726520e-20	4.391307e-20	1.528351e-19	
R74	7.673030e-20	1.603766e-19	1.725372e-20	2.282701e-21	5.668039e-22	1.436766e-22	4.170179e-23	1.374707e-23	4.878608e-24	3.034456e-24	2.678763e-24	2.244826e-24	1.790689e-24	1.348199e-24	9.698474e-25	6.740777e-25	4.556285e-25	3.024328e-25	1.997639e-25	1.341036e-25	9.156692e-26	6.344464e-26	4.377129e-26	2.979809e-26	1.992266e-26	1.304964e-26	8.314781e-27	5.143466e-27	3.086482e-27	1.804784e-27	1.034009e-27	5.879068e-28	3.340947e-28	1.871067e-28	9.858441e-29	4.871750e-29	2.188741e-29	9.439980e-30	4.414062e-30	3.260003e-30	7.068029e-30	2.487790e-29	7.488565e-29	1.851016e-28	4.595287e-28	1.074426e-27	2.199192e-27	3.947448e-27	6.152666e-27	7.994014e-27	8.447373e-27	7.509081e-27	6.636361e-27	1.510129e-26	
R75	1.113605e-11	3.281970e-11	5.320323e-12	9.011629e-13	2.855421e-13	9.481770e-14	3.585817e-14	1.456919e-14	5.592147e-15	2.815242e-15	1.734115e-15	1.055281e-15	6.258494e-16	3.597138e-16	2.052889e-16	1.191099e-16	7.136906e-17	4.444910e-17	2.872325e-17	1.922935e-17	1.309811e-17	8.970268e-18	6.062206e-18	4.017923e-18	2.605243e-18	1.649996e-18	1.013040e-18	6.018088e-19	3.458276e-19	1.933450e-19	1.056912e-19	5.706512e-20	3.066742e-20	1.634338e-20	8.325691e-21	4.121937e-21	1.950839e-21	9.312990e-22	4.817984e-22	2.695991e-22	1.557921e-22	8.995669e-23	5.145573e-23	2.966367e-23	1.884397e-23	1.617618e-23	2.028755e-23	3.040361e-23	4.455190e-23	5.682067e-23	6.009184e-23	5.414836e-23	4.919129e-23	1.196237e-22	
R76	3.199833e-05	1.247904e-05	1.968903e-06	2.036825e-07	4.516445e-08	1.353184e-08	4.910229e-09	1.768030e-09	5.119877e-10	2.051825e-10	1.150509e-10	6.939188e-11	4.237207e-11	2.570425e-11	1.581106e-11	9.943564e-12	6.379457e-12	4.161208e-12	2.754246e-12	1.856702e-12	1.260188e-12	8.559391e-13	5.729245e-13	3.761542e-13	2.417260e-13	1.518065e-13	9.243310e-14	5.446024e-14	3.103340e-14	1.720442e-14	9.324110e-15	4.985204e-15	2.649136e-15	1.396653e-15	7.070362e-16	3.504246e-16	1.678575e-16	8.166865e-17	4.300525e-17	2.435716e-17	1.416477e-17	8.185339e-18	4.640489e-18	2.577915e-18	1.414833e-18	7.852147e-19	4.589858e-19	2.912888e-19	1.956840e-19	1.298739e-19	8.079045e-20	4.779594e-20	3.225496e-20	1.018599e-19	
R77	3.199833e-04	1.247904e-04	1.968903e-05	2.036825e-06	4.516445e-07	1.353184e-07	4.910229e-08	1.768030e-08	5.119877e-09	2.051825e-09	1.150509e-09	6.939188e-10	4.237207e-10	2.570425e-10	1.581106e-10	9.943564e-11	6.379457e-11	4.161208e-11	2.754246e-11	1.856702e-11	1.260188e-11	8.559391e-12	5.729245e-12	3.761542e-12	2.417260e-12	1.518065e-12	9.243310e-13	5.446024e-13	3.103340e-13	1.720442e-13	9.324110e-14	4.985204e-14	2.649136e-14	1.396653e-14	7.070362e-15	3.504246e-15	1.678575e-15	8.166865e-16	4.300525e-16	2.435716e-16	1.416477e-16	8.185339e-17	4.640489e-17	2.577915e-17	1.414833e-17	7.852147e-18	4.589858e-18	2.912888e-18	1.956840e-18	1.298739e-18	8.079045e-19	4.779594e-19	3.225496e-19	1.018599e-18	
R78	2.292824e-04	1.649818e-05	1.358500e-07	6.155044e-09	8.418652e-10	1.379217e-10	2.683270e-11	5.741282e-12	1.092221e-12	3.977974e-13	2.336495e-13	1.383452e-13	8.488971e-14	5.417918e-14	3.623206e-14	2.528207e-14	1.821069e-14	1.344858e-14	1.014941e-14	7.838482e-15	6.127182e-15	4.812001e-15	3.742686e-15	2.870340e-15	2.166679e-15	1.607610e-15	1.162768e-15	8.184294e-16	5.592741e-16	3.727210e-16	2.427800e-16	1.540606e-16	9.581354e-17	5.939886e-17	3.741387e-17	2.421229e-17	1.623514e-17	1.107694e-17	7.456075e-18	4.842520e-18	3.011363e-18	1.796872e-18	1.034934e-18	5.796049e-19	3.193471e-19	1.773352e-19	1.032621e-19	6.481394e-20	4.257798e-20	2.719003e-20	1.591449e-20	8.546885e-21	4.792949e-21	6.696393e-21	
R79	1.700182e-02	4.799794e-04	1.089220e-06	1.642505e-08	1.126317e-09	1.642917e-10	3.830351e-11	1.043097e-11	2.466337e-12	1.036136e-12	7.014137e-13	4.942124e-13	3.583400e-13	2.672515e-13	2.093509e-13	1.734411e-13	1.499879e-13	1.342880e-13	1.241138e-13	1.185429e-13	1.148082e-13	1.103021e-13	1.020990e-13	8.994471e-14	7.520813e-14	5.965649e-14	4.455536e-14	3.130585e-14	2.073264e-14	1.307276e-14	7.909258e-15	4.594690e-15	2.583673e-15	1.436826e-15	8.047851e-16	4.638987e-16	2.780848e-16	1.717893e-16	1.070844e-16	6.582327e-17	3.937189e-17	2.299378e-17	1.355034e-17	8.990190e-18	8.922954e-18	1.445136e-17	2.718373e-17	4.861558e-17	7.731488e-17	1.036532e-16	1.140982e-16	1.067798e-16	1.002690e-16	2.391668e-16	
R80	1.664493e-14	1.302668e-13	2.464140e-14	3.083206e-15	9.962874e-16	3.922497e-16	1.770926e-16	8.329287e-17	3.162972e-17	1.659663e-17	1.167790e-17	8.454260e-18	6.258108e-18	4.737052e-18	3.754684e-18	3.141353e-18	2.740775e-18	2.474637e-18	2.306011e-18	2.222483e-18	2.171173e-18	2.102030e-18	1.950947e-18	1.707137e-18	1.395672e-18	1.055778e-18	7.234668e-19	4.409325e-19	2.360557e-19	1.112672e-19	4.679665e-20	1.798178e-20	6.461387e-21	2.222563e-21	7.319002e-22	2.403492e-22	7.902835e-23	2.676951e-23	9.571587e-24	3.564071e-24	1.344457e-24	5.080005e-25	1.978462e-25	8.962755e-26	6.366090e-26	7.248992e-26	9.125671e-26	1.060635e-25	1.073113e-25	8.954851e-26	5.982758e-26	3.301102e-26	1.771556e-26	2.377538e-26	
R81	5.183234e-01	4.484424e+00	1.587863e+00	5.998725e-01	4.923250e-01	4.555313e-01	4.316625e-01	4.536583e-01	6.556281e-01	1.259846e+00	1.896606e+00	2.339953e+00	2.525590e+00	2.542068e+00	2.449467e+00	2.325021e+00	2.186530e+00	2.051331e+00	1.934005e+00	1.837914e+00	1.761021e+00	1.680585e+00	1.583387e+00	1.463301e+00	1.322791e+00	1.163873e+00	9.920729e-01	8.164892e-01	6.493864e-01	5.000233e-01	3.735163e-01	2.707629e-01	1.913481e-01	1.343501e-01	9.552898e-02	7.073582e-02	5.495042e-02	4.391240e-02	3.494076e-02	2.703509e-02	2.016514e-02	1.452208e-02	1.015493e-02	6.946308e-03	4.705053e-03	3.236931e-03	2.358993e-03	1.879595e-03	1.598759e-03	1.356639e-03	1.087430e-03	8.221040e-04	6.524676e-04	1.199303e-03	
R82	1.470531e-19	1.273086e-16	9.412195e-15	1.296677e-14	7.442014e-15	2.845681e-15	1.045689e-15	4.230697e-16	1.845971e-16	9.773678e-17	6.734202e-17	4.585504e-17	2.877671e-17	1.648384e-17	8.951152e-18	4.798309e-18	2.604711e-18	1.449161e-18	8.274325e-19	4.840920e-19	2.851009e-19	1.660230e-19	9.336590e-20	5.004902e-20	2.538939e-20	1.209633e-20	5.343741e-21	2.152928e-21	7.841277e-22	2.579533e-22	7.768879e-23	2.228357e-23	6.202343e-24	1.650626e-24	3.896077e-25	8.429087e-26	1.622024e-26	3.122328e-27	7.032592e-28	1.905547e-28	5.849710e-29	1.934428e-29	6.930000e-30	3.032626e-30	2.322500e-30	3.692368e-30	8.305194e-30	1.683012e-29	2.466747e-29	2.502730e-29	1.796179e-29	9.609591e-30	4.287208e-30	2.259161e-30	
R83	4.225424e-12	4.840659e-10	3.483191e-08	2.930773e-08	1.177110e-08	4.061195e-09	1.431911e-09	5.134121e-10	1.690075e-10	7.123322e-11	4.467844e-11	3.015280e-11	1.948278e-11	1.177894e-11	6.894051e-12	4.005738e-12	2.328269e-12	1.356666e-12	7.934172e-13	4.674182e-13	2.742997e-13	1.584184e-13	8.823786e-14	4.685543e-14	2.355740e-14	1.112913e-14	4.875806e-15	1.948277e-15	7.036497e-16	2.295345e-16	6.853731e-17	1.946691e-17	5.357756e-18	1.410572e-18	3.308635e-19	7.165949e-20	1.395651e-20	2.738072e-21	6.277280e-22	1.721583e-22	5.318613e-23	1.760175e-23	6.249758e-24	2.635498e-24	1.743767e-24	1.792328e-24	1.878968e-24	1.612449e-24	1.083462e-24	5.720440e-25	2.414872e-25	8.482240e-26	2.811143e-26	1.923681e-26	
R84	1.233110e-06	5.189710e-05	4.199037e-04	3.659748e-04	2.397001e-04	1.367540e-04	7.509984e-05	4.161669e-05	2.165917e-05	1.224469e-05	8.044822e-06	5.329995e-06	3.460747e-06	2.201290e-06	1.400716e-06	9.030184e-07	5.892768e-07	3.887528e-07	2.592288e-07	1.749600e-07	1.182481e-07	7.896451e-08	5.110748e-08	3.170085e-08	1.872156e-08	1.044949e-08	5.438206e-09	2.595947e-09	1.124334e-09	4.408953e-10	1.582254e-10	5.333954e-11	1.718102e-11	5.318981e-12	1.552328e-12	4.389939e-13	1.196839e-13	3.292705e-14	9.649478e-15	3.034703e-15	1.002526e-15	3.425941e-16	1.235821e-16	5.253753e-17	3.489714e-17	3.588952e-17	3.748044e-17	3.181076e-17	2.090196e-17	1.061844e-17	4.217647e-18	1.344841e-18	3.703673e-19	1.121281e-19	
R85	1.040216e-22	2.578279e-19	2.418844e-17	2.704344e-17	1.760192e-17	9.005704e-18	4.438837e-18	2.307746e-18	1.096507e-18	6.313941e-19	4.969482e-19	4.025622e-19	3.153208e-19	2.378744e-19	1.794012e-19	1.386741e-19	1.096128e-19	8.841039e-20	7.279453e-20	6.131125e-20	5.178722e-20	4.263242e-20	3.292617e-20	2.330240e-20	1.490478e-20	8.481677e-21	4.181921e-21	1.728548e-21	5.865160e-22	1.626722e-22	3.769404e-23	7.694581e-24	1.431999e-24	2.459796e-25	3.753163e-26	5.385922e-27	7.200410e-28	9.834859e-29	1.530990e-29	2.760488e-30	5.531896e-31	1.197076e-31	2.919884e-32	1.004093e-32	8.597940e-33	1.813197e-32	4.093769e-32	6.433783e-32	6.510917e-32	4.322195e-32	1.959628e-32	6.419731e-33	1.691919e-33	4.920347e-34	
R86	6.347082e-23	1.573187e-19	1.475905e-17	1.650108e-17	1.074015e-17	5.495006e-18	2.708443e-18	1.408116e-18	6.690550e-19	3.852574e-19	3.032226e-19	2.456312e-19	1.923991e-19	1.451437e-19	1.094651e-19	8.461473e-20	6.688236e-20	5.394532e-20	4.441700e-20	3.741026e-20	3.159898e-20	2.601300e-20	2.009055e-20	1.421842e-20	9.094445e-21	5.175261e-21	2.551680e-21	1.054707e-21	3.578742e-22	9.925763e-23	2.299976e-23	4.694999e-24	8.737619e-25	1.500893e-25	2.290065e-26	3.286325e-27	4.393471e-28	6.000931e-29	9.341632e-30	1.684366e-30	3.375394e-31	7.304190e-32	1.781624e-32	6.126668e-33	5.246200e-33	1.106358e-32	2.497893e-32	3.925698e-32	3.972763e-32	2.637272e-32	1.195705e-32	3.917124e-33	1.032358e-33	3.002246e-34	
R87	3.225415e-20	3.517791e-19	6.290597e-19	1.015151e-19	9.951820e-21	6.564001e-22	4.509308e-23	3.841389e-24	3.398722e-25	7.518866e-26	3.720098e-26	1.698886e-26	7.260108e-27	2.961084e-27	1.216085e-27	5.112002e-28	2.206469e-28	9.741312e-29	4.368280e-29	2.004577e-29	9.220322e-30	4.307475e-30	2.063135e-30	1.066191e-30	6.236062e-31	4.078314e-31	2.783823e-31	1.831662e-31	1.112351e-31	6.071277e-32	2.984683e-32	1.361255e-32	5.825253e-33	2.355847e-33	8.788622e-34	3.183653e-34	1.094642e-34	3.669408e-35	1.244880e-35	4.261465e-36	1.436539e-36	4.710802e-37	1.544702e-37	5.716792e-38	3.217758e-38	2.800920e-38	2.570129e-38	2.078368e-38	1.446003e-38	8.570417e-39	4.300772e-39	1.909078e-39	8.707335e-40	5.352369e-40	
R91	1.100717e-13	2.084475e-11	5.194900e-10	2.403652e-09	6.460442e-09	1.464690e-08	3.053267e-08	6.221333e-08	1.467778e-07	2.555614e-07	3.288747e-07	3.899290e-07	4.156107e-07	3.942247e-07	3.358607e-07	2.616934e-07	1.902292e-07	1.314073e-07	8.783050e-08	5.805005e-08	3.841727e-08	2.563566e-08	1.717243e-08	1.149516e-08	7.661912e-09	5.073009e-09	3.330407e-09	2.158453e-09	1.375066e-09	8.550859e-10	5.169214e-10	3.073015e-10	1.791399e-10	9.825224e-11	4.668571e-11	1.868021e-11	5.958325e-12	1.649425e-12	4.807846e-13	2.285925e-13	3.385628e-13	8.645698e-13	1.983517e-12	3.867087e-12	7.682654e-12	1.413486e-11	2.143396e-11	2.617400e-11	2.645865e-11	2.293684e-11	1.739335e-11	1.171659e-11	7.560605e-12	6.359669e-12	
R92	1.099355e-06	1.835571e-05	1.313333e-04	1.985653e-04	1.747768e-04	1.212837e-04	7.904287e-05	5.320192e-05	4.297797e-05	3.632701e-05	3.038338e-05	2.378386e-05	1.704233e-05	1.106088e-05	6.549379e-06	3.593620e-06	1.859479e-06	9.222966e-07	4.456334e-07	2.139982e-07	1.032625e-07	5.036773e-08	2.471514e-08	1.214997e-08	5.968597e-09	2.928139e-09	1.435837e-09	7.036371e-10	3.450013e-10	1.692478e-10	8.332862e-11	4.182172e-11	2.141782e-11	1.084660e-11	5.086514e-12	2.174501e-12	8.141160e-13	2.868149e-13	1.106513e-13	6.955937e-14	1.332721e-13	4.286924e-13	1.209484e-12	2.843387e-12	6.701434e-12	1.439323e-11	2.491435e-11	3.339343e-11	3.471292e-11	2.836586e-11	1.856147e-11	1.004092e-11	4.859391e-12	2.672481e-12	
R93	1.586746e-08	1.261344e-07	4.105557e-07	2.103570e-07	5.350236e-08	9.130925e-09	1.571742e-09	3.155916e-10	7.555981e-11	2.919563e-11	1.703857e-11	9.685475e-12	5.159786e-12	2.556501e-12	1.200924e-12	5.500766e-13	2.523153e-13	1.174243e-13	5.550698e-14	2.658198e-14	1.279575e-14	6.169020e-15	2.965225e-15	1.419193e-15	6.761241e-16	3.207224e-16	1.515423e-16	7.131889e-17	3.348651e-17	1.570666e-17	7.378390e-18	3.516554e-18	1.703084e-18	8.207280e-19	3.721221e-19	1.593783e-19	6.285887e-20	2.451167e-20	1.046253e-20	4.983211e-21	2.544717e-21	1.342823e-21	7.199270e-22	3.947333e-22	2.380569e-22	1.877202e-22	1.990991e-22	2.228040e-22	2.177445e-22	1.746589e-22	1.143825e-22	6.272281e-23	3.120278e-23	1.833880e-23	
R94	6.112045e-08	3.045186e-08	4.195962e-08	5.163846e-09	3.205052e-10	1.488487e-11	7.748167e-13	4.899804e-14	3.421978e-15	6.907989e-16	3.669900e-16	2.067621e-16	1.134099e-16	5.930659e-17	3.002757e-17	1.490825e-17	7.321946e-18	3.568812e-18	1.727929e-18	8.332479e-19	3.996703e-19	1.911010e-19	9.097741e-20	4.313355e-20	2.036624e-20	9.579568e-21	4.488944e-21	2.095246e-21	9.755485e-22	4.537328e-22	2.113195e-22	9.973299e-23	4.776090e-23	2.276958e-23	1.025926e-23	4.398774e-24	1.755882e-24	6.978281e-25	3.031810e-25	1.461594e-25	7.511261e-26	3.966717e-26	2.107792e-26	1.113671e-26	5.802603e-27	2.958236e-27	1.462339e-27	6.929963e-28	3.104885e-28	1.296031e-28	4.992445e-29	1.797382e-29	6.642185e-30	5.069511e-30	
R95	1.031143e-11	9.025216e-13	3.608330e-14	6.584848e-16	9.905689e-18	1.035153e-19	1.351500e-21	2.314665e-23	2.932702e-25	1.810336e-26	6.622349e-27	3.067142e-27	1.677067e-27	1.017263e-27	6.836798e-28	4.990643e-28	3.885374e-28	3.174773e-28	2.688836e-28	2.352167e-28	2.078914e-28	1.837715e-28	1.588554e-28	1.332697e-28	1.080842e-28	8.444967e-29	6.253236e-29	4.319646e-29	2.743116e-29	1.599756e-29	8.651405e-30	4.434591e-30	2.192412e-30	1.048954e-30	4.760983e-31	2.074422e-31	8.641099e-32	3.608435e-32	1.597968e-32	7.575392e-33	3.769236e-33	1.941200e-33	1.057446e-33	6.813833e-34	6.900185e-34	1.090780e-33	1.770696e-33	2.372328e-33	2.511906e-33	2.112072e-33	1.435945e-33	8.162231e-34	4.191509e-34	2.414274e-34	
R96	1.999777e-03	1.214619e-04	8.282438e-07	3.037351e-08	3.271487e-09	4.082824e-10	6.110866e-11	1.034029e-11	1.589106e-12	5.303595e-13	3.160838e-13	1.910294e-13	1.200395e-13	7.859345e-14	5.388904e-14	3.852498e-14	2.840194e-14	2.145080e-14	1.654882e-14	1.305535e-14	1.042443e-14	8.355599e-15	6.628348e-15	5.178512e-15	3.976017e-15	2.994599e-15	2.194814e-15	1.562564e-15	1.078421e-15	7.247704e-16	4.754541e-16	3.035679e-16	1.898002e-16	1.182212e-16	7.478257e-17	4.861630e-17	3.276292e-17	2.248151e-17	1.523336e-17	9.970720e-18	6.256661e-18	3.772427e-18	2.198739e-18	1.248007e-18	6.980530e-19	3.942523e-19	2.340318e-19	1.502078e-19	1.013348e-19	6.685372e-20	4.075699e-20	2.304996e-20	1.379318e-20	2.064627e-20	
R97	9.581616e-19	6.707878e-18	7.353674e-18	6.811954e-19	3.547948e-20	1.134001e-21	3.873725e-23	1.781630e-24	9.440813e-26	1.952868e-26	1.301879e-26	8.803988e-27	5.854041e-27	3.819863e-27	2.492150e-27	1.646050e-27	1.099405e-27	7.417494e-28	5.056224e-28	3.485877e-28	2.406592e-28	1.640214e-28	1.082737e-28	6.841625e-29	4.109722e-29	2.328466e-29	1.227939e-29	5.928831e-30	2.593436e-30	1.025578e-30	3.706710e-31	1.257274e-31	4.071322e-32	1.266375e-32	3.711658e-33	1.054439e-33	2.889209e-34	7.994201e-35	2.358338e-35	7.474601e-36	2.491677e-36	8.603998e-37	3.140750e-37	1.353229e-37	9.124981e-38	9.544728e-38	1.016144e-37	8.818906e-38	5.950826e-38	3.123155e-38	1.292100e-38	4.338604e-39	1.275002e-39	4.135537e-40	
R98	1.901811e-09	4.903538e-11	2.307645e-13	3.277697e-15	4.735810e-17	4.744966e-19	5.557033e-21	7.017315e-23	3.771067e-25	7.630986e-27	1.272564e-27	3.688652e-28	1.582389e-28	8.477941e-29	5.339430e-29	3.739064e-29	2.813839e-29	2.223887e-29	1.819890e-29	1.536996e-29	1.313683e-29	1.124535e-29	9.441949e-30	7.727551e-30	6.168227e-30	4.829341e-30	3.707639e-30	2.799506e-30	2.080060e-30	1.528993e-30	1.116825e-30	8.175062e-31	6.042663e-31	4.505477e-31	3.279118e-31	2.345894e-31	1.570365e-31	9.466422e-32	5.059961e-32	2.423685e-32	1.065651e-32	4.406893e-33	1.747070e-33	6.738853e-34	2.583084e-34	1.056893e-34	5.578418e-35	4.238022e-35	3.691919e-35	2.932155e-35	1.963912e-35	1.113638e-35	5.726262e-36	3.305905e-36	
R108	3.277142e-17	2.239350e-15	4.854041e-15	8.178835e-15	1.201644e-14	1.648464e-14	2.188650e-14	2.185685e-14	8.548648e-15	1.902746e-15	7.231529e-16	4.402279e-16	3.566081e-16	3.210972e-16	3.052679e-16	2.951313e-16	2.860700e-16	2.767396e-16	2.682174e-16	2.653026e-16	2.659409e-16	2.692197e-16	2.683729e-16	2.606090e-16	2.457811e-16	2.258634e-16	2.018214e-16	1.751127e-16	1.469867e-16	1.191629e-16	9.333733e-17	7.206605e-17	5.511155e-17	4.001364e-17	2.457836e-17	1.251001e-17	4.756357e-18	1.416076e-18	3.946464e-19	1.613237e-19	1.894501e-19	3.630812e-19	6.044984e-19	8.420766e-19	1.207620e-18	1.752229e-18	2.793678e-18	5.407797e-18	1.058419e-17	1.756257e-17	2.362853e-17	2.622480e-17	2.655436e-17	3.564568e-17	
R109	3.553482e-06	1.936991e-05	1.107717e-05	4.484266e-06	1.471750e-06	3.968309e-07	1.079656e-07	2.371314e-08	1.950637e-09	1.327528e-10	2.288089e-11	6.678104e-12	2.703812e-12	1.271683e-12	6.666186e-13	3.788662e-13	2.317282e-13	1.510254e-13	1.035212e-13	7.419357e-14	5.409594e-14	3.956568e-14	2.830119e-14	1.964971e-14	1.324579e-14	8.720667e-15	5.608463e-15	3.533619e-15	2.186074e-15	1.336766e-15	8.136408e-16	5.036439e-16	3.199827e-16	2.041292e-16	1.196450e-16	6.518467e-17	3.064481e-17	1.285190e-17	5.244866e-18	2.147760e-18	8.696315e-19	3.443997e-19	1.339948e-19	5.249422e-20	2.285284e-20	1.421184e-20	1.584833e-20	2.811342e-20	5.319582e-20	8.167428e-20	9.489716e-20	8.573865e-20	6.692875e-20	6.277453e-20	
R110	3.876550e-01	2.617943e-01	2.214565e-02	5.991937e-03	3.739921e-03	1.890806e-03	8.663032e-04	3.052990e-04	3.409535e-05	2.894223e-06	5.925893e-07	2.023120e-07	1.035338e-07	6.883262e-08	5.856453e-08	6.068251e-08	7.291189e-08	9.744920e-08	1.403977e-07	2.154685e-07	3.323046e-07	4.962084e-07	6.712083e-07	7.967685e-07	8.165914e-07	7.242812e-07	5.585241e-07	3.849673e-07	2.433420e-07	1.450412e-07	8.296084e-08	4.612127e-08	2.520813e-08	1.362208e-08	7.174806e-09	3.740062e-09	1.930797e-09	1.021831e-09	5.732419e-10	3.339607e-10	1.937817e-10	1.096108e-10	6.026083e-11	3.236840e-11	1.728070e-11	9.859408e-12	7.331927e-12	8.075933e-12	1.068770e-11	1.353942e-11	1.492774e-11	1.407458e-11	1.221336e-11	1.512619e-11	
R111	6.066297e+01	3.105128e+01	1.280892e+01	6.107940e+00	2.423888e+00	7.860721e-01	2.381074e-01	5.290582e-02	3.652271e-03	2.176260e-04	3.646824e-05	1.094592e-05	4.871121e-06	2.688006e-06	1.763467e-06	1.308853e-06	1.057288e-06	9.023341e-07	7.970361e-07	7.237265e-07	6.536001e-07	5.767039e-07	4.827870e-07	3.815773e-07	2.862171e-07	2.060396e-07	1.426632e-07	9.555708e-08	6.210920e-08	3.952039e-08	2.482216e-08	1.569240e-08	1.009680e-08	6.507961e-09	3.892957e-09	2.181547e-09	1.069003e-09	4.679678e-10	1.973216e-10	8.251656e-11	3.380971e-11	1.344781e-11	5.198035e-12	1.965631e-12	7.401965e-13	2.978731e-13	1.549250e-13	1.164419e-13	1.010500e-13	8.076066e-14	5.520789e-14	3.275919e-14	1.905774e-14	2.306454e-14	
R112	1.361410e+02	9.820036e+01	5.465800e+01	1.351389e+01	3.103840e+00	7.551125e-01	1.971233e-01	3.836913e-02	2.381202e-03	1.290051e-04	2.024061e-05	5.855076e-06	2.440760e-06	1.211617e-06	6.845603e-07	4.217149e-07	2.761794e-07	1.885147e-07	1.323540e-07	9.551745e-08	6.939532e-08	5.033786e-08	3.566236e-08	2.452783e-08	1.638672e-08	1.069783e-08	6.823129e-09	4.263630e-09	2.615612e-09	1.585993e-09	9.570622e-10	5.866439e-10	3.685466e-10	2.325896e-10	1.354736e-10	7.388859e-11	3.515727e-11	1.502700e-11	6.242079e-12	2.587216e-12	1.054237e-12	4.178349e-13	1.611227e-13	6.082666e-14	2.287766e-14	9.198172e-15	4.780704e-15	3.591294e-15	3.115339e-15	2.489084e-15	1.701126e-15	1.009069e-15	5.851401e-16	7.127022e-16	
R113	3.217748e+01	1.585600e+00	2.320027e-03	8.530059e-05	1.576225e-05	4.375944e-06	1.462762e-06	3.734866e-07	2.673849e-08	1.803415e-09	3.174253e-10	9.849898e-11	4.704011e-11	2.923605e-11	2.236979e-11	1.984287e-11	1.950665e-11	2.063169e-11	2.308066e-11	2.725002e-11	3.295722e-11	4.007554e-11	4.730987e-11	5.361902e-11	5.825043e-11	6.089175e-11	6.074452e-11	5.789650e-11	5.264809e-11	4.612872e-11	3.920840e-11	3.251333e-11	2.666776e-11	2.198875e-11	1.798080e-11	1.486954e-11	1.194462e-11	8.814934e-12	5.710747e-12	3.213678e-12	1.598960e-12	7.235428e-13	3.060360e-13	1.241150e-13	5.011262e-14	2.232096e-14	1.393120e-14	1.417367e-14	1.851349e-14	2.337866e-14	2.528687e-14	2.356246e-14	2.212499e-14	5.285105e-14	
R114	6.435496e+01	3.171199e+00	4.640054e-03	1.706012e-04	3.152450e-05	8.751888e-06	2.925524e-06	7.469731e-07	5.347697e-08	3.606829e-09	6.348506e-10	1.969980e-10	9.408022e-11	5.847209e-11	4.473958e-11	3.968574e-11	3.901330e-11	4.126338e-11	4.616132e-11	5.450004e-11	6.591445e-11	8.015109e-11	9.461974e-11	1.072380e-10	1.165009e-10	1.217835e-10	1.214890e-10	1.157930e-10	1.052962e-10	9.225745e-11	7.841679e-11	6.502666e-11	5.333552e-11	4.397749e-11	3.596159e-11	2.973908e-11	2.388925e-11	1.762987e-11	1.142149e-11	6.427357e-12	3.197921e-12	1.447086e-12	6.120720e-13	2.482299e-13	1.002252e-13	4.464192e-14	2.786239e-14	2.834734e-14	3.702698e-14	4.675732e-14	5.057375e-14	4.712493e-14	4.424998e-14	1.057021e-13	
R115	4.089828e-08	2.553738e-09	3.205835e-11	1.377345e-12	6.986300e-14	2.937413e-15	1.371325e-16	5.923101e-18	9.338523e-20	2.594720e-21	3.211396e-22	6.286122e-23	1.733129e-23	5.803951e-24	2.300991e-24	1.025513e-24	4.987348e-25	2.579309e-25	1.388544e-25	7.805730e-26	4.444929e-26	2.608109e-26	1.588900e-26	1.063525e-26	8.265873e-27	7.470145e-27	7.423226e-27	7.638145e-27	7.879024e-27	7.993684e-27	7.941912e-27	7.816835e-27	7.635510e-27	7.402116e-27	6.857098e-27	6.255229e-27	5.254415e-27	3.837401e-27	2.358843e-27	1.220331e-27	5.425890e-28	2.130873e-28	7.588431e-29	2.514187e-29	8.044338e-30	2.739041e-30	1.246066e-30	8.820662e-31	7.922722e-31	7.106009e-31	5.773014e-31	4.327609e-31	3.453631e-31	3.778634e-31	
R118	2.520313e+04	4.033021e+05	5.037723e+05	4.548599e+05	3.866753e+05	2.905126e+05	1.980489e+05	1.125157e+05	3.484867e+04	9.052654e+03	3.813316e+03	2.256436e+03	1.662648e+03	1.369429e+03	1.212033e+03	1.126927e+03	1.081820e+03	1.062071e+03	1.062146e+03	1.080582e+03	1.108284e+03	1.129547e+03	1.126398e+03	1.090483e+03	1.024830e+03	9.373530e+02	8.369348e+02	7.305372e+02	6.255170e+02	5.267972e+02	4.381616e+02	3.641436e+02	3.042315e+02	2.557006e+02	2.091896e+02	1.704567e+02	1.315338e+02	9.234129e+01	5.796049e+01	3.281904e+01	1.715228e+01	8.472057e+00	4.029599e+00	1.873145e+00	8.694867e-01	4.333497e-01	2.808091e-01	2.648399e-01	2.908874e-01	2.971488e-01	2.616795e-01	1.983576e-01	1.352739e-01	9.590157e-02	
R120	1.752574e-81	1.513553e-84	1.808789e-88	1.200516e-93	9.407703e-100	8.466319e-107	1.273610e-113	9.673601e-120	2.719809e-125	9.243092e-128	8.723442e-128	8.166102e-128	7.197807e-128	5.794097e-128	4.200892e-128	2.784823e-128	1.718026e-128	1.006077e-128	5.708005e-129	3.198766e-129	1.803484e-129	1.024654e-129	5.861640e-130	3.355844e-130	1.915752e-130	1.086212e-130	6.138708e-131	3.451517e-131	1.937740e-131	1.083297e-131	6.046459e-132	3.432456e-132	1.980673e-132	1.127778e-132	5.933067e-133	2.884332e-133	1.243876e-133	5.107495e-134	2.321026e-134	1.735346e-134	3.990548e-134	1.554657e-133	5.363223e-133	1.558164e-132	4.595319e-132	1.254166e-131	2.813484e-131	5.013871e-131	7.160384e-131	8.363551e-131	8.169890e-131	6.855535e-131	5.201254e-131	4.154025e-131	
R121	1.174033e-61	7.863025e-65	1.138157e-68	1.610493e-73	3.882820e-79	1.655025e-85	1.233385e-91	3.918919e-97	3.574168e-102	1.476637e-104	9.151189e-105	6.199164e-105	4.183489e-105	2.713135e-105	1.682006e-105	1.009970e-105	5.928944e-106	3.425286e-106	1.956793e-106	1.106953e-106	6.236190e-107	3.490586e-107	1.946194e-107	1.079000e-107	5.941787e-108	3.240051e-108	1.754339e-108	9.414755e-109	5.027507e-109	2.668167e-109	1.410191e-109	7.533533e-110	4.067502e-110	2.181335e-110	1.103340e-110	5.381684e-111	2.474926e-111	1.146092e-111	5.862497e-112	3.360085e-112	2.072473e-112	1.327570e-112	8.697457e-113	5.876026e-113	4.409984e-113	4.394281e-113	6.030641e-113	8.967454e-113	1.200130e-112	1.366062e-112	1.319052e-112	1.100539e-112	8.326091e-113	6.675293e-113	
R122	3.994793e-39	9.251898e-42	6.457262e-45	1.258170e-48	1.123582e-52	3.431307e-57	1.619203e-61	1.799793e-65	2.259418e-69	1.905236e-71	7.864401e-72	4.355801e-72	2.929702e-72	2.204100e-72	1.813827e-72	1.599646e-72	1.484817e-72	1.432436e-72	1.424534e-72	1.454261e-72	1.501787e-72	1.546340e-72	1.558332e-72	1.522509e-72	1.434931e-72	1.295755e-72	1.105805e-72	8.764179e-73	6.372659e-73	4.235261e-73	2.596542e-73	1.505423e-73	8.386127e-74	4.511161e-74	2.296981e-74	1.138111e-74	5.460867e-75	2.657828e-75	1.386415e-75	7.816953e-76	4.668189e-76	2.911796e-76	1.939483e-76	1.544438e-76	1.957089e-76	3.931295e-76	8.270668e-76	1.473292e-75	2.143139e-75	2.575760e-75	2.614227e-75	2.305039e-75	1.855660e-75	1.552182e-75	
R123	9.910204e-03	6.751700e-02	7.178365e-01	9.687330e-01	8.268247e-01	6.209153e-01	4.730353e-01	3.963229e-01	3.542479e-01	2.937091e-01	2.477211e-01	2.069137e-01	1.699430e-01	1.368340e-01	1.107549e-01	9.134215e-02	7.688633e-02	6.594485e-02	5.751762e-02	5.113686e-02	4.571890e-02	4.072600e-02	3.547869e-02	3.004950e-02	2.476844e-02	1.998329e-02	1.577528e-02	1.221003e-02	9.257562e-03	6.897549e-03	5.060066e-03	3.671859e-03	2.648828e-03	1.902554e-03	1.335888e-03	9.357412e-04	6.570552e-04	4.840016e-04	3.864008e-04	3.225799e-04	2.710469e-04	2.597459e-04	3.902224e-04	8.633676e-04	2.321122e-03	5.788444e-03	1.149147e-02	1.770611e-02	2.160201e-02	2.149780e-02	1.799613e-02	1.312527e-02	8.827853e-03	6.260224e-03	
R127	2.125806e-19	2.883216e-17	1.208981e-15	8.975094e-15	3.846754e-14	1.299947e-13	3.884730e-13	9.928420e-13	1.653114e-12	1.655754e-12	1.863791e-12	2.563083e-12	3.845612e-12	5.705622e-12	8.287878e-12	1.173092e-11	1.621164e-11	2.198925e-11	2.955919e-11	4.021784e-11	5.517085e-11	7.606716e-11	1.029313e-10	1.352866e-10	1.722831e-10	2.133581e-10	2.566185e-10	2.994807e-10	3.380520e-10	3.686270e-10	3.886531e-10	4.043846e-10	4.174180e-10	4.103444e-10	3.435942e-10	2.411206e-10	1.292796e-10	5.630757e-11	2.401038e-11	1.564228e-11	3.011495e-11	9.606551e-11	2.676526e-10	6.224908e-10	1.463304e-09	3.190049e-09	5.794865e-09	8.648655e-09	1.098628e-08	1.237296e-08	1.262741e-08	1.179664e-08	1.060618e-08	1.152368e-08	
R128	4.760532e-42	4.178296e-41	8.286009e-41	2.007996e-41	1.804558e-42	7.492521e-44	3.227608e-45	1.845629e-46	9.361791e-48	1.995189e-48	2.245875e-48	3.088524e-48	4.633977e-48	6.875295e-48	9.986924e-48	1.413581e-47	1.953508e-47	2.649712e-47	3.561894e-47	4.846264e-47	6.648108e-47	9.166120e-47	1.240326e-46	1.630208e-46	2.076017e-46	2.570973e-46	3.092262e-46	3.608753e-46	4.073539e-46	4.441969e-46	4.683284e-46	4.872849e-46	5.029902e-46	4.944665e-46	4.140322e-46	2.905512e-46	1.557824e-46	6.785082e-47	2.893260e-47	1.884900e-47	3.628863e-47	1.157593e-46	3.225224e-46	7.501037e-46	1.763286e-45	3.844021e-45	6.982834e-45	1.042166e-44	1.323851e-44	1.490946e-44	1.521608e-44	1.421499e-44	1.278049e-44	1.388608e-44	
R129	5.655706e-26	1.198284e-25	2.096267e-25	5.845845e-26	7.130462e-27	4.571708e-28	2.928955e-29	2.238843e-30	1.404648e-31	2.567936e-32	1.878698e-32	1.705743e-32	1.720528e-32	1.746637e-32	1.763349e-32	1.757622e-32	1.729000e-32	1.683897e-32	1.636361e-32	1.617633e-32	1.618004e-32	1.630644e-32	1.616341e-32	1.560158e-32	1.464305e-32	1.343659e-32	1.207118e-32	1.065195e-32	9.254116e-33	7.960759e-33	6.835746e-33	6.004625e-33	5.445128e-33	4.942578e-33	4.084473e-33	3.062431e-33	1.927286e-33	1.068292e-33	6.029190e-34	5.193352e-34	1.293410e-33	5.197174e-33	1.780696e-32	4.993889e-32	1.392659e-31	3.544197e-31	7.349276e-31	1.203909e-30	1.572636e-30	1.669513e-30	1.470272e-30	1.103023e-30	7.437695e-31	5.283545e-31	
R130	6.898410e-05	8.295429e-05	1.340791e-04	1.544311e-04	1.416824e-04	1.008503e-04	6.391527e-05	3.635887e-05	1.313516e-05	4.724371e-06	2.673686e-06	1.831047e-06	1.465628e-06	1.297385e-06	1.270206e-06	1.370472e-06	1.645897e-06	2.255895e-06	3.627808e-06	6.824664e-06	1.432961e-05	3.090889e-05	6.383597e-05	1.198940e-04	2.000822e-04	2.949945e-04	3.882585e-04	4.654344e-04	5.210499e-04	5.580975e-04	5.835730e-04	6.086180e-04	6.461166e-04	7.108460e-04	8.021149e-04	9.710659e-04	1.229286e-03	1.561529e-03	1.899877e-03	2.149858e-03	2.244534e-03	2.173207e-03	1.971721e-03	1.695713e-03	1.397609e-03	1.114778e-03	8.673103e-04	6.612442e-04	4.940330e-04	3.599986e-04	2.539428e-04	1.721381e-04	1.114707e-04	6.831600e-05	
R131	1.022476e-08	1.094641e-07	1.197558e-06	2.110903e-06	1.995898e-06	1.308066e-06	7.914007e-07	4.403078e-07	1.528124e-07	4.661887e-08	2.379815e-08	1.569067e-08	1.176668e-08	9.119026e-09	7.303700e-09	6.077235e-09	5.299522e-09	4.842751e-09	4.604031e-09	4.538860e-09	4.528897e-09	4.511409e-09	4.380432e-09	4.116466e-09	3.746927e-09	3.324423e-09	2.877849e-09	2.438789e-09	2.028960e-09	1.668802e-09	1.367234e-09	1.140488e-09	9.780438e-10	8.447898e-10	6.749798e-10	5.070203e-10	3.361366e-10	2.062294e-10	1.287741e-10	8.404092e-11	5.578609e-11	3.677305e-11	2.394239e-11	1.566016e-11	1.117500e-11	1.044143e-11	1.326642e-11	1.814450e-11	2.228300e-11	2.322063e-11	2.046605e-11	1.556417e-11	1.078796e-11	8.189759e-12	
R132	1.024472e-09	1.108410e-08	1.226203e-07	2.187038e-07	2.093968e-07	1.390814e-07	8.517017e-08	4.787392e-08	1.676484e-08	5.134238e-09	2.620943e-09	1.728048e-09	1.295890e-09	1.004298e-09	8.043725e-10	6.692992e-10	5.836480e-10	5.333428e-10	5.070520e-10	4.998746e-10	4.987773e-10	4.968513e-10	4.824265e-10	4.533554e-10	4.126573e-10	3.661259e-10	3.169438e-10	2.685892e-10	2.234538e-10	1.837888e-10	1.505764e-10	1.256044e-10	1.077141e-10	9.303855e-11	7.433700e-11	5.583925e-11	3.701946e-11	2.271249e-11	1.418217e-11	9.255611e-12	6.143844e-12	4.049896e-12	2.636828e-12	1.724687e-12	1.230727e-12	1.149938e-12	1.461060e-12	1.998293e-12	2.454075e-12	2.557338e-12	2.253971e-12	1.714116e-12	1.188101e-12	9.019561e-13	
R133	1.229373e-03	1.647880e-03	2.696588e-03	3.214585e-03	5.853171e-03	7.289591e-03	7.517347e-03	6.779973e-03	3.223374e-03	1.231280e-03	7.466739e-04	5.758601e-04	5.458415e-04	5.979584e-04	7.773330e-04	1.179209e-03	2.020055e-03	3.785536e-03	7.564425e-03	1.596876e-02	3.370319e-02	6.854323e-02	1.258567e-01	2.022123e-01	2.798395e-01	3.344881e-01	3.471946e-01	3.218735e-01	2.736104e-01	2.193550e-01	1.688846e-01	1.265247e-01	9.334250e-02	6.829578e-02	4.903579e-02	3.524241e-02	2.565680e-02	1.986412e-02	1.705058e-02	1.583096e-02	1.505949e-02	1.417840e-02	1.304433e-02	1.169803e-02	1.023706e-02	8.775415e-03	7.435245e-03	6.314385e-03	5.423598e-03	4.663325e-03	3.900155e-03	3.095220e-03	2.384890e-03	2.390696e-03	
R134	6.705673e-04	8.988437e-04	1.470866e-03	1.753410e-03	3.192639e-03	3.976141e-03	4.100371e-03	3.698167e-03	1.758204e-03	6.716075e-04	4.072767e-04	3.141055e-04	2.977317e-04	3.261591e-04	4.239998e-04	6.432047e-04	1.101848e-03	2.064838e-03	4.126050e-03	8.710235e-03	1.838356e-02	3.738722e-02	6.864914e-02	1.102976e-01	1.526397e-01	1.824480e-01	1.893789e-01	1.755674e-01	1.492420e-01	1.196482e-01	9.211888e-02	6.901348e-02	5.091409e-02	3.725224e-02	2.674680e-02	1.922313e-02	1.399462e-02	1.083497e-02	9.300314e-03	8.635070e-03	8.214268e-03	7.733671e-03	7.115088e-03	6.380744e-03	5.583853e-03	4.786590e-03	4.055588e-03	3.444210e-03	2.958326e-03	2.543632e-03	2.127357e-03	1.688302e-03	1.300849e-03	1.304016e-03	
R135	8.954592e-12	7.192512e-12	6.917866e-12	1.711124e-12	2.408851e-13	2.423428e-14	2.679289e-15	3.354097e-16	2.900118e-17	4.417279e-18	2.122075e-18	1.394267e-18	1.076749e-18	8.806484e-19	7.602188e-19	6.863580e-19	6.424759e-19	6.172984e-19	6.040233e-19	6.027551e-19	6.024220e-19	5.981281e-19	5.778486e-19	5.401355e-19	4.890166e-19	4.315593e-19	3.714500e-19	3.128543e-19	2.585273e-19	2.111223e-19	1.716630e-19	1.419037e-19	1.204030e-19	1.029358e-19	8.178626e-20	6.152526e-20	4.129005e-20	2.581163e-20	1.639743e-20	1.082745e-20	7.232804e-21	4.778640e-21	3.109356e-21	2.027793e-21	1.439065e-21	1.337104e-21	1.696203e-21	2.318482e-21	2.838142e-21	2.936187e-21	2.555980e-21	1.906615e-21	1.281993e-21	9.141993e-22	
R136	8.806616e-06	5.316828e-06	2.375293e-05	2.603715e-05	1.445764e-05	5.004505e-06	1.524011e-06	4.208248e-07	6.368424e-08	1.272402e-08	6.315105e-09	4.281895e-09	3.529408e-09	3.209190e-09	3.216832e-09	3.495477e-09	4.025747e-09	4.817315e-09	5.901771e-09	7.371408e-09	9.110355e-09	1.094818e-08	1.244123e-08	1.330903e-08	1.347995e-08	1.307714e-08	1.218798e-08	1.098026e-08	9.597541e-09	8.214213e-09	6.944564e-09	5.916325e-09	5.138200e-09	4.484190e-09	3.656547e-09	2.825139e-09	1.952240e-09	1.250244e-09	8.066111e-10	5.375782e-10	3.611000e-10	2.390638e-10	1.546373e-10	9.762969e-11	6.026286e-11	3.643650e-11	2.159172e-11	1.251227e-11	7.047384e-12	3.822821e-12	1.982337e-12	9.900970e-13	5.114383e-13	5.009887e-13	
R137	2.215306e-03	1.653811e-03	9.360959e-03	1.337990e-02	1.002586e-02	4.881482e-03	2.065208e-03	7.656943e-04	1.519040e-04	3.422006e-05	1.698388e-05	1.151576e-05	9.492013e-06	8.630817e-06	8.651370e-06	9.400759e-06	1.082687e-05	1.295572e-05	1.587226e-05	1.982471e-05	2.450145e-05	2.944411e-05	3.345952e-05	3.579340e-05	3.625307e-05	3.516973e-05	3.277843e-05	2.953040e-05	2.581169e-05	2.209136e-05	1.867676e-05	1.591140e-05	1.381871e-05	1.205981e-05	9.833942e-06	7.597948e-06	5.250367e-06	3.362414e-06	2.169305e-06	1.445766e-06	9.711448e-07	6.429398e-07	4.158826e-07	2.625659e-07	1.620713e-07	9.799256e-08	5.806891e-08	3.365059e-08	1.895328e-08	1.028112e-08	5.331310e-09	2.662773e-09	1.375466e-09	1.347362e-09	
R138	3.603209e-03	2.689933e-03	1.522566e-02	2.176248e-02	1.630712e-02	7.939759e-03	3.359073e-03	1.245406e-03	2.470727e-04	5.565913e-05	2.762439e-05	1.873045e-05	1.543882e-05	1.403808e-05	1.407151e-05	1.529039e-05	1.760997e-05	2.107255e-05	2.581633e-05	3.224501e-05	3.985175e-05	4.789101e-05	5.442212e-05	5.821818e-05	5.896584e-05	5.720378e-05	5.331431e-05	4.803137e-05	4.198287e-05	3.593173e-05	3.037786e-05	2.587999e-05	2.247621e-05	1.961536e-05	1.599497e-05	1.235811e-05	8.539753e-06	5.468987e-06	3.528388e-06	2.351548e-06	1.579573e-06	1.045746e-06	6.764356e-07	4.270651e-07	2.636100e-07	1.593855e-07	9.444943e-08	5.473289e-08	3.082763e-08	1.672230e-08	8.671409e-09	4.331017e-09	2.237203e-09	2.191493e-09	
R140	8.831151e-02	1.264353e-01	1.361350e+00	1.482955e+00	9.936145e-01	5.954671e-01	3.498826e-01	1.742908e-01	4.604702e-02	1.122592e-02	5.216638e-03	3.408927e-03	2.632081e-03	2.152939e-03	1.858549e-03	1.676239e-03	1.565114e-03	1.497905e-03	1.458622e-03	1.447971e-03	1.439643e-03	1.422280e-03	1.367789e-03	1.273281e-03	1.148645e-03	1.010553e-03	8.675698e-04	7.291733e-04	6.015596e-04	4.906223e-04	3.985171e-04	3.291838e-04	2.791393e-04	2.385233e-04	1.893859e-04	1.424144e-04	9.555883e-05	5.975198e-05	3.797696e-05	2.508618e-05	1.675813e-05	1.105524e-05	7.133999e-06	4.496508e-06	2.772144e-06	1.674589e-06	9.916509e-07	5.743533e-07	3.233688e-07	1.753577e-07	9.091053e-08	4.539071e-08	2.337131e-08	2.304054e-08	
R141	4.415575e-03	6.321764e-03	6.806750e-02	7.414776e-02	4.968073e-02	2.977336e-02	1.749413e-02	8.714540e-03	2.302351e-03	5.612959e-04	2.608319e-04	1.704464e-04	1.316041e-04	1.076470e-04	9.292744e-05	8.381193e-05	7.825569e-05	7.489523e-05	7.293111e-05	7.239857e-05	7.198214e-05	7.111400e-05	6.838945e-05	6.366407e-05	5.743227e-05	5.052765e-05	4.337849e-05	3.645867e-05	3.007798e-05	2.453111e-05	1.992585e-05	1.645919e-05	1.395696e-05	1.192617e-05	9.469295e-06	7.120722e-06	4.777941e-06	2.987599e-06	1.898848e-06	1.254309e-06	8.379063e-07	5.527622e-07	3.567000e-07	2.248254e-07	1.386072e-07	8.372943e-08	4.958255e-08	2.871767e-08	1.616844e-08	8.767885e-09	4.545526e-09	2.269535e-09	1.168565e-09	1.152027e-09	
R142	1.948329e-03	5.400822e-02	4.753301e-01	5.186532e-01	4.356204e-01	3.243206e-01	2.417187e-01	1.403194e-01	2.537070e-02	3.171142e-03	9.025189e-04	4.258042e-04	2.870205e-04	2.366151e-04	2.349125e-04	2.685156e-04	3.408864e-04	4.665070e-04	6.739548e-04	1.027875e-03	1.589573e-03	2.455518e-03	3.629615e-03	5.083690e-03	6.765955e-03	8.683148e-03	1.070563e-02	1.275516e-02	1.462748e-02	1.629291e-02	1.768901e-02	1.880948e-02	1.969561e-02	2.009934e-02	1.905331e-02	1.709357e-02	1.448317e-02	1.233647e-02	1.122113e-02	1.077428e-02	1.043347e-02	9.896854e-03	9.109218e-03	8.131608e-03	7.052382e-03	5.948846e-03	4.876916e-03	3.872371e-03	2.958028e-03	2.153966e-03	1.483940e-03	9.732673e-04	6.504192e-04	7.953184e-04	
R143	6.720458e-01	1.590471e-01	7.943772e-02	3.338071e-02	1.202407e-02	3.392173e-03	9.305429e-04	2.443990e-04	3.813042e-05	8.065912e-06	3.926228e-06	2.518740e-06	1.954270e-06	1.681780e-06	1.578396e-06	1.579488e-06	1.655764e-06	1.794119e-06	1.992007e-06	2.265477e-06	2.594120e-06	2.963316e-06	3.311426e-06	3.600823e-06	3.815638e-06	3.966061e-06	4.044643e-06	4.061088e-06	4.017760e-06	3.939137e-06	3.845586e-06	3.770138e-06	3.741567e-06	3.759503e-06	3.714057e-06	3.646744e-06	3.425279e-06	3.003494e-06	2.440164e-06	1.848372e-06	1.320350e-06	8.994123e-07	5.896467e-07	3.746699e-07	2.318907e-07	1.401602e-07	8.268191e-08	4.736240e-08	2.607581e-08	1.360576e-08	6.636770e-09	3.008111e-09	1.287061e-09	5.613587e-10	
R145	2.742955e-24	8.375523e-23	5.391657e-21	3.110921e-20	8.593390e-20	1.558254e-19	2.557880e-19	3.678107e-19	2.103375e-19	9.861362e-20	1.038853e-19	1.593131e-19	3.136241e-19	7.061659e-19	1.824013e-18	5.311121e-18	1.705416e-17	5.948293e-17	2.234043e-16	9.089833e-16	3.833597e-15	1.625837e-14	6.531794e-14	2.436569e-13	8.444896e-13	2.763991e-12	8.516208e-12	2.486189e-11	6.850017e-11	1.800067e-10	4.534372e-10	1.104989e-09	2.638534e-09	6.137866e-09	1.272133e-08	2.352560e-08	3.512285e-08	4.236965e-08	4.507837e-08	5.340282e-08	1.088768e-07	3.916460e-07	1.375995e-06	4.075247e-06	1.211090e-05	3.223770e-05	6.890289e-05	1.158081e-04	1.554240e-04	1.703632e-04	1.561254e-04	1.231461e-04	8.805008e-05	6.473162e-05	
R146	8.620180e-13	4.767956e-12	9.808371e-11	2.484079e-10	4.035617e-10	5.525594e-10	7.327919e-10	9.164635e-10	6.783402e-10	3.472576e-10	2.561418e-10	2.480796e-10	2.867148e-10	3.609468e-10	4.979128e-10	7.456414e-10	1.192697e-09	2.007761e-09	3.520394e-09	6.440077e-09	1.192899e-08	2.194440e-08	3.859607e-08	6.414799e-08	1.009588e-07	1.522562e-07	2.200593e-07	3.064821e-07	4.114152e-07	5.370677e-07	6.865166e-07	8.710095e-07	1.111307e-06	1.428781e-06	1.765175e-06	2.164102e-06	2.547383e-06	2.941622e-06	3.418815e-06	3.885303e-06	4.206488e-06	4.976256e-06	8.934552e-06	2.307294e-05	7.123926e-05	2.020105e-04	4.536459e-04	7.885038e-04	1.081627e-03	1.202235e-03	1.111418e-03	8.813278e-04	6.321348e-04	4.656592e-04	
R147	9.711621e+01	9.019243e+00	1.236000e+00	1.711132e-01	3.036867e-02	7.428483e-03	2.366264e-03	7.655697e-04	1.435861e-04	3.448935e-05	1.934915e-05	1.477099e-05	1.354259e-05	1.361865e-05	1.497183e-05	1.778823e-05	2.238748e-05	2.940957e-05	3.998961e-05	5.624452e-05	7.979560e-05	1.115098e-04	1.482963e-04	1.852341e-04	2.174273e-04	2.416091e-04	2.544273e-04	2.550137e-04	2.445067e-04	2.268097e-04	2.056658e-04	1.845859e-04	1.656308e-04	1.492908e-04	1.311513e-04	1.147016e-04	9.631504e-05	7.646802e-05	5.753230e-05	4.124528e-05	2.833930e-05	1.889422e-05	1.267378e-05	9.540310e-06	1.063668e-05	1.875061e-05	3.573184e-05	5.832002e-05	7.773074e-05	8.514767e-05	7.811234e-05	6.169528e-05	4.420178e-05	3.291374e-05	
R148	1.540097e+02	1.586021e+01	2.451119e+00	3.905065e-01	8.173833e-02	2.430043e-02	9.401750e-03	3.638113e-03	8.072138e-04	2.090995e-04	1.173086e-04	8.955246e-05	8.210502e-05	8.256612e-05	9.077008e-05	1.078451e-04	1.357292e-04	1.783022e-04	2.424461e-04	3.409952e-04	4.837789e-04	6.760532e-04	8.990796e-04	1.123024e-03	1.318203e-03	1.464810e-03	1.542523e-03	1.546078e-03	1.482377e-03	1.375085e-03	1.246896e-03	1.119094e-03	1.004174e-03	9.051096e-04	7.951347e-04	6.954045e-04	5.839317e-04	4.636047e-04	3.488026e-04	2.500588e-04	1.718134e-04	1.145505e-04	7.683768e-05	5.784029e-05	6.448726e-05	1.136798e-04	2.166324e-04	3.535784e-04	4.712602e-04	5.162270e-04	4.735738e-04	3.740416e-04	2.679833e-04	1.995470e-04	
R149	7.572136e-13	9.785111e-14	1.474136e-14	1.066120e-15	7.100873e-17	3.536852e-18	2.029300e-19	1.189794e-20	2.676270e-22	1.430415e-23	4.577002e-24	2.458744e-24	1.892480e-24	1.795538e-24	2.057497e-24	2.728338e-24	4.038171e-24	6.478967e-24	1.103606e-23	1.987405e-23	3.641012e-23	6.650174e-23	1.161235e-22	1.912816e-22	2.963942e-22	4.331553e-22	5.876215e-22	7.309314e-22	8.224446e-22	8.410727e-22	7.932801e-22	7.116817e-22	6.230218e-22	5.342747e-22	4.273274e-22	3.265518e-22	2.286531e-22	1.502295e-22	9.732375e-23	6.321869e-23	4.088825e-23	2.630510e-23	1.740188e-23	1.337651e-23	1.602825e-23	3.002237e-23	5.838311e-23	9.559950e-23	1.272004e-22	1.389476e-22	1.271368e-22	1.002231e-22	7.170923e-23	5.335137e-23	
R152	1.337310e-01	1.305221e-02	3.686184e-04	5.957212e-05	3.203255e-05	2.184797e-05	1.639838e-05	1.069350e-05	3.253232e-06	9.866171e-07	5.143359e-07	3.605414e-07	3.189193e-07	3.266054e-07	3.818233e-07	4.958606e-07	6.949851e-07	1.030652e-06	1.599161e-06	2.597062e-06	4.298465e-06	7.118819e-06	1.140772e-05	1.749937e-05	2.567033e-05	3.616263e-05	4.855860e-05	6.225034e-05	7.612480e-05	8.971306e-05	1.026418e-04	1.147000e-04	1.269852e-04	1.417683e-04	1.580302e-04	1.801824e-04	2.041109e-04	2.203623e-04	2.184349e-04	1.959036e-04	1.597950e-04	1.203555e-04	8.518971e-05	5.768245e-05	3.817591e-05	2.554805e-05	1.816744e-05	1.425111e-05	1.208146e-05	1.035484e-05	8.495932e-06	6.663538e-06	5.555774e-06	1.074178e-05	
R153	7.421433e-02	7.258656e-03	2.054549e-04	3.328182e-05	1.794090e-05	1.226946e-05	9.231358e-06	6.032189e-06	1.838441e-06	5.579791e-07	2.908815e-07	2.039033e-07	1.803641e-07	1.847109e-07	2.159393e-07	2.804328e-07	3.930473e-07	5.828828e-07	9.044017e-07	1.468763e-06	2.430987e-06	4.026032e-06	6.451612e-06	9.896727e-06	1.451779e-05	2.045169e-05	2.746220e-05	3.520554e-05	4.305221e-05	5.073702e-05	5.804881e-05	6.486835e-05	7.181622e-05	8.017673e-05	8.937361e-05	1.019018e-04	1.154345e-04	1.246254e-04	1.235354e-04	1.107928e-04	9.037173e-05	6.806681e-05	4.817885e-05	3.262218e-05	2.159030e-05	1.444864e-05	1.027455e-05	8.059683e-06	6.832641e-06	5.856154e-06	4.804855e-06	3.768549e-06	3.142055e-06	6.074990e-06	
R154	4.638396e-03	4.536660e-04	1.284093e-05	2.080114e-06	1.121306e-06	7.668410e-07	5.769599e-07	3.770118e-07	1.149026e-07	3.487369e-08	1.818009e-08	1.274396e-08	1.127276e-08	1.154443e-08	1.349621e-08	1.752705e-08	2.456545e-08	3.643018e-08	5.652511e-08	9.179766e-08	1.519367e-07	2.516270e-07	4.032258e-07	6.185454e-07	9.073622e-07	1.278231e-06	1.716388e-06	2.200346e-06	2.690763e-06	3.171064e-06	3.628051e-06	4.054272e-06	4.488514e-06	5.011046e-06	5.585851e-06	6.368860e-06	7.214655e-06	7.789089e-06	7.720961e-06	6.924553e-06	5.648233e-06	4.254175e-06	3.011178e-06	2.038886e-06	1.349394e-06	9.030400e-07	6.421595e-07	5.037302e-07	4.270401e-07	3.660096e-07	3.003035e-07	2.355343e-07	1.963785e-07	3.796869e-07	
R155	9.800106e-10	2.815656e-08	3.634708e-07	4.788898e-07	4.675892e-07	3.682326e-07	2.692030e-07	1.751666e-07	6.068705e-08	1.937136e-08	1.129599e-08	8.860198e-09	8.293186e-09	8.464354e-09	9.415540e-09	1.129716e-08	1.434479e-08	1.900355e-08	2.605316e-08	3.697558e-08	5.291423e-08	7.451436e-08	9.936326e-08	1.232780e-07	1.414831e-07	1.499340e-07	1.448619e-07	1.259453e-07	9.761634e-08	6.769133e-08	4.266906e-08	2.533068e-08	1.452450e-08	8.097577e-09	4.182313e-09	2.083823e-09	9.597798e-10	4.178266e-10	1.803189e-10	7.830923e-11	3.393294e-11	1.463708e-11	6.488673e-12	3.335086e-12	2.660982e-12	3.298041e-12	4.206134e-12	4.461492e-12	3.783093e-12	2.579409e-12	1.436198e-12	6.687961e-13	2.738421e-13	1.147296e-13	
R156	8.117668e-24	4.411682e-23	8.930220e-23	1.478356e-23	1.392425e-24	7.689809e-26	4.359492e-27	2.876226e-28	1.219556e-29	1.535241e-30	8.952420e-31	7.021981e-31	6.572606e-31	6.708262e-31	7.462107e-31	8.953349e-31	1.136869e-30	1.506090e-30	2.064793e-30	2.930429e-30	4.193616e-30	5.905493e-30	7.874846e-30	9.770164e-30	1.121298e-29	1.188273e-29	1.148076e-29	9.981557e-30	7.736397e-30	5.364747e-30	3.381655e-30	2.007535e-30	1.151111e-30	6.417581e-31	3.314613e-31	1.651494e-31	7.606552e-32	3.311405e-32	1.429083e-32	6.206249e-33	2.689291e-33	1.160034e-33	5.142474e-34	2.643159e-34	2.108911e-34	2.613800e-34	3.333491e-34	3.535870e-34	2.998218e-34	2.044261e-34	1.138231e-34	5.300416e-35	2.170283e-35	9.092679e-36	
R157	2.960993e+00	6.099790e-01	2.623126e-01	9.368800e-02	2.824992e-02	6.552290e-03	1.497167e-03	3.354018e-04	4.546457e-05	9.110536e-06	4.499820e-06	2.946465e-06	2.341186e-06	2.066833e-06	1.988866e-06	2.039052e-06	2.187773e-06	2.424377e-06	2.751689e-06	3.196674e-06	3.739071e-06	4.359251e-06	4.968429e-06	5.503710e-06	5.932023e-06	6.258923e-06	6.467951e-06	6.568724e-06	6.563411e-06	6.489330e-06	6.380287e-06	6.293662e-06	6.279216e-06	6.339129e-06	6.289244e-06	6.203452e-06	5.856049e-06	5.164335e-06	4.223636e-06	3.224234e-06	2.324078e-06	1.599722e-06	1.061293e-06	6.834643e-07	4.294286e-07	2.639891e-07	1.587547e-07	9.299076e-08	5.257673e-08	2.834136e-08	1.439953e-08	6.872872e-09	3.137927e-09	1.466301e-09	
R159	4.665714e-03	1.397988e-03	9.055561e-04	5.135015e-04	2.614027e-04	1.100547e-04	4.451464e-05	1.642657e-05	3.330642e-06	6.794057e-07	2.490489e-07	1.101265e-07	5.623788e-08	3.103230e-08	1.879754e-08	1.226540e-08	8.504486e-09	6.166889e-09	4.604572e-09	3.560529e-09	2.774681e-09	2.217379e-09	1.833705e-09	1.661257e-09	1.743438e-09	2.123323e-09	2.840124e-09	3.930637e-09	5.452574e-09	7.440752e-09	9.950746e-09	1.319832e-08	1.740165e-08	2.284126e-08	2.884411e-08	3.627803e-08	4.297380e-08	4.591358e-08	4.318309e-08	3.560436e-08	2.595268e-08	1.696465e-08	1.011002e-08	5.592457e-09	2.933041e-09	1.500476e-09	7.777354e-10	4.244760e-10	2.474521e-10	1.506381e-10	9.283337e-11	5.857574e-11	4.150715e-11	3.675726e-11	
R160	3.442953e-08	2.407257e-08	4.215108e-08	3.999760e-08	2.743721e-08	1.416135e-08	6.482794e-09	2.358795e-09	3.967669e-10	7.305023e-11	2.934069e-11	1.672910e-11	1.172506e-11	9.089004e-12	7.692391e-12	6.989052e-12	6.667868e-12	6.580531e-12	6.666721e-12	6.931713e-12	7.223695e-12	7.363185e-12	7.090781e-12	6.347368e-12	5.253030e-12	4.013664e-12	2.803201e-12	1.774395e-12	1.011482e-12	5.239415e-13	2.515480e-13	1.154584e-13	5.222016e-14	2.326642e-14	9.870327e-15	3.884171e-15	1.372913e-15	4.351926e-16	1.273163e-16	3.562552e-17	9.803929e-18	2.705652e-18	7.712225e-19	2.499516e-19	1.173727e-19	8.523883e-20	6.784924e-20	4.633310e-20	2.529092e-20	1.091100e-20	3.746426e-21	1.047345e-21	2.530079e-22	6.525106e-23	
R161	4.154307e-08	2.904624e-08	5.085998e-08	4.826157e-08	3.310605e-08	1.708725e-08	7.822214e-09	2.846149e-09	4.787435e-10	8.814325e-11	3.540282e-11	2.018553e-11	1.414759e-11	1.096690e-11	9.281728e-12	8.433071e-12	8.045527e-12	7.940144e-12	8.044143e-12	8.363885e-12	8.716194e-12	8.884504e-12	8.555818e-12	7.658808e-12	6.338367e-12	4.842933e-12	3.382375e-12	2.141005e-12	1.220466e-12	6.321938e-13	3.035207e-13	1.393135e-13	6.300945e-14	2.807353e-14	1.190965e-14	4.686685e-15	1.656573e-15	5.251085e-16	1.536213e-16	4.298617e-17	1.182953e-17	3.264671e-18	9.305659e-19	3.015945e-19	1.416233e-19	1.028502e-19	8.186768e-20	5.590605e-20	3.051632e-20	1.316534e-20	4.520481e-21	1.263738e-21	3.052823e-22	7.873268e-23	
R162	5.920397e+03	1.071000e+03	1.069417e+02	4.140331e+01	2.311788e+01	1.283753e+01	6.948692e+00	2.454531e+00	1.603199e-01	6.577879e-03	9.595135e-04	3.225890e-04	1.948035e-04	1.632504e-04	1.753007e-04	2.230011e-04	3.190463e-04	4.951175e-04	8.148866e-04	1.416751e-03	2.510028e-03	4.439463e-03	7.529779e-03	1.210002e-02	1.845315e-02	2.702315e-02	3.800955e-02	5.167878e-02	6.803629e-02	8.769756e-02	1.117191e-01	1.431284e-01	1.873320e-01	2.503522e-01	3.210877e-01	4.028708e-01	4.533266e-01	4.299567e-01	3.362021e-01	2.206577e-01	1.261138e-01	6.514853e-02	3.136538e-02	1.443244e-02	6.545855e-03	3.173521e-03	2.006581e-03	1.863144e-03	2.039576e-03	2.104415e-03	1.896959e-03	1.491782e-03	1.068755e-03	7.969882e-04	
R165	3.497933e-06	1.400964e-07	9.619638e-09	4.344205e-10	1.252659e-11	1.981452e-13	3.363698e-15	7.266357e-17	1.140968e-18	8.778345e-20	4.336575e-20	2.840398e-20	2.257722e-20	1.993966e-20	1.919561e-20	1.968845e-20	2.113361e-20	2.342946e-20	2.660473e-20	3.092146e-20	3.618610e-20	4.220997e-20	4.813513e-20	5.335213e-20	5.753941e-20	6.074880e-20	6.281992e-20	6.384422e-20	6.384232e-20	6.317505e-20	6.217068e-20	6.139020e-20	6.132061e-20	6.198828e-20	6.159494e-20	6.087889e-20	5.762629e-20	5.100481e-20	4.191795e-20	3.220918e-20	2.342184e-20	1.631400e-20	1.099798e-20	7.238692e-21	4.685924e-21	3.001803e-21	1.911739e-21	1.213222e-21	7.666476e-22	4.806931e-22	2.976347e-22	1.812043e-22	1.080919e-22	6.280646e-23	
R166	3.952658e-04	2.648919e-06	1.174161e-07	3.223239e-09	5.260323e-11	4.322267e-13	4.030442e-15	5.331154e-17	5.551387e-19	4.191633e-20	2.755034e-20	2.400965e-20	2.539243e-20	2.983866e-20	3.822007e-20	5.038567e-20	6.544907e-20	8.449239e-20	1.088990e-19	1.406461e-19	1.804251e-19	2.272957e-19	2.765869e-19	3.231494e-19	3.630780e-19	3.947885e-19	4.163765e-19	4.277698e-19	4.290847e-19	4.229860e-19	4.122174e-19	4.008869e-19	3.924798e-19	3.870054e-19	3.733416e-19	3.548602e-19	3.194295e-19	2.655161e-19	2.022388e-19	1.420912e-19	9.319930e-20	5.775377e-20	3.415830e-20	1.944428e-20	1.072522e-20	5.762073e-21	3.024157e-21	1.550087e-21	7.725379e-22	3.715084e-22	1.711062e-22	7.543997e-23	3.249957e-23	1.471053e-23	
R167	4.731549e+01	7.187421e+01	8.766534e+01	6.977416e+01	4.638114e+01	2.536227e+01	1.297570e+01	5.788455e+00	1.323861e+00	2.753069e-01	1.169777e-01	7.728375e-02	6.345355e-02	5.522209e-02	4.883766e-02	4.328717e-02	3.811845e-02	3.330780e-02	2.897761e-02	2.521107e-02	2.183718e-02	1.857050e-02	1.528080e-02	1.206301e-02	9.125671e-03	6.627564e-03	4.650149e-03	3.166582e-03	2.114545e-03	1.399394e-03	9.324013e-04	6.498859e-04	4.809615e-04	3.643784e-04	2.512318e-04	1.567606e-04	7.820199e-05	2.969018e-05	8.908086e-06	2.257482e-06	5.112050e-07	1.075160e-07	2.152825e-08	4.169993e-09	7.900395e-10	1.476177e-10	2.736287e-11	5.043746e-12	9.219810e-13	1.658138e-13	2.903175e-14	4.905631e-15	8.009105e-16	1.404606e-16	
R168	5.709777e+00	8.524102e+00	1.019764e+01	7.942211e+00	5.151625e+00	2.739522e+00	1.364399e+00	5.941663e-01	1.329146e-01	2.737066e-02	1.162977e-02	7.683452e-03	6.308470e-03	5.490110e-03	4.855378e-03	4.303555e-03	3.789687e-03	3.311419e-03	2.880916e-03	2.506452e-03	2.171024e-03	1.846256e-03	1.519198e-03	1.199289e-03	9.072625e-04	6.589039e-04	4.623119e-04	3.148175e-04	2.102254e-04	1.391260e-04	9.269815e-05	6.461083e-05	4.781658e-05	3.622603e-05	2.497714e-05	1.558494e-05	7.774742e-06	2.951760e-06	8.856305e-07	2.244360e-07	5.082335e-08	1.068910e-08	2.140311e-09	4.145753e-10	7.854472e-11	1.467597e-11	2.720382e-12	5.014427e-13	9.166217e-14	1.648500e-14	2.886299e-15	4.877115e-16	7.962549e-17	1.396441e-17	
R180	9.863391e+02	2.328064e+03	3.572571e+03	4.354089e+03	5.123540e+03	5.426508e+03	5.433469e+03	4.677075e+03	2.127765e+03	7.791113e+02	4.720980e+02	4.025309e+02	4.133203e+02	4.526802e+02	5.139543e+02	5.952840e+02	6.955267e+02	8.155034e+02	9.589881e+02	1.134440e+03	1.338548e+03	1.556681e+03	1.756665e+03	1.909947e+03	2.001800e+03	2.029467e+03	1.999670e+03	1.920788e+03	1.812069e+03	1.690760e+03	1.575983e+03	1.509264e+03	1.501155e+03	1.522623e+03	1.436326e+03	1.291052e+03	9.934736e+02	6.310713e+02	3.418541e+02	1.664878e+02	7.577700e+01	3.295994e+01	1.387817e+01	5.707054e+00	2.308918e+00	9.249662e-01	3.687235e-01	1.465190e-01	5.786339e-02	2.254140e-02	8.581840e-03	3.169242e-03	1.132934e-03	3.970246e-04	
R181	2.191865e+01	5.173475e+01	7.939046e+01	9.675753e+01	1.138564e+02	1.205891e+02	1.207437e+02	1.039350e+02	4.728366e+01	1.731358e+01	1.049107e+01	8.945131e+00	9.184896e+00	1.005956e+01	1.142121e+01	1.322853e+01	1.545615e+01	1.812230e+01	2.131085e+01	2.520978e+01	2.974552e+01	3.459291e+01	3.903700e+01	4.244326e+01	4.448445e+01	4.509926e+01	4.443712e+01	4.268417e+01	4.026820e+01	3.757244e+01	3.502185e+01	3.353920e+01	3.335901e+01	3.383606e+01	3.191836e+01	2.869004e+01	2.207719e+01	1.402381e+01	7.596758e+00	3.699729e+00	1.683933e+00	7.324430e-01	3.084037e-01	1.268234e-01	5.130929e-02	2.055481e-02	8.193856e-03	3.255978e-03	1.285853e-03	5.009201e-04	1.907076e-04	7.042760e-05	2.517630e-05	8.822770e-06	
R182	9.452417e+01	2.231061e+02	3.423714e+02	4.172668e+02	4.910059e+02	5.200404e+02	5.207074e+02	4.482197e+02	2.039108e+02	7.466483e+01	4.524272e+01	3.857588e+01	3.960986e+01	4.338185e+01	4.925396e+01	5.704805e+01	6.665464e+01	7.815241e+01	9.190302e+01	1.087172e+02	1.282776e+02	1.491819e+02	1.683471e+02	1.830366e+02	1.918392e+02	1.944906e+02	1.916351e+02	1.840755e+02	1.736566e+02	1.620312e+02	1.510317e+02	1.446378e+02	1.438607e+02	1.459180e+02	1.376479e+02	1.237258e+02	9.520789e+01	6.047766e+01	3.276102e+01	1.595508e+01	7.261962e+00	3.158661e+00	1.329991e+00	5.469260e-01	2.212713e-01	8.864260e-02	3.533600e-02	1.404140e-02	5.545242e-03	2.160218e-03	8.224264e-04	3.037190e-04	1.085728e-04	3.804820e-05	
R192	1.078038e-02	2.858797e-01	1.255640e+01	8.957730e+01	3.192629e+02	6.589260e+02	9.968645e+02	1.447167e+03	1.839120e+03	1.857305e+03	1.826400e+03	1.873813e+03	2.035418e+03	2.306109e+03	2.746989e+03	3.458406e+03	4.540446e+03	6.168229e+03	8.648636e+03	1.251991e+04	1.836560e+04	2.660792e+04	3.689476e+04	4.831380e+04	5.983678e+04	7.067047e+04	7.984632e+04	8.661613e+04	9.032743e+04	9.092669e+04	8.863250e+04	8.391492e+04	7.775030e+04	7.193023e+04	6.696092e+04	6.527860e+04	6.682413e+04	7.000128e+04	7.142938e+04	6.855718e+04	6.131193e+04	5.136881e+04	4.071660e+04	3.081593e+04	2.242942e+04	1.577430e+04	1.073989e+04	7.065934e+03	4.463000e+03	2.676880e+03	1.504181e+03	7.808633e+02	3.692873e+02	1.560539e+02	
R193	3.587639e-40	1.305859e-39	7.793185e-39	3.094529e-39	4.118669e-40	2.337387e-41	1.396949e-42	1.067639e-43	4.066042e-45	5.389742e-46	4.523936e-46	4.662057e-46	6.085154e-46	9.434406e-46	1.780613e-45	3.958329e-45	1.003851e-44	2.830969e-44	8.723749e-44	2.951732e-43	1.038684e-42	3.703220e-42	1.253614e-41	3.956001e-41	1.165304e-40	3.266911e-40	8.660874e-40	2.188744e-39	5.237133e-39	1.202239e-38	2.662067e-38	5.719921e-38	1.209812e-37	2.500033e-37	4.616779e-37	7.511137e-37	9.754045e-37	1.013940e-36	9.229796e-37	9.307842e-37	1.609966e-36	4.903910e-36	1.458200e-35	3.658934e-35	9.238630e-35	2.099898e-34	3.861752e-34	5.644919e-34	6.683682e-34	6.581783e-34	5.539719e-34	4.116090e-34	4.826824e-33	2.333718e-27	
R195	5.016043e-12	8.489048e-10	1.881430e-08	7.700619e-08	1.820366e-07	3.607187e-07	6.672242e-07	1.230671e-06	2.664715e-06	4.473800e-06	5.757564e-06	6.827128e-06	7.277773e-06	6.904434e-06	5.883338e-06	4.585061e-06	3.333678e-06	2.303394e-06	1.539951e-06	1.018093e-06	6.739882e-07	4.499114e-07	3.015036e-07	2.019187e-07	1.346551e-07	8.920640e-08	5.860028e-08	3.800529e-08	2.423041e-08	1.508058e-08	9.125190e-09	5.430563e-09	3.169503e-09	1.740728e-09	8.284071e-10	3.321413e-10	1.062246e-10	2.950979e-11	8.642109e-12	4.134737e-12	6.175415e-12	1.594871e-11	3.715196e-11	7.394819e-11	1.511377e-10	2.891799e-10	4.631131e-10	6.104038e-10	6.860833e-10	6.869250e-10	6.286215e-10	5.328018e-10	4.406300e-10	4.483083e-10	
R196	4.148700e-31	2.545507e-31	4.584285e-32	1.115346e-33	9.260139e-36	3.180229e-38	1.243871e-40	8.540573e-43	1.021432e-44	1.334214e-45	1.115986e-45	8.736740e-46	6.261164e-46	4.064323e-46	2.407017e-46	1.320988e-46	6.836791e-47	3.391828e-47	1.639282e-47	7.874253e-48	3.800868e-48	1.854596e-48	9.104127e-49	4.477660e-49	2.200758e-49	1.080280e-49	5.300561e-50	2.599349e-50	1.275477e-50	6.262474e-51	3.086214e-51	1.550589e-51	7.950391e-52	4.031777e-52	1.893628e-52	8.111763e-53	3.045101e-53	1.076588e-53	4.172920e-54	2.639709e-54	5.100123e-54	1.659151e-53	4.752919e-53	1.140759e-52	2.765947e-52	6.178018e-52	1.129403e-51	1.633890e-51	1.888490e-51	1.782322e-51	1.407450e-51	9.579715e-52	5.941744e-52	3.952495e-52	
R197	2.307297e-08	1.389024e-07	3.302387e-07	1.183904e-07	2.000787e-08	2.130871e-09	2.315676e-10	3.066297e-11	4.992610e-12	1.624663e-12	9.482119e-13	5.390605e-13	2.872152e-13	1.423292e-13	6.687195e-14	3.063652e-14	1.405575e-14	6.542906e-15	3.093664e-15	1.481959e-15	7.136013e-16	3.441618e-16	1.654941e-16	7.924412e-17	3.777253e-17	1.792766e-17	8.476182e-18	3.991811e-18	1.875734e-18	8.805547e-19	4.140407e-19	1.975429e-19	9.578529e-20	4.622232e-20	2.098985e-20	9.008126e-21	3.562309e-21	1.394025e-21	5.978191e-22	2.865229e-22	1.475470e-22	7.874233e-23	4.286456e-23	2.399448e-23	1.488697e-23	1.220819e-23	1.367471e-23	1.651712e-23	1.794818e-23	1.662763e-23	1.314104e-23	9.066798e-24	5.780626e-24	4.109388e-24	
R198	1.913556e-02	1.462396e-02	3.240646e-02	6.782294e-03	7.651545e-04	6.998587e-05	6.985429e-06	7.904854e-07	9.411734e-08	2.406026e-08	1.278292e-08	7.202625e-09	3.951208e-09	2.066591e-09	1.046531e-09	5.196924e-10	2.552939e-10	1.244629e-10	6.027744e-11	2.907545e-11	1.395067e-11	6.672870e-12	3.178057e-12	1.507454e-12	7.121376e-13	3.351534e-13	1.571498e-13	7.340129e-14	3.420216e-14	1.592120e-14	7.422058e-15	3.506601e-15	1.681274e-15	8.026218e-16	3.621958e-16	1.556110e-16	6.228216e-17	2.483987e-17	1.084273e-17	5.259932e-18	2.725882e-18	1.455875e-18	7.854905e-19	4.237090e-19	2.271182e-19	1.204139e-19	6.286375e-20	3.215478e-20	1.601851e-20	7.722506e-21	3.589936e-21	1.626193e-21	7.701864e-22	7.110099e-22	
R199	2.739557e-13	1.184957e-11	3.161284e-10	1.361584e-09	3.221447e-09	5.817991e-09	1.013269e-08	1.882744e-08	3.959475e-08	6.130648e-08	7.573853e-08	8.850479e-08	9.442278e-08	9.053905e-08	8.034208e-08	6.771778e-08	5.513912e-08	4.407318e-08	3.529032e-08	2.931707e-08	2.585349e-08	2.501164e-08	2.691692e-08	3.225642e-08	4.196440e-08	5.720785e-08	7.871939e-08	1.068731e-07	1.409175e-07	1.795589e-07	2.202219e-07	2.604648e-07	2.974993e-07	3.255537e-07	3.209996e-07	2.869316e-07	2.199459e-07	1.503224e-07	1.107946e-07	1.458936e-07	3.785747e-07	1.105485e-06	2.816124e-06	6.095205e-06	1.133531e-05	1.788735e-05	2.379905e-05	2.689707e-05	2.624231e-05	2.253039e-05	1.734200e-05	1.216661e-05	7.880554e-06	4.729739e-06	
R200	3.287468e-13	1.421948e-11	3.793541e-10	1.633901e-09	3.865737e-09	6.981589e-09	1.215923e-08	2.259293e-08	4.751370e-08	7.356778e-08	9.088624e-08	1.062058e-07	1.133073e-07	1.086469e-07	9.641049e-08	8.126133e-08	6.616694e-08	5.288782e-08	4.234838e-08	3.518049e-08	3.102419e-08	3.001397e-08	3.230030e-08	3.870770e-08	5.035727e-08	6.864942e-08	9.446327e-08	1.282477e-07	1.691010e-07	2.154707e-07	2.642663e-07	3.125578e-07	3.569992e-07	3.906644e-07	3.851995e-07	3.443179e-07	2.639351e-07	1.803869e-07	1.329535e-07	1.750723e-07	4.542897e-07	1.326582e-06	3.379348e-06	7.314246e-06	1.360237e-05	2.146482e-05	2.855886e-05	3.227648e-05	3.149078e-05	2.703647e-05	2.081041e-05	1.459993e-05	9.456665e-06	5.675687e-06	
R202	4.221416e-16	1.393992e-14	4.011816e-13	1.048311e-12	1.266100e-12	1.021642e-12	7.875999e-13	6.333557e-13	3.705138e-13	2.613734e-13	3.148032e-13	4.162656e-13	5.822185e-13	8.382537e-13	1.270141e-12	2.036304e-12	3.440098e-12	6.112150e-12	1.141693e-11	2.257191e-11	4.594018e-11	9.433015e-11	1.876813e-10	3.567338e-10	6.474679e-10	1.133619e-09	1.907663e-09	3.094946e-09	4.816289e-09	7.223758e-09	1.044337e-08	1.455632e-08	1.965288e-08	2.554133e-08	3.008667e-08	3.178871e-08	2.830926e-08	2.178201e-08	1.591595e-08	1.384700e-08	2.190095e-08	6.378160e-08	1.873574e-07	4.748891e-07	1.227039e-06	2.866675e-06	5.401630e-06	8.017726e-06	9.521117e-06	9.278017e-06	7.624163e-06	5.455969e-06	3.588298e-06	2.470276e-06	
R203	1.713745e-01	4.875804e-02	7.314558e-03	5.937958e-04	4.872054e-05	3.554539e-06	3.052253e-07	2.850967e-08	1.726876e-09	2.136468e-10	7.815848e-11	3.620279e-11	1.979784e-11	1.201083e-11	8.073709e-12	5.894738e-12	4.590236e-12	3.751606e-12	3.178203e-12	2.781050e-12	2.458771e-12	2.174284e-12	1.880263e-12	1.578151e-12	1.280570e-12	1.001115e-12	7.417591e-13	5.127496e-13	3.258647e-13	1.902033e-13	1.029579e-13	5.283109e-14	2.615030e-14	1.252854e-14	5.695242e-15	2.486532e-15	1.038546e-15	4.352193e-16	1.936391e-16	9.237338e-17	4.634853e-17	2.414079e-17	1.335242e-17	8.783969e-18	9.151200e-18	1.504421e-17	2.579197e-17	3.729733e-17	4.391049e-17	4.264225e-17	3.498643e-17	2.502240e-17	1.646810e-17	1.147320e-17	
R204	2.424812e-05	8.553364e-07	3.202726e-09	6.038309e-11	3.092173e-12	1.670352e-13	1.124443e-14	9.351791e-16	7.516576e-17	1.884597e-17	1.123253e-17	6.789215e-18	4.266805e-18	2.794071e-18	1.916161e-18	1.370129e-18	1.010326e-18	7.632363e-19	5.889732e-19	4.647722e-19	3.712317e-19	2.976644e-19	2.362289e-19	1.846432e-19	1.418407e-19	1.068897e-19	7.839113e-20	5.584779e-20	3.857380e-20	2.594632e-20	1.703699e-20	1.088937e-20	6.816513e-21	4.251583e-21	2.693563e-21	1.754648e-21	1.185634e-21	8.164429e-22	5.558169e-22	3.660828e-22	2.316522e-22	1.412581e-22	8.359618e-23	4.844259e-23	2.787513e-23	1.637260e-23	1.026423e-23	7.110603e-24	5.333774e-24	4.064134e-24	2.990026e-24	2.127656e-24	1.631732e-24	2.954274e-24	
R205	2.367777e-20	7.947720e-20	3.840178e-20	1.419316e-21	2.618953e-23	2.569106e-25	2.811557e-27	4.661745e-29	9.674915e-31	1.320916e-31	8.806430e-32	5.955976e-32	3.960851e-32	2.584955e-32	1.686785e-32	1.114336e-32	7.444323e-33	5.023737e-33	3.425380e-33	2.362207e-33	1.631358e-33	1.112254e-33	7.345220e-34	4.643459e-34	2.790738e-34	1.582053e-34	8.348340e-35	4.033587e-35	1.765769e-35	6.988728e-36	2.528290e-36	8.584821e-37	2.783269e-37	8.669054e-38	2.544771e-38	7.244083e-39	1.990219e-39	5.526238e-40	1.637933e-40	5.223901e-41	1.756061e-41	6.132629e-42	2.273004e-42	9.998520e-43	6.936087e-43	7.545030e-43	8.483225e-43	7.946627e-43	5.962211e-43	3.614016e-43	1.804361e-43	7.623165e-44	2.871107e-44	1.126406e-44	
R206	1.824300e-03	7.711157e-05	6.279185e-07	1.644651e-08	4.727122e-10	1.032264e-11	2.552704e-13	6.283223e-15	6.222608e-17	1.650256e-18	2.752183e-19	7.978286e-20	3.423058e-20	1.834273e-20	1.155444e-20	8.092905e-21	6.091653e-21	4.815605e-21	3.941814e-21	3.330020e-21	2.847121e-21	2.438063e-21	2.047914e-21	1.676844e-21	1.339169e-21	1.049077e-21	8.059148e-22	6.089366e-22	4.527959e-22	3.331219e-22	2.435520e-22	1.784681e-22	1.320737e-22	9.860946e-23	7.187971e-23	5.152748e-23	3.458526e-23	2.092227e-23	1.123584e-23	5.415662e-24	2.401215e-24	1.004263e-24	4.042457e-25	1.591911e-25	6.277539e-26	2.671141e-26	1.488967e-26	1.220955e-26	1.182635e-26	1.084805e-26	8.768344e-27	6.256012e-27	4.122665e-27	2.878869e-27	
R209	5.295705e-08	1.460311e-08	8.387842e-10	2.867664e-11	6.377063e-13	8.413327e-15	1.261048e-16	2.766044e-18	7.538106e-20	1.180598e-20	8.178908e-21	6.013069e-21	4.386734e-21	3.072120e-21	2.046099e-21	1.304844e-21	8.021069e-22	4.790770e-22	2.801877e-22	1.610542e-22	9.170612e-23	5.163582e-23	2.885728e-23	1.598692e-23	8.774505e-24	4.758723e-24	2.560895e-24	1.367024e-24	7.284061e-25	3.879132e-25	2.075167e-25	1.136677e-25	6.392447e-26	3.622399e-26	1.942105e-26	9.973641e-27	4.577972e-27	1.854810e-27	6.900539e-28	2.468038e-28	8.714509e-29	3.068782e-29	1.080349e-29	3.802141e-30	1.337422e-30	4.702386e-31	1.652594e-31	5.799415e-32	2.026524e-32	7.018403e-33	2.395946e-33	8.027577e-34	2.639618e-34	8.662125e-35	
R214	9.779483e-54	6.685189e-55	2.239004e-55	3.472482e-57	1.170996e-59	9.985093e-63	1.071544e-65	2.326128e-68	3.485091e-71	1.294981e-72	1.446364e-72	1.983569e-72	3.445607e-72	7.109548e-72	1.785782e-71	5.103594e-71	1.566612e-70	5.145664e-70	1.800130e-69	6.769538e-69	2.611730e-68	1.005806e-67	3.633735e-67	1.208872e-66	3.710122e-66	1.071296e-65	2.896786e-65	7.400485e-65	1.776264e-64	4.062059e-64	8.906872e-64	1.884803e-63	3.907227e-63	7.875574e-63	1.411968e-62	2.209154e-62	2.728297e-62	2.663746e-62	2.247701e-62	2.073201e-62	3.235857e-62	8.773853e-62	2.290709e-61	4.976508e-61	1.072257e-60	2.048105e-60	3.112541e-60	3.688624e-60	3.462346e-60	2.633623e-60	1.665086e-60	9.082834e-61	7.841810e-60	3.036329e-54	
R215	9.684208e-12	1.377387e-10	9.115444e-10	9.515229e-10	4.752620e-10	1.585686e-10	5.416161e-11	2.294874e-11	1.335483e-11	1.473538e-11	2.523418e-11	3.981960e-11	5.649133e-11	7.132548e-11	8.088573e-11	8.103982e-11	7.131898e-11	5.739365e-11	4.356089e-11	3.200802e-11	2.323199e-11	1.675138e-11	1.198039e-11	8.458430e-12	5.877073e-12	4.010120e-12	2.686851e-12	1.761564e-12	1.126584e-12	6.984941e-13	4.185404e-13	2.453070e-13	1.403237e-13	7.517210e-14	3.473112e-14	1.339160e-14	4.073065e-15	1.062761e-15	2.885063e-16	1.262494e-16	1.701485e-16	3.911673e-16	8.000625e-16	1.378754e-15	2.404659e-15	3.866440e-15	5.116902e-15	5.467807e-15	4.872151e-15	3.767979e-15	2.590165e-15	1.611727e-15	9.813370e-16	7.995884e-16	
R216	1.750673e-02	1.644690e+00	1.074857e+01	5.891565e+00	2.290102e+00	1.039560e+00	5.475641e-01	2.785685e-01	9.314673e-02	1.921357e-02	4.263777e-03	1.080737e-03	3.209591e-04	1.074345e-04	4.141030e-05	1.782314e-05	8.332072e-06	4.099878e-06	2.060943e-06	1.047543e-06	5.226667e-07	2.578433e-07	1.259853e-07	6.201517e-08	3.110199e-08	1.593010e-08	8.301616e-09	4.368077e-09	2.313829e-09	1.226642e-09	6.498071e-10	3.474417e-10	1.869229e-10	1.000251e-10	5.155363e-11	2.623432e-11	1.275226e-11	5.828752e-12	2.525619e-12	1.064816e-12	4.473440e-13	1.895513e-13	8.124709e-14	3.517374e-14	1.533096e-14	6.699339e-15	2.916679e-15	1.252071e-15	5.215943e-16	2.066693e-16	7.634367e-17	2.589425e-17	7.999898e-18	2.246954e-18	
R217	3.761713e-09	9.240630e-11	2.077745e-11	3.275125e-13	1.948679e-15	6.110060e-18	2.403921e-20	1.553510e-22	1.375710e-24	1.305657e-25	9.230484e-26	6.921398e-26	5.053095e-26	3.517348e-26	2.370524e-26	1.513366e-26	8.998415e-27	5.109512e-27	2.809240e-27	1.506059e-27	7.922702e-28	4.093365e-28	2.080580e-28	1.040402e-28	5.120900e-29	2.482270e-29	1.187140e-29	5.605344e-30	2.619996e-30	1.214967e-30	5.608723e-31	2.609730e-31	1.226373e-31	5.710588e-32	2.501857e-32	1.033698e-32	3.934630e-33	1.473883e-33	5.963734e-34	2.646097e-34	1.237409e-34	5.883087e-35	2.786937e-35	1.301581e-35	5.953557e-36	2.652552e-36	1.144365e-36	4.745539e-37	1.874175e-37	6.979134e-38	2.437076e-38	8.104794e-39	2.826077e-39	2.089342e-39	
R218	8.417848e-13	3.724052e-12	5.373489e-11	6.392863e-11	3.133122e-11	8.928319e-12	2.590141e-12	9.044073e-13	2.549603e-13	1.530726e-13	2.453246e-13	4.316988e-13	8.035647e-13	1.539726e-12	3.104928e-12	6.399522e-12	1.308591e-11	2.707952e-11	5.742365e-11	1.261802e-10	2.815648e-10	6.244903e-10	1.326023e-09	2.657106e-09	5.024674e-09	9.061078e-09	1.555239e-08	2.550698e-08	3.981685e-08	5.949209e-08	8.517016e-08	1.169145e-07	1.547097e-07	1.961195e-07	2.242851e-07	2.278945e-07	1.930084e-07	1.394823e-07	9.447559e-08	7.517764e-08	1.072942e-07	2.781531e-07	7.174050e-07	1.574356e-06	3.471286e-06	6.815112e-06	1.061198e-05	1.277023e-05	1.202218e-05	9.049107e-06	5.585754e-06	2.934601e-06	1.420967e-06	7.834057e-07	
R221	5.950309e-08	4.083973e-06	4.480958e-05	6.187665e-05	4.283161e-05	2.180510e-05	1.050027e-05	5.110456e-06	2.467528e-06	1.070168e-06	5.372817e-07	3.081547e-07	1.696339e-07	8.285418e-08	3.577055e-08	1.416495e-08	5.332581e-09	1.956882e-09	7.090416e-10	2.542970e-10	9.064829e-11	3.187784e-11	1.106231e-11	3.773140e-12	1.261680e-12	4.119501e-13	1.321585e-13	4.170377e-14	1.308634e-14	4.108517e-15	1.307932e-15	4.404657e-16	1.582348e-16	5.722466e-17	1.803112e-17	4.885329e-18	1.018218e-18	1.709356e-19	2.676674e-20	4.232218e-21	6.789612e-22	1.094733e-22	1.771426e-23	2.921354e-24	5.312509e-25	1.273282e-25	4.162608e-26	1.465877e-26	4.631660e-27	1.239515e-27	2.797341e-28	5.430541e-29	9.660407e-30	2.130900e-30	
R222	1.321396e-07	4.771258e-07	2.980970e-07	9.431219e-08	3.705542e-08	8.931638e-09	1.922640e-09	4.573229e-10	1.005677e-10	3.352432e-11	1.999414e-11	1.341397e-11	9.333364e-12	6.443915e-12	4.515467e-12	3.259963e-12	2.410887e-12	1.814316e-12	1.381727e-12	1.061155e-12	8.001125e-13	5.744526e-13	3.769799e-13	2.198360e-13	1.117625e-13	4.916114e-14	1.891094e-14	6.528287e-15	2.093102e-15	6.405319e-16	1.916221e-16	5.795750e-17	1.791167e-17	5.487080e-18	1.553667e-18	4.027606e-19	9.218076e-20	1.952828e-20	4.203576e-21	9.455781e-22	2.173913e-22	5.006320e-23	1.144696e-23	2.588295e-24	5.772190e-25	1.269244e-25	2.767069e-26	6.050571e-27	1.337099e-27	2.952476e-28	6.322751e-29	1.280919e-29	2.533014e-30	7.377839e-31	
R223	7.436581e-02	5.799369e-01	5.225661e+00	3.642768e+00	1.423030e+00	5.116777e-01	1.867218e-01	6.518283e-02	1.955070e-02	6.192773e-03	2.830236e-03	1.608860e-03	9.118664e-04	4.700790e-04	2.187408e-04	9.388973e-05	3.784599e-05	1.454554e-05	5.398206e-06	1.949520e-06	6.924605e-07	2.415099e-07	8.300820e-08	2.804632e-08	9.294654e-09	3.009266e-09	9.574249e-10	2.996436e-10	9.323880e-11	2.902690e-11	9.161417e-12	3.055153e-12	1.085270e-12	3.882742e-13	1.215773e-13	3.297582e-14	6.956148e-15	1.190165e-15	1.896969e-16	3.035882e-17	4.901372e-18	7.908973e-19	1.268416e-19	2.015750e-20	3.166949e-21	4.907335e-22	7.477282e-23	1.115077e-23	1.615230e-24	2.249447e-25	2.986061e-26	3.805900e-27	5.029356e-28	1.440647e-28	
R224	5.003553e+00	1.777047e+01	1.360682e+01	4.761760e+00	1.816466e+00	7.314160e-01	3.195174e-01	1.241084e-01	2.496379e-02	4.327698e-03	1.361898e-03	6.364221e-04	3.595794e-04	2.150132e-04	1.328087e-04	8.381312e-05	5.355379e-05	3.450508e-05	2.240021e-05	1.467526e-05	9.604923e-06	6.193191e-06	3.865037e-06	2.310768e-06	1.315372e-06	7.074191e-07	3.556555e-07	1.647337e-07	6.991272e-08	2.729094e-08	1.000170e-08	3.622529e-09	1.328470e-09	4.769840e-10	1.504517e-10	4.146915e-11	9.128651e-12	1.641126e-12	2.666186e-13	4.195922e-14	6.558768e-15	1.032104e-15	1.696900e-16	3.288785e-17	1.004253e-17	4.825186e-18	2.414369e-18	1.017918e-18	3.484627e-19	9.775373e-20	2.290273e-20	4.608822e-21	8.463227e-22	1.829541e-22	
R225	4.514842e-04	2.057337e-04	4.094397e-06	3.491309e-07	8.800796e-08	2.809316e-08	1.030601e-08	3.799255e-09	1.077057e-09	3.888226e-10	1.993509e-10	1.215612e-10	7.893184e-11	5.094504e-11	3.210389e-11	1.984181e-11	1.200574e-11	7.149854e-12	4.228032e-12	2.497983e-12	1.477043e-12	8.635696e-13	4.945844e-13	2.753679e-13	1.483946e-13	7.693094e-14	3.828299e-14	1.827492e-14	8.429148e-15	3.791828e-15	1.685696e-15	7.604971e-16	3.527034e-16	1.648642e-16	7.247438e-17	2.980530e-17	1.061460e-17	3.135681e-18	7.794740e-19	1.693684e-19	3.338835e-20	6.151165e-21	1.082070e-21	1.847330e-22	3.115690e-23	5.348534e-24	9.786290e-25	1.976577e-25	4.311169e-26	9.489288e-27	1.993586e-27	3.991488e-28	8.541092e-29	4.798229e-29	
R226	9.029240e-15	5.919803e-13	2.425097e-12	6.891838e-13	1.148873e-13	1.341285e-14	1.583117e-15	2.157966e-16	2.798748e-17	7.098353e-18	4.070897e-18	2.777653e-18	1.908479e-18	1.227628e-18	7.360970e-19	4.203253e-19	2.304105e-19	1.225786e-19	6.404733e-20	3.306867e-20	1.690623e-20	8.404732e-21	4.005546e-21	1.803728e-21	7.604768e-22	2.965758e-22	1.061912e-22	3.437877e-23	1.005020e-23	2.660238e-24	6.515725e-25	1.561620e-25	3.751043e-26	8.755820e-27	1.783428e-27	3.205062e-28	4.640915e-29	5.528217e-30	5.982951e-31	6.295024e-32	6.592463e-33	6.955691e-34	7.663347e-35	9.931213e-36	2.019303e-36	6.419891e-37	2.106697e-37	5.753600e-38	1.255212e-38	2.197886e-39	3.133522e-40	3.724930e-41	3.914385e-42	4.765130e-43	
R227	5.323015e-01	2.940436e-01	1.289139e-02	1.549374e-03	2.228233e-04	2.929318e-05	4.019024e-06	4.455845e-07	1.579592e-08	6.071271e-10	8.709905e-11	2.547302e-11	1.129169e-11	5.963810e-12	3.451994e-12	2.089872e-12	1.290797e-12	8.044228e-13	5.045848e-13	3.191475e-13	2.019991e-13	1.261278e-13	7.645653e-14	4.459314e-14	2.498320e-14	1.346381e-14	7.018163e-15	3.553177e-15	1.764368e-15	8.681032e-16	4.297081e-16	2.222545e-16	1.218594e-16	6.818512e-17	3.448729e-17	1.560766e-17	5.521278e-18	1.432881e-18	2.809771e-19	4.467863e-20	6.171420e-21	7.798064e-22	9.330601e-23	1.082509e-23	1.251187e-24	1.555999e-25	2.531466e-26	6.052049e-27	1.704537e-27	4.516612e-28	1.042492e-28	2.092793e-29	3.848027e-30	8.337723e-31	
R228	2.151086e-19	7.155721e-18	9.914682e-17	1.021284e-16	4.530502e-17	1.293269e-17	3.297816e-18	5.545353e-19	1.974020e-20	2.271086e-22	2.160005e-24	2.055383e-26	2.701298e-27	1.735199e-27	1.417551e-27	1.336120e-27	1.388781e-27	1.510711e-27	1.631326e-27	1.720436e-27	1.698447e-27	1.612837e-27	1.477732e-27	1.340718e-27	1.225300e-27	1.141157e-27	1.074323e-27	1.018782e-27	9.703540e-28	9.360723e-28	9.245095e-28	9.671386e-28	1.086589e-27	1.246441e-27	1.211046e-27	9.604493e-28	4.991531e-28	1.635577e-28	3.929735e-29	9.611705e-30	3.986526e-30	3.012638e-30	2.377606e-30	1.811767e-30	2.011530e-30	3.721015e-30	7.447436e-30	1.111506e-29	1.142460e-29	8.305365e-30	4.542863e-30	2.056588e-30	9.114259e-31	5.814293e-31	
R229	1.890871e-10	9.421205e-10	3.374850e-09	1.203125e-09	2.400024e-10	3.811263e-11	5.849252e-12	6.570331e-13	2.375487e-14	2.680065e-16	1.784753e-18	1.072578e-20	8.275798e-22	2.972230e-22	1.296764e-22	6.286166e-23	3.254843e-23	1.708825e-23	8.614642e-24	4.084795e-24	1.771111e-24	7.295143e-25	2.926194e-25	1.182874e-25	4.908953e-26	2.106594e-26	9.303039e-27	4.208707e-27	1.953060e-27	9.359369e-28	4.690747e-28	2.554762e-28	1.533676e-28	9.723369e-29	5.631354e-29	2.960794e-29	1.213208e-29	3.805394e-30	9.987745e-31	2.343462e-31	5.161496e-32	1.282782e-32	5.173595e-33	3.437543e-33	3.965212e-33	7.813904e-33	1.643172e-32	2.536141e-32	2.664386e-32	1.964124e-32	1.083753e-32	4.932429e-33	2.192795e-33	1.401669e-33	
R230	1.491203e+03	4.744631e+02	1.576430e+02	3.758694e+01	7.515447e+00	1.202339e+00	1.722101e-01	1.426249e-02	1.981220e-04	8.152458e-07	3.179875e-09	1.498535e-11	1.118987e-12	4.408129e-13	2.287431e-13	1.379031e-13	9.105475e-14	6.179128e-14	4.055489e-14	2.513878e-14	1.426724e-14	7.695292e-15	4.040597e-15	2.137476e-15	1.160656e-15	6.517776e-16	3.770450e-16	2.239760e-16	1.370805e-16	8.724598e-17	5.865694e-17	4.347220e-17	3.613552e-17	3.224315e-17	2.642627e-17	1.960502e-17	1.082934e-17	4.081426e-18	1.102751e-18	2.381487e-19	4.539418e-20	8.199978e-21	1.484024e-21	2.933327e-22	8.147262e-23	4.124169e-23	2.782173e-23	1.768636e-23	9.623804e-24	4.469829e-24	1.824243e-24	6.930572e-25	2.732652e-25	1.431225e-25	
R231	9.297173e+00	1.762478e+01	1.258623e+01	4.452561e+00	1.079026e+00	1.725005e-01	2.375993e-02	2.318542e-03	6.752495e-05	7.409571e-07	5.098093e-09	3.050114e-11	2.429283e-12	9.503727e-13	4.688925e-13	2.626003e-13	1.585698e-13	9.753608e-14	5.780326e-14	3.225857e-14	1.650760e-14	8.034194e-15	3.819072e-15	1.835608e-15	9.092089e-16	4.674544e-16	2.482992e-16	1.356754e-16	7.625819e-17	4.432548e-17	2.691926e-17	1.754016e-17	1.242192e-17	9.341023e-18	6.800303e-18	4.739721e-18	2.786549e-18	1.279433e-18	4.618831e-19	1.392358e-19	3.761762e-20	9.666712e-21	2.488266e-21	6.982436e-22	2.743255e-22	1.952095e-22	1.834198e-22	1.604806e-22	1.185824e-22	7.377352e-23	3.978007e-23	1.967083e-23	9.904489e-24	6.420315e-24	
R232	2.124343e+02	1.352060e+02	6.333717e+01	1.901075e+01	4.922827e+00	1.102327e+00	2.273858e-01	3.090587e-02	1.164354e-03	1.309075e-05	8.576882e-08	5.211183e-10	4.110340e-11	1.518376e-11	6.839898e-12	3.427227e-12	1.830981e-12	9.888061e-13	5.111278e-13	2.477194e-13	1.095048e-13	4.585374e-14	1.865156e-14	7.625554e-15	3.191770e-15	1.377002e-15	6.094031e-16	2.752778e-16	1.270811e-16	6.033590e-17	2.983258e-17	1.599466e-17	9.439274e-18	5.851199e-18	3.234110e-18	1.564206e-18	5.383149e-19	1.215405e-19	1.951447e-20	2.560833e-21	3.067968e-22	3.592623e-23	4.311516e-24	5.729243e-25	1.075917e-25	3.678634e-26	1.665227e-26	7.026248e-27	2.501719e-27	7.478252e-28	1.930614e-28	4.576624e-29	1.135586e-29	4.919628e-30	
R244	8.146131e-21	2.285358e-19	6.966895e-19	3.368588e-19	8.129600e-20	1.279750e-20	2.062221e-21	4.109909e-22	1.068231e-22	5.852338e-23	6.005060e-23	6.121029e-23	5.667922e-23	4.563729e-23	3.188330e-23	1.976388e-23	1.113645e-23	5.844406e-24	2.925740e-24	1.430663e-24	6.963973e-25	3.388319e-25	1.646179e-25	7.943009e-26	3.794323e-26	1.788620e-26	8.362590e-27	3.876067e-27	1.794362e-27	8.307096e-28	3.877482e-28	1.889330e-28	9.645832e-29	4.907952e-29	2.188361e-29	8.525383e-30	2.601849e-30	6.602521e-31	1.687155e-31	6.766370e-32	8.185970e-32	1.663917e-31	2.979486e-31	4.472767e-31	6.787807e-31	9.500407e-31	1.090104e-30	9.911955e-31	7.196902e-31	4.250112e-31	2.083957e-31	8.722380e-32	3.305123e-32	1.363179e-32	
R245	1.241243e-16	6.933072e-15	4.530656e-14	5.122942e-14	3.206762e-14	1.483080e-14	6.708724e-15	3.356301e-15	2.024907e-15	1.609661e-15	1.651666e-15	1.683563e-15	1.558938e-15	1.255234e-15	8.769366e-16	5.435972e-16	3.063034e-16	1.607479e-16	8.047124e-17	3.934979e-17	1.915411e-17	9.319427e-18	4.527746e-18	2.184691e-18	1.043612e-18	4.919524e-19	2.300095e-19	1.066096e-19	4.935317e-20	2.284832e-20	1.066485e-20	5.196522e-21	2.653045e-21	1.349911e-21	6.018994e-22	2.344870e-22	7.156275e-23	1.815995e-23	4.640447e-24	1.861061e-24	2.251516e-24	4.576534e-24	8.194949e-24	1.230216e-23	1.866957e-23	2.613047e-23	2.998286e-23	2.726241e-23	1.979477e-23	1.168975e-23	5.731836e-24	2.399054e-24	9.090600e-25	3.749366e-25	
R246	4.111186e-07	2.923955e-05	2.569803e-04	3.274847e-04	2.265132e-04	1.164882e-04	5.862693e-05	3.137852e-05	1.797836e-05	1.091930e-05	7.817926e-06	5.786825e-06	3.983860e-06	2.448801e-06	1.357237e-06	7.023291e-07	3.508137e-07	1.727448e-07	8.460244e-08	4.125646e-08	2.003354e-08	9.634414e-09	4.585101e-09	2.153916e-09	9.978512e-10	4.548132e-10	2.049024e-10	9.120620e-11	4.043305e-11	1.789730e-11	7.970664e-12	3.688082e-12	1.780647e-12	8.621510e-13	3.716734e-13	1.450644e-13	4.663797e-14	1.309961e-14	3.703500e-15	1.125348e-15	3.628672e-16	1.209990e-16	4.117247e-17	1.441522e-17	5.597832e-18	2.876552e-18	2.022391e-18	1.535319e-18	1.048043e-18	6.075364e-19	2.981351e-19	1.264923e-19	4.926929e-20	2.171633e-20	
R247	4.484958e-01	3.951876e+00	5.137591e+00	4.375895e+00	5.756016e+00	5.550390e+00	4.704154e+00	4.039883e+00	3.142453e+00	2.380582e+00	2.024754e+00	1.753109e+00	1.525491e+00	1.325467e+00	1.192375e+00	1.124911e+00	1.103814e+00	1.114637e+00	1.147397e+00	1.198146e+00	1.230635e+00	1.208289e+00	1.087431e+00	8.733832e-01	6.151664e-01	3.777379e-01	2.040540e-01	9.936387e-02	4.500789e-02	1.941884e-02	8.127087e-03	3.377367e-03	1.402788e-03	5.753360e-04	2.228830e-04	8.323274e-05	2.938457e-05	1.041526e-05	4.047770e-06	1.749831e-06	8.085840e-07	3.850991e-07	1.851630e-07	8.888554e-08	4.232929e-08	1.995597e-08	9.356205e-09	4.410397e-09	2.105649e-09	1.007134e-09	4.689796e-10	2.076456e-10	8.990805e-11	5.232783e-11	
R248	9.147826e-09	8.372530e-08	1.171843e-07	4.047071e-08	8.684415e-09	1.564816e-09	3.158417e-10	7.641760e-11	2.060131e-11	8.268843e-12	5.571420e-12	4.109621e-12	2.913542e-12	1.890012e-12	1.129037e-12	6.339314e-13	3.399018e-13	1.759806e-13	8.870645e-14	4.378678e-14	2.129722e-14	1.020855e-14	4.833959e-15	2.258727e-15	1.040809e-15	4.718612e-16	2.113666e-16	9.350809e-17	4.117431e-17	1.809563e-17	7.998074e-18	3.667419e-18	1.751918e-18	8.395718e-19	3.599217e-19	1.406844e-19	4.578530e-20	1.310328e-20	3.768917e-21	1.158721e-21	3.759978e-22	1.256648e-22	4.273332e-23	1.491783e-23	5.761157e-24	2.943975e-24	2.066551e-24	1.567885e-24	1.066833e-24	6.139584e-25	2.975729e-25	1.238392e-25	4.679287e-26	1.937373e-26	
R250	1.181308e-01	1.111776e+00	9.510122e+00	7.401870e+00	3.582780e+00	1.662454e+00	8.028063e-01	3.807910e-01	1.646004e-01	7.958283e-02	5.186848e-02	3.805231e-02	2.697204e-02	1.749852e-02	1.045325e-02	5.863203e-03	3.135813e-03	1.617192e-03	8.112449e-04	3.983545e-04	1.927456e-04	9.193116e-05	4.333268e-05	2.016476e-05	9.258508e-06	4.184470e-06	1.869597e-06	8.253638e-07	3.628325e-07	1.592555e-07	7.031746e-08	3.221906e-08	1.538172e-08	7.367666e-09	3.156334e-09	1.233258e-09	4.012907e-10	1.148748e-10	3.305738e-11	1.016705e-11	3.299223e-12	1.100995e-12	3.713103e-13	1.252752e-13	4.202935e-14	1.396320e-14	4.575460e-15	1.470948e-15	4.603287e-16	1.388634e-16	4.008276e-17	1.116528e-17	3.230611e-18	1.849151e-18	
R251	1.181308e-01	1.111776e+00	9.510122e+00	7.401870e+00	3.582780e+00	1.662454e+00	8.028063e-01	3.807910e-01	1.646004e-01	7.958283e-02	5.186848e-02	3.805231e-02	2.697204e-02	1.749852e-02	1.045325e-02	5.863203e-03	3.135813e-03	1.617192e-03	8.112449e-04	3.983545e-04	1.927456e-04	9.193116e-05	4.333268e-05	2.016476e-05	9.258508e-06	4.184470e-06	1.869597e-06	8.253638e-07	3.628325e-07	1.592555e-07	7.031746e-08	3.221906e-08	1.538172e-08	7.367666e-09	3.156334e-09	1.233258e-09	4.012907e-10	1.148748e-10	3.305738e-11	1.016705e-11	3.299223e-12	1.100995e-12	3.713103e-13	1.252752e-13	4.202935e-14	1.396320e-14	4.575460e-15	1.470948e-15	4.603287e-16	1.388634e-16	4.008276e-17	1.116528e-17	3.230611e-18	1.849151e-18	
R252	1.694313e-03	4.967743e-04	2.388233e-05	9.445179e-07	4.300443e-08	2.506492e-09	2.107676e-10	2.346244e-11	2.825864e-12	8.893162e-13	6.997588e-13	5.997172e-13	5.047659e-13	4.026031e-13	3.062850e-13	2.263109e-13	1.631486e-13	1.154887e-13	8.089655e-14	5.628124e-14	3.885817e-14	2.621587e-14	1.708836e-14	1.066997e-14	6.374453e-15	3.638885e-15	1.994256e-15	1.049909e-15	5.364040e-16	2.677826e-16	1.319934e-16	6.571229e-17	3.319698e-17	1.677282e-17	7.950267e-18	3.612794e-18	1.471147e-18	5.347193e-19	1.821519e-19	6.080065e-20	2.029313e-20	6.844149e-21	2.399296e-21	9.667762e-22	5.865656e-22	5.686771e-22	5.996599e-22	5.432622e-22	4.024727e-22	2.452502e-22	1.252671e-22	5.519864e-23	2.222364e-23	9.607952e-24	
R254	5.827118e-09	1.271865e-06	1.532605e-05	1.728758e-05	1.495727e-05	1.150713e-05	8.650114e-06	6.551301e-06	4.465973e-06	3.068068e-06	2.509251e-06	2.209601e-06	1.898642e-06	1.536988e-06	1.183122e-06	8.828270e-07	6.421045e-07	4.583733e-07	3.237253e-07	2.272647e-07	1.582739e-07	1.076031e-07	7.032820e-08	4.361757e-08	2.547809e-08	1.387039e-08	6.974371e-09	3.184959e-09	1.315398e-09	4.908936e-10	1.682041e-10	5.538962e-11	1.788102e-11	5.588065e-12	1.557252e-12	4.031512e-13	9.004656e-14	1.794633e-14	3.506685e-15	7.090559e-16	1.492502e-16	3.256706e-17	7.545134e-18	2.075888e-18	9.013347e-19	6.143841e-19	4.335769e-19	2.552733e-19	1.203162e-19	4.563418e-20	1.414702e-20	3.675392e-21	8.456857e-22	2.057135e-22	
R255	2.929487e-08	2.929886e-08	7.040329e-09	1.205794e-09	1.663800e-10	1.761146e-11	1.964643e-12	2.579099e-13	3.447435e-14	9.309729e-15	4.786386e-15	2.376103e-15	1.113920e-15	4.875216e-16	2.043565e-16	8.292612e-17	3.293538e-17	1.286927e-17	4.950040e-18	1.893366e-18	7.180474e-19	2.770307e-19	1.122888e-19	5.085292e-20	2.716264e-20	1.699448e-20	1.183018e-20	8.599791e-21	6.356813e-21	4.668467e-21	3.393769e-21	2.496912e-21	1.853466e-21	1.363734e-21	9.291859e-22	6.072310e-22	3.488208e-22	1.706176e-22	7.265614e-23	2.789162e-23	9.875946e-24	3.265668e-24	1.017106e-24	3.011638e-25	8.595386e-26	2.418332e-26	6.936143e-27	2.101269e-27	6.808811e-28	2.305728e-28	7.911483e-29	2.785036e-29	1.109009e-29	5.702080e-30	
R257	3.559377e+03	6.000277e+04	8.023729e+04	7.750324e+04	7.406899e+04	6.940078e+04	6.493864e+04	5.972070e+04	4.941180e+04	3.760429e+04	3.195842e+04	3.059165e+04	2.883644e+04	2.504963e+04	1.968077e+04	1.417633e+04	9.487646e+03	5.994369e+03	3.631305e+03	2.124867e+03	1.220125e+03	6.850427e+02	3.789011e+02	2.059351e+02	1.098541e+02	5.721418e+01	2.933880e+01	1.480248e+01	7.441195e+00	3.736538e+00	1.893251e+00	1.005727e+00	5.631835e-01	3.202077e-01	1.629779e-01	7.611740e-02	2.840436e-02	8.260210e-03	2.025953e-03	4.593917e-04	1.015697e-04	2.234825e-05	4.917863e-06	1.082536e-06	2.383339e-07	5.251012e-08	1.158290e-08	2.554774e-09	5.608079e-10	1.215302e-10	2.576109e-11	5.307604e-12	1.066219e-12	2.169390e-13	
R261	1.151063e-04	1.998830e-02	6.944762e-01	3.522839e+00	9.021253e+00	1.432690e+01	1.770735e+01	2.434638e+01	5.037396e+01	1.006701e+02	1.388444e+02	1.599223e+02	1.594732e+02	1.433075e+02	1.181282e+02	9.248996e+01	6.955405e+01	5.091636e+01	3.677700e+01	2.633483e+01	1.879985e+01	1.314946e+01	8.936773e+00	5.850048e+00	3.687592e+00	2.237376e+00	1.315582e+00	7.496059e-01	4.165496e-01	2.256618e-01	1.195718e-01	6.279616e-02	3.275711e-02	1.698753e-02	8.532498e-03	4.322056e-03	2.145563e-03	1.028958e-03	4.753842e-04	2.124383e-04	9.228918e-05	3.911433e-05	1.620298e-05	6.564242e-06	2.600007e-06	1.005649e-06	3.788746e-07	1.383589e-07	4.857540e-08	1.620732e-08	5.070645e-09	1.468579e-09	3.902883e-10	9.575779e-11	
R263	9.832824e+02	1.662844e+04	1.100094e+04	1.582915e+03	2.136076e+02	3.103098e+01	5.589416e+00	8.918555e-01	5.821929e-02	3.860486e-03	6.686689e-04	1.873603e-04	6.980849e-05	2.906810e-05	1.307891e-05	5.966723e-06	2.681766e-06	1.142584e-06	4.420881e-07	1.525527e-07	4.711622e-08	1.383443e-08	4.115761e-09	1.298646e-09	4.419363e-10	1.614567e-10	6.325075e-11	2.627791e-11	1.161990e-11	5.441257e-12	2.714664e-12	1.510921e-12	9.394510e-13	6.080715e-13	3.384973e-13	1.619886e-13	5.403912e-14	1.208959e-14	2.064940e-15	3.159814e-16	4.782443e-17	7.450931e-18	1.206553e-18	2.030236e-19	3.546069e-20	6.430944e-21	1.211226e-21	2.363123e-22	4.746522e-23	9.763666e-24	2.067313e-24	4.616291e-25	1.145873e-25	3.629592e-26	
R264	6.595182e+01	1.215631e+03	4.364207e+02	1.037641e+01	2.222817e-01	5.720333e-03	2.255329e-04	7.005593e-06	4.010729e-08	2.428452e-10	8.572745e-12	7.031291e-13	1.035518e-13	2.066878e-14	5.325787e-15	1.538831e-15	4.644790e-16	1.334492e-16	3.297903e-17	6.711058e-18	1.114858e-18	1.711937e-19	2.739412e-20	5.018039e-21	1.089397e-21	2.791845e-22	8.355489e-23	2.858447e-23	1.111848e-23	4.855253e-24	2.385102e-24	1.390869e-24	9.602432e-25	7.075553e-25	4.307889e-25	2.112360e-25	6.299620e-26	1.084214e-26	1.289640e-27	1.331750e-28	1.379807e-29	1.522160e-30	1.813841e-31	2.333103e-32	3.232893e-33	4.826023e-34	7.760972e-35	1.339378e-35	2.461613e-36	4.806451e-37	1.016555e-37	2.460201e-38	7.545866e-39	3.721009e-39	
R266	2.609699e+01	4.681031e+02	1.004294e+03	3.702097e+02	1.070622e+02	2.675469e+01	7.495483e+00	1.920881e+00	2.050651e-01	2.039629e-02	4.443225e-03	1.407880e-03	6.094653e-04	3.177525e-04	1.964363e-04	1.338629e-04	9.605871e-05	6.884165e-05	4.668863e-05	2.932333e-05	1.677982e-05	9.208800e-06	5.060206e-06	2.902037e-06	1.769974e-06	1.152436e-06	7.965380e-07	5.795330e-07	4.416600e-07	3.509638e-07	2.909684e-07	2.566797e-07	2.415166e-07	2.350254e-07	2.153845e-07	1.863684e-07	1.364542e-07	8.123574e-08	4.094644e-08	1.878478e-08	8.295773e-09	3.634645e-09	1.601771e-09	7.148346e-10	3.245391e-10	1.504405e-10	7.132038e-11	3.450282e-11	1.693094e-11	8.386135e-12	4.213545e-12	2.195059e-12	1.238183e-12	8.360430e-13	
R267	1.416492e+04	1.835935e+04	7.903284e+02	3.612490e+01	2.313162e+00	1.761845e-01	1.715551e-02	1.123311e-03	1.052791e-05	7.822393e-08	3.261680e-09	3.603621e-10	7.896405e-11	2.515884e-11	1.070636e-11	5.364507e-12	2.952378e-12	1.664876e-12	9.015795e-13	4.572386e-13	2.120441e-13	9.468983e-14	4.234037e-14	1.974544e-14	9.777337e-15	5.159664e-15	2.885435e-15	1.696817e-15	1.047079e-15	6.773546e-16	4.618523e-16	3.438851e-16	2.813660e-16	2.399524e-16	1.816089e-16	1.213160e-16	5.917992e-17	1.976829e-17	4.873919e-18	1.005100e-18	1.910232e-19	3.534598e-20	6.544494e-21	1.232212e-21	2.412772e-22	5.295432e-23	1.581948e-23	7.211906e-24	4.015344e-24	2.187634e-24	1.096718e-24	5.215002e-25	2.594308e-25	1.748652e-25	
R268	3.008865e-05	6.847156e-03	7.132921e-02	3.350066e-02	9.527513e-03	2.418544e-03	6.675966e-04	1.799258e-04	3.404103e-05	7.206115e-06	2.569903e-06	1.128897e-06	5.590670e-07	2.884689e-07	1.545936e-07	8.288809e-08	4.363998e-08	2.182844e-08	9.962154e-09	4.066689e-09	1.494101e-09	5.236296e-10	1.868658e-10	7.105939e-11	2.927876e-11	1.300495e-11	6.214235e-12	3.155535e-12	1.703100e-12	9.682214e-13	5.801943e-13	3.776426e-13	2.662252e-13	1.933314e-13	1.272340e-13	7.610263e-14	3.590151e-14	1.298605e-14	3.932399e-15	1.114999e-15	3.176798e-16	9.355018e-17	2.863652e-17	9.094006e-18	2.987263e-18	1.012656e-18	3.532405e-19	1.261165e-19	4.572537e-20	1.674015e-20	6.219294e-21	2.399387e-21	1.008875e-21	5.232610e-22	
R269	9.786059e-03	1.928768e+00	3.804484e+01	3.354569e+01	1.443924e+01	4.335502e+00	1.248828e+00	3.535976e-01	6.756510e-02	1.261515e-02	3.546024e-03	1.195559e-03	4.712396e-04	2.029886e-04	9.582317e-05	4.751757e-05	2.399785e-05	1.184649e-05	5.465249e-06	2.307843e-06	8.861520e-07	3.241449e-07	1.184930e-07	4.503056e-08	1.810814e-08	7.706884e-09	3.462015e-09	1.624340e-09	7.939883e-10	4.011210e-10	2.092783e-10	1.151549e-10	6.669869e-11	3.937681e-11	2.163168e-11	1.122738e-11	4.982553e-12	1.838255e-12	5.914394e-13	1.783605e-13	5.304251e-14	1.591807e-14	4.852353e-15	1.502715e-15	4.721971e-16	1.503369e-16	4.836053e-17	1.562171e-17	5.018400e-18	1.589379e-18	4.966982e-19	1.559120e-19	5.119917e-20	1.955607e-20	
R271	4.084904e-02	3.837610e+00	2.507999e+01	1.374698e+01	5.343572e+00	2.425640e+00	1.277650e+00	6.499932e-01	2.173424e-01	4.483166e-02	9.948813e-03	2.521719e-03	7.489046e-04	2.506805e-04	9.662404e-05	4.158733e-05	1.944150e-05	9.566381e-06	4.808867e-06	2.444267e-06	1.219556e-06	6.016345e-07	2.939657e-07	1.447021e-07	7.257131e-08	3.717023e-08	1.937044e-08	1.019218e-08	5.398935e-09	2.862165e-09	1.516216e-09	8.106973e-10	4.361534e-10	2.333919e-10	1.202918e-10	6.121340e-11	2.975528e-11	1.360042e-11	5.893112e-12	2.484570e-12	1.043803e-12	4.422863e-13	1.895765e-13	8.207205e-14	3.577224e-14	1.563179e-14	6.805585e-15	2.921500e-15	1.217053e-15	4.822284e-16	1.781352e-16	6.041991e-17	1.866643e-17	5.242893e-18	
R272	2.716284e+04	2.308608e+04	1.791668e+03	3.976431e+01	1.143320e+00	5.684170e-02	4.758145e-03	4.007886e-04	1.473697e-05	7.361390e-07	1.180520e-07	2.961558e-08	9.852707e-09	3.766963e-09	1.641172e-09	7.680272e-10	3.718302e-10	1.774939e-10	7.940999e-11	3.257999e-11	1.209895e-11	4.268811e-12	1.496662e-12	5.425287e-13	2.067690e-13	8.279799e-14	3.466596e-14	1.502821e-14	6.753842e-15	3.144208e-15	1.526015e-15	7.959895e-16	4.465004e-16	2.568194e-16	1.331396e-16	6.199302e-17	2.256723e-17	6.310233e-18	1.496962e-18	3.371984e-19	7.704312e-20	1.839863e-20	4.746274e-21	1.461940e-21	7.036827e-22	5.615605e-22	5.056059e-22	4.051748e-22	2.746608e-22	1.588682e-22	8.105461e-23	3.870990e-23	1.925768e-23	1.296134e-23	
R273	1.231721e-01	3.348803e+02	1.492018e+04	9.363332e+03	4.582055e+03	2.675681e+03	1.833616e+03	1.260721e+03	7.231426e+02	3.184284e+02	1.329600e+02	5.296135e+01	2.028144e+01	7.571845e+00	2.914744e+00	1.166618e+00	4.883990e-01	2.126425e-01	9.532951e-02	4.428547e-02	2.100853e-02	1.034106e-02	5.271577e-03	2.805904e-03	1.562076e-03	9.069932e-04	5.427056e-04	3.309445e-04	2.037206e-04	1.256828e-04	7.737212e-05	4.781603e-05	2.961928e-05	1.814296e-05	1.052345e-05	5.827881e-06	2.919079e-06	1.297445e-06	5.303201e-07	2.115905e-07	8.592042e-08	3.609064e-08	1.570544e-08	7.054604e-09	3.256675e-09	1.538669e-09	7.400108e-10	3.588838e-10	1.727612e-10	8.081368e-11	3.592238e-11	1.490083e-11	5.709023e-12	2.120338e-12	
R274	8.107572e-01	2.230097e-01	1.232239e-01	1.466927e-01	1.911261e-01	2.215720e-01	2.487972e-01	2.458906e-01	1.119108e-01	2.644547e-02	6.475695e-03	1.719710e-03	5.440711e-04	2.006154e-04	9.062175e-05	4.874101e-05	3.031021e-05	2.114062e-05	1.610543e-05	1.343629e-05	1.165501e-05	1.045566e-05	9.289389e-06	8.151472e-06	7.099324e-06	6.211281e-06	5.378302e-06	4.587698e-06	3.793946e-06	3.039613e-06	2.348718e-06	1.738580e-06	1.243506e-06	8.734701e-07	5.973898e-07	4.020382e-07	2.578353e-07	1.509085e-07	7.883757e-08	3.730194e-08	1.647069e-08	6.964589e-09	2.867684e-09	1.160424e-09	4.634110e-10	1.826956e-10	7.082242e-11	2.672310e-11	9.643921e-12	3.253429e-12	1.003366e-12	2.790104e-13	7.063930e-14	2.111747e-14	
R275	1.500695e+01	4.913990e+01	1.228086e+02	1.720220e+02	2.014675e+02	2.141829e+02	2.147156e+02	2.042989e+02	1.519351e+02	7.371388e+01	2.954968e+01	1.087908e+01	3.937482e+00	1.436886e+00	5.626653e-01	2.381083e-01	1.086388e-01	5.288556e-02	2.711206e-02	1.470127e-02	8.187545e-03	4.690517e-03	2.706430e-03	1.574717e-03	9.265114e-04	5.529947e-04	3.310354e-04	1.970778e-04	1.154227e-04	6.615742e-05	3.694933e-05	2.018051e-05	1.081429e-05	5.668703e-06	2.784161e-06	1.295217e-06	5.352003e-07	1.903232e-07	5.973415e-08	1.746819e-08	4.976138e-09	1.414250e-09	4.044820e-10	1.164701e-10	3.365277e-11	9.702268e-12	2.767423e-12	7.706412e-13	2.054839e-13	5.123737e-14	1.168425e-14	2.406149e-15	4.540951e-16	1.042749e-16	
R389	3.207529e-21	3.033228e-18	3.276845e-16	4.452782e-15	2.954643e-14	1.329875e-13	5.080089e-13	1.985579e-12	8.845983e-12	2.635672e-11	5.233425e-11	9.136985e-11	1.462210e-10	2.154437e-10	2.975499e-10	3.912412e-10	4.944655e-10	6.079105e-10	7.378922e-10	9.038801e-10	1.118008e-09	1.390931e-09	1.703927e-09	2.034813e-09	2.363708e-09	2.680033e-09	2.959793e-09	3.177311e-09	3.293712e-09	3.280095e-09	3.123899e-09	2.857641e-09	2.513141e-09	2.082076e-09	1.548565e-09	1.020965e-09	5.826207e-10	3.091460e-10	1.761347e-10	1.601747e-10	4.370835e-10	1.983466e-09	7.859926e-09	2.595198e-08	8.629392e-08	2.644558e-07	6.691087e-07	1.374434e-06	2.370910e-06	3.576632e-06	4.822677e-06	5.864121e-06	6.732835e-06	9.053803e-06	
R390	1.414308e-13	1.167665e-11	3.582035e-10	1.571083e-09	3.366903e-09	4.565684e-09	5.370208e-09	6.839472e-09	1.030326e-08	1.482019e-08	1.912580e-08	2.204588e-08	2.371809e-08	2.391153e-08	2.295243e-08	2.125258e-08	1.911956e-08	1.687790e-08	1.480993e-08	1.318093e-08	1.188745e-08	1.081038e-08	9.700858e-09	8.507704e-09	7.283777e-09	6.119189e-09	5.047737e-09	4.097261e-09	3.268968e-09	2.568192e-09	1.992024e-09	1.538412e-09	1.188578e-09	9.092335e-10	6.674110e-10	4.701287e-10	3.149022e-10	2.126476e-10	1.603535e-10	1.928037e-10	6.806004e-10	3.890436e-09	1.895878e-08	7.548320e-08	2.977586e-07	1.065240e-06	3.076604e-06	6.936536e-06	1.230457e-05	1.749703e-05	2.035848e-05	1.987940e-05	1.711792e-05	1.505008e-05	
R391	4.901304e-12	4.926374e-10	1.890554e-08	1.071498e-07	3.085447e-07	5.895861e-07	9.708767e-07	1.679152e-06	3.361866e-06	5.490689e-06	7.085862e-06	8.167717e-06	8.787248e-06	8.858914e-06	8.503579e-06	7.873808e-06	7.083551e-06	6.253046e-06	5.486890e-06	4.883365e-06	4.404149e-06	4.005109e-06	3.594044e-06	3.151995e-06	2.698546e-06	2.267081e-06	1.870122e-06	1.517983e-06	1.211111e-06	9.514821e-07	7.380193e-07	5.699620e-07	4.403528e-07	3.368594e-07	2.472672e-07	1.741766e-07	1.166672e-07	7.878320e-08	5.940893e-08	7.143131e-08	2.521537e-07	1.441357e-06	7.023986e-06	2.796556e-05	1.103158e-04	3.946576e-04	1.139842e-03	2.569897e-03	4.558684e-03	6.482426e-03	7.542555e-03	7.365061e-03	6.341971e-03	5.575862e-03	
R393	1.594139e-09	1.240334e-07	3.661404e-06	1.244201e-05	1.931107e-05	1.801839e-05	1.485939e-05	1.339238e-05	1.311191e-05	1.218156e-05	1.096927e-05	9.181786e-06	7.344185e-06	5.652294e-06	4.304323e-06	3.327084e-06	2.653330e-06	2.197692e-06	1.886618e-06	1.674497e-06	1.506514e-06	1.354147e-06	1.190326e-06	1.016342e-06	8.438629e-07	6.854767e-07	5.448622e-07	4.247277e-07	3.245047e-07	2.437527e-07	1.803944e-07	1.322968e-07	9.666059e-08	7.036267e-08	4.993669e-08	3.524094e-08	2.486664e-08	1.858629e-08	1.550672e-08	1.412636e-08	1.329088e-08	1.246328e-08	1.154144e-08	1.071715e-08	1.081779e-08	1.420892e-08	2.514504e-08	4.733318e-08	7.893752e-08	1.101844e-07	1.283079e-07	1.270036e-07	1.124148e-07	1.056224e-07	
R394	1.594139e-09	1.240334e-07	3.661404e-06	1.244201e-05	1.931107e-05	1.801839e-05	1.485939e-05	1.339238e-05	1.311191e-05	1.218156e-05	1.096927e-05	9.181786e-06	7.344185e-06	5.652294e-06	4.304323e-06	3.327084e-06	2.653330e-06	2.197692e-06	1.886618e-06	1.674497e-06	1.506514e-06	1.354147e-06	1.190326e-06	1.016342e-06	8.438629e-07	6.854767e-07	5.448622e-07	4.247277e-07	3.245047e-07	2.437527e-07	1.803944e-07	1.322968e-07	9.666059e-08	7.036267e-08	4.993669e-08	3.524094e-08	2.486664e-08	1.858629e-08	1.550672e-08	1.412636e-08	1.329088e-08	1.246328e-08	1.154144e-08	1.071715e-08	1.081779e-08	1.420892e-08	2.514504e-08	4.733318e-08	7.893752e-08	1.101844e-07	1.283079e-07	1.270036e-07	1.124148e-07	1.056224e-07	
R395	2.182274e-09	1.646231e-07	4.692030e-06	1.531832e-05	2.270613e-05	2.008706e-05	1.572390e-05	1.351663e-05	1.266499e-05	1.153809e-05	1.038984e-05	8.696777e-06	6.956243e-06	5.353723e-06	4.076956e-06	3.151338e-06	2.513173e-06	2.081604e-06	1.786961e-06	1.586045e-06	1.426936e-06	1.282617e-06	1.127449e-06	9.626558e-07	7.992875e-07	6.492677e-07	5.160810e-07	4.022923e-07	3.073633e-07	2.308769e-07	1.708654e-07	1.253085e-07	9.155469e-08	6.664590e-08	4.729888e-08	3.337941e-08	2.355311e-08	1.760451e-08	1.468760e-08	1.338016e-08	1.258881e-08	1.180493e-08	1.093178e-08	1.015103e-08	1.024636e-08	1.345836e-08	2.381681e-08	4.483290e-08	7.476781e-08	1.043641e-07	1.215303e-07	1.202949e-07	1.064767e-07	1.000432e-07	
R396	5.806604e-04	1.085071e-02	1.027879e-01	2.089132e-01	2.475825e-01	2.273341e-01	2.047624e-01	2.057934e-01	2.181313e-01	1.939677e-01	1.643722e-01	1.371087e-01	1.129373e-01	9.173019e-02	7.528943e-02	6.314543e-02	5.405611e-02	4.707641e-02	4.159421e-02	3.736903e-02	3.367558e-02	3.017042e-02	2.638739e-02	2.241050e-02	1.850775e-02	1.495376e-02	1.181823e-02	9.156130e-03	6.948439e-03	5.182176e-03	3.806190e-03	2.766214e-03	1.999687e-03	1.440766e-03	1.016817e-03	7.186361e-04	5.133105e-04	3.909229e-04	3.318185e-04	3.058432e-04	2.895795e-04	2.721701e-04	2.518815e-04	2.332062e-04	2.341019e-04	3.057733e-04	5.402690e-04	1.016384e-03	1.689575e-03	2.341334e-03	2.692838e-03	2.614488e-03	2.244934e-03	1.981342e-03	
R397	3.428417e-06	4.529944e-05	2.916341e-04	3.844056e-04	2.793795e-04	1.470554e-04	7.748841e-05	4.816935e-05	3.283876e-05	2.401304e-05	2.034915e-05	1.697395e-05	1.398155e-05	1.135612e-05	9.320770e-06	7.817353e-06	6.692103e-06	5.828021e-06	5.149329e-06	4.626256e-06	4.169009e-06	3.735074e-06	3.266737e-06	2.774401e-06	2.291245e-06	1.851263e-06	1.463088e-06	1.133521e-06	8.602111e-07	6.415492e-07	4.712032e-07	3.424551e-07	2.475596e-07	1.783656e-07	1.258811e-07	8.896657e-08	6.354742e-08	4.839594e-08	4.107886e-08	3.786314e-08	3.584971e-08	3.369444e-08	3.118272e-08	2.887074e-08	2.898163e-08	3.785448e-08	6.688487e-08	1.258276e-07	2.091680e-07	2.898552e-07	3.333712e-07	3.236715e-07	2.779210e-07	2.452885e-07	
R398	1.485617e-03	2.758339e-02	2.591620e-01	5.213192e-01	6.098484e-01	5.509468e-01	4.878940e-01	4.824804e-01	5.034929e-01	4.445419e-01	3.767140e-01	3.142306e-01	2.588337e-01	2.102305e-01	1.725509e-01	1.447189e-01	1.238877e-01	1.078914e-01	9.532706e-02	8.564366e-02	7.717887e-02	6.914563e-02	6.047554e-02	5.136116e-02	4.241672e-02	3.427155e-02	2.708544e-02	2.098434e-02	1.592468e-02	1.187669e-02	8.723160e-03	6.339707e-03	4.582952e-03	3.301997e-03	2.330377e-03	1.646995e-03	1.176423e-03	8.959309e-04	7.604732e-04	7.009422e-04	6.636684e-04	6.237691e-04	5.772708e-04	5.344702e-04	5.365230e-04	7.007819e-04	1.238208e-03	2.329385e-03	3.872227e-03	5.365950e-03	6.171541e-03	5.991975e-03	5.145018e-03	4.540909e-03	
R399	8.295148e-05	1.550101e-03	1.468398e-02	2.984474e-02	3.536893e-02	3.247630e-02	2.925177e-02	2.939906e-02	3.116162e-02	2.770967e-02	2.348175e-02	1.958696e-02	1.613390e-02	1.310431e-02	1.075563e-02	9.020776e-03	7.722302e-03	6.725201e-03	5.942030e-03	5.338433e-03	4.810797e-03	4.310060e-03	3.769627e-03	3.201499e-03	2.643965e-03	2.136251e-03	1.688319e-03	1.308019e-03	9.926342e-04	7.403109e-04	5.437415e-04	3.951735e-04	2.856695e-04	2.058237e-04	1.452596e-04	1.026623e-04	7.333007e-05	5.584613e-05	4.740264e-05	4.369189e-05	4.136850e-05	3.888145e-05	3.598307e-05	3.331517e-05	3.344313e-05	4.368190e-05	7.718129e-05	1.451978e-04	2.413678e-04	3.344762e-04	3.846912e-04	3.734982e-04	3.207048e-04	2.830488e-04	
R400	1.322118e-03	2.400839e-02	2.190001e-01	4.238683e-01	4.718355e-01	4.000607e-01	3.312195e-01	3.069691e-01	3.007701e-01	2.579876e-01	2.186240e-01	1.823621e-01	1.502128e-01	1.220061e-01	1.001390e-01	8.398686e-02	7.189757e-02	6.261418e-02	5.532256e-02	4.970285e-02	4.479035e-02	4.012830e-02	3.509666e-02	2.980718e-02	2.461632e-02	1.988931e-02	1.571889e-02	1.217815e-02	9.241803e-03	6.892577e-03	5.062440e-03	3.679216e-03	2.659692e-03	1.916297e-03	1.352422e-03	9.558252e-04	6.827309e-04	5.199488e-04	4.413366e-04	4.067881e-04	3.851565e-04	3.620011e-04	3.350161e-04	3.101770e-04	3.113683e-04	4.066951e-04	7.185872e-04	1.351846e-03	2.247227e-03	3.114101e-03	3.581621e-03	3.477411e-03	2.985884e-03	2.635292e-03	
R401	6.055076e-03	3.837445e-02	6.968930e-01	2.331912e+00	3.571732e+00	3.177994e+00	2.331154e+00	1.737049e+00	1.185159e+00	8.876919e-01	7.771623e-01	6.689882e-01	5.881505e-01	5.310906e-01	5.061593e-01	5.109296e-01	5.381433e-01	5.836824e-01	6.456914e-01	7.260806e-01	8.091201e-01	8.773897e-01	9.026284e-01	8.773213e-01	8.105539e-01	7.199228e-01	6.160944e-01	5.105592e-01	4.098305e-01	3.203373e-01	2.446370e-01	1.832346e-01	1.355811e-01	9.971822e-02	7.222658e-02	5.242746e-02	3.855949e-02	3.008388e-02	2.593297e-02	2.412558e-02	2.296953e-02	2.163284e-02	1.990231e-02	1.783865e-02	1.557535e-02	1.323837e-02	1.092654e-02	8.714728e-03	6.665530e-03	4.843140e-03	3.318132e-03	2.157073e-03	1.422901e-03	1.725083e-03	
R402	4.996837e-02	5.174472e-01	1.495481e+01	3.122546e+01	3.412482e+01	2.890877e+01	2.299733e+01	1.844737e+01	1.367459e+01	1.012823e+01	8.302249e+00	6.887699e+00	5.672308e+00	4.607643e+00	3.781871e+00	3.168578e+00	2.705648e+00	2.347090e+00	2.063761e+00	1.844456e+00	1.653508e+00	1.474041e+00	1.283331e+00	1.085452e+00	8.932097e-01	7.194594e-01	5.671448e-01	4.384681e-01	3.321979e-01	2.474359e-01	1.815507e-01	1.318463e-01	9.525392e-02	6.859543e-02	4.837794e-02	3.417802e-02	2.440860e-02	1.859368e-02	1.579000e-02	1.455944e-02	1.378554e-02	1.293725e-02	1.187398e-02	1.062501e-02	9.265688e-03	7.868284e-03	6.489756e-03	5.173336e-03	3.955294e-03	2.873041e-03	1.967906e-03	1.278875e-03	8.408882e-04	1.026003e-03	
R403	5.212391e-02	5.203182e-01	1.443374e+01	2.878016e+01	2.985391e+01	2.382954e+01	1.789804e+01	1.363497e+01	9.638679e+00	6.990211e+00	5.729969e+00	4.753688e+00	3.914860e+00	3.180060e+00	2.610136e+00	2.186860e+00	1.867359e+00	1.619892e+00	1.424347e+00	1.272989e+00	1.141203e+00	1.017340e+00	8.857176e-01	7.491469e-01	6.164671e-01	4.965498e-01	3.914267e-01	3.026178e-01	2.292733e-01	1.707730e-01	1.253010e-01	9.099642e-02	6.574146e-02	4.734256e-02	3.338904e-02	2.358867e-02	1.684610e-02	1.283281e-02	1.089780e-02	1.004850e-02	9.514379e-03	8.928908e-03	8.195071e-03	7.333068e-03	6.394906e-03	5.430459e-03	4.479039e-03	3.570485e-03	2.729828e-03	1.982889e-03	1.358191e-03	8.826418e-04	5.803564e-04	7.081169e-04	
R404	4.996837e-03	5.174472e-02	1.495481e+00	3.122546e+00	3.412482e+00	2.890877e+00	2.299733e+00	1.844737e+00	1.367459e+00	1.012823e+00	8.302249e-01	6.887699e-01	5.672308e-01	4.607643e-01	3.781871e-01	3.168578e-01	2.705648e-01	2.347090e-01	2.063761e-01	1.844456e-01	1.653508e-01	1.474041e-01	1.283331e-01	1.085452e-01	8.932097e-02	7.194594e-02	5.671448e-02	4.384681e-02	3.321979e-02	2.474359e-02	1.815507e-02	1.318463e-02	9.525392e-03	6.859543e-03	4.837794e-03	3.417802e-03	2.440860e-03	1.859368e-03	1.579000e-03	1.455944e-03	1.378554e-03	1.293725e-03	1.187398e-03	1.062501e-03	9.265688e-04	7.868284e-04	6.489756e-04	5.173336e-04	3.955294e-04	2.873041e-04	1.967906e-04	1.278875e-04	8.408882e-05	1.026003e-04	
R405	1.046397e-02	1.044549e-01	2.897600e+00	5.777672e+00	5.993229e+00	4.783825e+00	3.593066e+00	2.737247e+00	1.934983e+00	1.403298e+00	1.150302e+00	9.543118e-01	7.859156e-01	6.384031e-01	5.239898e-01	4.390162e-01	3.748758e-01	3.251964e-01	2.859404e-01	2.555550e-01	2.290986e-01	2.042329e-01	1.778095e-01	1.503926e-01	1.237569e-01	9.968330e-02	7.857965e-02	6.075109e-02	4.602704e-02	3.428300e-02	2.515441e-02	1.826770e-02	1.319772e-02	9.504107e-03	6.702912e-03	4.735470e-03	3.381886e-03	2.576211e-03	2.187753e-03	2.017255e-03	1.910029e-03	1.792495e-03	1.645176e-03	1.472127e-03	1.283789e-03	1.090175e-03	8.991755e-04	7.167815e-04	5.480181e-04	3.980686e-04	2.726593e-04	1.771920e-04	1.165076e-04	1.421558e-04	
R406	2.220684e+00	4.283741e+00	6.560395e+00	6.133906e+00	4.264425e+00	2.059455e+00	9.197475e-01	4.588484e-01	2.337606e-01	1.606736e-01	1.379621e-01	1.123619e-01	9.298745e-02	7.946861e-02	7.091335e-02	6.592106e-02	6.319797e-02	6.206916e-02	6.222811e-02	6.371582e-02	6.578408e-02	6.780812e-02	6.859840e-02	6.777462e-02	6.551094e-02	6.234274e-02	5.837796e-02	5.391738e-02	4.898707e-02	4.386274e-02	3.868056e-02	3.334001e-02	2.818997e-02	2.387119e-02	2.094728e-02	1.932313e-02	1.931734e-02	2.063569e-02	2.240063e-02	2.368529e-02	2.398098e-02	2.323869e-02	2.166877e-02	1.954708e-02	1.711294e-02	1.454038e-02	1.194701e-02	9.418993e-03	7.042028e-03	4.921743e-03	3.171948e-03	1.871260e-03	1.022430e-03	5.519193e-04	
R407	3.970978e-29	5.430580e-27	5.499488e-25	3.340205e-24	7.647415e-24	9.069493e-24	9.589351e-24	1.140868e-23	9.927520e-24	1.078105e-23	2.003418e-23	3.900501e-23	8.189971e-23	1.831329e-22	4.497519e-22	1.216542e-21	3.572467e-21	1.129407e-20	3.830192e-20	1.403061e-19	5.335443e-19	2.041804e-18	7.426165e-18	2.516966e-17	7.957456e-17	2.384494e-16	6.746029e-16	1.811565e-15	4.583765e-15	1.100060e-14	2.503114e-14	5.362899e-14	1.091031e-13	2.138919e-13	3.937718e-13	6.841417e-13	1.087112e-12	1.597645e-12	2.271134e-12	3.755664e-12	1.085291e-11	5.553665e-11	2.775189e-10	1.166864e-09	4.905133e-09	1.835474e-08	5.464110e-08	1.263988e-07	2.303622e-07	3.382246e-07	4.095210e-07	4.204305e-07	3.838817e-07	3.492889e-07	
R408	4.991246e-25	1.080326e-22	1.825015e-20	1.967675e-19	8.613325e-19	2.136204e-18	4.598491e-18	1.034689e-17	1.616901e-17	2.276196e-17	4.229800e-17	8.235097e-17	1.729142e-16	3.866470e-16	9.495578e-16	2.568476e-15	7.542521e-15	2.384508e-14	8.086655e-14	2.962273e-13	1.126468e-12	4.310845e-12	1.567880e-11	5.314050e-11	1.680051e-10	5.034364e-10	1.424284e-09	3.824742e-09	9.677668e-09	2.322549e-08	5.284806e-08	1.132265e-07	2.303485e-07	4.515882e-07	8.313674e-07	1.444423e-06	2.295211e-06	3.373096e-06	4.795027e-06	7.929304e-06	2.291367e-05	1.172541e-04	5.859235e-04	2.463591e-03	1.035617e-02	3.875223e-02	1.153633e-01	2.668648e-01	4.863619e-01	7.140910e-01	8.646185e-01	8.876515e-01	8.104865e-01	7.374510e-01	
R409	6.700848e-15	2.172323e-13	9.487651e-12	3.540255e-11	6.968779e-11	9.614778e-11	1.245678e-10	1.872339e-10	2.971673e-10	4.102398e-10	5.337768e-10	6.563291e-10	8.090674e-10	1.011496e-09	1.326662e-09	1.845579e-09	2.699787e-09	4.119379e-09	6.522017e-09	1.074171e-08	1.794028e-08	2.977985e-08	4.741730e-08	7.160500e-08	1.027982e-07	1.419372e-07	1.883663e-07	2.413161e-07	2.974902e-07	3.546652e-07	4.095211e-07	4.568002e-07	4.965581e-07	5.380270e-07	5.904209e-07	6.800562e-07	8.520018e-07	1.198599e-06	1.861280e-06	2.952630e-06	4.530981e-06	7.625184e-06	1.947198e-05	7.138894e-05	3.117852e-04	1.242853e-03	3.887413e-03	9.299710e-03	1.732337e-02	2.579172e-02	3.150227e-02	3.251417e-02	2.978098e-02	2.715177e-02	
R411	1.116808e-13	3.620539e-12	1.581275e-10	5.900424e-10	1.161463e-09	1.602463e-09	2.076130e-09	3.120564e-09	4.952788e-09	6.837330e-09	8.896280e-09	1.093882e-08	1.348446e-08	1.685827e-08	2.211103e-08	3.075965e-08	4.499646e-08	6.865631e-08	1.087003e-07	1.790285e-07	2.990047e-07	4.963308e-07	7.902883e-07	1.193417e-06	1.713304e-06	2.365621e-06	3.139439e-06	4.021936e-06	4.958170e-06	5.911087e-06	6.825351e-06	7.613337e-06	8.275968e-06	8.967117e-06	9.840348e-06	1.133427e-05	1.420003e-05	1.997665e-05	3.102134e-05	4.921051e-05	7.551635e-05	1.270864e-04	3.245329e-04	1.189816e-03	5.196420e-03	2.071422e-02	6.479022e-02	1.549952e-01	2.887228e-01	4.298621e-01	5.250378e-01	5.419028e-01	4.963497e-01	4.525296e-01	
R412	6.793916e-14	2.202494e-12	9.619424e-11	3.589425e-10	7.065568e-10	9.748317e-10	1.262979e-09	1.898343e-09	3.012946e-09	4.159376e-09	5.411904e-09	6.654448e-09	8.203045e-09	1.025545e-08	1.345087e-08	1.871212e-08	2.737284e-08	4.176592e-08	6.612600e-08	1.089090e-07	1.818945e-07	3.019346e-07	4.807587e-07	7.259951e-07	1.042260e-06	1.439086e-06	1.909825e-06	2.446678e-06	3.016220e-06	3.595911e-06	4.152089e-06	4.631447e-06	5.034547e-06	5.454996e-06	5.986212e-06	6.895014e-06	8.638351e-06	1.215246e-05	1.887132e-05	2.993639e-05	4.593911e-05	7.731090e-05	1.974242e-04	7.238046e-04	3.161155e-03	1.260115e-02	3.941405e-02	9.428873e-02	1.756397e-01	2.614994e-01	3.193980e-01	3.296575e-01	3.019461e-01	2.752888e-01	
R413	1.247365e+02	8.934210e+01	3.535914e+01	1.020465e+01	3.254711e+00	1.259732e+00	6.069454e-01	3.497844e-01	2.021919e-01	1.538720e-01	1.522753e-01	1.475804e-01	1.443194e-01	1.441264e-01	1.506503e-01	1.662738e-01	1.913785e-01	2.278751e-01	2.797862e-01	3.542837e-01	4.532034e-01	5.714788e-01	6.880380e-01	7.808537e-01	8.360731e-01	8.505957e-01	8.224620e-01	7.582865e-01	6.676851e-01	5.656394e-01	4.633144e-01	3.655868e-01	2.794895e-01	2.123050e-01	1.656667e-01	1.361210e-01	1.216547e-01	1.176672e-01	1.182868e-01	1.183714e-01	1.152790e-01	1.093365e-01	1.043115e-01	1.114754e-01	1.758047e-01	4.356621e-01	1.156345e+00	2.597597e+00	4.701496e+00	6.898463e+00	8.361272e+00	8.595588e+00	7.864255e+00	7.247626e+00	
R414	3.193623e-05	1.312209e-04	2.745337e-04	2.386252e-04	2.043790e-04	1.495005e-04	1.098768e-04	7.725668e-05	3.070109e-05	1.125404e-05	6.352148e-06	4.332156e-06	3.556528e-06	3.351012e-06	3.650953e-06	4.497396e-06	6.087577e-06	8.852903e-06	1.361648e-05	2.207645e-05	3.646767e-05	6.010242e-05	9.501108e-05	1.421981e-04	2.009887e-04	2.689214e-04	3.349821e-04	3.832818e-04	3.960585e-04	3.698992e-04	3.151462e-04	2.485705e-04	1.853957e-04	1.339872e-04	9.519078e-05	6.834069e-05	5.093116e-05	4.076644e-05	3.528704e-05	3.199558e-05	2.933131e-05	2.684404e-05	2.525770e-05	2.756328e-05	4.671781e-05	1.230131e-04	3.331894e-04	7.508990e-04	1.356762e-03	1.985191e-03	2.399914e-03	2.462427e-03	2.249908e-03	2.071743e-03	
R415	1.605670e-01	6.267795e-01	1.246679e+00	1.031478e+00	8.425855e-01	5.895638e-01	4.186611e-01	2.872221e-01	1.121144e-01	4.082696e-02	2.304407e-02	1.571603e-02	1.290223e-02	1.215667e-02	1.324479e-02	1.631548e-02	2.208428e-02	3.211621e-02	4.939733e-02	8.008808e-02	1.322960e-01	2.180372e-01	3.446775e-01	5.158607e-01	7.291389e-01	9.755824e-01	1.215235e+00	1.390455e+00	1.436805e+00	1.341906e+00	1.143275e+00	9.017543e-01	6.725711e-01	4.860736e-01	3.453294e-01	2.479237e-01	1.847661e-01	1.478909e-01	1.280130e-01	1.160723e-01	1.064070e-01	9.738377e-02	9.162890e-02	9.999301e-02	1.694811e-01	4.462620e-01	1.208731e+00	2.724082e+00	4.922008e+00	7.201798e+00	8.706316e+00	8.933098e+00	8.162127e+00	7.515788e+00	
R416	6.560308e-02	2.560842e-01	5.093573e-01	4.214324e-01	3.442564e-01	2.408789e-01	1.710529e-01	1.173508e-01	4.580675e-02	1.668073e-02	9.415150e-03	6.421119e-03	5.271484e-03	4.966869e-03	5.411441e-03	6.666038e-03	9.023004e-03	1.312177e-02	2.018234e-02	3.272170e-02	5.405237e-02	8.908378e-02	1.408254e-01	2.107659e-01	2.979053e-01	3.985951e-01	4.965103e-01	5.681001e-01	5.870376e-01	5.482644e-01	4.671095e-01	3.684310e-01	2.747934e-01	1.985958e-01	1.410917e-01	1.012945e-01	7.549014e-02	6.042399e-02	5.230244e-02	4.742384e-02	4.347485e-02	3.978823e-02	3.743695e-02	4.085429e-02	6.924512e-02	1.823299e-01	4.938531e-01	1.112982e+00	2.010992e+00	2.942449e+00	3.557152e+00	3.649809e+00	3.334812e+00	3.070736e+00	
R419	8.645401e-03	5.895690e-03	4.299355e-04	1.274823e-04	1.063911e-04	9.690827e-05	9.320226e-05	9.313918e-05	7.595271e-05	6.857471e-05	6.306020e-05	5.611965e-05	5.294741e-05	5.384852e-05	5.985474e-05	7.220904e-05	9.255594e-05	1.244116e-04	1.743059e-04	2.548555e-04	3.803368e-04	5.683763e-04	8.245596e-04	1.149243e-03	1.537809e-03	1.983402e-03	2.445452e-03	2.883715e-03	3.238529e-03	3.485576e-03	3.602289e-03	3.539128e-03	3.338248e-03	3.140848e-03	3.109877e-03	3.331262e-03	4.016445e-03	5.282674e-03	6.996608e-03	8.759029e-03	1.012664e-02	1.085033e-02	1.092330e-02	1.050028e-02	9.830028e-03	9.247684e-03	9.159391e-03	9.888801e-03	1.138422e-02	1.306964e-02	1.416787e-02	1.446336e-02	1.539938e-02	3.684984e-02	
R420	3.087643e-03	2.105603e-03	1.535484e-04	4.552940e-05	3.799682e-05	3.461010e-05	3.328652e-05	3.326399e-05	2.712597e-05	2.449097e-05	2.252150e-05	2.004273e-05	1.890979e-05	1.923162e-05	2.137669e-05	2.578894e-05	3.305569e-05	4.443272e-05	6.225211e-05	9.101984e-05	1.358346e-04	2.029915e-04	2.944856e-04	4.104439e-04	5.492173e-04	7.083577e-04	8.733756e-04	1.029898e-03	1.156618e-03	1.244849e-03	1.286532e-03	1.263974e-03	1.192231e-03	1.121731e-03	1.110670e-03	1.189736e-03	1.434445e-03	1.886669e-03	2.498788e-03	3.128225e-03	3.616656e-03	3.875119e-03	3.901177e-03	3.750101e-03	3.510724e-03	3.302744e-03	3.271211e-03	3.531715e-03	4.065794e-03	4.667729e-03	5.059954e-03	5.165487e-03	5.499778e-03	1.316066e-02	
R421	2.608648e-21	1.758283e-18	3.561209e-16	2.577213e-15	5.404676e-15	5.463315e-15	4.170757e-15	3.885797e-15	7.173436e-15	1.637532e-14	2.726827e-14	3.344475e-14	3.276176e-14	2.728881e-14	2.000194e-14	1.347723e-14	8.533127e-15	5.188617e-15	3.097039e-15	1.853248e-15	1.121514e-15	6.797857e-16	4.058161e-16	2.358368e-16	1.331246e-16	7.310561e-17	3.919348e-17	2.051574e-17	1.049860e-17	5.243668e-18	2.559574e-18	1.232987e-18	5.863982e-19	2.721423e-19	1.197468e-19	5.059617e-20	2.054166e-20	8.596346e-21	4.137781e-21	3.270414e-21	7.774174e-21	3.043837e-20	1.026023e-19	2.834758e-19	7.739546e-19	1.901704e-18	3.726866e-18	5.610628e-18	6.515462e-18	5.924132e-18	4.287311e-18	2.522500e-18	1.264515e-18	6.289073e-19	
R422	1.353656e-10	2.711677e-08	9.018539e-07	2.174996e-06	3.287801e-06	3.448560e-06	3.222707e-06	3.206925e-06	2.972828e-06	2.822840e-06	2.903645e-06	2.891439e-06	2.886663e-06	2.925870e-06	3.094512e-06	3.449150e-06	4.005289e-06	4.809441e-06	5.953757e-06	7.607423e-06	9.816084e-06	1.247322e-05	1.505774e-05	1.697407e-05	1.776996e-05	1.724096e-05	1.529530e-05	1.223217e-05	8.706728e-06	5.513949e-06	3.139629e-06	1.638666e-06	8.005293e-07	3.761263e-07	1.725562e-07	8.077332e-08	3.959660e-08	2.100020e-08	1.210926e-08	7.340697e-09	4.508522e-09	2.766574e-09	1.744348e-09	1.272844e-09	1.436541e-09	2.502892e-09	4.445973e-09	6.490614e-09	7.473808e-09	6.825766e-09	5.021328e-09	3.043469e-09	1.591364e-09	8.251744e-10	
R423	7.016897e+00	1.096889e+01	1.332191e+01	9.627552e+00	5.017188e+00	1.750485e+00	5.730720e-01	2.169647e-01	8.610518e-02	5.339058e-02	4.651670e-02	3.866932e-02	3.277217e-02	2.873169e-02	2.628737e-02	2.503603e-02	2.456611e-02	2.467485e-02	2.528859e-02	2.644938e-02	2.789485e-02	2.934575e-02	3.027942e-02	3.047547e-02	2.996257e-02	2.894380e-02	2.746408e-02	2.565647e-02	2.354272e-02	2.125808e-02	1.887992e-02	1.637350e-02	1.391798e-02	1.184139e-02	1.043535e-02	9.670193e-03	9.715957e-03	1.043845e-02	1.140663e-02	1.215473e-02	1.241818e-02	1.215981e-02	1.147379e-02	1.049007e-02	9.323128e-03	8.056875e-03	6.748462e-03	5.440516e-03	4.177178e-03	3.016105e-03	2.024637e-03	1.257790e-03	7.333425e-04	4.241192e-04	
R424	6.966388e-03	1.589470e-02	2.908303e-02	3.323698e-02	2.897341e-02	1.806064e-02	1.025873e-02	6.261597e-03	3.634701e-03	2.269838e-03	1.467721e-03	8.239522e-04	4.487901e-04	2.459319e-04	1.416405e-04	8.585474e-05	5.444114e-05	3.578207e-05	2.412457e-05	1.679487e-05	1.180099e-05	8.509778e-06	6.370931e-06	5.244170e-06	5.020279e-06	5.597798e-06	6.875126e-06	8.752335e-06	1.114997e-05	1.389588e-05	1.678651e-05	1.957500e-05	2.198903e-05	2.432419e-05	2.728416e-05	3.223965e-05	4.064711e-05	5.290637e-05	6.648591e-05	7.651860e-05	7.905592e-05	7.351437e-05	6.231164e-05	4.893396e-05	3.630228e-05	2.610686e-05	1.884756e-05	1.415789e-05	1.120793e-05	9.139148e-06	7.441286e-06	6.111286e-06	5.530087e-06	6.061119e-06	
R425	1.409495e-08	5.190622e-08	1.712951e-07	2.095376e-07	1.497702e-07	6.560282e-08	2.486408e-08	9.374000e-09	2.950310e-09	1.378959e-09	9.769973e-10	7.072078e-10	5.286807e-10	4.069877e-10	3.275006e-10	2.764170e-10	2.411739e-10	2.157369e-10	1.973544e-10	1.847425e-10	1.735917e-10	1.596644e-10	1.391976e-10	1.132134e-10	8.546638e-11	5.978692e-11	3.834085e-11	2.232417e-11	1.168677e-11	5.528613e-12	2.397672e-12	9.675489e-13	3.728362e-13	1.399948e-13	5.275325e-14	1.950335e-14	7.337246e-15	2.833430e-15	1.107552e-15	4.326028e-16	1.687394e-16	6.624656e-17	2.685720e-17	1.235742e-17	8.208186e-18	8.379677e-18	9.290359e-18	8.731740e-18	6.472370e-18	3.740241e-18	1.696779e-18	6.174029e-19	1.904616e-19	6.079409e-20	
R426	5.254711e+02	6.627785e+02	1.705040e+02	1.208311e+02	1.044503e+02	7.725339e+01	5.345208e+01	2.887531e+01	5.046402e+00	6.159318e-01	1.584860e-01	6.764580e-02	4.357045e-02	3.626070e-02	3.702127e-02	4.374923e-02	5.724188e-02	8.051719e-02	1.196599e-01	1.872995e-01	2.992024e-01	4.775181e-01	7.332241e-01	1.070550e+00	1.489268e+00	1.996724e+00	2.578797e+00	3.225182e+00	3.899364e+00	4.590266e+00	5.282181e+00	5.949629e+00	6.634507e+00	7.472238e+00	8.512522e+00	1.003445e+01	1.201761e+01	1.388586e+01	1.450766e+01	1.329120e+01	1.076703e+01	7.912486e+00	5.418120e+00	3.539389e+00	2.270718e+00	1.547562e+00	1.362891e+00	1.741698e+00	2.589139e+00	3.578354e+00	4.261701e+00	4.362157e+00	3.990878e+00	3.683347e+00	
R427	5.254711e+02	6.627785e+02	1.705040e+02	1.208311e+02	1.044503e+02	7.725339e+01	5.345208e+01	2.887531e+01	5.046402e+00	6.159318e-01	1.584860e-01	6.764580e-02	4.357045e-02	3.626070e-02	3.702127e-02	4.374923e-02	5.724188e-02	8.051719e-02	1.196599e-01	1.872995e-01	2.992024e-01	4.775181e-01	7.332241e-01	1.070550e+00	1.489268e+00	1.996724e+00	2.578797e+00	3.225182e+00	3.899364e+00	4.590266e+00	5.282181e+00	5.949629e+00	6.634507e+00	7.472238e+00	8.512522e+00	1.003445e+01	1.201761e+01	1.388586e+01	1.450766e+01	1.329120e+01	1.076703e+01	7.912486e+00	5.418120e+00	3.539389e+00	2.270718e+00	1.547562e+00	1.362891e+00	1.741698e+00	2.589139e+00	3.578354e+00	4.261701e+00	4.362157e+00	3.990878e+00	3.683347e+00	
R428	3.526809e-06	2.144246e-06	8.451638e-07	5.711062e-07	4.063785e-07	2.606495e-07	1.701771e-07	9.049340e-08	1.440820e-08	7.755056e-10	3.436874e-11	2.684686e-12	1.081634e-12	7.205650e-13	5.356785e-13	4.338145e-13	3.794670e-13	3.567923e-13	3.604675e-13	3.948237e-13	4.573941e-13	5.496630e-13	6.562799e-13	7.611892e-13	8.464200e-13	8.972378e-13	8.876659e-13	8.101012e-13	6.707211e-13	5.071214e-13	3.545345e-13	2.299800e-13	1.420082e-13	8.568996e-14	5.281429e-14	3.209951e-14	1.994886e-14	1.268274e-14	8.014086e-15	4.920100e-15	2.932331e-15	1.725645e-15	1.042904e-15	7.082184e-16	6.250585e-16	7.336633e-16	9.462422e-16	1.126651e-15	1.153624e-15	1.001088e-15	7.425205e-16	4.820596e-16	2.881588e-16	1.775714e-16	
R433	1.264932e+03	2.190849e+03	2.987290e+03	2.462096e+03	1.491123e+03	6.186076e+02	2.397448e+02	1.057338e+02	4.832898e+01	3.191370e+01	2.780664e+01	2.311800e+01	1.959513e+01	1.718211e+01	1.572327e+01	1.497783e+01	1.469989e+01	1.476843e+01	1.513970e+01	1.583913e+01	1.671018e+01	1.758567e+01	1.815263e+01	1.827861e+01	1.798026e+01	1.737869e+01	1.650056e+01	1.542516e+01	1.416528e+01	1.280158e+01	1.138017e+01	9.879907e+00	8.408257e+00	7.163454e+00	6.322634e+00	5.870939e+00	5.914496e+00	6.376773e+00	7.000961e+00	7.506933e+00	7.734211e+00	7.659203e+00	7.338107e+00	6.849410e+00	6.262597e+00	5.628262e+00	4.978755e+00	4.332299e+00	3.698481e+00	3.084276e+00	2.498529e+00	1.953006e+00	1.459337e+00	1.020849e+00	
R434	5.119437e-01	5.216952e+00	1.570380e+01	2.180135e+01	2.124687e+01	1.454426e+01	8.960098e+00	5.794087e+00	3.375467e+00	2.043101e+00	1.531331e+00	1.284415e+00	1.124805e+00	9.721221e-01	8.174260e-01	6.730520e-01	5.420276e-01	4.292915e-01	3.372407e-01	2.641560e-01	2.063046e-01	1.583103e-01	1.179307e-01	8.458685e-02	5.837046e-02	3.881164e-02	2.500445e-02	1.566242e-02	9.604973e-03	5.805188e-03	3.493935e-03	2.141053e-03	1.349998e-03	8.619417e-04	5.278800e-04	3.094502e-04	1.643050e-04	7.599531e-05	3.046543e-05	1.077694e-05	3.459031e-06	1.034922e-06	2.947357e-07	8.104944e-08	2.172059e-08	5.705205e-09	1.472964e-09	3.736849e-10	9.276060e-11	2.234594e-11	5.169210e-12	1.136886e-12	2.370282e-13	5.144833e-14	
R441	2.230880e+02	3.815767e+03	1.574894e+04	3.686958e+04	7.092717e+04	1.064540e+05	1.446409e+05	2.008820e+05	2.568582e+05	2.859518e+05	3.056459e+05	3.308545e+05	3.623503e+05	3.941123e+05	4.254403e+05	4.577562e+05	4.891258e+05	5.198197e+05	5.519645e+05	5.878565e+05	6.254133e+05	6.563048e+05	6.704865e+05	6.623519e+05	6.332419e+05	5.877743e+05	5.317768e+05	4.698594e+05	4.070750e+05	3.468796e+05	2.920681e+05	2.459099e+05	2.083862e+05	1.781304e+05	1.492568e+05	1.260428e+05	1.032309e+05	7.988640e+04	5.782082e+04	3.930737e+04	2.535813e+04	1.569066e+04	9.396729e+03	5.485892e+03	3.139438e+03	1.767987e+03	9.816390e+02	5.368672e+02	2.879161e+02	1.502378e+02	7.557044e+01	3.632435e+01	1.658216e+01	7.192084e+00	
R444	5.697018e-07	7.751169e-05	6.231449e-03	5.545893e-02	1.984702e-01	3.332782e-01	4.008252e-01	5.813638e-01	1.336925e+00	3.377052e+00	5.857921e+00	7.630010e+00	8.840088e+00	9.946477e+00	1.126502e+01	1.317489e+01	1.581854e+01	1.947819e+01	2.466077e+01	3.214045e+01	4.251080e+01	5.557480e+01	6.976326e+01	8.300415e+01	9.377308e+01	1.013976e+02	1.051930e+02	1.049660e+02	1.005265e+02	9.241646e+01	8.137416e+01	6.773466e+01	5.346954e+01	4.168870e+01	3.447177e+01	3.157230e+01	3.439916e+01	4.389969e+01	5.985238e+01	8.018729e+01	1.016450e+02	1.211478e+02	1.365768e+02	1.467478e+02	1.510854e+02	1.493703e+02	1.416485e+02	1.282636e+02	1.100145e+02	8.838698e+01	6.561947e+01	4.433824e+01	2.677701e+01	1.400467e+01	
R445	1.510397e-02	6.494559e-02	3.868183e-01	1.273760e+00	3.432279e+00	7.093481e+00	1.309319e+01	2.508934e+01	4.353290e+01	6.117522e+01	7.831221e+01	9.735257e+01	1.226792e+02	1.577537e+02	2.136325e+02	3.071908e+02	4.636623e+02	7.277189e+02	1.181388e+03	1.988757e+03	3.386375e+03	5.714548e+03	9.227147e+03	1.409271e+04	2.040548e+04	2.832491e+04	3.767052e+04	4.818671e+04	5.909577e+04	6.980175e+04	7.951399e+04	8.731106e+04	9.330256e+04	9.884407e+04	1.035195e+05	1.096854e+05	1.154145e+05	1.168730e+05	1.110247e+05	9.850334e+04	8.222161e+04	6.519701e+04	4.954115e+04	3.632441e+04	2.582773e+04	1.786310e+04	1.202734e+04	7.865712e+03	4.965834e+03	2.997989e+03	1.713269e+03	9.210336e+02	4.708465e+02	2.909401e+02	
R446	4.627721e-04	5.621490e-02	4.555440e-01	9.358252e-02	1.319602e-02	2.552218e-03	8.665824e-04	2.718231e-04	2.619677e-05	1.305549e-06	9.934626e-08	9.536997e-09	1.191647e-09	1.808948e-10	3.443549e-11	7.641766e-12	1.921483e-12	5.258781e-13	1.500342e-13	4.456933e-14	1.335410e-14	4.281157e-15	1.505485e-15	6.034826e-16	2.784244e-16	1.470978e-16	8.662495e-17	5.573731e-17	3.835598e-17	2.785979e-17	2.113207e-17	1.662287e-17	1.341484e-17	1.083499e-17	8.650168e-18	6.617084e-18	4.803965e-18	3.300950e-18	2.194981e-18	1.476111e-18	1.042349e-18	7.862776e-19	6.350176e-19	5.468056e-19	4.991534e-19	4.801767e-19	4.832186e-19	5.031754e-19	5.339294e-19	5.676638e-19	5.969073e-19	6.179053e-19	6.309810e-19	6.268788e-19	
R447	8.492802e-16	3.449391e-13	5.408580e-11	4.628851e-10	1.440471e-09	2.842500e-09	4.674516e-09	9.032163e-09	2.922012e-08	7.727392e-08	1.250801e-07	1.607556e-07	1.714406e-07	1.612100e-07	1.399383e-07	1.172170e-07	9.624428e-08	7.825687e-08	6.348902e-08	5.160463e-08	4.188871e-08	3.351656e-08	2.609307e-08	1.962597e-08	1.426956e-08	1.005579e-08	6.887676e-09	4.586639e-09	2.974520e-09	1.878519e-09	1.156224e-09	6.978341e-10	4.133788e-10	2.405084e-10	1.354232e-10	7.640881e-11	4.402981e-11	2.766449e-11	1.996637e-11	1.613441e-11	1.375007e-11	1.187745e-11	1.027334e-11	9.036511e-12	8.825391e-12	1.174178e-11	2.302030e-11	5.427464e-11	1.270247e-10	2.662356e-10	4.783371e-10	7.515894e-10	1.189211e-09	4.628637e-09	
R448	9.750512e-09	6.915041e-07	3.152770e-05	2.400750e-04	9.245602e-04	2.248222e-03	4.170547e-03	8.366059e-03	2.564572e-02	7.084312e-02	1.161901e-01	1.458040e-01	1.562248e-01	1.545698e-01	1.458747e-01	1.354324e-01	1.245325e-01	1.141943e-01	1.051240e-01	9.738084e-02	9.056330e-02	8.336989e-02	7.507447e-02	6.568955e-02	5.590107e-02	4.639819e-02	3.765465e-02	2.989241e-02	2.320922e-02	1.759741e-02	1.300451e-02	9.308542e-03	6.449564e-03	4.410221e-03	3.087645e-03	2.273847e-03	1.833849e-03	1.616219e-03	1.491792e-03	1.382873e-03	1.260241e-03	1.122390e-03	9.781356e-04	8.382857e-04	7.140080e-04	6.179592e-04	5.633908e-04	5.566638e-04	5.859467e-04	6.194001e-04	6.235904e-04	5.953572e-04	5.994303e-04	1.426983e-03	
R449	1.427685e-07	1.012791e-05	4.620436e-04	3.520929e-03	1.356937e-02	3.301852e-02	6.128968e-02	1.230630e-01	3.784035e-01	1.054331e+00	1.754598e+00	2.247379e+00	2.465984e+00	2.502935e+00	2.421912e+00	2.303685e+00	2.168080e+00	2.033211e+00	1.913371e+00	1.810510e+00	1.719946e+00	1.615965e+00	1.484175e+00	1.322936e+00	1.145103e+00	9.647839e-01	7.934033e-01	6.370718e-01	4.995684e-01	3.819761e-01	2.842893e-01	2.047466e-01	1.426169e-01	9.798247e-02	6.889156e-02	5.096574e-02	4.131055e-02	3.661648e-02	3.402238e-02	3.178399e-02	2.922832e-02	2.630379e-02	2.319696e-02	2.014874e-02	1.742206e-02	1.533592e-02	1.425327e-02	1.440084e-02	1.556692e-02	1.700036e-02	1.782706e-02	1.792300e-02	1.925622e-02	4.911231e-02	
R450	5.377615e-07	3.814847e-05	1.740364e-03	1.326217e-02	5.111129e-02	1.243697e-01	2.308578e-01	4.635375e-01	1.425320e+00	3.971313e+00	6.608986e+00	8.465126e+00	9.288538e+00	9.427721e+00	9.122536e+00	8.677214e+00	8.166435e+00	7.658427e+00	7.207031e+00	6.819589e+00	6.478462e+00	6.086803e+00	5.590392e+00	4.983059e+00	4.313222e+00	3.634019e+00	2.988486e+00	2.399637e+00	1.881708e+00	1.438777e+00	1.070823e+00	7.712121e-01	5.371904e-01	3.690673e-01	2.594915e-01	1.919709e-01	1.556031e-01	1.379221e-01	1.281510e-01	1.197197e-01	1.100933e-01	9.907761e-02	8.737522e-02	7.589358e-02	6.562308e-02	5.776530e-02	5.368732e-02	5.424317e-02	5.863539e-02	6.403469e-02	6.714859e-02	6.750998e-02	7.253177e-02	1.849897e-01	
R451	3.569214e-08	2.531978e-06	1.155109e-04	8.802322e-04	3.392342e-03	8.254629e-03	1.532242e-02	3.076576e-02	9.460087e-02	2.635827e-01	4.386495e-01	5.618447e-01	6.164959e-01	6.257337e-01	6.054781e-01	5.759213e-01	5.420200e-01	5.083027e-01	4.783428e-01	4.526276e-01	4.299864e-01	4.039913e-01	3.710437e-01	3.307340e-01	2.862758e-01	2.411960e-01	1.983508e-01	1.592679e-01	1.248921e-01	9.549402e-02	7.107231e-02	5.118664e-02	3.565423e-02	2.449562e-02	1.722289e-02	1.274143e-02	1.032764e-02	9.154119e-03	8.505596e-03	7.945998e-03	7.307080e-03	6.575947e-03	5.799240e-03	5.037185e-03	4.355514e-03	3.833980e-03	3.563318e-03	3.600210e-03	3.891729e-03	4.250090e-03	4.456765e-03	4.480751e-03	4.814056e-03	1.227808e-02	
R452	2.802669e-13	1.949694e-11	8.661150e-10	6.446782e-09	2.432930e-08	5.806693e-08	1.058494e-07	2.070631e-07	5.891341e-07	1.351388e-06	1.669110e-06	1.443725e-06	1.018125e-06	6.459159e-07	3.934336e-07	2.381741e-07	1.448568e-07	8.889270e-08	5.503094e-08	3.466051e-08	2.193724e-08	1.412790e-08	9.414845e-09	6.863378e-09	5.784504e-09	5.625542e-09	5.988007e-09	6.552214e-09	7.133205e-09	7.527849e-09	7.620678e-09	7.379885e-09	6.793192e-09	6.068154e-09	5.430532e-09	5.122786e-09	5.210481e-09	5.595269e-09	5.978741e-09	6.032576e-09	5.609873e-09	4.794424e-09	3.798096e-09	2.833691e-09	2.045240e-09	1.498203e-09	1.200156e-09	1.129845e-09	1.259267e-09	1.553067e-09	1.975392e-09	2.625476e-09	4.377931e-09	2.116060e-08	
R453	1.307912e-12	9.098570e-11	4.041870e-09	3.008498e-08	1.135367e-07	2.709790e-07	4.939637e-07	9.662947e-07	2.749292e-06	6.306476e-06	7.789180e-06	6.737383e-06	4.751249e-06	3.014274e-06	1.836024e-06	1.111479e-06	6.759983e-07	4.148326e-07	2.568110e-07	1.617491e-07	1.023738e-07	6.593022e-08	4.393595e-08	3.202910e-08	2.699435e-08	2.625253e-08	2.794403e-08	3.057700e-08	3.328829e-08	3.512996e-08	3.556316e-08	3.443947e-08	3.170156e-08	2.831805e-08	2.534248e-08	2.390634e-08	2.431558e-08	2.611126e-08	2.790079e-08	2.815202e-08	2.617941e-08	2.237398e-08	1.772445e-08	1.322389e-08	9.544454e-09	6.991612e-09	5.600727e-09	5.272611e-09	5.876580e-09	7.247644e-09	9.218496e-09	1.225222e-08	2.043035e-08	9.874947e-08	
R454	3.098521e-01	2.247404e+01	1.050961e+03	8.233942e+03	3.274267e+04	8.256511e+04	1.586165e+05	3.284468e+05	1.038946e+06	2.931607e+06	4.879660e+06	6.251933e+06	6.862539e+06	6.968226e+06	6.745510e+06	6.418987e+06	6.043755e+06	5.670283e+06	5.338496e+06	5.053855e+06	4.803447e+06	4.515391e+06	4.149429e+06	3.700797e+06	3.205291e+06	2.702267e+06	2.223744e+06	1.786854e+06	1.402278e+06	1.073105e+06	7.994034e+05	5.763316e+05	4.019132e+05	2.764958e+05	1.947030e+05	1.443350e+05	1.173106e+05	1.043598e+05	9.744024e+04	9.162662e+04	8.500302e+04	7.740953e+04	6.936956e+04	6.158179e+04	5.486101e+04	5.032296e+04	4.953096e+04	5.421863e+04	6.550357e+04	8.320807e+04	1.063347e+05	1.363644e+05	1.914175e+05	6.070600e+05	
R455	6.629511e-05	4.702936e-03	2.145517e-01	1.634957e+00	6.300991e+00	1.533229e+01	2.846014e+01	5.714497e+01	1.757149e+02	4.896014e+02	8.148361e+02	1.043790e+03	1.145477e+03	1.162835e+03	1.125401e+03	1.070680e+03	1.007874e+03	9.453996e+02	8.899079e+02	8.423064e+02	8.004328e+02	7.523133e+02	6.912421e+02	6.164312e+02	5.338443e+02	4.500334e+02	3.703230e+02	2.975597e+02	2.335160e+02	1.787018e+02	1.331258e+02	9.598009e+01	6.693513e+01	4.604910e+01	3.242725e+01	2.403830e+01	1.953648e+01	1.737778e+01	1.622252e+01	1.525031e+01	1.414214e+01	1.287147e+01	1.152554e+01	1.022058e+01	9.091705e+00	8.322823e+00	8.169277e+00	8.908803e+00	1.070770e+01	1.350573e+01	1.709110e+01	2.162019e+01	2.976960e+01	9.183684e+01	
R456	6.705047e-03	4.299225e-02	6.341987e-01	1.345423e+00	1.207258e+00	5.512242e-01	2.093380e-01	1.057000e-01	9.482291e-02	1.800157e-01	3.986610e-01	6.796025e-01	9.925505e-01	1.340966e+00	1.727183e+00	2.112497e+00	2.406970e+00	2.629626e+00	2.810075e+00	2.956136e+00	3.079939e+00	3.126839e+00	3.066138e+00	2.882576e+00	2.600973e+00	2.258339e+00	1.895429e+00	1.539613e+00	1.212000e+00	9.239670e-01	6.816174e-01	4.839821e-01	3.308088e-01	2.219882e-01	1.517638e-01	1.081923e-01	8.362295e-02	6.986297e-02	6.045564e-02	5.198084e-02	4.349706e-02	3.524099e-02	2.770680e-02	2.127248e-02	1.614763e-02	1.242215e-02	1.007596e-02	8.908370e-03	8.488344e-03	8.269899e-03	7.861244e-03	7.300763e-03	7.401164e-03	1.828478e-02	
R458	9.695173e-03	7.025277e-01	3.281727e+01	2.568029e+02	1.019800e+03	2.567581e+03	4.925240e+03	1.018504e+04	3.217783e+04	9.074722e+04	1.510493e+05	1.935289e+05	2.124318e+05	2.157056e+05	2.088139e+05	1.987087e+05	1.870956e+05	1.755371e+05	1.652689e+05	1.564604e+05	1.487119e+05	1.397978e+05	1.284718e+05	1.145861e+05	9.924841e+04	8.367700e+04	6.886317e+04	5.533737e+04	4.343046e+04	3.323809e+04	2.476263e+04	1.785435e+04	1.245227e+04	8.567492e+03	6.033811e+03	4.473614e+03	3.636710e+03	3.236015e+03	3.022362e+03	2.843094e+03	2.638782e+03	2.404417e+03	2.156197e+03	1.915791e+03	1.708542e+03	1.569302e+03	1.547158e+03	1.697060e+03	2.055483e+03	2.619153e+03	3.359628e+03	4.327297e+03	6.104132e+03	1.945390e+04	
R464	1.859757e-13	8.049642e-10	7.412063e-07	2.016385e-05	1.789098e-04	8.264445e-04	2.613047e-03	1.004589e-02	9.853328e-02	9.788587e-01	4.114798e+00	1.075918e+01	2.027799e+01	3.164073e+01	4.302547e+01	5.433801e+01	6.523473e+01	7.599250e+01	8.739485e+01	9.961705e+01	1.135594e+02	1.270314e+02	1.385680e+02	1.461045e+02	1.488963e+02	1.465525e+02	1.401638e+02	1.301060e+02	1.175726e+02	1.029964e+02	8.728860e+01	7.137499e+01	5.619461e+01	4.351982e+01	3.439512e+01	2.898224e+01	2.707980e+01	2.795338e+01	3.049983e+01	3.368261e+01	3.681786e+01	3.957514e+01	4.187265e+01	4.383097e+01	4.589566e+01	4.921135e+01	5.615165e+01	7.042970e+01	9.598935e+01	1.348320e+02	1.858982e+02	2.498409e+02	3.560097e+02	1.114997e+03	
R465	2.178491e-17	8.528865e-14	1.560710e-10	8.415378e-09	1.201506e-07	7.039086e-07	2.483951e-06	1.065553e-05	1.115607e-04	1.001786e-03	3.319227e-03	6.661309e-03	9.992320e-03	1.301615e-02	1.559079e-02	1.821081e-02	2.097153e-02	2.411022e-02	2.802889e-02	3.304930e-02	3.937446e-02	4.597158e-02	5.136758e-02	5.412688e-02	5.383547e-02	5.077231e-02	4.564998e-02	3.915296e-02	3.204376e-02	2.494515e-02	1.840652e-02	1.272362e-02	8.230499e-03	5.181895e-03	3.418593e-03	2.499621e-03	2.197091e-03	2.313271e-03	2.681721e-03	3.149875e-03	3.593822e-03	3.936694e-03	4.147877e-03	4.234145e-03	4.241163e-03	4.271027e-03	4.494139e-03	5.100069e-03	6.158776e-03	7.483843e-03	8.679406e-03	9.490869e-03	1.056212e-02	2.436129e-02	
R466	2.178491e-17	8.528865e-14	1.560710e-10	8.415378e-09	1.201506e-07	7.039086e-07	2.483951e-06	1.065553e-05	1.115607e-04	1.001786e-03	3.319227e-03	6.661309e-03	9.992320e-03	1.301615e-02	1.559079e-02	1.821081e-02	2.097153e-02	2.411022e-02	2.802889e-02	3.304930e-02	3.937446e-02	4.597158e-02	5.136758e-02	5.412688e-02	5.383547e-02	5.077231e-02	4.564998e-02	3.915296e-02	3.204376e-02	2.494515e-02	1.840652e-02	1.272362e-02	8.230499e-03	5.181895e-03	3.418593e-03	2.499621e-03	2.197091e-03	2.313271e-03	2.681721e-03	3.149875e-03	3.593822e-03	3.936694e-03	4.147877e-03	4.234145e-03	4.241163e-03	4.271027e-03	4.494139e-03	5.100069e-03	6.158776e-03	7.483843e-03	8.679406e-03	9.490869e-03	1.056212e-02	2.436129e-02	
R468	4.332319e-11	6.353613e-09	3.780679e-07	1.191176e-06	1.277910e-06	7.937943e-07	4.194751e-07	2.801605e-07	3.317871e-07	4.489056e-07	4.908583e-07	4.356675e-07	3.267493e-07	2.192700e-07	1.374254e-07	8.387266e-08	5.053179e-08	3.031280e-08	1.821865e-08	1.100498e-08	6.654577e-09	3.973762e-09	2.312092e-09	1.301189e-09	7.085083e-10	3.741940e-10	1.922026e-10	9.602738e-11	4.674096e-11	2.216203e-11	1.024361e-11	4.643667e-12	2.066411e-12	9.032407e-13	3.821227e-13	1.619942e-13	7.013416e-14	3.310047e-14	1.793408e-14	1.086615e-14	6.928184e-15	4.460188e-15	2.855173e-15	1.834406e-15	1.274517e-15	1.143365e-15	1.370793e-15	1.721934e-15	1.873898e-15	1.660402e-15	1.187790e-15	6.948710e-16	3.473490e-16	1.734191e-16	
R469	2.351240e-07	2.722127e-05	7.373267e-03	3.762275e-02	6.268918e-02	6.557415e-02	5.505688e-02	4.994878e-02	6.770547e-02	9.503129e-02	1.005150e-01	8.873019e-02	6.653408e-02	4.465324e-02	2.798640e-02	1.706279e-02	1.025412e-02	6.127166e-03	3.664796e-03	2.202180e-03	1.324704e-03	7.871136e-04	4.558844e-04	2.555092e-04	1.386283e-04	7.298942e-05	3.739452e-05	1.864354e-05	9.059715e-06	4.290099e-06	1.980925e-06	8.973259e-07	3.990660e-07	1.743462e-07	7.370801e-08	3.123523e-08	1.352071e-08	6.382864e-09	3.459935e-09	2.097147e-09	1.337158e-09	8.595314e-10	5.456821e-10	3.388378e-10	2.045152e-10	1.192813e-10	6.675707e-11	3.553337e-11	1.778503e-11	8.260361e-12	3.519174e-12	1.378011e-12	5.274825e-13	3.640769e-13	
R470	5.112337e-05	2.218328e-03	4.109268e-02	8.251015e-02	1.019710e-01	8.733778e-02	6.492042e-02	5.000570e-02	3.545643e-02	2.439678e-02	1.776834e-02	1.289415e-02	9.638332e-03	7.503112e-03	6.242202e-03	5.595489e-03	5.330438e-03	5.339578e-03	5.586586e-03	6.089826e-03	6.750127e-03	7.414997e-03	7.797968e-03	7.733587e-03	7.207113e-03	6.303332e-03	5.103015e-03	3.765302e-03	2.495561e-03	1.481765e-03	7.944622e-04	3.908618e-04	1.794538e-04	7.868139e-05	3.350838e-05	1.443007e-05	6.518257e-06	3.233287e-06	1.786456e-06	1.064794e-06	6.573270e-07	4.120587e-07	2.681813e-07	2.030883e-07	2.382438e-07	4.308588e-07	7.918653e-07	1.191622e-06	1.409518e-06	1.318714e-06	9.915703e-07	6.130268e-07	3.260811e-07	1.698524e-07	
R471	5.646524e-08	4.465911e-07	3.179951e-07	2.412922e-07	3.234689e-07	3.861125e-07	4.151150e-07	4.940137e-07	7.724770e-07	1.349822e-06	1.601658e-06	1.516672e-06	1.302893e-06	1.094782e-06	9.292197e-07	8.157495e-07	7.358867e-07	6.813503e-07	6.493548e-07	6.383488e-07	6.392350e-07	6.367123e-07	6.144939e-07	5.675281e-07	5.007031e-07	4.221277e-07	3.382615e-07	2.572304e-07	1.852870e-07	1.267823e-07	8.245710e-08	5.053105e-08	2.934000e-08	1.674726e-08	9.940084e-09	6.386840e-09	4.667432e-09	3.804378e-09	3.216272e-09	2.646791e-09	2.060647e-09	1.512316e-09	1.053117e-09	7.024948e-10	4.551790e-10	2.941067e-10	1.976583e-10	1.424915e-10	1.073887e-10	7.883160e-11	5.315213e-11	3.269442e-11	2.026528e-11	2.743215e-11	
R472	2.427126e-19	4.649661e-16	1.217825e-13	5.905576e-13	1.092135e-12	1.101060e-12	8.531964e-13	7.735723e-13	1.075182e-12	1.771795e-12	2.351650e-12	2.491756e-12	2.265034e-12	1.896808e-12	1.531887e-12	1.242487e-12	1.015442e-12	8.398829e-13	7.072546e-13	6.075978e-13	5.260719e-13	4.455544e-13	3.578243e-13	2.672860e-13	1.844926e-13	1.170063e-13	6.746309e-14	3.479269e-14	1.588425e-14	6.395309e-15	2.291619e-15	7.460485e-16	2.243538e-16	6.395070e-17	1.758701e-17	4.938100e-18	1.467266e-18	4.822451e-19	1.774997e-19	7.073196e-20	2.925413e-20	1.229579e-20	5.362545e-21	2.715388e-21	2.121096e-21	2.538217e-21	3.059356e-21	2.982261e-21	2.248080e-21	1.312813e-21	6.006885e-22	2.193754e-22	6.677803e-23	1.958775e-23	
R477	4.188910e-22	9.534831e-20	4.663163e-18	3.546816e-17	1.572153e-16	5.806476e-16	1.984177e-15	6.806438e-15	2.566152e-14	6.490683e-14	1.227256e-13	2.175959e-13	3.448553e-13	4.797850e-13	6.050117e-13	7.117374e-13	7.958419e-13	8.590393e-13	9.094895e-13	9.675049e-13	1.033765e-12	1.106536e-12	1.159941e-12	1.178267e-12	1.156616e-12	1.100431e-12	1.012554e-12	8.985810e-13	7.650812e-13	6.223523e-13	4.825611e-13	3.632259e-13	2.661915e-13	1.817919e-13	1.026558e-13	4.696559e-14	1.568857e-14	4.093499e-15	1.037283e-15	4.106311e-16	4.968801e-16	1.027508e-15	1.898363e-15	2.968168e-15	4.717590e-15	6.946504e-15	8.467425e-15	8.387883e-15	6.972061e-15	5.053607e-15	3.262464e-15	1.901748e-15	1.076003e-15	9.670179e-16	
R478	4.188910e-22	9.534831e-20	4.663163e-18	3.546816e-17	1.572153e-16	5.806476e-16	1.984177e-15	6.806438e-15	2.566152e-14	6.490683e-14	1.227256e-13	2.175959e-13	3.448553e-13	4.797850e-13	6.050117e-13	7.117374e-13	7.958419e-13	8.590393e-13	9.094895e-13	9.675049e-13	1.033765e-12	1.106536e-12	1.159941e-12	1.178267e-12	1.156616e-12	1.100431e-12	1.012554e-12	8.985810e-13	7.650812e-13	6.223523e-13	4.825611e-13	3.632259e-13	2.661915e-13	1.817919e-13	1.026558e-13	4.696559e-14	1.568857e-14	4.093499e-15	1.037283e-15	4.106311e-16	4.968801e-16	1.027508e-15	1.898363e-15	2.968168e-15	4.717590e-15	6.946504e-15	8.467425e-15	8.387883e-15	6.972061e-15	5.053607e-15	3.262464e-15	1.901748e-15	1.076003e-15	9.670179e-16	
R479	2.651648e-23	1.955360e-22	9.059449e-22	6.545656e-22	2.375645e-22	5.600539e-23	1.332993e-23	3.958802e-24	1.500939e-24	1.072228e-24	1.317660e-24	1.542446e-24	1.643393e-24	1.564425e-24	1.371093e-24	1.135851e-24	9.040723e-25	7.006907e-25	5.362809e-25	4.144984e-25	3.229238e-25	2.526595e-25	1.940124e-25	1.447324e-25	1.047096e-25	7.381612e-26	5.073272e-26	3.404283e-26	2.230834e-26	1.431568e-26	9.040330e-27	5.744818e-27	3.698617e-27	2.332319e-27	1.299816e-27	6.353601e-28	2.491194e-28	8.272296e-29	2.774376e-29	1.452138e-29	2.273076e-29	5.920975e-29	1.345258e-28	2.536312e-28	4.782323e-28	8.220440e-28	1.143828e-27	1.243671e-27	1.063033e-27	7.263167e-28	4.046107e-28	1.894034e-28	8.037130e-29	4.722553e-29	
R480	8.724374e-23	7.259373e-22	3.852551e-21	3.245739e-21	1.403247e-21	4.044110e-22	1.169900e-22	4.142965e-23	1.847965e-23	1.419083e-23	1.743909e-23	2.041412e-23	2.175014e-23	2.070500e-23	1.814628e-23	1.503287e-23	1.196531e-23	9.273572e-24	7.097625e-24	5.485845e-24	4.273865e-24	3.343924e-24	2.567735e-24	1.915519e-24	1.385821e-24	9.769490e-25	6.714425e-25	4.505535e-25	2.952486e-25	1.894665e-25	1.196479e-25	7.603210e-26	4.895083e-26	3.086801e-26	1.720294e-26	8.408928e-27	3.297071e-27	1.094830e-27	3.671859e-28	1.921890e-28	3.008393e-28	7.836352e-28	1.780436e-27	3.356784e-27	6.329357e-27	1.087967e-26	1.513845e-26	1.645987e-26	1.406914e-26	9.612730e-27	5.354983e-27	2.506735e-27	1.063706e-27	6.250252e-28	
R481	4.479624e-13	1.382012e-11	3.133564e-10	1.333074e-09	3.550729e-09	8.010250e-09	1.665450e-08	3.427730e-08	7.656794e-08	1.198834e-07	1.473246e-07	1.724574e-07	1.837441e-07	1.749148e-07	1.532989e-07	1.269969e-07	1.010823e-07	7.834266e-08	5.996037e-08	4.634413e-08	3.610539e-08	2.824929e-08	2.169210e-08	1.618221e-08	1.170735e-08	8.253215e-09	5.672312e-09	3.806252e-09	2.494245e-09	1.600604e-09	1.010779e-09	6.423152e-10	4.135341e-10	2.607713e-10	1.453295e-10	7.103819e-11	2.785348e-11	9.249069e-12	3.101967e-12	1.623603e-12	2.541475e-12	6.620109e-12	1.504103e-11	2.835793e-11	5.347008e-11	9.191090e-11	1.278889e-10	1.390521e-10	1.188554e-10	8.120784e-11	4.523862e-11	2.117677e-11	8.986135e-12	5.280181e-12	
R482	4.276724e-16	1.298262e-14	2.927233e-13	1.254852e-12	3.424795e-12	8.086852e-12	1.785098e-11	3.922373e-11	9.387064e-11	1.519154e-10	1.866886e-10	2.185367e-10	2.328391e-10	2.216507e-10	1.942592e-10	1.609296e-10	1.280907e-10	9.927523e-11	7.598133e-11	5.872694e-11	4.575248e-11	3.579729e-11	2.748806e-11	2.050597e-11	1.483546e-11	1.045841e-11	7.187911e-12	4.823255e-12	3.160689e-12	2.028273e-12	1.280852e-12	8.139371e-13	5.240274e-13	3.304475e-13	1.841605e-13	9.001907e-14	3.529573e-14	1.172035e-14	3.930790e-15	2.057417e-15	3.220538e-15	8.388953e-15	1.905988e-14	3.593496e-14	6.775689e-14	1.164688e-13	1.620598e-13	1.762058e-13	1.506127e-13	1.029060e-13	5.732604e-14	2.683504e-14	1.138716e-14	6.691006e-15	
R483	4.318793e-04	1.232313e-03	3.402138e-03	6.127536e-03	9.318920e-03	1.232338e-02	1.480596e-02	1.770884e-02	2.181012e-02	2.372766e-02	2.255614e-02	1.991607e-02	1.683881e-02	1.397748e-02	1.187984e-02	1.065305e-02	1.035187e-02	1.129114e-02	1.430098e-02	2.103449e-02	3.440033e-02	5.760605e-02	9.216585e-02	1.337835e-01	1.720962e-01	1.949324e-01	1.962761e-01	1.789218e-01	1.510844e-01	1.207189e-01	9.283282e-02	7.003951e-02	5.278982e-02	4.034762e-02	3.070368e-02	2.423318e-02	1.911271e-02	1.454434e-02	1.051574e-02	7.230658e-03	4.744733e-03	2.978071e-03	1.791717e-03	1.035915e-03	5.772816e-04	3.110095e-04	1.623674e-04	8.216406e-05	4.016824e-05	1.883844e-05	8.405887e-06	3.555397e-06	1.448876e-06	7.344831e-07	
R485	5.046815e-11	9.163814e-10	1.182397e-08	2.160708e-08	2.139491e-08	1.553088e-08	1.087545e-08	8.205004e-09	6.506073e-09	5.031653e-09	4.314551e-09	3.667616e-09	2.905224e-09	2.111283e-09	1.467971e-09	1.015191e-09	7.162933e-10	5.208937e-10	3.900296e-10	3.006322e-10	2.336462e-10	1.806903e-10	1.359125e-10	9.871149e-11	6.925899e-11	4.720894e-11	3.126457e-11	2.014730e-11	1.264305e-11	7.757256e-12	4.673983e-12	2.820506e-12	1.717258e-12	1.030455e-12	5.552425e-13	2.719099e-13	1.123112e-13	4.127934e-14	1.531725e-14	6.074308e-15	2.534251e-15	1.082933e-15	4.675516e-16	2.055918e-16	9.919446e-17	6.260128e-17	5.337230e-17	4.845103e-17	3.893484e-17	2.611296e-17	1.455861e-17	6.908360e-18	3.013338e-18	1.892207e-18	
R486	5.046815e-11	9.163814e-10	1.182397e-08	2.160708e-08	2.139491e-08	1.553088e-08	1.087545e-08	8.205004e-09	6.506073e-09	5.031653e-09	4.314551e-09	3.667616e-09	2.905224e-09	2.111283e-09	1.467971e-09	1.015191e-09	7.162933e-10	5.208937e-10	3.900296e-10	3.006322e-10	2.336462e-10	1.806903e-10	1.359125e-10	9.871149e-11	6.925899e-11	4.720894e-11	3.126457e-11	2.014730e-11	1.264305e-11	7.757256e-12	4.673983e-12	2.820506e-12	1.717258e-12	1.030455e-12	5.552425e-13	2.719099e-13	1.123112e-13	4.127934e-14	1.531725e-14	6.074308e-15	2.534251e-15	1.082933e-15	4.675516e-16	2.055918e-16	9.919446e-17	6.260128e-17	5.337230e-17	4.845103e-17	3.893484e-17	2.611296e-17	1.455861e-17	6.908360e-18	3.013338e-18	1.892207e-18	
R487	2.202260e-05	4.954146e-05	9.455469e-05	1.154867e-04	2.174698e-04	2.960040e-04	3.490530e-04	4.225470e-04	4.548809e-04	4.387923e-04	4.469680e-04	4.444392e-04	4.449849e-04	4.571113e-04	5.158635e-04	6.504074e-04	9.015096e-04	1.344428e-03	2.115867e-03	3.492312e-03	5.741038e-03	9.064425e-03	1.289354e-02	1.601046e-02	1.707902e-02	1.568346e-02	1.245405e-02	8.779727e-03	5.629422e-03	3.366697e-03	1.906284e-03	1.033153e-03	5.411401e-04	2.750599e-04	1.331859e-04	6.240485e-05	2.830499e-05	1.312818e-05	6.696446e-06	3.778038e-06	2.258848e-06	1.378644e-06	8.410788e-07	5.070789e-07	3.000326e-07	1.737176e-07	9.876671e-08	5.567268e-08	3.128999e-08	1.731534e-08	9.160532e-09	4.536215e-09	2.199531e-09	1.823790e-09	
R488	1.376024e-08	4.012612e-08	1.064464e-07	7.087806e-08	3.074806e-08	1.172754e-08	4.920069e-09	2.424099e-09	1.275833e-09	7.607998e-10	6.139311e-10	5.200618e-10	4.242352e-10	3.253622e-10	2.438259e-10	1.829613e-10	1.385727e-10	1.059543e-10	8.165441e-11	6.370833e-11	4.959453e-11	3.822816e-11	2.861036e-11	2.066867e-11	1.442418e-11	9.779466e-12	6.439490e-12	4.124311e-12	2.570699e-12	1.566044e-12	9.364568e-13	5.600114e-13	3.373504e-13	2.003611e-13	1.073591e-13	5.265259e-14	2.201504e-14	8.244499e-15	3.112395e-15	1.248817e-15	5.243207e-16	2.245654e-16	9.689446e-17	4.248151e-17	2.038388e-17	1.279248e-17	1.088947e-17	9.879352e-18	7.913445e-18	5.269052e-18	2.901415e-18	1.350451e-18	5.714272e-19	3.370582e-19	
R489	2.013447e-02	4.073752e-02	4.588158e-01	1.223146e+00	1.864537e+00	2.143117e+00	2.177715e+00	2.107661e+00	1.744521e+00	1.301226e+00	1.084807e+00	9.483261e-01	8.256710e-01	7.040002e-01	6.126078e-01	5.532579e-01	5.155611e-01	4.909547e-01	4.737194e-01	4.626138e-01	4.453291e-01	4.154741e-01	3.657508e-01	3.023912e-01	2.360852e-01	1.759544e-01	1.254572e-01	8.594783e-02	5.666536e-02	3.617835e-02	2.249411e-02	1.386334e-02	8.548063e-03	5.182555e-03	2.849985e-03	1.435552e-03	6.180449e-04	2.371135e-04	9.090670e-05	3.681519e-05	1.554285e-05	6.670605e-06	2.861249e-06	1.214426e-06	5.068380e-07	2.069852e-07	8.230551e-08	3.165729e-08	1.166735e-08	4.073292e-09	1.336111e-09	4.163958e-10	1.353572e-10	1.096743e-10	
R490	1.160122e-03	2.787487e-03	3.500577e-02	3.906937e-02	2.707242e-02	1.773183e-02	1.191381e-02	7.965682e-03	4.765296e-03	2.933765e-03	2.290011e-03	1.929366e-03	1.573546e-03	1.206936e-03	9.044886e-04	6.780038e-04	5.122177e-04	3.901176e-04	2.991966e-04	2.322219e-04	1.798355e-04	1.379311e-04	1.027581e-04	7.393022e-05	5.140926e-05	3.474734e-05	2.282146e-05	1.458572e-05	9.076353e-06	5.522111e-06	3.298723e-06	1.971194e-06	1.186732e-06	7.044752e-07	3.772194e-07	1.849303e-07	7.730948e-08	2.895936e-08	1.093772e-08	4.390309e-09	1.843332e-09	7.883059e-10	3.373257e-10	1.429353e-10	5.958133e-11	2.431005e-11	9.659965e-12	3.713570e-12	1.368099e-12	4.774870e-13	1.565865e-13	4.878323e-14	1.580688e-14	1.288975e-14	
R491	1.330391e+02	9.553242e+01	1.071763e+02	9.572833e+01	8.082904e+01	6.283217e+01	4.776401e+01	3.706220e+01	2.694131e+01	1.979763e+01	1.618745e+01	1.338863e+01	1.097289e+01	8.854782e+00	7.214419e+00	6.000243e+00	5.089363e+00	4.388527e+00	3.837610e+00	3.412393e+00	3.043456e+00	2.699052e+00	2.336514e+00	1.963612e+00	1.603905e+00	1.280791e+00	9.992527e-01	7.629494e-01	5.693415e-01	4.164042e-01	2.989630e-01	2.120334e-01	1.493968e-01	1.042849e-01	6.947861e-02	4.447496e-02	2.602640e-02	1.367161e-02	6.600576e-03	3.038128e-03	1.364029e-03	6.023396e-04	2.618572e-04	1.118585e-04	4.680950e-05	1.910991e-05	7.564555e-06	2.876090e-06	1.036128e-06	3.479489e-07	1.073626e-07	3.036363e-08	8.175579e-09	2.949501e-09	
R492	2.066221e-15	1.612311e-14	3.187865e-13	6.658219e-13	8.755135e-13	9.911916e-13	1.148765e-12	1.515422e-12	2.035419e-12	2.385356e-12	2.955462e-12	3.690506e-12	4.505348e-12	5.318555e-12	6.369135e-12	7.927282e-12	1.025975e-11	1.374427e-11	1.898030e-11	2.714765e-11	3.916719e-11	5.593697e-11	7.621459e-11	9.789911e-11	1.187675e-10	1.376054e-10	1.521517e-10	1.611388e-10	1.631590e-10	1.588857e-10	1.493647e-10	1.370919e-10	1.241835e-10	1.109171e-10	9.241282e-11	7.386350e-11	5.416943e-11	3.747327e-11	2.588096e-11	1.787242e-11	1.216174e-11	9.326682e-12	1.110420e-11	1.927814e-11	4.024500e-11	7.708140e-11	1.161534e-10	1.340029e-10	1.202804e-10	8.604467e-11	5.031713e-11	2.489655e-11	1.123753e-11	6.847281e-12	
R493	6.504112e+02	1.547795e+02	3.964850e+01	9.544584e+00	3.183778e+00	1.680068e+00	1.178473e+00	9.207596e-01	6.707776e-01	5.168325e-01	4.870461e-01	4.793666e-01	4.642408e-01	4.377718e-01	4.177970e-01	4.125630e-01	4.201219e-01	4.391992e-01	4.703514e-01	5.172314e-01	5.715591e-01	6.200853e-01	6.388349e-01	6.167086e-01	5.579958e-01	4.763622e-01	3.837639e-01	2.924974e-01	2.115363e-01	1.463797e-01	9.761631e-02	6.337979e-02	4.037701e-02	2.528305e-02	1.497892e-02	8.540534e-03	4.468044e-03	2.125093e-03	9.501231e-04	4.139007e-04	1.787429e-04	7.725326e-05	3.436245e-05	1.738954e-05	1.310877e-05	1.560826e-05	1.995876e-05	2.162179e-05	1.885704e-05	1.329446e-05	7.714740e-06	3.802043e-06	1.714211e-06	1.055822e-06	
R494	1.354578e-05	3.764412e-05	7.919142e-05	7.042808e-05	5.327700e-05	3.728331e-05	2.557746e-05	1.537489e-05	4.368010e-06	4.629355e-07	3.215216e-08	3.463990e-09	1.613462e-09	1.081330e-09	7.263559e-10	4.983081e-10	3.542311e-10	2.634563e-10	2.068201e-10	1.732611e-10	1.524161e-10	1.376354e-10	1.227915e-10	1.056756e-10	8.650482e-11	6.672465e-11	4.764865e-11	3.106830e-11	1.827135e-11	9.736143e-12	4.767414e-12	2.187372e-12	9.645599e-13	4.108903e-13	1.653247e-13	6.113848e-14	2.000394e-14	5.786781e-15	1.548820e-15	4.055053e-16	1.078028e-16	2.976770e-17	8.808565e-18	3.023322e-18	1.378895e-18	8.486788e-19	5.787853e-19	3.652066e-19	1.971832e-19	8.902789e-20	3.364287e-20	1.087026e-20	3.213901e-21	1.259934e-21	
R495	2.592324e-14	7.244839e-15	1.694033e-15	1.735458e-16	1.730258e-17	1.441273e-18	1.430430e-19	1.636094e-20	1.177525e-21	1.853747e-22	9.963522e-23	6.900730e-23	5.610435e-23	4.991510e-23	4.965389e-23	5.472420e-23	6.553577e-23	8.367624e-23	1.122568e-22	1.580573e-22	2.255422e-22	3.198123e-22	4.326157e-22	5.507517e-22	6.578246e-22	7.385692e-22	7.665168e-22	7.250346e-22	6.153530e-22	4.694360e-22	3.256195e-22	2.113302e-22	1.313469e-22	7.825002e-23	4.220774e-23	2.102767e-23	9.173265e-24	3.610580e-24	1.389986e-24	5.486444e-25	2.230292e-25	9.301466e-26	4.080352e-26	2.108589e-26	1.708306e-26	2.161263e-26	2.820258e-26	3.065160e-26	2.668658e-26	1.876172e-26	1.085917e-26	5.341418e-27	2.405045e-27	1.480071e-27	
R496	6.959445e-05	4.991351e-05	3.326198e-05	1.099072e-05	4.096273e-06	1.523861e-06	6.371721e-07	2.637198e-07	6.173343e-08	1.638216e-08	8.805084e-09	6.098396e-09	4.958121e-09	4.411157e-09	4.388073e-09	4.836153e-09	5.791606e-09	7.394738e-09	9.920493e-09	1.396803e-08	1.993189e-08	2.826283e-08	3.823163e-08	4.867170e-08	5.813406e-08	6.526972e-08	6.773954e-08	6.407363e-08	5.438072e-08	4.148556e-08	2.877604e-08	1.867593e-08	1.160755e-08	6.915205e-09	3.730033e-09	1.858283e-09	8.106709e-10	3.190785e-10	1.228375e-10	4.848547e-11	1.970980e-11	8.220004e-12	3.605938e-12	1.863427e-12	1.509684e-12	1.909977e-12	2.492353e-12	2.708780e-12	2.358378e-12	1.658033e-12	9.596592e-13	4.720383e-13	2.125415e-13	1.307986e-13	
R499	2.741994e-04	4.500838e-05	1.485864e-06	2.466085e-07	1.374820e-07	1.027575e-07	8.840695e-08	7.753824e-08	5.350946e-08	4.101228e-08	3.591331e-08	3.245740e-08	3.032653e-08	2.912309e-08	2.955652e-08	3.190198e-08	3.617812e-08	4.269581e-08	5.217563e-08	6.625022e-08	8.540750e-08	1.098113e-07	1.363195e-07	1.616150e-07	1.827463e-07	1.977809e-07	2.031734e-07	1.980618e-07	1.826925e-07	1.606110e-07	1.351402e-07	1.092487e-07	8.587106e-08	6.660023e-08	5.006661e-08	3.721588e-08	2.626576e-08	1.698775e-08	1.000669e-08	5.453367e-09	2.795782e-09	1.365068e-09	6.407157e-10	2.916552e-10	1.305106e-10	5.899255e-11	2.814960e-11	1.465625e-11	8.130185e-12	4.484786e-12	2.327625e-12	1.139122e-12	5.976810e-13	9.558506e-13	
R500	1.206947e-11	5.819630e-10	8.762147e-09	1.182811e-08	1.194387e-08	1.027991e-08	8.593685e-09	7.505351e-09	5.887835e-09	4.746079e-09	4.648815e-09	4.701230e-09	4.648072e-09	4.448540e-09	4.295816e-09	4.283875e-09	4.401231e-09	4.639995e-09	5.010089e-09	5.559420e-09	6.196758e-09	6.774673e-09	6.998326e-09	6.710495e-09	5.936512e-09	4.833191e-09	3.572437e-09	2.361840e-09	1.380786e-09	7.142696e-10	3.311183e-10	1.422031e-10	5.789008e-11	2.242132e-11	7.809697e-12	2.536800e-12	7.279555e-13	1.898471e-13	4.868771e-14	1.284827e-14	3.499218e-15	9.784806e-16	2.876362e-16	9.938996e-17	5.361764e-17	4.488539e-17	3.841237e-17	2.704356e-17	1.500506e-17	6.584581e-18	2.319134e-18	6.738583e-19	1.736339e-19	6.017260e-20	
R501	9.339653e+02	5.855406e+02	5.648592e+02	4.259644e+02	2.970543e+02	1.857099e+02	1.144372e+02	7.359229e+01	4.511640e+01	3.096580e+01	2.569075e+01	2.168867e+01	1.820334e+01	1.506928e+01	1.258837e+01	1.072653e+01	9.312062e+00	8.211953e+00	7.340879e+00	6.667705e+00	6.074624e+00	5.498242e+00	4.854573e+00	4.156120e+00	3.452972e+00	2.798962e+00	2.212792e+00	1.708886e+00	1.287945e+00	9.499321e-01	6.868691e-01	4.901501e-01	3.471938e-01	2.435002e-01	1.629220e-01	1.047665e-01	6.161714e-02	3.255262e-02	1.582079e-02	7.338747e-03	3.324786e-03	1.483563e-03	6.526591e-04	2.825627e-04	1.200384e-04	4.984235e-05	2.011306e-05	7.819647e-06	2.892995e-06	1.003673e-06	3.225695e-07	9.606755e-08	2.760202e-08	1.066866e-08	
R502	1.178080e-01	9.543643e-02	1.219191e-01	1.267795e-01	1.277962e-01	1.220758e-01	1.132429e-01	1.040475e-01	8.390585e-02	5.541180e-02	3.411938e-02	1.945173e-02	1.049250e-02	5.429202e-03	2.854958e-03	1.548274e-03	8.686131e-04	5.012417e-04	2.947628e-04	1.782081e-04	1.081692e-04	6.710990e-05	4.299284e-05	3.010261e-05	2.435183e-05	2.278496e-05	2.331556e-05	2.453747e-05	2.567461e-05	2.613631e-05	2.570539e-05	2.466489e-05	2.308829e-05	2.105351e-05	1.792970e-05	1.470169e-05	1.085014e-05	6.944603e-06	3.881415e-06	1.944613e-06	8.909020e-07	3.775209e-07	1.491895e-07	5.548001e-08	1.967353e-08	6.797922e-09	2.364385e-09	8.565156e-10	3.267232e-10	1.280092e-10	4.990154e-11	1.964676e-11	8.761040e-12	6.417482e-12	
R503	1.217779e-06	1.779068e-06	4.638522e-06	5.930709e-06	5.732773e-06	4.598840e-06	3.379994e-06	2.237479e-06	1.126962e-06	5.930702e-07	4.001274e-07	2.941376e-07	2.177591e-07	1.582887e-07	1.162978e-07	8.782045e-08	6.779174e-08	5.324189e-08	4.248222e-08	3.453543e-08	2.803247e-08	2.218318e-08	1.654902e-08	1.144913e-08	7.303758e-09	4.287307e-09	2.290732e-09	1.102627e-09	4.741023e-10	1.831984e-10	6.468458e-11	2.147819e-11	6.896854e-12	2.134742e-12	6.107437e-13	1.566872e-13	3.450532e-14	6.552384e-15	1.139126e-15	1.936881e-16	3.350113e-17	5.993485e-18	1.132862e-18	2.468319e-19	7.836873e-20	3.844114e-20	2.053255e-20	9.306469e-21	3.324031e-21	9.229591e-22	2.004650e-22	3.496829e-23	5.315919e-24	1.134020e-24	
R504	1.314388e+02	3.990439e+01	4.647332e+00	1.843445e+00	1.064496e+00	6.460466e-01	3.998693e-01	1.895849e-01	2.803901e-02	2.905200e-03	7.118436e-04	3.085553e-04	1.968174e-04	1.546655e-04	1.441782e-04	1.524368e-04	1.764611e-04	2.179247e-04	2.824865e-04	3.839930e-04	5.298905e-04	7.276026e-04	9.560179e-04	1.187327e-03	1.395766e-03	1.570310e-03	1.689735e-03	1.747013e-03	1.734842e-03	1.668138e-03	1.562834e-03	1.448449e-03	1.345954e-03	1.249606e-03	1.080828e-03	8.841107e-04	6.198118e-04	3.521666e-04	1.636416e-04	6.526289e-05	2.344376e-05	7.850869e-06	2.506419e-06	7.753371e-07	2.377648e-07	7.785844e-08	3.303392e-08	2.035849e-08	1.458297e-08	9.684002e-09	5.521854e-09	2.709541e-09	1.221598e-09	7.535126e-10	
R505	1.812498e-06	2.652453e-07	4.732938e-08	1.790149e-08	8.509139e-09	4.478412e-09	2.615624e-09	1.220716e-09	1.644793e-10	7.515349e-12	3.171597e-13	2.515976e-14	1.003859e-14	6.314677e-15	4.286208e-15	3.105592e-15	2.403422e-15	1.984056e-15	1.748381e-15	1.663071e-15	1.664303e-15	1.720765e-15	1.758082e-15	1.734510e-15	1.629846e-15	1.449758e-15	1.195010e-15	9.015751e-16	6.130968e-16	3.786404e-16	2.155157e-16	1.150335e-16	5.919103e-17	2.944239e-17	1.377751e-17	5.810752e-18	2.113881e-18	6.608598e-19	1.857254e-19	4.963602e-20	1.311793e-20	3.517848e-21	9.912203e-22	3.187500e-22	1.344701e-22	7.583596e-23	4.712183e-23	2.705722e-23	1.334983e-23	5.566276e-24	1.976656e-24	6.151996e-25	1.812226e-25	7.463486e-26	
R511	3.456693e+05	2.959830e+05	4.060697e+05	4.569936e+05	5.039692e+05	5.345664e+05	5.518652e+05	5.673696e+05	5.445795e+05	4.820183e+05	4.512552e+05	4.555741e+05	4.703444e+05	4.829282e+05	4.939747e+05	5.085322e+05	5.263541e+05	5.480256e+05	5.752390e+05	6.097370e+05	6.490572e+05	6.842936e+05	7.043699e+05	7.022768e+05	6.780378e+05	6.352047e+05	5.787703e+05	5.128236e+05	4.425532e+05	3.719724e+05	3.049120e+05	2.461081e+05	1.964279e+05	1.548900e+05	1.162605e+05	8.501621e+04	5.759516e+04	3.546385e+04	2.030230e+04	1.120072e+04	6.090468e+03	3.291458e+03	1.770540e+03	9.472962e+02	5.035724e+02	2.656984e+02	1.389526e+02	7.182787e+01	3.650788e+01	1.810426e+01	8.686019e+00	4.012712e+00	1.807427e+00	1.014514e+00	
R512	1.133558e+05	7.072548e+04	6.786168e+04	5.086742e+04	3.523268e+04	2.185644e+04	1.336807e+04	8.539400e+03	5.203093e+03	3.561540e+03	2.955012e+03	2.494938e+03	2.094290e+03	1.734008e+03	1.448800e+03	1.234769e+03	1.072177e+03	9.457349e+02	8.456366e+02	7.683081e+02	7.001956e+02	6.339872e+02	5.599974e+02	4.796492e+02	3.987062e+02	3.233714e+02	2.558098e+02	1.976918e+02	1.491107e+02	1.100716e+02	7.966463e+01	5.690934e+01	4.035942e+01	2.834406e+01	1.899388e+01	1.223877e+01	7.217332e+00	3.826429e+00	1.868407e+00	8.721317e-01	3.984417e-01	1.798066e-01	8.031681e-02	3.550035e-02	1.551515e-02	6.699605e-03	2.855203e-03	1.198143e-03	4.928686e-04	1.974886e-04	7.659557e-05	2.870221e-05	1.056897e-05	4.941132e-06	
R513	5.504214e+01	1.925410e+02	3.897089e+02	4.719415e+02	5.071003e+02	5.038596e+02	4.811142e+02	4.468899e+02	3.464417e+02	2.175619e+02	1.552788e+02	1.322657e+02	1.147092e+02	9.361114e+01	7.186977e+01	5.294412e+01	3.772299e+01	2.623129e+01	1.797374e+01	1.222635e+01	8.248587e+00	5.445817e+00	3.471407e+00	2.117950e+00	1.235044e+00	6.890944e-01	3.698862e-01	1.915359e-01	9.647438e-02	4.762775e-02	2.333802e-02	1.176766e-02	6.183073e-03	3.254241e-03	1.513154e-03	6.155359e-04	1.913119e-04	4.351228e-05	7.758065e-06	1.194668e-06	1.700339e-07	2.318258e-08	3.078133e-09	4.008314e-10	5.134587e-11	6.480051e-12	8.060105e-13	9.861159e-14	1.179515e-14	1.365274e-15	1.512083e-16	1.594266e-17	1.637983e-18	2.376122e-19	
R522	3.156384e+01	1.312085e+02	2.478090e+02	3.286642e+02	4.281469e+02	5.355322e+02	6.607060e+02	8.161986e+02	8.941159e+02	8.496179e+02	8.647681e+02	9.506413e+02	1.031069e+03	1.058924e+03	1.043697e+03	1.004711e+03	9.498240e+02	8.862533e+02	8.208196e+02	7.591813e+02	6.977111e+02	6.299374e+02	5.506894e+02	4.627427e+02	3.738495e+02	2.911824e+02	2.194917e+02	1.603235e+02	1.140849e+02	7.940731e+01	5.443412e+01	3.771176e+01	2.663042e+01	1.876497e+01	1.193768e+01	6.995495e+00	3.353814e+00	1.276250e+00	4.108357e-01	1.215804e-01	3.478053e-02	9.806939e-03	2.738226e-03	7.570018e-04	2.070731e-04	5.603046e-05	1.498781e-05	3.953003e-06	1.021513e-06	2.561169e-07	6.167957e-08	1.421280e-08	3.197336e-09	9.268086e-10	
R525	4.837033e-07	1.966120e-05	9.103957e-04	5.941315e-03	1.926852e-02	3.757078e-02	5.648163e-02	9.704166e-02	2.487577e-01	6.027095e-01	9.955521e-01	1.316874e+00	1.510967e+00	1.605290e+00	1.659997e+00	1.736974e+00	1.845136e+00	1.994772e+00	2.202839e+00	2.493249e+00	2.848703e+00	3.204123e+00	3.441779e+00	3.483294e+00	3.325407e+00	3.017323e+00	2.608046e+00	2.151380e+00	1.692285e+00	1.270780e+00	9.109889e-01	6.239521e-01	4.104451e-01	2.637956e-01	1.656109e-01	1.052558e-01	6.712998e-02	4.212733e-02	2.554494e-02	1.489823e-02	8.374220e-03	4.548280e-03	2.390612e-03	1.216356e-03	5.985959e-04	2.843472e-04	1.299086e-04	5.672876e-05	2.344593e-05	9.050795e-06	3.217078e-06	1.042077e-06	3.101335e-07	1.084046e-07	
R526	5.964774e-05	6.032208e-05	1.585059e-04	2.838193e-04	4.944557e-04	8.079073e-04	1.287024e-03	2.096044e-03	2.988217e-03	3.518440e-03	4.288983e-03	5.414655e-03	6.757310e-03	8.204801e-03	1.014488e-02	1.305145e-02	1.742882e-02	2.401666e-02	3.400737e-02	4.971638e-02	7.312861e-02	1.061738e-01	1.466992e-01	1.905852e-01	2.331942e-01	2.716232e-01	3.009776e-01	3.182734e-01	3.205929e-01	3.093084e-01	2.868629e-01	2.591874e-01	2.308057e-01	2.015599e-01	1.602698e-01	1.178401e-01	7.258271e-02	3.614271e-02	1.527029e-02	5.897723e-03	2.182975e-03	7.887941e-04	2.794489e-04	9.702685e-05	3.297629e-05	1.095836e-05	3.554673e-06	1.121094e-06	3.410467e-07	9.893107e-08	2.706815e-08	6.975914e-09	1.757399e-09	7.257427e-10	
R527	4.415787e-04	1.140851e-02	8.077174e-02	6.008796e-02	3.392865e-02	2.114768e-02	1.541748e-02	1.010057e-02	3.428538e-03	8.439047e-04	2.862299e-04	1.123744e-04	4.940743e-05	2.322131e-05	1.211026e-05	6.856715e-06	4.180722e-06	2.699148e-06	1.811751e-06	1.271904e-06	9.117741e-07	6.814768e-07	5.275462e-07	4.272665e-07	3.629739e-07	3.235796e-07	2.981431e-07	2.812586e-07	2.683530e-07	2.578176e-07	2.484414e-07	2.408449e-07	2.348962e-07	2.269892e-07	2.081109e-07	1.796178e-07	1.382909e-07	9.318183e-08	5.691294e-08	3.343128e-08	1.970382e-08	1.186109e-08	7.316126e-09	4.613336e-09	2.963528e-09	1.932501e-09	1.273461e-09	8.417282e-10	5.516012e-10	3.533298e-10	2.185992e-10	1.302359e-10	7.619416e-11	5.629619e-11	
R528	8.833390e+00	1.123808e+02	8.211298e+02	8.334134e+02	6.718977e+02	5.771744e+02	5.373211e+02	4.930428e+02	3.799136e+02	2.242784e+02	1.247047e+02	6.610927e+01	3.368625e+01	1.673293e+01	8.569955e+00	4.563775e+00	2.542183e+00	1.472793e+00	8.786101e-01	5.431358e-01	3.428453e-01	2.245379e-01	1.522855e-01	1.078356e-01	7.986273e-02	6.168508e-02	4.909691e-02	3.982319e-02	3.260475e-02	2.675180e-02	2.190029e-02	1.799599e-02	1.481964e-02	1.206409e-02	9.294320e-03	6.829431e-03	4.528882e-03	2.653671e-03	1.419706e-03	7.342545e-04	3.823080e-04	2.036806e-04	1.112263e-04	6.200976e-05	3.510275e-05	2.005739e-05	1.148264e-05	6.514751e-06	3.605969e-06	1.911047e-06	9.536278e-07	4.447188e-07	1.970706e-07	1.071596e-07	
R533	9.748352e-02	1.075223e+01	2.813818e+01	2.412108e+00	1.510294e-01	1.181406e-02	1.354977e-03	1.225956e-04	2.637067e-06	4.654680e-08	2.686609e-09	2.688476e-10	4.060606e-11	7.737788e-12	1.842165e-12	4.942979e-13	1.432871e-13	4.224108e-14	1.184507e-14	3.102465e-15	7.474120e-16	1.816741e-16	4.786102e-17	1.455553e-17	5.208542e-18	2.177961e-18	1.042918e-18	5.595997e-19	3.317865e-19	2.144516e-19	1.503997e-19	1.171333e-19	1.005889e-19	8.928736e-20	7.163212e-20	5.048862e-20	2.704837e-20	1.071482e-20	3.472388e-21	1.054700e-21	3.288835e-22	1.093905e-22	3.913238e-23	1.501906e-23	6.160423e-24	2.692454e-24	1.249254e-24	6.108141e-25	3.111249e-25	1.635057e-25	8.893884e-26	5.134784e-26	3.314727e-26	2.676238e-26	
R536	9.589726e-02	1.305889e+02	9.916473e+03	1.679199e+04	1.395842e+04	1.077038e+04	8.648387e+03	6.789260e+03	4.826138e+03	2.978246e+03	1.736602e+03	9.307318e+02	4.727115e+02	2.328629e+02	1.153016e+02	5.741021e+01	2.902850e+01	1.489844e+01	7.715288e+00	4.053741e+00	2.159830e+00	1.198198e+00	7.039689e-01	4.444415e-01	3.018436e-01	2.187592e-01	1.672496e-01	1.332047e-01	1.095854e-01	9.221281e-02	7.888831e-02	6.857631e-02	6.013358e-02	5.260549e-02	4.561897e-02	3.922151e-02	3.323828e-02	2.767237e-02	2.283056e-02	1.904057e-02	1.632722e-02	1.449649e-02	1.332160e-02	1.262302e-02	1.227416e-02	1.218204e-02	1.226038e-02	1.240158e-02	1.246153e-02	1.227910e-02	1.173278e-02	1.079819e-02	9.555974e-03	8.114868e-03	
R537	1.960473e-05	2.440529e-02	3.726825e+00	1.267538e+01	1.721041e+01	1.713173e+01	1.560751e+01	1.387417e+01	1.067092e+01	5.988168e+00	2.752120e+00	1.132096e+00	4.576318e-01	1.881979e-01	8.208361e-02	3.780013e-02	1.833388e-02	9.286454e-03	4.861283e-03	2.642185e-03	1.471261e-03	8.518939e-04	5.126940e-04	3.234763e-04	2.144101e-04	1.488945e-04	1.070159e-04	7.875270e-05	5.867711e-05	4.387671e-05	3.268176e-05	2.401693e-05	1.730323e-05	1.230584e-05	8.907886e-06	6.645768e-06	5.298095e-06	4.499011e-06	3.943768e-06	3.498211e-06	3.131042e-06	2.833027e-06	2.592571e-06	2.395667e-06	2.228352e-06	2.077140e-06	1.927821e-06	1.764314e-06	1.570802e-06	1.338989e-06	1.076203e-06	8.058833e-07	5.569841e-07	3.483267e-07	
R543	1.250863e+04	4.556284e+04	1.397881e+04	2.954049e+03	7.348366e+02	2.157270e+02	7.189661e+01	1.782602e+01	1.329449e+00	6.695538e-02	7.483163e-03	1.362062e-03	3.547435e-04	1.140432e-04	4.403555e-05	1.927203e-05	9.305930e-06	4.831785e-06	2.638718e-06	1.516716e-06	8.981921e-07	5.563377e-07	3.588135e-07	2.428932e-07	1.728268e-07	1.289349e-07	9.965765e-08	7.903219e-08	6.379097e-08	5.216334e-08	4.313805e-08	3.636113e-08	3.124594e-08	2.704180e-08	2.266181e-08	1.852551e-08	1.398266e-08	9.348600e-09	5.500690e-09	2.937654e-09	1.484445e-09	7.329527e-10	3.606873e-10	1.791558e-10	9.150799e-11	5.152364e-11	3.858107e-11	4.277337e-11	5.574760e-11	6.763408e-11	7.033594e-11	6.245285e-11	4.952813e-11	4.022640e-11	
R544	2.950616e-02	1.210976e+01	5.490772e+02	6.867265e+02	4.075600e+02	1.969145e+02	9.440289e+01	5.251176e+01	4.530800e+01	5.080826e+01	4.856774e+01	3.514789e+01	2.068885e+01	1.077123e+01	5.237696e+00	2.452884e+00	1.133078e+00	5.218379e-01	2.401760e-01	1.111194e-01	5.213271e-02	2.534234e-02	1.304461e-02	7.200413e-03	4.263148e-03	2.676979e-03	1.767968e-03	1.210680e-03	8.546868e-04	6.142021e-04	4.463939e-04	3.289214e-04	2.435333e-04	1.794735e-04	1.307820e-04	9.572803e-05	6.987399e-05	5.058734e-05	3.655811e-05	2.684437e-05	2.033550e-05	1.597967e-05	1.300057e-05	1.089151e-05	9.332621e-06	8.116229e-06	7.096427e-06	6.161445e-06	5.229353e-06	4.263218e-06	3.285570e-06	2.366931e-06	1.586554e-06	9.915473e-07	
R545	1.525794e-03	7.064189e-01	8.142249e+01	2.660221e+02	3.470028e+02	3.032310e+02	2.284123e+02	1.926295e+02	2.351308e+02	2.700334e+02	2.034532e+02	1.130077e+02	5.294269e+01	2.301068e+01	9.856236e+00	4.269046e+00	1.891643e+00	8.597939e-01	4.000166e-01	1.914462e-01	9.387075e-02	4.762702e-02	2.511226e-02	1.385272e-02	8.004668e-03	4.816229e-03	2.990249e-03	1.892017e-03	1.209686e-03	7.725094e-04	4.888332e-04	3.044986e-04	1.852330e-04	1.109763e-04	6.750361e-05	4.287555e-05	2.944059e-05	2.174014e-05	1.669276e-05	1.303674e-05	1.030816e-05	8.254778e-06	6.687845e-06	5.463878e-06	4.478631e-06	3.658051e-06	2.949525e-06	2.317027e-06	1.742399e-06	1.228846e-06	7.966250e-07	4.669349e-07	2.444401e-07	1.125041e-07	
R547	7.883530e-20	4.921847e-18	4.133215e-16	2.026952e-15	4.163648e-15	5.816798e-15	7.494950e-15	9.229066e-15	6.812367e-15	3.569255e-15	2.214590e-15	1.378392e-15	9.093508e-16	6.398686e-16	5.103134e-16	4.611379e-16	4.684386e-16	5.286881e-16	6.549011e-16	8.991533e-16	1.312245e-15	2.022814e-15	3.160769e-15	4.976185e-15	7.904446e-15	1.276077e-14	2.060886e-14	3.303137e-14	5.170509e-14	7.875479e-14	1.159871e-13	1.645747e-13	2.255038e-13	2.971087e-13	3.551040e-13	3.852258e-13	3.588102e-13	2.960067e-13	2.377247e-13	2.315356e-13	4.152108e-13	1.385702e-12	4.713657e-12	1.397912e-11	4.265769e-11	1.184971e-10	2.659066e-10	4.664131e-10	6.403819e-10	6.938764e-10	5.997422e-10	4.218039e-10	2.528515e-10	1.476760e-10	
R548	1.478420e-10	1.317374e-09	2.710487e-08	4.331230e-08	3.737489e-08	2.688096e-08	1.934594e-08	1.488309e-08	1.049222e-08	5.245884e-09	2.279010e-09	8.958568e-10	3.469751e-10	1.365065e-10	5.814182e-11	2.702097e-11	1.367347e-11	7.448099e-12	4.307265e-12	2.658858e-12	1.704269e-12	1.139539e-12	7.795240e-13	5.467983e-13	3.944096e-13	2.933874e-13	2.222663e-13	1.699510e-13	1.296129e-13	9.807168e-14	7.329424e-14	5.414449e-14	3.964164e-14	2.886621e-14	2.056540e-14	1.479036e-14	1.086165e-14	8.577480e-15	7.525027e-15	7.030801e-15	6.695440e-15	7.348609e-15	1.277438e-14	3.303354e-14	1.047289e-13	3.099159e-13	7.306929e-13	1.325445e-12	1.860050e-12	2.043722e-12	1.781947e-12	1.259951e-12	7.576553e-13	4.433920e-13	
R551	8.279926e-01	1.365594e+00	8.261561e-01	2.236307e-01	4.298645e-02	6.248258e-03	9.313472e-04	1.546970e-04	2.310341e-05	5.152880e-06	1.838999e-06	6.364001e-07	2.189871e-07	7.495236e-08	2.627504e-08	9.444493e-09	3.490968e-09	1.324472e-09	5.136971e-10	2.050545e-10	8.372444e-11	3.539064e-11	1.553313e-11	7.127691e-12	3.423794e-12	1.712111e-12	8.842519e-13	4.663173e-13	2.499345e-13	1.351699e-13	7.366378e-14	4.107524e-14	2.344373e-14	1.346791e-14	7.326320e-15	3.863030e-15	1.854561e-15	8.056286e-16	3.294251e-16	1.319003e-16	5.280566e-17	2.130945e-17	8.687261e-18	3.577237e-18	1.486070e-18	6.212685e-19	2.600173e-19	1.078290e-19	4.356469e-20	1.677634e-20	6.023948e-21	1.983605e-21	5.944974e-22	1.655086e-22	
R553	1.132236e-12	8.202268e-13	6.024013e-13	1.387838e-13	1.646977e-14	9.987831e-16	5.912471e-17	4.639907e-18	3.682006e-19	7.483913e-20	3.359216e-20	1.314582e-20	5.255678e-21	2.252305e-21	1.084834e-21	5.824684e-22	3.437410e-22	2.193690e-22	1.491347e-22	1.083508e-22	8.196689e-23	6.475893e-23	5.249844e-23	4.378553e-23	3.769506e-23	3.359404e-23	3.061162e-23	2.827082e-23	2.611447e-23	2.396695e-23	2.170467e-23	1.918225e-23	1.656796e-23	1.430967e-23	1.281489e-23	1.221758e-23	1.287328e-23	1.488127e-23	1.795704e-23	2.155559e-23	2.518007e-23	2.857546e-23	3.170345e-23	3.462391e-23	3.738769e-23	3.995203e-23	4.208819e-23	4.327860e-23	4.271789e-23	3.961098e-23	3.375143e-23	2.592852e-23	1.765907e-23	1.047999e-23	
R554	8.905068e-10	1.338461e-08	1.412929e-07	8.103992e-07	3.961542e-06	1.653621e-05	5.645368e-05	1.417644e-04	1.431556e-04	4.507406e-05	1.127006e-05	3.330880e-06	1.197074e-06	4.950194e-07	2.439180e-07	1.446817e-07	1.031901e-07	8.445183e-08	7.660668e-08	7.682748e-08	8.092281e-08	8.872151e-08	9.714088e-08	1.055989e-07	1.141174e-07	1.232490e-07	1.313322e-07	1.372112e-07	1.392567e-07	1.374367e-07	1.321978e-07	1.248690e-07	1.174206e-07	1.114314e-07	1.053198e-07	1.016454e-07	9.808979e-08	9.279461e-08	8.427039e-08	7.235356e-08	5.850035e-08	4.489189e-08	3.338524e-08	2.527491e-08	2.183839e-08	2.458096e-08	3.388544e-08	4.655611e-08	5.556335e-08	5.445604e-08	4.301867e-08	2.746078e-08	1.464709e-08	7.298532e-09	
R555	1.236680e-32	9.827695e-32	1.514744e-31	6.388790e-32	1.288447e-32	1.163251e-33	9.625795e-35	1.061682e-35	1.102534e-36	2.437809e-37	1.075207e-37	4.034377e-38	1.546474e-38	6.350827e-39	2.975347e-39	1.639469e-39	1.069361e-39	7.932601e-40	6.497469e-40	5.866593e-40	5.571647e-40	5.512067e-40	5.463648e-40	5.396431e-40	5.319617e-40	5.260073e-40	5.146617e-40	4.946043e-40	4.609940e-40	4.155079e-40	3.610241e-40	2.998092e-40	2.401968e-40	1.921024e-40	1.612764e-40	1.462318e-40	1.501955e-40	1.730999e-40	2.100381e-40	2.517277e-40	2.884815e-40	3.149216e-40	3.331031e-40	3.580178e-40	4.375659e-40	6.923596e-40	1.329363e-39	2.513791e-39	4.074086e-39	5.348403e-39	5.582235e-39	4.638044e-39	3.159130e-39	1.948285e-39	
R556	2.600754e-32	6.024037e-32	5.200925e-32	1.558480e-32	2.747254e-33	2.762612e-34	2.743989e-35	3.456004e-36	3.867188e-37	8.078703e-38	3.393005e-38	1.292907e-38	4.908095e-39	1.903208e-39	8.141129e-40	4.013484e-40	2.316105e-40	1.508454e-40	1.077685e-40	8.450285e-41	6.932715e-41	5.900891e-41	5.005076e-41	4.205026e-41	3.502828e-41	2.906415e-41	2.369310e-41	1.882342e-41	1.440988e-41	1.060895e-41	7.504720e-42	5.128106e-42	3.423637e-42	2.257116e-42	1.438692e-42	9.052187e-43	5.442486e-43	3.084402e-43	1.664537e-43	8.684243e-44	4.413145e-44	2.195361e-44	1.082636e-44	5.510176e-45	3.219041e-45	2.447305e-45	2.263818e-45	2.064433e-45	1.612202e-45	1.016938e-45	5.081697e-46	2.024081e-46	6.794007e-47	2.800264e-47	
R557	2.778918e-09	1.212475e-06	5.897206e-05	2.899881e-04	1.048255e-03	4.103181e-03	1.493503e-02	4.295704e-02	7.753270e-02	3.653071e-02	6.998293e-03	1.119794e-03	1.735685e-04	2.753400e-05	4.878604e-06	9.955568e-07	2.396492e-07	6.562062e-08	1.975124e-08	6.548765e-09	2.305650e-09	8.852560e-10	3.685704e-10	1.687799e-10	8.509897e-11	4.682200e-11	2.741707e-11	1.670757e-11	1.039600e-11	6.508974e-12	4.064332e-12	2.525795e-12	1.559401e-12	9.583486e-13	5.918517e-13	3.721552e-13	2.408986e-13	1.606484e-13	1.097801e-13	7.669611e-14	5.482669e-14	4.021343e-14	3.056797e-14	2.498117e-14	2.430777e-14	3.177576e-14	5.187554e-14	8.510119e-14	1.209224e-13	1.393516e-13	1.270013e-13	9.153592e-14	5.404516e-14	2.933099e-14	
R558	2.516920e+01	2.586576e+03	8.405968e+03	2.293987e+03	5.459071e+02	1.920872e+02	8.917751e+01	4.006512e+01	1.238181e+01	2.808623e+00	7.907630e-01	2.611439e-01	9.744253e-02	3.907042e-02	1.709646e-02	7.956076e-03	3.877413e-03	1.933217e-03	9.613600e-04	4.723713e-04	2.255140e-04	1.065903e-04	5.084332e-05	2.504314e-05	1.286897e-05	6.878994e-06	3.813276e-06	2.171517e-06	1.270089e-06	7.576942e-07	4.610102e-07	2.915798e-07	1.909287e-07	1.256747e-07	7.759770e-08	4.550590e-08	2.351391e-08	1.053716e-08	4.297264e-09	1.703441e-09	6.856206e-10	2.850741e-10	1.227023e-10	5.447209e-11	2.481969e-11	1.154795e-11	5.451862e-12	2.586718e-12	1.216191e-12	5.570377e-13	2.446236e-13	1.019767e-13	4.033996e-14	1.538536e-14	
R559	9.018001e-01	1.258558e+02	2.195060e+03	1.064132e+03	3.272092e+02	1.185814e+02	5.218363e+01	2.230810e+01	7.801859e+00	2.137190e+00	5.420377e-01	1.206625e-01	2.510439e-02	5.101457e-03	1.082252e-03	2.385656e-04	5.543239e-05	1.350172e-05	3.393421e-06	8.870245e-07	2.402854e-07	7.098718e-08	2.363238e-08	9.121223e-09	4.088733e-09	2.094168e-09	1.197271e-09	7.448865e-10	4.957083e-10	3.458855e-10	2.499445e-10	1.867910e-10	1.422482e-10	1.079452e-10	8.057526e-11	5.916899e-11	4.224421e-11	2.912672e-11	1.973186e-11	1.366555e-11	1.000913e-11	7.862381e-12	6.618058e-12	5.924429e-12	5.585973e-12	5.488093e-12	5.545005e-12	5.659419e-12	5.699653e-12	5.518591e-12	5.022471e-12	4.238266e-12	3.303633e-12	2.365364e-12	
R560	1.323137e+01	3.403886e+01	2.834563e+01	5.708430e+00	1.066319e+00	2.000674e-01	4.384808e-02	7.347757e-03	2.931636e-04	9.802051e-06	1.210517e-06	3.021251e-07	1.226214e-07	6.437535e-08	4.185687e-08	3.070501e-08	2.409290e-08	1.904949e-08	1.430778e-08	9.981198e-09	6.334514e-09	3.852620e-09	2.338440e-09	1.476028e-09	9.869090e-10	7.018547e-10	5.283170e-10	4.178772e-10	3.467748e-10	3.017342e-10	2.769315e-10	2.778688e-10	3.068759e-10	3.543464e-10	3.655884e-10	3.367108e-10	2.316287e-10	1.131910e-10	4.270038e-11	1.403375e-11	4.372563e-12	1.346686e-12	4.172679e-13	1.311684e-13	4.210006e-14	1.388259e-14	4.725217e-15	1.660889e-15	6.001753e-16	2.219333e-16	8.439859e-17	3.378025e-17	1.492132e-17	8.140487e-18	
R561	5.476131e+05	4.990975e+04	2.576217e+02	2.263804e+01	4.332920e+00	9.767569e-01	2.348928e-01	3.242106e-02	4.974317e-04	4.535470e-06	2.233754e-07	3.324418e-08	1.083861e-08	5.512379e-09	3.874117e-09	3.366211e-09	3.377927e-09	3.738699e-09	4.436523e-09	5.607475e-09	7.259477e-09	9.427387e-09	1.177944e-08	1.398531e-08	1.579529e-08	1.716422e-08	1.793590e-08	1.813060e-08	1.774952e-08	1.700955e-08	1.609800e-08	1.530429e-08	1.484002e-08	1.464746e-08	1.378104e-08	1.254124e-08	1.000707e-08	6.487777e-09	3.315589e-09	1.365427e-09	4.760212e-10	1.477380e-10	4.250357e-11	1.171412e-11	3.241258e-12	1.045890e-12	5.804181e-13	6.989877e-13	1.178958e-12	1.792245e-12	2.129764e-12	1.989806e-12	1.605485e-12	1.479172e-12	
R562	4.720558e-12	4.032249e-10	1.636853e-08	7.034816e-08	1.630572e-07	2.885277e-07	4.369175e-07	6.963451e-07	1.530731e-06	2.746694e-06	2.883959e-06	2.200699e-06	1.397869e-06	8.151292e-07	4.642582e-07	2.658845e-07	1.553250e-07	9.299057e-08	5.700670e-08	3.598237e-08	2.331006e-08	1.565457e-08	1.094873e-08	8.025993e-09	6.172142e-09	4.947052e-09	4.093559e-09	3.450083e-09	2.934339e-09	2.487006e-09	2.082845e-09	1.719027e-09	1.389770e-09	1.102231e-09	8.573476e-10	6.705802e-10	5.296050e-10	4.240100e-10	3.435024e-10	2.795330e-10	2.272056e-10	1.841699e-10	1.489481e-10	1.202226e-10	9.673504e-11	7.733043e-11	6.099535e-11	4.690770e-11	3.455654e-11	2.386639e-11	1.512441e-11	8.642266e-12	4.402018e-12	2.011706e-12	
R563	1.327350e-05	2.456403e-05	9.674499e-05	1.397527e-04	1.443963e-04	1.311219e-04	1.119452e-04	8.683133e-05	4.783996e-05	1.460756e-05	3.128193e-06	5.504592e-07	9.602881e-08	1.780500e-08	3.798873e-09	9.237739e-10	2.544363e-10	7.791439e-11	2.592626e-11	9.436701e-12	3.654230e-12	1.547971e-12	7.161948e-13	3.677905e-13	2.103528e-13	1.331485e-13	9.097597e-14	6.557051e-14	4.871584e-14	3.662907e-14	2.747004e-14	2.034968e-14	1.478967e-14	1.056348e-14	7.428143e-15	5.247998e-15	3.770663e-15	2.789127e-15	2.124814e-15	1.647771e-15	1.288278e-15	1.013275e-15	8.031217e-16	6.425352e-16	5.187104e-16	4.209336e-16	3.401344e-16	2.687545e-16	2.018752e-16	1.392090e-16	8.516761e-17	4.501849e-17	2.019614e-17	7.712598e-18	
R564	1.592781e-06	2.947698e-06	1.162081e-05	1.680017e-05	1.736802e-05	1.577507e-05	1.345506e-05	1.041656e-05	5.728454e-06	1.746317e-06	3.734314e-07	6.562320e-08	1.143268e-08	2.116689e-09	4.508609e-10	1.094140e-10	3.005952e-11	9.175001e-12	3.040139e-12	1.100469e-12	4.230745e-13	1.775331e-13	8.113127e-14	4.100059e-14	2.296862e-14	1.415743e-14	9.352821e-15	6.462686e-15	4.558580e-15	3.219329e-15	2.242227e-15	1.525660e-15	1.008415e-15	6.499792e-16	4.105093e-16	2.601836e-16	1.681350e-16	1.125265e-16	7.823882e-17	5.595669e-17	4.080387e-17	3.026937e-17	2.286501e-17	1.759686e-17	1.377438e-17	1.091063e-17	8.652022e-18	6.737876e-18	5.005201e-18	3.422330e-18	2.080314e-18	1.094265e-18	4.890959e-19	1.862573e-19	
R565	2.451244e+01	7.184530e+01	2.358299e+02	4.008964e+02	5.212990e+02	5.392794e+02	5.022591e+02	4.503343e+02	3.186086e+02	1.500093e+02	5.706161e+01	1.935170e+01	6.576025e+00	2.314141e+00	8.902222e-01	3.737712e-01	1.697627e-01	8.243060e-02	4.221790e-02	2.286560e-02	1.274306e-02	7.306483e-03	4.228160e-03	2.468997e-03	1.455782e-03	8.662787e-04	5.142246e-04	3.018182e-04	1.735490e-04	9.738773e-05	5.323843e-05	2.832669e-05	1.476149e-05	7.633814e-06	3.981152e-06	2.111114e-06	1.155689e-06	6.549644e-07	3.786668e-07	2.183812e-07	1.236033e-07	6.835794e-08	3.731924e-08	2.093484e-08	1.342040e-08	1.114137e-08	1.118930e-08	1.100695e-08	9.214770e-09	6.201645e-09	3.299863e-09	1.403046e-09	5.067998e-10	1.893811e-10	
R566	5.999968e-02	3.972458e-03	9.936819e-04	6.621302e-04	5.762853e-04	5.482069e-04	5.506584e-04	4.776417e-04	1.839653e-04	3.690439e-05	8.605246e-06	2.320763e-06	7.271274e-07	2.531657e-07	1.044153e-07	5.024553e-08	2.764442e-08	1.692851e-08	1.124876e-08	8.149844e-09	6.106849e-09	4.713453e-09	3.583437e-09	2.674747e-09	1.968521e-09	1.445212e-09	1.042629e-09	7.352245e-10	4.993911e-10	3.268103e-10	2.055956e-10	1.252251e-10	7.463676e-11	4.321691e-11	2.244086e-11	1.048006e-11	3.934300e-12	1.132328e-12	2.630953e-13	5.418973e-14	1.061027e-14	2.044483e-15	3.924820e-16	7.520768e-17	1.435602e-17	2.719374e-18	5.078707e-19	9.241513e-20	1.607043e-20	2.604931e-21	3.846313e-22	5.127411e-23	6.397192e-24	1.278124e-24	
R567	3.044889e+00	1.201222e-01	2.576240e-02	1.675497e-02	1.410059e-02	1.227319e-02	1.078109e-02	6.967268e-03	1.185104e-03	9.414197e-05	1.306848e-05	2.733649e-06	8.108473e-07	3.010656e-07	1.430354e-07	8.281517e-08	5.631286e-08	4.333273e-08	3.655946e-08	3.387777e-08	3.259156e-08	3.240193e-08	3.179885e-08	3.071099e-08	2.932199e-08	2.802063e-08	2.642406e-08	2.450369e-08	2.206566e-08	1.935738e-08	1.655860e-08	1.394149e-08	1.170388e-08	9.755006e-09	7.511072e-09	5.380446e-09	3.242009e-09	1.557559e-09	6.089969e-10	2.064264e-10	6.430684e-11	1.911463e-11	5.533654e-12	1.577272e-12	4.452955e-13	1.248821e-13	3.475723e-14	9.528824e-15	2.532310e-15	6.377762e-16	1.488721e-16	3.180558e-17	6.305725e-18	1.523105e-18	
R569	7.851447e+00	6.089552e+01	1.910863e+01	3.149108e+00	5.893793e-01	1.364511e-01	3.865065e-02	7.371585e-03	2.595800e-04	5.622522e-06	3.833162e-07	5.167036e-08	1.161165e-08	3.532027e-09	1.388730e-09	6.461881e-10	3.415420e-10	1.976206e-10	1.214325e-10	7.926656e-11	5.330868e-11	3.768250e-11	2.774026e-11	2.147791e-11	1.753000e-11	1.509425e-11	1.350582e-11	1.245700e-11	1.171721e-11	1.121927e-11	1.092130e-11	1.086022e-11	1.105278e-11	1.135497e-11	1.132430e-11	1.087363e-11	9.528670e-12	7.326061e-12	4.921182e-12	2.985017e-12	1.707423e-12	9.525560e-13	5.294737e-13	2.974579e-13	1.724117e-13	1.107877e-13	9.549003e-14	1.233353e-13	1.903133e-13	2.790707e-13	3.598212e-13	4.081664e-13	4.273576e-13	4.716270e-13	
R570	8.175328e-01	8.273150e+01	3.989727e+02	2.069807e+02	8.163887e+01	3.604924e+01	1.888908e+01	8.779035e+00	2.153215e+00	4.162218e-01	1.178741e-01	4.029685e-02	1.539799e-02	6.121266e-03	2.544713e-03	1.078093e-03	4.653549e-04	2.034370e-04	8.931638e-05	3.966964e-05	1.776779e-05	8.258267e-06	4.044801e-06	2.118884e-06	1.188536e-06	7.084958e-07	4.440855e-07	2.893748e-07	1.950467e-07	1.351883e-07	9.628946e-08	7.157449e-08	5.535609e-08	4.316252e-08	3.166073e-08	2.177873e-08	1.305141e-08	6.720540e-09	3.127446e-09	1.407635e-09	6.412036e-10	3.011981e-10	1.464219e-10	7.351534e-11	3.800922e-11	2.018163e-11	1.096686e-11	6.061984e-12	3.374528e-12	1.868288e-12	1.017394e-12	5.419600e-13	2.831376e-13	1.468400e-13	
R571	8.175328e-01	8.273150e+01	3.989727e+02	2.069807e+02	8.163887e+01	3.604924e+01	1.888908e+01	8.779035e+00	2.153215e+00	4.162218e-01	1.178741e-01	4.029685e-02	1.539799e-02	6.121266e-03	2.544713e-03	1.078093e-03	4.653549e-04	2.034370e-04	8.931638e-05	3.966964e-05	1.776779e-05	8.258267e-06	4.044801e-06	2.118884e-06	1.188536e-06	7.084958e-07	4.440855e-07	2.893748e-07	1.950467e-07	1.351883e-07	9.628946e-08	7.157449e-08	5.535609e-08	4.316252e-08	3.166073e-08	2.177873e-08	1.305141e-08	6.720540e-09	3.127446e-09	1.407635e-09	6.412036e-10	3.011981e-10	1.464219e-10	7.351534e-11	3.800922e-11	2.018163e-11	1.096686e-11	6.061984e-12	3.374528e-12	1.868288e-12	1.017394e-12	5.419600e-13	2.831376e-13	1.468400e-13	
R572	2.468463e+02	5.568089e+03	2.119814e+04	1.018934e+04	3.734477e+03	1.544011e+03	7.399262e+02	3.078749e+02	6.954648e+01	1.211073e+01	2.796181e+00	7.343167e-01	2.172100e-01	6.963056e-02	2.454417e-02	9.208221e-03	3.651543e-03	1.509380e-03	6.398955e-04	2.792344e-04	1.240433e-04	5.782780e-05	2.862218e-05	1.528516e-05	8.822452e-06	5.476781e-06	3.602780e-06	2.483906e-06	1.774617e-06	1.304473e-06	9.809458e-07	7.518382e-07	5.839539e-07	4.537915e-07	3.506269e-07	2.652088e-07	1.955033e-07	1.402714e-07	9.903333e-08	7.032660e-08	5.118137e-08	3.849982e-08	2.996532e-08	2.408010e-08	1.992085e-08	1.691394e-08	1.468392e-08	1.296264e-08	1.154615e-08	1.028876e-08	9.112230e-09	8.002258e-09	6.976196e-09	5.998787e-09	
R574	2.794390e+02	5.717537e+02	1.828078e+02	2.327884e+01	4.028107e+00	1.237194e+00	5.619206e-01	2.252689e-01	3.535197e-02	3.286892e-03	5.382946e-04	1.302212e-04	4.206334e-05	1.609140e-05	7.416231e-06	3.924506e-06	2.306365e-06	1.446524e-06	9.323770e-07	6.121264e-07	3.931879e-07	2.503799e-07	1.573621e-07	9.943339e-08	6.391406e-08	4.202415e-08	2.807482e-08	1.893689e-08	1.284538e-08	8.749323e-09	5.996268e-09	4.229410e-09	3.080273e-09	2.239654e-09	1.462033e-09	8.607004e-10	4.040538e-10	1.465439e-10	4.424311e-11	1.235263e-11	3.417285e-12	9.633376e-13	2.783148e-13	8.222143e-14	2.474986e-14	7.565961e-15	2.338760e-15	7.251088e-16	2.223384e-16	6.619989e-17	1.882372e-17	5.079721e-18	1.328438e-18	4.408232e-19	
R575	8.841348e+03	1.027157e+04	2.668416e+03	3.122491e+02	4.880601e+01	1.269310e+01	4.678848e+00	1.306997e+00	8.518017e-02	3.051802e-03	2.975415e-04	5.582893e-05	1.707253e-05	6.964914e-06	3.697673e-06	2.354307e-06	1.709990e-06	1.347685e-06	1.102940e-06	9.261306e-07	7.637544e-07	6.264649e-07	5.082499e-07	4.155363e-07	3.465097e-07	2.965587e-07	2.589717e-07	2.297132e-07	2.065801e-07	1.886214e-07	1.757748e-07	1.713813e-07	1.758052e-07	1.840011e-07	1.781087e-07	1.608319e-07	1.211858e-07	7.336778e-08	3.727462e-08	1.712669e-08	7.538369e-09	3.278132e-09	1.428217e-09	6.276177e-10	2.794169e-10	1.264622e-10	5.825635e-11	2.721228e-11	1.275174e-11	5.899225e-12	2.651793e-12	1.146861e-12	4.765984e-13	1.911995e-13	
R576	7.858976e+02	9.130289e+02	2.371925e+02	2.775548e+01	4.338312e+00	1.128276e+00	4.158976e-01	1.161775e-01	7.571571e-03	2.712713e-04	2.644813e-05	4.962572e-06	1.517558e-06	6.191034e-07	3.286820e-07	2.092717e-07	1.519991e-07	1.197943e-07	9.803915e-08	8.232272e-08	6.788928e-08	5.568577e-08	4.517777e-08	3.693656e-08	3.080086e-08	2.636078e-08	2.301970e-08	2.041895e-08	1.836268e-08	1.676635e-08	1.562442e-08	1.523389e-08	1.562713e-08	1.635565e-08	1.583189e-08	1.429617e-08	1.077207e-08	6.521580e-09	3.313300e-09	1.522372e-09	6.700773e-10	2.913895e-10	1.269526e-10	5.578824e-11	2.483706e-11	1.124109e-11	5.178342e-12	2.418870e-12	1.133488e-12	5.243755e-13	2.357149e-13	1.019432e-13	4.236430e-14	1.699551e-14	
R577	8.705134e+02	7.246005e+03	8.115357e+02	1.121157e+01	2.009671e-01	7.168821e-03	4.753715e-04	2.461500e-05	2.301902e-07	1.493495e-09	4.162282e-11	2.566508e-12	2.847898e-13	4.417188e-14	9.293525e-15	2.330664e-15	6.511869e-16	1.864902e-16	5.021722e-17	1.230030e-17	2.655187e-18	5.498742e-19	1.176098e-19	2.790509e-20	7.555431e-21	2.330182e-21	8.090297e-22	3.103862e-22	1.308342e-22	5.995332e-23	2.990377e-23	1.694512e-23	1.086639e-23	7.257511e-24	4.145647e-24	1.993050e-24	6.510412e-25	1.388173e-25	2.223745e-26	3.210386e-27	4.698885e-28	7.319064e-29	1.226347e-29	2.205133e-30	4.238344e-31	8.683896e-32	1.890047e-32	4.334733e-33	1.033109e-33	2.523666e-34	6.309141e-35	1.649884e-35	4.760904e-36	1.726363e-36	
R578	1.975029e+03	1.662758e+04	1.161794e+04	2.611423e+03	6.672996e+02	2.459316e+02	1.230149e+02	5.544295e+01	1.015578e+01	1.106254e+00	1.902563e-01	4.532127e-02	1.478239e-02	5.988929e-03	3.023066e-03	1.788043e-03	1.187696e-03	8.484386e-04	6.269819e-04	4.739876e-04	3.524453e-04	2.608601e-04	1.915946e-04	1.423251e-04	1.082603e-04	8.482900e-05	6.801867e-05	5.549827e-05	4.583458e-05	3.822018e-05	3.217318e-05	2.757903e-05	2.410350e-05	2.126039e-05	1.827980e-05	1.550785e-05	1.243684e-05	9.172861e-06	6.226753e-06	3.993648e-06	2.491508e-06	1.541297e-06	9.550889e-07	5.958479e-07	3.752329e-07	2.387366e-07	1.531790e-07	9.847883e-08	6.266667e-08	3.883276e-08	2.306301e-08	1.298249e-08	6.889602e-09	3.420811e-09	
R579	4.825153e+00	2.403404e+02	1.962138e+02	9.773441e+00	5.120518e-01	5.552097e-02	1.070992e-02	1.615329e-03	5.675654e-05	1.073484e-06	4.891559e-08	3.679975e-09	4.187828e-10	6.201249e-11	1.205470e-11	2.807429e-12	7.533171e-13	2.213636e-13	6.763690e-14	2.132370e-14	6.675238e-15	2.188264e-15	7.705472e-16	3.035349e-16	1.354630e-16	6.816788e-17	3.786815e-17	2.278668e-17	1.464084e-17	9.930290e-18	7.071268e-18	5.351433e-18	4.268598e-18	3.434382e-18	2.585038e-18	1.786384e-18	1.048254e-18	5.144520e-19	2.245308e-19	9.534431e-20	4.200004e-20	1.972450e-20	9.921602e-21	5.323225e-21	3.028633e-21	1.816790e-21	1.140876e-21	7.413095e-22	4.896576e-22	3.219374e-22	2.069961e-22	1.291327e-22	7.842588e-23	4.656154e-23	
R596	8.449175e-03	4.310507e-02	4.947444e-01	5.404201e-01	3.520962e-01	2.190554e-01	1.406603e-01	8.862488e-02	5.303926e-02	3.542537e-02	2.885330e-02	2.434379e-02	1.956099e-02	1.469848e-02	1.052110e-02	7.287733e-03	4.941257e-03	3.297507e-03	2.171961e-03	1.417811e-03	9.171303e-04	5.896899e-04	3.766780e-04	2.392143e-04	1.510924e-04	9.496972e-05	5.942199e-05	3.701163e-05	2.298596e-05	1.425551e-05	8.851020e-06	5.568206e-06	3.554279e-06	2.258685e-06	1.356710e-06	7.758483e-07	4.133411e-07	2.198449e-07	1.605197e-07	1.678190e-06	1.568600e-05	1.123637e-04	5.938058e-04	2.513952e-03	1.056171e-02	3.946741e-02	1.173927e-01	2.714767e-01	4.948136e-01	7.267625e-01	8.804154e-01	9.043770e-01	8.261695e-01	7.519495e-01	
R597	6.196062e-02	3.161038e-01	3.628125e+00	3.963081e+00	2.582039e+00	1.606407e+00	1.031509e+00	6.499158e-01	3.889546e-01	2.597861e-01	2.115909e-01	1.785211e-01	1.434473e-01	1.077889e-01	7.715475e-02	5.344338e-02	3.623588e-02	2.418172e-02	1.592772e-02	1.039728e-02	6.725622e-03	4.324393e-03	2.762305e-03	1.754238e-03	1.108011e-03	6.964446e-04	4.357613e-04	2.714186e-04	1.685637e-04	1.045404e-04	6.490748e-05	4.083351e-05	2.606472e-05	1.656369e-05	9.949203e-06	5.689554e-06	3.031168e-06	1.612196e-06	1.177145e-06	1.230672e-05	1.150307e-04	8.240005e-04	4.354576e-03	1.843564e-02	7.745251e-02	2.894277e-01	8.608798e-01	1.990829e+00	3.628633e+00	5.329591e+00	6.456380e+00	6.632098e+00	6.058577e+00	5.514296e+00	
R598	6.931641e-05	3.536306e-04	4.058845e-03	4.433565e-03	2.888569e-03	1.797113e-03	1.153964e-03	7.270696e-04	4.351257e-04	2.906160e-04	2.366865e-04	1.996743e-04	1.604226e-04	1.205243e-04	8.625475e-05	5.973469e-05	4.049275e-05	2.701615e-05	1.779004e-05	1.160967e-05	7.507435e-06	4.825337e-06	3.081030e-06	1.955744e-06	1.234648e-06	7.756060e-07	4.849883e-07	3.018723e-07	1.873319e-07	1.160809e-07	7.200494e-08	4.525030e-08	2.884956e-08	1.830853e-08	1.098028e-08	6.266456e-09	3.329615e-09	1.764694e-09	1.282465e-09	1.332421e-08	1.235014e-07	8.747560e-07	4.552866e-06	1.887990e-05	7.710079e-05	2.770439e-04	7.802660e-04	1.671752e-03	2.740431e-03	3.485004e-03	3.498388e-03	2.856087e-03	2.035814e-03	1.531908e-03	
R599	3.408057e-04	1.738684e-03	1.995599e-02	2.179836e-02	1.420213e-02	8.835804e-03	5.673658e-03	3.574759e-03	2.139368e-03	1.428862e-03	1.163709e-03	9.817318e-04	7.887445e-04	5.925779e-04	4.240858e-04	2.936956e-04	1.990894e-04	1.328294e-04	8.746769e-05	5.708089e-05	3.691156e-05	2.372458e-05	1.514840e-05	9.615743e-06	6.070354e-06	3.813396e-06	2.384526e-06	1.484205e-06	9.210485e-07	5.707309e-07	3.540243e-07	2.224806e-07	1.418437e-07	9.001695e-08	5.398637e-08	3.081007e-08	1.637060e-08	8.676410e-09	6.305455e-09	6.551069e-08	6.072150e-07	4.300884e-06	2.238493e-05	9.282619e-05	3.790789e-04	1.362132e-03	3.836308e-03	8.219446e-03	1.347378e-02	1.713460e-02	1.720041e-02	1.404243e-02	1.000942e-02	7.531883e-03	
R608	4.760533e-42	4.178296e-41	8.286008e-41	2.007996e-41	1.804558e-42	7.492524e-44	3.227610e-45	1.845629e-46	9.361793e-48	1.995189e-48	2.245875e-48	3.088524e-48	4.633977e-48	6.875295e-48	9.986924e-48	1.413581e-47	1.953508e-47	2.649712e-47	3.561894e-47	4.846265e-47	6.648109e-47	9.166123e-47	1.240327e-46	1.630209e-46	2.076019e-46	2.570976e-46	3.092268e-46	3.608762e-46	4.073554e-46	4.441991e-46	4.683318e-46	4.872905e-46	5.029964e-46	4.944661e-46	4.140232e-46	2.905373e-46	1.557773e-46	6.785357e-47	2.893883e-47	1.887001e-47	3.637949e-47	1.160612e-46	3.233615e-46	7.529225e-46	1.771290e-45	3.861050e-45	7.011566e-45	1.046538e-44	1.330521e-44	1.501071e-44	1.536523e-44	1.446028e-44	1.319840e-44	1.280420e-44	
R617	5.534084e-19	1.804186e-16	1.143105e-14	2.131843e-14	1.199772e-14	3.869329e-15	1.191002e-15	4.162576e-16	1.835823e-16	9.325590e-17	5.624992e-17	3.219600e-17	1.618790e-17	7.040926e-18	2.752919e-18	1.023391e-18	3.815212e-19	1.464167e-19	5.797319e-20	2.356006e-20	9.674651e-21	3.985264e-21	1.631910e-21	6.625998e-22	2.665873e-22	1.063376e-22	4.208970e-23	1.652869e-23	6.461815e-24	2.521329e-24	9.869720e-25	3.977822e-25	1.655883e-25	6.827458e-26	2.492979e-26	8.131335e-27	2.252259e-27	6.110121e-28	1.991221e-28	8.108010e-29	3.812900e-29	1.926835e-29	1.013822e-29	5.645790e-30	3.867034e-30	4.634744e-30	1.038573e-29	2.713744e-29	5.760603e-29	8.932737e-29	1.014813e-28	8.866532e-29	6.696229e-29	6.393806e-29	
R618	4.451678e-05	2.289913e-04	1.223714e-02	7.473563e-03	1.778113e-03	3.948949e-04	9.523453e-05	2.262214e-05	4.972384e-06	1.509126e-06	7.543030e-07	4.241147e-07	2.260530e-07	1.095281e-07	4.974902e-08	2.172853e-08	9.286801e-09	3.909342e-09	1.623923e-09	6.691629e-10	2.728279e-10	1.105432e-10	4.440476e-11	1.769212e-11	6.991816e-12	2.742214e-12	1.067525e-12	4.123639e-13	1.585236e-13	6.081960e-14	2.340142e-14	9.248470e-15	3.764298e-15	1.518981e-15	5.477234e-16	1.790392e-16	5.079926e-17	1.431470e-17	4.833165e-18	2.016187e-18	9.602484e-19	4.860164e-19	2.512012e-19	1.299009e-19	6.641155e-20	3.326985e-20	1.619483e-20	7.588681e-21	3.385681e-21	1.421724e-21	5.588242e-22	2.104578e-22	8.770960e-23	1.412314e-22	
R645	2.259029e-04	1.742492e-03	3.334838e-03	2.871111e-03	2.009100e-03	1.308997e-03	8.420600e-04	4.709095e-04	1.328765e-04	1.522167e-05	1.104357e-06	1.195941e-07	5.512173e-08	3.634215e-08	2.342078e-08	1.492325e-08	9.577437e-09	6.285131e-09	4.273028e-09	3.041994e-09	2.262616e-09	1.736381e-09	1.346413e-09	1.035473e-09	7.778559e-10	5.625055e-10	3.847319e-10	2.450538e-10	1.436883e-10	7.772339e-11	3.927477e-11	1.879780e-11	8.696472e-12	3.916022e-12	1.733275e-12	7.282043e-13	2.915893e-13	1.126343e-13	4.275855e-14	1.622444e-14	6.238400e-15	2.467525e-15	1.035837e-15	5.005465e-16	3.196352e-16	2.743604e-16	2.603674e-16	2.287885e-16	1.730884e-16	1.110190e-16	6.088768e-17	2.927402e-17	1.304403e-17	6.174337e-18	
M2	2.742705e-24	8.375213e-23	5.390924e-21	3.108840e-20	8.576967e-20	1.551463e-19	2.534996e-19	3.601354e-19	1.937899e-19	7.062617e-20	4.455446e-20	3.450872e-20	3.385317e-20	3.944748e-20	5.595653e-20	9.349096e-20	1.781983e-19	3.776989e-19	8.747640e-19	2.224544e-18	5.883340e-18	1.576512e-17	4.011050e-17	9.513211e-17	2.106135e-16	4.437731e-16	8.842242e-16	1.679469e-15	3.020281e-15	5.211006e-15	8.672137e-15	1.400470e-14	2.226271e-14	3.457661e-14	4.799023e-14	5.868078e-14	5.727320e-14	4.474618e-14	3.061345e-14	2.320308e-14	3.016406e-14	6.905454e-14	1.543276e-13	2.910434e-13	5.523156e-13	9.435272e-13	1.304118e-12	1.432740e-12	1.274976e-12	9.436399e-13	5.969355e-13	3.333505e-13	2.938016e-12	1.067622e-06	
M3	2.313875e+02	1.962185e+02	5.780099e+01	6.469276e+00	1.006060e+00	1.786203e-01	3.784105e-02	6.736638e-03	3.984778e-04	2.441686e-05	4.348981e-06	1.241972e-06	4.944111e-07	2.422378e-07	1.457076e-07	1.033949e-07	8.345727e-08	7.420682e-08	7.088941e-08	7.224957e-08	7.517103e-08	7.824053e-08	7.787752e-08	7.301879e-08	6.398688e-08	5.204518e-08	3.802343e-08	2.417886e-08	1.299540e-08	5.891597e-09	2.297179e-09	8.048862e-10	2.624188e-10	8.015725e-11	2.204385e-11	5.592689e-12	1.298742e-12	3.036814e-13	8.006364e-14	2.427368e-14	8.144964e-15	2.946661e-15	1.202987e-15	6.954027e-16	1.009370e-15	3.653987e-15	1.441625e-14	4.058029e-14	7.599752e-14	9.732321e-14	8.956025e-14	6.319309e-14	3.822170e-14	2.634467e-14	
M4	1.053591e+00	5.032418e+01	4.669784e+02	4.709964e+02	3.603213e+02	2.426136e+02	1.606914e+02	1.099708e+02	7.225302e+01	5.367428e+01	4.761804e+01	4.285805e+01	3.793082e+01	3.294502e+01	2.861071e+01	2.515438e+01	2.236385e+01	2.008480e+01	1.822491e+01	1.672577e+01	1.537190e+01	1.394717e+01	1.225708e+01	1.031138e+01	8.246689e+00	6.220967e+00	4.368228e+00	2.808397e+00	1.635905e+00	8.615397e-01	4.147205e-01	1.873752e-01	8.083350e-02	3.350195e-02	1.308639e-02	4.957379e-03	1.812599e-03	6.698965e-04	2.643060e-04	1.122287e-04	5.023725e-05	2.336744e-05	1.153937e-05	6.766401e-06	6.262381e-06	9.096461e-06	1.367019e-05	1.713884e-05	1.724213e-05	1.404846e-05	9.458891e-06	5.412591e-06	2.775663e-06	1.477989e-06	
M5	1.329910e-14	5.934685e-13	2.391995e-11	9.132398e-11	1.695344e-10	2.235778e-10	2.670620e-10	3.035066e-10	2.373180e-10	1.707055e-10	1.743571e-10	2.071972e-10	2.678894e-10	3.594798e-10	5.011783e-10	7.294506e-10	1.104026e-09	1.740199e-09	2.867904e-09	4.971672e-09	8.883003e-09	1.596221e-08	2.781588e-08	4.625540e-08	7.328737e-08	1.113950e-07	1.622760e-07	2.268676e-07	3.035888e-07	3.896658e-07	4.795341e-07	5.675976e-07	6.481975e-07	7.108930e-07	7.049677e-07	6.353159e-07	4.885031e-07	3.280927e-07	2.112464e-07	1.632598e-07	2.309855e-07	6.054673e-07	1.609755e-06	3.712029e-06	8.768127e-06	1.881210e-05	3.269263e-05	4.492708e-05	4.954416e-05	4.490754e-05	3.430930e-05	2.274959e-05	1.375536e-05	8.544945e-06	
M6	1.719172e+02	6.399391e+01	1.264288e+01	1.360230e+00	1.487800e-01	1.454211e-02	1.546332e-03	1.629924e-04	1.053885e-05	1.197219e-06	3.714220e-07	1.546132e-07	7.815888e-08	4.419398e-08	2.733407e-08	1.811793e-08	1.263963e-08	9.164592e-09	6.849954e-09	5.255740e-09	4.079212e-09	3.156820e-09	2.391010e-09	1.755730e-09	1.243671e-09	8.440607e-10	5.413853e-10	3.224895e-10	1.762388e-10	8.803149e-11	4.056297e-11	1.767540e-11	7.400291e-12	2.991936e-12	1.144981e-12	4.263850e-13	1.537643e-13	5.624680e-14	2.205163e-14	9.344614e-15	4.194197e-15	1.966246e-15	9.843279e-16	5.891161e-16	5.610705e-16	8.470694e-16	1.339370e-15	1.793187e-15	1.960486e-15	1.770905e-15	1.350860e-15	8.952033e-16	5.416493e-16	3.405173e-16	
M7	1.666152e-09	2.331466e-08	3.369597e-07	1.011999e-06	1.825459e-06	2.540002e-06	3.071738e-06	3.131495e-06	2.046152e-06	8.984050e-07	4.939942e-07	3.370971e-07	2.555522e-07	1.949834e-07	1.479482e-07	1.108341e-07	8.194443e-08	5.998136e-08	4.380835e-08	3.254877e-08	2.446869e-08	1.853391e-08	1.380758e-08	1.001681e-08	7.065926e-09	4.873075e-09	3.290338e-09	2.182209e-09	1.424882e-09	9.212455e-10	5.945431e-10	3.925182e-10	2.675214e-10	1.825074e-10	1.133548e-10	6.387733e-11	3.021364e-11	1.258705e-11	5.339117e-12	3.456485e-12	6.469931e-12	1.953922e-11	5.031607e-11	1.060553e-10	2.222874e-10	4.251717e-10	6.626246e-10	8.158184e-10	8.009484e-10	6.390617e-10	4.229876e-10	2.385015e-10	1.208708e-10	6.453345e-11	
M9	1.028228e+00	2.527171e+00	8.452327e+00	8.456508e+00	5.767822e+00	3.495932e+00	2.100623e+00	1.140459e+00	3.638177e-01	8.388547e-02	3.028793e-02	1.495655e-02	8.681130e-03	5.336315e-03	3.462215e-03	2.349322e-03	1.652819e-03	1.193548e-03	8.777596e-04	6.583234e-04	4.945108e-04	3.690167e-04	2.679430e-04	1.882381e-04	1.280870e-04	8.495685e-05	5.495854e-05	3.478993e-05	2.160699e-05	1.326169e-05	8.104349e-06	5.035142e-06	3.210937e-06	2.063181e-06	1.232050e-06	6.965910e-07	3.513551e-07	1.650796e-07	7.881888e-08	3.911623e-08	1.963876e-08	9.751878e-09	4.769044e-09	2.337551e-09	1.246793e-09	8.706737e-10	8.301275e-10	8.528010e-10	7.846112e-10	6.100713e-10	3.991457e-10	2.237759e-10	1.130870e-10	6.061000e-11	
M10	4.049984e+03	7.067339e+02	6.777046e+01	2.506427e+01	1.328427e+01	6.948590e+00	3.418299e+00	1.053995e+00	5.822683e-02	1.882453e-03	2.063794e-04	5.214845e-05	2.366819e-05	1.490732e-05	1.203111e-05	1.150285e-05	1.236883e-05	1.442645e-05	1.784537e-05	2.331837e-05	3.104988e-05	4.127516e-05	5.261591e-05	6.354735e-05	7.283804e-05	8.016788e-05	8.474890e-05	8.660243e-05	8.569095e-05	8.301543e-05	7.948318e-05	7.653323e-05	7.528574e-05	7.561863e-05	7.289168e-05	6.873796e-05	5.813244e-05	4.143898e-05	2.435349e-05	1.201314e-05	5.160316e-06	2.003526e-06	7.249665e-07	2.507168e-07	8.546469e-08	3.114140e-08	1.479892e-08	1.032754e-08	8.497022e-09	6.589232e-09	4.464146e-09	2.638532e-09	1.420730e-09	7.962725e-10	
M12	1.218336e+06	5.241250e+05	5.112982e+05	4.568304e+05	3.872545e+05	2.906965e+05	1.981032e+05	1.125013e+05	3.479806e+04	9.007684e+03	3.773162e+03	2.220592e+03	1.631243e+03	1.342425e+03	1.188809e+03	1.106714e+03	1.064042e+03	1.046298e+03	1.048039e+03	1.067871e+03	1.096878e+03	1.119537e+03	1.118029e+03	1.084019e+03	1.020472e+03	9.352554e+02	8.371885e+02	7.331677e+02	6.304372e+02	5.338742e+02	4.472375e+02	3.750369e+02	3.168742e+02	2.703214e+02	2.261284e+02	1.906308e+02	1.557923e+02	1.203506e+02	8.713930e+01	5.946174e+01	3.866349e+01	2.422518e+01	1.476969e+01	8.834462e+00	5.220385e+00	3.064946e+00	1.795303e+00	1.050861e+00	6.134919e-01	3.552729e-01	2.025236e-01	1.126953e-01	6.062414e-02	3.091938e-02	
M13	3.227490e-02	1.072604e-02	1.909368e-02	2.987032e-02	4.438017e-02	5.503378e-02	5.909463e-02	4.557637e-02	1.053189e-02	1.521814e-03	4.941470e-04	2.820650e-04	2.371166e-04	2.460870e-04	3.034524e-04	4.247612e-04	6.511871e-04	1.064930e-03	1.827064e-03	3.283962e-03	5.984215e-03	1.083432e-02	1.874773e-02	3.064681e-02	4.743239e-02	7.035360e-02	1.001100e-01	1.375954e-01	1.830893e-01	2.385764e-01	3.074713e-01	3.989667e-01	5.297414e-01	7.204302e-01	9.466589e-01	1.230824e+00	1.467901e+00	1.530777e+00	1.376495e+00	1.082134e+00	7.620551e-01	4.924717e-01	2.982064e-01	1.721819e-01	9.620848e-02	5.267050e-02	2.851804e-02	1.534432e-02	8.193741e-03	4.312637e-03	2.216352e-03	1.102633e-03	5.271783e-04	2.391492e-04	
M16	6.203457e-02	1.437439e-01	6.592466e-01	1.887792e+00	4.342316e+00	7.171935e+00	9.844198e+00	1.161098e+01	7.179125e+00	3.085882e+00	1.767530e+00	1.280888e+00	1.148492e+00	1.183699e+00	1.387806e+00	1.804592e+00	2.530095e+00	3.750355e+00	5.809999e+00	9.401824e+00	1.544772e+01	2.523666e+01	3.953430e+01	5.871879e+01	8.289877e+01	1.125743e+02	1.470865e+02	1.859588e+02	2.272411e+02	2.704261e+02	3.148193e+02	3.591465e+02	4.062857e+02	4.656525e+02	5.434992e+02	6.638875e+02	8.427030e+02	1.070608e+03	1.286301e+03	1.411551e+03	1.408934e+03	1.295270e+03	1.115542e+03	9.144227e+02	7.227381e+02	5.562179e+02	4.194642e+02	3.106310e+02	2.252520e+02	1.588055e+02	1.078287e+02	6.982285e+01	4.263030e+01	2.393483e+01	
M17	2.592839e+01	7.766754e+02	1.764002e+04	6.570939e+04	1.519397e+05	2.609275e+05	3.609931e+05	4.574375e+05	5.114453e+05	4.746875e+05	4.491665e+05	4.547920e+05	4.696664e+05	4.818947e+05	4.923071e+05	5.059627e+05	5.225599e+05	5.425593e+05	5.674256e+05	5.985166e+05	6.330189e+05	6.619554e+05	6.748918e+05	6.659395e+05	6.362697e+05	5.903946e+05	5.340872e+05	4.719170e+05	4.089243e+05	3.485570e+05	2.936118e+05	2.473908e+05	2.098765e+05	1.796634e+05	1.507135e+05	1.273556e+05	1.042335e+05	8.051159e+04	5.815073e+04	3.946329e+04	2.542689e+04	1.571959e+04	9.408464e+03	5.490513e+03	3.141200e+03	1.768610e+03	9.817790e+02	5.367689e+02	2.876901e+02	1.499651e+02	7.531738e+01	3.612867e+01	1.644743e+01	7.095255e+00	
M18	7.677199e-02	4.513830e-02	9.908456e-02	1.684639e-01	2.755970e-01	3.993373e-01	5.208942e-01	5.675700e-01	3.106109e-01	1.155459e-01	6.302201e-02	4.638048e-02	4.118427e-02	4.008025e-02	4.290510e-02	4.991492e-02	6.191612e-02	8.057900e-02	1.088822e-01	1.530138e-01	2.171787e-01	3.052587e-01	4.091995e-01	5.169782e-01	6.167649e-01	7.028103e-01	7.650783e-01	7.996324e-01	8.025738e-01	7.801438e-01	7.394227e-01	6.940915e-01	6.543121e-01	6.181816e-01	5.478090e-01	4.643434e-01	3.450229e-01	2.155449e-01	1.151783e-01	5.502128e-02	2.435307e-02	1.020227e-02	4.096592e-03	1.590161e-03	6.007546e-04	2.221439e-04	8.070970e-05	2.882367e-05	1.007142e-05	3.411684e-06	1.109094e-06	3.442895e-07	1.035881e-07	3.886960e-08	
M19	7.766046e+03	1.283074e+05	1.690547e+05	1.619871e+05	1.549019e+05	1.468457e+05	1.351600e+05	1.173574e+05	8.876795e+04	5.518688e+04	3.525013e+04	2.536032e+04	1.796677e+04	1.173024e+04	6.926663e+03	3.749921e+03	1.886224e+03	8.956841e+02	4.078036e+02	1.793480e+02	7.740082e+01	3.266149e+01	1.357753e+01	5.546279e+00	2.223638e+00	8.704184e-01	3.354623e-01	1.272074e-01	4.806148e-02	1.813848e-02	6.907425e-03	2.757810e-03	1.160675e-03	4.959857e-04	1.897331e-04	6.660009e-05	1.867895e-05	4.082587e-06	7.525760e-07	1.282568e-07	2.131267e-08	3.524471e-09	5.829131e-10	9.643753e-11	1.595755e-11	2.642408e-12	4.380771e-13	7.262110e-14	1.198122e-14	1.951406e-15	3.108885e-16	4.814103e-17	7.268417e-18	1.111495e-18	
M21	4.504814e+00	9.840133e+02	9.816971e+03	4.404197e+03	1.192994e+03	2.874939e+02	7.292320e+01	1.737087e+01	2.817176e+00	4.729698e-01	1.267728e-01	4.185430e-02	1.557852e-02	6.041409e-03	2.433365e-03	9.805830e-04	3.880193e-04	1.458706e-04	5.003518e-05	1.535111e-05	4.238920e-06	1.116546e-06	2.994736e-07	8.559073e-08	2.650540e-08	8.848441e-09	3.177773e-09	1.212787e-09	4.919584e-10	2.102035e-10	9.467062e-11	4.631260e-11	2.453827e-11	1.339287e-11	6.624473e-12	2.977998e-12	1.055879e-12	2.870485e-13	6.532994e-14	1.392213e-14	2.981242e-15	6.598251e-16	1.518034e-16	3.623206e-17	8.945151e-18	2.279044e-18	5.974997e-19	1.603305e-19	4.368959e-20	1.202144e-20	3.356722e-21	9.733098e-22	3.075845e-22	1.199008e-22	
M31	7.218349e+03	1.738044e+04	3.419423e+04	4.249253e+04	4.089459e+04	2.872418e+04	1.780566e+04	1.139927e+04	7.128941e+03	4.848392e+03	3.582475e+03	2.676689e+03	2.097259e+03	1.713996e+03	1.443170e+03	1.248063e+03	1.097380e+03	9.780784e+02	8.846403e+02	8.115212e+02	7.515925e+02	6.922065e+02	6.258144e+02	5.513096e+02	4.734141e+02	3.972374e+02	3.265017e+02	2.630166e+02	2.076982e+02	1.606301e+02	1.215520e+02	8.961403e+01	6.450917e+01	4.637858e+01	3.446097e+01	2.729347e+01	2.374055e+01	2.234261e+01	2.161468e+01	2.058830e+01	1.897458e+01	1.691271e+01	1.466585e+01	1.245394e+01	1.040967e+01	8.591467e+00	7.009388e+00	5.646894e+00	4.476744e+00	3.472575e+00	2.615401e+00	1.894260e+00	1.301288e+00	8.214089e-01	
M34	4.586718e-04	8.362413e-03	1.134101e-01	6.962272e-01	2.975493e+00	8.092283e+00	1.748809e+01	3.813485e+01	7.527002e+01	1.041441e+02	1.052242e+02	9.680802e+01	9.258320e+01	9.476154e+01	1.056344e+02	1.276002e+02	1.636084e+02	2.198171e+02	3.074937e+02	4.479856e+02	6.636813e+02	9.783632e+02	1.387514e+03	1.872435e+03	2.411344e+03	2.997989e+03	3.596714e+03	4.182805e+03	4.694061e+03	5.101615e+03	5.364831e+03	5.380771e+03	5.186054e+03	5.009218e+03	5.193287e+03	5.959791e+03	8.051749e+03	1.246198e+04	2.000544e+04	3.064435e+04	4.335434e+04	5.669928e+04	6.945325e+04	8.082477e+04	9.036214e+04	9.775983e+04	1.026852e+05	1.046598e+05	1.030607e+05	9.732537e+04	8.731084e+04	7.358718e+04	5.737428e+04	3.986850e+04	
M35	1.157815e-01	2.555084e+01	1.584781e+03	1.149445e+04	4.394566e+04	1.078375e+05	2.028904e+05	4.135102e+05	1.291011e+06	3.609470e+06	5.970252e+06	7.614807e+06	8.331166e+06	8.439192e+06	8.155182e+06	7.750719e+06	7.291423e+06	6.837410e+06	6.436312e+06	6.094673e+06	5.797105e+06	5.457327e+06	5.026407e+06	4.497633e+06	3.912944e+06	3.318796e+06	2.752617e+06	2.234195e+06	1.775659e+06	1.380635e+06	1.049403e+06	7.765917e+05	5.607871e+05	4.042186e+05	3.009467e+05	2.387355e+05	2.078140e+05	1.954231e+05	1.884726e+05	1.784340e+05	1.628636e+05	1.431591e+05	1.218067e+05	1.008679e+05	8.159277e+04	6.455298e+04	4.989116e+04	3.752804e+04	2.730409e+04	1.905821e+04	1.264213e+04	7.890691e+03	4.585940e+03	2.447814e+03	
M37	3.897268e-12	1.081087e-10	2.190987e-09	8.276110e-09	1.942749e-08	3.829955e-08	7.039392e-08	1.302362e-07	2.644392e-07	3.943520e-07	4.774026e-07	5.489321e-07	5.724362e-07	5.310148e-07	4.510620e-07	3.597798e-07	2.735206e-07	2.005601e-07	1.436227e-07	1.025754e-07	7.286027e-08	5.128023e-08	3.498536e-08	2.295231e-08	1.449357e-08	8.869752e-09	5.266191e-09	3.033786e-09	1.691964e-09	9.136931e-10	4.792777e-10	2.495765e-10	1.299601e-10	6.549787e-11	2.887129e-11	1.106384e-11	3.375939e-12	8.671276e-13	2.238438e-13	8.981873e-14	1.074331e-13	2.132727e-13	3.684958e-13	5.274146e-13	7.538534e-13	9.811320e-13	1.032647e-12	8.485966e-13	5.478349e-13	2.825436e-13	1.187522e-13	4.192329e-14	1.341147e-14	5.939174e-15	
M38	3.202472e-03	1.695413e-02	8.644259e-02	1.182585e-01	1.140526e-01	1.062629e-01	1.038450e-01	1.079199e-01	1.117726e-01	8.947945e-02	7.175264e-02	6.034239e-02	4.881141e-02	3.706976e-02	2.746172e-02	2.032788e-02	1.514877e-02	1.136076e-02	8.553781e-03	6.488918e-03	4.882482e-03	3.611563e-03	2.571460e-03	1.749340e-03	1.136211e-03	7.077141e-04	4.223606e-04	2.419719e-04	1.333607e-04	7.118873e-05	3.706055e-05	1.919927e-05	9.966638e-06	5.064335e-06	2.298748e-06	9.434697e-07	3.257361e-07	9.938103e-08	3.018143e-08	9.632733e-09	3.185876e-09	1.066108e-09	3.569790e-10	1.207868e-10	4.452682e-11	2.139015e-11	1.389631e-11	9.598590e-12	5.842205e-12	2.951061e-12	1.231169e-12	4.336854e-13	1.387563e-13	6.183930e-14	
M44	5.259651e-04	5.105708e-04	1.284096e-03	2.193456e-03	3.631392e-03	5.612960e-03	8.309535e-03	1.230048e-02	1.561218e-02	1.562346e-02	1.556104e-02	1.584607e-02	1.576705e-02	1.511108e-02	1.462267e-02	1.461912e-02	1.508323e-02	1.598271e-02	1.733632e-02	1.935433e-02	2.168522e-02	2.393314e-02	2.509494e-02	2.470731e-02	2.288437e-02	2.015877e-02	1.687978e-02	1.347975e-02	1.024809e-02	7.459054e-03	5.216675e-03	3.553123e-03	2.384459e-03	1.568851e-03	9.396486e-04	5.203027e-04	2.413065e-04	9.046127e-05	2.876967e-05	8.363042e-06	2.329555e-06	6.334165e-07	1.688462e-07	4.410711e-08	1.127755e-08	2.819200e-09	6.878930e-10	1.631853e-10	3.733774e-11	8.145957e-12	1.676198e-12	3.248687e-13	6.154621e-14	1.911277e-14	
M45	9.827340e-05	6.774820e-02	1.367017e+00	4.538383e-01	9.092044e-02	2.422825e-02	8.775238e-03	2.385189e-03	1.911318e-04	8.328450e-06	5.907178e-07	5.420568e-08	6.310564e-09	8.628593e-10	1.426497e-10	2.671534e-11	5.589829e-12	1.270812e-12	3.039076e-13	7.700223e-14	2.021891e-14	5.846987e-15	1.905974e-15	7.232843e-16	3.206343e-16	1.644178e-16	9.467727e-17	5.988505e-17	4.067638e-17	2.924785e-17	2.200952e-17	1.720579e-17	1.381323e-17	1.110127e-17	8.820255e-18	6.716231e-18	4.857925e-18	3.329011e-18	2.209148e-18	1.483365e-18	1.046298e-18	7.886148e-19	6.365265e-19	5.478620e-19	4.999492e-19	4.808170e-19	4.837647e-19	5.036643e-19	5.343828e-19	5.680940e-19	5.973215e-19	6.183102e-19	6.313869e-19	6.272985e-19	
M46	4.039854e+01	1.963017e+03	2.887398e+04	4.722740e+04	5.079011e+04	4.669108e+04	4.134084e+04	3.560303e+04	2.601930e+04	1.393355e+04	6.114822e+03	2.399061e+03	9.277453e+02	3.668086e+02	1.546434e+02	6.918028e+01	3.273601e+01	1.623508e+01	8.345546e+00	4.464840e+00	2.452098e+00	1.402888e+00	8.356866e-01	5.228646e-01	3.444066e-01	2.382630e-01	1.710699e-01	1.261512e-01	9.451229e-02	7.135253e-02	5.392342e-02	4.047306e-02	3.006049e-02	2.231151e-02	1.701582e-02	1.354196e-02	1.153018e-02	1.032607e-02	9.335598e-03	8.336064e-03	7.356564e-03	6.464198e-03	5.690480e-03	5.035250e-03	4.481842e-03	4.005834e-03	3.577629e-03	3.163404e-03	2.731101e-03	2.264031e-03	1.773522e-03	1.296663e-03	8.763444e-04	5.358861e-04	
M47	7.552665e+01	8.611817e+02	5.551661e+03	4.879004e+03	3.329686e+03	2.355294e+03	1.744322e+03	1.236626e+03	7.190089e+02	3.177752e+02	1.327982e+02	5.291130e+01	2.026353e+01	7.565046e+00	2.912022e+00	1.165512e+00	4.879505e-01	2.124649e-01	9.526180e-02	4.425960e-02	2.099780e-02	1.033575e-02	5.268507e-03	2.803932e-03	1.560724e-03	9.060219e-04	5.419881e-04	3.304062e-04	2.033150e-04	1.253772e-04	7.714218e-05	4.764248e-05	2.948714e-05	1.804123e-05	1.044639e-05	5.769121e-06	2.875362e-06	1.266268e-06	5.091592e-07	1.979148e-07	7.745000e-08	3.101232e-08	1.272826e-08	5.333326e-09	2.269111e-09	9.744634e-10	4.192849e-10	1.787897e-10	7.437776e-11	2.962572e-11	1.111101e-11	3.894364e-12	1.297028e-12	5.300725e-13	
M48	1.020023e+02	5.228864e+01	8.754864e+01	7.949450e+01	5.615760e+01	3.164804e+01	1.577492e+01	6.426394e+00	1.218347e+00	1.605123e-01	3.069738e-02	7.111746e-03	2.003502e-03	6.497982e-04	2.474032e-04	1.074720e-04	5.212353e-05	2.758253e-05	1.560787e-05	9.466332e-06	5.969271e-06	3.928136e-06	2.643715e-06	1.823933e-06	1.293772e-06	9.465256e-07	7.059780e-07	5.327238e-07	4.027267e-07	3.041737e-07	2.291939e-07	1.731600e-07	1.319353e-07	1.016239e-07	7.700561e-08	5.873221e-08	4.369962e-08	3.116479e-08	2.115372e-08	1.367226e-08	8.468868e-09	5.077655e-09	2.976896e-09	1.721152e-09	9.875068e-10	5.641789e-10	3.207134e-10	1.800881e-10	9.838049e-11	5.118644e-11	2.481050e-11	1.100593e-11	4.411629e-12	1.589893e-12	
M49	5.479683e+00	2.227236e+01	1.127685e+02	2.285753e+02	3.194253e+02	3.244383e+02	2.867466e+02	2.473555e+02	1.728415e+02	8.211058e+01	2.988346e+01	9.367276e+00	2.967770e+00	9.986893e-01	3.748404e-01	1.558473e-01	7.085441e-02	3.468992e-02	1.803128e-02	9.988579e-03	5.748602e-03	3.448926e-03	2.120029e-03	1.339071e-03	8.721540e-04	5.875428e-04	4.044132e-04	2.819551e-04	1.965197e-04	1.360299e-04	9.287770e-05	6.186660e-05	4.026288e-05	2.619631e-05	1.766889e-05	1.268479e-05	1.006282e-05	8.756699e-06	7.953329e-06	7.185181e-06	6.316162e-06	5.393465e-06	4.502185e-06	3.699148e-06	3.004922e-06	2.415433e-06	1.914005e-06	1.480338e-06	1.098957e-06	7.663916e-07	4.911053e-07	2.837205e-07	1.453104e-07	6.484729e-08	
M50	3.695431e+01	4.375182e+01	1.226288e+02	1.721654e+02	2.016683e+02	2.144153e+02	2.149764e+02	2.045519e+02	1.520475e+02	7.374032e+01	2.955617e+01	1.088080e+01	3.938027e+00	1.437087e+00	5.627562e-01	2.381572e-01	1.086692e-01	5.290676e-02	2.712822e-02	1.471475e-02	8.199238e-03	4.701009e-03	2.715755e-03	1.582902e-03	9.336419e-04	5.592354e-04	3.364411e-04	2.016907e-04	1.192392e-04	6.921672e-05	3.931480e-05	2.193315e-05	1.206957e-05	6.551969e-06	3.389079e-06	1.702643e-06	7.962777e-07	3.427872e-07	1.391793e-07	5.497591e-08	2.151090e-08	8.397877e-09	3.277675e-09	1.278463e-09	4.975065e-10	1.925219e-10	7.362433e-11	2.750318e-11	9.851907e-12	3.305294e-12	1.015196e-12	2.814474e-13	7.109941e-14	2.122319e-14	
M51	1.507316e+01	1.022540e+02	5.673613e+02	4.918355e+02	3.307815e+02	2.205380e+02	1.483470e+02	8.169366e+01	2.191955e+01	3.942980e+00	9.916099e-01	3.092780e-01	1.130241e-01	4.530740e-02	2.020984e-02	9.783236e-03	5.085370e-03	2.793800e-03	1.596222e-03	9.516005e-04	5.813017e-04	3.695282e-04	2.437243e-04	1.681936e-04	1.216910e-04	9.211674e-05	7.214778e-05	5.792622e-05	4.732181e-05	3.916872e-05	3.280834e-05	2.803947e-05	2.446855e-05	2.156995e-05	1.853617e-05	1.571494e-05	1.258118e-05	9.255337e-06	6.266760e-06	4.011334e-06	2.499039e-06	1.544475e-06	9.564332e-07	5.964201e-07	3.754775e-07	2.388380e-07	1.532113e-07	9.846938e-08	6.262664e-08	3.877245e-08	2.299599e-08	1.292149e-08	6.840684e-09	3.380834e-09	
M52	3.085778e-05	2.248969e-02	2.165994e-01	1.006650e-02	2.984597e-04	1.751269e-05	2.279265e-06	2.266677e-07	3.825883e-09	2.699611e-11	4.090760e-13	9.321270e-15	3.054138e-16	1.273592e-17	7.017232e-19	4.608416e-20	3.518136e-21	2.976810e-22	2.639223e-23	2.457341e-24	2.329699e-25	2.486225e-26	3.150329e-27	5.033060e-28	1.023942e-28	2.611168e-29	8.006802e-30	2.855579e-30	1.149024e-30	5.102078e-31	2.460492e-31	1.284252e-31	7.109193e-32	3.936516e-32	2.067775e-32	9.683886e-33	3.866271e-33	1.328594e-33	4.269085e-34	1.428598e-34	5.353567e-35	2.304171e-35	1.135324e-35	6.318952e-36	3.916778e-36	2.670008e-36	1.976446e-36	1.563347e-36	1.294182e-36	1.097227e-36	9.387763e-37	8.094420e-37	7.109576e-37	6.347760e-37	
M53	1.109733e-11	1.812996e-07	6.820782e-06	1.586960e-07	1.823496e-09	4.753233e-11	3.171900e-12	1.390568e-13	5.591162e-16	6.933032e-19	2.370663e-21	1.394146e-23	1.333544e-25	1.765088e-27	3.402647e-29	8.336897e-31	2.513324e-32	8.762926e-34	3.286005e-35	1.332783e-36	5.605761e-38	2.786250e-39	1.746196e-40	1.489055e-41	1.747876e-42	2.766250e-43	5.578920e-44	1.371618e-44	3.942853e-45	1.286914e-45	4.667010e-46	1.867079e-46	8.028102e-47	3.454758e-47	1.402303e-47	4.968118e-48	1.462451e-48	3.606617e-49	8.184341e-50	1.945611e-50	5.308571e-51	1.719647e-51	6.599428e-52	2.954237e-52	1.516504e-52	8.789041e-53	5.657554e-53	3.958590e-53	2.926336e-53	2.217671e-53	1.686728e-53	1.282792e-53	9.870676e-54	7.615527e-54	
M54	7.475360e-05	6.600475e-02	3.575875e-01	2.836266e-03	1.581287e-05	2.731826e-07	1.717461e-08	8.243017e-10	3.813296e-12	4.908840e-15	1.589164e-17	8.991790e-20	8.291823e-22	1.054536e-23	1.936429e-25	4.459472e-27	1.242131e-28	3.911667e-30	1.285735e-31	4.399146e-33	1.505854e-34	5.930473e-36	2.921027e-37	1.964698e-38	1.834347e-39	2.326278e-40	3.798509e-41	7.638544e-42	1.820776e-42	4.992764e-43	1.543029e-43	5.377330e-44	2.052513e-44	7.830546e-45	2.719356e-45	7.832753e-46	1.726134e-46	2.974472e-47	4.627919e-48	7.718143e-49	1.536639e-49	3.776638e-50	1.135963e-50	4.088459e-51	1.721364e-51	8.317368e-52	4.529772e-52	2.722138e-52	1.758243e-52	1.188813e-52	8.276693e-53	5.944370e-53	4.490891e-53	3.603358e-53	
M55	1.302103e-15	7.763595e-10	2.194012e-08	1.401698e-12	4.482276e-17	1.374885e-20	5.549425e-23	1.261150e-25	2.594926e-30	3.546844e-36	2.713186e-41	6.411039e-46	4.043977e-50	4.868612e-54	1.224966e-57	4.856702e-61	2.820729e-64	2.096312e-67	1.698595e-70	1.492255e-73	1.312791e-76	1.529207e-79	2.786870e-82	9.472933e-85	6.205746e-87	7.502084e-89	1.503800e-90	4.572582e-92	1.953831e-93	1.104953e-94	7.938530e-96	7.252033e-97	7.947533e-98	8.702500e-99	7.900038e-100	4.938064e-101	1.810332e-102	4.070369e-104	7.487956e-106	1.588400e-107	4.817941e-109	2.233646e-110	1.555365e-111	1.554941e-112	2.133197e-113	3.864844e-114	8.917670e-115	2.509534e-115	8.160027e-116	2.901224e-116	1.087874e-116	4.302037e-117	1.857599e-117	8.864057e-118	
M56	1.105283e-13	5.594257e-13	1.041094e-11	2.352453e-11	3.352265e-11	3.941637e-11	4.465414e-11	4.770296e-11	2.997925e-11	1.350847e-11	9.007976e-12	7.785971e-12	7.941616e-12	8.748388e-12	1.049598e-11	1.360415e-11	1.873031e-11	2.693104e-11	3.991627e-11	6.095947e-11	9.300069e-11	1.390388e-10	1.962886e-10	2.589990e-10	3.205717e-10	3.772139e-10	4.226187e-10	4.538282e-10	4.676902e-10	4.670563e-10	4.554199e-10	4.397404e-10	4.261852e-10	4.155741e-10	3.888993e-10	3.607750e-10	3.210575e-10	2.800841e-10	2.457667e-10	2.107620e-10	1.721136e-10	1.535189e-10	2.077563e-10	4.042812e-10	9.403563e-10	2.008381e-09	3.396301e-09	4.444655e-09	4.589783e-09	3.839964e-09	2.671702e-09	1.594316e-09	8.604622e-10	4.769121e-10	
M57	1.753616e+01	9.478698e+00	7.051150e+00	3.064288e+00	1.550618e+00	7.790358e-01	4.003402e-01	1.596293e-01	2.006076e-02	1.951739e-03	4.693727e-04	1.895075e-04	1.096279e-04	7.817382e-05	6.732594e-05	6.709929e-05	7.464161e-05	9.000746e-05	1.152295e-04	1.559598e-04	2.147459e-04	2.947900e-04	3.868802e-04	4.789675e-04	5.578006e-04	6.126740e-04	6.246841e-04	5.840041e-04	4.938811e-04	3.796001e-04	2.690889e-04	1.814394e-04	1.193783e-04	7.694198e-05	4.625263e-05	2.656466e-05	1.397996e-05	6.903369e-06	3.361252e-06	1.640984e-06	7.976893e-07	3.857019e-07	1.917719e-07	1.107919e-07	9.977642e-08	1.404634e-07	2.052967e-07	2.526547e-07	2.526602e-07	2.074320e-07	1.426504e-07	8.451743e-08	4.544957e-08	2.541422e-08	
M58	2.619398e-01	3.410294e-01	3.281222e+00	3.131562e+00	1.797516e+00	8.977546e-01	4.294283e-01	1.700549e-01	3.464841e-02	6.623614e-03	2.473857e-03	1.284877e-03	7.809630e-04	4.988217e-04	3.340191e-04	2.324047e-04	1.666622e-04	1.220651e-04	9.069782e-05	6.853753e-05	5.177228e-05	3.879850e-05	2.826644e-05	1.991280e-05	1.358196e-05	9.027777e-06	5.851941e-06	3.711673e-06	2.309752e-06	1.420414e-06	8.696636e-07	5.413209e-07	3.458127e-07	2.225664e-07	1.330769e-07	7.534618e-08	3.805968e-08	1.791333e-08	8.568835e-09	4.259586e-09	2.141154e-09	1.062779e-09	5.159719e-10	2.446559e-10	1.134633e-10	5.155627e-11	2.296374e-11	1.000352e-11	4.235857e-12	1.727507e-12	6.735111e-13	2.528818e-13	9.791280e-14	7.258417e-14	
M73	1.315103e-14	6.511671e-13	2.939676e-11	1.270565e-10	2.702786e-10	4.141403e-10	5.859443e-10	7.987777e-10	7.447738e-10	6.113534e-10	6.656754e-10	7.855408e-10	9.696643e-10	1.221622e-09	1.609898e-09	2.233884e-09	3.248346e-09	4.929599e-09	7.783677e-09	1.284680e-08	2.153535e-08	3.593680e-08	5.739178e-08	8.660358e-08	1.236163e-07	1.688715e-07	2.202862e-07	2.755599e-07	3.292055e-07	3.777287e-07	4.165605e-07	4.418774e-07	4.531762e-07	4.466867e-07	3.985658e-07	3.186458e-07	2.145328e-07	1.247028e-07	6.879495e-08	4.516477e-08	5.388093e-08	1.183126e-07	2.619562e-07	5.003217e-07	9.738859e-07	1.713670e-06	2.431592e-06	2.717453e-06	2.429289e-06	1.781844e-06	1.101994e-06	5.934516e-07	2.936887e-07	1.521221e-07	
P1	3.964821e-04	4.634819e-02	1.192092e+00	4.694540e+00	1.108273e+01	2.072508e+01	3.383056e+01	6.095879e+01	1.800796e+02	5.752796e+02	1.261921e+03	2.191203e+03	3.137525e+03	3.946115e+03	4.460955e+03	4.700960e+03	4.715231e+03	4.585069e+03	4.387995e+03	4.154789e+03	3.937017e+03	3.714311e+03	3.499984e+03	3.283370e+03	3.064662e+03	2.843674e+03	2.642251e+03	2.467052e+03	2.333472e+03	2.242508e+03	2.204690e+03	2.247642e+03	2.406531e+03	2.735688e+03	3.266566e+03	4.042178e+03	5.024193e+03	6.146045e+03	7.327991e+03	8.482834e+03	9.518414e+03	1.034696e+04	1.090019e+04	1.114109e+04	1.106985e+04	1.072927e+04	1.021256e+04	9.657014e+03	9.201533e+03	8.915970e+03	8.749847e+03	8.553772e+03	8.250088e+03	8.577355e+03
P2	0.000000e+00	0.000000e+00	0.000000e+00	0.000000e+00	0.000000e+00	0.000000e+00	0.000000e+00	0.000000e+00	0.000000e+00	0.000000e+00	0.000000e+00	0.000000e+00	0.000000e+00	0.000000e+00	0.000000e+00	0.000000e+00	0.000000e+00	0.000000e+00	0.000000e+00	8.529726e-264	5.521183e-198	1.771210e-148	3.120787e-111	3.294993e-83	4.009253e-62	2.920217e-46	2.501133e-34	2.353881e-25	1.313950e-18	1.538185e-13	9.795844e-10	7.121012e-07	1.028771e-04	5.516450e-03	1.088513e-01	1.211066e+00	8.133089e+00	3.647582e+01	1.183162e+02	3.000621e+02	6.374125e+02	1.193577e+03	2.032889e+03	3.203538e+03	4.721307e+03	6.570469e+03	8.719053e+03	1.112288e+04	1.370443e+04	1.634060e+04	1.894046e+04	2.177994e+04	2.685300e+04	4.369381e+04
P3	1.894236e-01	1.034070e+01	4.025901e+02	2.732549e+03	9.620830e+03	2.180933e+04	3.820470e+04	7.322073e+04	2.175113e+05	5.841823e+05	9.363801e+05	1.166034e+06	1.252718e+06	1.251558e+06	1.196800e+06	1.128335e+06	1.054884e+06	9.843496e+05	9.228913e+05	8.708570e+05	8.256098e+05	7.745468e+05	7.106447e+05	6.330181e+05	5.477245e+05	4.614157e+05	3.794858e+05	3.047960e+05	2.391190e+05	1.829456e+05	1.362628e+05	9.822910e+04	6.849765e+04	4.712183e+04	3.318235e+04	2.459874e+04	1.999263e+04	1.778164e+04	1.658982e+04	1.557006e+04	1.438638e+04	1.299952e+04	1.148014e+04	9.913539e+03	8.368926e+03	6.896606e+03	5.532533e+03	4.302382e+03	3.224491e+03	2.311817e+03	1.571748e+03	1.003631e+03	5.957088e+02	3.244842e+02
P4	3.263194e-01	2.322431e+01	1.084630e+03	8.493743e+03	3.377005e+04	8.514874e+04	1.635707e+05	3.386897e+05	1.071302e+06	3.022851e+06	5.031538e+06	6.446529e+06	7.076150e+06	7.185140e+06	6.955507e+06	6.618835e+06	6.231937e+06	5.846854e+06	5.504755e+06	5.211269e+06	4.953085e+06	4.656079e+06	4.278741e+06	3.816155e+06	3.305230e+06	2.786548e+06	2.293124e+06	1.842624e+06	1.446064e+06	1.106627e+06	8.243886e+05	5.943549e+05	4.144897e+05	2.851536e+05	2.008041e+05	1.488608e+05	1.209861e+05	1.076050e+05	1.003912e+05	9.421875e+04	8.705438e+04	7.866071e+04	6.946548e+04	5.998484e+04	5.063755e+04	4.172792e+04	3.347326e+04	2.602860e+04	1.950467e+04	1.398011e+04	9.500349e+03	6.062198e+03	3.594807e+03	1.955514e+03
P5	4.436028e+02	3.811064e+03	6.232670e+03	7.553811e+03	8.526106e+03	9.223060e+03	9.939404e+03	1.070557e+04	1.097663e+04	1.100595e+04	1.171355e+04	1.293513e+04	1.386703e+04	1.399394e+04	1.320937e+04	1.177841e+04	1.001493e+04	8.204262e+03	6.538303e+03	5.095628e+03	3.919076e+03	2.971884e+03	2.231768e+03	1.658370e+03	1.219020e+03	8.843069e+02	6.358728e+02	4.531471e+02	3.221130e+02	2.287109e+02	1.630504e+02	1.189777e+02	8.911182e+01	6.723825e+01	4.799360e+01	3.281147e+01	2.004938e+01	1.081431e+01	5.356624e+00	2.551082e+00	1.199662e+00	5.627723e-01	2.640132e-01	1.238738e-01	5.812557e-02	2.728401e-02	1.281460e-02	6.018384e-03	2.819787e-03	1.312670e-03	6.043641e-04	2.743266e-04	1.229543e-04	5.546134e-05
P6	4.008272e+05	7.929096e+04	3.288159e+04	1.027769e+04	2.512010e+03	4.697016e+02	9.245456e+01	2.218138e+01	6.166070e+00	3.888739e+00	4.680647e+00	5.598927e+00	6.654585e+00	7.852031e+00	9.230587e+00	1.052361e+01	1.145071e+01	1.229099e+01	1.347182e+01	1.555661e+01	1.908088e+01	2.401713e+01	2.992247e+01	3.625782e+01	4.281054e+01	4.947898e+01	5.605564e+01	6.217423e+01	6.752473e+01	7.201793e+01	7.570848e+01	7.852225e+01	8.045149e+01	8.161977e+01	8.208416e+01	8.115102e+01	7.821509e+01	7.298235e+01	6.570379e+01	5.702927e+01	4.775530e+01	3.864187e+01	3.028734e+01	2.305736e+01	1.709070e+01	1.236297e+01	8.758497e+00	6.113527e+00	4.235073e+00	2.923462e+00	2.006036e+00	1.363113e+00	9.312454e-01	6.944704e-01
P7	2.214407e+04	1.143768e+05	1.910543e+05	2.207112e+05	2.242881e+05	2.158311e+05	2.008652e+05	1.781851e+05	1.390305e+05	9.315254e+04	6.723015e+04	5.582850e+04	4.666586e+04	3.666302e+04	2.652414e+04	1.787108e+04	1.134065e+04	6.871400e+03	4.027890e+03	2.298467e+03	1.293306e+03	7.153010e+02	3.909219e+02	2.106009e+02	1.116142e+02	5.795366e+01	2.965629e+01	1.497576e+01	7.532505e+00	3.792467e+00	1.932261e+00	1.026046e+00	5.717433e-01	3.221967e-01	1.680820e-01	7.976533e-02	3.159669e-02	1.018594e-02	2.794433e-03	6.924990e-04	1.620186e-04	3.675063e-05	8.198708e-06	1.811942e-06	3.981513e-07	8.716875e-08	1.903730e-08	4.147423e-09	8.994422e-10	1.933009e-10	4.092888e-11	8.500525e-12	1.740048e-12	3.927945e-13
P20	1.317847e+05	3.574275e+04	6.401228e+03	1.291760e+03	3.619724e+02	1.633638e+02	9.821438e+01	6.436772e+01	4.150998e+01	3.120184e+01	2.815777e+01	2.575146e+01	2.307461e+01	2.025093e+01	1.771724e+01	1.565033e+01	1.394372e+01	1.252141e+01	1.134003e+01	1.036285e+01	9.476028e+00	8.555366e+00	7.514017e+00	6.374088e+00	5.220057e+00	4.132874e+00	3.165156e+00	2.347184e+00	1.692017e+00	1.192370e+00	8.258641e-01	5.642092e-01	3.809445e-01	2.552811e-01	1.696197e-01	1.127931e-01	7.519035e-02	5.068061e-02	3.486105e-02	2.443689e-02	1.734612e-02	1.247204e-02	9.320500e-03	8.004815e-03	1.035076e-02	2.137936e-02	4.800077e-02	9.259468e-02	1.464141e-01	1.916555e-01	2.126225e-01	2.064115e-01	1.854159e-01	1.777122e-01
P21	1.294050e+05	3.413989e+04	5.944603e+03	1.167371e+03	3.184350e+02	1.400394e+02	8.255827e+01	5.342527e+01	3.410667e+01	2.542248e+01	2.278931e+01	2.073367e+01	1.850415e+01	1.619008e+01	1.413145e+01	1.246076e+01	1.108705e+01	9.946001e+00	9.000668e+00	8.220268e+00	7.513472e+00	6.781200e+00	5.954273e+00	5.049981e+00	4.135065e+00	3.273484e+00	2.506778e+00	1.858830e+00	1.339911e+00	9.442046e-01	6.539604e-01	4.467597e-01	3.016398e-01	2.021346e-01	1.343057e-01	8.930958e-02	5.953542e-02	4.012855e-02	2.760266e-02	1.934886e-02	1.373444e-02	9.875196e-03	7.379839e-03	6.338092e-03	8.195572e-03	1.692783e-02	3.800623e-02	7.331494e-02	1.159282e-01	1.517496e-01	1.683509e-01	1.634332e-01	1.468091e-01	1.407095e-01
P22	9.425160e-01	2.170328e+00	1.680457e+01	3.653386e+01	4.509072e+01	4.229348e+01	3.519018e+01	2.743519e+01	1.935018e+01	1.396025e+01	1.130508e+01	9.287818e+00	7.549383e+00	6.032991e+00	4.838978e+00	3.926006e+00	3.211536e+00	2.633817e+00	2.153504e+00	1.750413e+00	1.396135e+00	1.085069e+00	8.149939e-01	5.924921e-01	4.189105e-01	2.896736e-01	1.964116e-01	1.309529e-01	8.607588e-02	5.597460e-02	3.615082e-02	2.344544e-02	1.532231e-02	9.942191e-03	6.131993e-03	3.602389e-03	1.976273e-03	1.074506e-03	6.337975e-04	4.130242e-04	2.866202e-04	2.046407e-04	1.474754e-04	1.062296e-04	7.604890e-05	5.387589e-05	3.761489e-05	2.576235e-05	1.721471e-05	1.115873e-05	6.997610e-06	4.295786e-06	2.782169e-06	3.507931e-06
P23	3.412251e-02	1.003886e-01	8.945178e-01	2.149398e+00	2.885416e+00	2.924025e+00	2.615672e+00	2.178638e+00	1.628804e+00	1.234776e+00	1.041508e+00	8.842588e-01	7.378772e-01	6.020696e-01	4.909083e-01	4.034766e-01	3.334421e-01	2.756877e-01	2.268801e-01	1.853831e-01	1.484989e-01	1.158237e-01	8.725243e-02	6.358704e-02	4.504844e-02	3.120151e-02	2.118369e-02	1.413835e-02	9.300691e-03	6.051926e-03	3.910423e-03	2.536962e-03	1.658397e-03	1.076277e-03	6.638941e-04	3.900573e-04	2.140009e-04	1.163597e-04	6.863818e-05	4.473110e-05	3.104256e-05	2.216447e-05	1.597341e-05	1.150627e-05	8.237414e-06	5.835793e-06	4.074472e-06	2.790626e-06	1.864745e-06	1.208752e-06	7.580086e-07	4.653379e-07	3.013769e-07	3.799951e-07
P24	6.782804e-05	1.322836e-04	2.611420e-04	2.914470e-04	2.417261e-04	1.681428e-04	1.077389e-04	6.129876e-05	2.816375e-05	1.506486e-05	1.019344e-05	7.253389e-06	5.144366e-06	3.581642e-06	2.468939e-06	1.698834e-06	1.164167e-06	7.943721e-07	5.408019e-07	3.678863e-07	2.484521e-07	1.643174e-07	1.048553e-07	6.391410e-08	3.698119e-08	2.016492e-08	1.025538e-08	4.807557e-09	2.061999e-09	8.118883e-10	2.978640e-10	1.041016e-10	3.543655e-11	1.174040e-11	3.767540e-12	1.127393e-12	3.163776e-13	8.514565e-14	2.277462e-14	6.231425e-15	1.771663e-15	5.273018e-16	1.674559e-16	6.192131e-17	3.372369e-17	2.869612e-17	2.691213e-17	2.172066e-17	1.406600e-17	7.251548e-18	3.011102e-18	1.034645e-18	3.133729e-19	1.040275e-19
P27	1.304103e-03	7.903186e-03	1.518637e-02	1.307185e-02	9.128943e-03	5.935849e-03	3.811041e-03	2.126248e-03	5.997725e-04	6.887769e-05	5.003782e-06	5.419531e-07	2.497104e-07	1.645539e-07	1.059098e-07	6.731846e-08	4.304341e-08	2.810282e-08	1.897733e-08	1.338927e-08	9.849743e-09	7.463388e-09	5.713304e-09	4.342613e-09	3.230263e-09	2.317838e-09	1.577203e-09	1.002384e-09	5.884122e-10	3.196422e-10	1.626898e-10	7.858909e-11	3.674523e-11	1.675730e-11	7.563630e-12	3.262796e-12	1.360501e-12	5.578101e-13	2.297116e-13	9.678226e-14	4.229366e-14	1.942920e-14	9.659678e-15	5.626789e-15	4.402133e-15	4.700149e-15	5.628144e-15	6.323683e-15	6.190407e-15	5.189420e-15	3.749081e-15	2.386173e-15	1.405598e-15	8.574740e-16
P28	2.794506e-04	1.693540e-03	3.254223e-03	2.801110e-03	1.956202e-03	1.271968e-03	8.166516e-04	4.556246e-04	1.285227e-04	1.475950e-05	1.072239e-06	1.161328e-07	5.350936e-08	3.526155e-08	2.269496e-08	1.442538e-08	9.223588e-09	6.022033e-09	4.066571e-09	2.869129e-09	2.110659e-09	1.599297e-09	1.224279e-09	9.305599e-10	6.921991e-10	4.966796e-10	3.379721e-10	2.147966e-10	1.260883e-10	6.849475e-11	3.486211e-11	1.684052e-11	7.873978e-12	3.590850e-12	1.620778e-12	6.991707e-13	2.915360e-13	1.195307e-13	4.922392e-14	2.073906e-14	9.062927e-15	4.163400e-15	2.069931e-15	1.205741e-15	9.433143e-16	1.007175e-15	1.206031e-15	1.355075e-15	1.326516e-15	1.112019e-15	8.033745e-16	5.113227e-16	3.011995e-16	1.837444e-16
P29	2.794506e-04	1.693540e-03	3.254223e-03	2.801110e-03	1.956202e-03	1.271968e-03	8.166516e-04	4.556246e-04	1.285227e-04	1.475950e-05	1.072239e-06	1.161328e-07	5.350936e-08	3.526155e-08	2.269496e-08	1.442538e-08	9.223588e-09	6.022033e-09	4.066571e-09	2.869129e-09	2.110659e-09	1.599297e-09	1.224279e-09	9.305599e-10	6.921991e-10	4.966796e-10	3.379721e-10	2.147966e-10	1.260883e-10	6.849475e-11	3.486211e-11	1.684052e-11	7.873978e-12	3.590850e-12	1.620778e-12	6.991707e-13	2.915360e-13	1.195307e-13	4.922392e-14	2.073906e-14	9.062927e-15	4.163400e-15	2.069931e-15	1.205741e-15	9.433143e-16	1.007175e-15	1.206031e-15	1.355075e-15	1.326516e-15	1.112019e-15	8.033745e-16	5.113227e-16	3.011995e-16	1.837444e-16
P30	6.668799e-08	4.916677e-06	8.271498e-05	7.508601e-04	5.950476e-03	4.582207e-02	2.952128e-01	1.524421e+00	5.459215e+00	5.724794e+00	2.497564e+00	9.525465e-01	3.568977e-01	1.359948e-01	5.577262e-02	2.551326e-02	1.327222e-02	7.609098e-03	4.691355e-03	3.109636e-03	2.142560e-03	1.537648e-03	1.125067e-03	8.395789e-04	6.392555e-04	4.963150e-04	3.877527e-04	3.019330e-04	2.319231e-04	1.749276e-04	1.292141e-04	9.335529e-05	6.634530e-05	4.699681e-05	3.371900e-05	2.482721e-05	1.908017e-05	1.536908e-05	1.279547e-05	1.076949e-05	9.017218e-06	7.479035e-06	6.209568e-06	5.374064e-06	5.395323e-06	7.128227e-06	1.159736e-05	1.886401e-05	2.675466e-05	3.138780e-05	3.004200e-05	2.363318e-05	1.590776e-05	1.048670e-05
P32	0.000000e+00	0.000000e+00	0.000000e+00	0.000000e+00	0.000000e+00	0.000000e+00	0.000000e+00	0.000000e+00	0.000000e+00	0.000000e+00	0.000000e+00	0.000000e+00	0.000000e+00	0.000000e+00	0.000000e+00	0.000000e+00	0.000000e+00	0.000000e+00	0.000000e+00	0.000000e+00	0.000000e+00	0.000000e+00	0.000000e+00	0.000000e+00	0.000000e+00	3.261993e-232	2.188209e-175	1.449883e-132	2.720326e-100	5.746137e-76	1.235956e-57	8.081096e-44	2.069264e-33	1.427800e-25	1.139624e-19	3.203336e-15	8.375354e-12	2.568914e-09	2.135959e-07	1.033238e-05	1.011905e-04	7.272286e-04	3.844261e-03	1.627499e-02	6.836953e-02	2.554459e-01	7.596240e-01	1.756105e+00	3.199485e+00	4.696943e+00	5.686868e+00	5.838513e+00	5.331229e+00	4.851017e+00
P33	0.000000e+00	0.000000e+00	0.000000e+00	0.000000e+00	0.000000e+00	0.000000e+00	0.000000e+00	0.000000e+00	0.000000e+00	0.000000e+00	0.000000e+00	0.000000e+00	0.000000e+00	0.000000e+00	0.000000e+00	0.000000e+00	0.000000e+00	0.000000e+00	0.000000e+00	0.000000e+00	0.000000e+00	0.000000e+00	0.000000e+00	0.000000e+00	0.000000e+00	4.216722e-232	2.828660e-175	1.874239e-132	3.516519e-100	7.427933e-76	1.597700e-57	1.044629e-43	2.674903e-33	1.845692e-25	1.473172e-19	4.140898e-15	1.082668e-11	3.320792e-09	2.761118e-07	1.335650e-05	1.308073e-04	9.400760e-04	4.969410e-03	2.103840e-02	8.838013e-02	3.302106e-01	9.819530e-01	2.270087e+00	4.135919e+00	6.071658e+00	7.351317e+00	7.547347e+00	6.891589e+00	6.270827e+00
P34	0.000000e+00	0.000000e+00	0.000000e+00	0.000000e+00	0.000000e+00	0.000000e+00	0.000000e+00	0.000000e+00	0.000000e+00	0.000000e+00	0.000000e+00	0.000000e+00	0.000000e+00	0.000000e+00	0.000000e+00	0.000000e+00	0.000000e+00	0.000000e+00	0.000000e+00	0.000000e+00	0.000000e+00	0.000000e+00	0.000000e+00	0.000000e+00	0.000000e+00	4.773648e-233	3.202257e-176	2.121780e-133	3.980965e-101	8.408981e-77	1.808716e-58	1.182599e-44	3.028192e-34	2.089463e-26	1.667742e-20	4.687809e-16	1.225662e-12	3.759387e-10	3.125794e-08	1.512056e-06	1.480837e-05	1.064237e-04	5.625747e-04	2.381705e-03	1.000530e-02	3.738233e-02	1.111645e-01	2.569909e-01	4.682173e-01	6.873575e-01	8.322246e-01	8.544166e-01	7.801798e-01	7.099049e-01
P35	0.000000e+00	0.000000e+00	0.000000e+00	0.000000e+00	0.000000e+00	0.000000e+00	0.000000e+00	0.000000e+00	0.000000e+00	0.000000e+00	0.000000e+00	0.000000e+00	0.000000e+00	0.000000e+00	0.000000e+00	0.000000e+00	0.000000e+00	0.000000e+00	0.000000e+00	0.000000e+00	0.000000e+00	0.000000e+00	0.000000e+00	0.000000e+00	0.000000e+00	0.000000e+00	0.000000e+00	0.000000e+00	0.000000e+00	0.000000e+00	0.000000e+00	0.000000e+00	0.000000e+00	0.000000e+00	0.000000e+00	0.000000e+00	0.000000e+00	0.000000e+00	0.000000e+00	0.000000e+00	0.000000e+00	0.000000e+00	0.000000e+00	0.000000e+00	1.287477e-228	2.115036e-168	3.070390e-123	6.009567e-86	7.461953e-62	1.210548e-40	2.376261e-25	1.088521e-12	1.098836e-04	7.360786e+02
P36	9.275167e+00	2.163669e+01	2.751624e+01	2.508352e+04	6.987054e+04	1.014713e+05	1.335764e+05	1.877273e+05	2.443011e+05	2.750838e+05	2.944747e+05	3.176864e+05	3.470116e+05	3.774510e+05	4.089495e+05	4.429052e+05	4.771345e+05	5.117210e+05	5.488640e+05	5.915058e+05	6.382346e+05	6.816369e+05	7.114665e+05	7.213950e+05	7.117789e+05	6.867359e+05	6.507096e+05	6.074563e+05	5.601516e+05	5.117585e+05	4.648590e+05	4.211241e+05	3.814387e+05	3.462553e+05	3.155245e+05	2.885291e+05	2.642173e+05	2.417577e+05	2.207222e+05	2.008954e+05	1.821933e+05	1.647599e+05	1.488948e+05	1.347588e+05	1.221415e+05	1.104962e+05	9.920801e+04	8.788533e+04	7.648595e+04	6.525370e+04	5.455981e+04	4.475552e+04	3.608713e+04	2.867519e+04
P37	0.000000e+00	0.000000e+00	0.000000e+00	0.000000e+00	0.000000e+00	0.000000e+00	0.000000e+00	0.000000e+00	0.000000e+00	0.000000e+00	0.000000e+00	0.000000e+00	0.000000e+00	0.000000e+00	0.000000e+00	0.000000e+00	0.000000e+00	0.000000e+00	0.000000e+00	0.000000e+00	0.000000e+00	0.000000e+00	0.000000e+00	0.000000e+00	0.000000e+00	4.778069e-229	3.207382e-172	2.126694e-129	3.993295e-97	8.442151e-73	1.817523e-54	1.189594e-40	3.049763e-30	2.107644e-22	1.686422e-16	4.773107e-12	1.308656e-08	5.157056e-06	7.148613e-04	4.808277e-02	1.169328e+00	1.227675e+01	8.094010e+01	3.633920e+02	1.265800e+03	3.651508e+03	8.950212e+03	1.884364e+04	3.445676e+04	5.565496e+04	8.145666e+04	1.131212e+05	1.674597e+05	5.820717e+05
P38	0.000000e+00	0.000000e+00	0.000000e+00	0.000000e+00	0.000000e+00	0.000000e+00	0.000000e+00	0.000000e+00	0.000000e+00	0.000000e+00	0.000000e+00	0.000000e+00	0.000000e+00	0.000000e+00	0.000000e+00	0.000000e+00	0.000000e+00	0.000000e+00	0.000000e+00	0.000000e+00	0.000000e+00	0.000000e+00	0.000000e+00	0.000000e+00	0.000000e+00	0.000000e+00	0.000000e+00	0.000000e+00	0.000000e+00	0.000000e+00	0.000000e+00	0.000000e+00	0.000000e+00	0.000000e+00	0.000000e+00	0.000000e+00	0.000000e+00	0.000000e+00	0.000000e+00	0.000000e+00	0.000000e+00	0.000000e+00	0.000000e+00	0.000000e+00	0.000000e+00	0.000000e+00	0.000000e+00	0.000000e+00	0.000000e+00	0.000000e+00	0.000000e+00	0.000000e+00	0.000000e+00	0.000000e+00
P40	6.090855e-02	1.288129e-01	1.610411e-01	1.760384e-01	1.798583e-01	1.750347e-01	1.646699e-01	1.517919e-01	1.323152e-01	9.973388e-02	6.613742e-02	3.953055e-02	2.223198e-02	1.202572e-02	6.492646e-03	3.524381e-03	1.937618e-03	1.079219e-03	6.068286e-04	3.482183e-04	2.022627e-04	1.220506e-04	7.824809e-05	5.633769e-05	4.785236e-05	4.761420e-05	5.245101e-05	6.005950e-05	6.920521e-05	7.836904e-05	8.654588e-05	9.360202e-05	9.868039e-05	1.016249e-04	1.018194e-04	1.016157e-04	9.927610e-05	9.317135e-05	8.258960e-05	6.840668e-05	5.276275e-05	3.799169e-05	2.570096e-05	1.649155e-05	1.018298e-05	6.195278e-06	3.855479e-06	2.568508e-06	1.887702e-06	1.525612e-06	1.330473e-06	1.264768e-06	1.429490e-06	2.192476e-06
P45	2.881023e+04	4.142621e+04	1.805419e+04	5.341157e+03	1.299076e+03	2.744094e+02	5.347338e+01	6.787788e+00	2.561620e-01	3.134506e-03	2.150866e-05	1.319736e-07	1.036256e-08	3.791013e-09	1.648625e-09	7.711994e-10	3.734192e-10	1.783842e-10	7.993224e-11	3.288479e-11	1.225641e-11	4.343231e-12	1.529180e-12	5.570140e-13	2.136649e-13	8.644064e-14	3.672325e-14	1.627765e-14	7.545319e-15	3.671135e-15	1.895286e-15	1.073997e-15	6.742709e-16	4.487120e-16	2.788866e-16	1.576621e-16	6.926625e-17	2.219736e-17	5.490363e-18	1.160623e-18	2.287620e-19	4.459915e-20	8.998283e-21	2.030348e-21	6.543345e-22	3.882578e-22	3.087358e-22	2.321324e-22	1.500569e-22	8.348974e-23	4.137581e-23	1.944003e-23	9.695186e-24	6.633057e-24
P46	7.364962e+03	1.849832e+04	4.424347e+04	5.580035e+04	5.556600e+04	5.011284e+04	4.396930e+04	3.758108e+04	2.740331e+04	1.479752e+04	6.624524e+03	2.666106e+03	1.055197e+03	4.248109e+02	1.811771e+02	8.160781e+01	3.877778e+01	1.929463e+01	9.955409e+00	5.352202e+00	2.960405e+00	1.709810e+00	1.030889e+00	6.542822e-01	4.379488e-01	3.082590e-01	2.254137e-01	1.693717e-01	1.293595e-01	9.959589e-02	7.681745e-02	5.913616e-02	4.533998e-02	3.469473e-02	2.655192e-02	2.054958e-02	1.619191e-02	1.307208e-02	1.081318e-02	9.106355e-03	7.763527e-03	6.686361e-03	5.816147e-03	5.108630e-03	4.525967e-03	4.033539e-03	3.596912e-03	3.179830e-03	2.748284e-03	2.283204e-03	1.793563e-03	1.315376e-03	8.929696e-04	5.626717e-04
P47	3.416105e+05	4.833596e+05	9.837392e+05	1.200147e+06	1.226538e+06	1.162965e+06	1.051065e+06	8.879251e+05	6.203059e+05	3.141222e+05	1.306171e+05	4.884898e+04	1.807616e+04	6.861857e+03	2.783554e+03	1.201951e+03	5.511519e+02	2.660521e+02	1.337227e+02	7.024083e+01	3.803911e+01	2.154275e+01	1.275191e+01	7.955636e+00	5.241712e+00	3.637117e+00	2.626008e+00	1.951241e+00	1.475952e+00	1.126985e+00	8.631317e-01	6.605151e-01	5.038832e-01	3.839505e-01	2.927920e-01	2.259219e-01	1.775608e-01	1.430401e-01	1.181072e-01	9.931199e-02	8.455828e-02	7.274727e-02	6.322192e-02	5.548878e-02	4.912803e-02	4.375668e-02	3.899267e-02	3.443109e-02	2.969072e-02	2.456119e-02	1.915554e-02	1.389638e-02	9.292295e-03	5.735197e-03
P48	8.946636e+02	1.268837e+03	2.676236e+03	3.360271e+03	3.505304e+03	3.357936e+03	2.951274e+03	2.346274e+03	1.543928e+03	7.433056e+02	2.966604e+02	1.073991e+02	3.874194e+01	1.441802e+01	5.759737e+00	2.457851e+00	1.116832e+00	5.353538e-01	2.676286e-01	1.399910e-01	7.556607e-02	4.268652e-02	2.521711e-02	1.570766e-02	1.033650e-02	7.165373e-03	5.169541e-03	3.838977e-03	2.902579e-03	2.215558e-03	1.696413e-03	1.297941e-03	9.900143e-04	7.542972e-04	5.751670e-04	4.437813e-04	3.487704e-04	2.809546e-04	2.319761e-04	1.950558e-04	1.660755e-04	1.428761e-04	1.241667e-04	1.089778e-04	9.648477e-05	8.593515e-05	7.657855e-05	6.761967e-05	5.830981e-05	4.823577e-05	3.761954e-05	2.729105e-05	1.824909e-05	1.126332e-05
P49	3.927277e+03	1.660708e+04	4.597819e+03	5.350262e+02	8.021562e+01	2.130724e+01	8.453315e+00	2.954713e+00	4.339989e-01	4.257841e-02	7.291363e-03	1.771887e-03	5.657175e-04	2.126519e-04	9.386224e-05	4.600769e-05	2.431827e-05	1.339082e-05	7.426922e-06	4.108595e-06	2.208555e-06	1.181229e-06	6.377381e-07	3.563478e-07	2.084061e-07	1.276253e-07	8.133342e-08	5.352427e-08	3.626829e-08	2.520002e-08	1.796104e-08	1.334346e-08	1.030734e-08	8.025083e-09	5.877877e-09	4.037004e-09	2.415467e-09	1.241741e-09	5.768575e-10	2.591912e-10	1.178701e-10	5.528123e-11	2.683446e-11	1.345450e-11	6.947304e-12	3.684242e-12	1.999642e-12	1.103967e-12	6.137436e-13	3.392927e-13	1.844432e-13	9.804561e-14	5.108538e-14	2.637938e-14
P50	1.101297e-01	8.568660e-02	1.014095e-01	1.266851e-01	1.464705e-01	1.544578e-01	1.515099e-01	1.444642e-01	1.275061e-01	9.007788e-02	5.616995e-02	3.307928e-02	1.951174e-02	1.176782e-02	7.434427e-03	4.910145e-03	3.369523e-03	2.380942e-03	1.717605e-03	1.257801e-03	9.292246e-04	6.906323e-04	5.150379e-04	3.848919e-04	2.879908e-04	2.156518e-04	1.615379e-04	1.210257e-04	9.067901e-05	6.795209e-05	5.093492e-05	3.819233e-05	2.865358e-05	2.151354e-05	1.617022e-05	1.216455e-05	9.160213e-06	6.904775e-06	5.209451e-06	3.933133e-06	2.970530e-06	2.245640e-06	1.715072e-06	1.397961e-06	1.577132e-06	3.188712e-06	7.810558e-06	1.625902e-05	2.637339e-05	3.306387e-05	3.225165e-05	2.482160e-05	1.567203e-05	9.577839e-06
P51	1.807156e+02	4.778574e+03	2.944572e+04	2.633811e+04	1.754572e+04	1.228499e+04	9.389520e+03	7.106262e+03	4.902860e+03	2.995041e+03	1.741844e+03	9.325582e+02	4.733921e+02	2.331279e+02	1.154122e+02	5.745914e+01	2.905136e+01	1.490963e+01	7.720966e+00	4.056742e+00	2.161462e+00	1.199124e+00	7.045188e-01	4.447849e-01	3.020696e-01	2.189153e-01	1.673614e-01	1.332868e-01	1.096465e-01	9.225852e-02	7.892242e-02	6.860146e-02	6.015181e-02	5.261856e-02	4.562850e-02	3.922864e-02	3.324394e-02	2.767712e-02	2.283466e-02	1.904417e-02	1.633042e-02	1.449937e-02	1.332423e-02	1.262544e-02	1.227641e-02	1.218413e-02	1.226232e-02	1.240335e-02	1.246310e-02	1.228044e-02	1.173385e-02	1.079899e-02	9.556524e-03	8.115352e-03
P52	1.706238e-01	1.079618e+01	2.880902e+01	2.895352e+00	2.397054e-01	3.418597e-02	9.330560e-03	2.247639e-03	1.685881e-04	7.096015e-06	4.946858e-07	4.496860e-08	5.161977e-09	6.899732e-10	1.100945e-10	1.957456e-11	3.812971e-12	7.874722e-13	1.657890e-13	3.555287e-14	7.616463e-15	1.748525e-15	4.485949e-16	1.344196e-16	4.743610e-17	1.950384e-17	9.097388e-18	4.708261e-18	2.652597e-18	1.602719e-18	1.027982e-18	7.001129e-19	4.989941e-19	3.555511e-19	2.417028e-19	1.496378e-19	8.103090e-20	3.880103e-20	1.765440e-20	8.316414e-21	4.280391e-21	2.447747e-21	1.548499e-21	1.071576e-21	8.020354e-22	6.430777e-22	5.474213e-22	4.894981e-22	4.537826e-22	4.304051e-22	4.142485e-22	4.049464e-22	4.059970e-22	4.194906e-22
P53	3.146781e-05	2.249379e-02	2.165833e-01	1.007062e-02	2.986479e-04	1.751757e-05	2.279500e-06	2.266882e-07	3.826564e-09	2.700024e-11	4.090940e-13	9.321481e-15	3.054183e-16	1.273607e-17	7.017302e-19	4.608461e-20	3.518171e-21	2.976841e-22	2.639253e-23	2.457373e-24	2.329732e-25	2.486260e-26	3.150370e-27	5.033114e-28	1.023951e-28	2.611186e-29	8.006846e-30	2.855592e-30	1.149028e-30	5.102095e-31	2.460500e-31	1.284255e-31	7.109206e-32	3.936522e-32	2.067780e-32	9.683932e-33	3.866306e-33	1.328613e-33	4.269160e-34	1.428622e-34	5.353636e-35	2.304193e-35	1.135331e-35	6.318978e-36	3.916788e-36	2.670012e-36	1.976448e-36	1.563347e-36	1.294182e-36	1.097227e-36	9.387761e-37	8.094420e-37	7.109575e-37	6.347741e-37
P54	8.296225e-05	6.603218e-02	3.575221e-01	2.872842e-03	1.609577e-05	2.747066e-07	1.720017e-08	8.253550e-10	3.827868e-12	4.933139e-15	1.591336e-17	8.998118e-20	8.295841e-22	1.054972e-23	1.937151e-25	4.461128e-27	1.242609e-28	3.913291e-30	1.286339e-31	4.401555e-33	1.506832e-34	5.934907e-36	2.923492e-37	1.966575e-38	1.836376e-39	2.329328e-40	3.804464e-41	7.652906e-42	1.824851e-42	5.005960e-43	1.547791e-43	5.396287e-44	2.060637e-44	7.865485e-45	2.733596e-45	7.883397e-46	1.741120e-46	3.011480e-47	4.711486e-48	7.915333e-49	1.590130e-49	3.949312e-50	1.202105e-50	4.384250e-51	1.873121e-51	9.196620e-52	5.095653e-52	3.118045e-52	2.050895e-52	1.410588e-52	9.963464e-53	7.227197e-53	5.477982e-53	4.364883e-53
P56	1.481210e-11	1.007838e-09	2.025446e-08	8.040618e-08	1.891012e-07	3.758397e-07	6.985198e-07	1.294451e-06	2.815370e-06	4.736239e-06	6.095187e-06	7.227261e-06	7.704071e-06	7.308643e-06	6.227639e-06	4.853363e-06	3.528840e-06	2.438428e-06	1.630515e-06	1.078364e-06	7.144091e-07	4.775595e-07	3.208429e-07	2.158220e-07	1.450101e-07	9.727612e-08	6.521473e-08	4.368441e-08	2.926533e-08	1.960202e-08	1.316546e-08	9.006427e-09	6.283108e-09	4.333615e-09	2.768328e-09	1.613342e-09	8.242152e-10	3.966453e-10	2.092760e-10	1.801822e-10	4.737108e-10	2.096339e-09	8.166701e-09	2.665221e-08	8.791583e-08	2.679488e-07	6.753878e-07	1.383719e-06	2.382609e-06	3.589715e-06	4.835951e-06	5.876462e-06	6.743887e-06	9.065788e-06
P57	5.591202e-07	1.141309e-05	1.019690e-04	1.552026e-04	1.288073e-04	8.027633e-05	4.843316e-05	3.081775e-05	2.179178e-05	1.635931e-05	1.324328e-05	1.034933e-05	7.525083e-06	5.059638e-06	3.210862e-06	1.979897e-06	1.219293e-06	7.602865e-07	4.807830e-07	3.076536e-07	1.977151e-07	1.271758e-07	8.151800e-08	5.201034e-08	3.302259e-08	2.087187e-08	1.313878e-08	8.237133e-09	5.152024e-09	3.219023e-09	2.014390e-09	1.279013e-09	8.253016e-10	5.299820e-10	3.202698e-10	1.829180e-10	9.627173e-11	5.014473e-11	2.862652e-11	1.826723e-11	1.252704e-11	8.905270e-12	6.459650e-12	4.820511e-12	3.989531e-12	4.367645e-12	6.538141e-12	1.056869e-11	1.539825e-11	1.917478e-11	2.043767e-11	1.910362e-11	1.660176e-11	1.622254e-11
P58	2.092984e-07	2.707880e-06	1.194251e-05	1.526290e-05	1.322231e-05	1.084896e-05	9.364737e-06	8.704027e-06	8.820112e-06	7.838124e-06	7.023458e-06	6.473519e-06	5.730211e-06	4.802081e-06	3.899200e-06	3.127159e-06	2.509357e-06	2.030968e-06	1.677787e-06	1.441937e-06	1.289243e-06	1.177960e-06	1.069746e-06	9.512157e-07	8.265833e-07	7.045725e-07	5.906789e-07	4.872460e-07	3.955112e-07	3.158567e-07	2.486549e-07	1.954711e-07	1.541179e-07	1.201683e-07	8.843253e-08	6.199447e-08	4.053420e-08	2.647910e-08	1.907347e-08	1.544657e-08	1.349984e-08	1.221970e-08	1.121264e-08	1.047522e-08	1.071513e-08	1.434451e-08	2.612925e-08	5.119357e-08	9.020697e-08	1.359544e-07	1.755919e-07	1.986670e-07	2.083960e-07	2.453159e-07
P59	2.616229e-07	3.384850e-06	1.492814e-05	1.907863e-05	1.652788e-05	1.356120e-05	1.170592e-05	1.088003e-05	1.102514e-05	9.797654e-06	8.779322e-06	8.091899e-06	7.162763e-06	6.002601e-06	4.874000e-06	3.908948e-06	3.136697e-06	2.538711e-06	2.097234e-06	1.802421e-06	1.611554e-06	1.472450e-06	1.337183e-06	1.189020e-06	1.033229e-06	8.807156e-07	7.383486e-07	6.090575e-07	4.943890e-07	3.948209e-07	3.108186e-07	2.443389e-07	1.926474e-07	1.502103e-07	1.105407e-07	7.749308e-08	5.066776e-08	3.309887e-08	2.384184e-08	1.930821e-08	1.687480e-08	1.527462e-08	1.401580e-08	1.309403e-08	1.339391e-08	1.793064e-08	3.266156e-08	6.399196e-08	1.127587e-07	1.699430e-07	2.194898e-07	2.483338e-07	2.604950e-07	3.066449e-07
P60	5.232459e-08	6.769701e-07	2.985629e-06	3.815725e-06	3.305576e-06	2.712239e-06	2.341184e-06	2.176007e-06	2.205028e-06	1.959531e-06	1.755864e-06	1.618380e-06	1.432553e-06	1.200520e-06	9.748000e-07	7.817896e-07	6.273393e-07	5.077421e-07	4.194468e-07	3.604843e-07	3.223107e-07	2.944901e-07	2.674366e-07	2.378039e-07	2.066458e-07	1.761431e-07	1.476697e-07	1.218115e-07	9.887780e-08	7.896418e-08	6.216372e-08	4.886777e-08	3.852949e-08	3.004207e-08	2.210813e-08	1.549862e-08	1.013355e-08	6.619775e-09	4.768368e-09	3.861642e-09	3.374960e-09	3.054924e-09	2.803161e-09	2.618805e-09	2.678781e-09	3.586128e-09	6.532313e-09	1.279839e-08	2.255174e-08	3.398860e-08	4.389797e-08	4.966676e-08	5.209899e-08	6.132899e-08
P61	7.081991e-02	3.613012e-01	4.146885e+00	4.529733e+00	2.951226e+00	1.836095e+00	1.178996e+00	7.428425e-01	4.445683e-01	2.969309e-01	2.418445e-01	2.040463e-01	1.639574e-01	1.232005e-01	8.818619e-02	6.108454e-02	4.141672e-02	2.763907e-02	1.820493e-02	1.188378e-02	7.687171e-03	4.942633e-03	3.157213e-03	2.005024e-03	1.266408e-03	7.960033e-04	4.980528e-04	3.102163e-04	1.926581e-04	1.194827e-04	7.418453e-05	4.666945e-05	2.978969e-05	1.893070e-05	1.137088e-05	6.502479e-06	3.464198e-06	1.839157e-06	1.068774e-06	6.903505e-07	4.764572e-07	3.389848e-07	2.437160e-07	1.752647e-07	1.253205e-07	8.870240e-08	6.188790e-08	4.236493e-08	2.829768e-08	1.833745e-08	1.149665e-08	7.055338e-09	4.554702e-09	5.779668e-09
P62	0.000000e+00	0.000000e+00	0.000000e+00	0.000000e+00	0.000000e+00	0.000000e+00	0.000000e+00	0.000000e+00	0.000000e+00	0.000000e+00	0.000000e+00	0.000000e+00	0.000000e+00	0.000000e+00	0.000000e+00	0.000000e+00	0.000000e+00	0.000000e+00	0.000000e+00	0.000000e+00	0.000000e+00	0.000000e+00	0.000000e+00	0.000000e+00	0.000000e+00	3.898019e-235	2.580497e-178	1.690424e-135	3.140339e-103	6.577766e-79	1.404839e-60	9.129018e-47	2.325147e-36	1.596503e-28	1.267933e-22	3.541202e-18	9.105537e-15	2.785994e-12	2.289866e-10	1.070489e-08	1.036778e-07	7.128174e-07	3.589580e-06	1.437732e-05	5.694617e-05	2.044647e-04	5.918604e-04	1.335982e-03	2.371213e-03	3.372747e-03	3.924829e-03	3.832710e-03	3.300140e-03	2.904462e-03
P63	0.000000e+00	0.000000e+00	0.000000e+00	0.000000e+00	0.000000e+00	0.000000e+00	0.000000e+00	0.000000e+00	0.000000e+00	0.000000e+00	0.000000e+00	0.000000e+00	0.000000e+00	0.000000e+00	0.000000e+00	0.000000e+00	0.000000e+00	0.000000e+00	0.000000e+00	0.000000e+00	0.000000e+00	0.000000e+00	0.000000e+00	0.000000e+00	0.000000e+00	8.631328e-235	5.713958e-178	3.743081e-135	6.953608e-103	1.456505e-78	3.110714e-60	2.021425e-46	5.148539e-36	3.535114e-28	2.807565e-22	7.841232e-18	2.016226e-14	6.168987e-12	5.070417e-10	2.370368e-08	2.295722e-07	1.578381e-06	7.948355e-06	3.183550e-05	1.260951e-04	4.527432e-04	1.310548e-03	2.958246e-03	5.250543e-03	7.468226e-03	8.690693e-03	8.486716e-03	7.307453e-03	6.431308e-03
P64	0.000000e+00	0.000000e+00	0.000000e+00	0.000000e+00	0.000000e+00	0.000000e+00	0.000000e+00	0.000000e+00	0.000000e+00	0.000000e+00	0.000000e+00	0.000000e+00	0.000000e+00	0.000000e+00	0.000000e+00	0.000000e+00	0.000000e+00	0.000000e+00	0.000000e+00	0.000000e+00	0.000000e+00	0.000000e+00	0.000000e+00	0.000000e+00	0.000000e+00	7.517608e-235	4.976673e-178	3.260103e-135	6.056368e-103	1.268569e-78	2.709332e-60	1.760596e-46	4.484212e-36	3.078970e-28	2.445299e-22	6.829460e-18	1.756068e-14	5.372989e-12	4.416170e-10	2.064514e-08	1.999500e-07	1.374719e-06	6.922761e-06	2.772770e-05	1.098248e-04	3.943247e-04	1.141445e-03	2.576537e-03	4.573054e-03	6.504584e-03	7.569313e-03	7.391656e-03	6.364556e-03	5.601462e-03
P65	0.000000e+00	0.000000e+00	0.000000e+00	0.000000e+00	0.000000e+00	0.000000e+00	0.000000e+00	0.000000e+00	0.000000e+00	0.000000e+00	0.000000e+00	0.000000e+00	0.000000e+00	0.000000e+00	0.000000e+00	0.000000e+00	0.000000e+00	0.000000e+00	0.000000e+00	0.000000e+00	0.000000e+00	0.000000e+00	0.000000e+00	0.000000e+00	0.000000e+00	6.125459e-235	4.055067e-178	2.656380e-135	4.934818e-103	1.033649e-78	2.207604e-60	1.434560e-46	3.653802e-36	2.508791e-28	1.992466e-22	5.564745e-18	1.430870e-14	4.377991e-12	3.598361e-10	1.682197e-08	1.629222e-07	1.120142e-06	5.640768e-06	2.259294e-05	8.948684e-05	3.213016e-04	9.300664e-04	2.099400e-03	3.726192e-03	5.300031e-03	6.167588e-03	6.022831e-03	5.185934e-03	4.564154e-03
P66	0.000000e+00	0.000000e+00	0.000000e+00	0.000000e+00	0.000000e+00	0.000000e+00	0.000000e+00	0.000000e+00	0.000000e+00	0.000000e+00	0.000000e+00	0.000000e+00	0.000000e+00	0.000000e+00	0.000000e+00	0.000000e+00	0.000000e+00	0.000000e+00	0.000000e+00	0.000000e+00	0.000000e+00	0.000000e+00	0.000000e+00	0.000000e+00	0.000000e+00	1.670580e-235	1.105927e-178	7.244673e-136	1.345860e-103	2.819043e-79	6.020737e-61	3.912436e-47	9.964915e-37	6.842156e-29	5.433997e-23	1.517658e-18	3.902373e-15	1.193998e-12	9.813711e-11	4.587810e-09	4.443333e-08	3.054932e-07	1.538391e-06	6.161711e-06	2.440550e-05	8.762772e-05	2.536545e-04	5.725637e-04	1.016234e-03	1.445463e-03	1.682070e-03	1.642590e-03	1.414346e-03	1.244769e-03
T1	1.128564e-04	5.533882e-04	1.517647e-03	5.391443e-04	6.943114e-05	3.732890e-06	1.721158e-07	1.204163e-08	1.646305e-09	9.219059e-10	1.036615e-09	9.172041e-10	7.080302e-10	5.130740e-10	3.586088e-10	2.486438e-10	1.717847e-10	1.189059e-10	8.293538e-11	5.834935e-11	4.131428e-11	2.898505e-11	1.990761e-11	1.328532e-11	8.617655e-12	5.445252e-12	3.360507e-12	2.026050e-12	1.193456e-12	6.857428e-13	3.836534e-13	2.077705e-13	1.088549e-13	5.626757e-14	2.977370e-14	1.658616e-14	1.013031e-14	6.771006e-15	4.747417e-15	3.348460e-15	2.325140e-15	1.578960e-15	1.047950e-15	6.801017e-16	4.314878e-16	2.672318e-16	1.611116e-16	9.415598e-17	5.302769e-17	2.856532e-17	1.458908e-17	6.996348e-18	3.117900e-18	1.274623e-18	
T2	4.938481e-19	1.636878e-20	8.833758e-23	2.120203e-25	2.336576e-28	1.002948e-31	5.513008e-35	6.226310e-38	1.108844e-40	5.179217e-42	3.588518e-42	2.638763e-42	1.925512e-42	1.348817e-42	8.985661e-43	5.731751e-43	3.524205e-43	2.105378e-43	1.231592e-43	7.080726e-44	4.032650e-44	2.271037e-44	1.269419e-44	7.033696e-45	3.861029e-45	2.094225e-45	1.127119e-45	6.017168e-46	3.206438e-46	1.707706e-46	9.136063e-47	5.004623e-47	2.814705e-47	1.595146e-47	8.553143e-48	4.393189e-48	2.017005e-48	8.174985e-49	3.042865e-49	1.089020e-49	3.848602e-50	1.356811e-50	4.783686e-51	1.686833e-51	5.948677e-52	2.098579e-52	7.407796e-53	2.614771e-53	9.207485e-54	3.221458e-54	1.114730e-54	3.802885e-55	1.281043e-55	4.342960e-56	
T3	1.248207e-13	4.786640e-15	3.962000e-17	1.303321e-19	1.882970e-22	1.093733e-25	7.811190e-29	1.058965e-31	2.056554e-34	7.695119e-36	3.738691e-36	2.130213e-36	1.242937e-36	6.918439e-37	3.590161e-37	1.752491e-37	8.121125e-38	3.615630e-38	1.564767e-38	6.616390e-39	2.766219e-39	1.139153e-39	4.642968e-40	1.867892e-40	7.400834e-41	2.875603e-41	1.102076e-41	4.170970e-42	1.573253e-42	5.942988e-43	2.272709e-43	9.061017e-44	3.791851e-44	1.605071e-44	6.290438e-45	2.242884e-45	6.675781e-46	1.617168e-46	3.333956e-47	6.208854e-48	1.091677e-48	1.860971e-49	3.120130e-50	5.182376e-51	8.558433e-52	1.408224e-52	2.311444e-53	3.784657e-54	6.168686e-55	9.963822e-56	1.585608e-56	2.475063e-57	3.807823e-58	6.460356e-59	
T14	1.664517e-30	5.719616e-34	6.256746e-38	3.246823e-42	8.326820e-47	9.887666e-52	2.247557e-56	1.537701e-60	2.115955e-64	3.088801e-66	1.981459e-66	1.304521e-66	8.499661e-67	5.466834e-67	3.526473e-67	2.307470e-67	1.528245e-67	1.022901e-67	6.918965e-68	4.729517e-68	3.238737e-68	2.191684e-68	1.443731e-68	9.190172e-69	5.649848e-69	3.358884e-69	1.932036e-69	1.076259e-69	5.828800e-70	3.086265e-70	1.606238e-70	8.246033e-71	4.183971e-71	2.107083e-71	1.052170e-71	5.258309e-72	2.634420e-72	1.334531e-72	6.899124e-73	3.634696e-73	1.939077e-73	1.047857e-73	5.885416e-74	3.798944e-74	3.691970e-74	5.731327e-74	9.671279e-74	1.402161e-73	1.666366e-73	1.639399e-73	1.366939e-73	9.973558e-74	6.733477e-74	4.850494e-74	
T15	1.198134e-29	1.135515e-31	2.658481e-34	1.492154e-37	2.919595e-41	1.829256e-45	1.538884e-49	2.670087e-53	4.286978e-57	1.399164e-59	6.615050e-61	4.767251e-62	1.493912e-62	6.828956e-63	3.100507e-63	1.409456e-63	6.516468e-64	3.103048e-64	1.538578e-64	8.011999e-65	4.367706e-65	2.460168e-65	1.403377e-65	7.963913e-66	4.429494e-66	2.379315e-66	1.213137e-66	5.781227e-67	2.546084e-67	1.038119e-67	3.967148e-68	1.439212e-68	5.054657e-69	1.731753e-69	5.872879e-70	1.903635e-70	5.964734e-71	1.837790e-71	5.687521e-72	1.800846e-72	5.914316e-73	2.041920e-73	7.629677e-74	3.340159e-74	1.963973e-74	1.575985e-74	1.418325e-74	1.197713e-74	8.812004e-75	5.551981e-75	3.014595e-75	1.442052e-75	6.384333e-76	2.927193e-76	
T16	1.755419e-18	8.441400e-20	1.207787e-21	5.161992e-24	1.000040e-26	8.518499e-30	8.861835e-33	1.464908e-35	1.865879e-38	1.525056e-40	7.210251e-42	5.196192e-43	1.628329e-43	7.443403e-44	3.379481e-44	1.536275e-44	7.102799e-45	3.382250e-45	1.677014e-45	8.732893e-46	4.760698e-46	2.681526e-46	1.529648e-46	8.680480e-47	4.828046e-47	2.593398e-47	1.322291e-47	6.301403e-48	2.775173e-48	1.131526e-48	4.324099e-49	1.568708e-49	5.509458e-50	1.887571e-50	6.401302e-51	2.074918e-51	6.501421e-52	2.003148e-52	6.199266e-53	1.962880e-53	6.446467e-54	2.225645e-54	8.316170e-55	3.640695e-55	2.140685e-55	1.717787e-55	1.545942e-55	1.305479e-55	9.604879e-56	6.051530e-56	3.285838e-56	1.571803e-56	6.958775e-57	3.190572e-57	
T17	1.048329e+00	5.026475e+01	4.668680e+02	4.709779e+02	3.603192e+02	2.426134e+02	1.606913e+02	1.099707e+02	7.225299e+01	5.367427e+01	4.761803e+01	4.285805e+01	3.793082e+01	3.294501e+01	2.861070e+01	2.515438e+01	2.236384e+01	2.008480e+01	1.822490e+01	1.672576e+01	1.537189e+01	1.394716e+01	1.225706e+01	1.031137e+01	8.246672e+00	6.220950e+00	4.368213e+00	2.808385e+00	1.635896e+00	8.615343e-01	4.147174e-01	1.873736e-01	8.083272e-02	3.350159e-02	1.308623e-02	4.957308e-03	1.812569e-03	6.698845e-04	2.643029e-04	1.122300e-04	5.024037e-05	2.337097e-05	1.154247e-05	6.768661e-06	6.263442e-06	9.095747e-06	1.366714e-05	1.713362e-05	1.723602e-05	1.404326e-05	9.455897e-06	5.412206e-06	2.778470e-06	1.498352e-06	
T18	5.262692e-03	5.937749e-02	1.099589e-01	1.818144e-02	1.804312e-03	1.188130e-04	8.374097e-06	7.693384e-07	7.987863e-08	2.619241e-08	2.323704e-08	2.091422e-08	1.850979e-08	1.607678e-08	1.396169e-08	1.227504e-08	1.091329e-08	9.801146e-09	8.893538e-09	8.161976e-09	7.501299e-09	6.806051e-09	5.981303e-09	5.031826e-09	4.024279e-09	3.035750e-09	2.131636e-09	1.370459e-09	7.982982e-10	4.204186e-10	2.023772e-10	9.143610e-11	3.944541e-11	1.634838e-11	6.385926e-12	2.419108e-12	8.845122e-13	3.268958e-13	1.289767e-13	5.476690e-14	2.451671e-14	1.140476e-14	5.632588e-15	3.303027e-15	3.056486e-15	4.438618e-15	6.669401e-15	8.361003e-15	8.410974e-15	6.852947e-15	4.614366e-15	2.641093e-15	1.355861e-15	7.311779e-16	
T19	1.542371e-33	1.800362e-36	9.798479e-40	2.190604e-43	1.692648e-47	3.626002e-52	1.086442e-56	8.715303e-61	1.323946e-64	1.654518e-66	6.934982e-67	2.644665e-67	9.597680e-68	3.387298e-68	1.203938e-68	4.326361e-69	1.578604e-69	5.832413e-70	2.166310e-70	8.141202e-71	3.062297e-71	1.185065e-71	4.854261e-72	2.241181e-72	1.231875e-72	8.026667e-73	5.864436e-73	4.510799e-73	3.534495e-73	2.753124e-73	2.113201e-73	1.603255e-73	1.195296e-73	8.766090e-74	6.292273e-74	4.522283e-74	3.196187e-74	2.178851e-74	1.408100e-74	8.531678e-75	4.828647e-75	2.558324e-75	1.276617e-75	6.055366e-76	2.768265e-76	1.247114e-76	5.723975e-77	2.775049e-77	1.442467e-77	7.886499e-78	4.417444e-78	2.574858e-78	1.719333e-78	1.472954e-78	
T20	4.356072e-32	5.579101e-35	3.367263e-38	8.453823e-42	7.446333e-46	1.851644e-50	6.405280e-55	5.844469e-59	9.993571e-63	1.316133e-64	5.516628e-65	2.103774e-65	7.634746e-66	2.694522e-66	9.577067e-67	3.441526e-67	1.255745e-67	4.639558e-68	1.723253e-68	6.476150e-69	2.435991e-69	9.426937e-70	3.861459e-70	1.782811e-70	9.799297e-71	6.385040e-71	4.665032e-71	3.588243e-71	2.811614e-71	2.190051e-71	1.681006e-71	1.275355e-71	9.508320e-72	6.973235e-72	5.005367e-72	3.597378e-72	2.542497e-72	1.733228e-72	1.120113e-72	6.786765e-73	3.841084e-73	2.035091e-73	1.015521e-73	4.816913e-74	2.202095e-74	9.920523e-75	4.553298e-75	2.207491e-75	1.147451e-75	6.273539e-76	3.513981e-76	2.048244e-76	1.367692e-76	1.171703e-76	
T21	2.162052e-47	3.928340e-51	2.679046e-55	5.806162e-60	3.200206e-65	3.375412e-71	5.739011e-77	3.684407e-82	5.721304e-87	3.063085e-89	1.708267e-89	8.667715e-90	4.185272e-90	1.965322e-90	9.294116e-91	4.443755e-91	2.157367e-91	1.060529e-91	5.241047e-92	2.620653e-92	1.311571e-92	6.753201e-93	3.680561e-93	2.260952e-93	1.653501e-93	1.433497e-93	1.393512e-93	1.426138e-93	1.486821e-93	1.540921e-93	1.573688e-93	1.588561e-93	1.575797e-93	1.537639e-93	1.468517e-93	1.404277e-93	1.320537e-93	1.197757e-93	1.029908e-93	8.302768e-94	6.252265e-94	4.407486e-94	2.926300e-94	1.846811e-94	1.123345e-94	6.733411e-95	4.111972e-95	2.652443e-95	1.834446e-95	1.334463e-95	9.945267e-96	7.712981e-96	6.852552e-96	7.810973e-96	
T22	8.953668e-49	1.098951e-52	4.806746e-57	6.281152e-62	1.938032e-67	1.045544e-73	9.234132e-80	3.274204e-85	2.932283e-90	1.228317e-92	6.850260e-93	3.475809e-93	1.678321e-93	7.881069e-94	3.727000e-94	1.781974e-94	8.651181e-95	4.252791e-95	2.101693e-95	1.050898e-95	5.259483e-96	2.708077e-96	1.475929e-96	9.066563e-97	6.630646e-97	5.748413e-97	5.588072e-97	5.718903e-97	5.962248e-97	6.179190e-97	6.310591e-97	6.370233e-97	6.319048e-97	6.166030e-97	5.888847e-97	5.631239e-97	5.295438e-97	4.803084e-97	4.129996e-97	3.329463e-97	2.507198e-97	1.767430e-97	1.173465e-97	7.405828e-98	4.504685e-98	2.700141e-98	1.648927e-98	1.063647e-98	7.356245e-99	5.351284e-99	3.988116e-99	3.092955e-99	2.747917e-99	3.132250e-99	
T23	1.941273e-17	4.466822e-19	7.078339e-21	3.801133e-23	8.003938e-26	6.429609e-29	6.104065e-32	1.004421e-34	2.144770e-37	9.989321e-39	6.104162e-39	3.993650e-39	2.646636e-39	1.745905e-39	1.153594e-39	7.680175e-40	5.130357e-40	3.432433e-40	2.301577e-40	1.547462e-40	1.035673e-40	6.801740e-41	4.316812e-41	2.620190e-41	1.511097e-41	8.218756e-42	4.171692e-42	1.952690e-42	8.365657e-43	3.291022e-43	1.206614e-43	4.214981e-44	1.434276e-44	4.750598e-45	1.524186e-45	4.560284e-46	1.279600e-46	3.443450e-47	9.209860e-48	2.519797e-48	7.163742e-49	2.132075e-49	6.770658e-50	2.503572e-50	1.363474e-50	1.160188e-50	1.088048e-50	8.781501e-51	5.686736e-51	2.931710e-51	1.217346e-51	4.182912e-52	1.266917e-52	4.205659e-53	
T24	7.871942e-21	1.371194e-22	1.593271e-24	6.041696e-27	8.587961e-30	4.410720e-33	2.721060e-36	3.042578e-39	4.555574e-42	1.812861e-43	1.107783e-43	7.247674e-44	4.803114e-44	3.168468e-44	2.093542e-44	1.393798e-44	9.310569e-45	6.229177e-45	4.176901e-45	2.808333e-45	1.879538e-45	1.234379e-45	7.834149e-46	4.755119e-46	2.742338e-46	1.491539e-46	7.570783e-47	3.543740e-47	1.518199e-47	5.972544e-48	2.189763e-48	7.649344e-49	2.602923e-49	8.621382e-50	2.766092e-50	8.276000e-51	2.322218e-51	6.249172e-52	1.671405e-52	4.572926e-53	1.300076e-53	3.869288e-54	1.228739e-54	4.543482e-55	2.474432e-55	2.105508e-55	1.974588e-55	1.593666e-55	1.032028e-55	5.320466e-56	2.209239e-56	7.591146e-57	2.299200e-57	7.632428e-58	
T25	5.545305e-21	1.589703e-21	1.230609e-22	9.146981e-25	1.865473e-27	1.243868e-30	9.774043e-34	1.514425e-36	4.049524e-39	2.118830e-40	1.236790e-40	7.032544e-41	3.747859e-41	1.857718e-41	8.730482e-42	4.000727e-42	1.835920e-42	8.548036e-43	4.042608e-43	1.936925e-43	9.328647e-44	4.499939e-44	2.164226e-44	1.036470e-44	4.941141e-45	2.345456e-45	1.109044e-45	5.223442e-46	2.454660e-46	1.152407e-46	5.419010e-47	2.585632e-47	1.253821e-47	6.050991e-48	2.748105e-48	1.179591e-48	4.665908e-49	1.826539e-49	7.836826e-50	3.758497e-50	1.937141e-50	1.034981e-50	5.642452e-51	3.164651e-51	1.968471e-51	1.619681e-51	1.822265e-51	2.213882e-51	2.424267e-51	2.268900e-51	1.817578e-51	1.276890e-51	8.340041e-52	6.125044e-52	
T26	9.831166e-40	4.212900e-42	4.825492e-45	6.945686e-49	2.298953e-53	1.932053e-58	2.546037e-63	1.059561e-67	1.012869e-71	1.122665e-73	6.167006e-74	3.494443e-74	1.917806e-74	1.003217e-74	5.081534e-75	2.526647e-75	1.244615e-75	6.092987e-76	2.965774e-76	1.438361e-76	6.938858e-77	3.336180e-77	1.596470e-77	7.604940e-78	3.606090e-78	1.702600e-78	8.004648e-79	3.747017e-79	1.748981e-79	8.152599e-80	3.804652e-80	1.798998e-80	8.631283e-81	4.122922e-81	1.862018e-81	8.004247e-82	3.204990e-82	1.278365e-82	5.580183e-83	2.707761e-83	1.404439e-83	7.520867e-84	4.097620e-84	2.291471e-84	1.417500e-84	1.159833e-84	1.302857e-84	1.581883e-84	1.726641e-84	1.604301e-84	1.269338e-84	8.746846e-85	5.542116e-85	3.823314e-85	
T27	1.817856e-09	1.481273e-10	2.678263e-11	3.331014e-13	1.528232e-15	3.592135e-18	1.037478e-20	4.853673e-23	3.070300e-25	2.132344e-26	1.133038e-26	6.385423e-27	3.503722e-27	1.833008e-27	9.284752e-28	4.611792e-28	2.266022e-28	1.104993e-28	5.352630e-29	2.582421e-29	1.239316e-29	5.928988e-30	2.824267e-30	1.339854e-30	6.330515e-31	2.979691e-31	1.397290e-31	6.527012e-32	3.041568e-32	1.415955e-32	6.601235e-33	3.119001e-33	1.495544e-33	7.140189e-34	3.222487e-34	1.384717e-34	5.543605e-35	2.211728e-35	9.659016e-36	4.688770e-36	2.431990e-36	1.300385e-36	7.026425e-37	3.797574e-37	2.040790e-37	1.085622e-37	5.692694e-38	2.928800e-38	1.470300e-38	7.160894e-39	3.374226e-39	1.556308e-39	7.551150e-40	7.201646e-40	
T28	3.866177e-51	1.803910e-55	2.695294e-60	1.048449e-65	8.181386e-72	9.180660e-79	1.783129e-85	1.641317e-91	4.480458e-97	1.291297e-99	9.562898e-100	7.039453e-100	5.164428e-100	3.782091e-100	2.771188e-100	2.032018e-100	1.491480e-100	1.095596e-100	8.051234e-101	5.921032e-101	4.354231e-101	3.204724e-101	2.360166e-101	1.740200e-101	1.285014e-101	9.507860e-102	7.046872e-102	5.232192e-102	3.890308e-102	2.896726e-102	2.159576e-102	1.611333e-102	1.203113e-102	8.986849e-103	6.714495e-103	5.012531e-103	3.737538e-103	2.782258e-103	2.066552e-103	1.530566e-103	1.129503e-103	8.297508e-104	6.060402e-104	4.393507e-104	3.153706e-104	2.233437e-104	1.552286e-104	1.050920e-104	6.864272e-105	4.279936e-105	2.524713e-105	1.406505e-105	7.545213e-106	4.235896e-106	
T29	1.482372e-49	2.989140e-50	2.010186e-51	1.054975e-53	1.276772e-56	4.135620e-60	1.767102e-63	1.907535e-66	4.268887e-69	3.179881e-70	3.928972e-70	4.592120e-70	4.900315e-70	4.699949e-70	4.171659e-70	3.517010e-70	2.864383e-70	2.290032e-70	1.834068e-70	1.523943e-70	1.344169e-70	1.300642e-70	1.399964e-70	1.677943e-70	2.183251e-70	2.976671e-70	4.096396e-70	5.561945e-70	7.334260e-70	9.346044e-70	1.146328e-69	1.355894e-69	1.548795e-69	1.694997e-69	1.671475e-69	1.494331e-69	1.145756e-69	7.833459e-70	5.776442e-70	7.611364e-70	1.976760e-69	5.778943e-69	1.474323e-68	3.197234e-68	5.961113e-68	9.438336e-68	1.261318e-67	1.433827e-67	1.409723e-67	1.222715e-67	9.539689e-68	6.814601e-68	4.521907e-68	2.803760e-68	
T30	7.754242e-32	6.122915e-34	1.490467e-36	1.304836e-39	3.821794e-43	3.234535e-47	3.448302e-51	8.908235e-55	4.750190e-58	1.414173e-59	9.151392e-60	5.404983e-60	3.074519e-60	1.740702e-60	9.999848e-61	5.941925e-61	3.755293e-61	2.622510e-61	2.097934e-61	1.918100e-61	1.943948e-61	2.030495e-61	2.077185e-61	1.988170e-61	1.737739e-61	1.370721e-61	9.854306e-62	6.565459e-62	4.151654e-62	2.538254e-62	1.523339e-62	9.087508e-63	5.455217e-63	3.353339e-63	2.150815e-63	1.487917e-63	1.123821e-63	9.108616e-64	7.614847e-64	6.332238e-64	5.133169e-64	4.028355e-64	3.060341e-64	2.256869e-64	1.621405e-64	1.138890e-64	7.846147e-65	5.313680e-65	3.539867e-65	2.316681e-65	1.485316e-65	9.300979e-66	5.675626e-66	3.364996e-66	
T31	1.532033e-09	1.842132e-10	8.341154e-12	1.970757e-13	4.536667e-15	4.404908e-17	4.450735e-19	7.301141e-21	1.582792e-22	2.695829e-23	2.487183e-23	2.201078e-23	1.972726e-23	1.839062e-23	1.866465e-23	2.074744e-23	2.488541e-23	3.161474e-23	4.181290e-23	5.707840e-23	7.736691e-23	1.013771e-22	1.226780e-22	1.336496e-22	1.288880e-22	1.096647e-22	8.272789e-23	5.671388e-23	3.623225e-23	2.206057e-23	1.297056e-23	7.395480e-24	4.104828e-24	2.232717e-24	1.212386e-24	6.624914e-25	3.828731e-25	2.516533e-25	1.974828e-25	1.792803e-25	1.761859e-25	1.788870e-25	1.833555e-25	1.876023e-25	1.904040e-25	1.912403e-25	1.909058e-25	1.916150e-25	1.952571e-25	2.006195e-25	2.029083e-25	1.979254e-25	1.912068e-25	2.467129e-25	
T32	1.711097e+02	5.986798e+01	8.745743e+00	7.523055e-01	7.273848e-02	3.519280e-03	1.571055e-04	9.118435e-06	5.968310e-07	1.402600e-07	9.725822e-08	6.468902e-08	4.357510e-08	3.053128e-08	2.328868e-08	1.945656e-08	1.753973e-08	1.674728e-08	1.664723e-08	1.707969e-08	1.739962e-08	1.713569e-08	1.558493e-08	1.276093e-08	9.249189e-09	5.914723e-09	3.353486e-09	1.727867e-09	8.296462e-10	3.796568e-10	1.677683e-10	7.189421e-11	2.999156e-11	1.226067e-11	5.003781e-12	2.055012e-12	8.926177e-13	4.409509e-13	2.600718e-13	1.774489e-13	1.310655e-13	1.000167e-13	7.704857e-14	5.924956e-14	4.519596e-14	3.411769e-14	2.559740e-14	1.931004e-14	1.478894e-14	1.142036e-14	8.681273e-15	6.364462e-15	4.621043e-15	4.481310e-15	
T33	1.158400e-41	1.003881e-44	1.236638e-47	1.529391e-51	3.131869e-56	1.099777e-61	5.435262e-67	8.783195e-72	3.108253e-76	2.674658e-78	2.019602e-78	1.571314e-78	1.224646e-78	9.476095e-79	7.415659e-79	5.904577e-79	4.761422e-79	3.862565e-79	3.132026e-79	2.529644e-79	2.007835e-79	1.554626e-79	1.164292e-79	8.445301e-80	5.960744e-80	4.116302e-80	2.788169e-80	1.857485e-80	1.220201e-80	7.931285e-81	5.120616e-81	3.320103e-81	2.169377e-81	1.407448e-81	8.679750e-82	5.098741e-82	2.797011e-82	1.520676e-82	8.969389e-83	5.844879e-83	4.055990e-83	2.895836e-83	2.086869e-83	1.503196e-83	1.076115e-83	7.623546e-84	5.322549e-84	3.645384e-84	2.435880e-84	1.578955e-84	9.901568e-85	6.078499e-85	3.936741e-85	4.963683e-85	
T34	3.300405e-46	1.798108e-49	1.320421e-52	9.141757e-57	9.722183e-62	1.619426e-67	3.900654e-73	3.309772e-78	6.480611e-83	4.289738e-85	3.239130e-85	2.520145e-85	1.964144e-85	1.519819e-85	1.189357e-85	9.470031e-86	7.636586e-86	6.194957e-86	5.023285e-86	4.057159e-86	3.220257e-86	2.493380e-86	1.867345e-86	1.354496e-86	9.560112e-87	6.601914e-87	4.471793e-87	2.979120e-87	1.957014e-87	1.272056e-87	8.212678e-88	5.324932e-88	3.479346e-88	2.257330e-88	1.392098e-88	8.177594e-89	4.485973e-89	2.438929e-89	1.438552e-89	9.374283e-90	6.505182e-90	4.644475e-90	3.347015e-90	2.410895e-90	1.725923e-90	1.222699e-90	8.536547e-91	5.846633e-91	3.906775e-91	2.532400e-91	1.588059e-91	9.748974e-92	6.313924e-92	7.960982e-92	
T35	1.293820e-46	6.277261e-50	4.050865e-53	2.426206e-57	2.190702e-62	3.028810e-68	6.096468e-74	4.404070e-79	7.438134e-84	4.611245e-86	3.481896e-86	2.709024e-86	2.111352e-86	1.633726e-86	1.278497e-86	1.017979e-86	8.208932e-87	6.659256e-87	5.399770e-87	4.361234e-87	3.461609e-87	2.680253e-87	2.007298e-87	1.456013e-87	1.027662e-87	7.096713e-88	4.806945e-88	3.202398e-88	2.103688e-88	1.367394e-88	8.828200e-89	5.724025e-89	3.740116e-89	2.426512e-89	1.496433e-89	8.790487e-90	4.822187e-90	2.621722e-90	1.546368e-90	1.007687e-90	6.992732e-91	4.992568e-91	3.597867e-91	2.591587e-91	1.855277e-91	1.314338e-91	9.176343e-92	6.284826e-92	4.199580e-92	2.722198e-92	1.707080e-92	1.047964e-92	6.787139e-93	8.557640e-93	
T36	5.754321e-03	2.531459e-02	1.157037e-02	5.034038e-04	1.167878e-05	1.635228e-07	2.767576e-09	6.170477e-11	1.006455e-12	7.580393e-14	3.282265e-14	1.776924e-14	1.132541e-14	7.945265e-15	6.158281e-15	5.158031e-15	4.584921e-15	4.253642e-15	4.067296e-15	4.011265e-15	3.983871e-15	3.965146e-15	3.862703e-15	3.668426e-15	3.402305e-15	3.108164e-15	2.785042e-15	2.453752e-15	2.114818e-15	1.788991e-15	1.483244e-15	1.200351e-15	9.456395e-16	7.174013e-16	5.143262e-16	3.508229e-16	2.359699e-16	1.706337e-16	1.418951e-16	1.332153e-16	1.332693e-16	1.363294e-16	1.397957e-16	1.423778e-16	1.432112e-16	1.415419e-16	1.367130e-16	1.282969e-16	1.162686e-16	1.011712e-16	8.428975e-17	6.794896e-17	5.693364e-17	8.960850e-17	
T37	4.884174e-05	2.275206e-04	1.115370e-04	5.286397e-06	1.361663e-07	2.167146e-09	4.183226e-11	1.055581e-12	1.937756e-14	1.539924e-15	6.667780e-16	3.609746e-16	2.300708e-16	1.614047e-16	1.251028e-16	1.047832e-16	9.314071e-17	8.641092e-17	8.262537e-17	8.148713e-17	8.093063e-17	8.055024e-17	7.846915e-17	7.452251e-17	6.911637e-17	6.314102e-17	5.657693e-17	4.984691e-17	4.296162e-17	3.634259e-17	3.013148e-17	2.438462e-17	1.921026e-17	1.457370e-17	1.044832e-17	7.126817e-18	4.793627e-18	3.466350e-18	2.882537e-18	2.706212e-18	2.707309e-18	2.769473e-18	2.839891e-18	2.892344e-18	2.909274e-18	2.875364e-18	2.777266e-18	2.606296e-18	2.361946e-18	2.055249e-18	1.712310e-18	1.380354e-18	1.156583e-18	1.820358e-18	
T38	1.114597e-01	6.178603e-01	3.669051e-01	2.150964e-02	7.025027e-04	1.460459e-05	3.636897e-07	1.150741e-08	2.596613e-10	2.260192e-11	9.786495e-12	5.298129e-12	3.376816e-12	2.368983e-12	1.836171e-12	1.537933e-12	1.367053e-12	1.268278e-12	1.212717e-12	1.196010e-12	1.187842e-12	1.182259e-12	1.151715e-12	1.093789e-12	1.014441e-12	9.267392e-13	8.303961e-13	7.316176e-13	6.305602e-13	5.334108e-13	4.422484e-13	3.579001e-13	2.819546e-13	2.139024e-13	1.533530e-13	1.046024e-13	7.035745e-14	5.087663e-14	4.230784e-14	3.971986e-14	3.973596e-14	4.064835e-14	4.168190e-14	4.245178e-14	4.270027e-14	4.220255e-14	4.076274e-14	3.825336e-14	3.466697e-14	3.016548e-14	2.513208e-14	2.025986e-14	1.697550e-14	2.671793e-14	
T41	2.184249e-50	3.124161e-52	5.773675e-55	2.254475e-58	2.308588e-62	5.163545e-67	1.496942e-71	1.175361e-75	1.499798e-79	1.315022e-81	3.759679e-82	9.583009e-83	2.447498e-83	6.473298e-84	1.871592e-84	6.113903e-85	2.294706e-85	9.568749e-86	4.317794e-86	2.104527e-86	1.069964e-86	5.680614e-87	3.080772e-87	1.706725e-87	9.659971e-88	5.581701e-88	3.248809e-88	1.886445e-88	1.081448e-88	6.092222e-89	3.363359e-89	1.817199e-89	9.662585e-90	5.123388e-90	2.752481e-90	1.517979e-90	8.740095e-91	5.275614e-91	3.291991e-91	2.077089e-91	1.303964e-91	8.110404e-92	5.050411e-92	3.278623e-92	2.469301e-92	2.447598e-92	2.987742e-92	3.646348e-92	3.880318e-92	3.415540e-92	2.452380e-92	1.446147e-92	7.268625e-93	3.503851e-93	
T42	3.633577e-26	2.101920e-28	6.068762e-32	3.858247e-36	1.325223e-40	2.696183e-45	1.123243e-49	1.001936e-53	6.996205e-58	1.801712e-60	2.008607e-61	3.250310e-62	7.063531e-63	1.843070e-63	5.741407e-64	2.013217e-64	7.694943e-65	3.089992e-65	1.257969e-65	5.133728e-66	2.043499e-66	8.116817e-67	3.261802e-67	1.359051e-67	5.935564e-68	2.717793e-68	1.296367e-68	6.390916e-69	3.246392e-69	1.691946e-69	9.049578e-70	5.047007e-70	2.927544e-70	1.711957e-70	9.419381e-71	4.860410e-71	2.185076e-71	8.440698e-72	2.946588e-72	9.949271e-73	3.400223e-73	1.198460e-73	4.372091e-74	1.647478e-74	6.393355e-75	2.548148e-75	1.039431e-75	4.312897e-76	1.802068e-76	7.487398e-77	3.059096e-77	1.222173e-77	4.786038e-78	1.857460e-78	
T43	1.869520e+02	1.568664e+03	5.330636e+02	1.136143e+01	2.199944e-01	4.361312e-03	1.233031e-04	4.058395e-06	8.063423e-08	3.743563e-09	6.189437e-10	1.208052e-10	2.694347e-11	6.546014e-12	1.793883e-12	5.410057e-13	1.776314e-13	6.228854e-14	2.286088e-14	8.820477e-15	3.488818e-15	1.443160e-15	6.197917e-16	2.790623e-16	1.320389e-16	6.567151e-17	3.381236e-17	1.784993e-17	9.542963e-18	5.143396e-18	2.783452e-18	1.516811e-18	8.323162e-19	4.529339e-19	2.341064e-19	1.140768e-19	4.971290e-20	1.904693e-20	6.664186e-21	2.264863e-21	7.809108e-22	2.780622e-22	1.025577e-22	3.910206e-23	1.537406e-23	6.222233e-24	2.585655e-24	1.096618e-24	4.691342e-25	1.990732e-25	8.232681e-26	3.272832e-26	1.241321e-26	4.691356e-27	
T44	1.157349e-04	3.479851e-04	3.737478e-05	2.169329e-07	9.570155e-10	3.482444e-12	1.902347e-14	1.423829e-16	7.214116e-19	1.824741e-20	3.016944e-21	5.888460e-22	1.313317e-22	3.190752e-23	8.744002e-24	2.637047e-24	8.658362e-25	3.036157e-25	1.114318e-25	4.299404e-26	1.700570e-26	7.034457e-27	3.021078e-27	1.360246e-27	6.436028e-28	3.201055e-28	1.648130e-28	8.700671e-29	4.651568e-29	2.507068e-29	1.356750e-29	7.393460e-30	4.056995e-30	2.207755e-30	1.141115e-30	5.560495e-31	2.423178e-31	9.284129e-32	3.248353e-32	1.103972e-32	3.806427e-33	1.355371e-33	4.999013e-34	1.905969e-34	7.493844e-35	3.032930e-35	1.260337e-35	5.345292e-36	2.286721e-36	9.703510e-37	4.012891e-37	1.595291e-37	6.050624e-38	2.286728e-38	
T46	2.185576e+05	1.306333e+04	1.555393e+02	6.194914e+00	2.836043e-01	1.042631e-02	4.225686e-04	1.610027e-05	2.371668e-07	7.491134e-09	1.249485e-09	3.622828e-10	1.554724e-10	8.333222e-11	5.250568e-11	3.678469e-11	2.769479e-11	2.189826e-11	1.792866e-11	1.514909e-11	1.295484e-11	1.109563e-11	9.321701e-12	7.633883e-12	6.097471e-12	4.777211e-12	3.670295e-12	2.773461e-12	2.062461e-12	1.517455e-12	1.109512e-12	8.130719e-13	6.017502e-13	4.493208e-13	3.275619e-13	2.348546e-13	1.576735e-13	9.541801e-14	5.126716e-14	2.472690e-14	1.097299e-14	4.594460e-15	1.852158e-15	7.307969e-16	2.889184e-16	1.233496e-16	6.906244e-17	5.696173e-17	5.559990e-17	5.152288e-17	4.221280e-17	3.066622e-17	2.070306e-17	1.493541e-17	
T47	9.457697e-04	1.227701e-05	1.486132e-08	7.764560e-11	9.156983e-13	9.098330e-15	1.220068e-16	2.476246e-18	5.621749e-20	9.454470e-21	7.498539e-21	6.031518e-21	5.044687e-21	4.396447e-21	4.012622e-21	3.818445e-21	3.747229e-21	3.767275e-21	3.868830e-21	4.062898e-21	4.318677e-21	4.608255e-21	4.866786e-21	5.062156e-21	5.174734e-21	5.189186e-21	5.064053e-21	4.800637e-21	4.412067e-21	3.948915e-21	3.450213e-21	2.934321e-21	2.444117e-21	2.028486e-21	1.710097e-21	1.482450e-21	1.333128e-21	1.221867e-21	1.107300e-21	9.710037e-22	8.182336e-22	6.646161e-22	5.240981e-22	4.048761e-22	3.107729e-22	2.436815e-22	2.041600e-22	1.892781e-22	1.903671e-22	1.949727e-22	1.934560e-22	1.864954e-22	1.949542e-22	4.851735e-22	
T48	1.875887e-13	8.543681e-16	1.982906e-18	7.408872e-21	2.019944e-23	3.212843e-26	6.784137e-29	1.886508e-31	2.309194e-34	1.111470e-36	3.193020e-38	1.694331e-39	4.548202e-40	1.951407e-40	8.952764e-41	4.298320e-41	2.163496e-41	1.143496e-41	6.364486e-42	3.763147e-42	2.333757e-42	1.505070e-42	9.832082e-43	6.396302e-43	4.083766e-43	2.529658e-43	1.488783e-43	8.209279e-44	4.180535e-44	1.975549e-44	8.775563e-45	3.703625e-45	1.517815e-45	6.072028e-46	2.394885e-46	8.853235e-47	3.084301e-47	1.026996e-47	3.337290e-48	1.078642e-48	3.521602e-49	1.180786e-49	4.201185e-50	1.723191e-50	9.371967e-51	6.891037e-51	5.650425e-51	4.342080e-51	2.919315e-51	1.698585e-51	8.666977e-52	3.993537e-52	1.761554e-52	8.484879e-53	
T49	7.686550e-13	3.891927e-15	1.012888e-17	4.286338e-20	1.339102e-22	2.474496e-25	6.010357e-28	1.888527e-30	2.579824e-33	1.302710e-35	3.742411e-37	1.985858e-38	5.330766e-39	2.287166e-39	1.049318e-39	5.037889e-40	2.535748e-40	1.340245e-40	7.459560e-41	4.410635e-41	2.735303e-41	1.764033e-41	1.152379e-41	7.496851e-42	4.786420e-42	2.964911e-42	1.744943e-42	9.621769e-43	4.899839e-43	2.315463e-43	1.028549e-43	4.340872e-44	1.778971e-44	7.116782e-45	2.806949e-45	1.037652e-45	3.614987e-46	1.203701e-46	3.911505e-47	1.264234e-47	4.127529e-48	1.383952e-48	4.924041e-49	2.019684e-49	1.098451e-49	8.076710e-50	6.622637e-50	5.089179e-50	3.421613e-50	1.990843e-50	1.015822e-50	4.680666e-51	2.064647e-51	9.944788e-52	
T53	9.799370e+00	5.280090e-02	4.971288e-04	1.066867e-05	2.000819e-07	2.562326e-09	3.882286e-11	7.158921e-13	8.009690e-15	2.828495e-16	4.489683e-17	8.099373e-18	1.707285e-18	4.054435e-19	1.130256e-19	3.603965e-20	1.289622e-20	5.056243e-21	2.122076e-21	9.556934e-22	4.437814e-22	2.136500e-22	1.038568e-22	5.111681e-23	2.556132e-23	1.306853e-23	6.731600e-24	3.469380e-24	1.764706e-24	8.836605e-25	4.338490e-25	2.089406e-25	9.918468e-26	4.618949e-26	2.021539e-26	8.274888e-27	2.974900e-27	9.119281e-28	2.449991e-28	6.102760e-29	1.476149e-29	3.556365e-30	8.620849e-31	2.107047e-31	5.185226e-32	1.280581e-32	3.156028e-33	7.685755e-34	1.821216e-34	4.119527e-35	8.739969e-36	1.724919e-36	3.222566e-37	7.530186e-38	
T54	3.105466e+04	4.394043e+04	8.942769e+04	1.090998e+05	1.114982e+05	1.057182e+05	9.554492e+04	8.071373e+04	5.638553e+04	2.855266e+04	1.187212e+04	4.439742e+03	1.642758e+03	6.235382e+02	2.529063e+02	1.091856e+02	5.005430e+01	2.415421e+01	1.213501e+01	6.370465e+00	3.447274e+00	1.950302e+00	1.152891e+00	7.179811e-01	4.719464e-01	3.264696e-01	2.347705e-01	1.735437e-01	1.304016e-01	9.873329e-02	7.482270e-02	5.651854e-02	4.244551e-02	3.175271e-02	2.371071e-02	1.787668e-02	1.370847e-02	1.076917e-02	8.675319e-03	7.126892e-03	5.941059e-03	5.017053e-03	4.291540e-03	3.717292e-03	3.256073e-03	2.875319e-03	2.545009e-03	2.235469e-03	1.919860e-03	1.583215e-03	1.231820e-03	8.920009e-04	5.956453e-04	3.672483e-04	
T55	3.105558e+05	4.394192e+05	8.943115e+05	1.091047e+06	1.115040e+06	1.057247e+06	9.555203e+05	8.072114e+05	5.639204e+05	2.855695e+05	1.187449e+05	4.440924e+04	1.643340e+04	6.238319e+03	2.530647e+03	1.092765e+03	5.010976e+02	2.418979e+02	1.215877e+02	6.387036e+01	3.459184e+01	1.959245e+01	1.159902e+01	7.237655e+00	4.769766e+00	3.310647e+00	2.391237e+00	1.777697e+00	1.345551e+00	1.028251e+00	7.883090e-01	6.039966e-01	4.614377e-01	3.521978e-01	2.690813e-01	2.080452e-01	1.638523e-01	1.322710e-01	1.094319e-01	9.218510e-02	7.861722e-02	6.773022e-02	5.893038e-02	5.177149e-02	4.587196e-02	4.088137e-02	3.644766e-02	3.219562e-02	2.777086e-02	2.297797e-02	1.792372e-02	1.300438e-02	8.696649e-03	5.367948e-03	
T56	3.194933e+04	4.520927e+04	9.210392e+04	1.124601e+05	1.150035e+05	1.090761e+05	9.849619e+04	8.306001e+04	5.792945e+04	2.929597e+04	1.216878e+04	4.547141e+03	1.681500e+03	6.379562e+02	2.586660e+02	1.116434e+02	5.117113e+01	2.468956e+01	1.240264e+01	6.510456e+00	3.522840e+00	1.992989e+00	1.178108e+00	7.336888e-01	4.822829e-01	3.336350e-01	2.399400e-01	1.773827e-01	1.333042e-01	1.009488e-01	7.651911e-02	5.781648e-02	4.343553e-02	3.250701e-02	2.428588e-02	1.832046e-02	1.405724e-02	1.105012e-02	8.907295e-03	7.321948e-03	6.107135e-03	5.159930e-03	4.415707e-03	3.826270e-03	3.352557e-03	2.961254e-03	2.621588e-03	2.303089e-03	1.978170e-03	1.631451e-03	1.269440e-03	9.192920e-04	6.138944e-04	3.785117e-04	
T58	6.296796e-32	6.155838e-35	1.319278e-38	9.221663e-43	2.003329e-47	1.114839e-52	8.200793e-58	1.063467e-62	8.188430e-68	1.806197e-71	8.055729e-74	3.274010e-76	1.737386e-77	4.377516e-78	1.332862e-78	4.425363e-79	1.537665e-79	5.316715e-80	1.735836e-80	5.229405e-81	1.432545e-81	3.741636e-82	9.731355e-83	2.623466e-83	7.461012e-84	2.241572e-84	7.082983e-85	2.338439e-85	8.084170e-86	2.936895e-86	1.133284e-86	4.804294e-87	2.258153e-87	1.125790e-87	5.244698e-88	2.223389e-88	7.327645e-89	1.762107e-89	3.271381e-90	5.191748e-91	7.683827e-92	1.125013e-92	1.704839e-93	2.889564e-94	6.995767e-95	3.118515e-95	1.862877e-95	1.051938e-95	5.103824e-96	2.128993e-96	7.897393e-97	2.771652e-97	1.029806e-97	5.217807e-98	
T59	1.609766e-30	1.467920e-33	2.911128e-37	1.865309e-41	3.673018e-46	1.827725e-51	1.207109e-56	1.421218e-61	1.001362e-66	2.123585e-70	9.471298e-73	3.849325e-75	2.042683e-76	5.146742e-77	1.567076e-77	5.202997e-78	1.807867e-78	6.250979e-79	2.040860e-79	6.148326e-80	1.684274e-80	4.399124e-81	1.144137e-81	3.084466e-82	8.772075e-83	2.635465e-83	8.327618e-84	2.749354e-84	9.504736e-85	3.452972e-85	1.332427e-85	5.648514e-86	2.654961e-86	1.323616e-86	6.166306e-87	2.614087e-87	8.615273e-88	2.071748e-88	3.846234e-89	6.104052e-90	9.034044e-91	1.322702e-91	2.004417e-92	3.397324e-93	8.225077e-94	3.666506e-94	2.190225e-94	1.236786e-94	6.000678e-95	2.503104e-95	9.285139e-96	3.258692e-96	1.210765e-96	6.134690e-97	
