Type	Std	Rate
R1	5.160302e-71	9.081128e-71	1.036992e-70	8.046641e-71	4.093843e-71	1.420307e-71	2.408853e-72	9.350362e-74	3.353770e-75	2.030399e-83	7.620136e-91	6.655546e-96	1.076431e-98	6.483150e-100	1.130849e-100	1.848625e-101	5.074049e-102	4.674374e-102	1.415483e-101	1.340500e-100	1.386645e-99	1.234393e-98	3.178641e-97	2.088934e-95	8.670232e-94	1.063268e-92	4.925589e-90	5.814951e-85	1.591942e-82	1.536270e-80	2.161862e-79	9.028446e-79	4.466674e-78	2.932369e-77	9.573224e-77	1.732189e-76	1.925961e-76	1.434625e-76	7.711601e-77	3.642416e-77	2.594483e-75	1.252551e-73	1.849444e-72	1.086473e-71	3.447010e-71	7.472533e-71	1.421061e-70	1.469405e-69	1.785364e-66	1.922729e-66	
R2	7.742100e-71	3.013475e-70	6.808087e-70	1.019824e-69	9.593257e-70	5.948535e-70	1.778730e-70	2.031648e-71	1.987495e-72	3.732528e-79	3.843003e-85	2.379312e-89	1.348741e-91	1.780747e-92	5.837911e-93	1.669752e-93	6.692832e-94	7.068210e-94	2.050649e-93	1.697964e-92	1.711322e-91	1.672084e-90	3.838324e-89	1.665878e-87	4.213716e-86	3.664156e-85	2.190011e-81	7.330616e-77	3.525052e-75	9.078585e-74	5.351678e-73	1.469395e-72	4.861876e-72	1.780131e-71	3.408403e-71	3.795166e-71	2.723409e-71	1.372336e-71	5.248352e-72	1.978349e-72	1.826080e-70	2.738125e-68	2.352848e-66	1.316042e-64	4.377029e-63	8.674081e-62	1.273957e-60	1.916417e-58	1.084242e-56	1.178630e-57	
R3	2.448299e-30	6.857165e-30	1.346278e-29	1.983942e-29	2.134549e-29	1.743252e-29	6.556764e-30	9.382186e-31	1.301505e-31	8.257528e-38	3.569186e-42	1.051367e-44	5.660867e-46	1.982323e-46	1.290926e-46	8.361873e-47	7.010193e-47	1.051855e-46	2.844913e-46	1.348223e-45	6.568169e-45	2.916143e-44	2.197609e-43	2.547155e-42	2.183373e-41	9.964052e-41	1.152077e-38	3.135704e-36	2.929252e-35	1.719528e-34	4.045145e-34	5.332982e-34	7.725674e-34	1.297994e-33	1.562186e-33	1.421963e-33	1.030095e-33	6.200599e-34	3.222218e-34	1.707017e-34	1.541304e-32	1.042515e-30	2.338443e-29	2.225358e-28	1.201545e-27	4.593719e-27	1.575176e-26	2.878111e-25	4.756646e-23	4.116518e-23	
R4	1.647613e-47	5.177315e-47	0.000000e+00	0.000000e+00	0.000000e+00	0.000000e+00	0.000000e+00	0.000000e+00	0.000000e+00	0.000000e+00	0.000000e+00	0.000000e+00	5.802771e-62	0.000000e+00	0.000000e+00	0.000000e+00	0.000000e+00	0.000000e+00	0.000000e+00	0.000000e+00	1.428538e-59	3.676251e-59	0.000000e+00	2.175576e-58	1.037476e-57	1.299808e-56	1.197144e-54	7.469172e-53	7.090254e-53	4.483305e-53	1.550436e-53	7.548789e-54	7.473732e-54	1.403161e-53	1.354151e-53	7.494759e-54	2.187444e-54	5.164093e-55	1.034551e-55	2.155372e-56	7.825489e-55	2.129071e-53	1.875741e-52	6.717620e-52	1.282508e-51	1.581784e-51	1.529330e-51	5.871164e-51	4.980359e-51	6.736293e-52	
R5	6.150454e-42	7.963100e-42	6.786688e-42	4.022570e-42	1.580729e-42	4.155903e-43	4.311878e-44	1.378146e-45	2.928378e-47	1.377241e-54	1.408213e-60	6.171255e-65	1.550169e-67	8.320229e-69	1.101583e-69	1.349978e-70	2.677679e-71	1.649032e-71	3.095160e-71	1.704980e-70	1.061043e-69	6.052235e-69	9.589125e-68	3.684756e-66	9.245635e-65	7.703551e-64	1.177077e-61	4.160054e-59	5.325449e-58	4.004778e-57	8.803380e-57	6.339308e-57	5.800959e-57	9.674746e-57	1.156008e-56	1.044835e-56	7.517171e-57	4.495074e-57	2.321269e-57	1.222553e-57	1.098121e-55	7.395594e-54	1.653959e-52	1.572337e-51	8.504561e-51	3.270464e-50	1.134698e-49	2.116161e-48	3.616493e-46	3.301704e-46	
R6	1.432062e-30	4.796607e-28	1.833862e-26	1.288716e-23	7.983815e-22	1.492498e-20	1.307807e-19	4.588595e-19	3.395339e-17	2.946242e-19	3.502107e-21	1.795110e-21	3.822341e-21	1.367402e-20	6.447604e-20	3.231992e-19	1.641392e-18	8.308303e-18	4.310676e-17	2.252536e-16	1.082297e-15	4.670437e-15	1.996215e-14	7.994143e-14	2.664293e-13	7.673308e-13	8.021181e-11	2.028961e-08	1.663424e-07	9.152866e-07	2.798147e-06	8.398501e-06	2.336681e-05	4.561423e-05	6.193329e-05	6.132736e-05	4.632333e-05	2.774641e-05	1.365979e-05	6.522234e-06	5.051074e-04	2.790095e-02	4.867508e-01	3.427014e+00	1.293888e+01	3.187538e+01	5.871396e+01	2.318463e+02	5.899849e+01	2.421525e+00	
R7	2.087022e-68	0.000000e+00	0.000000e+00	0.000000e+00	0.000000e+00	0.000000e+00	0.000000e+00	0.000000e+00	0.000000e+00	6.458594e-64	0.000000e+00	0.000000e+00	1.787911e-68	3.292333e-68	0.000000e+00	0.000000e+00	0.000000e+00	0.000000e+00	0.000000e+00	0.000000e+00	0.000000e+00	1.097496e-63	0.000000e+00	4.994932e-63	3.490176e-62	3.555420e-62	1.140800e-60	2.660097e-58	1.791723e-57	1.995934e-56	1.111727e-55	1.285452e-54	6.831320e-54	5.304957e-53	4.007033e-53	7.689845e-53	2.950859e-53	1.580150e-53	4.591656e-54	1.147372e-54	4.257568e-53	1.048568e-51	7.675544e-51	2.143039e-50	3.019073e-50	2.584191e-50	1.503529e-50	0.000000e+00	0.000000e+00	0.000000e+00	
R8	5.856072e-47	4.631769e-46	0.000000e+00	0.000000e+00	0.000000e+00	0.000000e+00	0.000000e+00	0.000000e+00	0.000000e+00	0.000000e+00	0.000000e+00	0.000000e+00	1.822420e-51	0.000000e+00	0.000000e+00	0.000000e+00	0.000000e+00	0.000000e+00	0.000000e+00	0.000000e+00	2.346418e-46	8.339999e-46	0.000000e+00	7.429274e-45	3.229546e-44	6.154775e-43	1.185165e-40	3.709378e-38	2.940976e-37	1.725232e-36	4.765412e-36	1.407213e-35	3.706123e-35	1.051788e-34	1.447375e-34	1.314341e-34	6.552374e-35	2.820398e-35	9.834062e-36	3.308443e-36	1.805059e-34	7.052204e-33	8.741786e-32	4.365170e-31	1.146023e-30	1.861793e-30	2.012879e-30	0.000000e+00	0.000000e+00	0.000000e+00	
R9	1.270804e-36	5.371896e-37	3.142397e-37	1.904604e-35	7.947056e-34	8.905007e-33	1.675892e-31	2.226276e-30	1.404190e-29	7.642061e-28	3.647080e-29	7.527179e-31	3.420732e-32	6.494015e-33	2.053428e-33	7.144984e-34	2.778656e-34	1.283088e-34	6.350394e-35	3.148359e-35	1.471145e-35	6.155757e-36	2.189554e-36	6.900662e-37	1.979622e-37	3.885834e-38	4.744804e-39	1.549911e-39	2.725330e-39	1.291628e-38	4.321481e-38	1.922458e-37	9.195507e-37	2.494356e-36	3.576070e-36	2.978879e-36	1.578505e-36	5.685172e-37	1.471869e-37	2.924772e-38	4.872369e-39	7.579241e-40	1.204525e-40	2.005371e-41	3.405930e-42	5.738982e-43	9.523579e-44	1.574371e-44	2.721617e-45	6.735505e-46	
R10	5.624787e-43	2.697775e-44	1.079948e-45	3.613997e-47	9.992783e-49	2.125384e-50	3.822372e-52	3.557525e-54	1.263163e-56	3.601350e-59	4.621752e-65	1.054973e-71	1.607188e-76	1.585836e-79	4.010888e-82	7.810553e-85	2.927722e-87	5.981530e-89	6.115578e-90	3.058315e-90	2.060422e-90	1.416055e-90	4.428970e-90	5.789405e-89	5.397303e-88	1.117936e-87	8.056856e-88	9.692619e-88	2.519661e-87	7.345229e-87	6.562822e-87	1.319014e-87	4.112524e-88	3.629584e-88	2.243470e-88	1.004862e-88	3.385551e-89	8.897723e-90	1.899946e-90	3.473335e-91	5.842445e-92	9.890852e-93	1.811588e-93	3.622206e-94	7.587092e-95	1.596497e-95	3.301501e-96	6.668526e-97	1.331576e-97	3.013188e-98	
R11	8.508973e-28	5.787270e-28	3.939284e-28	1.545726e-27	9.471745e-27	3.604888e-26	2.125019e-25	9.071109e-25	3.724040e-24	6.173895e-22	2.904876e-23	6.007270e-25	3.262626e-26	7.354323e-27	2.718146e-27	1.119902e-27	4.991762e-28	2.448238e-28	1.206005e-28	5.647035e-29	2.474065e-29	9.746718e-30	3.177253e-30	8.883741e-31	2.280996e-31	4.245847e-32	5.174462e-33	1.056525e-33	7.763285e-34	1.193568e-33	1.575950e-33	2.215946e-33	3.308705e-33	3.984794e-33	3.460090e-33	2.262070e-33	1.156327e-33	4.714774e-34	1.553588e-34	4.215636e-35	9.684135e-36	1.945226e-36	3.521518e-37	5.878894e-38	9.187561e-39	1.360940e-39	1.942244e-40	2.735299e-41	4.165901e-42	1.033764e-42	
R12	1.516917e-21	1.196174e-21	9.301685e-22	4.029579e-21	2.585119e-20	9.726830e-20	4.504488e-19	1.824481e-18	6.254216e-18	8.025042e-17	2.456249e-17	3.889825e-18	7.097239e-19	2.748600e-19	1.511318e-19	9.228082e-20	5.884516e-20	3.808607e-20	2.349928e-20	1.323173e-20	6.939508e-21	3.295713e-21	1.265899e-21	4.033139e-22	1.183106e-22	2.832166e-23	4.916993e-24	1.316860e-24	1.001704e-24	1.477037e-24	2.000161e-24	3.348594e-24	5.682966e-24	6.801821e-24	5.842482e-24	3.752354e-24	1.865582e-24	7.301802e-25	2.271475e-25	5.694191e-26	1.174227e-26	2.040512e-27	3.060150e-28	4.048105e-29	4.818661e-30	5.258743e-31	5.358324e-32	5.198994e-33	5.003461e-34	6.392963e-35	
R13	2.518313e-39	6.919280e-38	2.953806e-37	1.660108e-34	1.595641e-32	3.381206e-31	1.279578e-29	3.876325e-28	1.393648e-25	2.979219e-22	1.975406e-23	8.707379e-25	1.148048e-25	4.899673e-26	3.277738e-26	2.466476e-26	1.868277e-26	1.316875e-26	7.957341e-27	3.845639e-27	1.470461e-27	4.301717e-28	8.473054e-29	1.203675e-29	1.474040e-30	1.363036e-31	8.796522e-33	9.064173e-34	3.138325e-34	2.443569e-34	2.108061e-34	3.723075e-34	1.294083e-33	3.184082e-33	4.348125e-33	3.432294e-33	1.701583e-33	5.640950e-34	1.309144e-34	2.216718e-35	2.858502e-36	2.943711e-37	2.578100e-38	2.133972e-39	1.957910e-40	2.213213e-41	2.918236e-42	4.090832e-43	6.464561e-44	1.715856e-44	
R14	8.942651e-20	8.136724e-20	6.780156e-20	2.929200e-19	1.764624e-18	5.965442e-18	2.047148e-17	4.113869e-17	3.752193e-17	1.037565e-16	9.569528e-18	5.651914e-19	4.158739e-20	6.692224e-21	1.597901e-21	4.777833e-22	2.269880e-22	1.887789e-22	1.954879e-22	1.962670e-22	1.824037e-22	1.517587e-22	9.937657e-23	5.282444e-23	2.514708e-23	9.381429e-24	2.536273e-24	9.713151e-25	8.731657e-25	1.244280e-24	1.459889e-24	2.126340e-24	3.162399e-24	3.387737e-24	2.887215e-24	2.031634e-24	1.169830e-24	5.424939e-25	2.023318e-25	6.161845e-26	1.571048e-26	3.443442e-27	6.633921e-28	1.142308e-28	1.781926e-29	2.553109e-30	3.415973e-31	4.367309e-32	5.703380e-33	1.055245e-33	
R15	5.880702e-34	5.906831e-35	7.685727e-36	5.622237e-36	5.900702e-36	3.308305e-36	2.457180e-36	1.028240e-36	2.511268e-37	1.101875e-36	4.768682e-40	6.315256e-44	7.679212e-47	1.405182e-48	5.708568e-50	2.364469e-51	1.341151e-52	1.531612e-53	3.170362e-54	1.136204e-54	4.471849e-55	1.726004e-55	1.053467e-55	1.022124e-55	8.897197e-56	3.840998e-56	8.999624e-57	4.040871e-57	6.804460e-57	2.010860e-56	3.326993e-56	3.100652e-56	3.406870e-56	4.681713e-56	4.382356e-56	2.859651e-56	1.340728e-56	4.656375e-57	1.238706e-57	2.620116e-58	4.585011e-59	6.901537e-60	9.246590e-61	1.131574e-61	1.287147e-62	1.380126e-63	1.418414e-64	1.429048e-65	1.538476e-66	2.638830e-67	
R16	2.244845e-14	5.218325e-15	1.621209e-15	2.893400e-15	7.540852e-15	1.088477e-14	1.791531e-14	2.298199e-14	2.115516e-14	6.107122e-14	3.905260e-15	1.372119e-16	7.486566e-18	1.152800e-18	2.706402e-19	6.928955e-20	1.954458e-20	6.427823e-21	2.326180e-21	8.994884e-22	3.501667e-22	1.337659e-22	5.163904e-23	2.062249e-23	8.187742e-24	2.706768e-24	7.078581e-25	3.310928e-25	4.370097e-25	9.918941e-25	1.764751e-24	3.258796e-24	5.993205e-24	8.184849e-24	7.578867e-24	4.858446e-24	2.215443e-24	7.385904e-25	1.854928e-25	3.624733e-26	5.694008e-27	7.414837e-28	8.229641e-29	7.980416e-30	6.914183e-31	5.461957e-32	4.007880e-33	2.781941e-34	1.892513e-35	1.671394e-36	
R17	3.392521e-32	2.159372e-32	1.628274e-32	6.625051e-32	3.603013e-31	1.028963e-30	4.491433e-30	1.935870e-29	6.072998e-29	7.700379e-28	2.562129e-29	5.274592e-31	3.429629e-32	8.927637e-33	3.796747e-33	1.638925e-33	7.111433e-34	3.454115e-34	1.866561e-34	1.171141e-34	8.105959e-35	5.812868e-35	3.955776e-35	2.387546e-35	1.237092e-35	4.960423e-36	5.509397e-35	2.657822e-33	1.466199e-32	1.263378e-31	6.305984e-31	4.185486e-30	2.768174e-29	9.432399e-29	1.669175e-28	1.680672e-28	1.060029e-28	4.544357e-29	1.425078e-29	3.703611e-30	1.216156e-30	7.782571e-31	7.873535e-31	1.134705e-30	1.610906e-30	1.827813e-30	1.642119e-30	2.739120e-30	1.865695e-31	5.261061e-33	
R18	3.737546e-19	5.201167e-20	1.023638e-20	4.261124e-20	9.760528e-20	1.193070e-19	4.200935e-19	1.029177e-18	1.298324e-18	6.109475e-21	4.109502e-23	4.240711e-25	1.868773e-26	2.624457e-27	4.866033e-28	8.628657e-29	1.645244e-29	3.935795e-30	1.133367e-30	3.825664e-31	1.302148e-31	4.301436e-32	1.577811e-32	6.528710e-33	2.622589e-33	7.716828e-34	1.721236e-34	7.037540e-35	6.649257e-35	9.115699e-35	8.669561e-35	7.299551e-35	6.553274e-35	5.115659e-35	2.682255e-35	9.626814e-36	2.423643e-36	4.407419e-37	6.036787e-38	6.625163e-39	6.363797e-40	5.970000e-41	5.994247e-42	6.593721e-43	7.690361e-44	9.183000e-45	1.110317e-45	1.376373e-46	1.912577e-47	4.315721e-48	
R19	4.165726e-25	9.568693e-26	2.042725e-26	4.311334e-27	9.541543e-28	2.183905e-28	5.498138e-29	7.555979e-30	1.260101e-30	5.410020e-30	2.634621e-33	6.758033e-37	2.350506e-39	7.848206e-41	4.302786e-42	2.209509e-43	1.420306e-44	1.618276e-45	3.056903e-46	9.357939e-47	3.137775e-47	1.049908e-47	5.431905e-48	4.344836e-48	3.206883e-48	1.318655e-48	3.453103e-49	1.684350e-49	1.965590e-49	3.170958e-49	2.912745e-49	1.696846e-49	1.147448e-49	8.900492e-50	4.629559e-50	1.643896e-50	4.078333e-51	7.269026e-52	9.690232e-53	1.025893e-53	9.400962e-55	8.298940e-56	7.711402e-57	7.695518e-58	7.955510e-59	8.199912e-60	8.308653e-61	8.345327e-62	9.016466e-63	1.558860e-63	
R20	2.501324e-26	3.202391e-26	3.449076e-26	3.481481e-26	3.379822e-26	3.267999e-26	3.937057e-26	4.402877e-26	6.934034e-26	5.511719e-25	1.060696e-26	1.947932e-28	2.031524e-29	6.739477e-30	2.839870e-30	1.095402e-30	4.040708e-31	1.634083e-31	7.457528e-32	4.098827e-32	2.526505e-32	1.644241e-32	1.095571e-32	6.895930e-33	3.741555e-33	1.609138e-33	2.112027e-32	1.166655e-30	4.752252e-30	2.351350e-29	6.446091e-29	2.381256e-28	8.872343e-28	1.706470e-27	1.678035e-27	9.194149e-28	3.068508e-28	6.750998e-29	1.060894e-29	1.379985e-30	2.372951e-31	8.905682e-32	6.248687e-32	7.343539e-32	9.474958e-32	1.033450e-31	9.153761e-32	1.522211e-31	1.040528e-32	2.957578e-34	
R21	1.077430e-18	2.937084e-19	1.071981e-19	7.300408e-19	2.423629e-18	3.839495e-18	7.256650e-18	7.224956e-18	6.245314e-18	4.493074e-17	4.005303e-19	3.216368e-21	1.094474e-22	1.366832e-23	2.279794e-24	3.749513e-25	6.717546e-26	1.489595e-26	3.849985e-27	1.125386e-27	3.363010e-28	9.933175e-29	3.135780e-29	1.092538e-29	3.822437e-30	1.021130e-30	2.122595e-31	8.207570e-32	7.468772e-32	1.000530e-31	9.509970e-32	8.270443e-32	7.611225e-32	5.935869e-32	3.110198e-32	1.115804e-32	2.808530e-33	5.107029e-34	6.995394e-35	7.678052e-36	7.375963e-37	6.919858e-38	6.947347e-39	7.639332e-40	8.901271e-41	1.060668e-41	1.277499e-42	1.572216e-43	2.158180e-44	4.986931e-45	
R22	5.876889e-19	1.602046e-19	5.847169e-20	3.982041e-19	1.321979e-18	2.094270e-18	3.958173e-18	3.940885e-18	3.406535e-18	2.450767e-17	2.184711e-19	1.754382e-21	5.969860e-23	7.455445e-24	1.243524e-24	2.045189e-25	3.664116e-26	8.125064e-27	2.099992e-27	6.138467e-28	1.834369e-28	5.418095e-29	1.710425e-29	5.959298e-30	2.084966e-30	5.569799e-31	1.157779e-31	4.476856e-32	4.073876e-32	5.457438e-32	5.187257e-32	4.511151e-32	4.151577e-32	3.237747e-32	1.696471e-32	6.086203e-33	1.531926e-33	2.785652e-34	3.815670e-35	4.188029e-36	4.023252e-37	3.774468e-38	3.789462e-39	4.166908e-40	4.855239e-41	5.785463e-42	6.968176e-43	8.575725e-44	1.177189e-44	2.720144e-45	
R23	9.361378e-13	1.756377e-13	3.331054e-14	7.329031e-15	1.976726e-15	6.424648e-16	5.434866e-16	3.169723e-16	1.770086e-16	1.467681e-18	4.378501e-21	1.828158e-23	4.961278e-25	5.510116e-26	8.439489e-27	1.229769e-27	1.954097e-28	4.066647e-29	1.070239e-29	3.507916e-30	1.175493e-30	3.845074e-31	1.515586e-31	7.219001e-32	3.282617e-32	1.045827e-32	2.478183e-33	6.717958e-34	2.848034e-34	1.340664e-34	4.971250e-35	1.161391e-35	2.947992e-36	1.021726e-36	3.244644e-37	9.139479e-38	2.219674e-38	4.569696e-39	7.966325e-40	1.193860e-40	1.581330e-41	1.915597e-42	2.190960e-43	2.416668e-44	2.593564e-45	2.722541e-46	2.830977e-47	2.989645e-48	3.660045e-49	8.281139e-50	
R24	4.409062e-31	6.885279e-28	1.641322e-27	1.121616e-25	5.726942e-25	1.010488e-24	2.074039e-24	4.035441e-24	5.045514e-24	1.425768e-22	3.961573e-24	5.298450e-26	2.904526e-27	5.168254e-28	1.163636e-28	2.564400e-29	6.031620e-30	1.708688e-30	5.538690e-31	2.031662e-31	7.607602e-32	2.828275e-32	1.171730e-32	5.662408e-33	2.788565e-33	1.093607e-33	3.641117e-34	1.419502e-34	7.908696e-35	5.035331e-35	2.783188e-35	1.233224e-35	6.449611e-36	3.668336e-36	1.638716e-36	5.746080e-37	1.657084e-37	4.211466e-38	1.007121e-38	2.345900e-39	5.340766e-40	1.181324e-40	2.532086e-41	5.257314e-42	1.056493e-42	2.058481e-43	3.926223e-44	7.482646e-45	1.546256e-45	4.595300e-46	
R25	5.574676e-29	8.705525e-26	2.075234e-25	1.418135e-23	7.240961e-23	1.277628e-22	2.622348e-22	5.102282e-22	6.379386e-22	1.802695e-20	5.008886e-22	6.699190e-24	3.672389e-25	6.534574e-26	1.471264e-26	3.242345e-27	7.626186e-28	2.160410e-28	7.002941e-29	2.568768e-29	9.618808e-30	3.575979e-30	1.481498e-30	7.159366e-31	3.525772e-31	1.382722e-31	4.603711e-32	1.794773e-32	9.999500e-33	6.366510e-33	3.518974e-33	1.559249e-33	8.154680e-34	4.638126e-34	2.071939e-34	7.265159e-35	2.095164e-35	5.324842e-36	1.273372e-36	2.966080e-37	6.752692e-38	1.493628e-38	3.201488e-39	6.647178e-40	1.335795e-40	2.602677e-41	4.964190e-42	9.460817e-43	1.955037e-43	5.810149e-44	
R26	3.616202e-15	8.039368e-14	1.998348e-13	1.121455e-11	1.077493e-10	6.704805e-10	7.584030e-09	6.469922e-08	6.718331e-06	1.923062e-03	2.752330e-04	6.481467e-05	3.131707e-05	2.035513e-05	1.448832e-05	1.024500e-05	7.096556e-06	4.834852e-06	3.260987e-06	2.181582e-06	1.416349e-06	8.842424e-07	5.466725e-07	3.322950e-07	1.895066e-07	9.639960e-08	4.878167e-08	3.297049e-08	2.987050e-08	2.775180e-08	2.273446e-08	1.521839e-08	1.005669e-08	7.069868e-09	4.519526e-09	2.560533e-09	1.260915e-09	5.334024e-10	1.932870e-10	6.037799e-11	1.648802e-11	4.008307e-12	8.824625e-13	1.778280e-13	3.278552e-14	5.416857e-15	7.317897e-16	3.961131e-17	1.615928e-20	2.585809e-22	
R27	2.063219e-22	4.120528e-23	1.054927e-23	4.703234e-23	9.272442e-23	7.767491e-23	5.871869e-23	2.594368e-23	7.086764e-24	1.001885e-24	7.992128e-27	5.279632e-29	1.195707e-30	9.554403e-32	1.022407e-32	1.030801e-33	1.225475e-34	2.218330e-35	5.850036e-36	2.198056e-36	8.841927e-37	3.554434e-37	1.939152e-37	1.442177e-37	1.016360e-37	4.811542e-38	1.657024e-38	9.693075e-39	1.084848e-38	1.599506e-38	1.514129e-38	1.143553e-38	9.413526e-39	7.295992e-39	3.781628e-39	1.332804e-39	3.262821e-40	5.695321e-41	7.364873e-42	7.467938e-43	6.440070e-44	5.226936e-45	4.347228e-46	3.787845e-47	3.361700e-48	2.951231e-49	2.537853e-50	2.151828e-51	1.866509e-52	2.220726e-53	
R28	1.311666e-19	5.974985e-20	2.589224e-20	1.138402e-20	5.182130e-21	2.309996e-21	1.735823e-21	1.244256e-21	5.820025e-22	4.640477e-26	8.500631e-29	7.917544e-31	5.332025e-32	8.603038e-33	1.795673e-33	3.389660e-34	6.979798e-35	1.924739e-35	6.894983e-36	3.140733e-36	1.299528e-36	4.821730e-37	2.629886e-37	2.127671e-37	1.560770e-37	7.807739e-38	3.322336e-38	2.299154e-38	2.810518e-38	4.432953e-38	5.791130e-38	4.764698e-38	3.727130e-38	3.252573e-38	2.058270e-38	9.626197e-39	3.430499e-39	9.718790e-40	2.309328e-40	4.863290e-41	9.466121e-42	1.741489e-42	3.055019e-43	5.131947e-44	8.288973e-45	1.293425e-45	1.959790e-46	2.899282e-47	4.244480e-48	7.036937e-49	
R29	1.468774e-21	1.978987e-21	2.196967e-21	2.190773e-21	1.953899e-21	1.588738e-21	1.179831e-21	8.462796e-22	7.713311e-22	2.590523e-22	2.292522e-23	2.628507e-24	7.589284e-25	3.802694e-25	2.132644e-25	1.085449e-25	5.181561e-26	2.596536e-26	1.443073e-26	9.597188e-27	7.175780e-27	5.711052e-27	4.704162e-27	3.655669e-27	2.439275e-27	1.406842e-27	2.670148e-26	1.211534e-24	2.208814e-24	3.539069e-24	3.872252e-24	4.788433e-24	5.814362e-24	4.961107e-24	2.944311e-24	1.256663e-24	3.992408e-25	9.738442e-26	1.889433e-26	3.214446e-27	7.172818e-28	3.195937e-28	2.286358e-28	2.352463e-28	2.397700e-28	1.958168e-28	1.265905e-28	1.513906e-28	7.319668e-30	1.435613e-31	
R30	3.115548e-19	8.118119e-19	1.617478e-18	2.837464e-18	4.463208e-18	6.616025e-18	6.535991e-18	3.458046e-18	3.465002e-18	5.561812e-21	2.134433e-22	1.691739e-22	2.350865e-22	3.774100e-22	7.065732e-22	1.378284e-21	2.707016e-21	5.263431e-21	1.045992e-20	2.099234e-20	3.966538e-20	6.872344e-20	1.160886e-19	1.821254e-19	2.412919e-19	2.910313e-19	1.336005e-17	1.687762e-15	8.133260e-15	2.978446e-14	6.580525e-14	1.503786e-13	3.233461e-13	4.788132e-13	4.757590e-13	3.265942e-13	1.598209e-13	5.742902e-14	1.562815e-14	3.327125e-15	5.724131e-16	8.206443e-17	1.008331e-17	1.089247e-18	1.058717e-19	9.455228e-21	7.908264e-22	6.320819e-23	7.313851e-24	9.907010e-25	
R31	1.653367e-40	1.903987e-39	1.363646e-38	7.808877e-38	3.615434e-37	1.510639e-36	4.035171e-36	3.921428e-36	1.003701e-35	1.969797e-40	7.800369e-43	1.038502e-42	4.369327e-42	2.572775e-41	2.089856e-40	1.859167e-39	1.706457e-38	1.572913e-37	1.539202e-36	1.552919e-35	1.380898e-34	1.025699e-33	7.286188e-33	4.468500e-32	1.918941e-31	6.662953e-31	3.334961e-27	1.279890e-22	7.293286e-21	2.446857e-19	3.027220e-18	4.056878e-17	5.053841e-16	3.240553e-15	1.030248e-14	1.786643e-14	1.862703e-14	1.267932e-14	6.042949e-15	2.141093e-15	5.936832e-16	1.345821e-16	2.588840e-17	4.363563e-18	6.627481e-19	9.296762e-20	1.231700e-20	1.581121e-21	4.383860e-22	1.309472e-22	
R32	3.931456e-16	1.240410e-15	2.794586e-15	5.340173e-15	8.751615e-15	1.317982e-14	1.793153e-14	1.250706e-14	9.715806e-15	4.648760e-18	4.389737e-20	1.080086e-20	1.206639e-20	2.298561e-20	5.567957e-20	1.434705e-19	3.595403e-19	8.197284e-19	1.764497e-18	3.573422e-18	6.473824e-18	1.044398e-17	1.598649e-17	2.223755e-17	2.578999e-17	2.717123e-17	1.120773e-15	1.325334e-13	6.097646e-13	2.217372e-12	5.651676e-12	2.420433e-11	1.905396e-10	1.090686e-09	3.393100e-09	5.861042e-09	6.103792e-09	4.147198e-09	1.969354e-09	6.936114e-10	1.906441e-10	4.269196e-11	8.077019e-12	1.331345e-12	1.962550e-13	2.645415e-14	3.323903e-15	3.972929e-16	6.887377e-17	1.410811e-17	
R33	1.001014e-13	2.740462e-13	5.889447e-13	1.126299e-12	1.927066e-12	3.115610e-12	3.987031e-12	3.026982e-12	3.695718e-12	1.255223e-14	6.140525e-16	5.393247e-16	8.024375e-16	1.360648e-15	2.665985e-15	5.412889e-15	1.100325e-14	2.205070e-14	4.498304e-14	9.238872e-14	1.781469e-13	3.143689e-13	5.399287e-13	8.608065e-13	1.158973e-12	1.420785e-12	6.657518e-11	8.638662e-09	4.310137e-08	1.646990e-07	3.816586e-07	9.161742e-07	2.072072e-06	3.238749e-06	3.409010e-06	2.489736e-06	1.303155e-06	5.039230e-07	1.485269e-07	3.446924e-08	6.506374e-09	1.030244e-09	1.407997e-10	1.704373e-11	1.870500e-12	1.900335e-13	1.821096e-14	1.680091e-15	2.270923e-16	3.655579e-17	
R34	2.900567e-34	3.582260e-34	4.391514e-34	2.942384e-33	2.858061e-32	1.648614e-31	1.634264e-30	1.126409e-29	8.056755e-29	3.031681e-28	5.092397e-30	2.226735e-31	3.336524e-32	1.710837e-32	1.438630e-32	1.376043e-32	1.412222e-32	1.535574e-32	1.654078e-32	1.665859e-32	1.494058e-32	1.134812e-32	6.975268e-33	3.596631e-33	1.653176e-33	5.674737e-34	2.984759e-34	2.688534e-32	4.426860e-31	8.609614e-30	7.934970e-29	8.636751e-28	8.990811e-27	4.814070e-26	1.347446e-25	2.208834e-25	2.353506e-25	1.751000e-25	9.559832e-26	3.993715e-26	1.328506e-26	3.652682e-27	8.580014e-28	1.771608e-28	3.296309e-29	5.652220e-30	9.130322e-31	1.463332e-31	3.028183e-31	1.223901e-31	
R35	9.210762e-16	1.703013e-15	2.993161e-15	5.428986e-15	1.055504e-14	2.215846e-14	1.120113e-13	4.522720e-13	1.466513e-12	1.125889e-15	1.069054e-18	1.837260e-20	2.725896e-21	1.574922e-21	1.589794e-21	1.972397e-21	2.616453e-21	3.402208e-21	4.111443e-21	4.445526e-21	4.040928e-21	3.253921e-21	2.811135e-21	3.021766e-21	4.198028e-21	6.539870e-21	2.479756e-20	1.011360e-17	2.337405e-16	2.902207e-15	1.684999e-14	8.533416e-14	3.579233e-13	9.399810e-13	1.538714e-12	1.675255e-12	1.304845e-12	7.774171e-13	3.748831e-13	1.530086e-13	5.470280e-14	1.758924e-14	5.194367e-15	1.433417e-15	3.750983e-16	9.427608e-17	2.303011e-17	5.689395e-18	1.801967e-17	9.468227e-18	
R36	2.504166e-26	1.239562e-26	8.148030e-27	9.475073e-26	4.986274e-25	1.197209e-24	3.805083e-24	6.117013e-24	9.212314e-24	1.504307e-24	4.787388e-27	8.128785e-29	7.631345e-30	2.167952e-30	8.226981e-31	3.141198e-31	1.295771e-31	6.370213e-32	3.600264e-32	2.263538e-32	1.384692e-32	7.885372e-33	4.693785e-33	3.015818e-33	1.888876e-33	9.305313e-34	8.347951e-34	1.424029e-31	2.903809e-30	4.920794e-29	3.264756e-28	2.197802e-27	1.410146e-26	4.889443e-26	8.258108e-26	7.428711e-26	3.897464e-26	1.293189e-26	2.934914e-27	4.959451e-28	6.899061e-29	8.859469e-30	1.154106e-30	1.569625e-31	2.177451e-32	3.003503e-33	4.094599e-34	5.734809e-35	1.069620e-34	4.025565e-35	
R37	9.400253e-19	1.356091e-18	1.960144e-18	2.979620e-18	4.923187e-18	8.846260e-18	4.046053e-17	1.604399e-16	7.094930e-16	1.407338e-19	3.159750e-22	2.714146e-23	1.932204e-23	1.968891e-23	2.381671e-23	2.856171e-23	3.205664e-23	3.186166e-23	2.760694e-23	2.023049e-23	1.187828e-23	5.812259e-24	2.760226e-24	1.333751e-24	6.234288e-25	2.689756e-25	2.729378e-25	5.067120e-23	1.020435e-21	1.706967e-20	1.589933e-19	1.402066e-18	9.834459e-18	3.839427e-17	7.917141e-17	9.450747e-17	7.217891e-17	3.887052e-17	1.620989e-17	5.688888e-18	1.786223e-18	5.199307e-19	1.428602e-19	3.745848e-20	9.457022e-21	2.318624e-21	5.569533e-22	1.361025e-22	4.284382e-22	2.246880e-22	
R38	8.942533e-18	7.122184e-18	5.447630e-18	4.101183e-18	3.169557e-18	2.584796e-18	2.573237e-18	1.329289e-18	1.303034e-18	6.481625e-19	2.033666e-21	3.459945e-23	3.881933e-24	1.309416e-24	5.808082e-25	2.625868e-25	1.241498e-25	6.482608e-26	3.646545e-26	2.165323e-26	1.241959e-26	6.658829e-27	3.632605e-27	2.070661e-27	1.160765e-27	5.422628e-28	4.855405e-28	5.177150e-26	4.411570e-25	2.425179e-24	6.349787e-24	1.351106e-23	2.706108e-23	4.165868e-23	4.261481e-23	3.008607e-23	1.522705e-23	5.719764e-24	1.652192e-24	3.812444e-25	7.313233e-26	1.212693e-26	1.799528e-27	2.454118e-28	3.132648e-29	3.798665e-30	4.453626e-31	5.313927e-32	8.731928e-32	3.295162e-32	
R39	9.410508e-18	6.504902e-18	4.173795e-18	2.488546e-18	1.402213e-18	7.570553e-19	3.834446e-19	1.149912e-19	5.005630e-20	7.861853e-22	4.336735e-24	1.279476e-25	1.628069e-26	4.849220e-27	1.812354e-27	6.675621e-28	2.679184e-28	1.331300e-28	8.156915e-29	6.095156e-29	4.533253e-29	3.182438e-29	2.654831e-29	2.641770e-29	2.485704e-29	1.855666e-29	2.621738e-29	4.038358e-27	4.002720e-26	2.316164e-25	6.097416e-25	1.247926e-24	2.415679e-24	3.695745e-24	3.739795e-24	2.593822e-24	1.276810e-24	4.603884e-25	1.255481e-25	2.676391e-26	4.608692e-27	6.611455e-28	8.127338e-29	8.782714e-30	8.539155e-31	7.628709e-32	6.385810e-33	5.249369e-34	5.450657e-34	1.059095e-34	
R40	4.297042e-20	2.066743e-20	6.750055e-21	2.005642e-22	5.672398e-24	6.385521e-25	1.759193e-25	8.103356e-26	1.630977e-25	5.536567e-26	3.457694e-26	1.566033e-26	6.280528e-27	3.966874e-27	2.542775e-27	1.229693e-27	5.668037e-28	3.354176e-28	2.560151e-28	2.483077e-28	2.438184e-28	2.294765e-28	2.614036e-28	3.572684e-28	4.459046e-28	3.787316e-28	2.134850e-28	7.068624e-29	1.652727e-29	3.228081e-30	5.069872e-31	5.817899e-32	6.629711e-33	8.840051e-34	1.150531e-34	1.468168e-35	1.840742e-36	2.299250e-37	2.977034e-38	4.317281e-39	7.854327e-40	1.989807e-40	7.321004e-41	3.857999e-41	2.714097e-41	2.283142e-41	2.113334e-41	2.084125e-41	2.396082e-41	4.037465e-41	
R41	2.451262e-47	6.549330e-49	2.072333e-50	3.185103e-51	5.687291e-52	4.182314e-53	3.232466e-54	1.406379e-55	1.274745e-57	8.245467e-60	3.058954e-65	1.402881e-71	2.041429e-76	2.052954e-79	6.551817e-82	1.806164e-84	9.776355e-87	2.727743e-88	3.488594e-89	1.956354e-89	1.434221e-89	1.051435e-89	3.031786e-89	3.213755e-88	2.459869e-87	4.361832e-87	2.555382e-87	2.584876e-87	8.692930e-87	4.254760e-86	6.975673e-86	2.739266e-86	1.615748e-86	2.526333e-86	2.810161e-86	2.313067e-86	1.472753e-86	7.542120e-87	3.213795e-87	1.173837e-87	3.770557e-88	1.088428e-88	2.874422e-89	7.047919e-90	1.624345e-90	3.555661e-91	7.458074e-92	1.511041e-92	3.006514e-93	6.749529e-94	
R44	6.102194e-13	4.891737e-13	3.882699e-13	3.082904e-13	2.521960e-13	2.206682e-13	2.986309e-13	2.638329e-13	3.827694e-13	3.509072e-15	3.619012e-18	8.385469e-20	2.141824e-20	1.538786e-20	1.523756e-20	1.618573e-20	1.760667e-20	1.881834e-20	1.944019e-20	1.875534e-20	1.540345e-20	1.044798e-20	6.311670e-21	3.551029e-21	1.857153e-21	8.239637e-22	7.150199e-22	6.972836e-20	5.091642e-19	2.569791e-18	7.800147e-18	3.582451e-17	2.982827e-16	1.789655e-15	5.661665e-15	9.849477e-15	1.030017e-14	7.025848e-15	3.353105e-15	1.189230e-15	3.300272e-16	7.487429e-17	1.441488e-17	2.431767e-18	3.696726e-19	5.190718e-20	6.887657e-21	9.092093e-22	1.554418e-21	5.193251e-22	
R45	1.725743e-14	1.448934e-14	1.059579e-14	6.923524e-15	4.211058e-15	2.531151e-15	1.670190e-15	5.998782e-16	2.143864e-16	1.811885e-20	7.688446e-23	2.877410e-23	2.976958e-23	3.200229e-23	3.669885e-23	4.208861e-23	4.587354e-23	4.611221e-23	4.439555e-23	4.116612e-23	3.543842e-23	2.802040e-23	2.169810e-23	1.660753e-23	1.234433e-23	9.128933e-24	1.616629e-23	3.541324e-21	4.504214e-20	2.994620e-19	9.496316e-19	2.844302e-18	7.867959e-18	1.596766e-17	2.423940e-17	2.725298e-17	2.222495e-17	1.318360e-17	5.845832e-18	2.015983e-18	5.638214e-19	1.327991e-19	2.715101e-20	4.930480e-21	8.105534e-22	1.231032e-22	1.770867e-23	2.557318e-24	5.063993e-24	2.304459e-24	
R46	8.628713e-16	7.244668e-16	5.297894e-16	3.461762e-16	2.105529e-16	1.265575e-16	8.350949e-17	2.999391e-17	1.071932e-17	9.059423e-22	3.844223e-24	1.438705e-24	1.488479e-24	1.600115e-24	1.834943e-24	2.104431e-24	2.293677e-24	2.305611e-24	2.219778e-24	2.058306e-24	1.771921e-24	1.401020e-24	1.084905e-24	8.303765e-25	6.172164e-25	4.564467e-25	8.083143e-25	1.770662e-22	2.252107e-21	1.497310e-20	4.748158e-20	1.422151e-19	3.933979e-19	7.983831e-19	1.211970e-18	1.362649e-18	1.111247e-18	6.591802e-19	2.922916e-19	1.007992e-19	2.819107e-20	6.639953e-21	1.357551e-21	2.465240e-22	4.052767e-23	6.155161e-24	8.854336e-25	1.278659e-25	2.531997e-25	1.152229e-25	
R47	1.984972e-30	6.386480e-29	3.063610e-28	3.303498e-26	4.004655e-25	1.818307e-24	1.162104e-23	4.260303e-23	3.657261e-21	2.345786e-20	1.037217e-22	3.761325e-24	1.024477e-24	6.542796e-25	5.252854e-25	4.337414e-25	3.484936e-25	2.615182e-25	1.804520e-25	1.105941e-25	5.536190e-26	2.204157e-26	7.265534e-27	2.104183e-27	5.625880e-28	1.305612e-28	6.190597e-29	3.331198e-27	1.337540e-26	3.723766e-26	6.370319e-26	1.702524e-25	7.937985e-25	2.496578e-24	4.016396e-24	3.423774e-24	1.680541e-24	5.132521e-25	1.044175e-25	1.503530e-26	1.619006e-27	1.376376e-28	9.880742e-30	6.681131e-31	5.006859e-32	4.633150e-33	5.018704e-34	5.960512e-35	1.016252e-34	4.102018e-35	
R48	5.173674e-13	3.475994e-13	2.214001e-13	1.316114e-13	7.318811e-14	3.869307e-14	2.258783e-14	8.517521e-15	3.812416e-15	9.956123e-17	4.924763e-19	1.080032e-20	1.098891e-21	2.890587e-22	9.703941e-23	3.167599e-23	1.143503e-23	5.363668e-24	3.249127e-24	2.515166e-24	1.950448e-24	1.425936e-24	1.297247e-24	1.471218e-24	1.560063e-24	1.254903e-24	1.860160e-24	3.020427e-22	3.198284e-21	1.980026e-20	5.438059e-20	1.103955e-19	2.151864e-19	3.474976e-19	3.725011e-19	2.748676e-19	1.447195e-19	5.615594e-20	1.658617e-20	3.854345e-21	7.281915e-22	1.153774e-22	1.577558e-23	1.910318e-24	2.097158e-25	2.131316e-26	2.044119e-27	1.939568e-28	2.352576e-28	5.432341e-29	
R49	9.822114e-19	7.566933e-19	5.022429e-19	2.880592e-19	1.468577e-19	6.853171e-20	2.473249e-20	3.531690e-21	3.898301e-22	1.242631e-24	1.922299e-27	1.988057e-29	9.862652e-31	1.200737e-31	1.926223e-32	3.439933e-33	1.021495e-33	6.499543e-34	6.674849e-34	8.897035e-34	1.173475e-33	1.444373e-33	2.060031e-33	3.439038e-33	5.282485e-33	6.168890e-33	1.359740e-32	3.000481e-30	3.522678e-29	1.973690e-28	4.499935e-28	7.978616e-28	1.349396e-27	1.847758e-27	1.855189e-27	1.409745e-27	8.036991e-28	3.433585e-28	1.122599e-28	2.907280e-29	6.189759e-30	1.119977e-30	1.768620e-31	2.487819e-32	3.169837e-33	3.717894e-34	4.086581e-35	4.426499e-36	6.236906e-36	1.754868e-36	
R50	2.816021e-11	2.451183e-11	2.108890e-11	1.797888e-11	1.532257e-11	1.354658e-11	2.113164e-11	2.700545e-11	3.762633e-11	7.763246e-16	1.475758e-18	7.035027e-20	2.637653e-20	2.363283e-20	2.736451e-20	3.226430e-20	3.827554e-20	4.645642e-20	5.751563e-20	7.159775e-20	8.287100e-20	8.771790e-20	9.382001e-20	1.024715e-19	1.082060e-19	9.963280e-20	1.768344e-19	2.705151e-17	1.980609e-16	7.367757e-16	1.300586e-15	2.104502e-15	3.176206e-15	4.020238e-15	5.317147e-15	6.724650e-15	6.374972e-15	4.212793e-15	1.986797e-15	7.005047e-16	1.935462e-16	4.370947e-17	8.368284e-18	1.401764e-18	2.111690e-19	2.930917e-20	3.832228e-21	4.965356e-22	8.290432e-22	2.668162e-22	
R51	8.208861e-17	2.333554e-17	8.025064e-18	4.689058e-17	1.177711e-16	1.252033e-16	1.658067e-16	1.267145e-16	3.801517e-17	2.623561e-18	1.055091e-20	4.869512e-23	1.601448e-24	2.180151e-25	4.109770e-26	7.570727e-27	1.523652e-27	3.860131e-28	1.189197e-28	4.399391e-29	1.624956e-29	5.816446e-30	2.497053e-30	1.306909e-30	6.545102e-31	2.405800e-31	7.043071e-32	3.659763e-32	3.670940e-32	5.109872e-32	5.640698e-32	8.964100e-32	2.949957e-31	8.838202e-31	1.434281e-30	1.271974e-30	6.626819e-31	2.187195e-31	4.935456e-32	8.279300e-33	1.140644e-33	1.446053e-34	1.851851e-35	2.462082e-36	3.313946e-37	4.391074e-38	5.672563e-39	7.192678e-40	9.347244e-41	1.681772e-41	
R52	1.263668e-13	8.618412e-14	5.287994e-14	3.220191e-14	1.980263e-14	1.193356e-14	1.678929e-14	2.238916e-14	1.258721e-14	5.534752e-19	6.037625e-22	4.678977e-24	5.155937e-25	1.520131e-25	5.923613e-26	2.168259e-26	7.950206e-27	3.165183e-27	1.342110e-27	5.993664e-28	2.260055e-28	7.408634e-29	3.101869e-29	1.694690e-29	8.505777e-30	3.232867e-30	1.157439e-30	7.046014e-31	7.628473e-31	1.125213e-30	1.717638e-30	3.038844e-30	9.659592e-30	3.258574e-29	6.456225e-29	7.597798e-29	5.762222e-29	3.086756e-29	1.279878e-29	4.459067e-30	1.386604e-30	3.984543e-31	1.076288e-31	2.758756e-32	6.757844e-33	1.591584e-33	3.622793e-34	8.014833e-35	1.757919e-35	4.407342e-36	
R53	2.975026e-08	1.360734e-08	5.445201e-09	2.059788e-09	7.597515e-10	2.743357e-10	1.137963e-10	2.794580e-11	5.457006e-12	1.147226e-12	4.548637e-15	2.103485e-17	8.267426e-19	1.336365e-19	2.944558e-20	6.422816e-21	1.481542e-21	3.986651e-22	1.222394e-22	4.271082e-23	1.479129e-23	4.984754e-24	1.961250e-24	9.106668e-25	4.081950e-25	1.422816e-25	4.157364e-26	1.350315e-26	5.659952e-27	2.555813e-27	1.113401e-27	5.592655e-28	5.745226e-28	7.642236e-28	7.511464e-28	5.228062e-28	2.627539e-28	9.817792e-29	2.819700e-29	6.459127e-30	1.227100e-30	2.008804e-31	2.930416e-32	3.906721e-33	4.838593e-34	5.636169e-35	6.261698e-36	6.763906e-37	7.744164e-38	1.397100e-38	
R54	2.163235e-23	3.444790e-22	7.365980e-22	3.353710e-20	1.602312e-19	2.599851e-19	5.474985e-19	7.295895e-19	8.799482e-18	1.441934e-17	3.810514e-20	1.577109e-22	7.896076e-24	1.621197e-24	4.587700e-25	1.271110e-25	3.623791e-26	1.147138e-26	3.960215e-27	1.468530e-27	4.661710e-28	1.227226e-28	3.422286e-29	1.047473e-29	2.829541e-30	5.589281e-31	9.200402e-32	1.598770e-32	3.388059e-33	8.195706e-34	2.305009e-34	1.278381e-34	2.771356e-34	7.531477e-34	1.164181e-33	9.783639e-34	4.768729e-34	1.448727e-34	2.930460e-35	4.188925e-36	4.467238e-37	3.749247e-38	2.645943e-39	1.748988e-40	1.271724e-41	1.130445e-42	1.160353e-43	1.247630e-44	1.482129e-45	2.860015e-46	
R55	1.667658e-18	2.705912e-18	3.374660e-18	3.637214e-18	3.348370e-18	2.734814e-18	2.759727e-18	2.566983e-18	1.772449e-18	1.711409e-19	3.512518e-21	1.159712e-22	2.536172e-23	1.451223e-23	1.018196e-23	6.601105e-24	3.892304e-24	2.240333e-24	1.336691e-24	8.996571e-25	6.482455e-25	4.829223e-25	3.664291e-25	2.592787e-25	1.550569e-25	7.914896e-26	1.358135e-24	5.801724e-23	1.016900e-22	1.626878e-22	2.051103e-22	4.693478e-22	2.066282e-21	6.815261e-21	1.266378e-20	1.360051e-20	9.195410e-21	4.241144e-21	1.435879e-21	4.041320e-22	1.440701e-22	1.002673e-22	1.104491e-22	1.734033e-22	2.680438e-22	3.304012e-22	3.208769e-22	5.738606e-22	4.156897e-23	1.232917e-24	
R56	2.069872e-21	4.452770e-18	1.343796e-17	1.080657e-15	5.878144e-15	1.014781e-14	2.190427e-14	5.162724e-14	4.009682e-14	2.465418e-14	1.006658e-15	2.904709e-17	4.006034e-18	1.391356e-18	5.810223e-19	2.410574e-19	1.000273e-19	4.292116e-20	1.870409e-20	8.350095e-21	3.607472e-21	1.513583e-21	6.810296e-22	3.418972e-22	1.726764e-22	7.715999e-23	3.310435e-23	1.594614e-23	8.848065e-24	5.397752e-24	3.525423e-24	3.437381e-24	7.401902e-24	1.617326e-23	2.237683e-23	1.939594e-23	1.157762e-23	5.340736e-24	2.103999e-24	7.490326e-25	2.445590e-25	7.309786e-26	1.998546e-26	5.017180e-27	1.164686e-27	2.523404e-28	5.162292e-29	1.013637e-29	1.983016e-30	4.588771e-31	
R57	2.127436e-25	2.695014e-26	4.628485e-27	4.625500e-27	6.811472e-27	5.599586e-27	7.930339e-27	8.321460e-27	4.918810e-27	7.996891e-28	3.151869e-31	1.807664e-34	1.165879e-36	7.631232e-38	1.077654e-38	1.671283e-39	3.275153e-40	9.876320e-41	4.186025e-41	2.352706e-41	1.245845e-41	5.704156e-42	3.146956e-42	2.161669e-42	1.300975e-42	4.503829e-43	9.444490e-44	3.597494e-44	4.740694e-44	1.196304e-43	2.330309e-43	5.535287e-43	2.868692e-42	1.536434e-41	4.447712e-41	7.151651e-41	6.928111e-41	4.369322e-41	1.920438e-41	6.243503e-42	1.580615e-42	3.255167e-43	5.658218e-44	8.565541e-45	1.160324e-45	1.440657e-46	1.675739e-47	1.867844e-48	2.092154e-49	3.177016e-50	
R59	3.640764e-14	1.027330e-14	4.008957e-15	2.973528e-14	1.082133e-13	1.912090e-13	5.123463e-13	9.148664e-13	1.244156e-12	1.799114e-13	5.982985e-16	7.554260e-18	6.500245e-19	1.844027e-19	7.254603e-20	2.970330e-20	1.287777e-20	6.033003e-21	2.902558e-21	1.372455e-21	5.827402e-22	2.160168e-22	7.363533e-23	2.429823e-23	7.641447e-24	1.898394e-24	3.786802e-25	1.326754e-25	1.022999e-25	1.246913e-25	1.376601e-25	2.637965e-25	1.025177e-24	3.116085e-24	5.049320e-24	4.463721e-24	2.321503e-24	7.665674e-25	1.734843e-25	2.926677e-26	4.067433e-27	5.220842e-28	6.800377e-29	9.250033e-30	1.283568e-30	1.771077e-31	2.414236e-32	3.287169e-33	4.694688e-34	9.604112e-35	
R60	1.451627e-06	1.160783e-06	9.667471e-07	9.076966e-07	1.001475e-06	1.273919e-06	4.710022e-06	1.978254e-05	7.431548e-05	1.196956e-08	2.474367e-11	1.368975e-12	8.041878e-13	7.672761e-13	9.107180e-13	1.105318e-12	1.239640e-12	1.137571e-12	8.278014e-13	4.582329e-13	1.881931e-13	6.042403e-14	1.685223e-14	4.358284e-15	1.061674e-15	2.358986e-16	5.375364e-17	2.068901e-17	1.593291e-17	1.934365e-17	2.992369e-17	7.358068e-17	3.077431e-16	1.053220e-15	2.083645e-15	2.444289e-15	1.850548e-15	9.917713e-16	4.124277e-16	1.445012e-16	4.532826e-17	1.318807e-17	3.623278e-18	9.501680e-19	2.399540e-19	5.884947e-20	1.413481e-20	3.357934e-21	8.094094e-22	2.307348e-22	
R61	9.042279e-08	7.363038e-08	6.249332e-08	5.985300e-08	6.744382e-08	8.776408e-08	3.323440e-07	1.432960e-06	5.560808e-06	9.359061e-10	2.054592e-12	1.210862e-13	7.427275e-14	7.268564e-14	8.811052e-14	1.092709e-13	1.248213e-13	1.158445e-13	8.470277e-14	4.681495e-14	1.917406e-14	6.138862e-15	1.696758e-15	4.322876e-16	1.038666e-16	2.289771e-17	5.198214e-18	1.993650e-18	1.528760e-18	1.849636e-18	2.863404e-18	7.096588e-18	2.985723e-17	1.021834e-16	2.021552e-16	2.371449e-16	1.795401e-16	9.622162e-17	4.001372e-17	1.401950e-17	4.397747e-18	1.279506e-18	3.515303e-19	9.218528e-20	2.328033e-20	5.709574e-21	1.371359e-21	3.257866e-22	7.852888e-23	2.238589e-23	
R62	2.650133e-15	8.258057e-16	2.515915e-16	7.892636e-17	2.687714e-17	9.995557e-18	5.365761e-18	2.099449e-18	9.984648e-19	2.008122e-19	1.257635e-22	2.074454e-25	5.120385e-27	7.316242e-28	1.625702e-28	3.675454e-29	9.405050e-30	3.092618e-30	1.242547e-30	5.891969e-31	2.600882e-31	1.009394e-31	4.397543e-32	2.217959e-32	1.019804e-32	3.170699e-33	7.228397e-34	2.914078e-34	2.578740e-34	3.464184e-34	3.766534e-34	5.924425e-34	1.974337e-33	5.968742e-33	9.601261e-33	8.400928e-33	4.306422e-33	1.393805e-33	3.069912e-34	4.995393e-35	6.622436e-36	7.998523e-37	9.642532e-38	1.190336e-38	1.465476e-39	1.749084e-40	2.005828e-41	2.228932e-42	2.505527e-43	3.835082e-44	
R63	8.181791e-08	1.696034e-08	3.698358e-09	9.615950e-10	3.119289e-10	1.258755e-10	1.704088e-10	2.056269e-10	2.189417e-10	4.867360e-14	8.486858e-17	9.612385e-19	1.003605e-19	3.300440e-20	1.501790e-20	6.974013e-21	3.337309e-21	1.685256e-21	8.762253e-22	4.556647e-22	2.096914e-22	8.311234e-23	3.167915e-23	1.194925e-23	4.163313e-24	1.128030e-24	2.459817e-25	5.808275e-26	1.989706e-26	8.206034e-27	3.562850e-27	2.000506e-27	2.291454e-27	3.095282e-27	3.039852e-27	2.109945e-27	1.058814e-27	3.958310e-28	1.140109e-28	2.626138e-29	5.032281e-30	8.340424e-31	1.237625e-31	1.688672e-32	2.158263e-33	2.623449e-34	3.087422e-35	3.607197e-36	4.594581e-37	9.203531e-38	
R64	4.673168e-07	2.086592e-07	9.305270e-08	4.381025e-08	2.290879e-08	1.341494e-08	1.095835e-08	6.095090e-09	5.179582e-09	2.150335e-09	6.449862e-12	7.352579e-14	6.993485e-15	2.244086e-15	9.896538e-16	4.589683e-16	2.193388e-16	1.064919e-16	5.045947e-17	2.261180e-17	9.056228e-18	3.180406e-18	1.013220e-18	3.062363e-19	8.869984e-20	2.123538e-20	4.259854e-21	9.395796e-22	3.053528e-22	1.215684e-22	5.288820e-23	3.153439e-23	3.780004e-23	5.101145e-23	5.006395e-23	3.473451e-23	1.742670e-23	6.514462e-24	1.876453e-24	4.322717e-25	8.284227e-26	1.373080e-26	2.037314e-27	2.778785e-28	3.548089e-29	4.303803e-30	5.045385e-31	5.852356e-32	7.363758e-33	1.510495e-33	
R65	3.634769e-09	1.301461e-09	4.491084e-10	1.541384e-10	5.393021e-11	1.910799e-11	7.244999e-12	2.123104e-12	7.143196e-13	8.095754e-15	3.567998e-17	5.995212e-19	5.882684e-20	1.587040e-20	5.683837e-21	2.075685e-21	8.204799e-22	3.736188e-22	1.917108e-22	1.083096e-22	5.643805e-23	2.604368e-23	1.283687e-23	6.916366e-24	3.433457e-24	1.330293e-24	4.236781e-25	1.358042e-25	5.171633e-26	2.180330e-26	9.524897e-27	5.389036e-27	6.181881e-27	8.290837e-27	8.049086e-27	5.486182e-27	2.677071e-27	9.606365e-28	2.612290e-28	5.559517e-29	9.564330e-30	1.371439e-30	1.685707e-31	1.821892e-32	1.771871e-33	1.583459e-34	1.325351e-35	1.059148e-36	8.421171e-38	8.894296e-39	
R66	1.023937e-03	5.045381e-04	2.256732e-04	9.772208e-05	4.180816e-05	1.797222e-05	1.137572e-05	5.463511e-06	1.885436e-06	9.481199e-09	1.838045e-11	1.855137e-13	2.372084e-14	1.021103e-14	6.094216e-15	3.837194e-15	2.441793e-15	1.508200e-15	8.920666e-16	4.983801e-16	2.402841e-16	9.951334e-17	3.957476e-17	1.563434e-17	5.724447e-18	1.758785e-18	4.809255e-19	1.382281e-19	4.771599e-20	1.916554e-20	9.744569e-21	1.136197e-20	5.128881e-20	2.658990e-19	8.082406e-19	1.386184e-18	1.439496e-18	9.767131e-19	4.634704e-19	1.631807e-19	4.484901e-20	1.004505e-20	1.901142e-21	3.135245e-22	4.624421e-23	6.237535e-24	7.843005e-25	9.372997e-26	1.116515e-26	1.783292e-27	
R67	1.480536e-02	6.890302e-03	2.903258e-03	1.171749e-03	4.758965e-04	2.025012e-04	1.080151e-04	4.109228e-05	1.247544e-05	8.561262e-10	3.344856e-12	8.062908e-13	6.883428e-13	6.928491e-13	7.796184e-13	9.048888e-13	9.855247e-13	9.146472e-13	7.395625e-13	5.180210e-13	3.119262e-13	1.618328e-13	7.359733e-14	3.014904e-14	1.167883e-14	4.447952e-15	1.768813e-15	8.032889e-16	3.907119e-16	1.885309e-16	9.929311e-17	8.292749e-17	1.367815e-16	2.433446e-16	3.544090e-16	3.915868e-16	3.165617e-16	1.868757e-16	8.263073e-17	2.844844e-17	7.948816e-18	1.871364e-18	3.825638e-19	6.948114e-20	1.142570e-20	1.735838e-21	2.496806e-22	3.505243e-23	5.314969e-24	1.314709e-24	
R68	2.270576e-18	4.049394e-17	1.119243e-16	7.454528e-15	6.034276e-14	1.939615e-13	1.002080e-12	3.891137e-12	2.837614e-10	1.477864e-09	6.016547e-12	1.405301e-13	3.158443e-14	1.888686e-14	1.487866e-14	1.243370e-14	9.982487e-15	6.916372e-15	4.008074e-15	1.855574e-15	6.497214e-16	1.697359e-16	3.285841e-17	5.093199e-18	7.096777e-19	8.481896e-20	9.031150e-21	1.007501e-21	1.546975e-22	3.125805e-23	8.881040e-24	6.618428e-24	1.839985e-23	5.072993e-23	7.829933e-23	6.559304e-23	3.191579e-23	9.700367e-24	1.967920e-24	2.828931e-25	3.043322e-26	2.586063e-27	1.856291e-28	1.255355e-29	9.410338e-31	8.710734e-32	9.434722e-33	1.089321e-33	1.422158e-34	3.120305e-35	
R69	8.426514e-07	3.598402e-07	1.376151e-07	4.875161e-08	1.659656e-08	5.482784e-09	1.599509e-09	2.419245e-10	2.268475e-11	5.871504e-14	8.362957e-17	5.570816e-19	2.280477e-20	2.599593e-21	4.092005e-22	7.395723e-23	2.194529e-23	1.289200e-23	1.111928e-23	1.119574e-23	1.032883e-23	8.342028e-24	6.987374e-24	6.243172e-24	4.997701e-24	3.005710e-24	1.487742e-24	6.806079e-25	3.055698e-25	1.242567e-25	4.705115e-26	2.326218e-26	2.345874e-26	2.815954e-26	2.712507e-26	2.025603e-26	1.144751e-26	4.867058e-27	1.586792e-27	4.102593e-28	8.726389e-29	1.578238e-29	2.492025e-30	3.505875e-31	4.468256e-32	5.242478e-33	5.761809e-34	6.067277e-35	6.546013e-36	1.001164e-36	
R70	2.415900e+01	1.165643e+01	5.778384e+00	3.042776e+00	1.731622e+00	1.083776e+00	1.366633e+00	1.849901e+00	2.189528e+00	3.668180e-05	6.420284e-08	1.971314e-09	6.098876e-10	5.116503e-10	5.813227e-10	6.936700e-10	8.222930e-10	9.214746e-10	9.581231e-10	9.009626e-10	7.294240e-10	5.066178e-10	3.182261e-10	1.860252e-10	1.023725e-10	4.854476e-11	1.934811e-11	6.136173e-12	1.718052e-12	4.638485e-13	1.359888e-13	6.135814e-14	5.521716e-14	6.126777e-14	7.774303e-14	9.662370e-14	9.080210e-14	5.971575e-14	2.808334e-14	9.885135e-15	2.728635e-15	6.159406e-16	1.179110e-16	1.975389e-17	2.976674e-18	4.132788e-19	5.403188e-20	6.805872e-21	8.701313e-22	1.522204e-22	
R71	1.610600e+02	7.770953e+01	3.852256e+01	2.028517e+01	1.154415e+01	7.225170e+00	9.110887e+00	1.233268e+01	1.459685e+01	2.445453e-04	4.280189e-07	1.314209e-08	4.065917e-09	3.411002e-09	3.875485e-09	4.624467e-09	5.481953e-09	6.143164e-09	6.387487e-09	6.006418e-09	4.862827e-09	3.377452e-09	2.121507e-09	1.240168e-09	6.824832e-10	3.236317e-10	1.289874e-10	4.090782e-11	1.145368e-11	3.092323e-12	9.065918e-13	4.090543e-13	3.681144e-13	4.084518e-13	5.182869e-13	6.441580e-13	6.053473e-13	3.981050e-13	1.872223e-13	6.590090e-14	1.819090e-14	4.106271e-15	7.860732e-16	1.316926e-16	1.984450e-17	2.755192e-18	3.602126e-19	4.537248e-20	5.800875e-21	1.014803e-21	
R72	6.224792e-27	9.784187e-24	2.420321e-23	1.744409e-21	9.427914e-21	1.784834e-20	4.979951e-20	1.657120e-19	3.066479e-19	1.597020e-19	1.458584e-21	2.656808e-23	3.315617e-24	1.256601e-24	6.316161e-25	3.270381e-25	1.769776e-25	1.026237e-25	6.109127e-26	3.640883e-26	1.952143e-26	9.181411e-27	4.212180e-27	2.009091e-27	9.230758e-28	3.438056e-28	1.109380e-28	3.955561e-29	1.888525e-29	1.103914e-29	7.073584e-30	6.765283e-30	1.470855e-29	3.260514e-29	4.504435e-29	3.891999e-29	2.319139e-29	1.070304e-29	4.228844e-30	1.513997e-30	4.986514e-31	1.509052e-31	4.196472e-32	1.077814e-32	2.579440e-33	5.819646e-34	1.256279e-34	2.648846e-35	5.694983e-36	1.498406e-36	
R73	2.463110e-23	1.766039e-23	1.149302e-23	3.914189e-23	1.887617e-22	5.295108e-22	2.068903e-21	6.140380e-21	9.190665e-21	2.588792e-22	1.647319e-23	7.493779e-24	3.753040e-24	2.696108e-24	2.576226e-24	2.692546e-24	2.766695e-24	2.612228e-24	2.202411e-24	1.610382e-24	1.058935e-24	6.152140e-25	2.846733e-25	1.068767e-25	3.638638e-26	1.072175e-26	2.584290e-27	1.084042e-27	1.188947e-27	2.210734e-27	3.535327e-27	6.997399e-27	1.443000e-26	2.291041e-26	2.952160e-26	3.073590e-26	2.531612e-26	1.630077e-26	8.245418e-27	3.343781e-27	1.119913e-27	3.195255e-28	7.969825e-29	1.771661e-29	3.565837e-30	6.615592e-31	1.158424e-31	1.974537e-32	3.623958e-33	1.084438e-33	
R74	2.331321e-20	4.189847e-21	9.163357e-22	1.067420e-21	1.707613e-21	1.468012e-21	1.598287e-21	1.140983e-21	3.219940e-22	1.234995e-24	7.890520e-27	3.466285e-28	2.825884e-29	5.559810e-30	1.649776e-30	5.171313e-31	1.754696e-31	7.009942e-32	3.205620e-32	1.651127e-32	8.428161e-33	4.125129e-33	2.219929e-33	1.326640e-33	7.582586e-34	3.484702e-34	1.339733e-34	1.036016e-34	2.104607e-34	6.346008e-34	1.318597e-33	2.554445e-33	5.212877e-33	9.443772e-33	1.311819e-32	1.363222e-32	1.029842e-32	5.648185e-33	2.306529e-33	7.291367e-34	1.860276e-34	3.977361e-35	7.341995e-36	1.196414e-36	1.752682e-37	2.353759e-38	2.968111e-39	3.619270e-40	4.695464e-41	9.711996e-42	
R75	1.417663e-15	4.073992e-16	1.421613e-16	8.402990e-16	2.195469e-15	2.563507e-15	3.211373e-15	2.223041e-15	7.005904e-16	8.563647e-19	1.032435e-20	1.823756e-21	5.722671e-22	2.277650e-22	9.821637e-23	4.097653e-23	1.692370e-23	7.224420e-24	3.195843e-24	1.458771e-24	6.542801e-25	2.849923e-25	1.277079e-25	5.974494e-26	2.771609e-26	1.172087e-26	4.818597e-27	3.827878e-27	5.199285e-27	8.423581e-27	9.697143e-27	1.187090e-26	1.508829e-26	1.551275e-26	1.206196e-26	6.891362e-27	2.794941e-27	8.025885e-28	1.687588e-28	2.768236e-29	3.877211e-30	5.166662e-31	7.146858e-32	1.046448e-32	1.570329e-33	2.343616e-34	3.463390e-35	5.158815e-36	8.533738e-37	2.377903e-37	
R76	5.062562e-08	2.340804e-08	9.504654e-09	3.637143e-09	1.395564e-09	5.534658e-10	2.171733e-10	4.830893e-11	9.909492e-12	3.689829e-14	4.385750e-16	7.762656e-17	2.911024e-17	1.375673e-17	6.933876e-18	3.425411e-18	1.621486e-18	7.351887e-19	3.236926e-19	1.395475e-19	5.868378e-20	2.406627e-20	9.883544e-21	4.102088e-21	1.703228e-21	6.830281e-22	2.802633e-22	1.391649e-22	7.898939e-23	4.151503e-23	1.886046e-23	7.297675e-24	2.895485e-24	1.321706e-24	6.224406e-25	2.790982e-25	1.091959e-25	3.549842e-26	9.500178e-27	2.128007e-27	4.109972e-28	7.072177e-29	1.114366e-29	1.636128e-30	2.259196e-31	2.964077e-32	3.767071e-33	4.780205e-34	6.966584e-35	1.946453e-35	
R77	5.062562e-07	2.340804e-07	9.504654e-08	3.637143e-08	1.395564e-08	5.534658e-09	2.171733e-09	4.830893e-10	9.909492e-11	3.689829e-13	4.385750e-15	7.762656e-16	2.911024e-16	1.375673e-16	6.933876e-17	3.425411e-17	1.621486e-17	7.351887e-18	3.236926e-18	1.395475e-18	5.868378e-19	2.406627e-19	9.883544e-20	4.102088e-20	1.703228e-20	6.830281e-21	2.802633e-21	1.391649e-21	7.898939e-22	4.151503e-22	1.886046e-22	7.297675e-23	2.895485e-23	1.321706e-23	6.224406e-24	2.790982e-24	1.091959e-24	3.549842e-25	9.500178e-26	2.128007e-26	4.109972e-27	7.072177e-28	1.114366e-28	1.636128e-29	2.259196e-30	2.964077e-31	3.767071e-32	4.780205e-33	6.966584e-34	1.946453e-34	
R78	5.480244e-08	2.265818e-08	7.967266e-09	2.498667e-09	7.255459e-10	1.985323e-10	4.144818e-11	5.630275e-12	5.473436e-13	7.057750e-17	1.687644e-18	6.036354e-19	2.871141e-19	1.283136e-19	5.778086e-20	2.473412e-20	1.048786e-20	4.680250e-21	2.277044e-21	1.229550e-21	6.649764e-22	3.540460e-22	2.164506e-22	1.500835e-22	1.005332e-22	6.300034e-23	4.036185e-23	2.866594e-23	1.869988e-23	1.024651e-23	4.689987e-24	1.784279e-24	6.957425e-25	3.156199e-25	1.470342e-25	6.476867e-26	2.464621e-26	7.691099e-27	1.943186e-27	4.021167e-28	6.971726e-29	1.037845e-29	1.354724e-30	1.576099e-31	1.657640e-32	1.602296e-33	1.453915e-34	1.271075e-35	1.170555e-36	1.683973e-37	
R79	7.559399e-03	4.317138e-03	1.975365e-03	7.848785e-04	2.799241e-04	9.338422e-05	3.271513e-05	7.325348e-06	7.357304e-07	4.251630e-11	4.535385e-13	9.895076e-14	6.200099e-14	4.450146e-14	3.357875e-14	2.492473e-14	1.709801e-14	1.038110e-14	5.829491e-15	3.111467e-15	1.555828e-15	7.428595e-16	3.655340e-16	1.850974e-16	9.111523e-17	4.518420e-17	2.482935e-17	1.579788e-17	9.331196e-18	4.866834e-18	2.593160e-18	2.037294e-18	3.130939e-18	5.490435e-18	8.008228e-18	8.876461e-18	7.188275e-18	4.241509e-18	1.869989e-18	6.401885e-19	1.773220e-19	4.123181e-20	8.287191e-21	1.471149e-21	2.346603e-22	3.423521e-23	4.666754e-24	6.101228e-25	8.417983e-26	1.831345e-26	
R80	1.404670e-21	2.623756e-20	6.681472e-20	3.662143e-18	2.204074e-17	4.866782e-17	1.225975e-16	1.935346e-16	3.476654e-15	1.669247e-16	2.796044e-18	1.054853e-18	9.603067e-19	8.592326e-19	7.838784e-19	7.072626e-19	5.689471e-19	3.707328e-19	2.002270e-19	8.909255e-20	3.269879e-20	9.957805e-21	2.470996e-21	5.210622e-22	1.031880e-22	2.055668e-23	4.466664e-24	1.119308e-24	2.993591e-25	7.968084e-26	2.365180e-26	1.149472e-26	1.061687e-26	9.901124e-27	7.333037e-27	3.970148e-27	1.506433e-27	3.981728e-28	7.505068e-29	1.049039e-29	1.137334e-30	1.003343e-31	7.648374e-33	5.567775e-34	4.513543e-35	4.519026e-36	5.306298e-37	6.702312e-38	1.013494e-38	3.028829e-39	
R81	2.034941e-08	5.811796e-07	2.268252e-06	1.862569e-04	1.605215e-03	4.794954e-03	1.235955e-02	2.164526e-02	3.745635e-01	2.204567e-01	1.248716e-01	4.050066e-01	8.736996e-01	1.072105e+00	1.137153e+00	1.146695e+00	1.043395e+00	8.276228e-01	5.957468e-01	3.991330e-01	2.565141e-01	1.605625e-01	9.696017e-02	5.689955e-02	3.332199e-02	2.101147e-02	1.540399e-02	1.282416e-02	9.756810e-03	6.426406e-03	3.935272e-03	2.386715e-03	1.417964e-03	8.556791e-04	5.402262e-04	3.323998e-04	1.841539e-04	8.783961e-05	3.567252e-05	1.243603e-05	3.781484e-06	1.019076e-06	2.461725e-07	5.357646e-08	1.048150e-08	1.809026e-09	2.520591e-10	1.390052e-11	5.764945e-15	9.998337e-17	
R82	2.174153e-31	2.394264e-30	5.480501e-30	5.345883e-27	2.783812e-25	2.455402e-24	2.979261e-23	2.105056e-22	1.593535e-20	1.478275e-18	1.857089e-20	3.178664e-22	2.625833e-23	6.208804e-24	1.874414e-24	5.630412e-25	1.714220e-25	5.462957e-26	1.731994e-26	5.225381e-27	1.362822e-27	2.989098e-28	5.701673e-29	1.009296e-29	1.684200e-30	2.235078e-31	2.460263e-32	4.800999e-33	2.058592e-33	1.396613e-33	8.673383e-34	9.474143e-34	2.029678e-33	3.233935e-33	2.664841e-33	1.154343e-33	2.817863e-34	4.166086e-35	4.019133e-36	2.752752e-37	1.484448e-38	7.139880e-40	3.467827e-41	1.890676e-42	1.293341e-43	1.176067e-44	1.308717e-45	1.603200e-46	2.283423e-47	5.643668e-48	
R83	7.764034e-23	1.375678e-21	3.664167e-21	2.313907e-19	1.769548e-18	5.301256e-18	2.014764e-17	4.574500e-17	2.253974e-15	6.369463e-13	7.888850e-15	1.352970e-16	1.335716e-17	3.750042e-18	1.323298e-18	4.706713e-19	1.642421e-19	5.559344e-20	1.754258e-20	4.998652e-21	1.222344e-21	2.524154e-22	4.412627e-23	6.929825e-24	1.034986e-24	1.302481e-25	1.430959e-26	1.745434e-27	3.127486e-28	6.883110e-29	1.686930e-29	5.824262e-30	3.895006e-30	2.755354e-30	1.375154e-30	4.675056e-31	1.100914e-31	1.842656e-32	2.262547e-33	2.116103e-34	1.573564e-35	9.773136e-37	5.407173e-38	2.956084e-39	1.860700e-40	1.487425e-41	1.423469e-42	1.485540e-43	1.864091e-44	4.619674e-45	
R84	8.477703e-19	1.741581e-17	5.299388e-17	3.694701e-15	2.958143e-14	8.761217e-14	2.615850e-13	5.635451e-13	2.318534e-11	5.071039e-10	4.085682e-11	5.365958e-12	1.779681e-12	8.584423e-13	4.506578e-13	2.375501e-13	1.185898e-13	5.297149e-14	2.093654e-14	7.173899e-15	2.099989e-15	5.227728e-16	1.076838e-16	1.926973e-17	3.288062e-18	5.321475e-19	8.328518e-20	1.332506e-20	2.471697e-21	5.217167e-22	1.311371e-22	5.390763e-23	4.097616e-23	2.880732e-23	1.422222e-23	4.749967e-24	1.087910e-24	1.747912e-25	2.026171e-26	1.750701e-27	1.168642e-28	6.279271e-30	2.877988e-31	1.246749e-32	5.977348e-34	3.520336e-35	2.405356e-36	1.729437e-37	1.371307e-38	1.749840e-39	
R85	8.753352e-38	6.445873e-35	1.109841e-33	1.037069e-29	1.288914e-27	2.236039e-26	5.692953e-25	9.625462e-24	4.418519e-20	1.757889e-16	3.487927e-18	1.474788e-19	3.931433e-20	2.230648e-20	1.506340e-20	1.037625e-20	6.476058e-21	3.252869e-21	1.276468e-21	3.737365e-22	7.914040e-23	1.203775e-23	1.239478e-24	9.484942e-26	6.506504e-27	3.981983e-28	2.293548e-29	1.398551e-30	1.167387e-31	1.289344e-32	2.068659e-33	9.160416e-34	1.448919e-33	2.094054e-33	1.643607e-33	6.746790e-34	1.540841e-34	2.096852e-35	1.813349e-36	1.058318e-37	4.417680e-39	1.406667e-40	3.765062e-42	1.020568e-43	3.771385e-45	2.300654e-46	2.034214e-47	2.113115e-48	2.751245e-49	7.292944e-50	
R86	5.341028e-38	3.933075e-35	6.771910e-34	6.327877e-30	7.864562e-28	1.364363e-26	3.473666e-25	5.873163e-24	2.696046e-20	1.072610e-16	2.128226e-18	8.998706e-20	2.398840e-20	1.361073e-20	9.191230e-21	6.331268e-21	3.951493e-21	1.984802e-21	7.788618e-22	2.280426e-22	4.828906e-23	7.345067e-24	7.562917e-25	5.787422e-26	3.970070e-27	2.429685e-28	1.399453e-29	8.533531e-31	7.123036e-32	7.867183e-33	1.262233e-33	5.589407e-34	8.840863e-34	1.277728e-33	1.002879e-33	4.116685e-34	9.401741e-35	1.279435e-35	1.106450e-36	6.457536e-38	2.695534e-39	8.583050e-41	2.297326e-42	6.227195e-44	2.301184e-45	1.403789e-46	1.241216e-47	1.289358e-48	1.678726e-49	4.449932e-50	
R87	2.897618e-25	4.157473e-24	7.935996e-24	3.102061e-22	1.245477e-21	1.653769e-21	1.722838e-21	7.856841e-22	2.878219e-21	2.866736e-21	7.202943e-24	2.687042e-26	5.469723e-28	3.457455e-29	2.941630e-30	2.691200e-31	4.049571e-32	1.318691e-32	6.865844e-33	4.538465e-33	2.704189e-33	1.360963e-33	7.509605e-34	4.697215e-34	2.534054e-34	9.313887e-35	2.710048e-35	7.329710e-36	1.966513e-36	4.713778e-37	9.918558e-38	2.450378e-38	1.232259e-38	7.753836e-39	3.798205e-39	1.389829e-39	3.686642e-40	7.018004e-41	9.753520e-42	1.023811e-42	8.449839e-44	5.726538e-45	3.371677e-46	1.901251e-47	1.194542e-48	9.236357e-50	8.286938e-51	7.851066e-52	8.447453e-53	1.560913e-53	
R88	0.000000e+00	0.000000e+00	0.000000e+00	0.000000e+00	0.000000e+00	0.000000e+00	0.000000e+00	0.000000e+00	0.000000e+00	0.000000e+00	0.000000e+00	0.000000e+00	0.000000e+00	0.000000e+00	0.000000e+00	0.000000e+00	0.000000e+00	0.000000e+00	0.000000e+00	0.000000e+00	0.000000e+00	0.000000e+00	0.000000e+00	0.000000e+00	0.000000e+00	0.000000e+00	0.000000e+00	0.000000e+00	0.000000e+00	0.000000e+00	0.000000e+00	0.000000e+00	0.000000e+00	0.000000e+00	0.000000e+00	0.000000e+00	0.000000e+00	0.000000e+00	0.000000e+00	0.000000e+00	0.000000e+00	0.000000e+00	0.000000e+00	0.000000e+00	0.000000e+00	0.000000e+00	0.000000e+00	0.000000e+00	0.000000e+00	0.000000e+00	
R89	0.000000e+00	0.000000e+00	0.000000e+00	0.000000e+00	0.000000e+00	0.000000e+00	0.000000e+00	0.000000e+00	0.000000e+00	0.000000e+00	0.000000e+00	0.000000e+00	0.000000e+00	0.000000e+00	0.000000e+00	0.000000e+00	0.000000e+00	0.000000e+00	0.000000e+00	0.000000e+00	0.000000e+00	0.000000e+00	0.000000e+00	0.000000e+00	0.000000e+00	0.000000e+00	0.000000e+00	0.000000e+00	0.000000e+00	0.000000e+00	0.000000e+00	0.000000e+00	0.000000e+00	0.000000e+00	0.000000e+00	0.000000e+00	0.000000e+00	0.000000e+00	0.000000e+00	0.000000e+00	0.000000e+00	0.000000e+00	0.000000e+00	0.000000e+00	0.000000e+00	0.000000e+00	0.000000e+00	0.000000e+00	0.000000e+00	0.000000e+00	
R90	0.000000e+00	0.000000e+00	0.000000e+00	0.000000e+00	0.000000e+00	0.000000e+00	0.000000e+00	0.000000e+00	0.000000e+00	0.000000e+00	0.000000e+00	0.000000e+00	0.000000e+00	0.000000e+00	0.000000e+00	0.000000e+00	0.000000e+00	0.000000e+00	0.000000e+00	0.000000e+00	0.000000e+00	0.000000e+00	0.000000e+00	0.000000e+00	0.000000e+00	0.000000e+00	0.000000e+00	0.000000e+00	0.000000e+00	0.000000e+00	0.000000e+00	0.000000e+00	0.000000e+00	0.000000e+00	0.000000e+00	0.000000e+00	0.000000e+00	0.000000e+00	0.000000e+00	0.000000e+00	0.000000e+00	0.000000e+00	0.000000e+00	0.000000e+00	0.000000e+00	0.000000e+00	0.000000e+00	0.000000e+00	0.000000e+00	0.000000e+00	
R91	8.435304e-16	6.862720e-16	5.645549e-16	2.611133e-15	1.781170e-14	7.127774e-14	4.160719e-13	2.344771e-12	9.412934e-12	2.415737e-10	8.681625e-11	1.387829e-11	2.532435e-12	9.934620e-13	5.516391e-13	3.376593e-13	2.156646e-13	1.409414e-13	8.848768e-14	5.113542e-14	2.750572e-14	1.337415e-14	5.309313e-15	1.765665e-15	5.392356e-16	1.330015e-16	2.372147e-17	6.565172e-18	5.208545e-18	8.060867e-18	1.143477e-17	1.984182e-17	3.506032e-17	4.429351e-17	4.030346e-17	2.753926e-17	1.464469e-17	6.168314e-18	2.078304e-18	5.679345e-19	1.284947e-19	2.466198e-20	4.113816e-21	6.098088e-22	8.196107e-23	1.017522e-23	1.187912e-24	1.330400e-25	1.495652e-26	2.271012e-27	
R93	5.539812e-13	1.402093e-13	4.730598e-14	2.853301e-13	7.745041e-13	9.193428e-13	1.196197e-12	1.046686e-12	5.276452e-13	2.851523e-13	6.898183e-15	1.356835e-16	6.795500e-18	8.955101e-19	1.468202e-19	2.302279e-20	4.023326e-21	9.352797e-22	2.781472e-22	1.037326e-22	4.035216e-23	1.562831e-23	7.274825e-24	4.127500e-24	2.283024e-24	9.494995e-25	3.116522e-25	1.755141e-25	1.880913e-25	2.718727e-25	2.735476e-25	2.504055e-25	2.417275e-25	1.977571e-25	1.085817e-25	4.071436e-26	1.066086e-26	2.002569e-27	2.804783e-28	3.100272e-29	2.933301e-30	2.629473e-31	2.432470e-32	2.375019e-33	2.379979e-34	2.376830e-35	2.341826e-36	2.291941e-37	2.322325e-38	3.283562e-39	
R94	1.207184e-10	3.707247e-11	1.077272e-11	3.043712e-12	8.529934e-13	2.327508e-13	6.214772e-14	1.083362e-14	1.923292e-15	1.323988e-15	8.852981e-18	4.122186e-20	8.595534e-22	7.048033e-23	7.778577e-24	8.081399e-25	9.754091e-26	1.753713e-26	4.532902e-27	1.668566e-27	6.576566e-28	2.598263e-28	1.427406e-28	1.086909e-28	7.815954e-29	3.805856e-29	1.376832e-29	5.322804e-30	2.669169e-30	1.369881e-30	5.335629e-31	1.255003e-31	3.231180e-32	1.173633e-32	3.902929e-33	1.148560e-33	2.901214e-34	6.169609e-35	1.099812e-35	1.660060e-36	2.165858e-37	2.507066e-38	2.641888e-39	2.586549e-40	2.385011e-41	2.093896e-42	1.774235e-43	1.479293e-44	1.320558e-45	1.872187e-46	
R95	9.908460e-10	2.291208e-10	5.058109e-11	1.075053e-11	2.200764e-12	4.257575e-13	9.828657e-14	1.748863e-14	2.352389e-15	1.140553e-17	6.031360e-21	7.393937e-24	1.039437e-25	8.560752e-27	1.106417e-27	1.365451e-28	2.086369e-29	5.275676e-30	2.132684e-30	1.343889e-30	8.314567e-31	4.569606e-31	3.749271e-31	4.592281e-31	4.779740e-31	2.830883e-31	1.114946e-31	4.399502e-32	2.158142e-32	1.130177e-32	4.989542e-33	1.988020e-33	1.769442e-33	2.504887e-33	2.576122e-33	1.868072e-33	9.749913e-34	3.765047e-34	1.108913e-34	2.572635e-35	4.855819e-36	7.690241e-37	1.051379e-37	1.273325e-38	1.398261e-39	1.421489e-40	1.363204e-41	1.257461e-42	1.167904e-43	1.465898e-44	
R96	5.396176e-03	2.198706e-03	7.788665e-04	2.474288e-04	7.214188e-05	1.970363e-05	4.840543e-06	8.464107e-07	8.719583e-08	1.951258e-11	4.453610e-13	1.271103e-13	5.091575e-14	2.074448e-14	8.621672e-15	3.365439e-15	1.315983e-15	5.630690e-16	2.726563e-16	1.521913e-16	8.549382e-17	4.721619e-17	3.109077e-17	2.407452e-17	1.784306e-17	1.192387e-17	7.975842e-18	5.943916e-18	4.119339e-18	2.404224e-18	1.149155e-18	4.380845e-19	1.733479e-19	8.300584e-20	4.096307e-20	1.919742e-20	7.813495e-21	2.623942e-21	7.180337e-22	1.619749e-22	3.081078e-23	5.065831e-24	7.354998e-25	9.588595e-26	1.138678e-26	1.252085e-27	1.301739e-28	1.313602e-29	1.413127e-30	2.415916e-31	
R97	1.999320e-25	2.193625e-24	3.498769e-24	1.223661e-22	4.575619e-22	5.791572e-22	8.116554e-22	7.961007e-22	9.127108e-21	5.198652e-20	2.510792e-22	1.136688e-24	3.192013e-26	3.433496e-27	4.997455e-28	6.775109e-29	1.033901e-29	2.217375e-30	6.490809e-31	2.530926e-31	9.113251e-32	2.802767e-32	1.079286e-32	5.317861e-33	2.265473e-33	6.190358e-34	1.255729e-34	2.585763e-35	6.520303e-36	1.784885e-36	4.492409e-37	1.178304e-37	6.449787e-38	4.786202e-38	2.503143e-38	8.894311e-39	2.178875e-39	3.767292e-40	4.729885e-41	4.455039e-42	3.262782e-43	1.936294e-44	9.871078e-46	4.791751e-47	2.593959e-48	1.737878e-49	1.360529e-50	1.129123e-51	1.045847e-52	1.585948e-53	
R98	2.660206e-09	6.399304e-10	1.465240e-10	3.194351e-11	6.494436e-12	1.206647e-12	3.046693e-13	7.411935e-14	8.944008e-15	8.928076e-20	7.752746e-23	1.746232e-25	3.352663e-27	3.307661e-28	4.840464e-29	6.423268e-30	1.042793e-30	2.948070e-31	1.419024e-31	1.156184e-31	1.011878e-31	8.712106e-32	1.281455e-31	3.112383e-31	6.672789e-31	8.298171e-31	6.721947e-31	4.183061e-31	2.070895e-31	8.035364e-32	2.060770e-32	2.858443e-33	4.570777e-34	1.365035e-34	5.869134e-35	3.094020e-35	1.463887e-35	5.476650e-36	1.593958e-36	3.676178e-37	6.908289e-38	1.089070e-38	1.480668e-39	1.780596e-40	1.937645e-41	1.947120e-42	1.839983e-43	1.665920e-44	1.511088e-45	1.827048e-46	
R99	1.221282e-16	1.668573e-16	1.925211e-16	2.012660e-16	1.872957e-16	1.587885e-16	1.456533e-16	1.422721e-16	1.480312e-16	9.625518e-17	9.604968e-18	1.071036e-18	3.025116e-19	1.517654e-19	8.519415e-20	4.310772e-20	2.047866e-20	1.032383e-20	5.829657e-21	3.980922e-21	3.055412e-21	2.491900e-21	2.127672e-21	1.734942e-21	1.211432e-21	7.221132e-22	1.410099e-20	6.621260e-19	1.261263e-18	2.124113e-18	2.433824e-18	3.109255e-18	3.921451e-18	3.531811e-18	2.220406e-18	1.008257e-18	3.426138e-19	8.993524e-20	1.889891e-20	3.504905e-21	8.580782e-22	4.222706e-22	3.360086e-22	3.874081e-22	4.458411e-22	4.142054e-22	3.068035e-22	4.235122e-22	2.391968e-23	5.575179e-25	
R100	4.192586e-23	5.922476e-20	1.266530e-19	7.403897e-18	2.968118e-17	3.739702e-17	4.998019e-17	7.991189e-17	5.312343e-17	9.782861e-17	5.874483e-18	1.448826e-19	9.357875e-21	1.524538e-21	2.979483e-22	5.476383e-23	1.115387e-23	3.071181e-24	1.108792e-24	5.244423e-25	2.604396e-25	1.294210e-25	8.396967e-26	7.284424e-26	6.184835e-26	3.963423e-26	2.131402e-26	1.236268e-26	8.321957e-27	5.834572e-27	3.399059e-27	1.512779e-27	8.006667e-28	4.777094e-28	2.236243e-28	8.195552e-29	2.458694e-29	6.455045e-30	1.578395e-30	3.702585e-31	8.302105e-32	1.754637e-32	3.465403e-33	6.388847e-34	1.104166e-34	1.803068e-35	2.813299e-36	4.263764e-37	6.503746e-38	1.182694e-38	
R101	1.103453e-18	1.738745e-18	2.096853e-18	2.114448e-18	1.796360e-18	1.331964e-18	7.440387e-19	2.689555e-19	6.641948e-20	4.916129e-21	1.345930e-22	5.882610e-24	6.927697e-25	1.449849e-25	3.543136e-26	8.854991e-27	3.154471e-27	2.032632e-27	1.896389e-27	2.248635e-27	2.978943e-27	4.152820e-27	5.828260e-27	7.546867e-27	8.159379e-27	7.326127e-27	2.164106e-25	1.403373e-23	3.021628e-23	4.676230e-23	4.433550e-23	4.775708e-23	5.086203e-23	3.884304e-23	2.287259e-23	1.069573e-23	3.935443e-24	1.137377e-24	2.645682e-25	5.468081e-26	1.508611e-26	8.478164e-27	7.791514e-27	1.043528e-26	1.393825e-26	1.494470e-26	1.268635e-26	1.999142e-26	1.311605e-27	3.725106e-29	
R102	0.000000e+00	0.000000e+00	0.000000e+00	0.000000e+00	0.000000e+00	0.000000e+00	0.000000e+00	0.000000e+00	0.000000e+00	0.000000e+00	0.000000e+00	0.000000e+00	0.000000e+00	0.000000e+00	0.000000e+00	0.000000e+00	0.000000e+00	0.000000e+00	0.000000e+00	0.000000e+00	0.000000e+00	0.000000e+00	0.000000e+00	0.000000e+00	0.000000e+00	0.000000e+00	0.000000e+00	0.000000e+00	0.000000e+00	0.000000e+00	0.000000e+00	0.000000e+00	0.000000e+00	0.000000e+00	0.000000e+00	0.000000e+00	0.000000e+00	0.000000e+00	0.000000e+00	0.000000e+00	0.000000e+00	0.000000e+00	0.000000e+00	0.000000e+00	0.000000e+00	0.000000e+00	0.000000e+00	0.000000e+00	0.000000e+00	0.000000e+00	
R103	0.000000e+00	0.000000e+00	0.000000e+00	0.000000e+00	0.000000e+00	0.000000e+00	0.000000e+00	0.000000e+00	0.000000e+00	0.000000e+00	0.000000e+00	0.000000e+00	0.000000e+00	0.000000e+00	0.000000e+00	0.000000e+00	0.000000e+00	0.000000e+00	0.000000e+00	0.000000e+00	0.000000e+00	0.000000e+00	0.000000e+00	0.000000e+00	0.000000e+00	0.000000e+00	0.000000e+00	0.000000e+00	0.000000e+00	0.000000e+00	0.000000e+00	0.000000e+00	0.000000e+00	0.000000e+00	0.000000e+00	0.000000e+00	0.000000e+00	0.000000e+00	0.000000e+00	0.000000e+00	0.000000e+00	0.000000e+00	0.000000e+00	0.000000e+00	0.000000e+00	0.000000e+00	0.000000e+00	0.000000e+00	0.000000e+00	0.000000e+00	
R104	0.000000e+00	0.000000e+00	0.000000e+00	0.000000e+00	0.000000e+00	0.000000e+00	0.000000e+00	0.000000e+00	0.000000e+00	0.000000e+00	0.000000e+00	0.000000e+00	0.000000e+00	0.000000e+00	0.000000e+00	0.000000e+00	0.000000e+00	0.000000e+00	0.000000e+00	0.000000e+00	0.000000e+00	0.000000e+00	0.000000e+00	0.000000e+00	0.000000e+00	0.000000e+00	0.000000e+00	0.000000e+00	0.000000e+00	0.000000e+00	0.000000e+00	0.000000e+00	0.000000e+00	0.000000e+00	0.000000e+00	0.000000e+00	0.000000e+00	0.000000e+00	0.000000e+00	0.000000e+00	0.000000e+00	0.000000e+00	0.000000e+00	0.000000e+00	0.000000e+00	0.000000e+00	0.000000e+00	0.000000e+00	0.000000e+00	0.000000e+00	
R105	0.000000e+00	0.000000e+00	0.000000e+00	0.000000e+00	0.000000e+00	0.000000e+00	0.000000e+00	0.000000e+00	0.000000e+00	0.000000e+00	0.000000e+00	0.000000e+00	0.000000e+00	0.000000e+00	0.000000e+00	0.000000e+00	0.000000e+00	0.000000e+00	0.000000e+00	0.000000e+00	0.000000e+00	0.000000e+00	0.000000e+00	0.000000e+00	0.000000e+00	0.000000e+00	0.000000e+00	0.000000e+00	0.000000e+00	0.000000e+00	0.000000e+00	0.000000e+00	0.000000e+00	0.000000e+00	0.000000e+00	0.000000e+00	0.000000e+00	0.000000e+00	0.000000e+00	0.000000e+00	0.000000e+00	0.000000e+00	0.000000e+00	0.000000e+00	0.000000e+00	0.000000e+00	0.000000e+00	0.000000e+00	0.000000e+00	0.000000e+00	
R106	0.000000e+00	0.000000e+00	0.000000e+00	0.000000e+00	0.000000e+00	0.000000e+00	0.000000e+00	0.000000e+00	0.000000e+00	0.000000e+00	0.000000e+00	0.000000e+00	0.000000e+00	0.000000e+00	0.000000e+00	0.000000e+00	0.000000e+00	0.000000e+00	0.000000e+00	0.000000e+00	0.000000e+00	0.000000e+00	0.000000e+00	0.000000e+00	0.000000e+00	0.000000e+00	0.000000e+00	0.000000e+00	0.000000e+00	0.000000e+00	0.000000e+00	0.000000e+00	0.000000e+00	0.000000e+00	0.000000e+00	0.000000e+00	0.000000e+00	0.000000e+00	0.000000e+00	0.000000e+00	0.000000e+00	0.000000e+00	0.000000e+00	0.000000e+00	0.000000e+00	0.000000e+00	0.000000e+00	0.000000e+00	0.000000e+00	0.000000e+00	
R107	0.000000e+00	0.000000e+00	0.000000e+00	0.000000e+00	0.000000e+00	0.000000e+00	0.000000e+00	0.000000e+00	0.000000e+00	0.000000e+00	0.000000e+00	0.000000e+00	0.000000e+00	0.000000e+00	0.000000e+00	0.000000e+00	0.000000e+00	0.000000e+00	0.000000e+00	0.000000e+00	0.000000e+00	0.000000e+00	0.000000e+00	0.000000e+00	0.000000e+00	0.000000e+00	0.000000e+00	0.000000e+00	0.000000e+00	0.000000e+00	0.000000e+00	0.000000e+00	0.000000e+00	0.000000e+00	0.000000e+00	0.000000e+00	0.000000e+00	0.000000e+00	0.000000e+00	0.000000e+00	0.000000e+00	0.000000e+00	0.000000e+00	0.000000e+00	0.000000e+00	0.000000e+00	0.000000e+00	0.000000e+00	0.000000e+00	0.000000e+00	
R108	8.931642e-20	6.639190e-20	5.083262e-20	2.258732e-19	1.526307e-18	6.297586e-18	5.816945e-17	6.142866e-16	3.584503e-15	2.464889e-17	7.026547e-19	4.071481e-20	7.389511e-21	4.424451e-21	4.268807e-21	4.586784e-21	5.129887e-21	5.848281e-21	6.340628e-21	6.224089e-21	5.502817e-21	4.279840e-21	2.735319e-21	1.465443e-21	7.087778e-22	2.600372e-22	6.281817e-23	1.840176e-23	1.161796e-23	1.208697e-23	1.075972e-23	1.150530e-23	1.294495e-23	1.281831e-23	1.439078e-23	1.685346e-23	1.613697e-23	1.157529e-23	6.227409e-24	2.581960e-24	8.543086e-25	2.337080e-25	5.458667e-26	1.119319e-26	2.064418e-27	3.500179e-28	5.570834e-29	8.519584e-30	1.318423e-30	2.790201e-31	
R109	1.156652e-11	3.446018e-12	1.414725e-12	1.091037e-11	3.994274e-11	6.859876e-11	2.031553e-10	5.003866e-10	6.147928e-10	1.834601e-13	9.908539e-16	2.229466e-17	2.535209e-18	8.409914e-19	3.661753e-19	1.570590e-19	7.060321e-20	3.639173e-20	2.070150e-20	1.268576e-20	7.650009e-21	4.460844e-21	2.760969e-21	1.843187e-21	1.214747e-21	6.396053e-22	2.635404e-22	1.462022e-22	1.143124e-22	1.036240e-22	6.640454e-23	4.391645e-23	3.045487e-23	1.952851e-23	1.322954e-23	8.502189e-24	4.008484e-24	1.282328e-24	2.867766e-25	4.809470e-26	6.654761e-27	8.502774e-28	1.101376e-28	1.487556e-29	2.045546e-30	2.789913e-31	3.747457e-32	5.008246e-33	6.985433e-34	1.376599e-34	
R110	4.341894e-05	3.769972e-05	3.403357e-05	3.430976e-05	3.943738e-05	5.068810e-05	2.160208e-04	1.312438e-03	4.734872e-03	1.716341e-09	6.539790e-12	7.444033e-13	6.418975e-13	7.637718e-13	1.060060e-12	1.428077e-12	1.746683e-12	1.820192e-12	1.587398e-12	1.133796e-12	6.562399e-13	3.288060e-13	1.623615e-13	8.151525e-14	4.009306e-14	1.848817e-14	8.616501e-15	5.202308e-15	4.017078e-15	3.594598e-15	3.233894e-15	2.801607e-15	2.123945e-15	1.533473e-15	1.268331e-15	1.081642e-15	7.423495e-16	3.854404e-16	1.583902e-16	5.516847e-17	1.722972e-17	4.989975e-18	1.363331e-18	3.549994e-19	8.884137e-20	2.153738e-20	5.097346e-21	1.188592e-21	2.798027e-22	7.683522e-23	
R111	2.781364e+00	7.496137e-01	2.140413e-01	7.297196e-02	3.054044e-02	1.571210e-02	3.138581e-02	7.200503e-02	1.037283e-01	8.316330e-08	5.168674e-10	2.457059e-11	6.210862e-12	3.434533e-12	2.348575e-12	1.569955e-12	1.024524e-12	6.747819e-13	4.459553e-13	2.935692e-13	1.840882e-13	1.099589e-13	6.644087e-14	4.053800e-14	2.414971e-14	1.235358e-14	5.268760e-15	1.870664e-15	6.104226e-16	1.780912e-16	4.536399e-17	9.857795e-18	2.197378e-18	6.261747e-19	2.570987e-19	1.297300e-19	5.901554e-20	2.137441e-20	6.083670e-21	1.393078e-21	2.657741e-22	4.384740e-23	6.470340e-24	8.766195e-25	1.110274e-25	1.334018e-26	1.546994e-27	1.774064e-28	2.206826e-29	4.258340e-30	
R112	5.507303e-03	2.639983e-03	1.261147e-03	6.296578e-04	3.385315e-04	1.974746e-04	1.831819e-04	1.449855e-04	1.159457e-04	1.053969e-07	5.612151e-10	1.265270e-11	1.719490e-12	6.772647e-13	3.446831e-13	1.750569e-13	9.019470e-14	4.937843e-14	2.795683e-14	1.618044e-14	9.148608e-15	5.022633e-15	2.849018e-15	1.687377e-15	9.953262e-16	4.969694e-16	2.043768e-16	7.087032e-17	2.315566e-17	6.809382e-18	1.722047e-18	3.599706e-19	7.792497e-20	2.218472e-20	9.102558e-21	4.591150e-21	2.088106e-21	7.562298e-22	2.152522e-22	4.929533e-23	9.405689e-24	1.551824e-24	2.289745e-25	3.101071e-26	3.923839e-27	4.704704e-28	5.434728e-29	6.187582e-30	7.603485e-31	1.502436e-31	
R113	5.978290e+00	3.021057e+00	1.379793e+00	5.979229e-01	2.529963e-01	1.087741e-01	6.687920e-02	3.680363e-02	1.073047e-02	1.657284e-09	1.193468e-11	5.918861e-12	7.417315e-12	9.310743e-12	1.225074e-11	1.578314e-11	1.874648e-11	1.975723e-11	1.914557e-11	1.730334e-11	1.468401e-11	1.188859e-11	9.572411e-12	7.612557e-12	5.954031e-12	4.706113e-12	3.827708e-12	2.726853e-12	1.329859e-12	4.729640e-13	1.448650e-13	4.262611e-14	1.274430e-14	4.783131e-15	2.912375e-15	2.339336e-15	1.714353e-15	9.804655e-16	4.284064e-16	1.466263e-16	4.078922e-17	9.558929e-18	1.943288e-18	3.504515e-19	5.710889e-20	8.576167e-21	1.215549e-21	1.674992e-22	2.480380e-23	5.910316e-24	
R114	1.195658e+01	6.042115e+00	2.759586e+00	1.195846e+00	5.059925e-01	2.175483e-01	1.337584e-01	7.360726e-02	2.146093e-02	3.314568e-09	2.386936e-11	1.183772e-11	1.483463e-11	1.862149e-11	2.450148e-11	3.156628e-11	3.749296e-11	3.951445e-11	3.829114e-11	3.460668e-11	2.936801e-11	2.377719e-11	1.914482e-11	1.522511e-11	1.190806e-11	9.412226e-12	7.655417e-12	5.453707e-12	2.659717e-12	9.459281e-13	2.897300e-13	8.525222e-14	2.548861e-14	9.566262e-15	5.824750e-15	4.678672e-15	3.428705e-15	1.960931e-15	8.568128e-16	2.932526e-16	8.157843e-17	1.911786e-17	3.886577e-18	7.009029e-19	1.142178e-19	1.715233e-20	2.431099e-21	3.349983e-22	4.960760e-23	1.182063e-23	
R115	1.007866e-06	3.743929e-07	1.225003e-07	3.612144e-08	9.706897e-09	2.382054e-09	5.738599e-10	8.608705e-11	4.771686e-12	1.394712e-17	1.337178e-20	5.832987e-23	1.516594e-24	1.289798e-25	1.530544e-26	1.934243e-27	4.182001e-28	2.167009e-28	2.010691e-28	2.705556e-28	3.741952e-28	5.027165e-28	9.118802e-28	2.199225e-27	4.784575e-27	7.062626e-27	7.737237e-27	5.982252e-27	2.946597e-27	9.489250e-28	2.057915e-28	3.040070e-29	4.903061e-30	1.241624e-30	5.000200e-31	2.714519e-31	1.390679e-31	5.728222e-32	1.845475e-32	4.743355e-33	1.004503e-33	1.808412e-34	2.839616e-35	3.966718e-36	5.009944e-37	5.810248e-38	6.292462e-39	6.503725e-40	6.852802e-41	1.009625e-41	
R116	1.836825e-20	2.364559e-20	2.620110e-20	2.717450e-20	2.589595e-20	2.343542e-20	3.523628e-20	6.693446e-20	1.057519e-19	1.946498e-23	1.647111e-25	7.062780e-27	2.051595e-27	1.597572e-27	1.577587e-27	1.416818e-27	1.188175e-27	1.049500e-27	1.025153e-27	1.188492e-27	1.497829e-27	1.951936e-27	2.673693e-27	3.489390e-27	3.832909e-27	3.384463e-27	8.933397e-26	4.431197e-24	6.700741e-24	7.570843e-24	5.446049e-24	4.306770e-24	3.469974e-24	2.449531e-24	1.900068e-24	1.478778e-24	9.047770e-25	4.044734e-25	1.357156e-25	3.818759e-26	1.367261e-26	9.590281e-27	1.068531e-26	1.704212e-26	2.691317e-26	3.414735e-26	3.448190e-26	6.499753e-26	5.053292e-27	1.641609e-28	
R117	9.575326e-23	1.634241e-19	4.381997e-19	3.391014e-17	1.909360e-16	3.652302e-16	1.174633e-15	5.653988e-15	1.004786e-14	1.177715e-17	1.982601e-19	7.429805e-21	1.361059e-21	6.433004e-22	3.780977e-22	2.173038e-22	1.282452e-22	8.444824e-23	6.024810e-23	4.632975e-23	3.500862e-23	2.569472e-23	2.087070e-23	1.932535e-23	1.792750e-23	1.385753e-23	9.145510e-24	5.115273e-24	2.448738e-24	1.054998e-24	3.931467e-25	1.324750e-25	5.220705e-26	2.441447e-26	1.410112e-26	8.857434e-27	4.784529e-27	2.139229e-27	8.352312e-28	2.972686e-28	9.747892e-29	2.936472e-29	8.120604e-30	2.070977e-30	4.911533e-31	1.095346e-31	2.329939e-32	4.821942e-33	1.012466e-33	2.566146e-34	
R118	2.529953e-05	7.490975e-04	3.439639e-03	3.685094e-01	4.450148e+00	1.955226e+01	1.191436e+02	7.424238e+02	5.008650e+04	7.196755e+03	1.826169e+03	7.544438e+02	5.898042e+02	6.032155e+02	6.460329e+02	6.697398e+02	6.632976e+02	6.352767e+02	5.880426e+02	5.289051e+02	4.570252e+02	3.829645e+02	3.194242e+02	2.674902e+02	2.225438e+02	1.747187e+02	1.283780e+02	7.463719e+01	3.268798e+01	1.204654e+01	4.106383e+00	1.345473e+00	4.361265e-01	1.641429e-01	9.028865e-02	6.249095e-02	4.024566e-02	2.138588e-02	9.237227e-03	3.292353e-03	9.890221e-04	2.555570e-04	5.780835e-05	1.160541e-05	2.080525e-06	3.281554e-07	4.155932e-08	2.056352e-09	7.190845e-13	8.820064e-15	
R119	4.423190e-39	7.789893e-38	5.284132e-37	9.470988e-36	3.702504e-35	5.395282e-35	2.546646e-34	1.964636e-32	1.815571e-30	3.677027e-29	9.261419e-30	1.873896e-30	8.047563e-31	5.585157e-31	4.171051e-31	2.791495e-31	1.727753e-31	1.116695e-31	7.948056e-32	6.757148e-32	6.436188e-32	6.531033e-32	6.821162e-32	6.751577e-32	5.780046e-32	4.297578e-32	1.109465e-30	7.214521e-29	1.977409e-28	4.940059e-28	8.572656e-28	1.668097e-27	3.070892e-27	3.795651e-27	3.160822e-27	1.895189e-27	8.799844e-28	3.364538e-28	1.115865e-28	3.554629e-29	1.621100e-29	1.599235e-29	2.719658e-29	7.075982e-29	1.922481e-28	4.374627e-28	8.173785e-28	2.910171e-27	4.255559e-28	2.243155e-29	
R120	8.510206e-77	5.110253e-79	3.409897e-81	1.025644e-82	3.219221e-84	3.597556e-86	5.645267e-88	4.810016e-90	3.968441e-93	6.750790e-97	7.960712e-105	2.866129e-114	2.124587e-121	9.041106e-126	1.936574e-129	3.009958e-133	1.349361e-136	8.627146e-139	6.696285e-140	5.994995e-140	8.338357e-140	1.169071e-139	1.623521e-138	1.973222e-136	1.382172e-134	9.209985e-134	1.131826e-133	2.367331e-133	1.847148e-132	1.865544e-131	3.499751e-131	5.694762e-132	1.821373e-132	3.630849e-132	5.158777e-132	5.424442e-132	4.402646e-132	2.860979e-132	1.536774e-132	7.019142e-133	2.794448e-133	9.903101e-134	3.178535e-134	9.371974e-135	2.569120e-135	6.616961e-136	1.616494e-136	3.779220e-137	8.591732e-138	2.179595e-138	
R121	2.559672e-60	5.556625e-62	9.896987e-64	1.446962e-65	1.686673e-67	1.437225e-69	1.500115e-71	8.967528e-74	1.333763e-76	8.737672e-80	8.426681e-87	5.474792e-95	5.866610e-101	1.224437e-104	8.215496e-108	3.831586e-111	4.201470e-114	4.335628e-116	3.771207e-117	2.697695e-117	2.842200e-117	3.059264e-117	2.453995e-116	1.311351e-114	4.414255e-113	2.032319e-112	2.399663e-112	4.726788e-112	2.150912e-111	1.033190e-110	1.108202e-110	1.545953e-111	3.867941e-112	4.352318e-112	3.436228e-112	1.966163e-112	8.444213e-113	2.816088e-113	7.580176e-114	1.732882e-114	3.612695e-115	7.508467e-116	1.671406e-116	4.018735e-117	1.001215e-117	2.478862e-118	5.970421e-119	1.391560e-119	3.174898e-120	8.118479e-121	
R122	6.790815e-36	4.111621e-37	2.252914e-38	1.116658e-39	4.863958e-41	1.767295e-42	1.044370e-43	4.760131e-45	8.186779e-47	1.676679e-50	5.621369e-56	1.184483e-61	1.504595e-65	7.452881e-68	8.730514e-70	8.334542e-72	1.390185e-73	9.581096e-75	2.533576e-75	2.492233e-75	2.809623e-75	2.833071e-75	9.780595e-75	1.099951e-73	8.581239e-73	1.709395e-72	1.344722e-72	1.049887e-72	1.134926e-72	1.185095e-72	6.185340e-73	1.181440e-73	6.538147e-74	1.279941e-73	1.906704e-73	2.131681e-73	1.851430e-73	1.294984e-73	7.531795e-74	3.746617e-74	1.633528e-74	6.374413e-75	2.265805e-75	7.445987e-76	2.291236e-76	6.675923e-77	1.860306e-77	5.007316e-78	1.330481e-78	4.036479e-79	
R123	1.789179e-02	1.736041e-02	1.636583e-02	1.483374e-02	1.306146e-02	1.149429e-02	1.169854e-02	8.356915e-03	8.521236e-03	7.066908e-04	1.845307e-05	2.668232e-06	1.078047e-06	6.605587e-07	4.566320e-07	3.187562e-07	2.233564e-07	1.587736e-07	1.149381e-07	8.407055e-08	5.896549e-08	3.886239e-08	2.543252e-08	1.681389e-08	1.096559e-08	6.712942e-09	8.774061e-09	1.267878e-06	1.168459e-05	6.517385e-05	1.874770e-04	5.153196e-04	1.296869e-03	2.264748e-03	2.742022e-03	2.429018e-03	1.658125e-03	9.104268e-04	4.166766e-04	1.638266e-04	5.676959e-05	1.771700e-05	5.072263e-06	1.353577e-06	3.414929e-07	8.250661e-08	1.933207e-08	4.578461e-09	1.394140e-08	7.114863e-09	
R124	3.880227e-29	1.989656e-29	8.070594e-30	2.740171e-30	7.489161e-31	1.633104e-31	3.451620e-32	6.473806e-33	8.091111e-34	2.556690e-35	3.015614e-38	2.169308e-41	1.531210e-43	8.002322e-45	6.507243e-46	4.308514e-47	3.471073e-48	5.760011e-49	2.024029e-49	1.614636e-49	1.628201e-49	1.760929e-49	3.653808e-49	1.273397e-48	3.296331e-48	4.123013e-48	1.144176e-46	7.504078e-45	2.143718e-44	5.022651e-44	5.494296e-44	3.509395e-44	2.680260e-44	2.610444e-44	1.853637e-44	1.010479e-44	4.451886e-45	1.653591e-45	5.384417e-46	1.689503e-46	7.586578e-47	7.353758e-47	1.225224e-46	3.113112e-46	8.233408e-46	1.818467e-45	3.290648e-45	1.133781e-44	1.607559e-45	8.281085e-47	
R125	0.000000e+00	0.000000e+00	0.000000e+00	0.000000e+00	0.000000e+00	0.000000e+00	0.000000e+00	0.000000e+00	0.000000e+00	9.074014e-58	0.000000e+00	0.000000e+00	3.145492e-60	4.098773e-60	0.000000e+00	0.000000e+00	0.000000e+00	0.000000e+00	0.000000e+00	0.000000e+00	0.000000e+00	7.795773e-58	0.000000e+00	8.162290e-58	2.734467e-57	1.408732e-57	2.482000e-56	3.657811e-54	1.861819e-53	1.793295e-52	9.499275e-52	1.115434e-50	6.095648e-50	4.776529e-49	3.578204e-49	6.649487e-49	2.406790e-49	1.181829e-49	3.051339e-50	5.727535e-51	8.704943e-52	1.144405e-51	7.684758e-51	2.143116e-50	3.019073e-50	2.584183e-50	1.503292e-50	0.000000e+00	0.000000e+00	0.000000e+00	
R126	0.000000e+00	0.000000e+00	0.000000e+00	0.000000e+00	0.000000e+00	0.000000e+00	0.000000e+00	0.000000e+00	0.000000e+00	2.030030e-62	0.000000e+00	0.000000e+00	8.095118e-64	8.838351e-64	0.000000e+00	0.000000e+00	0.000000e+00	0.000000e+00	0.000000e+00	0.000000e+00	0.000000e+00	2.788338e-63	0.000000e+00	5.839943e-64	8.502330e-64	1.994571e-64	1.687933e-63	1.231494e-61	3.239624e-61	1.701776e-60	5.270541e-60	3.906278e-59	1.286649e-58	5.512649e-58	2.175204e-58	2.038241e-58	3.543141e-59	7.929958e-60	8.840113e-61	6.785663e-62	3.997720e-63	1.933064e-63	4.532207e-63	4.183940e-63	1.837072e-63	4.494853e-64	6.192016e-65	0.000000e+00	0.000000e+00	0.000000e+00	
R127	2.163354e-17	3.543671e-17	5.516189e-17	4.339683e-16	4.464009e-15	2.419639e-14	1.222389e-13	4.509639e-13	1.091746e-12	3.638971e-13	3.028737e-14	3.146391e-15	8.957657e-16	7.826296e-16	1.096238e-15	1.741699e-15	2.903758e-15	4.926674e-15	7.959812e-15	1.165804e-14	1.552071e-14	1.832644e-14	1.771159e-14	1.427249e-14	1.044539e-14	5.942813e-15	2.344224e-15	1.254486e-15	1.619316e-15	3.580202e-15	6.710569e-15	1.482186e-14	3.265638e-14	5.150840e-14	6.042953e-14	5.594794e-14	4.289844e-14	2.795654e-14	1.571119e-14	7.724639e-15	3.380571e-15	1.340582e-15	4.894089e-16	1.666449e-16	5.349900e-17	1.634779e-17	4.798104e-18	1.366067e-18	3.856816e-19	1.252898e-19	
R128	1.244018e-37	7.256217e-38	3.755084e-38	9.036439e-38	2.558077e-37	3.318753e-37	3.561454e-37	2.278793e-37	5.805711e-38	7.910605e-40	6.199220e-43	3.227208e-46	1.912216e-48	1.556318e-49	2.871117e-50	5.402251e-51	1.400334e-51	7.405053e-52	7.269784e-52	1.251948e-51	2.216539e-51	3.514028e-51	8.602780e-51	3.173303e-50	9.155227e-50	1.130057e-49	6.418126e-50	4.845877e-50	9.478030e-50	2.920122e-49	5.099465e-49	5.262963e-49	6.504192e-49	1.025896e-48	1.203579e-48	1.114318e-48	8.544108e-49	5.568120e-49	3.129208e-49	1.538521e-49	6.733104e-50	2.670044e-50	9.747586e-51	3.319076e-51	1.065543e-51	3.255999e-52	9.556411e-53	2.720804e-53	7.681644e-54	2.495405e-54	
R129	2.226499e-22	5.626471e-23	1.753997e-23	2.704618e-23	5.032228e-23	4.268532e-23	2.900962e-23	1.129800e-23	1.789641e-24	1.807256e-26	1.685236e-29	1.402476e-32	1.052954e-34	8.256405e-36	1.384921e-36	2.420829e-37	5.556427e-38	2.306032e-38	1.598916e-38	1.780127e-38	2.103502e-38	2.403295e-38	4.181255e-38	1.096372e-37	2.566952e-37	3.278050e-37	2.447989e-37	2.839172e-37	8.252403e-37	3.458201e-36	8.146598e-36	1.231612e-35	2.046251e-35	3.682734e-35	4.657607e-35	4.304120e-35	3.026875e-35	1.680211e-35	7.623159e-36	2.921655e-36	9.740090e-37	2.894425e-37	7.820181e-38	1.951967e-38	4.561072e-39	1.008863e-39	2.132368e-40	4.343176e-41	8.667703e-42	1.946253e-42	
R130	2.105719e-03	4.513226e-03	8.731687e-03	1.596188e-02	2.785441e-02	4.579865e-02	9.698074e-02	1.681711e-01	1.393822e-01	6.386830e-06	1.701420e-08	3.675837e-10	6.541470e-11	4.867336e-11	6.451019e-11	1.035991e-10	1.797478e-10	3.185274e-10	5.449531e-10	8.731353e-10	1.217733e-09	1.577370e-09	2.386894e-09	4.786561e-09	1.242659e-08	3.512891e-08	1.042527e-07	2.630061e-07	5.003203e-07	7.342538e-07	8.598049e-07	8.081591e-07	6.704458e-07	5.186677e-07	3.558773e-07	2.188298e-07	1.226562e-07	6.401119e-08	3.177307e-08	1.526235e-08	7.178614e-09	3.329145e-09	1.527992e-09	6.953466e-10	3.139549e-10	1.406196e-10	6.241428e-11	2.739048e-11	1.183581e-11	4.998534e-12	
R131	1.271948e-09	8.312954e-10	6.905810e-10	9.382580e-09	5.201417e-08	1.166877e-07	1.878786e-07	1.606070e-07	8.120500e-08	1.161743e-09	1.804637e-11	7.165763e-13	1.264447e-13	6.081913e-14	3.824305e-14	2.412401e-14	1.609181e-14	1.230921e-14	1.042211e-14	9.532741e-15	8.662374e-15	7.674044e-15	7.198577e-15	7.255412e-15	7.260312e-15	5.939884e-15	4.000142e-15	4.057506e-15	6.493220e-15	1.251957e-14	1.688944e-14	2.302697e-14	3.122376e-14	3.189166e-14	2.257722e-14	1.147061e-14	4.330723e-15	1.258669e-15	2.940399e-16	5.847723e-17	1.070209e-17	1.982171e-18	4.013114e-19	9.000619e-20	2.154359e-20	5.295660e-21	1.311737e-21	3.263624e-22	8.304785e-23	2.512167e-23	
R132	1.245135e-10	8.174727e-11	6.823170e-11	9.316440e-10	5.192046e-09	1.171414e-08	1.897404e-08	1.632653e-08	8.322212e-09	1.203761e-10	1.898220e-12	7.657352e-14	1.365872e-14	6.611589e-15	4.179313e-15	2.650606e-15	1.776211e-15	1.362529e-15	1.155021e-15	1.056048e-15	9.589720e-16	8.489561e-16	7.945636e-16	7.978437e-16	7.956423e-16	6.496599e-16	4.370975e-16	4.429736e-16	7.081293e-16	1.364168e-15	1.840660e-15	2.514489e-15	3.414616e-15	3.487657e-15	2.469035e-15	1.254420e-15	4.736059e-16	1.376474e-16	3.215607e-17	6.395043e-18	1.170376e-18	2.167693e-19	4.388723e-20	9.843036e-21	2.355997e-21	5.791310e-22	1.434510e-22	3.569084e-23	9.082076e-24	2.747294e-24	
R133	5.141450e-03	9.837541e-03	1.805570e-02	3.222708e-02	5.638991e-02	9.521221e-02	2.219321e-01	4.710421e-01	7.050354e-01	1.238782e-05	1.378140e-07	2.812411e-08	3.804123e-08	6.604967e-08	1.330880e-07	2.651104e-07	4.833668e-07	7.496402e-07	9.742413e-07	1.038233e-06	9.048972e-07	6.883363e-07	5.139760e-07	3.881325e-07	2.888643e-07	2.065668e-07	1.572008e-07	1.733855e-07	2.737299e-07	5.205355e-07	9.860393e-07	1.764503e-06	2.619516e-06	3.012544e-06	2.603801e-06	1.755450e-06	9.648015e-07	4.551128e-07	1.953621e-07	8.069189e-08	3.333218e-08	1.399356e-08	5.975807e-09	2.583902e-09	1.125573e-09	4.917810e-10	2.146366e-10	9.317442e-11	4.001625e-11	1.686750e-11	
R134	2.804427e-03	5.365931e-03	9.848563e-03	1.757841e-02	3.075813e-02	5.193394e-02	1.210539e-01	2.569320e-01	3.845647e-01	6.756991e-06	7.517130e-08	1.534042e-08	2.074976e-08	3.602709e-08	7.259344e-08	1.446056e-07	2.636546e-07	4.088946e-07	5.314043e-07	5.663091e-07	4.935803e-07	3.754562e-07	2.803505e-07	2.117086e-07	1.575624e-07	1.126728e-07	8.574590e-08	9.457389e-08	1.493072e-07	2.839285e-07	5.378396e-07	9.624560e-07	1.428827e-06	1.643206e-06	1.420255e-06	9.575183e-07	5.262554e-07	2.482434e-07	1.065612e-07	4.401376e-08	1.818119e-08	7.632851e-09	3.259531e-09	1.409401e-09	6.139488e-10	2.682442e-10	1.170745e-10	5.082241e-11	2.182705e-11	9.200456e-12	
R135	6.912303e-11	4.786974e-11	2.968608e-11	1.624232e-11	7.979844e-12	3.543775e-12	1.068340e-12	1.851115e-13	2.955045e-14	5.066622e-16	1.184564e-18	4.723199e-21	1.962376e-22	4.204171e-23	1.342886e-23	4.179328e-24	1.490262e-24	7.517298e-25	5.175002e-25	4.788306e-25	4.593354e-25	4.328191e-25	5.453481e-25	9.110050e-25	1.433227e-24	1.528602e-24	1.199268e-24	1.425246e-24	2.675300e-24	5.784623e-24	7.657071e-24	8.234071e-24	9.287818e-24	9.435321e-24	6.630893e-24	3.334439e-24	1.240834e-24	3.534836e-25	8.036708e-26	1.541657e-26	2.691362e-27	4.690470e-28	8.789127e-29	1.788977e-29	3.799129e-30	8.077922e-31	1.683321e-31	3.418071e-32	6.845843e-33	1.549430e-33	
R136	4.328993e-02	2.112792e-02	9.948360e-03	4.794104e-03	2.389957e-03	1.230815e-03	1.001669e-03	5.753953e-04	2.241456e-04	4.743392e-09	3.545588e-11	1.104098e-12	2.096836e-13	1.077546e-13	7.276198e-14	4.794147e-14	3.273893e-14	2.571155e-14	2.303405e-14	2.333142e-14	2.325784e-14	2.230616e-14	2.432014e-14	2.980334e-14	3.486993e-14	3.204934e-14	2.392137e-14	1.656482e-14	1.195990e-14	7.898110e-15	4.179444e-15	1.623361e-15	6.348433e-16	2.881622e-16	1.236400e-16	4.932073e-17	1.796718e-17	5.912075e-18	1.757768e-18	4.773078e-19	1.204431e-19	2.880432e-20	6.643645e-21	1.494664e-21	3.295130e-22	7.135501e-23	1.525922e-23	3.257744e-24	7.393270e-25	2.189852e-25	
R137	7.081869e+00	3.744507e+00	1.920349e+00	1.014452e+00	5.589458e-01	3.216092e-01	2.951459e-01	1.942154e-01	9.009049e-02	2.442964e-06	2.622081e-08	1.231224e-09	3.157248e-10	1.950381e-10	1.541216e-10	1.198187e-10	9.452882e-11	8.126277e-11	7.566800e-11	7.568818e-11	7.379979e-11	6.918103e-11	7.018182e-11	7.643479e-11	8.040401e-11	6.959218e-11	5.049532e-11	3.404537e-11	2.380140e-11	1.531873e-11	8.150814e-12	3.358330e-12	1.373561e-12	6.234739e-13	2.675102e-13	1.067114e-13	3.887418e-14	1.279149e-14	3.803146e-15	1.032713e-15	2.605934e-16	6.232165e-17	1.437433e-17	3.233887e-18	7.129414e-19	1.543852e-19	3.301517e-20	7.048526e-21	1.599624e-21	4.738011e-22	
R138	1.151870e+01	6.090464e+00	3.123459e+00	1.650012e+00	9.091287e-01	5.230994e-01	4.800565e-01	3.158925e-01	1.465327e-01	3.973495e-06	4.264831e-08	2.002593e-09	5.135284e-10	3.172306e-10	2.506797e-10	1.948858e-10	1.537517e-10	1.321744e-10	1.230745e-10	1.231073e-10	1.200358e-10	1.125234e-10	1.141511e-10	1.243216e-10	1.307776e-10	1.131921e-10	8.213094e-11	5.537500e-11	3.871312e-11	2.491600e-11	1.325735e-11	5.462343e-12	2.234105e-12	1.014084e-12	4.351070e-13	1.735667e-13	6.322910e-14	2.080544e-14	6.185839e-15	1.679715e-15	4.238567e-16	1.013665e-16	2.337994e-17	5.259936e-18	1.159603e-18	2.511085e-19	5.369938e-20	1.146447e-20	2.601798e-21	7.706403e-22	
R140	1.333937e-01	1.409092e-01	1.368556e-01	1.209756e-01	9.901073e-02	7.587309e-02	3.849433e-02	1.064376e-02	3.531403e-03	1.555997e-04	2.419073e-06	9.777852e-08	2.084387e-08	1.197996e-08	8.851530e-09	6.647279e-09	5.105445e-09	4.159708e-09	3.509607e-09	3.030679e-09	2.580367e-09	2.150711e-09	1.844781e-09	1.643399e-09	1.466831e-09	1.135759e-09	7.626851e-10	4.831376e-10	3.227445e-10	2.016962e-10	1.073997e-10	4.637372e-11	1.965822e-11	8.914587e-12	3.822333e-12	1.524110e-12	5.551010e-13	1.826440e-13	5.430621e-14	1.474805e-14	3.721911e-15	8.901476e-16	2.052921e-16	4.616894e-17	1.016856e-17	2.197359e-18	4.680877e-19	9.921439e-20	2.224267e-20	6.746465e-21	
R141	6.669683e-03	7.045461e-03	6.842778e-03	6.048779e-03	4.950537e-03	3.793654e-03	1.924717e-03	5.321882e-04	1.765701e-04	7.779987e-06	1.209536e-07	4.888926e-09	1.042193e-09	5.989979e-10	4.425765e-10	3.323640e-10	2.552722e-10	2.079854e-10	1.754803e-10	1.515340e-10	1.290184e-10	1.075356e-10	9.223907e-11	8.216993e-11	7.334153e-11	5.678794e-11	3.813425e-11	2.415688e-11	1.613723e-11	1.008481e-11	5.369987e-12	2.318686e-12	9.829112e-13	4.457293e-13	1.911166e-13	7.620551e-14	2.775505e-14	9.132201e-15	2.715311e-15	7.374025e-16	1.860956e-16	4.450738e-17	1.026461e-17	2.308447e-18	5.084279e-19	1.098679e-19	2.340439e-20	4.960719e-21	1.112134e-21	3.373232e-22	
R142	1.568230e-02	1.414892e-02	8.732533e-03	4.793959e-03	3.618939e-03	4.500610e-03	7.052522e-03	7.068472e-03	5.598480e-03	2.307180e-05	1.468665e-07	1.164132e-08	5.955373e-09	6.334761e-09	8.783983e-09	1.274564e-08	1.846445e-08	2.602487e-08	3.590023e-08	4.803730e-08	6.133060e-08	7.433553e-08	8.938188e-08	1.044044e-07	1.140970e-07	1.094857e-07	9.896025e-08	1.031706e-07	1.205421e-07	1.268683e-07	1.097576e-07	7.583290e-08	5.050258e-08	3.517223e-08	2.266051e-08	1.324943e-08	6.911377e-09	3.184848e-09	1.297080e-09	4.717128e-10	1.558716e-10	4.776650e-11	1.383309e-11	3.835591e-12	1.025299e-12	2.656468e-13	6.732030e-14	1.695096e-14	4.504633e-15	1.520197e-15	
R143	1.943334e-01	1.753713e-01	1.406090e-01	9.684279e-02	5.682617e-02	2.833244e-02	7.186283e-03	1.132658e-03	1.633845e-04	2.214649e-07	5.871990e-09	4.014166e-10	9.582167e-11	4.835325e-11	2.999078e-11	1.829763e-11	1.191048e-11	9.229258e-12	8.480232e-12	9.215694e-12	1.017544e-11	1.110621e-11	1.457489e-11	2.269404e-11	3.405300e-11	4.218138e-11	4.471969e-11	4.094674e-11	3.183960e-11	2.095717e-11	1.121870e-11	4.653124e-12	1.904642e-12	8.583662e-13	3.640748e-13	1.426153e-13	5.051932e-14	1.595610e-14	4.478926e-15	1.123713e-15	2.545712e-16	5.267243e-17	1.006322e-17	1.793321e-18	3.008414e-19	4.789564e-20	7.284579e-21	1.063754e-21	1.506956e-22	2.353473e-23	
R145	6.826423e-17	3.671999e-16	1.454853e-15	4.601816e-15	1.151629e-14	2.438102e-14	2.603111e-14	1.241256e-14	8.665280e-15	3.544077e-19	3.595890e-21	1.810830e-21	3.835759e-21	1.369491e-20	6.452041e-20	3.232980e-19	1.641600e-18	8.308640e-18	4.310671e-17	2.252487e-16	1.082265e-15	4.670300e-15	1.996154e-14	7.993878e-14	2.664203e-13	7.673005e-13	8.020748e-11	2.028833e-08	1.663238e-07	9.151086e-07	2.797282e-06	8.394885e-06	2.335256e-05	4.557144e-05	6.184615e-05	6.120157e-05	4.618859e-05	2.763494e-05	1.358571e-05	5.672690e-06	2.071198e-06	6.776146e-07	2.026778e-07	5.635601e-08	1.477315e-08	3.694220e-09	8.900114e-10	2.087372e-10	7.085628e-11	2.440225e-11	
R146	1.314688e-08	2.692422e-08	5.050219e-08	8.217490e-08	1.157000e-07	1.471309e-07	1.384879e-07	6.909343e-08	4.606903e-08	5.642901e-11	4.210208e-13	5.034490e-14	3.785043e-14	5.752494e-14	1.099666e-13	2.194925e-13	4.367848e-13	8.495173e-13	1.617625e-12	2.973786e-12	5.090242e-12	8.028483e-12	1.224170e-11	1.826148e-11	2.674783e-11	3.636226e-11	1.029755e-10	2.815597e-08	4.105138e-07	3.177707e-06	1.186410e-05	4.161469e-05	1.275829e-04	2.572262e-04	3.555167e-04	3.554519e-04	2.698447e-04	1.620086e-04	7.981262e-05	3.336999e-05	1.219484e-05	3.992192e-06	1.194642e-06	3.322993e-07	8.713540e-08	2.179658e-08	5.255536e-09	1.267711e-09	3.861604e-09	1.907694e-09	
R148	6.723733e+04	8.712060e+04	9.473407e+04	8.643107e+04	6.539562e+04	4.195587e+04	1.893472e+04	5.257000e+03	8.533740e+02	5.855009e-01	8.276683e-03	4.228393e-04	1.543199e-04	1.370437e-04	1.540150e-04	1.769314e-04	2.002213e-04	2.208249e-04	2.387515e-04	2.548613e-04	2.573207e-04	2.490165e-04	2.537324e-04	2.720458e-04	2.845023e-04	2.706613e-04	2.426858e-04	1.964417e-04	1.361081e-04	8.419028e-05	5.260706e-05	4.640116e-05	7.654637e-05	1.333522e-04	1.770900e-04	1.745525e-04	1.315883e-04	7.858575e-05	3.849318e-05	1.597704e-05	5.782515e-06	1.868823e-06	5.497669e-07	1.494914e-07	3.803400e-08	9.139268e-09	2.088168e-09	4.560078e-10	9.678366e-11	2.285753e-11	
R149	2.230471e-07	1.364202e-07	7.623505e-08	3.768989e-08	1.636149e-08	6.255586e-09	1.882010e-09	3.482790e-10	5.121661e-11	7.506514e-15	3.153899e-18	1.018304e-20	6.213451e-22	2.133868e-22	1.188638e-22	6.690754e-23	4.363801e-23	3.898219e-23	4.625811e-23	7.078182e-23	1.005240e-22	1.241139e-22	1.939263e-22	3.850615e-22	6.684176e-22	7.441771e-22	5.887106e-22	4.101204e-22	2.932883e-22	2.009990e-22	1.194631e-22	7.407913e-23	9.578377e-23	1.692893e-22	2.244795e-22	2.205610e-22	1.659837e-22	9.917238e-23	4.871927e-23	2.033581e-23	7.424564e-24	2.429454e-24	7.269251e-25	2.022279e-25	5.304320e-26	1.327278e-26	3.199998e-27	7.503911e-28	1.750287e-28	4.700061e-29	
R150	4.321993e-07	3.414768e-07	2.249050e-07	1.227493e-07	5.662508e-08	2.355927e-08	8.620526e-09	3.483113e-09	2.559621e-09	1.656777e-10	7.753058e-13	1.849977e-14	3.141865e-15	1.743216e-15	1.258664e-15	8.890786e-16	6.020249e-16	3.938199e-16	2.418383e-16	1.372925e-16	6.938862e-17	3.141113e-17	1.353286e-17	5.803765e-18	2.525430e-18	1.113567e-18	5.439405e-19	2.714033e-19	1.052726e-19	3.061379e-20	7.497722e-21	1.719679e-21	3.981199e-22	1.046429e-22	3.031736e-23	8.126005e-24	1.809485e-24	3.254950e-25	4.788797e-26	5.939619e-27	6.452663e-28	6.399942e-29	6.030976e-30	5.557437e-31	5.026123e-32	4.295401e-33	3.038822e-34	7.343031e-36	4.990415e-39	8.586526e-42	
R152	9.320621e+02	1.036990e+03	9.620051e+02	7.373503e+02	4.744332e+02	2.676616e+02	8.990212e+01	1.726063e+01	2.084496e+00	1.557088e-05	3.264075e-07	2.893052e-07	5.674722e-07	1.038124e-06	1.980940e-06	3.769642e-06	6.668304e-06	1.045321e-05	1.509152e-05	2.035202e-05	2.601107e-05	3.197644e-05	3.895074e-05	4.662635e-05	5.521971e-05	6.771086e-05	8.994417e-05	1.170754e-04	1.167610e-04	8.826397e-05	5.692083e-05	3.458272e-05	2.024107e-05	1.210067e-05	7.699492e-06	4.889193e-06	2.869256e-06	1.490849e-06	6.804676e-07	2.761788e-07	1.016179e-07	3.452062e-08	1.096913e-08	3.284852e-09	9.317547e-10	2.521806e-10	6.591310e-11	1.690893e-11	4.568169e-12	1.670862e-12	
R153	5.148500e+02	5.733300e+02	5.323755e+02	4.084565e+02	2.630903e+02	1.485968e+02	4.997040e+01	9.606582e+00	1.162033e+00	8.699324e-06	1.829102e-07	1.626320e-07	3.196928e-07	5.855832e-07	1.118583e-06	2.130913e-06	3.772938e-06	5.917783e-06	8.545674e-06	1.152357e-05	1.472578e-05	1.810042e-05	2.203832e-05	2.636143e-05	3.119845e-05	3.824075e-05	5.078787e-05	6.609608e-05	6.590445e-05	4.981103e-05	3.212397e-05	1.952487e-05	1.143119e-05	6.833874e-06	4.348303e-06	2.761182e-06	1.620418e-06	8.419601e-07	3.842954e-07	1.559725e-07	5.738894e-08	1.949559e-08	6.194837e-09	1.855127e-09	5.262103e-10	1.424195e-10	3.722455e-11	9.549349e-12	2.579883e-12	9.436229e-13	
R154	3.217812e+01	3.583313e+01	3.327347e+01	2.552853e+01	1.644314e+01	9.287302e+00	3.123150e+00	6.004114e-01	7.262709e-02	5.437078e-07	1.143188e-08	1.016450e-08	1.998080e-08	3.659895e-08	6.991142e-08	1.331820e-07	2.358086e-07	3.698614e-07	5.341046e-07	7.202234e-07	9.203616e-07	1.131276e-06	1.377395e-06	1.647589e-06	1.949903e-06	2.390047e-06	3.174242e-06	4.131005e-06	4.119028e-06	3.113190e-06	2.007748e-06	1.220304e-06	7.144491e-07	4.271172e-07	2.717689e-07	1.725739e-07	1.012761e-07	5.262250e-08	2.401846e-08	9.748282e-09	3.586809e-09	1.218474e-09	3.871773e-10	1.159454e-10	3.288814e-11	8.901217e-12	2.326535e-12	5.968343e-13	1.612427e-13	5.897643e-14	
R155	7.895830e-14	3.369431e-12	2.052377e-11	2.598552e-09	3.335934e-08	1.423304e-07	4.635863e-07	9.096726e-07	2.643115e-05	1.501696e-05	3.290089e-07	2.834548e-08	1.466902e-08	1.596282e-08	2.134763e-08	2.927997e-08	3.821650e-08	4.474905e-08	4.631345e-08	4.127794e-08	3.067283e-08	1.898435e-08	9.839274e-09	4.453344e-09	1.895810e-09	7.292211e-10	2.593111e-10	8.289899e-11	2.609404e-11	8.258571e-12	2.873254e-12	1.558276e-12	1.537723e-12	1.424655e-12	9.606677e-13	4.625138e-13	1.633707e-13	4.370456e-14	9.152318e-15	1.551001e-15	2.197221e-16	2.694121e-17	3.005883e-18	3.351761e-19	4.333929e-20	7.146856e-21	1.406610e-21	2.967641e-22	6.903147e-23	2.239576e-23	
R156	1.928816e-26	4.379876e-25	1.362047e-24	8.373149e-23	4.896634e-22	8.748074e-22	1.110475e-21	7.515072e-22	5.567536e-21	4.555745e-22	5.934392e-25	2.088987e-27	1.047482e-28	2.729645e-29	1.077741e-29	4.096887e-30	1.746670e-30	1.015087e-30	7.788291e-31	7.650893e-31	6.747279e-31	4.984894e-31	4.516397e-31	5.100735e-31	4.954310e-31	3.036529e-31	1.344545e-31	5.287524e-32	2.137205e-32	8.259117e-33	2.753656e-33	9.447959e-34	6.584130e-34	6.100000e-34	4.113328e-34	1.980364e-34	6.995108e-35	1.871315e-35	3.918784e-36	6.640980e-37	9.407927e-38	1.153553e-38	1.287041e-39	1.435137e-40	1.855675e-41	3.060097e-42	6.022739e-43	1.270667e-43	2.955747e-44	9.589280e-45	
R157	9.210853e+03	8.252480e+03	6.724245e+03	4.739825e+03	2.827125e+03	1.427853e+03	4.336105e+02	8.985534e+01	1.414606e+01	3.483902e-02	9.499453e-04	5.693129e-05	1.232839e-05	5.948401e-06	3.550786e-06	2.066720e-06	1.291583e-06	9.844970e-07	9.103330e-07	1.018964e-06	1.161255e-06	1.306224e-06	1.809004e-06	3.043551e-06	4.907359e-06	6.377298e-06	7.005365e-06	6.682431e-06	5.472905e-06	3.810793e-06	2.133374e-06	9.007620e-07	3.787069e-07	1.801509e-07	8.094398e-08	3.373367e-08	1.278122e-08	4.344223e-09	1.320761e-09	3.612192e-10	8.978243e-11	2.051734e-11	4.360019e-12	8.706610e-13	1.649179e-13	2.986805e-14	5.204856e-15	8.773104e-16	1.451809e-16	2.694484e-17	
R159	7.114972e+02	8.145704e+02	7.745708e+02	5.935329e+02	3.685662e+02	1.885576e+02	4.094483e+01	3.771688e+00	1.788128e-01	7.060195e-05	8.778361e-07	3.709161e-08	5.175738e-09	1.363467e-09	4.464478e-10	1.638842e-10	9.514667e-11	1.060552e-10	1.716350e-10	3.273993e-10	6.231421e-10	1.158000e-09	2.367890e-09	5.310027e-09	1.132599e-08	2.028946e-08	3.233900e-08	4.095970e-08	3.616142e-08	2.227893e-08	1.040382e-08	4.039786e-09	1.532194e-09	6.180392e-10	2.600945e-10	1.116263e-10	4.579573e-11	1.713761e-11	5.767517e-12	1.757896e-12	4.923859e-13	1.284978e-13	3.153724e-14	7.315573e-15	1.608273e-15	3.361570e-16	6.713498e-17	1.291798e-17	2.483255e-18	5.615899e-19	
R160	5.896258e-19	6.696271e-18	6.571273e-17	1.134919e-15	7.366287e-15	2.539221e-14	3.857192e-13	4.289305e-11	6.589222e-09	1.884965e-08	2.944602e-10	9.291236e-12	1.967640e-12	1.306902e-12	1.137385e-12	9.990329e-13	8.307634e-13	6.401816e-13	4.403103e-13	2.627292e-13	1.314263e-13	5.503898e-14	1.935002e-14	5.981528e-15	1.731538e-15	4.282614e-16	8.364467e-17	1.146493e-17	1.226381e-18	1.189176e-19	1.232260e-20	1.960295e-21	5.919094e-22	1.786150e-22	4.048789e-23	6.664236e-24	8.130320e-25	7.571088e-26	5.562628e-27	3.336883e-28	1.689086e-29	7.448791e-31	2.962833e-32	1.110026e-33	4.133413e-35	1.601649e-36	6.358058e-38	2.120774e-39	5.985965e-41	1.760988e-42	
R161	7.114493e-19	8.079798e-18	7.928974e-17	1.369406e-15	8.888247e-15	3.063853e-14	4.654132e-13	5.175525e-11	7.950631e-09	2.274420e-08	3.552990e-10	1.121091e-11	2.374177e-12	1.576924e-12	1.372382e-12	1.205445e-12	1.002409e-12	7.724505e-13	5.312835e-13	3.170121e-13	1.585805e-13	6.641067e-14	2.334795e-14	7.217381e-15	2.089294e-15	5.167452e-16	1.009266e-16	1.383372e-17	1.479765e-18	1.434874e-19	1.486859e-20	2.365315e-21	7.142047e-22	2.155189e-22	4.885315e-23	8.041145e-24	9.810138e-25	9.135363e-26	6.711932e-27	4.026321e-28	2.038070e-29	8.987797e-31	3.574988e-32	1.339371e-33	4.987424e-35	1.932568e-36	7.671706e-38	2.558951e-39	7.222734e-41	2.124828e-42	
R162	1.050148e+06	1.212389e+06	1.324491e+06	1.325841e+06	1.196618e+06	9.941029e+05	7.902967e+05	5.405890e+05	2.549313e+05	4.659167e-01	4.388586e-03	4.970270e-04	3.540691e-04	5.405468e-04	1.042589e-03	2.041895e-03	3.935037e-03	7.452446e-03	1.383894e-02	2.505282e-02	4.304440e-02	7.082923e-02	1.191139e-01	2.033187e-01	3.418431e-01	5.216974e-01	6.944271e-01	6.311194e-01	3.622466e-01	1.531895e-01	5.499500e-02	1.805809e-02	5.768301e-03	2.150737e-03	1.192303e-03	8.516490e-04	5.809979e-04	3.363082e-04	1.632610e-04	6.774577e-05	2.462528e-05	8.020970e-06	2.386658e-06	6.592791e-07	1.713633e-07	4.238513e-08	1.006943e-08	2.317659e-09	5.279515e-10	1.365689e-10	
R163	1.146746e-20	4.312925e-17	2.351182e-16	3.221368e-14	2.761142e-13	6.938421e-13	1.220489e-12	2.052311e-12	1.513155e-12	8.596838e-14	4.225445e-15	2.838933e-16	8.157803e-17	5.626368e-17	4.800869e-17	4.079900e-17	3.589312e-17	3.517496e-17	3.739653e-17	4.290691e-17	4.882238e-17	5.440166e-17	6.681964e-17	9.306274e-17	1.306327e-16	1.565885e-16	1.687482e-16	1.724220e-16	1.687569e-16	1.545108e-16	1.212357e-16	8.438326e-17	6.511999e-17	4.850785e-17	2.927765e-17	1.453853e-17	6.288920e-18	2.554621e-18	1.041900e-18	4.397393e-19	1.907232e-19	8.328427e-20	3.599905e-20	1.524513e-20	6.293363e-21	2.529517e-21	9.922280e-22	3.822902e-22	1.464443e-22	5.697432e-23	
R164	2.403716e-25	7.162199e-22	3.047243e-21	3.199670e-19	2.053772e-18	3.748392e-18	4.666493e-18	5.312917e-18	2.376301e-18	6.655345e-20	1.170642e-21	2.463599e-23	3.039775e-24	1.250236e-24	6.864986e-25	3.670922e-25	2.156944e-25	1.641976e-25	1.567157e-25	1.862257e-25	2.253937e-25	2.677019e-25	4.021665e-25	7.789864e-25	1.472669e-24	2.088672e-24	2.436379e-24	2.682805e-24	2.874035e-24	2.828295e-24	2.185314e-24	1.289146e-24	8.773947e-25	6.535710e-25	3.944727e-25	1.958850e-25	8.473382e-26	3.441971e-26	1.403805e-26	5.924832e-27	2.569711e-27	1.122131e-27	4.850336e-28	2.054053e-28	8.479368e-29	3.408147e-29	1.336879e-29	5.150791e-30	1.973118e-30	7.676440e-31	
R165	3.564085e-01	1.736479e-01	7.376928e-02	2.576334e-02	7.137276e-03	1.537722e-03	1.857350e-04	1.366636e-05	5.672959e-07	2.059426e-10	3.308903e-13	7.799081e-16	1.567885e-17	1.755462e-18	3.002558e-19	4.679463e-20	9.248669e-21	3.426306e-21	2.328392e-21	2.884332e-21	3.926577e-21	5.307953e-21	1.309288e-20	5.657922e-20	2.135063e-19	4.488902e-19	6.199836e-19	7.357757e-19	7.858489e-19	6.808389e-19	3.726525e-19	1.016103e-19	3.141735e-20	1.616180e-20	8.201873e-21	4.103514e-21	2.015802e-21	9.694972e-22	4.567328e-22	2.113439e-22	9.634886e-23	4.336863e-23	1.929700e-23	8.492027e-24	3.696610e-24	1.591596e-24	6.775885e-25	2.850708e-25	1.184288e-25	4.857807e-26	
R166	1.056213e+02	4.697854e+01	2.157717e+01	8.078351e+00	2.371000e+00	5.321231e-01	6.396822e-02	4.324392e-03	1.505421e-04	3.839279e-08	3.301313e-11	3.809376e-14	5.151717e-16	5.325020e-17	9.120422e-18	1.411221e-18	2.955868e-19	1.339996e-19	1.003233e-19	1.153586e-19	1.394771e-19	1.644554e-19	3.005361e-19	8.242249e-19	2.014197e-18	3.118421e-18	3.364444e-18	2.998379e-18	2.258907e-18	1.346691e-18	5.340469e-19	1.191608e-19	2.785948e-20	9.084363e-21	2.801689e-21	8.141743e-22	2.212719e-22	5.594721e-23	1.316256e-23	2.894783e-24	5.991012e-25	1.174923e-25	2.197689e-26	3.944018e-27	6.826844e-28	1.144890e-28	1.866760e-29	2.968290e-30	4.661597e-31	8.261961e-32	
R167	6.442402e-02	1.684304e-01	3.845234e-01	7.353587e-01	1.152837e+00	1.534058e+00	1.251701e+00	7.333449e-01	6.536529e+01	2.133976e+02	9.556295e+00	3.755862e-01	5.304192e-02	2.556574e-02	1.605870e-02	9.899766e-03	6.131390e-03	4.187247e-03	3.002437e-03	2.232487e-03	1.635111e-03	1.172973e-03	8.550994e-04	6.429622e-04	4.774978e-04	2.750027e-04	1.089743e-04	2.231092e-05	2.948450e-06	3.241290e-07	3.284274e-08	3.124689e-09	2.868422e-10	2.563235e-11	2.214256e-12	1.858283e-13	1.496902e-14	1.143012e-15	8.227900e-17	5.584227e-18	3.581761e-19	2.188624e-20	1.344911e-21	1.130722e-22	2.320815e-23	8.658735e-24	3.664033e-24	1.595203e-24	7.805017e-25	5.145682e-25	
R168	8.052748e-03	2.091573e-02	4.741789e-02	9.000285e-02	1.399495e-01	1.845471e-01	1.491075e-01	8.639372e-02	7.591369e+00	2.428606e+01	1.055864e+00	4.012749e-02	5.529517e-03	2.625363e-03	1.628014e-03	9.901410e-04	6.060451e-04	4.108316e-04	2.936548e-04	2.185739e-04	1.603768e-04	1.152641e-04	8.452444e-05	6.417127e-05	4.807336e-05	2.782295e-05	1.105081e-05	2.267439e-06	3.004391e-07	3.309744e-08	3.352131e-09	3.173898e-10	2.902932e-11	2.594073e-12	2.240895e-13	1.880639e-14	1.514911e-15	1.156763e-16	8.326888e-18	5.651410e-19	3.624852e-20	2.214955e-21	1.361092e-22	1.144325e-23	2.348737e-24	8.762907e-25	3.708115e-25	1.614395e-25	7.898918e-26	5.207589e-26	
R169	7.394668e-25	6.758943e-24	2.524699e-23	2.336658e-22	4.382319e-22	2.762418e-22	3.055443e-22	3.387634e-21	2.877224e-20	1.091174e-21	2.704443e-23	9.301274e-25	1.326293e-25	5.309855e-26	2.727830e-26	1.329089e-26	7.266089e-27	5.534806e-27	5.799724e-27	8.366579e-27	1.257582e-26	1.874367e-26	3.873081e-26	1.095281e-25	2.905037e-25	5.559990e-25	8.731460e-25	1.241905e-24	1.600137e-24	1.774923e-24	1.482178e-24	8.094835e-25	4.387896e-25	2.864578e-25	1.704855e-25	9.381672e-26	4.857110e-26	2.404601e-26	1.153810e-26	5.420311e-27	2.509630e-27	1.149682e-27	5.221408e-28	2.352894e-28	1.052168e-28	4.667321e-29	2.051667e-29	8.919515e-30	3.821609e-30	1.604026e-30	
R171	5.217652e-17	6.971145e-16	3.900073e-15	5.568303e-14	1.672649e-13	1.774692e-13	3.445734e-13	7.206199e-12	1.380019e-10	1.652961e-11	2.175834e-12	4.928797e-13	2.771500e-13	2.566892e-13	2.695784e-13	2.784307e-13	2.928940e-13	3.360156e-13	4.193921e-13	5.715691e-13	7.773061e-13	1.044662e-12	1.557304e-12	2.579653e-12	4.221865e-12	6.150911e-12	8.495037e-12	1.070206e-11	1.190959e-11	1.175141e-11	1.006121e-11	7.185930e-12	4.775659e-12	3.117724e-12	1.855515e-12	1.021074e-12	5.286338e-13	2.617098e-13	1.255773e-13	5.899309e-14	2.731409e-14	1.251281e-14	5.682829e-15	2.560822e-15	1.145149e-15	5.079776e-16	2.232975e-16	9.707742e-17	4.159329e-17	1.745775e-17	
R172	3.782272e-01	4.083006e-01	4.169379e-01	3.790780e-01	2.898800e-01	1.851414e-01	8.254997e-02	2.946690e-02	1.068187e-02	1.759273e-06	4.121281e-08	4.169054e-09	1.527676e-09	1.218127e-09	1.153398e-09	1.054116e-09	9.349639e-10	8.434356e-10	7.635153e-10	6.919005e-10	6.129745e-10	5.315480e-10	4.705137e-10	4.253211e-10	3.820636e-10	2.939684e-10	1.747163e-10	6.407129e-11	1.661930e-11	3.685380e-12	7.521712e-13	1.442022e-13	2.645663e-14	4.751055e-15	8.498040e-16	1.522866e-16	2.749965e-17	5.112008e-18	1.024041e-18	2.341069e-19	6.297422e-20	1.952232e-20	6.646800e-21	2.384562e-21	8.791083e-22	3.285796e-22	1.235179e-22	4.641741e-23	1.738490e-23	6.442086e-24	
R173	5.658238e-11	3.326093e-11	1.775700e-11	8.034164e-12	2.871760e-12	7.893202e-13	1.410987e-13	1.790701e-14	1.717171e-15	4.274066e-20	6.337328e-23	2.785262e-25	1.028504e-26	2.007500e-27	5.711414e-28	1.472056e-28	4.326267e-29	1.953632e-29	1.315743e-29	1.312671e-29	1.377363e-29	1.422688e-29	2.186435e-29	4.874743e-29	9.882322e-29	1.203879e-28	8.882300e-29	3.995199e-29	1.326001e-29	3.580054e-30	7.006451e-31	8.553587e-32	1.113656e-32	1.999892e-33	3.577134e-34	6.410296e-35	1.157560e-35	2.151830e-36	4.310562e-37	9.854413e-38	2.650814e-38	8.217654e-39	2.797880e-39	1.003749e-39	3.700487e-40	1.383111e-40	5.199318e-41	1.953878e-41	7.317939e-42	2.711708e-42	
R174	3.971721e-19	1.539267e-19	5.270396e-20	1.479023e-20	3.142605e-21	4.854404e-22	4.648689e-23	2.913205e-24	1.128341e-25	7.755742e-31	1.760520e-34	9.202820e-38	7.169857e-40	5.393510e-41	6.797638e-42	7.438161e-43	1.035388e-43	2.928013e-44	1.614536e-44	1.718977e-44	2.022379e-44	2.351225e-44	5.247772e-44	2.154942e-43	7.578062e-43	1.259969e-42	1.076158e-42	5.558135e-43	2.179816e-43	6.724256e-44	1.279119e-44	1.150398e-45	1.187427e-46	2.132369e-47	3.814090e-48	6.834926e-49	1.234239e-49	2.294372e-50	4.596102e-51	1.050719e-51	2.826409e-52	8.762007e-53	2.983217e-53	1.070239e-53	3.945614e-54	1.474731e-54	5.543731e-55	2.083306e-55	7.802693e-56	2.891337e-56	
R175	2.892411e-06	4.368102e-06	5.864108e-06	6.524667e-06	5.889674e-06	4.528931e-06	2.706707e-06	1.334903e-06	6.225642e-07	1.908038e-09	6.180066e-11	6.723948e-12	2.774273e-12	2.093259e-12	1.835587e-12	1.516317e-12	1.174811e-12	8.947542e-13	6.813782e-13	5.247993e-13	3.846409e-13	2.677047e-13	1.975732e-13	1.531767e-13	1.134811e-13	6.914621e-14	3.262228e-14	9.752771e-15	2.013971e-15	3.411850e-16	4.987101e-17	6.221987e-18	7.181085e-19	8.107196e-20	8.573775e-21	8.422658e-22	7.624728e-23	6.414970e-24	5.215607e-25	4.436382e-26	4.418140e-27	5.632024e-28	9.174089e-29	1.780718e-29	3.796693e-30	8.140780e-31	1.499053e-31	9.617526e-33	1.358862e-35	6.796220e-38	
R176	9.736504e-08	1.374017e-07	1.715109e-07	1.763685e-07	1.460216e-07	1.019600e-07	5.484734e-08	2.399226e-08	9.578341e-09	2.348639e-11	5.469742e-13	4.070172e-14	1.268017e-14	8.044365e-15	6.079044e-15	4.291240e-15	2.897254e-15	2.023878e-15	1.485269e-15	1.157802e-15	8.667375e-16	6.165715e-16	4.875027e-16	4.229682e-16	3.467289e-16	2.236669e-16	1.083904e-16	3.323478e-17	7.075770e-18	1.228250e-18	1.786037e-19	2.107201e-20	2.330792e-21	2.631383e-22	2.782823e-23	2.733774e-24	2.474787e-25	2.082131e-26	1.692849e-27	1.439933e-28	1.434012e-29	1.828007e-30	2.977669e-31	5.779742e-32	1.232307e-32	2.642284e-33	4.865533e-34	3.121597e-35	4.410509e-38	2.205875e-40	
R177	9.180494e-07	1.410732e-06	1.930409e-06	2.193819e-06	2.027941e-06	1.602325e-06	9.871142e-07	5.043565e-07	2.465436e-07	8.100272e-10	2.919057e-11	3.608322e-12	1.640654e-12	1.315741e-12	1.216425e-12	1.063145e-12	8.657600e-13	6.804517e-13	5.252280e-13	4.027578e-13	2.929210e-13	2.022499e-13	1.455707e-13	1.083543e-13	7.740334e-14	4.620968e-14	2.159328e-14	6.397534e-15	1.306825e-15	2.194796e-16	3.214056e-17	4.090459e-18	4.793199e-19	5.411355e-20	5.722786e-21	5.621919e-22	5.089320e-23	4.281836e-24	3.481291e-25	2.961176e-26	2.949001e-27	3.759239e-28	6.123481e-29	1.188586e-29	2.534200e-30	5.433772e-31	1.000581e-31	6.419464e-33	9.070070e-36	4.536311e-38	
R178	2.229213e-16	3.537323e-15	3.361592e-14	3.318820e-13	1.369039e-12	2.562653e-12	4.168894e-12	5.550588e-12	8.556239e-12	2.774216e-12	4.435524e-14	1.227123e-15	1.540244e-16	5.646277e-17	2.521838e-17	1.001215e-17	3.733755e-18	1.483448e-18	6.222161e-19	2.775513e-19	1.202921e-19	5.011942e-20	2.294421e-20	1.150133e-20	5.533189e-21	2.109288e-21	6.101694e-22	1.203626e-22	1.730192e-23	2.021433e-24	1.970185e-25	1.567404e-26	1.185885e-27	9.154566e-29	6.565736e-30	4.376721e-31	2.693433e-32	1.538080e-33	8.403326e-35	4.696139e-36	2.982456e-37	2.389168e-38	2.475208e-39	3.117650e-40	4.375420e-41	6.236675e-42	7.742487e-43	3.947291e-44	5.235028e-46	6.909191e-48	
R179	8.039624e-21	9.167827e-20	6.118913e-19	4.126492e-18	1.122501e-17	1.322729e-17	1.301235e-17	9.791350e-18	7.229696e-18	8.203464e-19	2.808998e-21	1.336394e-23	4.600446e-25	7.612513e-26	1.721273e-26	3.334061e-27	6.640925e-28	1.780570e-28	6.312416e-29	2.974029e-29	1.419148e-29	6.531008e-30	4.090766e-30	3.423772e-30	2.613690e-30	1.292803e-30	4.227243e-31	9.361258e-32	1.547262e-32	2.020790e-33	1.923319e-34	1.185040e-35	7.382477e-37	5.698980e-38	4.087359e-39	2.724635e-40	1.676739e-41	9.574992e-43	5.231312e-44	2.923482e-45	1.856664e-46	1.487326e-47	1.540888e-48	1.940826e-49	2.723825e-50	3.882510e-51	4.819921e-52	2.457302e-53	3.258956e-55	4.301170e-57	
R180	8.318217e-03	5.651689e-02	2.923680e-01	3.223826e+01	4.045606e+02	1.827161e+03	4.979337e+03	8.596274e+03	1.959622e+05	1.144377e+05	1.260222e+04	2.212131e+03	1.059897e+03	1.037812e+03	1.198639e+03	1.382640e+03	1.568494e+03	1.793532e+03	2.019735e+03	2.224938e+03	2.388276e+03	2.511932e+03	2.588574e+03	2.637116e+03	2.688827e+03	2.422772e+03	1.798971e+03	8.738069e+02	3.143603e+02	9.980694e+01	3.011964e+01	8.860879e+00	2.456254e+00	6.421234e-01	1.649698e-01	4.150089e-02	1.011555e-02	2.369062e-03	5.319655e-04	1.147539e-04	2.383801e-05	4.772256e-06	9.196268e-07	1.699801e-07	2.985196e-08	4.837624e-09	6.510480e-10	3.486492e-11	1.305686e-14	1.453315e-16	
R181	1.848493e-04	1.255931e-03	6.497066e-03	7.164057e-01	8.990235e+00	4.060358e+01	1.106519e+02	1.910283e+02	4.354715e+03	2.543059e+03	2.800494e+02	4.915846e+01	2.355328e+01	2.306249e+01	2.663642e+01	3.072532e+01	3.485543e+01	3.985626e+01	4.488300e+01	4.944307e+01	5.307280e+01	5.582070e+01	5.752387e+01	5.860258e+01	5.975171e+01	5.383937e+01	3.997713e+01	1.941793e+01	6.985784e+00	2.217932e+00	6.693254e-01	1.969084e-01	5.458343e-02	1.426941e-02	3.665996e-03	9.222419e-04	2.247899e-04	5.264582e-05	1.182146e-05	2.550087e-06	5.297336e-07	1.060501e-07	2.043615e-08	3.777335e-09	6.633769e-10	1.075028e-10	1.446773e-11	7.747760e-13	2.901526e-16	3.229589e-18	
R182	7.971625e-04	5.416202e-03	2.801860e-02	3.089500e+00	3.877039e+01	1.751029e+02	4.771865e+02	8.238096e+02	1.877971e+04	1.096694e+04	1.207713e+03	2.119959e+02	1.015735e+02	9.945698e+01	1.148695e+02	1.325030e+02	1.503140e+02	1.718801e+02	1.935579e+02	2.132233e+02	2.288764e+02	2.407268e+02	2.480717e+02	2.527236e+02	2.576792e+02	2.321823e+02	1.724014e+02	8.373982e+01	3.012619e+01	9.564832e+00	2.886466e+00	8.491676e-01	2.353910e-01	6.153682e-02	1.580961e-02	3.977168e-03	9.694065e-04	2.270351e-04	5.098003e-05	1.099725e-05	2.284476e-06	4.573412e-07	8.813091e-08	1.628976e-08	2.860813e-09	4.636056e-10	6.239210e-11	3.341222e-12	1.251283e-15	1.392760e-17	
R183	1.239838e-19	4.363014e-20	1.332584e-20	3.342597e-21	6.645940e-22	1.052802e-22	1.608329e-23	2.420602e-24	1.645762e-25	6.525734e-29	5.594897e-32	4.347803e-35	3.471885e-37	1.977529e-38	1.700827e-39	1.189482e-40	1.081957e-41	2.197283e-42	9.862945e-43	9.850369e-43	1.116389e-42	1.258013e-42	3.273701e-42	1.856457e-41	8.881223e-41	1.980199e-40	2.506354e-40	2.704932e-40	2.691413e-40	2.107429e-40	9.063556e-41	1.532954e-41	3.149147e-42	1.323398e-42	5.549491e-43	2.327134e-43	9.718921e-44	4.020178e-44	1.641398e-44	6.608224e-45	2.623236e-45	1.026137e-45	3.946536e-46	1.485049e-46	5.412911e-47	1.867878e-47	5.725648e-48	1.201003e-48	5.622990e-51	1.911103e-52	
R186	2.632998e-19	2.839073e-19	3.639824e-19	9.815676e-19	1.630657e-18	1.271007e-18	6.712266e-19	8.139334e-19	8.969535e-19	1.536935e-20	6.022500e-21	6.663057e-22	7.406485e-23	2.510565e-23	9.474191e-24	2.639755e-24	6.718078e-25	2.112281e-25	8.027389e-26	3.696837e-26	1.713271e-26	7.741285e-27	4.237529e-27	2.886487e-27	1.972898e-27	1.067878e-27	4.765464e-28	1.701441e-28	5.240785e-29	1.504585e-29	3.685388e-30	6.449051e-31	1.133011e-31	2.401698e-32	4.796458e-33	9.059028e-34	1.631152e-34	2.828988e-35	4.787993e-36	8.010557e-37	1.337339e-37	2.238660e-38	3.762272e-39	6.342804e-40	1.070631e-40	1.804204e-41	3.023303e-42	5.009870e-43	8.161352e-44	1.321312e-44	
R187	1.263006e-46	1.335047e-47	1.110764e-48	6.732480e-50	2.783168e-51	7.460583e-53	1.340408e-54	1.613611e-56	4.374191e-59	8.759131e-65	2.278790e-70	3.077934e-76	2.313917e-80	8.446442e-83	7.553314e-85	5.018039e-87	6.182692e-89	4.040016e-90	1.322696e-90	2.149114e-90	4.590662e-90	9.815050e-90	1.013385e-88	4.542454e-87	1.405271e-85	9.566377e-85	2.229364e-84	4.146217e-84	7.382354e-84	9.071032e-84	3.715020e-84	2.583546e-85	2.661551e-86	1.089864e-86	4.303593e-87	1.630480e-87	5.881623e-88	2.012475e-88	6.554597e-89	2.054010e-89	6.297574e-90	1.930384e-90	6.053909e-91	1.972191e-91	6.623132e-92	2.183416e-92	6.111016e-93	5.821601e-94	2.348722e-97	5.412876e-99	
R188	8.602231e-33	1.925613e-33	3.566684e-34	5.113240e-35	5.399257e-36	4.091947e-37	2.267138e-38	9.753808e-40	1.358975e-41	2.782364e-46	2.153676e-50	1.370034e-54	1.722576e-57	3.535388e-59	1.381797e-60	4.335022e-62	2.069182e-63	3.157995e-64	1.485670e-64	2.145538e-64	3.724477e-64	6.426420e-64	3.373904e-63	4.999813e-62	5.701163e-61	2.209100e-60	3.948863e-60	5.717054e-60	7.523215e-60	7.261366e-60	3.130974e-60	3.787482e-61	5.942456e-62	2.433344e-62	9.608650e-63	3.640380e-63	1.313192e-63	4.493261e-64	1.463448e-64	4.585997e-65	1.406062e-65	4.309977e-66	1.351659e-66	4.403320e-67	1.478749e-67	4.874922e-68	1.364409e-68	1.299791e-69	5.244001e-73	1.208535e-74	
R189	6.796145e-07	4.100483e-06	9.517023e-06	6.190239e-04	4.200062e-03	1.086411e-02	2.678597e-02	7.513104e-02	1.573070e-01	1.606481e-01	2.957091e-02	7.135466e-03	3.058788e-03	2.253320e-03	1.762313e-03	1.270476e-03	8.567670e-04	5.725165e-04	3.738841e-04	2.396942e-04	1.510172e-04	9.395752e-05	5.817347e-05	3.629545e-05	2.293610e-05	1.373796e-05	7.802750e-06	3.908633e-06	1.659084e-06	6.066293e-07	2.005887e-07	6.198843e-08	1.797876e-08	4.945303e-09	1.310937e-09	3.332832e-10	8.065179e-11	1.850855e-11	4.042405e-12	8.493476e-13	1.745771e-13	3.586985e-14	7.539230e-15	1.645762e-15	3.702613e-16	8.174772e-17	1.531672e-17	9.762187e-19	2.635927e-22	3.986045e-24	
R190	2.898577e-15	2.754177e-13	2.695401e-12	6.241707e-09	3.156298e-07	2.440631e-06	1.628342e-05	1.054113e-04	2.713629e-04	7.674534e-05	1.348496e-05	4.268802e-06	3.130057e-06	2.915653e-06	2.701011e-06	2.268247e-06	1.652742e-06	1.052785e-06	5.996729e-07	3.119648e-07	1.536810e-07	7.306100e-08	3.343236e-08	1.491892e-08	6.761264e-09	3.113963e-09	1.481911e-09	6.430437e-10	2.158915e-10	5.776758e-11	1.369431e-11	3.081117e-12	6.342244e-13	1.188459e-13	2.135264e-14	3.664888e-15	5.968593e-16	9.193146e-17	1.344226e-17	1.886076e-18	2.581714e-19	3.521350e-20	4.893985e-21	7.028941e-22	1.033683e-22	1.478999e-23	1.775362e-24	7.138394e-26	1.210900e-29	1.076737e-31	
R192	7.802779e-14	9.285251e-10	2.721285e-08	2.426769e-04	2.993584e-02	4.823141e-01	4.646747e+00	2.877320e+01	1.273211e+03	1.170180e+03	9.985076e+02	1.370255e+03	2.705418e+03	4.505641e+03	7.410930e+03	1.184171e+04	1.725001e+04	2.223944e+04	2.636576e+04	2.935255e+04	3.083549e+04	3.105905e+04	3.106709e+04	3.092755e+04	3.056264e+04	3.117562e+04	3.607287e+04	4.464464e+04	4.669025e+04	3.891700e+04	2.748314e+04	1.734980e+04	9.684742e+03	4.837849e+03	2.215373e+03	9.202158e+02	3.426688e+02	1.135747e+02	3.351759e+01	8.863494e+00	2.118728e+00	4.615534e-01	9.217702e-02	1.691875e-02	2.840980e-03	4.255574e-04	5.134310e-05	2.399978e-06	1.236986e-09	7.030520e-12	
R195	5.715940e-14	4.425676e-14	3.458555e-14	1.516128e-13	9.773079e-13	3.681114e-12	2.021505e-11	1.072914e-10	3.982369e-10	9.127224e-09	2.814545e-09	3.843077e-10	6.310087e-11	2.329250e-11	1.230491e-11	7.161025e-12	4.384220e-12	2.793565e-12	1.736707e-12	1.008775e-12	5.470555e-13	2.683172e-13	1.090465e-13	3.767040e-14	1.192401e-14	3.007518e-15	5.438658e-16	1.528413e-16	1.237356e-16	1.959663e-16	2.837212e-16	4.994547e-16	9.159982e-16	1.255192e-15	1.295178e-15	1.068070e-15	7.414618e-16	4.457844e-16	2.352904e-16	1.102475e-16	4.648838e-17	1.790780e-17	6.390242e-18	2.137431e-18	6.768133e-19	2.046723e-19	5.961369e-20	1.688312e-20	4.752256e-21	1.543483e-21	
R196	3.445452e-30	2.389426e-31	2.091006e-32	9.598974e-33	5.644437e-33	1.555020e-33	5.027428e-34	1.103418e-34	8.004109e-36	9.924503e-37	2.739622e-40	1.674087e-44	8.711738e-48	7.847525e-50	1.629165e-51	3.222841e-53	9.735071e-55	7.973483e-56	1.615659e-56	7.801344e-57	4.395186e-57	2.454370e-57	2.999079e-57	7.799322e-57	1.681353e-56	1.457826e-56	6.099092e-57	4.489039e-57	1.028407e-56	3.704740e-56	6.484155e-56	5.142063e-56	5.174018e-56	8.089931e-56	8.998818e-56	7.407001e-56	4.716114e-56	2.415170e-56	1.029135e-56	3.758912e-57	1.207424e-57	3.485411e-58	9.204597e-59	2.256915e-59	5.201548e-60	1.138609e-60	2.388256e-61	4.838720e-62	9.627586e-63	2.161363e-63	
R197	1.614246e-12	3.693488e-13	1.118232e-13	5.998110e-13	1.431522e-12	1.471957e-12	1.641019e-12	1.211689e-12	4.874855e-13	1.888821e-13	2.789237e-15	3.104973e-17	1.020551e-18	1.037158e-19	1.360777e-20	1.686198e-21	2.398170e-22	4.900862e-23	1.380411e-23	5.250087e-24	2.112056e-24	8.470843e-25	4.383815e-25	2.953840e-25	1.908425e-25	8.678628e-26	2.980263e-26	1.755408e-26	1.989165e-26	3.026854e-26	3.089605e-26	2.688388e-26	2.562970e-26	2.274264e-26	1.416062e-26	6.408167e-27	2.190481e-27	5.873334e-28	1.288644e-28	2.442357e-29	4.306800e-30	7.748577e-31	1.533412e-31	3.378348e-32	7.975778e-33	1.940225e-33	4.769305e-34	1.180355e-34	2.994547e-35	9.056623e-36	
R198	1.826428e-05	6.601441e-06	2.281753e-06	7.767440e-07	2.665809e-07	9.102835e-08	3.104753e-08	7.180304e-09	1.822054e-09	2.062002e-09	2.837270e-11	2.986556e-13	1.128531e-14	1.331585e-15	2.004869e-16	2.887303e-17	4.633202e-18	9.960689e-19	2.781144e-19	1.000317e-19	3.781814e-20	1.431482e-20	6.841580e-21	4.142478e-21	2.423975e-21	1.052450e-21	3.618918e-22	1.336489e-22	6.352389e-23	3.145196e-23	1.266135e-23	3.458444e-24	1.023940e-24	4.034010e-25	1.521291e-25	5.403009e-26	1.781652e-26	5.408174e-27	1.510248e-27	3.908670e-28	9.504386e-29	2.208080e-29	4.977617e-30	1.099648e-30	2.388836e-31	5.108635e-32	1.079959e-32	2.276979e-33	5.089341e-34	1.543356e-34	
R199	1.073885e-13	8.067754e-14	9.657247e-14	3.186258e-13	2.056155e-12	9.024149e-12	4.737875e-11	1.838603e-10	3.259956e-10	1.573917e-09	1.172974e-10	7.969098e-12	1.223482e-12	5.048909e-13	3.547814e-13	3.381348e-13	4.215778e-13	6.171771e-13	9.787273e-13	1.587560e-12	2.438217e-12	3.435169e-12	4.563198e-12	5.778211e-12	1.563714e-11	2.244426e-10	3.470901e-09	3.753673e-08	1.567132e-07	5.037302e-07	1.216465e-06	2.382067e-06	3.518327e-06	3.916905e-06	3.272609e-06	2.165483e-06	1.199172e-06	5.857244e-07	2.645279e-07	1.147845e-07	4.915112e-08	2.107870e-08	9.103616e-09	3.959840e-09	1.730665e-09	7.576054e-10	3.310185e-10	1.437811e-10	6.176721e-11	2.604780e-11	
R200	1.288662e-13	9.681305e-14	1.158870e-13	3.823509e-13	2.467386e-12	1.082898e-11	5.685450e-11	2.206324e-10	3.911947e-10	1.888700e-09	1.407568e-10	9.562917e-12	1.468179e-12	6.058691e-13	4.257377e-13	4.057618e-13	5.058933e-13	7.406125e-13	1.174473e-12	1.905072e-12	2.925860e-12	4.122203e-12	5.475838e-12	6.933853e-12	1.876457e-11	2.693312e-10	4.165082e-09	4.504407e-08	1.880558e-07	6.044763e-07	1.459758e-06	2.858481e-06	4.221992e-06	4.700285e-06	3.927131e-06	2.598579e-06	1.439006e-06	7.028693e-07	3.174335e-07	1.377414e-07	5.898134e-08	2.529444e-08	1.092434e-08	4.751809e-09	2.076797e-09	9.091265e-10	3.972223e-10	1.725373e-10	7.412065e-11	3.125736e-11	
R201	2.759227e-14	1.087804e-14	3.104024e-15	8.936480e-17	2.772962e-18	3.929315e-19	2.324590e-19	4.846308e-19	3.541490e-18	2.386672e-18	5.699829e-17	7.618550e-16	1.779240e-15	2.315150e-15	2.265512e-15	1.653063e-15	1.003621e-15	5.876599e-16	3.396324e-16	1.938089e-16	1.089761e-16	5.993534e-17	3.144763e-17	1.606490e-17	8.249520e-18	4.026182e-18	1.765120e-18	5.830328e-19	1.479539e-19	3.226734e-20	6.537476e-21	1.276322e-21	2.344437e-22	4.048111e-23	6.853432e-24	1.141920e-24	1.869745e-25	3.008841e-26	4.789299e-27	7.660452e-28	1.269655e-28	2.307806e-29	5.031239e-30	1.433632e-30	5.315102e-31	2.275468e-31	9.079756e-32	1.312294e-32	8.921052e-36	4.349269e-37	
R202	1.534653e-12	3.723653e-12	7.036044e-12	1.171681e-11	1.724277e-11	2.359321e-11	2.525613e-11	1.577021e-11	1.489889e-11	3.485326e-14	9.885284e-16	4.675563e-16	4.425238e-16	5.688147e-16	8.798405e-16	1.392997e-15	2.279809e-15	3.990790e-15	7.690202e-15	1.612118e-14	3.219610e-14	5.892911e-14	1.131009e-13	2.160299e-13	3.425826e-13	4.614610e-13	2.267601e-11	3.084305e-09	1.631665e-08	6.578392e-08	1.545757e-07	3.509389e-07	7.809110e-07	1.323931e-06	1.580278e-06	1.392896e-06	9.517493e-07	5.253401e-07	2.425594e-07	9.652067e-08	3.395599e-08	1.079127e-08	3.154949e-09	8.617495e-10	2.228111e-10	5.513959e-11	1.318295e-11	3.075538e-12	1.040854e-12	3.583906e-13	
R203	1.791344e+00	6.412550e-01	2.259720e-01	7.956062e-02	2.827708e-02	1.010485e-02	4.556813e-03	1.745030e-03	6.279090e-04	1.229530e-05	5.049658e-08	6.453011e-10	5.087464e-11	1.210552e-11	3.880779e-12	1.248497e-12	4.408728e-13	1.886310e-13	9.556411e-14	5.606568e-14	3.056086e-14	1.473903e-14	7.977344e-15	4.944215e-15	2.788505e-15	1.171059e-15	3.936172e-16	1.340282e-16	5.512393e-17	2.525266e-17	1.176553e-17	6.814366e-18	8.273899e-18	1.270437e-17	1.481660e-17	1.296690e-17	8.834958e-18	4.869944e-18	2.246919e-18	8.938075e-19	3.144250e-19	9.994235e-20	2.922987e-20	7.987906e-21	2.066544e-21	5.117454e-22	1.224385e-22	2.856012e-23	6.641587e-24	1.783123e-24	
R204	2.317835e-04	7.651684e-05	2.168039e-05	5.423546e-06	1.220670e-06	2.506787e-07	4.539891e-08	5.671164e-09	3.783717e-10	4.553921e-14	4.243148e-16	4.435074e-17	8.588166e-18	2.247927e-18	6.413336e-19	1.687529e-19	4.684172e-20	1.618759e-20	7.161474e-21	4.124507e-21	2.445994e-21	1.429082e-21	1.119376e-21	1.150904e-21	1.102990e-21	8.539591e-22	6.141849e-22	4.912701e-22	3.714703e-22	2.340426e-22	1.128798e-22	3.862194e-23	1.445130e-23	7.505649e-24	4.200386e-24	2.375745e-24	1.262303e-24	6.050931e-25	2.593877e-25	1.003293e-25	3.556901e-26	1.173748e-26	3.645563e-27	1.072415e-27	3.000349e-28	8.036349e-29	2.084468e-29	5.319167e-30	1.432716e-30	5.239306e-31	
R205	2.533025e-26	2.106412e-25	2.499954e-25	6.362490e-24	1.682910e-23	1.451599e-23	1.345692e-23	8.324548e-24	5.250298e-23	1.268850e-22	1.752146e-25	1.914584e-28	1.902032e-30	1.082413e-31	9.147891e-33	6.999465e-34	6.486317e-35	1.018354e-35	2.611121e-36	1.065014e-36	4.147212e-37	1.383328e-37	6.852976e-38	5.094049e-38	3.146585e-38	1.062381e-38	2.388333e-39	5.431221e-40	1.546514e-40	4.697008e-41	1.185964e-41	2.621598e-42	1.293445e-42	1.041082e-42	6.174427e-43	2.647791e-43	8.467688e-44	2.089833e-44	4.110262e-45	6.638134e-46	9.060902e-47	1.079219e-47	1.176958e-48	1.289189e-49	1.644176e-50	2.683234e-51	5.240752e-52	1.099855e-52	2.550712e-53	8.273613e-54	
R206	1.074535e-03	3.122240e-04	8.740652e-05	2.364369e-05	6.077110e-06	1.463322e-06	4.900685e-07	1.649980e-07	3.003353e-08	5.315671e-13	1.059005e-15	6.089002e-18	2.312674e-19	3.463081e-20	7.234141e-21	1.395348e-21	3.138431e-22	1.088590e-22	5.722691e-23	4.539780e-23	3.787169e-23	3.103770e-23	3.891022e-23	7.265869e-23	1.229569e-22	1.340122e-22	1.023476e-22	6.037670e-23	2.806985e-23	1.042970e-23	2.768929e-24	4.536613e-25	8.450216e-26	2.737239e-26	1.334628e-26	8.491210e-27	5.244634e-27	2.800737e-27	1.276941e-27	5.049707e-28	1.768597e-28	5.595892e-29	1.627530e-29	4.416343e-30	1.132230e-30	2.771450e-31	6.533932e-32	1.495972e-32	3.397491e-33	8.786809e-34	
R207	3.084522e-16	3.855948e-16	4.046563e-16	3.819935e-16	3.180498e-16	2.383605e-16	1.917035e-16	1.623853e-16	1.399106e-16	6.895644e-17	4.583258e-18	3.217910e-19	6.477179e-20	2.640222e-20	1.241263e-20	5.211154e-21	2.103780e-21	9.582382e-22	5.185544e-22	3.597386e-22	2.836186e-22	2.378776e-22	2.209356e-22	2.065149e-22	1.632052e-22	1.045124e-22	2.117633e-21	1.031915e-19	2.059110e-19	3.623593e-19	4.218753e-19	5.211561e-19	6.576786e-19	6.424741e-19	4.580445e-19	2.510192e-19	1.113529e-19	4.172309e-20	1.373472e-20	4.367522e-21	1.992849e-21	1.968310e-21	3.350510e-21	8.716764e-21	2.363358e-20	5.348342e-20	9.883489e-20	3.450042e-19	4.878799e-20	2.432368e-21	
R209	5.930065e-15	7.851500e-15	7.913930e-15	1.754102e-13	4.535387e-13	4.141079e-13	3.211989e-13	1.748128e-13	8.650229e-13	2.148744e-12	1.491410e-14	3.320389e-17	3.053992e-19	1.563829e-20	1.141424e-21	7.344980e-23	5.915857e-24	9.070091e-25	2.530473e-25	1.275683e-25	7.175866e-26	4.067474e-26	4.006492e-26	6.703377e-26	9.917335e-26	7.843699e-26	3.682015e-26	1.272188e-26	4.140259e-27	1.261434e-27	2.762707e-28	3.312729e-29	4.591247e-30	1.042753e-30	2.356218e-31	5.279634e-32	1.165111e-32	2.517380e-33	5.308959e-34	1.091413e-34	2.184516e-35	4.248187e-36	8.001805e-37	1.452878e-37	2.516673e-38	4.036111e-39	5.390391e-40	2.871442e-41	1.072113e-44	1.193099e-46	
R212	8.585503e-15	2.513533e-15	1.017949e-15	1.966296e-15	3.096277e-15	2.554774e-15	3.638887e-15	2.440360e-14	1.900379e-13	2.780502e-13	1.789564e-12	2.041221e-12	6.535233e-13	2.428087e-13	7.852504e-14	1.859182e-14	3.833897e-15	8.572971e-16	2.084873e-16	5.581369e-17	1.484675e-17	3.835289e-18	1.071668e-18	3.329104e-19	1.022149e-19	2.783357e-20	6.964224e-21	1.698950e-21	4.631166e-22	1.495520e-22	5.023476e-23	1.426070e-23	4.296015e-24	1.541276e-24	5.305707e-25	1.770650e-25	5.826274e-26	1.920292e-26	6.411992e-27	2.182562e-27	7.587125e-28	2.690597e-28	9.709423e-29	3.555016e-29	1.316659e-29	4.916635e-30	1.844198e-30	6.918283e-31	2.585273e-31	9.580394e-32	
R213	2.113028e-21	2.292819e-21	9.518148e-22	1.135004e-20	1.435300e-20	6.716238e-21	4.178444e-21	3.224434e-21	1.230206e-21	4.168229e-21	3.365133e-23	6.823822e-26	4.156056e-28	1.331398e-29	5.621237e-31	1.915258e-32	7.935118e-34	6.493774e-35	1.010732e-35	3.002900e-36	1.013670e-36	3.477557e-37	2.212209e-37	2.551281e-37	2.602518e-37	1.453165e-37	5.367800e-38	1.964567e-38	7.791144e-39	2.805177e-39	6.694779e-40	7.948458e-41	1.101957e-41	2.633318e-42	6.139606e-43	1.390297e-43	3.046069e-44	6.448999e-45	1.322858e-45	2.648833e-46	5.245901e-47	1.047025e-47	2.151052e-48	4.612598e-49	1.023552e-49	2.236425e-50	4.158347e-51	2.636369e-52	7.097130e-56	1.073017e-57	
R214	1.529994e-41	1.722343e-41	1.522814e-41	9.369793e-42	3.820189e-42	1.038920e-42	1.130410e-43	3.682834e-45	7.168668e-47	2.500009e-54	1.363329e-60	2.757758e-65	4.385752e-68	2.082614e-69	2.635626e-70	3.014565e-71	5.931164e-72	4.233431e-72	8.420727e-72	4.221494e-71	2.299583e-70	1.129674e-69	1.338010e-68	3.370502e-67	5.673852e-66	3.565031e-65	4.320088e-63	1.165472e-60	1.073850e-59	5.667402e-59	9.112562e-59	5.307306e-59	3.635399e-59	3.859982e-59	2.811938e-59	1.478834e-59	5.886366e-60	1.846572e-60	4.740247e-61	1.177706e-61	4.750752e-60	1.373981e-58	1.268110e-57	4.806355e-57	1.006597e-56	1.462953e-56	1.881360e-56	1.282375e-55	8.033064e-54	3.103701e-54	
R215	1.219630e-12	6.670133e-13	4.284078e-13	1.498101e-12	7.409704e-12	2.031819e-11	7.536029e-11	2.376894e-10	4.250871e-10	3.091230e-09	1.556669e-10	2.678834e-12	1.092407e-13	2.018123e-14	6.322396e-15	2.102763e-15	8.420009e-16	4.850188e-16	2.917728e-16	1.639795e-16	8.498321e-17	3.921094e-17	1.501130e-17	4.876918e-18	1.424585e-18	3.229896e-19	5.008650e-20	1.154357e-20	7.333004e-21	8.698546e-21	8.949522e-21	1.057952e-20	1.261217e-20	1.092201e-20	6.821533e-21	3.250202e-21	1.239762e-21	3.884518e-22	1.012814e-22	2.225603e-23	4.192743e-24	6.905906e-25	1.013975e-25	1.350790e-26	1.659068e-27	1.907238e-28	2.083380e-29	2.201100e-30	2.348334e-31	3.405112e-32	
R216	1.494064e-44	7.903584e-41	0.000000e+00	0.000000e+00	0.000000e+00	0.000000e+00	0.000000e+00	0.000000e+00	0.000000e+00	0.000000e+00	0.000000e+00	0.000000e+00	3.851981e-29	0.000000e+00	0.000000e+00	0.000000e+00	0.000000e+00	0.000000e+00	0.000000e+00	0.000000e+00	8.089186e-31	3.423637e-31	0.000000e+00	3.958157e-32	2.671402e-32	7.144853e-32	5.644878e-32	2.459034e-32	7.117579e-33	2.204718e-33	6.096751e-34	1.886934e-34	5.456220e-35	2.142853e-35	5.787449e-36	1.320419e-36	2.121005e-37	3.335020e-38	4.817809e-39	6.400575e-40	7.854209e-41	8.928891e-42	9.385190e-43	9.008708e-44	7.623703e-45	5.197439e-46	2.210527e-47	1.303815e-49	2.865042e-55	1.233393e-59	
R217	2.714653e-10	4.858952e-11	9.437615e-12	1.699856e-12	2.857134e-13	4.309432e-14	5.763774e-15	4.271462e-16	2.351976e-17	2.701283e-18	1.134973e-21	2.207222e-25	5.038834e-28	1.246391e-29	5.281803e-31	1.980335e-32	1.045132e-33	1.319631e-34	2.964796e-35	1.095560e-35	4.398893e-36	1.746829e-36	1.109130e-36	1.107837e-36	9.921794e-37	5.150962e-37	1.736964e-37	5.971189e-38	2.594798e-38	1.087111e-38	3.030073e-39	4.201343e-40	6.535571e-41	1.627208e-41	3.714314e-42	7.621845e-43	1.380976e-43	2.184623e-44	3.013614e-45	3.657813e-46	3.973668e-47	3.947361e-48	3.661382e-49	3.221537e-50	2.714533e-51	2.206807e-52	1.749619e-53	1.376131e-54	1.165830e-55	1.578372e-56	
R218	1.308658e-08	2.677709e-08	5.022253e-08	8.170737e-08	1.150208e-07	1.462310e-07	1.376539e-07	6.880569e-08	4.589888e-08	5.854104e-11	5.959811e-13	8.659736e-14	3.897909e-14	3.731650e-14	4.805131e-14	6.210578e-14	9.071390e-14	1.743849e-13	3.533467e-13	6.975937e-13	1.269583e-12	2.081102e-12	3.221875e-12	4.489313e-12	5.224083e-12	5.557286e-12	2.203293e-10	2.320227e-08	8.984664e-08	2.566603e-07	4.336749e-07	7.509195e-07	1.196412e-06	1.281862e-06	9.261253e-07	4.716428e-07	1.770744e-07	5.093737e-08	1.161790e-08	2.168118e-09	3.407642e-10	4.630570e-11	5.570393e-12	6.059830e-13	6.077373e-14	5.717327e-15	5.126473e-16	4.461613e-17	5.723130e-18	8.797714e-19	
R219	7.759693e-16	6.157085e-16	4.730608e-16	3.140044e-16	1.744963e-16	8.138698e-17	3.720434e-17	1.536158e-17	4.921624e-18	5.285436e-19	3.266469e-21	1.497066e-23	4.576349e-25	6.877828e-26	1.473732e-26	2.674561e-27	5.525953e-28	1.949879e-28	9.556895e-29	6.554389e-29	5.128890e-29	4.207973e-29	4.163609e-29	4.472974e-29	3.905314e-29	2.487508e-29	4.532543e-28	1.894428e-26	3.130946e-26	4.308546e-26	3.532070e-26	2.654058e-26	2.019067e-26	1.246492e-26	5.379005e-27	1.703175e-27	4.151382e-28	8.106442e-29	1.318218e-29	1.965873e-30	4.007466e-31	1.692440e-31	1.185393e-31	1.228266e-31	1.291714e-31	1.111236e-31	7.701482e-32	1.002889e-31	5.375446e-33	1.196466e-34	
R220	5.086635e-19	5.364059e-16	1.001074e-15	4.984750e-14	1.648837e-13	1.641607e-13	1.625559e-13	1.729080e-13	6.385904e-14	4.548446e-14	5.999797e-16	2.638947e-18	5.491641e-20	5.265825e-21	7.019795e-22	8.555185e-23	1.298963e-23	3.512948e-24	1.272694e-24	5.767068e-25	2.687348e-25	1.233047e-25	7.077025e-26	5.206251e-26	3.720446e-26	2.038696e-26	9.212993e-27	4.309074e-27	2.233997e-27	1.163791e-27	4.950049e-28	1.611605e-28	6.074302e-29	2.484257e-29	7.982321e-30	2.039891e-30	4.389681e-31	8.573149e-32	1.622210e-32	3.060025e-33	5.713101e-34	1.036217e-34	1.801385e-35	2.984606e-36	4.713693e-37	7.127606e-38	1.040568e-38	1.487719e-39	2.153592e-40	3.739856e-41	
R221	6.541654e-19	5.142092e-19	5.192310e-19	9.115575e-18	7.016210e-17	2.384863e-16	9.116562e-16	2.492433e-15	8.076432e-13	6.909508e-10	3.538431e-11	6.049342e-13	2.418583e-14	3.598825e-15	6.888156e-16	1.275184e-16	2.426399e-17	5.358919e-18	1.267161e-18	3.113861e-19	7.674031e-20	1.867622e-20	4.367000e-21	1.025395e-21	2.436648e-22	4.317385e-23	5.017776e-24	5.959436e-25	1.008840e-25	2.263419e-26	4.136916e-27	8.871972e-28	1.926042e-28	2.959946e-29	3.124638e-30	2.359368e-31	1.313447e-32	5.542758e-34	1.838078e-35	5.041873e-37	1.231010e-38	2.950656e-40	7.893190e-42	3.244693e-43	3.523267e-44	7.248453e-45	1.734223e-45	4.383953e-46	1.313370e-46	6.596481e-47	
R222	2.835990e-16	4.703325e-16	7.399642e-16	1.172284e-15	1.892066e-15	3.077136e-15	1.042565e-14	4.064113e-14	1.911842e-11	7.307450e-12	6.133864e-14	1.011825e-15	9.134563e-17	2.320168e-17	7.507527e-18	2.239457e-18	6.476568e-19	2.008115e-19	6.229102e-20	1.876869e-20	4.853696e-21	1.112996e-21	2.776967e-22	7.892350e-23	2.149801e-23	4.250668e-24	6.262882e-25	9.015654e-26	1.716535e-26	4.217475e-27	1.058495e-27	2.343722e-28	4.641948e-29	8.032280e-30	1.035227e-30	1.037281e-31	8.405991e-33	5.757477e-34	3.508300e-35	1.998636e-36	1.101426e-37	5.984177e-39	3.376497e-40	2.675937e-41	5.288100e-42	1.933729e-42	8.151932e-43	3.595515e-43	1.817999e-43	1.272370e-43	
R223	1.383731e-11	1.652299e-11	1.825981e-11	1.942920e-11	2.043983e-11	2.179244e-11	2.393762e-11	1.907588e-11	3.549416e-09	7.742007e-06	3.014840e-07	3.845839e-09	1.481279e-10	2.293179e-11	4.582863e-12	8.921045e-13	1.754081e-13	3.856200e-14	8.827186e-15	2.067249e-15	4.853199e-16	1.130415e-16	2.551061e-17	5.783780e-18	1.327737e-18	2.329173e-19	2.757217e-20	2.086473e-21	1.510531e-22	1.119896e-23	8.045975e-25	5.227822e-26	3.430590e-27	2.340733e-28	1.496586e-29	8.868896e-31	4.762865e-32	2.275433e-33	9.603980e-35	3.597358e-36	1.211164e-37	3.748725e-39	1.142319e-40	4.708636e-42	4.704688e-43	8.508838e-44	1.750771e-44	3.770374e-45	9.951523e-46	5.011690e-46	
R224	6.831776e-06	8.696767e-06	1.060388e-05	1.271115e-05	1.520855e-05	1.883894e-05	3.066373e-05	4.607192e-05	1.438173e-02	6.907585e-01	1.146371e-02	2.674442e-04	2.909155e-05	1.094744e-05	5.467656e-06	2.816001e-06	1.412974e-06	6.784656e-07	2.932387e-07	1.105756e-07	3.658572e-08	1.060529e-08	2.516677e-09	5.174440e-10	1.026739e-10	1.638405e-11	1.841928e-12	1.250601e-13	7.581152e-15	5.065832e-16	4.235962e-17	6.197765e-18	1.746035e-18	4.643194e-19	9.180925e-20	1.340660e-20	1.487642e-21	1.290583e-22	8.999928e-24	5.181402e-25	2.523740e-26	1.068727e-27	4.225142e-29	2.154383e-30	2.563526e-31	5.368685e-32	1.250226e-32	2.978750e-33	8.179907e-34	3.647102e-34	
R225	5.295664e-10	6.284675e-10	6.235674e-10	5.382362e-10	4.139884e-10	2.998298e-10	1.998224e-10	1.001798e-10	5.976419e-09	1.845419e-09	7.446916e-11	1.544551e-11	4.398043e-12	1.894991e-12	8.721163e-13	3.812793e-13	1.554056e-13	6.153609e-14	2.343344e-14	8.649293e-15	3.097644e-15	1.082068e-15	3.655130e-16	1.213644e-16	3.995026e-17	1.159563e-17	2.771870e-18	4.394781e-19	4.863018e-20	4.443762e-21	3.851201e-22	3.372632e-23	2.957442e-24	2.660224e-25	2.524024e-26	2.382037e-27	2.061217e-28	1.555072e-29	1.007552e-30	5.640240e-32	2.768634e-33	1.217190e-34	5.110288e-36	2.804912e-37	3.609368e-38	8.175965e-39	2.064106e-39	5.380021e-40	1.711208e-40	1.039218e-40	
R226	5.225190e-28	1.815456e-26	8.867105e-26	9.274659e-24	1.015666e-22	3.827554e-22	1.649730e-21	5.346685e-21	4.259873e-17	4.337633e-13	5.404655e-15	2.730562e-17	7.458832e-19	1.028326e-19	1.953127e-20	3.525033e-21	6.519475e-22	1.422109e-22	3.408543e-23	8.674057e-24	1.945784e-24	3.695815e-25	6.771314e-26	1.264816e-26	2.141479e-27	2.387004e-28	1.680082e-29	7.157856e-31	2.786490e-32	1.162587e-33	5.336113e-35	3.419486e-36	4.346841e-37	6.059424e-38	6.092807e-39	4.359623e-40	2.270605e-41	8.819751e-43	2.621826e-44	6.128189e-46	1.158195e-47	1.837849e-49	2.709307e-51	5.537190e-53	3.248062e-54	4.482862e-55	8.522107e-56	1.826805e-56	5.002887e-57	2.694913e-57	
R227	3.758100e-08	3.942738e-08	3.883185e-08	3.642568e-08	3.217058e-08	2.748492e-08	3.409550e-08	4.641354e-08	7.626423e-06	3.510185e-07	3.088977e-09	3.604126e-11	2.046142e-12	5.094573e-13	1.731489e-13	5.599301e-14	1.863902e-14	7.444395e-15	3.375715e-15	1.715055e-15	8.629829e-16	4.223348e-16	2.274333e-16	1.362731e-16	7.875047e-17	3.207240e-17	8.128531e-18	9.491066e-19	6.445960e-20	3.468838e-21	1.655305e-22	6.963858e-24	3.047347e-25	1.709573e-26	1.413219e-27	1.500249e-28	1.509108e-29	1.268369e-30	8.740447e-32	5.002427e-33	2.425871e-34	1.022581e-35	4.020267e-37	2.035467e-38	2.400153e-39	4.968580e-40	1.140136e-40	2.666299e-41	7.150659e-42	3.071208e-42	
R228	3.653770e-43	4.790969e-43	0.000000e+00	0.000000e+00	0.000000e+00	0.000000e+00	0.000000e+00	0.000000e+00	0.000000e+00	0.000000e+00	0.000000e+00	0.000000e+00	2.580407e-54	0.000000e+00	0.000000e+00	0.000000e+00	0.000000e+00	0.000000e+00	0.000000e+00	0.000000e+00	4.435908e-54	5.796747e-54	0.000000e+00	8.150968e-54	1.897744e-53	1.213830e-52	6.148931e-51	2.445814e-49	1.764183e-49	9.688655e-50	3.183297e-50	1.558080e-50	1.574033e-50	2.982025e-50	2.854165e-50	1.529675e-50	4.211077e-51	9.116164e-52	1.622655e-52	2.539311e-53	3.592120e-54	4.591892e-55	5.272901e-56	5.420106e-57	4.955280e-58	3.956010e-59	2.666832e-60	1.307221e-61	2.270706e-64	1.221965e-65	
R229	2.893451e-37	1.344516e-37	0.000000e+00	0.000000e+00	0.000000e+00	0.000000e+00	0.000000e+00	0.000000e+00	0.000000e+00	0.000000e+00	0.000000e+00	0.000000e+00	1.434481e-50	0.000000e+00	0.000000e+00	0.000000e+00	0.000000e+00	0.000000e+00	0.000000e+00	0.000000e+00	6.029203e-54	2.939222e-54	0.000000e+00	6.511171e-55	7.328289e-55	2.334783e-54	3.286361e-54	1.447194e-52	1.910866e-52	1.510865e-52	6.033406e-53	3.273864e-53	3.501647e-53	6.853842e-53	6.680772e-53	3.617578e-53	1.001781e-53	2.176166e-54	3.881643e-55	6.082516e-56	8.612037e-57	1.101592e-57	1.265557e-58	1.301359e-59	1.190118e-60	9.504370e-62	6.412352e-63	3.232731e-64	5.039071e-66	3.889894e-67	
R230	1.043271e-21	5.952750e-22	0.000000e+00	0.000000e+00	0.000000e+00	0.000000e+00	0.000000e+00	0.000000e+00	0.000000e+00	0.000000e+00	0.000000e+00	0.000000e+00	2.863956e-36	0.000000e+00	0.000000e+00	0.000000e+00	0.000000e+00	0.000000e+00	0.000000e+00	0.000000e+00	2.698092e-38	2.078387e-38	0.000000e+00	1.297074e-38	2.511168e-38	1.385555e-37	1.493262e-37	3.984046e-38	4.222960e-39	3.868521e-40	3.129053e-41	3.298946e-42	7.226286e-43	4.166519e-43	1.702308e-43	5.206100e-44	1.037463e-44	1.974072e-45	3.624500e-46	6.684332e-47	1.245105e-47	2.297078e-48	4.101465e-49	6.954969e-50	1.097441e-50	1.561841e-51	1.914584e-52	1.714637e-53	3.646456e-56	2.262460e-57	
R231	1.114165e-31	6.865640e-29	0.000000e+00	0.000000e+00	0.000000e+00	0.000000e+00	0.000000e+00	0.000000e+00	0.000000e+00	0.000000e+00	0.000000e+00	0.000000e+00	8.056268e-36	0.000000e+00	0.000000e+00	0.000000e+00	0.000000e+00	0.000000e+00	0.000000e+00	0.000000e+00	1.298515e-38	7.983717e-39	0.000000e+00	3.656191e-39	6.187912e-39	3.190604e-38	3.788010e-38	1.513006e-38	2.746003e-39	4.253821e-40	5.504560e-41	8.668940e-42	2.838854e-42	2.517902e-42	1.543811e-42	6.887709e-43	1.948043e-43	5.125480e-44	1.268426e-44	3.074136e-45	7.344696e-46	1.699731e-46	3.732522e-47	7.650889e-48	1.437562e-48	2.405007e-49	3.428541e-50	3.539492e-51	8.604341e-54	6.045394e-55	
R232	1.004158e-24	6.222539e-25	0.000000e+00	0.000000e+00	0.000000e+00	0.000000e+00	0.000000e+00	0.000000e+00	0.000000e+00	0.000000e+00	0.000000e+00	0.000000e+00	3.791696e-35	0.000000e+00	0.000000e+00	0.000000e+00	0.000000e+00	0.000000e+00	0.000000e+00	0.000000e+00	3.139262e-38	1.487765e-38	0.000000e+00	2.811705e-39	2.832434e-39	7.992801e-39	4.058431e-39	4.410837e-40	1.921511e-41	8.109478e-43	3.393395e-44	2.028116e-45	2.492311e-46	7.651122e-47	1.638022e-47	2.574094e-48	2.593571e-49	2.492315e-50	2.390746e-51	2.545759e-52	3.319386e-53	5.541105e-54	1.125918e-54	2.507685e-55	5.573194e-56	1.152564e-56	2.093821e-57	2.844566e-58	9.931885e-61	1.236179e-61	
R233	2.334440e-38	3.286877e-35	7.037312e-35	4.140543e-33	1.680832e-32	2.188697e-32	3.971426e-32	1.296383e-31	1.664979e-31	4.830412e-31	3.744021e-32	1.064703e-33	7.794165e-35	1.459935e-35	3.255009e-36	6.762474e-37	1.548093e-37	4.822428e-38	1.971546e-38	1.057370e-38	5.869927e-39	3.218690e-39	2.318122e-39	2.263649e-39	2.164036e-39	1.547578e-39	9.455987e-40	6.453104e-40	5.331278e-40	4.769026e-40	3.632678e-40	2.121277e-40	1.479726e-40	1.165597e-40	7.130901e-41	3.453826e-41	1.424156e-41	5.470344e-42	2.110251e-42	8.442438e-43	3.471510e-43	1.431940e-43	5.799684e-44	2.274451e-44	8.576721e-45	3.109656e-45	1.092369e-45	3.784367e-46	1.336299e-46	5.094057e-47	
R235	7.834584e-05	3.557133e-05	1.660174e-05	8.005674e-06	3.896872e-06	1.895948e-06	1.358007e-06	9.738972e-07	9.045277e-07	1.409030e-09	6.444934e-12	1.878791e-13	3.135188e-14	1.415767e-14	8.107305e-15	4.643826e-15	2.598007e-15	1.409024e-15	7.191055e-16	3.377394e-16	1.404405e-16	5.119677e-17	1.671365e-17	5.068927e-18	1.463367e-18	3.462935e-19	6.133189e-20	7.813282e-21	9.832749e-22	1.386076e-22	2.312347e-23	6.152258e-24	3.204174e-24	1.712340e-24	7.010499e-25	2.185949e-25	5.437557e-26	1.148413e-26	2.228636e-27	4.321854e-28	8.828407e-29	1.896700e-29	4.154626e-30	9.039561e-31	1.932018e-31	4.053458e-32	8.385530e-33	1.724529e-33	3.625087e-34	9.084542e-35	
R236	1.751422e-05	8.582380e-06	3.808881e-06	1.563032e-06	5.864137e-07	2.038460e-07	7.423794e-08	2.267628e-08	5.501824e-09	8.570461e-14	1.809192e-15	9.658184e-16	7.135704e-16	5.086359e-16	3.528650e-16	2.287032e-16	1.334959e-16	6.982624e-17	3.356953e-17	1.510083e-17	6.541725e-18	2.762321e-18	1.132984e-18	4.522599e-19	1.800733e-19	6.982700e-20	2.503500e-20	7.109657e-21	1.544153e-21	2.846300e-22	4.968656e-23	8.767980e-24	1.536643e-24	2.777699e-25	5.456947e-26	1.099674e-26	2.133158e-27	3.917930e-28	7.064172e-29	1.332031e-29	2.742188e-30	6.116233e-31	1.422754e-31	3.332249e-32	7.701910e-33	1.747796e-33	3.919837e-34	8.818899e-35	2.147172e-35	7.329186e-36	
R237	3.199585e-05	1.511401e-05	7.302348e-06	3.596655e-06	1.726461e-06	7.981261e-07	6.160888e-07	5.918322e-07	4.776830e-07	1.450169e-12	9.871777e-15	4.621959e-16	9.420070e-17	4.734580e-17	2.875073e-17	1.648347e-17	9.185206e-18	5.343620e-18	3.189583e-18	1.948314e-18	1.157824e-18	6.682312e-19	4.041837e-19	2.562813e-19	1.596762e-19	8.141677e-20	3.001695e-20	6.099172e-21	7.852055e-22	8.289754e-23	8.015400e-24	7.242561e-25	6.648833e-26	7.495857e-27	1.283016e-27	2.908340e-28	6.558223e-29	1.341894e-29	2.573322e-30	4.960940e-31	1.008941e-31	2.157696e-32	4.700087e-33	1.015427e-33	2.150665e-34	4.460160e-35	9.091990e-36	1.835294e-36	3.767702e-37	9.095461e-38	
R238	4.843107e-26	6.045629e-26	6.509469e-26	6.393323e-26	5.402121e-26	3.952682e-26	3.520201e-26	3.711704e-26	4.879987e-26	9.059491e-28	2.247186e-29	1.037231e-30	1.776333e-31	7.854628e-32	4.089613e-32	1.847717e-32	7.615020e-33	3.338240e-33	1.617737e-33	9.334900e-34	6.005546e-34	4.081802e-34	2.848110e-34	1.865733e-34	1.043300e-34	4.519530e-35	5.258573e-34	1.039802e-32	7.002455e-33	4.100523e-33	1.681123e-33	7.972931e-34	3.765526e-34	1.280261e-34	3.204160e-35	6.256289e-36	1.013228e-36	1.454644e-37	2.014084e-38	3.122247e-39	8.272672e-40	5.522664e-40	7.040802e-40	1.458397e-39	3.266646e-39	6.263209e-39	1.000758e-38	3.079931e-38	3.937001e-39	1.832134e-40	
R239	4.207834e-28	6.963958e-25	1.814458e-24	1.329669e-22	6.638488e-22	1.026679e-21	1.955817e-21	5.225493e-21	7.727744e-21	9.135633e-22	4.508171e-23	1.818553e-24	1.964076e-25	5.271422e-26	1.633585e-26	4.723212e-27	1.369874e-27	4.476870e-28	1.584571e-28	6.064878e-29	2.339451e-29	8.955275e-30	3.705363e-30	1.722171e-30	8.132971e-31	3.084170e-31	8.972386e-32	2.000539e-32	4.264995e-33	9.523471e-34	2.022653e-34	4.087417e-35	9.442290e-36	2.126726e-36	3.963212e-37	6.245547e-38	8.930038e-39	1.282251e-39	2.065871e-40	4.050817e-41	9.830007e-42	2.818330e-42	8.918098e-43	2.953767e-43	9.935806e-44	3.348421e-44	1.127019e-44	3.808158e-45	1.314681e-45	4.773288e-46	
R242	3.176413e-28	6.542301e-28	1.103784e-27	1.601523e-27	1.959859e-27	2.164183e-27	3.297507e-27	6.324799e-27	1.521522e-26	8.647330e-27	6.105547e-28	6.842544e-29	2.385432e-29	1.433169e-29	9.406371e-30	5.310432e-30	2.534688e-30	1.119105e-30	4.919265e-31	2.354206e-31	1.200126e-31	6.261364e-32	3.164623e-32	1.412025e-32	5.288597e-33	1.612977e-33	1.409501e-32	2.156311e-31	1.085296e-31	4.616234e-32	1.370080e-32	4.747133e-33	1.539900e-33	3.291473e-34	4.870558e-35	5.213335e-36	4.232680e-37	2.750243e-38	1.545526e-39	8.914419e-41	8.744474e-42	2.400452e-42	1.464144e-42	1.640867e-42	2.125575e-42	2.337941e-42	1.829900e-42	9.614679e-43	4.636387e-46	2.912120e-49	
R243	8.279283e-31	2.260823e-27	9.230108e-27	9.992434e-25	7.225216e-24	1.686389e-23	5.496267e-23	2.671295e-22	7.228256e-22	2.616003e-21	3.674576e-22	3.599062e-23	7.912658e-24	2.885498e-24	1.127205e-24	4.072424e-25	1.367903e-25	4.502453e-26	1.445523e-26	4.588578e-27	1.402522e-27	4.121138e-28	1.235143e-28	3.910123e-29	1.236806e-29	3.302131e-30	7.214841e-31	1.244598e-31	1.983069e-32	3.216363e-33	4.945257e-34	7.301021e-35	1.158418e-35	1.640305e-36	1.807312e-37	1.561315e-38	1.119136e-39	7.272915e-41	4.755796e-42	3.469683e-43	3.117188e-44	3.675002e-45	5.563590e-46	9.969999e-47	1.939540e-47	3.749713e-48	6.182309e-49	3.566399e-50	4.644681e-53	2.276098e-55	
R244	1.002895e-29	8.774727e-30	8.411066e-30	1.088973e-27	2.568097e-26	1.297712e-25	8.214717e-25	3.623731e-24	1.194975e-22	1.821509e-20	2.297004e-22	6.646735e-25	5.954921e-27	3.852101e-28	4.568895e-29	5.616376e-30	8.366394e-31	1.923752e-31	6.201862e-32	2.696611e-32	1.224965e-32	5.445912e-33	2.994922e-33	2.076017e-33	1.351303e-33	5.345343e-34	1.237587e-34	3.831680e-35	3.056982e-35	4.143467e-35	3.970876e-35	3.187915e-35	2.737684e-35	2.168806e-35	1.216417e-35	5.007867e-36	1.571291e-36	3.884343e-37	7.803706e-38	1.311149e-38	1.888613e-39	2.379612e-40	2.663910e-41	2.679351e-42	2.430191e-43	1.954108e-44	1.268783e-45	3.229681e-47	5.808196e-51	3.655894e-53	
R245	3.728539e-26	4.248784e-26	5.393574e-26	9.437046e-24	3.086158e-22	2.237587e-21	2.091514e-20	1.431240e-19	8.277908e-18	2.789936e-15	1.110815e-16	1.173494e-18	2.693674e-20	3.094928e-21	5.988300e-22	1.230607e-22	2.867433e-23	8.721958e-24	3.168615e-24	1.325258e-24	5.622323e-25	2.328984e-25	1.024693e-25	4.928049e-26	2.305768e-26	7.568149e-27	1.604807e-27	4.572753e-28	3.300135e-28	4.128718e-28	4.024914e-28	3.882571e-28	3.833081e-28	3.036585e-28	1.703127e-28	7.011606e-29	2.199993e-29	5.438540e-30	1.092611e-30	1.835764e-31	2.644282e-32	3.331738e-33	3.729789e-34	3.751408e-35	3.402554e-36	2.735982e-37	1.776446e-38	4.521935e-40	8.132162e-44	5.118684e-46	
R246	6.362386e-20	1.115556e-19	2.168655e-19	1.842286e-16	9.377854e-15	8.755870e-14	8.888879e-13	5.525687e-12	3.281824e-10	3.129246e-08	1.975922e-09	6.890791e-11	5.270201e-12	1.121281e-12	2.923490e-13	7.385433e-14	1.954322e-14	6.082057e-15	2.098123e-15	7.823758e-16	2.947591e-16	1.098626e-16	4.166749e-17	1.660194e-17	6.635280e-18	2.062735e-18	4.741134e-19	1.405709e-19	6.888966e-20	4.688451e-20	2.525584e-20	1.496476e-20	9.005745e-21	4.048906e-21	1.271160e-21	2.877166e-22	4.846548e-23	6.273001e-24	6.489067e-25	5.657441e-26	4.473617e-27	3.513136e-28	2.947097e-29	2.663420e-30	2.474580e-31	2.211295e-32	1.682606e-33	5.231935e-35	1.199709e-38	1.017309e-40	
R247	2.388341e-12	1.220427e-11	5.217061e-11	5.793425e-09	9.259204e-08	6.469773e-07	9.451799e-06	1.449303e-04	2.527521e-02	2.927532e-03	1.304139e-04	2.300788e-05	1.334378e-05	1.018325e-05	8.463360e-06	6.715291e-06	4.834881e-06	3.042040e-06	1.608848e-06	6.992523e-07	2.528529e-07	8.097903e-08	2.450297e-08	7.342237e-09	2.189993e-09	5.962458e-10	1.550122e-10	5.001929e-11	2.420868e-11	1.626370e-11	1.229957e-11	9.546622e-12	6.280673e-12	3.179396e-12	1.218675e-12	3.660308e-13	8.975543e-14	1.885531e-14	3.583992e-15	6.489538e-16	1.158256e-16	2.061734e-17	3.648044e-18	6.356145e-19	1.074750e-19	1.707061e-20	2.288705e-21	1.241680e-22	4.805454e-26	5.678137e-28	
R248	2.879980e-20	6.601079e-20	1.196893e-19	5.195344e-18	3.032840e-17	7.445015e-17	1.920662e-16	3.410171e-16	9.901631e-15	2.092053e-12	4.817646e-14	4.540141e-16	1.671565e-17	2.447617e-18	4.692386e-19	8.616624e-20	1.706856e-20	4.322697e-21	1.326250e-21	4.859080e-22	1.835840e-22	6.901521e-23	2.973076e-23	1.491144e-23	7.305822e-24	2.571980e-24	6.444982e-25	2.102798e-25	1.120577e-25	8.050122e-26	4.310261e-26	2.314104e-26	1.287052e-26	5.755265e-27	1.793699e-27	4.018365e-28	6.671662e-29	8.464108e-30	8.521229e-31	7.165873e-32	5.405183e-33	3.994095e-34	3.101035e-35	2.543431e-36	2.096600e-37	1.620595e-38	1.037410e-39	2.632640e-41	4.751409e-45	3.014564e-47	
R250	2.272048e-13	6.409678e-13	1.449925e-12	7.974135e-11	5.961094e-10	1.890408e-09	6.011220e-09	1.200788e-08	4.641972e-07	1.348302e-04	8.393648e-06	2.933004e-07	2.680860e-08	6.772400e-09	2.063924e-09	6.173813e-10	1.872466e-10	6.189368e-11	2.125095e-11	7.484286e-12	2.643757e-12	9.277383e-13	3.224722e-13	1.139890e-13	4.077558e-14	1.202049e-14	2.757578e-15	5.110543e-16	1.046596e-16	2.310671e-17	4.912135e-18	9.199638e-19	1.728227e-19	3.449720e-20	6.559642e-21	1.165244e-21	1.893504e-22	2.774543e-23	3.652982e-24	4.349005e-25	4.742182e-26	4.808814e-27	4.595230e-28	4.164272e-29	3.560122e-30	2.796724e-31	1.830142e-32	4.847959e-34	9.793916e-38	8.327272e-40	
R251	2.272048e-13	6.409678e-13	1.449925e-12	7.974135e-11	5.961094e-10	1.890408e-09	6.011220e-09	1.200788e-08	4.641972e-07	1.348302e-04	8.393648e-06	2.933004e-07	2.680860e-08	6.772400e-09	2.063924e-09	6.173813e-10	1.872466e-10	6.189368e-11	2.125095e-11	7.484286e-12	2.643757e-12	9.277383e-13	3.224722e-13	1.139890e-13	4.077558e-14	1.202049e-14	2.757578e-15	5.110543e-16	1.046596e-16	2.310671e-17	4.912135e-18	9.199638e-19	1.728227e-19	3.449720e-20	6.559642e-21	1.165244e-21	1.893504e-22	2.774543e-23	3.652982e-24	4.349005e-25	4.742182e-26	4.808814e-27	4.595230e-28	4.164272e-29	3.560122e-30	2.796724e-31	1.830142e-32	4.847959e-34	9.793916e-38	8.327272e-40	
R252	5.056327e-12	1.281940e-11	2.327928e-11	9.230259e-10	4.310640e-09	7.403454e-09	1.304388e-08	1.529184e-08	1.446888e-07	2.436716e-07	3.236119e-09	2.728406e-11	1.264547e-12	2.335982e-13	5.708570e-14	1.330094e-14	3.295549e-15	1.018722e-15	3.826600e-16	1.753851e-16	8.042479e-17	3.597950e-17	1.995017e-17	1.374491e-17	8.893260e-18	4.115268e-18	1.414505e-18	3.734668e-19	9.045724e-20	2.195095e-20	5.354989e-21	1.610984e-21	9.810182e-22	7.522785e-22	4.430386e-22	1.945462e-22	6.543459e-23	1.740306e-23	3.774660e-24	6.868274e-25	1.074051e-25	1.471771e-26	1.793947e-27	1.965628e-28	1.941214e-29	1.695728e-30	1.190197e-31	3.248273e-33	6.212515e-37	4.112935e-39	
R254	4.458815e-25	5.366504e-23	8.069629e-22	6.767329e-18	8.495204e-16	1.617685e-14	3.584104e-13	5.573768e-12	2.125392e-08	9.425532e-05	1.058110e-05	1.042617e-06	2.838831e-07	1.539267e-07	9.450787e-08	5.779468e-08	3.286673e-08	1.660537e-08	7.180291e-09	2.587772e-09	7.858669e-10	2.016191e-10	4.031543e-11	6.681205e-12	1.060184e-12	1.490342e-13	1.775941e-14	1.631060e-15	1.539743e-16	1.691673e-17	2.358501e-18	5.775649e-19	2.604127e-19	1.061988e-19	3.175793e-20	6.811656e-21	1.073484e-21	1.278911e-22	1.185923e-23	8.810380e-25	5.392789e-26	2.803629e-27	1.296088e-28	5.823576e-30	2.922905e-31	1.752230e-32	1.059397e-33	2.793336e-35	5.855230e-39	5.325001e-41	
R255	2.204487e-14	5.249237e-14	8.894639e-14	3.175458e-12	1.312573e-11	1.953960e-11	1.812463e-11	7.802173e-12	2.454683e-11	2.857308e-11	4.352206e-13	4.092040e-15	9.009655e-17	5.636977e-18	4.493317e-19	3.766501e-20	5.308357e-21	1.768976e-21	1.022409e-21	8.299025e-22	7.061768e-22	5.968496e-22	6.308250e-22	8.354962e-22	1.021688e-21	8.527250e-22	5.105601e-22	2.069262e-22	6.240178e-23	1.480645e-23	2.710095e-24	3.744528e-25	5.413947e-26	9.612631e-27	1.794017e-27	3.430132e-28	6.278600e-29	1.046357e-29	1.559303e-30	2.083494e-31	2.521515e-32	2.790072e-33	2.837280e-34	2.652047e-35	2.263128e-36	1.719628e-37	1.054994e-38	2.537013e-40	4.394752e-44	2.786053e-46	
R257	3.230780e-14	6.048633e-13	7.535050e-12	5.358184e-08	6.386536e-06	1.246514e-04	2.231389e-03	2.934757e-02	8.345365e+01	3.539443e+05	1.797739e+05	3.202925e+04	7.399102e+03	3.421821e+03	1.733364e+03	8.496065e+02	4.026744e+02	1.935189e+02	9.003274e+01	4.025161e+01	1.777168e+01	7.799699e+00	3.166683e+00	1.222445e+00	4.791960e-01	1.605785e-01	4.028554e-02	5.665322e-03	6.170104e-04	6.851403e-05	8.272299e-06	1.080182e-06	1.350390e-07	1.553926e-08	1.770457e-09	1.984208e-10	2.157808e-11	2.250566e-12	2.237746e-13	2.116177e-14	1.899379e-15	1.612237e-16	1.287289e-17	9.587747e-19	6.535934e-20	3.850438e-21	1.591841e-22	1.065375e-24	3.595321e-31	1.121800e-34	
R258	9.110588e-24	1.859135e-23	4.369856e-23	1.199151e-20	3.577865e-19	2.351157e-18	2.645636e-17	1.272096e-15	1.189691e-12	3.195755e-10	5.736236e-09	1.262066e-08	6.596198e-09	4.128877e-09	2.204219e-09	8.752685e-10	2.832390e-10	8.669367e-11	2.467106e-11	6.572190e-12	1.680503e-12	4.144516e-13	9.240304e-14	1.950842e-14	4.200777e-15	8.394030e-16	1.453433e-16	1.841928e-17	2.255609e-18	3.358211e-19	5.914648e-20	1.066464e-20	1.923499e-21	3.496449e-22	6.068914e-23	1.013011e-23	1.642608e-24	2.613413e-25	4.114265e-26	6.442099e-27	1.004226e-27	1.554432e-28	2.377821e-29	3.571304e-30	5.205372e-31	7.140239e-32	8.290579e-33	3.907494e-34	1.319779e-37	1.371261e-39	
R259	7.194759e-10	2.680143e-09	8.137117e-09	5.919897e-07	5.616474e-06	2.218886e-05	1.199191e-04	8.308173e-04	7.285965e-02	2.837408e+00	3.421701e+00	2.238251e+00	1.151439e+00	6.964789e-01	4.075933e-01	2.232028e-01	1.138185e-01	5.560417e-02	2.573374e-02	1.137554e-02	4.943919e-03	2.130825e-03	8.733806e-04	3.467874e-04	1.394531e-04	5.215690e-05	1.669670e-05	3.842895e-06	7.423894e-07	1.406150e-07	2.743880e-08	5.543091e-09	1.073591e-09	1.935096e-10	3.388680e-11	5.719576e-12	9.205323e-13	1.402698e-13	2.022980e-14	2.779109e-15	3.681571e-16	4.784839e-17	6.217539e-18	8.161801e-19	1.063939e-19	1.275067e-20	1.096273e-21	1.305192e-23	4.745136e-30	3.065507e-33	
R260	2.205914e-26	5.597706e-24	1.275933e-22	1.838276e-17	8.490693e-15	2.717011e-13	1.136142e-11	5.313486e-10	1.593776e-07	2.971336e-04	2.090610e-04	5.721326e-05	1.798745e-05	7.364523e-06	2.813994e-06	9.412855e-07	2.708363e-07	6.999139e-08	1.622392e-08	3.442211e-09	7.035285e-10	1.408155e-10	2.611174e-11	4.623583e-12	8.397877e-13	1.472553e-13	2.394010e-14	3.039192e-15	3.128076e-16	2.956964e-17	2.798521e-18	2.731042e-19	2.491270e-20	2.054889e-21	1.637286e-22	1.251938e-23	9.096777e-25	6.239813e-26	4.040098e-27	2.485054e-28	1.469744e-29	8.499758e-31	4.894621e-32	2.832700e-33	1.617016e-34	8.410814e-36	3.101457e-37	1.558498e-39	2.382314e-46	5.938240e-50	
R261	1.069169e-27	3.392917e-23	2.312415e-21	1.280849e-15	1.440553e-12	9.585544e-11	5.775449e-09	2.577257e-07	1.324574e-03	7.989046e+00	2.711826e+01	3.193286e+01	2.688608e+01	1.961501e+01	1.326942e+01	8.420197e+00	4.830909e+00	2.522627e+00	1.216188e+00	5.523267e-01	2.408270e-01	1.021706e-01	4.146784e-02	1.641571e-02	6.513959e-03	2.532557e-03	1.001600e-03	3.628335e-04	1.163972e-04	3.429091e-05	9.666945e-06	2.644135e-06	6.535531e-07	1.437048e-07	2.918334e-08	5.400409e-09	8.972325e-10	1.324353e-10	1.730642e-11	2.006303e-12	2.072162e-13	1.913966e-14	1.583777e-15	1.171370e-16	7.635018e-18	4.157605e-19	1.540905e-20	9.001771e-23	4.180908e-29	6.661167e-33	
R263	7.950068e-31	2.317573e-30	0.000000e+00	0.000000e+00	0.000000e+00	0.000000e+00	0.000000e+00	0.000000e+00	0.000000e+00	0.000000e+00	0.000000e+00	0.000000e+00	1.218658e-28	0.000000e+00	0.000000e+00	0.000000e+00	0.000000e+00	0.000000e+00	0.000000e+00	0.000000e+00	3.086586e-32	1.254223e-32	0.000000e+00	1.552197e-33	1.176473e-33	2.823276e-33	1.236085e-33	1.400382e-34	8.402917e-36	6.118840e-37	4.593406e-38	4.257435e-39	4.063694e-40	5.830288e-41	6.450654e-42	6.891308e-43	6.035970e-44	6.190385e-45	7.181975e-46	9.516500e-47	1.409586e-47	2.237998e-48	3.653902e-49	5.920967e-50	9.149477e-51	1.259549e-51	1.323750e-52	4.901290e-54	9.851047e-58	6.712512e-60	
R264	4.014872e-48	1.880331e-48	0.000000e+00	0.000000e+00	0.000000e+00	0.000000e+00	0.000000e+00	0.000000e+00	0.000000e+00	0.000000e+00	0.000000e+00	0.000000e+00	9.804978e-61	0.000000e+00	0.000000e+00	0.000000e+00	0.000000e+00	0.000000e+00	0.000000e+00	0.000000e+00	3.504086e-65	1.306594e-65	0.000000e+00	1.185461e-66	1.666571e-66	2.797696e-65	2.114133e-65	1.909519e-66	6.233827e-68	2.946996e-69	1.378464e-70	9.280319e-72	6.882635e-73	1.231180e-73	1.322799e-74	1.347063e-75	9.502834e-77	9.583309e-78	1.297325e-78	2.408654e-79	5.887670e-80	1.748486e-80	5.837271e-81	2.057977e-81	7.208696e-82	2.318953e-82	6.195610e-83	1.269084e-83	1.519144e-84	2.260614e-85	
R265	2.132508e-34	5.758438e-34	0.000000e+00	0.000000e+00	0.000000e+00	0.000000e+00	0.000000e+00	0.000000e+00	0.000000e+00	0.000000e+00	0.000000e+00	0.000000e+00	3.719288e-33	0.000000e+00	0.000000e+00	0.000000e+00	0.000000e+00	0.000000e+00	0.000000e+00	0.000000e+00	3.057173e-38	7.260530e-39	0.000000e+00	2.991194e-40	1.328517e-40	2.053264e-40	6.774606e-41	7.804742e-42	5.432471e-43	4.494372e-44	3.707529e-45	3.723739e-46	3.807738e-47	5.748094e-48	6.562067e-49	7.084630e-50	6.160716e-51	6.191176e-52	6.986500e-53	9.016848e-54	1.321504e-54	2.153402e-55	3.834704e-56	7.338734e-57	1.452751e-57	2.724696e-58	3.986745e-59	1.756824e-60	2.545871e-64	2.356823e-66	
R266	2.101961e-28	2.615048e-25	0.000000e+00	0.000000e+00	0.000000e+00	0.000000e+00	0.000000e+00	0.000000e+00	0.000000e+00	0.000000e+00	0.000000e+00	0.000000e+00	6.521378e-27	0.000000e+00	0.000000e+00	0.000000e+00	0.000000e+00	0.000000e+00	0.000000e+00	0.000000e+00	6.954501e-28	5.245715e-28	0.000000e+00	2.489215e-28	3.736022e-28	2.084237e-27	2.868428e-27	1.623400e-27	5.285249e-28	1.800121e-28	5.441946e-29	1.831693e-29	6.141358e-30	3.079249e-30	1.152870e-30	4.033067e-31	1.123701e-31	3.578288e-32	1.263673e-32	5.019485e-33	2.207086e-33	1.036717e-33	5.024090e-34	2.442261e-34	1.157732e-34	5.153684e-35	2.050480e-35	7.002722e-36	1.785384e-36	4.914443e-37	
R267	2.408809e-22	1.193187e-22	0.000000e+00	0.000000e+00	0.000000e+00	0.000000e+00	0.000000e+00	0.000000e+00	0.000000e+00	0.000000e+00	0.000000e+00	0.000000e+00	9.770511e-35	0.000000e+00	0.000000e+00	0.000000e+00	0.000000e+00	0.000000e+00	0.000000e+00	0.000000e+00	1.335125e-36	8.487712e-37	0.000000e+00	2.872144e-37	3.589694e-37	1.459052e-36	1.145149e-36	2.427470e-37	2.323903e-38	2.253973e-39	2.012888e-40	2.082353e-41	2.290376e-42	4.686732e-43	1.118915e-43	3.394034e-44	8.320387e-45	2.109065e-45	5.289980e-46	1.348352e-46	3.494733e-47	9.027638e-48	2.275867e-48	5.511568e-49	1.260528e-49	2.648547e-50	4.913705e-51	7.819563e-52	9.559798e-53	1.513869e-53	
R268	1.081227e-37	3.026912e-36	0.000000e+00	0.000000e+00	0.000000e+00	0.000000e+00	0.000000e+00	0.000000e+00	0.000000e+00	0.000000e+00	0.000000e+00	0.000000e+00	1.517653e-30	0.000000e+00	0.000000e+00	0.000000e+00	0.000000e+00	0.000000e+00	0.000000e+00	0.000000e+00	3.075590e-33	1.511625e-33	0.000000e+00	2.830899e-34	2.649215e-34	8.590226e-34	6.077100e-34	1.505431e-34	2.248331e-35	4.038580e-36	7.210587e-37	1.537514e-37	3.360437e-38	1.105627e-38	2.736940e-39	6.359519e-40	1.178594e-40	2.491655e-41	5.808604e-42	1.508040e-42	4.272390e-43	1.269145e-43	3.801797e-44	1.111121e-44	3.050791e-45	7.367145e-46	1.343627e-46	8.557381e-48	2.929986e-51	3.377110e-53	
R269	6.304530e-42	3.263739e-38	0.000000e+00	0.000000e+00	0.000000e+00	0.000000e+00	0.000000e+00	0.000000e+00	0.000000e+00	0.000000e+00	0.000000e+00	0.000000e+00	3.857720e-28	0.000000e+00	0.000000e+00	0.000000e+00	0.000000e+00	0.000000e+00	0.000000e+00	0.000000e+00	5.620975e-31	2.178757e-31	0.000000e+00	2.474961e-32	1.785007e-32	4.799350e-32	3.258458e-32	9.362810e-33	1.624120e-33	3.091064e-34	5.435293e-35	1.092097e-35	2.115402e-36	5.799372e-37	1.143677e-37	2.017396e-38	2.699538e-39	3.918139e-40	5.974346e-41	9.704473e-42	1.654070e-42	2.857690e-43	4.835319e-44	7.780727e-45	1.149605e-45	1.462845e-46	1.378264e-47	4.454369e-49	1.232155e-52	4.287162e-55	
R270	9.651617e-36	2.564339e-35	0.000000e+00	0.000000e+00	0.000000e+00	0.000000e+00	0.000000e+00	0.000000e+00	0.000000e+00	0.000000e+00	0.000000e+00	0.000000e+00	2.485156e-33	0.000000e+00	0.000000e+00	0.000000e+00	0.000000e+00	0.000000e+00	0.000000e+00	0.000000e+00	2.070120e-37	5.426479e-38	0.000000e+00	2.489063e-39	1.087830e-39	1.720579e-39	6.694925e-40	1.184169e-40	1.396437e-41	1.903286e-42	2.462771e-43	3.705367e-44	5.537607e-45	1.197544e-45	1.872322e-46	2.614532e-47	2.729226e-48	2.971309e-49	3.176691e-50	3.353188e-51	3.538124e-52	3.793705e-53	4.196680e-54	4.790928e-55	5.432059e-56	5.458399e-57	3.605272e-58	2.899442e-60	3.337781e-66	3.823091e-70	
R271	3.486148e-44	1.844170e-40	0.000000e+00	0.000000e+00	0.000000e+00	0.000000e+00	0.000000e+00	0.000000e+00	0.000000e+00	0.000000e+00	0.000000e+00	0.000000e+00	8.987957e-29	0.000000e+00	0.000000e+00	0.000000e+00	0.000000e+00	0.000000e+00	0.000000e+00	0.000000e+00	1.887477e-30	7.988486e-31	0.000000e+00	9.235700e-32	6.233272e-32	1.667132e-31	1.317138e-31	5.737745e-32	1.660768e-32	5.144343e-33	1.422575e-33	4.402845e-34	1.273118e-34	4.999991e-35	1.350405e-35	3.080978e-36	4.949011e-37	7.781714e-38	1.124155e-38	1.493468e-39	1.832649e-40	2.083408e-41	2.189878e-42	2.102032e-43	1.778864e-44	1.212736e-45	5.157897e-47	3.042236e-49	6.685097e-55	2.877917e-59	
R272	8.407793e-22	4.952603e-22	0.000000e+00	0.000000e+00	0.000000e+00	0.000000e+00	0.000000e+00	0.000000e+00	0.000000e+00	0.000000e+00	0.000000e+00	0.000000e+00	9.250133e-33	0.000000e+00	0.000000e+00	0.000000e+00	0.000000e+00	0.000000e+00	0.000000e+00	0.000000e+00	2.574084e-36	9.511283e-37	0.000000e+00	1.109823e-37	8.158900e-38	2.002620e-37	1.043000e-37	1.941390e-38	2.205311e-39	3.085882e-40	4.810754e-41	1.379617e-41	8.025586e-42	7.673191e-42	4.388313e-42	1.836855e-42	4.975989e-43	1.301336e-43	3.293432e-44	8.396739e-45	2.166920e-45	5.554036e-46	1.384294e-46	3.300010e-47	7.387541e-48	1.507991e-48	2.690685e-49	4.062548e-50	4.627538e-51	6.690508e-52	
R273	2.457801e-34	2.880218e-32	0.000000e+00	0.000000e+00	0.000000e+00	0.000000e+00	0.000000e+00	0.000000e+00	0.000000e+00	0.000000e+00	0.000000e+00	0.000000e+00	5.536839e-24	0.000000e+00	0.000000e+00	0.000000e+00	0.000000e+00	0.000000e+00	0.000000e+00	0.000000e+00	1.714813e-25	8.795228e-26	0.000000e+00	1.507744e-26	1.209287e-26	3.624496e-26	2.813115e-26	1.022083e-26	2.468836e-27	7.106778e-28	1.971510e-28	6.268633e-29	1.953596e-29	9.232828e-30	3.102400e-30	9.282840e-31	1.965670e-31	4.316513e-32	8.945846e-33	1.769480e-33	3.403527e-34	6.602758e-35	1.378667e-35	3.351645e-36	9.606534e-37	2.890188e-37	7.240497e-38	6.900618e-39	4.611471e-42	9.234064e-44	
R274	6.213394e-33	1.093700e-29	0.000000e+00	0.000000e+00	0.000000e+00	0.000000e+00	0.000000e+00	0.000000e+00	0.000000e+00	0.000000e+00	0.000000e+00	0.000000e+00	2.156908e-28	0.000000e+00	0.000000e+00	0.000000e+00	0.000000e+00	0.000000e+00	0.000000e+00	0.000000e+00	1.147274e-27	7.737595e-28	0.000000e+00	1.997006e-28	1.676961e-28	7.112601e-28	7.960730e-28	4.477890e-28	1.407840e-28	4.181365e-29	1.021298e-29	2.748584e-30	6.459489e-31	2.048521e-31	4.248514e-32	7.412924e-33	8.610886e-34	1.016486e-34	1.141958e-35	1.320150e-36	1.737933e-37	2.797770e-38	5.369658e-39	1.119145e-39	2.295045e-40	4.194304e-41	5.715721e-42	0.000000e+00	0.000000e+00	0.000000e+00	
R275	5.837664e-35	2.257401e-33	0.000000e+00	0.000000e+00	0.000000e+00	0.000000e+00	0.000000e+00	0.000000e+00	0.000000e+00	0.000000e+00	0.000000e+00	0.000000e+00	4.712435e-25	0.000000e+00	0.000000e+00	0.000000e+00	0.000000e+00	0.000000e+00	0.000000e+00	0.000000e+00	3.809259e-26	1.685512e-26	0.000000e+00	1.817503e-27	9.824643e-28	2.466001e-27	1.430848e-27	3.551184e-28	5.171414e-29	8.163135e-30	1.175618e-30	1.969197e-31	2.976492e-32	6.194116e-33	8.493708e-34	9.843590e-35	7.605648e-36	5.960588e-37	4.420405e-38	3.340043e-39	2.833086e-40	2.884285e-41	3.421790e-42	4.287762e-43	5.092966e-44	5.049129e-45	3.154056e-46	0.000000e+00	0.000000e+00	0.000000e+00	
R276	1.331388e-58	5.909325e-59	1.773090e-59	2.906086e-59	3.522054e-59	3.831554e-59	1.067851e-58	4.253585e-58	2.012849e-57	5.893078e-57	2.505366e-57	3.668995e-59	1.228398e-60	3.589788e-61	1.947471e-61	8.553525e-62	4.363738e-62	4.188848e-62	7.107968e-62	2.040615e-61	5.838446e-61	1.453373e-60	5.362568e-60	2.898415e-59	1.216355e-58	2.271613e-58	2.138545e-58	2.855244e-58	9.055879e-58	3.970028e-57	9.058369e-57	1.175629e-56	1.779165e-56	3.385866e-56	4.913697e-56	5.900021e-56	6.273601e-56	6.143014e-56	5.616140e-56	4.690266e-56	3.397985e-56	2.094740e-56	1.134121e-56	5.643732e-57	2.675426e-57	1.235612e-57	5.629247e-58	2.546702e-58	1.146177e-58	5.150515e-59	
R277	2.725956e-27	6.740770e-28	1.717695e-28	9.354278e-28	1.473749e-27	2.048706e-27	9.906950e-27	8.059736e-26	1.255966e-24	2.973890e-22	1.081650e-20	1.855938e-20	1.183692e-20	9.165207e-21	6.708581e-21	3.799339e-21	1.907875e-21	1.019365e-21	5.794400e-22	3.486586e-22	2.069154e-22	1.185501e-22	6.889384e-23	4.204158e-23	2.556896e-23	1.373168e-23	6.931300e-24	6.426015e-24	1.023740e-23	1.968707e-23	2.628609e-23	3.533006e-23	4.687531e-23	4.632527e-23	3.146525e-23	1.528793e-23	5.539045e-24	1.557324e-24	3.550791e-25	6.943658e-26	1.256640e-26	2.312037e-27	4.669145e-28	1.048892e-28	2.525851e-29	6.278509e-30	1.582892e-30	4.045820e-31	1.070818e-31	3.444911e-32	
R278	5.276044e-28	1.304665e-28	3.324571e-29	1.810505e-28	2.852418e-28	3.965237e-28	1.917474e-27	1.559949e-26	2.430901e-25	5.755916e-23	2.093516e-21	3.592137e-21	2.291017e-21	1.773911e-21	1.298435e-21	7.353560e-22	3.692661e-22	1.972965e-22	1.121497e-22	6.748231e-23	4.004813e-23	2.294518e-23	1.333429e-23	8.137080e-24	4.948831e-24	2.657744e-24	1.341542e-24	1.243745e-24	1.981433e-24	3.810401e-24	5.087630e-24	6.838077e-24	9.072640e-24	8.966182e-24	6.090048e-24	2.958954e-24	1.072073e-24	3.014176e-25	6.872498e-26	1.343934e-26	2.432207e-27	4.474911e-28	9.037055e-29	2.030113e-29	4.888743e-30	1.215195e-30	3.063661e-31	7.830619e-32	2.072551e-32	6.667570e-33	
R279	1.346580e-21	5.823438e-22	1.887856e-22	7.335524e-23	1.906687e-23	1.042766e-23	1.983028e-23	7.550190e-23	1.085019e-21	1.401855e-18	6.926436e-17	1.429026e-16	1.306845e-16	1.359604e-16	1.295750e-16	9.732688e-17	6.182419e-17	3.733806e-17	2.172225e-17	1.226912e-17	6.738115e-18	3.583489e-18	1.820204e-18	9.106654e-19	4.612355e-19	2.254950e-19	1.119755e-19	1.036749e-19	1.597479e-19	2.953198e-19	3.998229e-19	6.033899e-19	8.708419e-19	8.559813e-19	5.771642e-19	2.775567e-19	9.911857e-20	2.731515e-20	6.061270e-21	1.143289e-21	1.973700e-22	3.416936e-23	6.386579e-24	1.302056e-24	2.781892e-25	5.981399e-26	1.268639e-26	2.646392e-27	5.512909e-28	1.326992e-28	
R281	7.972899e-34	1.628738e-33	1.987469e-33	2.530953e-33	1.808847e-33	2.386062e-33	7.697686e-33	3.517596e-32	7.637726e-31	5.239061e-31	1.269609e-29	2.827780e-28	2.203020e-27	1.279946e-26	7.085298e-26	3.219171e-25	1.241292e-24	4.412355e-24	1.540488e-23	5.291437e-23	1.658193e-22	4.621314e-22	1.218357e-21	2.933128e-21	5.903500e-21	1.112082e-20	8.698572e-19	2.007855e-16	1.635518e-15	8.961323e-15	2.712041e-14	8.051831e-14	2.197486e-13	4.149219e-13	5.402640e-13	5.112784e-13	3.702899e-13	2.143181e-13	1.028333e-13	4.222049e-14	1.524392e-14	4.954151e-15	1.478069e-15	4.116530e-16	1.085664e-16	2.745313e-17	6.731821e-18	1.621956e-18	5.726618e-19	2.097453e-19	
R282	5.213542e-14	2.024996e-14	6.031050e-15	2.165354e-15	5.104389e-16	2.478738e-16	4.875069e-16	2.069492e-15	2.906441e-14	3.514831e-13	3.608607e-12	7.223675e-12	1.117756e-11	2.040284e-11	3.670041e-11	5.428626e-11	6.803336e-11	7.634789e-11	7.816485e-11	7.251970e-11	5.826933e-11	4.011267e-11	2.431737e-11	1.359233e-11	7.188749e-12	3.557553e-12	1.755853e-12	9.401385e-13	5.429755e-13	3.140575e-13	1.914407e-13	1.716379e-13	2.905054e-13	4.967910e-13	6.320343e-13	5.938740e-13	4.288873e-13	2.478915e-13	1.188565e-13	4.878276e-14	1.761232e-14	5.724872e-15	1.708633e-15	4.761050e-16	1.256384e-16	3.179082e-17	7.801126e-18	1.879305e-18	4.559316e-19	1.302076e-19	
R283	1.080379e-15	4.196437e-16	1.088557e-16	2.943908e-17	4.517262e-18	1.224720e-18	6.731591e-19	4.854325e-19	5.503470e-19	2.496290e-18	4.226824e-17	4.124361e-17	1.306866e-17	4.157673e-18	1.238060e-18	3.142596e-19	1.092561e-19	7.366866e-20	7.526156e-20	9.635416e-20	1.240653e-19	1.546306e-19	2.196775e-19	3.596327e-19	5.515860e-19	7.130642e-19	8.906566e-19	1.075289e-18	9.941725e-19	6.360971e-19	2.914740e-19	1.016927e-19	3.516762e-20	1.372546e-20	5.541943e-21	2.274568e-21	8.955084e-22	3.241815e-22	1.064824e-22	3.191280e-23	8.839306e-24	2.291499e-24	5.609829e-25	1.303397e-25	2.882834e-26	6.093246e-27	1.238578e-27	2.448337e-28	4.895292e-29	1.177386e-29	
R284	3.141989e-35	3.357090e-35	2.308949e-35	1.691038e-35	6.934872e-36	5.079920e-36	1.247162e-35	7.825024e-35	1.568043e-33	2.290120e-31	1.305031e-29	4.267358e-29	6.952443e-29	1.263665e-28	2.097760e-28	2.487598e-28	2.330379e-28	2.133685e-28	2.082648e-28	2.370833e-28	2.940450e-28	3.765056e-28	4.842296e-28	5.776702e-28	5.855668e-28	5.273782e-28	1.705316e-26	1.413611e-24	4.355522e-24	1.043965e-23	1.564698e-23	2.514720e-23	3.876452e-23	4.217477e-23	3.280020e-23	1.929931e-23	9.074382e-24	3.565258e-24	1.219641e-24	4.001605e-25	1.873919e-25	1.892720e-25	3.287832e-25	8.721712e-25	2.412038e-24	5.577553e-24	1.057125e-23	3.810996e-23	5.622344e-24	2.981680e-25	
R287	4.966740e-28	4.199195e-29	2.838852e-30	1.933596e-31	6.821061e-33	3.654709e-34	4.693763e-35	9.380962e-36	2.239595e-36	1.118393e-36	9.985736e-38	1.447255e-40	5.319627e-43	1.811538e-44	9.315598e-46	3.108517e-47	1.412180e-48	2.050863e-49	7.387888e-50	6.227782e-50	5.950331e-50	5.525484e-50	1.164581e-49	5.346808e-49	1.986860e-48	3.388848e-48	3.496612e-48	3.585095e-48	3.549808e-48	2.634912e-48	9.864073e-49	1.304728e-49	2.027923e-50	6.398159e-51	1.893216e-51	5.261376e-52	1.372209e-52	3.356338e-53	7.706886e-54	1.666622e-54	3.410847e-55	6.644815e-56	1.239772e-56	2.228522e-57	3.880871e-58	6.581421e-59	1.092226e-59	1.784154e-60	2.914349e-61	5.493288e-62	
R288	1.535957e-61	1.332689e-61	3.491555e-62	2.646680e-62	2.499107e-63	1.432446e-64	5.941336e-65	5.952517e-64	7.543396e-63	6.401007e-62	6.907249e-63	8.083793e-66	2.229000e-68	5.807768e-70	2.239847e-71	5.467246e-73	1.812921e-74	1.990917e-75	7.135618e-76	8.431915e-76	1.217526e-75	1.748767e-75	7.876485e-75	1.056491e-73	1.089429e-72	3.902038e-72	7.519728e-72	1.557155e-71	3.503621e-71	6.071134e-71	4.559931e-71	8.774185e-72	2.129100e-72	1.344876e-72	7.679430e-73	4.041321e-73	2.007859e-73	9.615935e-74	4.503332e-74	2.080207e-74	9.524298e-75	4.334235e-75	1.963470e-75	8.862203e-76	3.987086e-76	1.788483e-76	8.001882e-77	3.573786e-77	1.592628e-77	7.109218e-78	
R289	1.000339e-24	2.706391e-25	4.014947e-26	6.987480e-28	8.113078e-30	8.110431e-31	7.241852e-31	3.571176e-30	2.087694e-28	3.495935e-26	1.799172e-22	2.835108e-20	2.266166e-19	7.775556e-19	1.767445e-18	2.469634e-18	2.540426e-18	2.450466e-18	2.321219e-18	2.169173e-18	1.963671e-18	1.701156e-18	1.381912e-18	1.086221e-18	8.525152e-19	6.550448e-19	4.982396e-19	3.168287e-19	1.487114e-19	5.412390e-20	1.679104e-20	4.725949e-21	1.219686e-21	2.955462e-22	7.043021e-23	1.672659e-23	3.980370e-24	9.523475e-25	2.303556e-25	5.688975e-26	1.462114e-26	4.066544e-27	1.311415e-27	5.270165e-28	2.648339e-28	1.550325e-28	9.855737e-29	6.582152e-29	4.794129e-29	4.282718e-29	
R291	9.270556e-17	4.817560e-17	1.895056e-17	8.728225e-18	2.528250e-18	1.464833e-18	3.709736e-18	3.301871e-17	7.418816e-16	6.936119e-14	4.586205e-11	1.395684e-09	5.747284e-09	1.233818e-08	1.984112e-08	2.381491e-08	2.259645e-08	1.872014e-08	1.420090e-08	1.014697e-08	6.967618e-09	4.630629e-09	2.936926e-09	1.814982e-09	1.126853e-09	7.340615e-10	5.180562e-10	3.741956e-10	2.360308e-10	1.267674e-10	6.126733e-11	2.785055e-11	1.181997e-11	4.683127e-12	1.774250e-12	6.428367e-13	2.225330e-13	7.365817e-14	2.341465e-14	7.214844e-15	2.187452e-15	6.660707e-16	2.083601e-16	6.798769e-17	2.297078e-17	7.657653e-18	2.181426e-18	2.134871e-19	8.958630e-23	2.195738e-24	
R292	4.108182e-25	9.724137e-25	7.196362e-25	1.956226e-23	3.948233e-23	6.657762e-23	5.209550e-22	1.480408e-20	1.035634e-18	1.964122e-14	1.002449e-11	1.268010e-10	2.264386e-10	2.930258e-10	2.874715e-10	2.013148e-10	1.094864e-10	5.335709e-11	2.382938e-11	9.989774e-12	4.067333e-12	1.618808e-12	5.999238e-13	2.142225e-13	7.820949e-14	2.988355e-14	1.255191e-14	5.674345e-15	2.361298e-15	8.506595e-16	2.791197e-16	8.745317e-17	2.535365e-17	6.747696e-18	1.716186e-18	4.172510e-19	9.689697e-20	2.151106e-20	4.585432e-21	9.473462e-22	1.925535e-22	3.930113e-23	8.239571e-24	1.801553e-24	4.077740e-25	9.104032e-26	1.736169e-26	1.136777e-27	3.192584e-31	5.134445e-33	
R293	4.594973e-25	8.690231e-24	1.873123e-23	1.049310e-21	3.931005e-21	9.727187e-21	6.533453e-20	8.622353e-19	4.167623e-16	2.111668e-11	1.104996e-08	9.084254e-08	1.491602e-07	1.950143e-07	2.099494e-07	1.672780e-07	1.154189e-07	8.525185e-08	6.949402e-08	6.394947e-08	5.845890e-08	5.186602e-08	5.141841e-08	5.789320e-08	6.294609e-08	6.134802e-08	6.057074e-08	6.421996e-08	6.367849e-08	5.415594e-08	3.777947e-08	2.074150e-08	1.110842e-08	6.443523e-09	3.553629e-09	1.859463e-09	9.202932e-10	4.297933e-10	1.892672e-10	7.865928e-11	3.090559e-11	1.149938e-11	4.055504e-12	1.354161e-12	4.251321e-13	1.222075e-13	2.904928e-14	2.748976e-15	1.824125e-18	3.652539e-20	
R294	3.493389e-36	1.620229e-32	1.503556e-31	5.561749e-28	2.024214e-26	2.106900e-25	6.379038e-24	3.957659e-22	5.768274e-19	9.647781e-15	2.216063e-11	1.541518e-09	1.237137e-08	3.565208e-08	7.261840e-08	1.112014e-07	1.291062e-07	1.204974e-07	9.738532e-08	7.096883e-08	4.826617e-08	3.115820e-08	1.876514e-08	1.079513e-08	6.216962e-09	4.065420e-09	3.486802e-09	3.902946e-09	4.012228e-09	3.301890e-09	2.312844e-09	1.473194e-09	8.189866e-10	3.958430e-10	1.739152e-10	6.908468e-11	2.468760e-11	7.915510e-12	2.279930e-12	5.928384e-13	1.401352e-13	3.032533e-14	6.040994e-15	1.110597e-15	1.876236e-16	2.842002e-17	3.489926e-18	1.675882e-19	8.984251e-23	5.430587e-25	
R295	3.630644e-14	3.517103e-14	2.488043e-14	1.922107e-14	8.609186e-15	7.114877e-15	1.581176e-14	6.361996e-14	9.870790e-13	1.711758e-10	1.977174e-08	1.753967e-07	5.969218e-07	1.628282e-06	3.899894e-06	7.361159e-06	1.126448e-05	1.511684e-05	1.852685e-05	2.107282e-05	2.251636e-05	2.272984e-05	2.148652e-05	1.919200e-05	1.661821e-05	1.376693e-05	1.077734e-05	6.787624e-06	3.333483e-06	1.401691e-06	5.404188e-07	1.965333e-07	6.540192e-08	2.001042e-08	5.828043e-09	1.617181e-09	4.286697e-10	1.101351e-10	2.847851e-11	7.956111e-12	2.647766e-12	1.123699e-12	5.932370e-13	3.579914e-13	2.295131e-13	1.503404e-13	9.934648e-14	6.634105e-14	4.708094e-14	3.988329e-14	
R296	7.562726e-27	5.015620e-26	2.514904e-25	1.042087e-24	3.563833e-24	1.115362e-23	3.184877e-23	7.118058e-23	2.228886e-22	6.412230e-27	3.362868e-29	1.564031e-29	3.072190e-29	8.766330e-29	3.072625e-28	1.083977e-27	3.695715e-27	1.190486e-26	3.810712e-26	1.203651e-25	3.493236e-25	9.146745e-25	2.446100e-24	6.261550e-24	1.364950e-23	2.666615e-23	1.842826e-21	3.046686e-19	1.629349e-18	5.858477e-18	1.175059e-17	2.337228e-17	4.416559e-17	6.043565e-17	5.986196e-17	4.542922e-17	2.778761e-17	1.426084e-17	6.353111e-18	2.889467e-18	2.235690e-16	1.289700e-14	2.447478e-13	1.945045e-12	8.577849e-12	2.565237e-11	6.201832e-11	5.576542e-10	1.041420e-09	7.716011e-11	
R297	1.102347e-21	3.108354e-21	7.021323e-21	1.453054e-20	2.792952e-20	5.465813e-20	1.526913e-19	4.451219e-19	2.010753e-18	2.354317e-20	3.250539e-21	6.305349e-21	1.509050e-20	3.078090e-20	6.336053e-20	1.255461e-19	2.316422e-19	3.897498e-19	6.305195e-19	9.850239e-19	1.426381e-18	1.886435e-18	2.438284e-18	2.935013e-18	3.046947e-18	2.996587e-18	1.131500e-16	1.185179e-14	4.780001e-14	1.483776e-13	2.831123e-13	5.739611e-13	1.118365e-12	1.544259e-12	1.517001e-12	1.114807e-12	6.431769e-13	3.026817e-13	1.198074e-13	4.092932e-14	1.233883e-14	3.344361e-15	8.272150e-16	1.886883e-16	3.984828e-17	7.713665e-18	1.300282e-18	1.492838e-19	5.708855e-22	1.682882e-23	
R298	6.822158e-25	9.894890e-25	1.237517e-24	1.444805e-24	1.560362e-24	1.656546e-24	3.433339e-24	1.335180e-23	5.363222e-23	1.267967e-22	3.808318e-23	9.922481e-24	4.651918e-24	2.851514e-24	1.700716e-24	8.482114e-25	3.683596e-25	1.565007e-25	7.018368e-26	3.643797e-26	2.098487e-26	1.281510e-26	8.209481e-27	5.025317e-27	2.689485e-27	1.281344e-27	2.012583e-26	7.614864e-25	1.169923e-24	1.597613e-24	1.507862e-24	1.633568e-24	1.780274e-24	1.416452e-24	8.310966e-25	3.797340e-25	1.422332e-25	4.543739e-26	1.282262e-26	3.500585e-27	1.368747e-27	1.152990e-27	1.660460e-27	3.607537e-27	7.989022e-27	1.414190e-26	1.842582e-26	3.165245e-26	5.057821e-29	2.158826e-31	
R300	4.194933e-42	7.366388e-43	1.147065e-43	4.037043e-45	1.002218e-46	5.373430e-48	8.447128e-49	8.644193e-49	2.733256e-48	9.414435e-49	2.300365e-48	2.476821e-49	6.391292e-51	5.548821e-52	4.726444e-53	2.154363e-54	9.222521e-56	7.403010e-57	1.085507e-57	2.878523e-58	8.383051e-59	2.395000e-59	1.136658e-59	9.156814e-60	6.828511e-60	2.814857e-60	7.185037e-61	1.302134e-61	2.030891e-62	2.847532e-63	2.780640e-64	1.341060e-65	7.199464e-67	6.435180e-68	5.510101e-69	4.576818e-70	3.740603e-71	3.051138e-72	2.523722e-73	2.155145e-74	1.944985e-75	1.930659e-76	2.255544e-77	3.326074e-78	6.197978e-79	1.356382e-79	3.240444e-80	8.146613e-81	2.236190e-81	7.658708e-82	
R301	1.707316e-13	6.636272e-14	1.864700e-14	5.278548e-16	1.607475e-17	2.230008e-18	1.288702e-18	2.614935e-18	1.844071e-17	1.179815e-17	2.604849e-16	3.174142e-15	6.914610e-15	8.615261e-15	8.120505e-15	5.693939e-15	3.337896e-15	1.911767e-15	1.094471e-15	6.264800e-16	3.541754e-16	1.958843e-16	1.046043e-16	5.499051e-17	2.897299e-17	1.434584e-17	6.332115e-18	2.104948e-18	5.382911e-19	1.181186e-19	2.389998e-20	4.600767e-21	8.360750e-22	1.443640e-22	2.444076e-23	4.072323e-24	6.667900e-25	1.073015e-25	1.707964e-26	2.731876e-27	4.527855e-28	8.230114e-29	1.794244e-29	5.112629e-30	1.895476e-30	8.114793e-31	3.238029e-31	4.679911e-32	3.181432e-35	1.551039e-36	
R302	5.013354e-22	9.628909e-22	5.555043e-22	1.020226e-21	2.401546e-22	1.088715e-22	2.205853e-22	1.650440e-21	4.367513e-20	7.409175e-18	1.876275e-16	1.499512e-15	1.984856e-15	1.835725e-15	1.262007e-15	6.235154e-16	2.471501e-16	9.237424e-17	3.254757e-17	1.077389e-17	3.520915e-18	1.135972e-18	3.263202e-19	8.659779e-20	2.376001e-20	6.443967e-21	1.639198e-21	3.308386e-22	5.380756e-23	7.691530e-24	1.063193e-24	1.508540e-25	1.970698e-26	2.285754e-27	2.597857e-28	2.904623e-29	3.190477e-30	3.443480e-31	3.675549e-32	3.941792e-33	4.379820e-34	5.336315e-35	7.796909e-36	1.488717e-36	3.697540e-37	1.060148e-37	2.831934e-38	2.738370e-39	1.245875e-42	3.985537e-44	
R303	3.342236e-22	6.419272e-22	3.703362e-22	6.801509e-22	1.601031e-22	7.258098e-23	1.470568e-22	1.100293e-21	2.911676e-20	4.939450e-18	1.250850e-16	9.996745e-16	1.323238e-15	1.223817e-15	8.413379e-16	4.156769e-16	1.647667e-16	6.158283e-17	2.169838e-17	7.182593e-18	2.347277e-18	7.573147e-19	2.175468e-19	5.773186e-20	1.584000e-20	4.295978e-21	1.092799e-21	2.205591e-22	3.587171e-23	5.127686e-24	7.087955e-25	1.005694e-25	1.313799e-26	1.523836e-27	1.731905e-28	1.936415e-29	2.126985e-30	2.295653e-31	2.450366e-32	2.627861e-33	2.919880e-34	3.557543e-35	5.197939e-36	9.924778e-37	2.465027e-37	7.067652e-38	1.887956e-38	1.825580e-39	8.305831e-43	2.657024e-44	
R304	2.850168e-15	2.362193e-12	2.751191e-12	1.024257e-11	3.390589e-12	1.851242e-12	2.006332e-12	4.036696e-12	1.909707e-11	1.474482e-12	3.081332e-11	6.574672e-10	3.267066e-09	7.818614e-09	1.460965e-08	2.125197e-08	2.603085e-08	2.999972e-08	3.396200e-08	3.781939e-08	4.086551e-08	4.266543e-08	4.345644e-08	4.376274e-08	4.426456e-08	4.551540e-08	4.942370e-08	5.008522e-08	3.911881e-08	2.351042e-08	1.185626e-08	5.372009e-09	2.218177e-09	8.545337e-10	3.185177e-10	1.153950e-10	4.061197e-11	1.388924e-11	4.639553e-12	1.531358e-12	5.104884e-13	1.792897e-13	7.128971e-14	3.457497e-14	2.056404e-14	1.399410e-14	1.016480e-14	7.617447e-15	6.097453e-15	5.799798e-15	
R305	2.850168e-16	2.362193e-13	2.751191e-13	1.024257e-12	3.390589e-13	1.851242e-13	2.006332e-13	4.036696e-13	1.909707e-12	1.474482e-13	3.081332e-12	6.574672e-11	3.267066e-10	7.818614e-10	1.460965e-09	2.125197e-09	2.603085e-09	2.999972e-09	3.396200e-09	3.781939e-09	4.086551e-09	4.266543e-09	4.345644e-09	4.376274e-09	4.426456e-09	4.551540e-09	4.942370e-09	5.008522e-09	3.911881e-09	2.351042e-09	1.185626e-09	5.372009e-10	2.218177e-10	8.545337e-11	3.185177e-11	1.153950e-11	4.061197e-12	1.388924e-12	4.639553e-13	1.531358e-13	5.104884e-14	1.792897e-14	7.128971e-15	3.457497e-15	2.056404e-15	1.399410e-15	1.016480e-15	7.617447e-16	6.097453e-16	5.799798e-16	
R306	5.294452e-20	9.283378e-19	1.798955e-18	7.941149e-18	4.105009e-18	3.292192e-18	7.016214e-18	3.070501e-17	7.560543e-15	5.240242e-12	2.539020e-10	2.691126e-09	5.533369e-09	7.138361e-09	7.097609e-09	5.337967e-09	3.462150e-09	2.300567e-09	1.584025e-09	1.125708e-09	7.943479e-10	5.487140e-10	3.712869e-10	2.523410e-10	1.709731e-10	1.064165e-10	6.054649e-11	2.734635e-11	1.001439e-11	3.230098e-12	9.584618e-13	2.643232e-13	6.902019e-14	1.744784e-14	4.299987e-15	1.034723e-15	2.422233e-16	5.499709e-17	1.212723e-17	2.616249e-18	5.619350e-19	1.248116e-19	3.067658e-20	8.944980e-21	3.081495e-21	1.137561e-21	3.787658e-22	5.293366e-23	5.690243e-26	2.266378e-27	
R307	1.208167e-23	1.697304e-22	2.598418e-22	8.908143e-22	3.499409e-22	2.072338e-22	3.183044e-22	9.630476e-22	1.478341e-19	5.255132e-17	9.669266e-16	3.440615e-15	3.199338e-15	2.541863e-15	1.672141e-15	8.149358e-16	3.622629e-16	1.900583e-16	1.183015e-16	8.687603e-17	6.494756e-17	4.762393e-17	3.890615e-17	3.600534e-17	3.223797e-17	2.348940e-17	1.439365e-17	6.972996e-18	2.779102e-18	9.590868e-19	2.805144e-19	6.625319e-20	1.537916e-20	3.887749e-21	9.581286e-22	2.305583e-22	5.397249e-23	1.225452e-23	2.702204e-24	5.829559e-25	1.252111e-25	2.781068e-26	6.835394e-27	1.993132e-27	6.866225e-28	2.534728e-28	8.439706e-29	1.179474e-29	1.267907e-32	5.049971e-34	
R308	4.673736e-11	3.435866e-11	1.764194e-11	8.527328e-13	4.097089e-14	8.296892e-15	4.318117e-15	4.083346e-15	2.071012e-14	2.611060e-14	1.105802e-13	4.396558e-13	8.628231e-13	1.442184e-12	2.122387e-12	2.461195e-12	2.432923e-12	2.321712e-12	2.173541e-12	1.972699e-12	1.723426e-12	1.437521e-12	1.118748e-12	8.196251e-13	5.829769e-13	3.604526e-13	1.749794e-13	5.031129e-14	9.920649e-15	1.691229e-15	2.734343e-16	4.286404e-17	6.191048e-18	8.255138e-19	1.074404e-19	1.371025e-20	1.718947e-21	2.147117e-22	2.780055e-23	4.031623e-24	7.334635e-25	1.858149e-25	6.836601e-26	3.602729e-26	2.534515e-26	2.132075e-26	1.973503e-26	1.946226e-26	2.237542e-26	3.770321e-26	
R309	4.671720e-12	3.342138e-12	1.668062e-12	7.826040e-14	3.643086e-15	7.130169e-16	3.580091e-16	3.254882e-16	1.572323e-15	1.855806e-15	7.181786e-15	2.597234e-14	4.777060e-14	7.686387e-14	1.095988e-13	1.230459e-13	1.183276e-13	1.110223e-13	1.031948e-13	9.387727e-14	8.235201e-14	6.898329e-14	5.441712e-14	4.077334e-14	2.960542e-14	1.852231e-14	9.042000e-15	2.613658e-15	5.187054e-16	8.888481e-17	1.435485e-17	2.223880e-18	3.183607e-19	4.245018e-20	5.524882e-21	7.050185e-22	8.839295e-23	1.104107e-23	1.429580e-24	2.073171e-25	3.771671e-26	9.555111e-27	3.515568e-27	1.852622e-27	1.303317e-27	1.096371e-27	1.014829e-27	1.000803e-27	1.150606e-27	1.938803e-27	
R310	3.193093e-58	5.794663e-58	1.052841e-57	7.108524e-57	2.988807e-56	5.291686e-56	7.868444e-56	2.286548e-55	9.061142e-55	4.249429e-60	9.469573e-63	3.237096e-64	3.841928e-65	2.243905e-65	1.950130e-65	1.300912e-65	9.189754e-66	1.034864e-65	1.879489e-65	5.391941e-65	1.516777e-64	3.751955e-64	1.396113e-63	7.318747e-63	2.887071e-62	6.376157e-62	3.692422e-60	4.920801e-58	2.451501e-57	9.290242e-57	1.656209e-56	1.733852e-56	2.012117e-56	2.705665e-56	2.501403e-56	1.696110e-56	9.028165e-57	4.001736e-57	1.552363e-57	6.263710e-58	4.404736e-56	2.371405e-54	4.319898e-53	3.400581e-52	1.544971e-51	5.052072e-51	1.506084e-50	2.434789e-49	3.640129e-47	2.941230e-47	
R311	1.661580e-33	2.327066e-34	6.335248e-35	4.909299e-34	4.669427e-33	1.346044e-32	9.469939e-32	2.904469e-30	7.178301e-29	2.222315e-27	5.379276e-27	1.299146e-27	1.058407e-28	2.169120e-29	5.598899e-30	1.194591e-30	2.359741e-31	5.235091e-32	1.232712e-32	3.014758e-33	7.165652e-34	1.611801e-34	3.495311e-35	7.702960e-36	1.687904e-36	3.019081e-37	4.235093e-38	1.044806e-38	8.078417e-39	1.303796e-38	1.869383e-38	2.720396e-38	4.144228e-38	5.186150e-38	4.431343e-38	2.717109e-38	1.271175e-38	4.793596e-39	1.524789e-39	4.241846e-40	1.061183e-40	2.438240e-41	5.229382e-42	1.060638e-42	2.056894e-43	3.851046e-44	7.022633e-45	1.258876e-45	2.265856e-46	4.749256e-47	
R312	5.471039e-27	1.713843e-27	7.463402e-28	1.620666e-27	3.142051e-27	3.552373e-27	8.089048e-27	7.707813e-26	1.205483e-24	3.250279e-23	7.352051e-23	2.730607e-23	5.313422e-24	1.771414e-24	5.580454e-25	1.324929e-25	2.694303e-26	5.610572e-27	1.174379e-27	2.474362e-28	5.086287e-29	1.007296e-29	1.943823e-30	3.820554e-31	7.613156e-32	1.348736e-32	2.153563e-33	5.871894e-34	3.212177e-34	2.877010e-34	2.282179e-34	1.998848e-34	1.820529e-34	1.285969e-34	6.105815e-35	2.037251e-35	5.043403e-36	9.760363e-37	1.555794e-37	2.166271e-38	2.837910e-39	3.824102e-40	5.688246e-41	9.408030e-42	1.658166e-42	2.984320e-43	5.365422e-44	9.588614e-45	1.732025e-45	3.659295e-46	
R313	1.367394e-21	2.313451e-22	5.767441e-23	8.153616e-23	1.156094e-22	1.056575e-22	4.402767e-22	8.984359e-21	1.962932e-19	2.978814e-21	6.937653e-21	5.650128e-21	2.004132e-21	9.154607e-22	3.786446e-22	1.155005e-22	2.913646e-23	7.201511e-24	1.747143e-24	4.184359e-25	9.550495e-26	2.061678e-26	4.274269e-27	8.787772e-28	1.794746e-28	3.285092e-29	5.435537e-30	9.361964e-31	2.171808e-31	6.422656e-32	2.003131e-32	5.300144e-33	1.461376e-33	4.612351e-34	1.337033e-34	3.538856e-35	8.576327e-36	1.917115e-36	3.996198e-37	7.876533e-38	1.491489e-38	2.757924e-39	5.049526e-40	9.231005e-41	1.688994e-41	3.095863e-42	5.711903e-43	1.073256e-43	2.196724e-44	6.073677e-45	
R314	9.502521e-30	2.144984e-30	6.583866e-31	9.801400e-31	1.246473e-30	8.674468e-31	1.090449e-30	4.713330e-30	3.054052e-29	2.157449e-28	1.174368e-28	1.038105e-29	6.735148e-31	1.131590e-31	1.980934e-32	2.534618e-33	3.006506e-34	4.464691e-35	8.077504e-36	1.779290e-36	3.964282e-37	8.538101e-38	2.152554e-38	6.561540e-39	1.944056e-39	4.309169e-40	7.609422e-41	1.408794e-41	3.673774e-42	1.201073e-42	3.646503e-43	7.509340e-44	1.711765e-44	5.397480e-45	1.563566e-45	4.136702e-46	1.002300e-46	2.240362e-47	4.670242e-48	9.206099e-49	1.743446e-49	3.223971e-50	5.902296e-51	1.078599e-51	1.971603e-52	3.606308e-53	6.627966e-54	1.236418e-54	2.499944e-55	7.078116e-56	
R315	2.006981e-23	5.559031e-24	2.074846e-24	3.654658e-24	5.259522e-24	3.955088e-24	4.314168e-24	1.987054e-23	1.254538e-22	8.620431e-23	4.335940e-22	4.468674e-22	1.341512e-22	4.734733e-23	1.468005e-23	3.352899e-24	6.705949e-25	1.457944e-25	3.454465e-26	9.018633e-27	2.344791e-27	5.929873e-28	1.621685e-28	4.924211e-29	1.478104e-29	3.938923e-30	9.600468e-31	2.262996e-31	5.894034e-32	1.796051e-32	5.626607e-33	1.473135e-33	4.012776e-34	1.257460e-34	3.603379e-35	9.365602e-36	2.207065e-36	4.735558e-37	9.319562e-38	1.697182e-38	2.885250e-39	4.615770e-40	7.000313e-41	1.013677e-41	1.411333e-42	1.901908e-43	2.495682e-44	3.207478e-45	4.098035e-46	5.974237e-47	
R316	2.788580e-23	6.264033e-24	1.971150e-24	3.054823e-24	4.054135e-24	2.979843e-24	5.005961e-24	3.629820e-23	3.395754e-22	4.268109e-23	7.254149e-24	8.238351e-25	1.166012e-25	4.064969e-26	1.553547e-26	4.561832e-27	1.219715e-27	3.660262e-28	1.209491e-28	4.336407e-29	1.387777e-29	3.793584e-30	1.069990e-30	3.273604e-31	9.186460e-32	1.950439e-32	3.351415e-33	5.696349e-34	1.278778e-34	3.852373e-35	1.354837e-35	5.972004e-36	5.623273e-36	6.910616e-36	6.191013e-36	4.036119e-36	2.020639e-36	8.201643e-37	2.824802e-37	8.558547e-38	2.344827e-38	5.932466e-39	1.409080e-39	3.185286e-40	6.934053e-41	1.468660e-41	3.054922e-42	6.304865e-43	1.326325e-43	3.324622e-44	
R317	1.739809e-19	4.054705e-20	1.285592e-20	1.905388e-20	2.244284e-20	1.339383e-20	1.336905e-20	5.942868e-20	2.731642e-19	1.893797e-19	4.048995e-19	1.300443e-19	1.632237e-20	3.402672e-21	6.703044e-22	9.400485e-23	1.225453e-23	2.053584e-24	4.410674e-25	1.227071e-25	3.495799e-26	9.691263e-27	3.396986e-27	1.529839e-27	6.555615e-28	2.150234e-28	5.853209e-29	1.542734e-29	4.608805e-30	1.590199e-30	5.134864e-31	1.170811e-31	2.908503e-32	9.620393e-33	2.920375e-33	8.075470e-34	2.035470e-34	4.699929e-35	1.001799e-35	1.988742e-36	3.709371e-37	6.554154e-38	1.105614e-38	1.794013e-39	2.820294e-40	4.323497e-41	6.500222e-42	9.642962e-43	1.439194e-43	2.493351e-44	
R319	2.430927e-15	4.313357e-16	1.218618e-16	1.573041e-16	1.565994e-16	7.582840e-17	5.769450e-17	1.761384e-16	4.683870e-16	1.329344e-16	6.773534e-17	4.248584e-18	1.834197e-19	2.341700e-20	3.254442e-21	3.134921e-22	3.141275e-23	5.270047e-24	1.145125e-24	3.044048e-25	8.099580e-26	2.063287e-26	6.300992e-27	2.346926e-27	8.275085e-28	2.291358e-28	5.209918e-29	1.100991e-29	2.515762e-30	6.414246e-31	1.513976e-31	2.557398e-32	4.567790e-33	1.035661e-33	2.157947e-34	4.160912e-35	7.522901e-36	1.292184e-36	2.131394e-37	3.402439e-38	5.284161e-39	8.012571e-40	1.189729e-40	1.734931e-41	2.492375e-42	3.538007e-43	4.977083e-44	6.965148e-45	9.865324e-46	1.632142e-46	
R320	1.759137e-20	7.477613e-21	4.498151e-21	1.331035e-20	3.347466e-20	4.744369e-20	1.726510e-19	4.726660e-18	1.506552e-16	4.282583e-16	2.245077e-14	2.294222e-13	3.171017e-13	2.884590e-13	1.946593e-13	9.493726e-14	3.590115e-14	1.176367e-14	3.404600e-15	8.903325e-16	2.212788e-16	5.289575e-17	1.142467e-17	2.318933e-18	4.819827e-19	1.038604e-19	2.257900e-20	4.612095e-21	9.835196e-22	2.461178e-22	7.027725e-23	2.027760e-23	5.813452e-24	1.655242e-24	4.415890e-25	1.110076e-25	2.663928e-26	6.192166e-27	1.413954e-27	3.216200e-28	7.399718e-29	1.753769e-29	4.366002e-30	1.155736e-30	3.221239e-31	8.988717e-32	2.170530e-32	1.819837e-33	6.621773e-37	1.424521e-38	
R321	1.909626e-28	3.718942e-28	4.235001e-28	7.445794e-26	1.314275e-24	5.465200e-24	6.198782e-23	5.471983e-21	5.499672e-19	3.228983e-16	1.341435e-14	5.870371e-14	3.596339e-14	1.998590e-14	8.322453e-15	2.396813e-15	5.249954e-16	1.018608e-16	1.740458e-17	2.667939e-18	3.925287e-19	5.609979e-20	7.042977e-21	8.189675e-22	9.932329e-23	1.249917e-23	1.613900e-24	2.059262e-25	2.890309e-26	4.842368e-27	9.391094e-28	1.875690e-28	3.685327e-29	7.048539e-30	1.262368e-30	2.129451e-31	3.428121e-32	5.344431e-33	8.183631e-34	1.248081e-34	1.925069e-35	3.058265e-36	5.102606e-37	9.050933e-38	1.689992e-38	3.158303e-39	5.105465e-40	2.863876e-41	6.974179e-45	9.844645e-47	
R322	3.307668e-22	2.880573e-19	6.879039e-19	2.554074e-16	6.628805e-15	3.487937e-14	2.232468e-13	5.629944e-12	1.093395e-10	3.262892e-11	1.314207e-09	1.843688e-08	4.846998e-08	7.565432e-08	9.183893e-08	8.382757e-08	6.050678e-08	3.768617e-08	2.104845e-08	1.079369e-08	5.199345e-09	2.380267e-09	1.026077e-09	4.295950e-10	1.831802e-10	8.509146e-11	4.631402e-11	2.932062e-11	1.948143e-11	1.356632e-11	9.622103e-12	6.300463e-12	3.991693e-12	2.535734e-12	1.489392e-12	8.140846e-13	4.199132e-13	2.074375e-13	9.940423e-14	4.665852e-14	2.159139e-14	9.887669e-15	4.489534e-15	2.022777e-15	9.044513e-16	4.011780e-16	1.763421e-16	7.666134e-17	3.284521e-17	1.378577e-17	
R323	5.136405e-23	4.473179e-20	1.068231e-19	3.966166e-17	1.029373e-15	5.416342e-15	3.466750e-14	8.742618e-13	1.697909e-11	5.066873e-12	2.040803e-10	2.863022e-09	7.526798e-09	1.174819e-08	1.426147e-08	1.301740e-08	9.395965e-09	5.852204e-09	3.268567e-09	1.676129e-09	8.073949e-10	3.696264e-10	1.593372e-10	6.671088e-11	2.844566e-11	1.321367e-11	7.192003e-12	4.553135e-12	3.025229e-12	2.106685e-12	1.494195e-12	9.783851e-13	6.198613e-13	3.937686e-13	2.312845e-13	1.264174e-13	6.520740e-14	3.221252e-14	1.543627e-14	7.245499e-15	3.352880e-15	1.535435e-15	6.971699e-16	3.141126e-16	1.404503e-16	6.229806e-17	2.738378e-17	1.190457e-17	5.100462e-18	2.140762e-18	
R324	3.675187e-23	3.200637e-20	7.643377e-20	2.837860e-17	7.365339e-16	3.875486e-15	2.480519e-14	6.255494e-13	1.214883e-11	3.625435e-12	1.460230e-10	2.048542e-09	5.385554e-09	8.406036e-09	1.020433e-08	9.314174e-09	6.722975e-09	4.187353e-09	2.338716e-09	1.199299e-09	5.777049e-10	2.644741e-10	1.140085e-10	4.773278e-11	2.035336e-11	9.454607e-12	5.146002e-12	3.257847e-12	2.164604e-12	1.507369e-12	1.069123e-12	7.000514e-13	4.435215e-13	2.817482e-13	1.654880e-13	9.045385e-14	4.665702e-14	2.304862e-14	1.104491e-14	5.184280e-15	2.399043e-15	1.098630e-15	4.988371e-16	2.247530e-16	1.004946e-16	4.457534e-17	1.959357e-17	8.517927e-18	3.649468e-18	1.531752e-18	
R325	1.292926e-36	4.468887e-33	5.742251e-32	1.226386e-27	3.449576e-25	7.720431e-24	2.920836e-22	4.759220e-20	8.031679e-17	3.061233e-14	3.660136e-12	5.302586e-11	1.007330e-10	9.930396e-11	7.069682e-11	3.628906e-11	1.419673e-11	4.717596e-12	1.390719e-12	3.763776e-13	9.506143e-14	2.266733e-14	5.055404e-15	1.095672e-15	2.390614e-16	5.545329e-17	1.514038e-17	4.943758e-18	1.783787e-18	7.047549e-19	2.898016e-19	1.093979e-19	3.899536e-20	1.354463e-20	4.190440e-21	1.154922e-21	2.861050e-22	6.441978e-23	1.332870e-23	2.558415e-24	4.589260e-25	7.729941e-26	1.225452e-26	1.827694e-27	2.547143e-28	3.229572e-29	3.361709e-30	1.383003e-31	6.428850e-35	3.410782e-37	
R326	1.024554e-19	7.522643e-20	7.508796e-20	3.420947e-19	1.213093e-18	2.216685e-18	6.352946e-18	6.968051e-17	1.316173e-15	5.607812e-15	3.791653e-14	8.080355e-14	7.265881e-14	7.267735e-14	6.463497e-14	4.363138e-14	2.382619e-14	1.180548e-14	5.360544e-15	2.252852e-15	8.860019e-16	3.273392e-16	1.113207e-16	3.574305e-17	1.124472e-17	3.227830e-18	7.956146e-19	1.446681e-19	2.462865e-20	4.922781e-21	1.116565e-21	2.461916e-22	5.345291e-23	1.175290e-23	2.410403e-24	4.640601e-25	8.527351e-26	1.538547e-26	2.857777e-27	5.893594e-28	1.488400e-28	4.916604e-29	2.065670e-29	1.011263e-29	5.348326e-30	2.932520e-30	1.642635e-30	9.397375e-31	5.782841e-31	4.299746e-31	
R327	5.235424e-34	1.865960e-33	6.863390e-33	5.499221e-32	2.894449e-31	8.066697e-31	2.024812e-30	1.031363e-29	1.051752e-28	3.199175e-30	3.260855e-30	8.090920e-30	8.452920e-30	1.221155e-29	1.784321e-29	2.064445e-29	1.990325e-29	1.810362e-29	1.581209e-29	1.318504e-29	1.009962e-29	6.988161e-30	4.395769e-30	2.505047e-30	1.278034e-30	6.125720e-31	1.131912e-29	5.345153e-28	9.695845e-28	1.486841e-27	1.516237e-27	1.605012e-27	1.590150e-27	1.107545e-27	5.181631e-28	1.715037e-28	4.265991e-29	8.417541e-30	1.381136e-30	1.960766e-31	2.485944e-32	2.883428e-33	3.116491e-34	3.184923e-35	3.114811e-36	2.944497e-37	2.713363e-38	2.460980e-39	3.274591e-40	4.598202e-41	
R328	4.374468e-24	2.096044e-24	1.300133e-24	1.973192e-24	2.221038e-24	1.409717e-24	1.281991e-24	3.367314e-24	1.042277e-23	1.908423e-24	1.717046e-25	6.449870e-27	3.638003e-28	7.429893e-29	1.783436e-29	3.276597e-30	5.487905e-31	1.064448e-31	2.305446e-32	5.483422e-33	1.185406e-33	2.237200e-34	4.424438e-35	9.767723e-36	2.077690e-36	3.395132e-37	4.475142e-38	5.504009e-39	8.141423e-40	1.473606e-40	2.955598e-41	7.313880e-42	3.699309e-42	2.333584e-42	1.066733e-42	3.505620e-43	8.695127e-44	1.713336e-44	2.809183e-45	3.986790e-46	5.054358e-47	5.863545e-48	6.339783e-49	6.482236e-50	6.343273e-51	6.000335e-52	5.533338e-53	5.017888e-54	4.587891e-55	5.023272e-56	
R329	9.532172e-37	1.739947e-36	3.527083e-36	1.586401e-35	4.666151e-35	7.012417e-35	1.297433e-34	8.751351e-34	7.860977e-33	4.763718e-32	1.035775e-31	3.376027e-32	6.797819e-33	2.921935e-33	1.226575e-33	3.540149e-34	7.970784e-35	1.821765e-35	4.401642e-36	1.220596e-36	3.722880e-37	1.190922e-37	3.727365e-38	1.087125e-38	2.875799e-39	6.699161e-40	5.157049e-39	8.809585e-38	6.098036e-38	4.119535e-38	2.077405e-38	1.171377e-38	6.475161e-39	2.598675e-39	7.261749e-40	1.494383e-40	2.413234e-41	3.232373e-42	3.781279e-43	4.289837e-44	7.054233e-45	2.542907e-45	1.600239e-45	1.557663e-45	1.597441e-45	1.380915e-45	9.835716e-46	1.334786e-45	7.421308e-47	1.508902e-48	
R330	7.568245e-42	1.670338e-38	7.436868e-38	2.252146e-35	3.505734e-34	9.875254e-34	3.438770e-33	5.098663e-32	4.307641e-31	1.298015e-29	3.962862e-29	7.721150e-30	7.495763e-31	1.664561e-31	3.631133e-32	5.824637e-33	8.172436e-34	1.291220e-34	2.206592e-35	4.101272e-36	7.639377e-37	1.402790e-37	2.765151e-38	6.319230e-39	1.545133e-39	3.316755e-40	6.540509e-41	1.289083e-41	2.904275e-42	7.649415e-43	1.988881e-43	4.541693e-44	1.181643e-44	3.141587e-45	6.536697e-46	1.085674e-46	1.547853e-47	2.073583e-48	2.822594e-49	4.050421e-50	6.100168e-51	9.444037e-52	1.475092e-52	2.295926e-53	3.535979e-54	5.372720e-55	8.061059e-56	1.201074e-56	1.803513e-57	2.860919e-58	
R331	1.153960e-27	8.062380e-27	4.193619e-26	1.766880e-25	6.001512e-25	1.795151e-24	3.927231e-24	5.831879e-24	1.102697e-23	7.554505e-29	3.292241e-31	1.536052e-31	2.944125e-31	9.232068e-31	3.804858e-30	1.635041e-29	6.983809e-29	2.914212e-28	1.233631e-27	5.224163e-27	2.032911e-26	7.103059e-26	2.482674e-25	8.155765e-25	2.230143e-24	5.268131e-24	4.334431e-22	8.180797e-20	4.761872e-19	1.806390e-18	3.755030e-18	7.631680e-18	1.444183e-17	1.925624e-17	1.796079e-17	1.231476e-17	6.506188e-18	2.762019e-18	9.815555e-19	3.474817e-19	2.076557e-17	9.386928e-16	1.452563e-14	9.993888e-14	4.060760e-13	1.160144e-12	2.560974e-12	1.045826e-11	1.683009e-12	8.455382e-14	
R332	1.810603e-27	1.273655e-26	6.672034e-26	2.832113e-25	9.696116e-25	2.925099e-24	6.456873e-24	9.683100e-24	1.853328e-23	1.290811e-28	5.753585e-31	2.748792e-31	5.354663e-31	1.695154e-30	7.041721e-30	3.050591e-29	1.312014e-28	5.498021e-28	2.331570e-27	9.867963e-27	3.836044e-26	1.338902e-25	4.663958e-25	1.523562e-24	4.144655e-24	9.761813e-24	8.020444e-22	1.511769e-19	8.785536e-19	3.328442e-18	6.920901e-18	1.410754e-17	2.675588e-17	3.567536e-17	3.327532e-17	2.281512e-17	1.205379e-17	5.117095e-18	1.818493e-18	6.437672e-19	3.847164e-17	1.739083e-15	2.691113e-14	1.851532e-13	7.523227e-13	2.149357e-12	4.744626e-12	1.937566e-11	3.118052e-12	1.566499e-13	
R333	2.090873e-24	1.843944e-24	1.652226e-24	8.399007e-24	6.385014e-23	2.952070e-22	2.878008e-21	4.131428e-20	3.698065e-19	7.769809e-18	6.522940e-18	2.300281e-18	6.567774e-19	3.399649e-19	2.328217e-19	1.691305e-19	1.226618e-19	8.710688e-20	5.733245e-20	3.379154e-20	1.830659e-20	8.903922e-21	3.479160e-21	1.122393e-21	3.318909e-22	7.945511e-23	1.359956e-23	3.469456e-24	2.422521e-24	3.214022e-24	3.890486e-24	5.822187e-24	8.871942e-24	9.648217e-24	7.715431e-24	4.792647e-24	2.426477e-24	1.028859e-24	3.713661e-25	1.162790e-25	3.245176e-26	8.354526e-27	2.056665e-27	4.973532e-28	1.185153e-28	2.678210e-29	5.021808e-30	3.178650e-31	8.712116e-35	1.642643e-36	
R334	4.030319e-17	1.481464e-17	7.407276e-18	6.807631e-17	2.924591e-16	5.881830e-16	1.922666e-15	6.747766e-15	1.344150e-14	1.313781e-14	2.273601e-15	3.353748e-16	6.255899e-17	1.832067e-17	5.749330e-18	1.690059e-18	4.975757e-19	1.606094e-19	5.557933e-20	2.043644e-20	7.542637e-21	2.746986e-21	1.035014e-21	4.127609e-22	1.649492e-22	5.638527e-23	1.641964e-23	7.913592e-24	6.822309e-24	7.867011e-24	6.858856e-24	6.384032e-24	6.020125e-24	4.239511e-24	2.045743e-24	6.973448e-25	1.738460e-25	3.287409e-26	4.932523e-27	6.247115e-28	7.290989e-29	8.766765e-30	1.196859e-30	1.906404e-31	3.387010e-32	6.157090e-33	9.743323e-34	5.389401e-35	1.331352e-38	2.337468e-40	
R335	4.945771e-09	2.402380e-09	8.534825e-10	3.027529e-10	1.689048e-10	1.791725e-10	5.418152e-10	2.113042e-09	6.187956e-09	1.607449e-09	1.032116e-10	2.777118e-11	1.424809e-11	8.979083e-12	6.087431e-12	4.038633e-12	2.545126e-12	1.501451e-12	8.437599e-13	4.543442e-13	2.360463e-13	1.178484e-13	5.729150e-14	2.679095e-14	1.182957e-14	4.776516e-15	1.873314e-15	9.310559e-16	5.884353e-16	3.716366e-16	2.076362e-16	9.719973e-17	4.477011e-17	2.149775e-17	9.440709e-18	3.703502e-18	1.275626e-18	3.824594e-19	1.000423e-19	2.316993e-20	4.882465e-21	9.713506e-22	1.896859e-22	3.735333e-23	7.411448e-24	1.420085e-24	2.299114e-25	1.287031e-26	3.320306e-30	6.503562e-32	
R336	1.639396e-22	1.551968e-22	2.375766e-22	1.023828e-21	8.885735e-21	5.548375e-20	6.082159e-19	7.689692e-18	4.192795e-17	2.638947e-16	9.067599e-17	2.940786e-17	1.242018e-17	9.554553e-18	1.112173e-17	1.715808e-17	3.183757e-17	5.996843e-17	1.070721e-16	1.727397e-16	2.558638e-16	3.447097e-16	3.926403e-16	3.852616e-16	8.237693e-16	1.021339e-14	1.430223e-13	1.346712e-12	4.611226e-12	1.192815e-11	2.429038e-11	4.433798e-11	5.836695e-11	5.156877e-11	3.339117e-11	1.664322e-11	6.721645e-12	2.315428e-12	7.151158e-13	2.073588e-13	5.876706e-14	1.684341e-14	5.018420e-15	1.578183e-15	5.190691e-16	1.697991e-16	4.776098e-17	4.636590e-18	1.939494e-21	4.748094e-23	
R337	4.702433e-23	4.485640e-23	6.919820e-23	3.005593e-22	2.629661e-21	1.655798e-20	1.830465e-19	2.334680e-18	1.286027e-17	8.196393e-17	2.857911e-17	9.381360e-18	3.986634e-18	3.075357e-18	3.586290e-18	5.540430e-18	1.028864e-17	1.938534e-17	3.461505e-17	5.584311e-17	8.271113e-17	1.114247e-16	1.268855e-16	1.244240e-16	2.658373e-16	3.294184e-15	4.611711e-14	4.341237e-13	1.485946e-12	3.842655e-12	7.825652e-12	1.429370e-11	1.882480e-11	1.663221e-11	1.076949e-11	5.367852e-12	2.167898e-12	7.467831e-13	2.306427e-13	6.687836e-14	1.895384e-14	5.432419e-15	1.618566e-15	5.090032e-16	1.674127e-16	5.476443e-17	1.540411e-17	1.495416e-18	6.255352e-22	1.531378e-23	
R338	7.322466e-24	2.133859e-23	4.898951e-23	1.008453e-22	1.879686e-22	3.423808e-22	7.120575e-22	1.335207e-21	3.493512e-21	9.181981e-24	9.665196e-25	1.705851e-24	3.709484e-24	7.959630e-24	1.856016e-23	4.307312e-23	9.621582e-23	2.052638e-22	4.351423e-22	9.141322e-22	1.784216e-21	3.165875e-21	5.440289e-21	8.642300e-21	1.154174e-20	1.392194e-20	6.300724e-19	7.582110e-17	3.353897e-16	1.105107e-15	2.182511e-15	4.458275e-15	8.607327e-15	1.158097e-14	1.071290e-14	7.112744e-15	3.544480e-15	1.379794e-15	4.356712e-16	1.158498e-16	2.697447e-17	5.729208e-18	1.155530e-18	2.281899e-19	4.440022e-20	8.210919e-21	1.263774e-21	6.589521e-23	2.171482e-26	4.340509e-28	
R339	2.202245e-23	6.417620e-23	1.473369e-22	3.032941e-22	5.653192e-22	1.029717e-21	2.141526e-21	4.015661e-21	1.050680e-20	2.761498e-23	2.906826e-24	5.130379e-24	1.115634e-23	2.393874e-23	5.582002e-23	1.295432e-22	2.893709e-22	6.173346e-22	1.308699e-21	2.749270e-21	5.366063e-21	9.521430e-21	1.636177e-20	2.599188e-20	3.471200e-20	4.187051e-20	1.894955e-18	2.280334e-16	1.008691e-15	3.323630e-15	6.563942e-15	1.340835e-14	2.588670e-14	3.482999e-14	3.221923e-14	2.139171e-14	1.066009e-14	4.149758e-15	1.310289e-15	3.484205e-16	8.112622e-17	1.723070e-17	3.475279e-18	6.862855e-19	1.335345e-19	2.469449e-20	3.800823e-21	1.981811e-22	6.530774e-26	1.305416e-27	
R340	1.376403e-22	4.011013e-22	9.208555e-22	1.895588e-21	3.533245e-21	6.435729e-21	1.338454e-20	2.509788e-20	6.566752e-20	1.725936e-22	1.816766e-23	3.206487e-23	6.972714e-23	1.496171e-22	3.488752e-22	8.096452e-22	1.808568e-21	3.858341e-21	8.179366e-21	1.718294e-20	3.353789e-20	5.950894e-20	1.022611e-19	1.624492e-19	2.169500e-19	2.616907e-19	1.184347e-17	1.425209e-15	6.304319e-15	2.077269e-14	4.102464e-14	8.380216e-14	1.617919e-13	2.176874e-13	2.013702e-13	1.336982e-13	6.662557e-14	2.593599e-14	8.189308e-15	2.177628e-15	5.070389e-16	1.076919e-16	2.172049e-17	4.289285e-18	8.345906e-19	1.543406e-19	2.375515e-20	1.238632e-21	4.081734e-25	8.158851e-27	
R341	7.542690e-23	2.198035e-22	5.046288e-22	1.038782e-21	1.936218e-21	3.526780e-21	7.334728e-21	1.375364e-20	3.598580e-20	9.458131e-23	9.955879e-24	1.757155e-23	3.821047e-23	8.199017e-23	1.911836e-22	4.436856e-22	9.910953e-22	2.114371e-21	4.482293e-21	9.416249e-21	1.837877e-20	3.261090e-20	5.603907e-20	8.902219e-20	1.188886e-19	1.434065e-19	6.490219e-18	7.810144e-16	3.454767e-15	1.138343e-14	2.248150e-14	4.592358e-14	8.866194e-14	1.192927e-13	1.103509e-13	7.326661e-14	3.651081e-14	1.421292e-14	4.487741e-15	1.193340e-15	2.778573e-16	5.901515e-17	1.190283e-17	2.350528e-18	4.573557e-19	8.457863e-20	1.301782e-20	6.787702e-22	2.236790e-25	4.471050e-27	
R342	7.707859e-23	2.246167e-22	5.156791e-22	1.061529e-21	1.978617e-21	3.604008e-21	7.495342e-21	1.405481e-20	3.677381e-20	9.665243e-23	1.017389e-23	1.795632e-23	3.904720e-23	8.378558e-23	1.953701e-22	4.534013e-22	1.012798e-21	2.160671e-21	4.580445e-21	9.622445e-21	1.878122e-20	3.332500e-20	5.726620e-20	9.097158e-20	1.214920e-19	1.465468e-19	6.632341e-18	7.981169e-16	3.530418e-15	1.163270e-14	2.297380e-14	4.692921e-14	9.060344e-14	1.219050e-13	1.127673e-13	7.487099e-14	3.731032e-14	1.452415e-14	4.586013e-15	1.219472e-15	2.839418e-16	6.030745e-17	1.216348e-17	2.401999e-18	4.673708e-19	8.643072e-20	1.330288e-20	6.936338e-22	2.285771e-25	4.568957e-27	
R346	9.962754e-06	6.068693e-06	3.297863e-06	1.663590e-06	8.066484e-07	3.964306e-07	2.627050e-07	2.010776e-07	9.252335e-08	4.537385e-11	1.014266e-11	3.235298e-11	6.624043e-11	7.349871e-11	6.992034e-11	6.206303e-11	4.857647e-11	3.220667e-11	1.902600e-11	1.031060e-11	5.348714e-12	2.701399e-12	1.319368e-12	6.235808e-13	2.946161e-13	1.509100e-13	8.668216e-14	5.361302e-14	2.880831e-14	1.302641e-14	5.428893e-15	2.251127e-15	9.162708e-16	3.776748e-16	1.637996e-16	6.978601e-17	2.704230e-17	9.142103e-18	2.680034e-18	6.927126e-19	1.625393e-19	3.584651e-20	7.680751e-21	1.633535e-21	3.439300e-22	6.883939e-23	1.149482e-23	6.555811e-25	1.719399e-28	3.650126e-30	
R347	2.880929e-21	6.764955e-20	2.427792e-19	2.036574e-17	1.985629e-16	7.448071e-16	4.837331e-15	3.832829e-14	4.318321e-12	1.654668e-10	4.035681e-11	1.320077e-11	7.435679e-12	5.040492e-12	3.440045e-12	2.256843e-12	1.332812e-12	6.695048e-13	2.852657e-13	1.019667e-13	3.064718e-14	7.764876e-15	1.595449e-15	2.799430e-16	4.677467e-17	7.447730e-18	1.140343e-18	1.725335e-19	2.911995e-20	5.491784e-21	1.235763e-21	4.614553e-22	3.188148e-22	2.036518e-22	9.360387e-23	3.023610e-23	7.052101e-24	1.227465e-24	1.650950e-25	1.781742e-26	1.609650e-27	1.281314e-28	9.639925e-30	7.634063e-31	7.326900e-32	8.935327e-33	1.123503e-33	5.269772e-35	1.190012e-38	2.240799e-40	
R348	6.766430e-02	4.205766e-02	2.644770e-02	1.710685e-02	1.141040e-02	8.085672e-03	1.240457e-02	3.301675e-02	5.756851e-02	6.632066e-06	6.301083e-07	2.422461e-07	1.730695e-07	1.565380e-07	1.476184e-07	1.321877e-07	1.108170e-07	8.784280e-08	6.645217e-08	4.841141e-08	3.384709e-08	2.294164e-08	1.559867e-08	1.065936e-08	7.241129e-09	4.650045e-09	2.685722e-09	1.163633e-09	3.612842e-10	9.168097e-11	2.125575e-11	4.728942e-12	1.044738e-12	2.685747e-13	1.014860e-13	4.863633e-14	2.190877e-14	8.251233e-15	2.572671e-15	6.798513e-16	1.575934e-16	3.332454e-17	6.686376e-18	1.311750e-18	2.530786e-19	4.629221e-20	7.025934e-21	3.595248e-22	7.950554e-26	1.193680e-27	
R350	1.581864e-27	3.216596e-24	1.013152e-23	8.998389e-22	5.714830e-21	1.227158e-20	4.168855e-20	2.726307e-19	7.411980e-19	2.634706e-18	1.283362e-18	2.844672e-19	7.989000e-20	3.207158e-20	1.316563e-20	5.024567e-21	1.891539e-21	7.676417e-22	3.309346e-22	1.530311e-22	7.104532e-23	3.269776e-23	1.637586e-23	9.254774e-24	5.310982e-24	2.696182e-24	1.264520e-24	6.176844e-25	3.281181e-25	1.807516e-25	9.154035e-26	4.290630e-26	2.279242e-26	1.170595e-26	4.815847e-27	1.604491e-27	4.582856e-28	1.211224e-28	3.172814e-29	8.527933e-30	2.358724e-30	6.686781e-31	1.948984e-31	5.861779e-32	1.796127e-32	5.338863e-33	1.337912e-33	1.146012e-34	4.261795e-38	9.623477e-40	
R351	2.027833e-27	4.122378e-24	1.297642e-23	1.151297e-21	7.300289e-21	1.564088e-20	5.297588e-20	3.450492e-19	9.323298e-19	3.279728e-18	1.568414e-18	3.391077e-19	9.330020e-20	3.695440e-20	1.498938e-20	5.646311e-21	2.100734e-21	8.461380e-22	3.635881e-22	1.683093e-22	7.828404e-23	3.609847e-23	1.818778e-23	1.037835e-23	6.006612e-24	3.063743e-24	1.440070e-24	7.048891e-25	3.753696e-25	2.071875e-25	1.048848e-25	4.893915e-26	2.590688e-26	1.330550e-26	5.473907e-27	1.823736e-27	5.209079e-28	1.376732e-28	3.606363e-29	9.693231e-30	2.681032e-30	7.600494e-31	2.215303e-31	6.662761e-32	2.041558e-32	6.068391e-33	1.520731e-33	1.302609e-34	4.844147e-38	1.093848e-39	
R352	7.838839e-28	1.605795e-24	5.096816e-24	4.563190e-22	2.922681e-21	6.333102e-21	2.171950e-20	1.435115e-19	3.951347e-19	1.428550e-18	7.118432e-19	1.615110e-19	4.607275e-20	1.866354e-20	7.718514e-21	2.967936e-21	1.124398e-21	4.580792e-22	1.978020e-22	9.141956e-23	4.240239e-23	1.949631e-23	9.734160e-24	5.472931e-24	3.125769e-24	1.582483e-24	7.412226e-25	3.616187e-25	1.918049e-25	1.055322e-25	5.345989e-26	2.512681e-26	1.337545e-26	6.869490e-27	2.826120e-27	9.415756e-28	2.689392e-28	7.107920e-29	1.861927e-29	5.004512e-30	1.384188e-30	3.924054e-31	1.143737e-31	3.439913e-32	1.054035e-32	3.133045e-33	7.851370e-34	6.725232e-35	2.500981e-38	5.647418e-40	
R353	6.386231e-22	3.307634e-20	1.888052e-19	2.865470e-16	1.087551e-14	7.297117e-14	9.571072e-13	2.462021e-11	2.407481e-10	4.459389e-09	8.357833e-09	9.569465e-09	7.371121e-09	4.185224e-09	1.942209e-09	7.650484e-10	2.479627e-10	6.704021e-11	1.564951e-11	3.269897e-12	6.532496e-13	1.274732e-13	2.332270e-14	4.091328e-15	7.369605e-16	1.415011e-16	2.909163e-17	5.993295e-18	1.083027e-18	1.732076e-19	2.653957e-20	4.082810e-21	5.852872e-22	7.561862e-23	9.260576e-24	1.066418e-24	1.146785e-25	1.149244e-26	1.079297e-27	9.644011e-29	8.418440e-30	7.454410e-31	6.986022e-32	7.125878e-33	7.778421e-34	8.230553e-35	6.311794e-36	5.642176e-38	9.291339e-45	4.795266e-48	
R354	5.140767e-23	3.055767e-19	4.759104e-18	2.516420e-14	2.089030e-12	2.587947e-11	4.299833e-10	9.123183e-09	1.267612e-06	5.822980e-05	3.572264e-04	1.133053e-03	1.693907e-03	1.406872e-03	9.765977e-04	6.111430e-04	3.383392e-04	1.677612e-04	7.814560e-05	3.542420e-05	1.545980e-05	6.552927e-06	2.835025e-06	1.261759e-06	5.565231e-07	2.526844e-07	1.302654e-07	7.880203e-08	4.594445e-08	2.354021e-08	1.068096e-08	4.323103e-09	1.600414e-09	5.512073e-10	1.720487e-10	4.794847e-11	1.178970e-11	2.542422e-12	4.819029e-13	8.115618e-14	1.237134e-14	1.749622e-15	2.356178e-16	3.071390e-17	3.828164e-18	4.240699e-19	3.268634e-20	3.396812e-22	1.699625e-28	5.606715e-32	
R355	3.993514e-35	1.259270e-33	1.220288e-32	3.002736e-30	7.025762e-29	6.039399e-28	4.026684e-27	1.879818e-26	1.084909e-25	1.465903e-28	4.733291e-31	8.763341e-32	7.041803e-32	1.303774e-31	3.220643e-31	7.926150e-31	1.909347e-30	4.639523e-30	1.151250e-29	2.864413e-29	6.625514e-29	1.389919e-28	2.861690e-28	5.504347e-28	8.956940e-28	1.249455e-27	6.137740e-26	7.272077e-24	2.802712e-23	7.152108e-23	1.008745e-22	1.403748e-22	1.805451e-22	1.617077e-22	1.012546e-22	4.658673e-23	1.651132e-23	4.701182e-24	1.120333e-24	2.659214e-25	1.065360e-23	3.228106e-22	3.347839e-21	1.543444e-20	4.201367e-20	8.038767e-20	1.187944e-19	3.245658e-19	3.495641e-20	1.152354e-21	
R356	7.310437e-32	2.938727e-31	4.957755e-31	1.488703e-28	7.892719e-27	1.063130e-25	3.205847e-24	1.471131e-22	4.106436e-21	1.754120e-17	1.140452e-17	1.677883e-18	2.083225e-19	6.510968e-20	2.724137e-20	1.156322e-20	4.813143e-21	2.012295e-21	7.800203e-22	2.697034e-22	8.661731e-23	2.522426e-23	5.755389e-24	1.071691e-24	1.861656e-25	2.612742e-26	2.660855e-27	4.247531e-28	1.956053e-28	1.740309e-28	1.430265e-28	1.476087e-28	1.537105e-28	1.122865e-28	6.027964e-29	2.512656e-29	8.534000e-30	2.426932e-30	5.874296e-31	1.233229e-31	2.307342e-32	3.981690e-33	6.569230e-34	1.064493e-34	1.699335e-35	2.571838e-36	3.228289e-37	1.367122e-38	2.507756e-42	3.102538e-44	
R357	2.237676e-24	3.620333e-24	3.288377e-24	1.720702e-21	4.962269e-20	2.793205e-19	2.710689e-18	2.911793e-17	1.717760e-16	3.195979e-14	3.946080e-15	2.251856e-16	1.746387e-17	3.015853e-18	5.678580e-19	9.589682e-20	1.599167e-20	3.016163e-21	6.128275e-22	1.323212e-22	2.900192e-23	6.335798e-24	1.402434e-24	3.262847e-25	7.740685e-26	1.560971e-26	2.712936e-27	8.205482e-28	4.682434e-28	3.631570e-28	2.148308e-28	1.369815e-28	8.784390e-29	4.155444e-29	1.346117e-29	3.079119e-30	5.149471e-31	6.530956e-32	6.571189e-33	5.580119e-34	4.365978e-35	3.518895e-36	3.219698e-37	3.436482e-38	4.090181e-39	4.979615e-40	5.275221e-41	1.952209e-42	3.227570e-46	3.718269e-48	
R358	1.945759e-16	9.103727e-16	1.803940e-15	1.223890e-13	1.098813e-12	4.587622e-12	6.348498e-11	1.665859e-09	2.852461e-08	6.351959e-09	5.431110e-10	1.540994e-10	8.968423e-11	5.524482e-11	3.301643e-11	1.744112e-11	7.888122e-12	3.002318e-12	9.345069e-13	2.352413e-13	4.950864e-14	9.297690e-15	1.644368e-15	2.884619e-16	5.120132e-17	9.056247e-18	1.781604e-18	5.868648e-19	3.310199e-19	2.536025e-19	2.105856e-19	1.756138e-19	1.229730e-19	6.549920e-20	2.590492e-20	7.863043e-21	1.914266e-21	3.940457e-22	7.285179e-23	1.284839e-23	2.269022e-24	4.145296e-25	8.000045e-26	1.646189e-26	3.565825e-27	7.716307e-28	1.440322e-28	9.300043e-30	2.595051e-33	4.165866e-35	
R359	5.124844e-17	1.149821e-16	7.796052e-17	1.656538e-15	6.539623e-15	2.052250e-14	1.949959e-13	2.471990e-12	2.303042e-11	1.247961e-09	6.409902e-11	7.418098e-12	1.685987e-12	6.479801e-13	2.704749e-13	1.056350e-13	3.843357e-14	1.339444e-14	4.439254e-15	1.401690e-15	4.313522e-16	1.288340e-16	3.647229e-17	9.797269e-18	2.529629e-18	5.971427e-19	1.391630e-19	4.322307e-20	1.798865e-20	7.609085e-21	2.887156e-21	9.347412e-22	2.948442e-22	9.510272e-23	2.803721e-23	7.380569e-24	1.705373e-24	3.429309e-25	6.015296e-26	9.340862e-27	1.319570e-27	1.759710e-28	2.303062e-29	3.038971e-30	4.039497e-31	5.183615e-32	5.618139e-33	2.104133e-34	3.632949e-38	4.669225e-40	
R360	7.783307e-31	3.291116e-30	9.282517e-30	2.308555e-27	1.362308e-25	2.409546e-24	7.924860e-23	3.094464e-21	5.033805e-20	6.049026e-17	1.468587e-17	1.790610e-18	3.047493e-19	1.350997e-19	9.232144e-20	7.980597e-20	8.193668e-20	8.880300e-20	9.246858e-20	8.779422e-20	7.752381e-20	6.289778e-20	4.260645e-20	2.486267e-20	3.208401e-20	2.367750e-19	1.987027e-18	1.178670e-17	2.683614e-17	4.685695e-17	6.469435e-17	8.022782e-17	7.135735e-17	4.235006e-17	1.840895e-17	6.157179e-18	1.668165e-18	3.854072e-19	7.982094e-20	1.551858e-20	2.948456e-21	5.664513e-22	1.131110e-22	2.383537e-23	5.251903e-24	1.150591e-24	2.166568e-25	1.407181e-26	3.939463e-30	6.328198e-32	
R361	1.169098e-30	4.943446e-30	1.394288e-29	3.467583e-27	2.046265e-25	3.619276e-24	1.190360e-22	4.648063e-21	7.561066e-20	9.085986e-17	2.205903e-17	2.689599e-18	4.577510e-19	2.029275e-19	1.386721e-19	1.198732e-19	1.230736e-19	1.333872e-19	1.388931e-19	1.318720e-19	1.164452e-19	9.447609e-20	6.399734e-20	3.734516e-20	4.819204e-20	3.556498e-19	2.984629e-18	1.770430e-17	4.030943e-17	7.038183e-17	9.717464e-17	1.205068e-16	1.071828e-16	6.361223e-17	2.765131e-17	9.248437e-18	2.505680e-18	5.789038e-19	1.198956e-19	2.330980e-20	4.428751e-21	8.508424e-22	1.698992e-22	3.580209e-23	7.888662e-24	1.728255e-24	3.254310e-25	2.113667e-26	5.917300e-30	9.505319e-32	
R362	8.755438e-31	1.152058e-29	4.929862e-29	5.929794e-27	7.617651e-26	3.989807e-25	2.530380e-24	1.492623e-23	1.193016e-22	6.190987e-23	4.835699e-24	3.392094e-24	3.095803e-24	3.924677e-24	5.488103e-24	7.298118e-24	9.198337e-24	1.143029e-23	1.420563e-23	1.753298e-23	2.033981e-23	2.166733e-23	2.192776e-23	2.038812e-23	1.619779e-23	1.153549e-23	3.116724e-22	2.354215e-20	6.894408e-20	1.528044e-19	2.047583e-19	2.864431e-19	3.759229e-19	3.397590e-19	2.109906e-19	9.400272e-20	3.142496e-20	8.204682e-21	1.737233e-21	3.097302e-22	4.834731e-23	6.883128e-24	9.304174e-25	1.231175e-25	1.604854e-26	1.987634e-27	2.047987e-28	7.144370e-30	1.575664e-33	2.066618e-35	
R363	4.625842e-23	2.157024e-22	4.048094e-22	2.307001e-20	1.524493e-19	4.342728e-19	2.180413e-18	1.191571e-17	7.779634e-17	9.683172e-16	4.022566e-17	4.638300e-18	1.148201e-18	5.254596e-19	2.589900e-19	1.182983e-19	5.134802e-20	2.261272e-20	9.963715e-21	4.375384e-21	1.844430e-21	7.329790e-22	2.822748e-22	1.086589e-22	4.173100e-23	1.480344e-23	1.111353e-23	9.293675e-22	4.982204e-21	1.589777e-20	2.589196e-20	4.015570e-20	5.579500e-20	5.209930e-20	3.294949e-20	1.483191e-20	4.987609e-21	1.306712e-21	2.772589e-22	4.949816e-23	7.733310e-24	1.101674e-24	1.489868e-25	1.972184e-26	2.571552e-27	3.185960e-28	3.285391e-29	1.178753e-30	2.332874e-33	4.389120e-35	
R364	1.297969e-11	3.354866e-11	3.627717e-11	1.276984e-09	5.634781e-09	1.136325e-08	4.611985e-08	2.669608e-07	1.480636e-06	1.496426e-05	5.723643e-07	4.250884e-08	8.683212e-09	3.720722e-09	1.799464e-09	8.318394e-10	3.607940e-10	1.466968e-10	5.428590e-11	1.800752e-11	5.309702e-12	1.384568e-12	3.131431e-13	6.451550e-14	1.291282e-14	2.359028e-15	3.976988e-16	6.894837e-17	1.413479e-17	3.273462e-18	8.854404e-19	3.829132e-19	3.172423e-19	2.596825e-19	1.575658e-19	6.970140e-20	2.323488e-20	6.057994e-21	1.281773e-21	2.284499e-22	3.565797e-23	5.077462e-24	6.865878e-25	9.089824e-26	1.185569e-26	1.469300e-27	1.515013e-28	5.284289e-30	8.008096e-34	8.189711e-36	
R365	3.101341e-12	8.016052e-12	8.667996e-12	3.051200e-10	1.346364e-09	2.715113e-09	1.101979e-08	6.378709e-08	3.537802e-07	3.575532e-06	1.367596e-07	1.015698e-08	2.074750e-09	8.890220e-10	4.299603e-10	1.987581e-10	8.620741e-11	3.505146e-11	1.297097e-11	4.302682e-12	1.268690e-12	3.308259e-13	7.482179e-14	1.541521e-14	3.085365e-15	5.636615e-16	9.502538e-17	1.647439e-17	3.377340e-18	7.821546e-19	2.115654e-19	9.149254e-20	7.580125e-20	6.204803e-20	3.764846e-20	1.665432e-20	5.551697e-21	1.447485e-21	3.062644e-22	5.458538e-23	8.520047e-24	1.213199e-24	1.640520e-25	2.171905e-26	2.832775e-27	3.510716e-28	3.619942e-29	1.262618e-30	1.913439e-34	1.956834e-36	
R366	6.962505e-15	1.727245e-14	1.567783e-14	4.108725e-13	1.208660e-12	1.483712e-12	2.575722e-12	5.226700e-12	5.903020e-12	4.197157e-13	4.452068e-14	3.412820e-14	2.035334e-14	1.067672e-14	5.037859e-15	2.099395e-15	7.795042e-16	2.700970e-16	8.930927e-17	2.886605e-17	9.139301e-18	2.848147e-18	8.932177e-19	2.847157e-19	9.095143e-20	2.957023e-20	1.049159e-20	4.206449e-21	1.555774e-21	4.881261e-22	1.371179e-22	3.626088e-23	9.504641e-24	2.631633e-24	7.662144e-25	2.190549e-25	5.694391e-26	1.291145e-26	2.538171e-27	4.398684e-28	6.919252e-29	1.022868e-29	1.468864e-30	2.093309e-31	2.952580e-32	3.957884e-33	4.424267e-34	1.688177e-35	2.963229e-39	4.127707e-41	
R367	1.477162e-28	1.129392e-28	3.227330e-29	2.575260e-28	2.102393e-28	6.056591e-29	2.222644e-29	9.381631e-30	1.657002e-30	1.897257e-30	3.148237e-33	1.059631e-36	1.735759e-39	2.485488e-41	5.274580e-43	8.712451e-45	1.918858e-46	1.056515e-47	1.387114e-48	4.347119e-49	1.613465e-49	6.104051e-50	5.308618e-50	1.022484e-49	1.655158e-49	1.197332e-49	4.979978e-50	2.034260e-50	9.196097e-51	3.650741e-51	8.319720e-52	7.382463e-53	7.991843e-54	1.760736e-54	3.620049e-55	6.792364e-56	1.139966e-56	1.690810e-57	2.214008e-58	2.585502e-59	2.747398e-60	2.732144e-61	2.623853e-62	2.493493e-63	2.348603e-64	2.106687e-65	1.570073e-66	3.936378e-68	4.232279e-72	2.991475e-74	
R368	1.675914e-09	4.703547e-09	5.513042e-09	2.083654e-07	9.578737e-07	1.951777e-06	9.131118e-06	7.645527e-05	4.072307e-04	9.262837e-06	6.530335e-07	9.978271e-08	2.991933e-08	1.598831e-08	9.041757e-09	4.639458e-09	2.194527e-09	1.013264e-09	4.493762e-10	1.923384e-10	7.992681e-11	3.252427e-11	1.302362e-11	5.208957e-12	2.105050e-12	7.981140e-13	2.751951e-13	7.484170e-14	1.538395e-14	2.625926e-15	4.130792e-16	6.293717e-17	9.451687e-18	1.632160e-18	4.140322e-19	1.331483e-19	4.023572e-20	1.016337e-20	2.124981e-21	3.765077e-22	5.850987e-23	8.293295e-24	1.115216e-24	1.466041e-25	1.894861e-26	2.321262e-27	2.358488e-28	8.074407e-30	1.195023e-33	1.177278e-35	
R369	2.473674e-09	6.942505e-09	8.137332e-09	3.075505e-07	1.413836e-06	2.880852e-06	1.347766e-05	1.128491e-04	6.010785e-04	1.367208e-05	9.638870e-07	1.472807e-07	4.416138e-08	2.359898e-08	1.334577e-08	6.847908e-09	3.239155e-09	1.495593e-09	6.632859e-10	2.838944e-10	1.179731e-10	4.800630e-11	1.922305e-11	7.688498e-12	3.107085e-12	1.178028e-12	4.061920e-13	1.104675e-13	2.270694e-14	3.875905e-15	6.097110e-16	9.289618e-17	1.395083e-17	2.409093e-18	6.111177e-19	1.965289e-19	5.938852e-20	1.500129e-20	3.136504e-21	5.557309e-22	8.636144e-23	1.224103e-23	1.646075e-24	2.163898e-25	2.796843e-26	3.426217e-27	3.481163e-28	1.191794e-29	1.763872e-33	1.737680e-35	
R370	5.308515e-10	1.412169e-09	1.562661e-09	5.549108e-08	2.382271e-07	4.497046e-07	1.935425e-06	1.473438e-05	6.936764e-05	1.321480e-06	7.165445e-08	8.088734e-09	1.938372e-09	9.019244e-10	4.529206e-10	2.049727e-10	8.685585e-11	3.742602e-11	1.611456e-11	6.963878e-12	2.943239e-12	1.218798e-12	5.156723e-13	2.256562e-13	9.887286e-14	3.923422e-14	1.382106e-14	3.835492e-15	8.078532e-16	1.406027e-16	2.202642e-17	3.209502e-18	4.658990e-19	8.045355e-20	2.040876e-20	6.563237e-21	1.983326e-21	5.009799e-22	1.047460e-22	1.855907e-23	2.884108e-24	4.087987e-25	5.497199e-26	7.226507e-27	9.340277e-28	1.144212e-28	1.162562e-29	3.980091e-31	5.890589e-35	5.803120e-37	
R371	9.450048e-33	6.605689e-32	1.619844e-31	1.140633e-29	8.571732e-29	2.546755e-28	1.257752e-27	1.045416e-26	7.971531e-26	9.230228e-24	1.814469e-24	2.017215e-25	4.070195e-26	1.670002e-26	7.208754e-27	2.579200e-27	8.109447e-28	2.638965e-28	9.234292e-29	3.768521e-29	1.723286e-29	8.398992e-30	4.092193e-30	1.845105e-30	7.239992e-31	2.438056e-31	2.709074e-30	7.312684e-29	8.052673e-29	7.770530e-29	5.161974e-29	3.951741e-29	2.953540e-29	1.538131e-29	5.705179e-30	1.580376e-30	3.429934e-31	6.078963e-32	9.176811e-33	1.307466e-33	2.647051e-34	1.171221e-34	9.217824e-35	1.161786e-34	1.588035e-34	1.798555e-34	1.432376e-34	7.476514e-35	6.889989e-39	1.308473e-41	
R372	9.313983e-34	6.423064e-33	1.552491e-32	1.076365e-30	7.953133e-30	2.319094e-29	1.122299e-28	9.116562e-28	6.749446e-27	7.494474e-25	1.385873e-25	1.437413e-26	2.756796e-27	1.096470e-27	4.608946e-28	1.603552e-28	4.920343e-29	1.576893e-29	5.481970e-30	2.241950e-30	1.029046e-30	5.034795e-31	2.483139e-31	1.142153e-31	4.562983e-32	1.552254e-32	1.733065e-31	4.699265e-30	5.203057e-30	5.042638e-30	3.346727e-30	2.536660e-30	1.881593e-30	9.798870e-31	3.634562e-31	1.006800e-31	2.185086e-32	3.872686e-33	5.846212e-34	8.329388e-35	1.686340e-35	7.461421e-36	5.872340e-36	7.401314e-36	1.011679e-35	1.145794e-35	9.125144e-36	4.763015e-36	4.389361e-40	8.335806e-43	
R373	6.811914e-34	4.697600e-33	1.135436e-32	7.872146e-31	5.816637e-30	1.696103e-29	8.208092e-29	6.667527e-28	4.936304e-27	5.481190e-25	1.013578e-25	1.051273e-26	2.016222e-27	8.019191e-28	3.370818e-28	1.172781e-28	3.598563e-29	1.153283e-29	4.009317e-30	1.639682e-30	7.526075e-31	3.682269e-31	1.816079e-31	8.353300e-32	3.337203e-32	1.135263e-32	1.267501e-31	3.436875e-30	3.805330e-30	3.688005e-30	2.447676e-30	1.855222e-30	1.376130e-30	7.166543e-31	2.658189e-31	7.363377e-32	1.598094e-32	2.832344e-33	4.275711e-34	6.091817e-35	1.233329e-35	5.457017e-36	4.294820e-36	5.413057e-36	7.399059e-36	8.379930e-36	6.673804e-36	3.483499e-36	3.210222e-40	6.096511e-43	
R374	1.866570e-35	1.706598e-31	9.981700e-31	5.163575e-27	2.254329e-25	1.389426e-24	1.438280e-23	2.960460e-22	2.465338e-21	1.743212e-18	6.412968e-19	5.813080e-20	7.030933e-21	1.697357e-21	4.246541e-22	9.454949e-23	2.041641e-23	4.877906e-24	1.238553e-24	3.359794e-25	9.246354e-26	2.547904e-26	7.451596e-27	2.431785e-27	8.204708e-28	2.443330e-28	6.820701e-29	2.085454e-29	7.309725e-30	2.701395e-30	9.287874e-31	2.999628e-31	1.088307e-31	3.754597e-32	1.036954e-32	2.318308e-33	4.442108e-34	7.874132e-35	1.383167e-35	2.492659e-36	4.621972e-37	8.782922e-38	1.715677e-38	3.457670e-39	7.097706e-40	1.412941e-40	2.370370e-41	1.358408e-42	3.380886e-46	5.009361e-48	
R375	1.479598e-36	1.352791e-32	7.912323e-32	4.093078e-28	1.786968e-26	1.101374e-25	1.140100e-24	2.346706e-23	1.954231e-22	1.381815e-19	5.083451e-20	4.607929e-21	5.573301e-22	1.345466e-22	3.366160e-23	7.494777e-24	1.618374e-24	3.866633e-25	9.817796e-26	2.663251e-26	7.329427e-27	2.019680e-27	5.906753e-28	1.927635e-28	6.503732e-29	1.936786e-29	5.406654e-30	1.653104e-30	5.794294e-31	2.141350e-31	7.362339e-32	2.377754e-32	8.626826e-33	2.976205e-33	8.219758e-34	1.837684e-34	3.521183e-35	6.241690e-36	1.096413e-36	1.975888e-37	3.663759e-38	6.962073e-39	1.359988e-39	2.740836e-40	5.626230e-41	1.120014e-41	1.878952e-42	1.076787e-43	2.679970e-47	3.970835e-49	
R376	2.256660e-34	4.755998e-32	4.528659e-31	3.564250e-26	8.186760e-24	1.367576e-22	4.679467e-21	3.173905e-19	7.556493e-18	2.002468e-14	1.740410e-14	4.644802e-15	1.016481e-15	2.684548e-16	6.090716e-17	1.108832e-17	1.681022e-18	2.353908e-19	3.063649e-20	3.822764e-21	4.671430e-22	5.637616e-23	6.670964e-24	7.983908e-25	9.823327e-26	1.203977e-26	1.533023e-27	2.052381e-28	2.560402e-29	2.848003e-30	2.939849e-31	2.868675e-32	2.637234e-33	2.288780e-34	1.881670e-35	1.454053e-36	1.048947e-37	7.050321e-39	4.440067e-40	2.660083e-41	1.556684e-42	9.239614e-44	5.803310e-45	3.966533e-46	2.900621e-47	2.055526e-48	1.055261e-49	6.311114e-52	6.955604e-59	2.355492e-62	
R377	1.109462e-33	2.778912e-29	7.493544e-28	2.138756e-22	1.122445e-19	3.633422e-18	1.659599e-16	9.851395e-15	3.596376e-12	2.633411e-08	8.772286e-08	7.757712e-08	3.756094e-08	1.572359e-08	5.714911e-09	1.776554e-09	4.899338e-10	1.308783e-10	3.456864e-11	9.306875e-12	2.460637e-12	6.386413e-13	1.731648e-13	4.994323e-14	1.436474e-14	4.055652e-15	1.279026e-15	4.969850e-16	1.972474e-16	6.950553e-17	2.129688e-17	5.610071e-18	1.358174e-18	3.142199e-19	6.584160e-20	1.231319e-20	2.031036e-21	2.937566e-22	3.733804e-23	4.216019e-24	4.308529e-25	4.084399e-26	3.686357e-27	3.219964e-28	2.688645e-29	1.994687e-30	1.029241e-31	7.156066e-34	2.396366e-40	5.187054e-44	
R378	3.187320e-25	2.277719e-23	1.842019e-22	4.295778e-19	2.766577e-17	3.309703e-16	1.183758e-14	6.806295e-13	1.340441e-11	7.518986e-13	5.344426e-14	1.700382e-14	1.509184e-14	1.095666e-14	7.303912e-15	4.219110e-15	1.951114e-15	6.838647e-16	1.829404e-16	3.754882e-17	6.231294e-18	9.020384e-19	1.211992e-19	1.590784e-20	2.109028e-21	2.934951e-22	4.890333e-23	1.409734e-23	6.367277e-24	3.605101e-24	2.141681e-24	1.271322e-24	6.210842e-25	2.253643e-25	6.041011e-26	1.237929e-26	2.028234e-27	2.802180e-28	3.468411e-29	4.084888e-30	4.804157e-31	5.826300e-32	7.435082e-33	1.006608e-33	1.425269e-34	1.998754e-35	2.390222e-36	9.736347e-38	1.706783e-41	1.611130e-43	
R379	1.638343e-23	3.287680e-22	7.557339e-22	5.313129e-19	1.099288e-17	4.582143e-17	6.609553e-16	1.210718e-14	7.652610e-14	6.962077e-15	5.133067e-16	4.079880e-17	7.290466e-18	1.953864e-18	5.271325e-19	1.228421e-19	2.530184e-20	5.005571e-21	9.668522e-22	1.857983e-22	3.434186e-23	6.098370e-24	1.097275e-24	2.028600e-25	3.721249e-26	6.192978e-27	9.783072e-28	1.714752e-28	3.407610e-29	6.496325e-30	1.085217e-30	1.500872e-31	2.038279e-32	2.919149e-33	3.884443e-34	4.709821e-35	5.114790e-36	4.929293e-37	4.225904e-38	3.272024e-39	2.350733e-40	1.624015e-41	1.119343e-42	7.884891e-44	5.650195e-45	3.927172e-46	2.301095e-47	4.609821e-49	4.270180e-53	2.832450e-55	
R380	4.851395e-24	1.914011e-22	8.190939e-22	9.460411e-19	2.849804e-17	1.547304e-16	1.204568e-15	9.022726e-15	3.938904e-14	5.540703e-12	5.503613e-13	3.468187e-14	4.851290e-15	1.165882e-15	2.849879e-16	6.206253e-17	1.209012e-17	2.226238e-18	3.866277e-19	6.430321e-20	1.042442e-20	1.653476e-21	2.552075e-22	3.951533e-23	6.282896e-24	9.467119e-25	1.391939e-25	2.304553e-26	4.404349e-27	8.195135e-28	1.368533e-28	1.960184e-29	2.734419e-30	3.912409e-31	5.202617e-32	6.305433e-33	6.846103e-34	6.597415e-35	5.656283e-36	4.380021e-37	3.147103e-38	2.174293e-39	1.498487e-40	1.055178e-41	7.553947e-43	5.239382e-44	3.058111e-45	6.082266e-47	5.565706e-51	3.780484e-53	
R381	1.241433e-19	4.929757e-18	2.189228e-17	2.666811e-14	8.503268e-13	4.953594e-12	5.242247e-11	6.715504e-10	4.338983e-09	1.124876e-08	3.672735e-10	3.152042e-11	1.003747e-11	5.137904e-12	2.803758e-12	1.434565e-12	6.429735e-13	2.423452e-13	7.729353e-14	2.088652e-14	4.848347e-15	9.728900e-16	1.662841e-16	2.541219e-17	3.769593e-18	5.394452e-19	7.686776e-20	1.163956e-20	1.906241e-21	3.256427e-22	6.304201e-23	1.949031e-23	1.130262e-23	6.302882e-24	2.592010e-24	7.740944e-25	1.736615e-25	3.038965e-26	4.304760e-27	5.123536e-28	5.325771e-29	5.034210e-30	4.501288e-31	3.920879e-32	3.342804e-33	2.684774e-34	1.773545e-35	3.902519e-37	3.715430e-41	2.234299e-43	
R382	3.159773e-22	1.314176e-20	5.376914e-20	5.390163e-17	1.277854e-15	5.113769e-15	2.638706e-14	1.374217e-13	2.187210e-13	5.227394e-15	7.022320e-16	9.734392e-16	1.255613e-15	9.616822e-16	6.077431e-16	3.357338e-16	1.507720e-16	5.344555e-17	1.588637e-17	4.125947e-18	1.003905e-18	2.348271e-19	5.144826e-20	1.069635e-20	2.255053e-21	5.379003e-22	1.564152e-22	5.320291e-23	1.517684e-23	3.415292e-24	6.907565e-25	1.392697e-25	2.683217e-26	5.061203e-27	9.987503e-28	1.927690e-28	3.372425e-29	5.132201e-30	6.754459e-31	7.816881e-32	8.188736e-33	8.035931e-34	7.630522e-35	7.154729e-36	6.596563e-37	5.730496e-38	4.103924e-39	9.878893e-41	1.089374e-44	8.923051e-47	
R383	2.633144e-22	1.095146e-20	4.480762e-20	4.491802e-17	1.064879e-15	4.261474e-15	2.198922e-14	1.145180e-13	1.822675e-13	4.356162e-15	5.851933e-16	8.111994e-16	1.046344e-15	8.014018e-16	5.064526e-16	2.797781e-16	1.256433e-16	4.453796e-17	1.323864e-17	3.438289e-18	8.365876e-19	1.956893e-19	4.287355e-20	8.913621e-21	1.879211e-21	4.482503e-22	1.303460e-22	4.433576e-23	1.264737e-23	2.846077e-24	5.756304e-25	1.160581e-25	2.236014e-26	4.217669e-27	8.322919e-28	1.606409e-28	2.810354e-29	4.276834e-30	5.628716e-31	6.514067e-32	6.823947e-33	6.696609e-34	6.358769e-35	5.962274e-36	5.497135e-37	4.775414e-38	3.419936e-39	8.232411e-41	9.078117e-45	7.435876e-47	
R384	3.499805e-38	5.577969e-35	1.497073e-33	2.476614e-28	1.170213e-25	3.537529e-24	1.767989e-22	9.398147e-21	3.593014e-18	6.517074e-15	9.122656e-16	1.225343e-16	4.160972e-17	1.893317e-17	8.376690e-18	3.331738e-18	1.102968e-18	2.918819e-19	6.218080e-20	1.067395e-20	1.510215e-21	1.778795e-22	1.658923e-23	1.305039e-24	9.896675e-26	7.408078e-27	5.767808e-28	4.819254e-29	4.339891e-30	4.089573e-31	4.462113e-32	8.027567e-33	2.606835e-33	7.620215e-34	1.593607e-34	2.332050e-35	2.455615e-36	1.924021e-37	1.161789e-38	5.613946e-40	2.264296e-41	8.020249e-43	2.674037e-44	9.336058e-46	3.923837e-47	2.076867e-48	1.119991e-49	2.217261e-51	2.105208e-55	1.529507e-57	
R385	4.085726e-21	1.778790e-19	7.589083e-19	7.738303e-16	1.801702e-14	6.655759e-14	2.259689e-13	5.747817e-13	3.663632e-13	4.735980e-13	3.863999e-14	2.590697e-15	2.385126e-16	2.628792e-17	2.844682e-18	3.020390e-19	4.432560e-20	1.113655e-20	3.705144e-21	1.361807e-21	4.938703e-22	1.747791e-22	6.444368e-23	2.519007e-23	9.589984e-24	3.346033e-24	1.168081e-24	3.867779e-25	9.771848e-26	1.792827e-26	2.625519e-27	3.380220e-28	4.216790e-29	5.366689e-30	7.004416e-31	9.137187e-32	1.117491e-32	1.224803e-33	1.188551e-34	1.032957e-35	8.237547e-37	6.210110e-38	4.554614e-39	3.308046e-40	2.363861e-41	1.585874e-42	8.678051e-44	1.566870e-45	1.229425e-49	6.226411e-52	
R387	6.051045e-43	1.796781e-39	6.406591e-38	1.579933e-31	2.353419e-28	1.007349e-26	7.892627e-25	1.022876e-22	2.348913e-21	1.221225e-18	6.127116e-19	1.212013e-19	2.988562e-20	7.727097e-21	1.668902e-21	2.812035e-22	3.768799e-23	4.436555e-24	4.773054e-25	4.918006e-26	4.845670e-27	4.612699e-28	4.459160e-29	4.497218e-30	4.600812e-31	4.713453e-32	5.230208e-33	6.294865e-34	6.495988e-35	5.480332e-36	4.024866e-37	2.634197e-38	1.614844e-39	9.547597e-41	5.320001e-42	2.775403e-43	1.347443e-44	6.078541e-46	2.562836e-47	1.025339e-48	3.995948e-50	1.574462e-51	6.538981e-53	2.940577e-54	1.405622e-55	6.455261e-57	2.123145e-58	8.010471e-61	5.546363e-68	1.104454e-71	
R389	4.140497e-27	7.730102e-24	2.847410e-23	1.885692e-20	1.541158e-18	2.768042e-17	4.985369e-16	6.968902e-15	4.082132e-14	9.964448e-14	7.451905e-14	4.267313e-14	2.620214e-14	2.509069e-14	3.296246e-14	4.795076e-14	7.041398e-14	9.862776e-14	1.272689e-13	1.463400e-13	1.522748e-13	1.405208e-13	1.064060e-13	6.747209e-14	3.918872e-14	1.973381e-14	8.359229e-15	6.537771e-15	1.403706e-14	5.128252e-14	1.545378e-13	5.376446e-13	1.843983e-12	4.474087e-12	7.877099e-12	1.063916e-11	1.157786e-11	1.043316e-11	7.902910e-12	5.106276e-12	2.866281e-12	1.425800e-12	6.401712e-13	2.634933e-13	1.007284e-13	3.618256e-14	1.234996e-14	4.053235e-15	1.308087e-15	4.811943e-16	
R390	2.160176e-19	1.190600e-16	1.754873e-16	4.795818e-14	1.595217e-12	1.101358e-11	7.065325e-11	3.135746e-10	4.948080e-10	2.729641e-10	4.293024e-11	5.495101e-12	1.014517e-12	3.875585e-13	2.180113e-13	1.333768e-13	8.686450e-14	6.192673e-14	4.690262e-14	3.702788e-14	2.858820e-14	2.121137e-14	1.612161e-14	1.278658e-14	1.003216e-14	6.968864e-15	4.444353e-15	6.067714e-15	2.259220e-14	1.269904e-13	5.028333e-13	1.931642e-12	7.185078e-12	1.989209e-11	3.775406e-11	5.089691e-11	5.080017e-11	3.899241e-11	2.384496e-11	1.200988e-11	5.135413e-12	1.914307e-12	6.360992e-13	1.919260e-13	5.340191e-14	1.388532e-14	3.413042e-15	8.013475e-16	1.828081e-16	4.648230e-17	
R391	5.095813e-18	3.012279e-15	4.788103e-15	1.420513e-12	5.172436e-11	3.952397e-10	2.833844e-09	1.428561e-08	2.661162e-08	1.865705e-08	4.194761e-09	8.132613e-10	2.045322e-10	9.463076e-11	6.276724e-11	4.572136e-11	3.470362e-11	2.724148e-11	2.150106e-11	1.674812e-11	1.262923e-11	9.144828e-12	6.437014e-12	4.504659e-12	3.158447e-12	2.059482e-12	1.274947e-12	1.692495e-12	6.092173e-12	3.333265e-11	1.327455e-10	5.425106e-10	2.115367e-09	5.856453e-09	1.111522e-08	1.498462e-08	1.495614e-08	1.147980e-08	7.020222e-09	3.535843e-09	1.511923e-09	5.635932e-10	1.872747e-10	5.650517e-11	1.572212e-11	4.087995e-12	1.004838e-12	2.359256e-13	5.382074e-14	1.368491e-14	
R392	8.513152e-31	8.389693e-28	1.065276e-27	2.567788e-27	1.507151e-27	2.049920e-27	9.907227e-27	8.060341e-26	1.279672e-24	2.980594e-22	1.081577e-20	1.855902e-20	1.183724e-20	9.165235e-21	6.708589e-21	3.799358e-21	1.907886e-21	1.019369e-21	5.794413e-22	3.486590e-22	2.069156e-22	1.185503e-22	6.889394e-23	4.204162e-23	2.556897e-23	1.373171e-23	6.931323e-24	6.426022e-24	1.023740e-23	1.968707e-23	2.628609e-23	3.533007e-23	4.687531e-23	4.632527e-23	3.146525e-23	1.528793e-23	5.539045e-24	1.557325e-24	3.550792e-25	6.943661e-26	1.256641e-26	2.312038e-27	4.669147e-28	1.048892e-28	2.525852e-29	6.278512e-30	1.582893e-30	4.045823e-31	1.070819e-31	3.444915e-32	
R393	2.312688e-18	1.749861e-15	3.497739e-15	4.072775e-12	1.829314e-10	1.389629e-09	8.166002e-09	2.716175e-08	3.438211e-08	3.780976e-09	5.663825e-10	1.343268e-10	5.420980e-11	2.962425e-11	1.801589e-11	1.074724e-11	6.494923e-12	4.174613e-12	2.844418e-12	2.037548e-12	1.440889e-12	9.931736e-13	7.197446e-13	5.578298e-13	4.338924e-13	3.105213e-13	2.233259e-13	3.293479e-13	8.711687e-13	2.761631e-12	5.996124e-12	1.302612e-11	2.773729e-11	4.358062e-11	4.629962e-11	3.431624e-11	1.838811e-11	7.389821e-12	2.326880e-12	6.081389e-13	1.427537e-13	3.316625e-14	8.258396e-15	2.238927e-15	6.381374e-16	1.843955e-16	5.311689e-17	1.523420e-17	4.431247e-18	1.517900e-18	
R394	2.312688e-18	1.749861e-15	3.497739e-15	4.072775e-12	1.829314e-10	1.389629e-09	8.166002e-09	2.716175e-08	3.438211e-08	3.780976e-09	5.663825e-10	1.343268e-10	5.420980e-11	2.962425e-11	1.801589e-11	1.074724e-11	6.494923e-12	4.174613e-12	2.844418e-12	2.037548e-12	1.440889e-12	9.931736e-13	7.197446e-13	5.578298e-13	4.338924e-13	3.105213e-13	2.233259e-13	3.293479e-13	8.711687e-13	2.761631e-12	5.996124e-12	1.302612e-11	2.773729e-11	4.358062e-11	4.629962e-11	3.431624e-11	1.838811e-11	7.389821e-12	2.326880e-12	6.081389e-13	1.427537e-13	3.316625e-14	8.258396e-15	2.238927e-15	6.381374e-16	1.843955e-16	5.311689e-17	1.523420e-17	4.431247e-18	1.517900e-18	
R395	3.364370e-18	2.517488e-15	4.972324e-15	5.715116e-12	2.530597e-10	1.891885e-09	1.092472e-08	3.561876e-08	4.393056e-08	4.653472e-09	6.593481e-10	1.466164e-10	5.640461e-11	2.992433e-11	1.774116e-11	1.030220e-11	6.080724e-12	3.850822e-12	2.607184e-12	1.871473e-12	1.328265e-12	9.189880e-13	6.739060e-13	5.324814e-13	4.214214e-13	3.045560e-13	2.200432e-13	3.259149e-13	8.666015e-13	2.758620e-12	5.984271e-12	1.287670e-11	2.722031e-11	4.276835e-11	4.543667e-11	3.367664e-11	1.804539e-11	7.252087e-12	2.283511e-12	5.968042e-13	1.400930e-13	3.254809e-14	8.104473e-15	2.197197e-15	6.262436e-16	1.809587e-16	5.212688e-17	1.495026e-17	4.348656e-18	1.489608e-18	
R396	4.915926e-12	6.123681e-09	1.461411e-08	1.135155e-06	7.826383e-06	2.162137e-05	4.595483e-05	6.519112e-05	6.770963e-05	3.457505e-05	5.607180e-06	1.249033e-06	6.071110e-07	4.015279e-07	2.911577e-07	2.102404e-07	1.485513e-07	1.027787e-07	7.019833e-08	4.752154e-08	3.147120e-08	2.038527e-08	1.342589e-08	9.097670e-09	6.248046e-09	4.208208e-09	3.024547e-09	4.521220e-09	1.177685e-08	3.640928e-08	7.991210e-08	1.886064e-07	4.261059e-07	6.658832e-07	7.022699e-07	5.151825e-07	2.720920e-07	1.071807e-07	3.284513e-08	8.279972e-09	1.854026e-09	4.053188e-10	9.340820e-11	2.298251e-11	5.811726e-12	1.452630e-12	3.520284e-13	8.239973e-14	1.886469e-14	4.834946e-15	
R397	5.860929e-14	6.405625e-11	1.329648e-10	8.889182e-09	5.204798e-08	1.199766e-07	2.095858e-07	2.381785e-07	1.860377e-07	6.338785e-08	5.697112e-09	6.495036e-10	1.934785e-10	9.478866e-11	5.319499e-11	2.933160e-11	1.638039e-11	9.780451e-12	6.272458e-12	4.334029e-12	2.975514e-12	2.000499e-12	1.481780e-12	1.216952e-12	9.940102e-13	7.383520e-13	5.556967e-13	8.676244e-13	2.381885e-12	7.679298e-12	1.670465e-11	3.581035e-11	7.520156e-11	1.175188e-10	1.239405e-10	9.092230e-11	4.802032e-11	1.891586e-11	5.796693e-12	1.461296e-12	3.272089e-13	7.153294e-14	1.648520e-14	4.056082e-15	1.025686e-15	2.563683e-16	6.212795e-17	1.454237e-17	3.329346e-18	8.532985e-19	
R398	1.270313e-11	1.580026e-08	3.763980e-08	2.917478e-06	2.006367e-05	5.525824e-05	1.170230e-04	1.652720e-04	1.705942e-04	8.627022e-05	1.377101e-05	3.006643e-06	1.438381e-06	9.416551e-07	6.767216e-07	4.839437e-07	3.390045e-07	2.332628e-07	1.589427e-07	1.076811e-07	7.140857e-08	4.631905e-08	3.063984e-08	2.090950e-08	1.445049e-08	9.766858e-09	7.031180e-09	1.052668e-08	2.747056e-08	8.505274e-08	1.866178e-07	4.389643e-07	9.891580e-07	1.545775e-06	1.630242e-06	1.195940e-06	6.316316e-07	2.488083e-07	7.624637e-08	1.922105e-08	4.303918e-09	9.409031e-10	2.168369e-10	5.335136e-11	1.349128e-11	3.372121e-12	8.171954e-13	1.912819e-13	4.379230e-14	1.122380e-14	
R399	7.022751e-13	8.748116e-10	2.087730e-09	1.621651e-07	1.118055e-06	3.088767e-06	6.564976e-06	9.313017e-06	9.672804e-06	4.939293e-06	8.010258e-07	1.784333e-07	8.673015e-08	5.736114e-08	4.159396e-08	3.003434e-08	2.122162e-08	1.468267e-08	1.002833e-08	6.788791e-09	4.495886e-09	2.912182e-09	1.917984e-09	1.299667e-09	8.925780e-10	6.011725e-10	4.320781e-10	6.458885e-10	1.682407e-09	5.201325e-09	1.141601e-08	2.694378e-08	6.087227e-08	9.512617e-08	1.003243e-07	7.359750e-08	3.887028e-08	1.531154e-08	4.692162e-09	1.182853e-09	2.648609e-10	5.790269e-11	1.334403e-11	3.283215e-12	8.302466e-13	2.075186e-13	5.028978e-14	1.177139e-14	2.694955e-15	6.907066e-16	
R400	1.165509e-11	1.443812e-08	3.421729e-08	2.634982e-06	1.797381e-05	4.899731e-05	1.024765e-04	1.424682e-04	1.437730e-04	7.011931e-05	1.053352e-05	2.125671e-06	9.545351e-07	5.998211e-07	4.157435e-07	2.858785e-07	1.933506e-07	1.300942e-07	8.779221e-08	5.966531e-08	3.978627e-08	2.595465e-08	1.747776e-08	1.227522e-08	8.702055e-09	5.965494e-09	4.323072e-09	6.512611e-09	1.712271e-08	5.332946e-08	1.168649e-07	2.711650e-07	6.046765e-07	9.449387e-07	9.965741e-07	7.310830e-07	3.861191e-07	1.520976e-07	4.660973e-08	1.174991e-08	2.631003e-09	5.751781e-10	1.325533e-10	3.261392e-11	8.247279e-12	2.061392e-12	4.995550e-13	1.169315e-13	2.677042e-14	6.861155e-15	
R401	1.647649e-07	1.069452e-04	1.404797e-04	6.802286e-03	3.267320e-02	6.903948e-02	2.524912e-01	7.140569e-01	9.422730e-01	2.354815e-04	3.176121e-05	1.203088e-05	8.789847e-06	7.058627e-06	6.052334e-06	5.022381e-06	3.989738e-06	3.079081e-06	2.373404e-06	1.842247e-06	1.375475e-06	9.865744e-07	7.334844e-07	5.634744e-07	4.262260e-07	3.088308e-07	2.344110e-07	2.253372e-07	2.543205e-07	2.640935e-07	2.270695e-07	1.556527e-07	1.033075e-07	7.213394e-08	4.644644e-08	2.702895e-08	1.397472e-08	6.358414e-09	2.548096e-09	9.092869e-10	2.942979e-10	8.828753e-11	2.504420e-11	6.810790e-12	1.787949e-12	4.551359e-13	1.131891e-13	2.785627e-14	7.226376e-15	2.423794e-15	
R402	8.890218e-10	1.085172e-06	2.530932e-06	1.913321e-04	1.265826e-03	3.276364e-03	6.050419e-03	6.489790e-03	5.369945e-03	1.809007e-03	2.691315e-04	6.442114e-05	3.121584e-05	2.030797e-05	1.446625e-05	1.023985e-05	7.104989e-06	4.855514e-06	3.294219e-06	2.228403e-06	1.477160e-06	9.583650e-07	6.359781e-07	4.366791e-07	3.036024e-07	2.058821e-07	1.477315e-07	1.361328e-07	1.504103e-07	1.546232e-07	1.324987e-07	9.105205e-08	6.055822e-08	4.224425e-08	2.718226e-08	1.581174e-08	8.173326e-09	3.718587e-09	1.490278e-09	5.318640e-10	1.721610e-10	5.164965e-11	1.464997e-11	3.982607e-12	1.044493e-12	2.653269e-13	6.572992e-14	1.605996e-14	4.115613e-15	1.413582e-15	
R403	9.986950e-10	1.202386e-06	2.763415e-06	2.056285e-04	1.337141e-03	3.395335e-03	6.141261e-03	6.434141e-03	5.165181e-03	1.666696e-03	2.328238e-04	5.187497e-05	2.385027e-05	1.502396e-05	1.041132e-05	7.158780e-06	4.842892e-06	3.257474e-06	2.195081e-06	1.488162e-06	9.903091e-07	6.450853e-07	4.335367e-07	3.039065e-07	2.152728e-07	1.475291e-07	1.063862e-07	9.849350e-08	1.094400e-07	1.130140e-07	9.675008e-08	6.580170e-08	4.342160e-08	3.029007e-08	1.949029e-08	1.133737e-08	5.860458e-09	2.666311e-09	1.068563e-09	3.813585e-10	1.234433e-10	3.703396e-11	1.050435e-11	2.855619e-12	7.489249e-13	1.902453e-13	4.712983e-14	1.151535e-14	2.950987e-15	1.013570e-15	
R404	8.890218e-11	1.085172e-07	2.530932e-07	1.913321e-05	1.265826e-04	3.276364e-04	6.050419e-04	6.489790e-04	5.369945e-04	1.809007e-04	2.691315e-05	6.442114e-06	3.121584e-06	2.030797e-06	1.446625e-06	1.023985e-06	7.104989e-07	4.855514e-07	3.294219e-07	2.228403e-07	1.477160e-07	9.583650e-08	6.359781e-08	4.366791e-08	3.036024e-08	2.058821e-08	1.477315e-08	1.361328e-08	1.504103e-08	1.546232e-08	1.324987e-08	9.105205e-09	6.055822e-09	4.224425e-09	2.718226e-09	1.581174e-09	8.173326e-10	3.718587e-10	1.490278e-10	5.318640e-11	1.721610e-11	5.164965e-12	1.464997e-12	3.982607e-13	1.044493e-13	2.653269e-14	6.572992e-15	1.605996e-15	4.115613e-16	1.413582e-16	
R405	2.004899e-10	2.413813e-07	5.547608e-07	4.128030e-05	2.684336e-04	6.816198e-04	1.232870e-03	1.291666e-03	1.036920e-03	3.345923e-04	4.673982e-05	1.041400e-05	4.787986e-06	3.016088e-06	2.090092e-06	1.437139e-06	9.722198e-07	6.539440e-07	4.406666e-07	2.987513e-07	1.988064e-07	1.295021e-07	8.703332e-08	6.100980e-08	4.321641e-08	2.961674e-08	2.135722e-08	1.977276e-08	2.197029e-08	2.268777e-08	1.942276e-08	1.320982e-08	8.716969e-09	6.080789e-09	3.912712e-09	2.275999e-09	1.176498e-09	5.352669e-10	2.145160e-10	7.655843e-11	2.478147e-11	7.434637e-12	2.108769e-12	5.732708e-13	1.503481e-13	3.819211e-14	9.461401e-15	2.311728e-15	5.924162e-16	2.034760e-16	
R406	5.935492e-09	6.475249e-06	1.308200e-05	8.114785e-04	4.072241e-03	7.299491e-03	7.210409e-03	4.758751e-03	1.888554e-03	2.249787e-05	6.994189e-06	3.565276e-06	2.289260e-06	1.449687e-06	9.467128e-07	5.972948e-07	3.808129e-07	2.603623e-07	1.965782e-07	1.661732e-07	1.410921e-07	1.183481e-07	1.154037e-07	1.296450e-07	1.427668e-07	1.497569e-07	1.669870e-07	2.191149e-07	2.767610e-07	2.953701e-07	2.552365e-07	1.741455e-07	1.146838e-07	7.950576e-08	5.060662e-08	2.891939e-08	1.453932e-08	6.349783e-09	2.402434e-09	7.921023e-10	2.301641e-10	5.973768e-11	1.403657e-11	3.023677e-12	6.040090e-13	1.130410e-13	1.999401e-14	3.365662e-15	5.450144e-16	9.638591e-17	
R407	3.073981e-29	1.594845e-25	1.251388e-24	2.751281e-22	4.440546e-21	2.472209e-20	7.325217e-20	9.970511e-20	1.170300e-19	2.090498e-23	8.964344e-25	1.057008e-24	2.582135e-24	6.884192e-24	2.191881e-23	7.122579e-23	2.357742e-22	8.159307e-22	3.119352e-21	1.313626e-20	5.165801e-20	1.827183e-19	7.111078e-19	2.865617e-18	9.461308e-18	2.733451e-17	3.254628e-15	1.272034e-12	1.855091e-11	1.779501e-10	8.645848e-10	3.613947e-09	1.425288e-08	4.278567e-08	8.713827e-08	1.257955e-07	1.347413e-07	1.114732e-07	7.386515e-08	4.053166e-08	1.898145e-08	7.789819e-09	2.865562e-09	9.631572e-10	3.006482e-10	8.837764e-11	2.476114e-11	6.694357e-12	2.597558e-12	1.013010e-12	
R408	1.523800e-25	9.400459e-22	8.872164e-21	2.379273e-18	4.767786e-17	3.373660e-16	1.296183e-15	2.366784e-15	4.052478e-15	1.237443e-18	1.160327e-19	3.325528e-19	1.555170e-18	6.173299e-18	2.761365e-17	1.283293e-16	5.804193e-16	2.442333e-15	1.015077e-14	4.160159e-14	1.559603e-13	5.250478e-13	1.748475e-12	5.459518e-12	1.432132e-11	3.633580e-11	4.069844e-09	1.501427e-06	2.042228e-05	1.852980e-04	9.110310e-04	4.326352e-03	1.879977e-02	5.643496e-02	1.149367e-01	1.659262e-01	1.777259e-01	1.470348e-01	9.742927e-02	5.346188e-02	2.503683e-02	1.027489e-02	3.779721e-03	1.270419e-03	3.965596e-04	1.165715e-04	3.266033e-05	8.829961e-06	3.426219e-06	1.336176e-06	
R409	1.842975e-18	4.029102e-15	1.667723e-14	2.119000e-12	2.184236e-11	8.406025e-11	2.556806e-10	4.325208e-10	6.049400e-10	4.430589e-12	2.209545e-13	1.040951e-13	1.320386e-13	1.892044e-13	2.983067e-13	4.761807e-13	7.417110e-13	1.106061e-12	1.629814e-12	2.376561e-12	3.237486e-12	4.065964e-12	5.152474e-12	6.660715e-12	8.446261e-12	1.067431e-11	3.322080e-11	1.356826e-08	3.378371e-07	4.413158e-06	2.637152e-05	1.388383e-04	6.387450e-04	1.981015e-03	4.108876e-03	5.993082e-03	6.457239e-03	5.360641e-03	3.559553e-03	1.955817e-03	9.167501e-04	3.764635e-04	1.385505e-04	4.658575e-05	1.454611e-05	4.277350e-06	1.199386e-06	3.335002e-07	1.161238e-06	6.496201e-07	
R411	3.071625e-17	6.715170e-14	2.779538e-13	3.531666e-11	3.640393e-10	1.401004e-09	4.261344e-09	7.208680e-09	1.008233e-08	7.384315e-11	3.682576e-12	1.734918e-12	2.200644e-12	3.153407e-12	4.971779e-12	7.936346e-12	1.236185e-11	1.843434e-11	2.716357e-11	3.960934e-11	5.395810e-11	6.776607e-11	8.587456e-11	1.110119e-10	1.407710e-10	1.779052e-10	5.536800e-10	2.261377e-07	5.630619e-06	7.355263e-05	4.395253e-04	2.313971e-03	1.064575e-02	3.301691e-02	6.848127e-02	9.988470e-02	1.076206e-01	8.934402e-02	5.932589e-02	3.259695e-02	1.527917e-02	6.274392e-03	2.309176e-03	7.764292e-04	2.424351e-04	7.128917e-05	1.998976e-05	5.558336e-06	1.935397e-05	1.082700e-05	
R412	1.868572e-17	4.085062e-14	1.690886e-13	2.148430e-11	2.214572e-10	8.522775e-10	2.592317e-09	4.385280e-09	6.133419e-09	4.492125e-11	2.240234e-12	1.055408e-12	1.338725e-12	1.918322e-12	3.024499e-12	4.827944e-12	7.520126e-12	1.121423e-11	1.652451e-11	2.409568e-11	3.282451e-11	4.122436e-11	5.224036e-11	6.753225e-11	8.563570e-11	1.082257e-10	3.368220e-10	1.375671e-07	3.425293e-06	4.474451e-05	2.673779e-04	1.407666e-03	6.476165e-03	2.008529e-02	4.165944e-02	6.076319e-02	6.546923e-02	5.435094e-02	3.608992e-02	1.982981e-02	9.294827e-03	3.816922e-03	1.404749e-03	4.723278e-04	1.474814e-04	4.336758e-05	1.216044e-05	3.381321e-06	1.177367e-05	6.586426e-06	
R413	6.874575e-04	1.017256e+00	2.621600e+00	2.015473e+02	1.212100e+03	2.575813e+03	4.138671e+03	4.342467e+03	1.697172e+03	8.443744e+00	1.051551e+00	2.876585e-01	2.208083e-01	2.113232e-01	2.193838e-01	2.269187e-01	2.227579e-01	2.008406e-01	1.726924e-01	1.449280e-01	1.146464e-01	8.692548e-02	6.994141e-02	5.975072e-02	5.013639e-02	4.247172e-02	4.100965e-02	4.864238e-02	5.623581e-02	5.762231e-02	5.785704e-02	7.992078e-02	2.043261e-01	5.475666e-01	1.091243e+00	1.569134e+00	1.678860e+00	1.386394e+00	9.153183e-01	4.992671e-01	2.317693e-01	9.396023e-02	3.399487e-02	1.117389e-02	3.385234e-03	9.562296e-04	2.540807e-04	6.396059e-05	1.551744e-05	4.149965e-06	
R414	5.403077e-09	6.714982e-06	1.643277e-05	1.324175e-03	9.366891e-03	2.626030e-02	6.647575e-02	1.228266e-01	1.513238e-01	9.420792e-04	4.575258e-05	1.459872e-05	1.572783e-05	2.141577e-05	3.349641e-05	5.465716e-05	8.571088e-05	1.184966e-04	1.468838e-04	1.617071e-04	1.539393e-04	1.267319e-04	9.400274e-05	6.464743e-05	4.246313e-05	2.753466e-05	1.920835e-05	1.623576e-05	1.542546e-05	1.459845e-05	1.449381e-05	2.136305e-05	5.877506e-05	1.597969e-04	3.179846e-04	4.557896e-04	4.868158e-04	4.021940e-04	2.663121e-04	1.460831e-04	6.840881e-05	2.807931e-05	1.033300e-05	3.474810e-06	1.085296e-06	3.192381e-07	8.950719e-08	2.419523e-08	6.451032e-09	1.961645e-09	
R415	3.074383e-05	3.725577e-02	8.885295e-02	6.973227e+00	4.799725e+01	1.307663e+02	3.215231e+02	5.761025e+02	6.844890e+02	4.070655e+00	1.869121e-01	5.671731e-02	5.936475e-02	7.964972e-02	1.232220e-01	1.990664e-01	3.098386e-01	4.265914e-01	5.279212e-01	5.815028e-01	5.540908e-01	4.566162e-01	3.398221e-01	2.351174e-01	1.553789e-01	1.011290e-01	7.067689e-02	5.984473e-02	5.698236e-02	5.402388e-02	5.361602e-02	7.870956e-02	2.159178e-01	5.870344e-01	1.168157e+00	1.674402e+00	1.788381e+00	1.477512e+00	9.783321e-01	5.366551e-01	2.513086e-01	1.031530e-01	3.795960e-02	1.276516e-02	3.986975e-03	1.172762e-03	3.288162e-04	8.888429e-05	2.369870e-05	7.206357e-06	
R416	1.256105e-05	1.522164e-02	3.630278e-02	2.849061e+00	1.961030e+01	5.342737e+01	1.313651e+02	2.353790e+02	2.796626e+02	1.663153e+00	7.636694e-02	2.317307e-02	2.425474e-02	3.254260e-02	5.034499e-02	8.133285e-02	1.265912e-01	1.742931e-01	2.156935e-01	2.375854e-01	2.263857e-01	1.865603e-01	1.388416e-01	9.606225e-02	6.348337e-02	4.131840e-02	2.887656e-02	2.445085e-02	2.328137e-02	2.207261e-02	2.190598e-02	3.215848e-02	8.821784e-02	2.398455e-01	4.772758e-01	6.841128e-01	7.306813e-01	6.036691e-01	3.997185e-01	2.192620e-01	1.026775e-01	4.214536e-02	1.550921e-02	5.215481e-03	1.628964e-03	4.791572e-04	1.343449e-04	3.631558e-05	9.682612e-06	2.944312e-06	
R417	8.665830e-16	6.913869e-13	9.470378e-13	3.786855e-11	1.193122e-10	1.391038e-10	1.513215e-10	1.886557e-10	2.576234e-10	8.394631e-11	2.042702e-12	1.444064e-13	3.359366e-14	1.546639e-14	8.258342e-15	4.159177e-15	1.994312e-15	9.394364e-16	4.346148e-16	1.974197e-16	8.063533e-17	2.953032e-17	1.111585e-17	4.483611e-18	1.818471e-18	7.771473e-19	4.254468e-19	3.230220e-19	2.188121e-19	1.093163e-19	4.268824e-20	1.410602e-20	4.750391e-21	1.920715e-21	8.350935e-22	3.265330e-22	1.031973e-22	2.566868e-23	5.090154e-24	8.296813e-25	1.156097e-25	1.438362e-26	1.667011e-27	1.856859e-28	1.999705e-29	2.008957e-30	1.652828e-31	4.603962e-33	3.576605e-36	6.968652e-39	
R418	2.667239e-22	7.726324e-19	4.477164e-18	4.240112e-15	8.484809e-14	2.862035e-13	9.143179e-13	2.636510e-12	2.370439e-12	8.237203e-15	8.289090e-16	9.520762e-16	8.560732e-16	5.358839e-16	2.947171e-16	1.395169e-16	5.655052e-17	2.043674e-17	6.955279e-18	2.323255e-18	7.420329e-19	2.263232e-19	7.121776e-20	2.299169e-20	7.190803e-21	2.345372e-21	9.316745e-22	4.916689e-22	2.299533e-22	7.900708e-23	2.122483e-23	4.820842e-24	1.035647e-24	2.299483e-25	5.141036e-26	1.085991e-26	2.004788e-27	3.097227e-28	3.980043e-29	4.332707e-30	4.124712e-31	3.565645e-32	2.902245e-33	2.281129e-34	1.735319e-35	1.234776e-36	7.316509e-38	1.827662e-39	1.522379e-41	1.240819e-43	
R419	7.607746e-07	9.655771e-04	2.121678e-03	1.370279e-01	7.012573e-01	1.312448e+00	1.573444e+00	1.146151e+00	3.354552e-01	1.839122e-05	3.474513e-06	1.702935e-05	7.219807e-05	1.449424e-04	2.596769e-04	4.529377e-04	7.063641e-04	9.146496e-04	1.054912e-03	1.116799e-03	1.115438e-03	1.071523e-03	1.022203e-03	9.621519e-04	9.036908e-04	9.803825e-04	1.398227e-03	2.659440e-03	4.410722e-03	5.508556e-03	5.711564e-03	5.468031e-03	4.983455e-03	4.582936e-03	4.376100e-03	4.053859e-03	3.376481e-03	2.425909e-03	1.492428e-03	7.960210e-04	3.756707e-04	1.600855e-04	6.256113e-05	2.264653e-05	7.649197e-06	2.433661e-06	7.397343e-07	2.187529e-07	6.755508e-08	2.798037e-08	
R420	2.717052e-07	3.448490e-04	7.577421e-04	4.893853e-02	2.504490e-01	4.687314e-01	5.619443e-01	4.093396e-01	1.198054e-01	6.568293e-06	1.240898e-06	6.081911e-06	2.578502e-05	5.176513e-05	9.274174e-05	1.617634e-04	2.522729e-04	3.266606e-04	3.767542e-04	3.988568e-04	3.983707e-04	3.826867e-04	3.650725e-04	3.436257e-04	3.227467e-04	3.501366e-04	4.993667e-04	9.497998e-04	1.575258e-03	1.967341e-03	2.039844e-03	1.952868e-03	1.779805e-03	1.636763e-03	1.562893e-03	1.447807e-03	1.205886e-03	8.663959e-04	5.330101e-04	2.842932e-04	1.341681e-04	5.717341e-05	2.234326e-05	8.088045e-06	2.731856e-06	8.691646e-07	2.641908e-07	7.812604e-08	2.412681e-08	9.992990e-09	
R421	5.818858e-37	1.193056e-33	8.830414e-33	1.288772e-28	4.284792e-26	1.150374e-24	3.958215e-23	1.016959e-21	1.210810e-19	6.981268e-17	2.432590e-17	2.306790e-18	2.413962e-19	5.018792e-20	1.458043e-20	4.388161e-21	1.378315e-21	4.872907e-22	1.888077e-22	7.946891e-23	3.275073e-23	1.289279e-23	5.374045e-24	2.427290e-24	1.062014e-24	3.867251e-25	1.265783e-25	9.107739e-26	1.890166e-25	6.154654e-25	1.406645e-24	2.970096e-24	5.994429e-24	9.074119e-24	9.071407e-24	6.166447e-24	2.955913e-24	1.034124e-24	2.730487e-25	5.623924e-26	9.321762e-27	1.278069e-27	1.482793e-28	1.480982e-29	1.284356e-30	9.546067e-32	5.556565e-33	1.234605e-34	3.055745e-38	9.821349e-41	
R422	1.383417e-22	6.728509e-18	9.698363e-17	1.033653e-12	1.054314e-10	1.490562e-09	1.730809e-08	1.286880e-07	9.047156e-06	3.764326e-05	7.410439e-06	3.519297e-06	3.928022e-06	4.684858e-06	5.876177e-06	7.379442e-06	8.483594e-06	8.200863e-06	6.778865e-06	4.743358e-06	2.754868e-06	1.332565e-06	5.411302e-07	1.927263e-07	6.511209e-08	2.216708e-08	8.464839e-09	3.954975e-09	2.070696e-09	1.082922e-09	6.057310e-10	5.174488e-10	7.948725e-10	1.132834e-09	1.146359e-09	8.051531e-10	4.036375e-10	1.493103e-10	4.214435e-11	9.385739e-12	1.705426e-12	2.623089e-13	3.599373e-14	4.851557e-15	7.469962e-16	1.448057e-16	3.314363e-17	8.060678e-18	2.143311e-18	7.874099e-19	
R423	2.314913e-04	2.446025e-01	4.889089e-01	3.014031e+01	1.488274e+02	2.605077e+02	2.958845e+02	2.450656e+02	9.985770e+01	1.977611e+00	5.531217e-01	2.113011e-01	1.094206e-01	6.157596e-02	3.633193e-02	2.044982e-02	1.180083e-02	7.647223e-03	5.718633e-03	5.005015e-03	4.426354e-03	3.862477e-03	4.094122e-03	5.215211e-03	6.443827e-03	7.265789e-03	8.490846e-03	1.173267e-02	1.581241e-02	1.803776e-02	1.626461e-02	1.103176e-02	7.328279e-03	5.362568e-03	3.615859e-03	2.198350e-03	1.182141e-03	5.555903e-04	2.276732e-04	8.182893e-05	2.608735e-05	7.478188e-06	1.954441e-06	4.717769e-07	1.064104e-07	2.265464e-08	4.591077e-09	8.920576e-10	1.687436e-10	3.546420e-11	
R424	1.106178e-05	1.500551e-02	3.515333e-02	2.365107e+00	1.220027e+01	2.169415e+01	1.765516e+01	6.507065e+00	7.980991e-01	2.524164e-03	3.181737e-04	8.392106e-05	2.745590e-05	8.320462e-06	2.658987e-06	9.305670e-07	4.923721e-07	4.626237e-07	6.032404e-07	9.008311e-07	1.333359e-06	1.926395e-06	3.035393e-06	5.209459e-06	8.594700e-06	1.342750e-05	2.282195e-05	4.196477e-05	6.112746e-05	6.182663e-05	4.648275e-05	2.885525e-05	1.722751e-05	1.068962e-05	6.750999e-06	4.226781e-06	2.461114e-06	1.273511e-06	5.776790e-07	2.313871e-07	8.312930e-08	2.721329e-08	8.214247e-09	2.303275e-09	6.029563e-10	1.481502e-10	3.440840e-11	7.632103e-12	1.677061e-12	4.294808e-13	
R425	5.405703e-27	6.294654e-23	1.305771e-21	1.681429e-18	7.597359e-17	7.495409e-16	3.463392e-14	1.219553e-11	3.599235e-09	5.434173e-08	4.729378e-09	4.781243e-10	1.468665e-10	8.383525e-11	5.559698e-11	3.593391e-11	2.175019e-11	1.227904e-11	6.409560e-12	3.052828e-12	1.228964e-12	4.145561e-13	1.256017e-13	3.570469e-14	9.440419e-15	2.237236e-15	4.870884e-16	1.010774e-16	1.876632e-17	3.110866e-18	5.145205e-19	1.192573e-19	5.283104e-20	2.452389e-20	8.342327e-21	2.003174e-21	3.468483e-22	4.466177e-23	4.422858e-24	3.486680e-25	2.263734e-26	1.252265e-27	6.125993e-29	2.774317e-30	1.230156e-31	5.603413e-33	2.586815e-34	9.946475e-36	3.209127e-37	1.069070e-38	
R426	1.182297e-03	1.555697e+00	4.021711e+00	3.388872e+02	2.430125e+03	6.689667e+03	1.895961e+04	4.914064e+04	5.607120e+04	7.504713e-01	6.351575e-02	3.965270e-02	6.092301e-02	1.019391e-01	1.844077e-01	3.306792e-01	5.613043e-01	8.775972e-01	1.301587e+00	1.849887e+00	2.484187e+00	3.194669e+00	4.209414e+00	5.653958e+00	7.544220e+00	1.019034e+01	1.456615e+01	1.934758e+01	1.847141e+01	1.290750e+01	7.449887e+00	3.853146e+00	1.915966e+00	1.098917e+00	9.142284e-01	9.526536e-01	9.223855e-01	7.382801e-01	4.830714e-01	2.634264e-01	1.228177e-01	5.018147e-02	1.836393e-02	6.131942e-03	1.897908e-03	5.518295e-04	1.524585e-04	4.045109e-05	1.053302e-05	3.085372e-06	
R427	1.182297e-03	1.555697e+00	4.021711e+00	3.388872e+02	2.430125e+03	6.689667e+03	1.895961e+04	4.914064e+04	5.607120e+04	7.504713e-01	6.351575e-02	3.965270e-02	6.092301e-02	1.019391e-01	1.844077e-01	3.306792e-01	5.613043e-01	8.775972e-01	1.301587e+00	1.849887e+00	2.484187e+00	3.194669e+00	4.209414e+00	5.653958e+00	7.544220e+00	1.019034e+01	1.456615e+01	1.934758e+01	1.847141e+01	1.290750e+01	7.449887e+00	3.853146e+00	1.915966e+00	1.098917e+00	9.142284e-01	9.526536e-01	9.223855e-01	7.382801e-01	4.830714e-01	2.634264e-01	1.228177e-01	5.018147e-02	1.836393e-02	6.131942e-03	1.897908e-03	5.518295e-04	1.524585e-04	4.045109e-05	1.053302e-05	3.085372e-06	
R428	1.625066e-02	3.023021e+01	9.386251e+01	6.341012e+03	1.743589e+04	2.215801e+04	3.503503e+04	5.321075e+04	4.785707e+04	1.853131e+01	4.095930e+00	3.799234e+00	6.187655e+00	8.663591e+00	1.232878e+01	1.736370e+01	2.222845e+01	2.430986e+01	2.368030e+01	2.088426e+01	1.725867e+01	1.359541e+01	1.024458e+01	7.343539e+00	5.173374e+00	3.678410e+00	2.626088e+00	1.601504e+00	7.400115e-01	2.773595e-01	9.309244e-02	2.961635e-02	8.454180e-03	2.160087e-03	5.237619e-04	1.207330e-04	2.653360e-05	5.637799e-06	1.201252e-06	2.751536e-07	7.459453e-08	2.558545e-08	1.081485e-08	5.169469e-09	2.593953e-09	1.312684e-09	6.606999e-10	3.305930e-10	1.722763e-10	1.039335e-10	
R429	3.553732e-46	4.237139e-43	7.794945e-43	3.836611e-41	1.271330e-40	1.258271e-40	8.258325e-41	3.821860e-41	6.884772e-42	2.049321e-44	5.017228e-47	1.274931e-49	2.973348e-51	3.738371e-52	7.091170e-53	1.097668e-53	2.001552e-54	7.042900e-55	5.060038e-55	8.035575e-55	1.569805e-54	3.226602e-54	1.285315e-53	8.631476e-53	4.284515e-52	1.097365e-51	7.223027e-50	1.333964e-47	1.024907e-46	5.603176e-46	1.274285e-45	1.572034e-45	2.208533e-45	3.820126e-45	4.646997e-45	4.171021e-45	2.900474e-45	1.628903e-45	7.695388e-46	3.374413e-46	2.049635e-46	2.614192e-46	5.599091e-46	1.792506e-45	5.867327e-45	1.577201e-44	3.415526e-44	1.381660e-43	2.240152e-44	1.264957e-45	
R430	8.751137e-28	2.786508e-24	1.461470e-23	2.219822e-21	2.510131e-20	9.681485e-20	2.774007e-19	6.796726e-19	1.042639e-18	6.497581e-20	1.346198e-20	5.274779e-21	4.895031e-21	5.885773e-21	7.680140e-21	9.048025e-21	9.692212e-21	1.033840e-20	1.193100e-20	1.624138e-20	2.419226e-20	3.757019e-20	6.181689e-20	9.766022e-20	1.314642e-19	1.611649e-19	7.499723e-18	9.982776e-16	5.165348e-15	2.059486e-14	5.009833e-14	1.274581e-13	3.103742e-13	5.368582e-13	6.530617e-13	5.861708e-13	4.076156e-13	2.289165e-13	1.081465e-13	4.742202e-14	2.880437e-14	3.673832e-14	7.868635e-14	2.519082e-13	8.245598e-13	2.216506e-12	4.799979e-12	1.941705e-11	3.148178e-12	1.777696e-13	
R431	3.263892e-29	1.399096e-22	1.804849e-21	2.081597e-17	1.417602e-15	1.180392e-14	7.402282e-14	4.716386e-13	8.413808e-13	3.500717e-13	1.546044e-13	5.725857e-14	3.548617e-14	2.682428e-14	2.146734e-14	1.670381e-14	1.294355e-14	1.047183e-14	8.891895e-15	8.009553e-15	7.123265e-15	6.203232e-15	5.969748e-15	6.542500e-15	7.288392e-15	7.732544e-15	8.948494e-15	1.336289e-14	2.175453e-14	3.291277e-14	4.151924e-14	4.551896e-14	5.468230e-14	6.265879e-14	5.675405e-14	4.111377e-14	2.524100e-14	1.417760e-14	7.793768e-15	4.322798e-15	2.404783e-15	1.317261e-15	7.002594e-16	3.584695e-16	1.762108e-16	8.325714e-17	3.797965e-17	1.686811e-17	7.386243e-18	3.254073e-18	
R432	2.463934e-33	8.457415e-27	8.601291e-26	7.674770e-22	3.948193e-20	2.406454e-19	1.074887e-18	4.659295e-18	5.055559e-18	1.034278e-18	1.609469e-19	1.807634e-20	4.657526e-21	2.051717e-21	1.034181e-21	4.941811e-22	2.500529e-22	1.548478e-22	1.172811e-22	1.096444e-22	1.041036e-22	9.699744e-23	1.155174e-22	1.793619e-22	2.734391e-22	3.462539e-22	4.354775e-22	7.034563e-22	1.259107e-21	2.054669e-21	2.550469e-21	2.350615e-21	2.474645e-21	2.835621e-21	2.568402e-21	1.860602e-21	1.142280e-21	6.416066e-22	3.527067e-22	1.956280e-22	1.088284e-22	5.961261e-23	3.169021e-23	1.622252e-23	7.974412e-24	3.767799e-24	1.718767e-24	7.633657e-25	3.342641e-25	1.472630e-25	
R433	3.935763e-02	4.317253e+01	8.983425e+01	5.784870e+03	2.996441e+04	5.533333e+04	6.677948e+04	5.964888e+04	2.666180e+04	5.976947e+02	2.005871e+02	9.450626e+01	5.715809e+01	3.540948e+01	2.269158e+01	1.393792e+01	8.684229e+00	5.908352e+00	4.514988e+00	3.931472e+00	3.442728e+00	2.974357e+00	3.042576e+00	3.653071e+00	4.282888e+00	4.696913e+00	5.435036e+00	7.457085e+00	9.981409e+00	1.140215e+01	1.054194e+01	7.622860e+00	5.456999e+00	4.331277e+00	3.311858e+00	2.430062e+00	1.705890e+00	1.144422e+00	7.346493e-01	4.527418e-01	2.690064e-01	1.547690e-01	8.653030e-02	4.713117e-02	2.504485e-02	1.298810e-02	6.566735e-03	3.226535e-03	1.528163e-03	6.869825e-04	
R434	9.560955e-12	2.807768e-08	1.493491e-07	2.364455e-05	2.892093e-04	1.249785e-03	3.556957e-03	7.703684e-03	1.609535e+00	3.678615e+01	1.385996e+01	2.786792e+00	8.037406e-01	4.106223e-01	2.350964e-01	1.287689e-01	6.842736e-02	3.794996e-02	2.158150e-02	1.262717e-02	7.257517e-03	4.085809e-03	2.364509e-03	1.429341e-03	8.588734e-04	4.426060e-04	1.893145e-04	5.692208e-05	1.258580e-05	2.296958e-06	3.738136e-07	5.542210e-08	7.855558e-09	1.079841e-09	1.399877e-10	1.713879e-11	1.959409e-12	2.068847e-13	2.007298e-14	1.790335e-15	1.472890e-16	1.128968e-17	8.532238e-19	8.671186e-20	2.119297e-20	9.294796e-21	4.574044e-21	2.295571e-21	1.283886e-21	9.585012e-22	
R435	5.204643e-19	5.842014e-16	1.249736e-15	8.320122e-14	4.485125e-13	8.803593e-13	1.480190e-12	2.753749e-12	2.442724e-12	8.975989e-14	4.068756e-14	2.288506e-14	1.592977e-14	1.140794e-14	8.360068e-15	5.807103e-15	4.061332e-15	3.119573e-15	2.694476e-15	2.656866e-15	2.597089e-15	2.471486e-15	2.801784e-15	3.777767e-15	4.968791e-15	6.055418e-15	7.919578e-15	1.269226e-14	2.063250e-14	2.961503e-14	3.501949e-14	3.217194e-14	2.885207e-14	2.787423e-14	2.456307e-14	1.973625e-14	1.458707e-14	1.003034e-14	6.484491e-15	3.974800e-15	2.323837e-15	1.300108e-15	6.968170e-16	3.577968e-16	1.760826e-16	8.323442e-17	3.797638e-17	1.686703e-17	7.386060e-18	3.254071e-18	
R436	2.230561e-19	2.503720e-16	5.356010e-16	3.565767e-14	1.922196e-13	3.772968e-13	6.343672e-13	1.180178e-12	1.046882e-12	3.846852e-14	1.743752e-14	9.807881e-15	6.827045e-15	4.889116e-15	3.582886e-15	2.488758e-15	1.740571e-15	1.336960e-15	1.154775e-15	1.138657e-15	1.113038e-15	1.059208e-15	1.200765e-15	1.619043e-15	2.129482e-15	2.595179e-15	3.394105e-15	5.439542e-15	8.842499e-15	1.269216e-14	1.500835e-14	1.378797e-14	1.236517e-14	1.194610e-14	1.052703e-14	8.458393e-15	6.251601e-15	4.298716e-15	2.779068e-15	1.703486e-15	9.959303e-16	5.571893e-16	2.986359e-16	1.533415e-16	7.546398e-17	3.567189e-17	1.627559e-17	7.228728e-18	3.165454e-18	1.394602e-18	
R437	4.348269e-32	4.910742e-28	4.732184e-27	4.046771e-24	6.676220e-23	1.561549e-22	6.963398e-22	3.363468e-20	8.275563e-19	2.971543e-19	9.648745e-20	2.814634e-20	1.188167e-20	6.334672e-21	3.605914e-21	1.917764e-21	1.076782e-21	7.456091e-22	6.502484e-22	7.266429e-22	8.337822e-22	9.478486e-22	1.421139e-21	2.789290e-21	5.243494e-21	8.333393e-21	1.363804e-20	2.755798e-20	5.707547e-20	1.017978e-19	1.374672e-19	1.258941e-19	1.114084e-19	1.118819e-19	9.992573e-20	8.021885e-20	5.894374e-20	4.035045e-20	2.609667e-20	1.611102e-20	9.567782e-21	5.498144e-21	3.071035e-21	1.672834e-21	8.907671e-22	4.644948e-22	2.374519e-22	1.189991e-22	5.828097e-23	2.770058e-23	
R438	3.424791e-30	4.370144e-26	4.795136e-25	4.713216e-22	9.044771e-21	2.500017e-20	1.335103e-19	7.901639e-18	2.521534e-16	1.307374e-16	7.230579e-17	3.843711e-17	2.509773e-17	1.746510e-17	1.247489e-17	8.420465e-18	5.818410e-18	4.587372e-18	4.228681e-18	4.641103e-18	5.159137e-18	5.675723e-18	7.673025e-18	1.271070e-17	2.050145e-17	2.988075e-17	4.694816e-17	9.128291e-17	1.804650e-16	3.101327e-16	4.221329e-16	4.209594e-16	3.974096e-16	3.990986e-16	3.564492e-16	2.861520e-16	2.102606e-16	1.439358e-16	9.309049e-17	5.747029e-17	3.412963e-17	1.961266e-17	1.095482e-17	5.967236e-18	3.177492e-18	1.656918e-18	8.470246e-19	4.244867e-19	2.078965e-19	9.881189e-20	
R439	1.246932e-08	1.591022e-05	3.996657e-05	3.189189e-03	2.027781e-02	4.513190e-02	7.576465e-02	1.089995e-01	1.034976e-01	1.397153e-04	3.466232e-05	2.329338e-05	2.109959e-05	2.004776e-05	1.912176e-05	1.724997e-05	1.438961e-05	1.116581e-05	8.215854e-06	5.811904e-06	3.984140e-06	2.672219e-06	1.793605e-06	1.209240e-06	8.214007e-07	5.443172e-07	3.429700e-07	1.816001e-07	7.721247e-08	2.796386e-08	9.198726e-09	2.853262e-09	8.316629e-10	2.297420e-10	6.166797e-11	1.612162e-11	4.131786e-12	1.062057e-12	2.867604e-13	8.615177e-14	2.972456e-14	1.155901e-14	4.840172e-15	2.098989e-15	9.214514e-16	4.048599e-16	1.769904e-16	7.667159e-17	3.282493e-17	1.377384e-17	
R440	4.700582e-33	2.546673e-28	1.128328e-26	8.785884e-21	1.095948e-17	9.412893e-16	7.835877e-14	7.163186e-12	5.177975e-09	3.333715e-07	1.302229e-07	2.054900e-08	3.272077e-09	8.406606e-10	2.161516e-10	4.740884e-11	9.505686e-12	1.995012e-12	4.353494e-13	1.006392e-13	2.302944e-14	5.182474e-15	1.257135e-15	3.356078e-16	9.002428e-17	2.142541e-17	4.725556e-18	9.431468e-19	1.608771e-19	2.319450e-20	2.849796e-21	2.946816e-22	2.868446e-23	2.784217e-24	2.516717e-25	2.103850e-26	1.605616e-27	1.109570e-28	6.947231e-30	3.977407e-31	2.115904e-32	1.068276e-33	5.235426e-35	2.526305e-36	1.185811e-37	5.053185e-39	1.566467e-40	1.229186e-42	5.282067e-45	2.210688e-47	
R441	2.206995e-11	1.734108e-07	2.155990e-06	2.034886e-02	2.066132e+00	3.155021e+01	3.132885e+02	2.100583e+03	1.195983e+05	5.350547e+05	5.654068e+05	5.894867e+05	6.433192e+05	7.138745e+05	7.957138e+05	8.660490e+05	8.883496e+05	8.524949e+05	7.721473e+05	6.662704e+05	5.567387e+05	4.557400e+05	3.631847e+05	2.849720e+05	2.261792e+05	1.784204e+05	1.415382e+05	9.998965e+04	5.948458e+04	3.106161e+04	1.508550e+04	7.065784e+03	3.073915e+03	1.236160e+03	4.765969e+02	1.749083e+02	6.050704e+01	1.959470e+01	5.930497e+00	1.681215e+00	4.479489e-01	1.124913e-01	2.666034e-02	5.956695e-03	1.245686e-03	2.373024e-04	3.713971e-05	2.292705e-06	9.814683e-10	1.237070e-11	
R443	1.041488e-24	1.127894e-19	2.612034e-18	5.091674e-13	2.045713e-10	5.241659e-09	1.246746e-07	3.058117e-06	1.904849e-05	3.945219e-05	6.228737e-05	1.086907e-04	1.718854e-04	1.754836e-04	1.524704e-04	1.172350e-04	7.523988e-05	3.956667e-05	1.800024e-05	7.351696e-06	2.830618e-06	1.051701e-06	3.770681e-07	1.324056e-07	4.762213e-08	1.941229e-08	9.920504e-09	6.291425e-09	3.513377e-09	1.553426e-09	5.920521e-10	2.098192e-10	6.723204e-11	1.938006e-11	5.225322e-12	1.308364e-12	3.024150e-13	6.440821e-14	1.269389e-14	2.340614e-15	4.109427e-16	7.031032e-17	1.201798e-17	2.086470e-18	3.653742e-19	6.145435e-20	8.578813e-21	3.976259e-22	7.710105e-26	7.763524e-28	
R444	9.738599e-26	1.176540e-18	7.212443e-17	4.741363e-11	4.021580e-08	1.829218e-06	5.281688e-05	1.018366e-03	8.472435e-02	3.985739e-01	1.811917e+00	7.572461e+00	2.089607e+01	2.923581e+01	3.593806e+01	4.139983e+01	4.312096e+01	4.027604e+01	3.606598e+01	3.209979e+01	2.721176e+01	2.213992e+01	1.925563e+01	1.788679e+01	1.635810e+01	1.610734e+01	2.084842e+01	3.919291e+01	7.142742e+01	1.021035e+02	1.150107e+02	1.050178e+02	8.553044e+01	6.572378e+01	4.516560e+01	2.736887e+01	1.446456e+01	6.629149e+00	2.636905e+00	9.163784e-01	2.809620e-01	7.677701e-02	1.885779e-02	4.183982e-03	8.366006e-04	1.473134e-04	2.066911e-05	1.113732e-06	6.561700e-10	4.223144e-12	
R445	1.189039e-05	3.516110e-02	1.945964e-01	3.204834e+01	4.078616e+02	1.834782e+03	4.933342e+03	8.073755e+03	1.010492e+04	8.054287e+02	3.769968e+02	4.532664e+02	9.614471e+02	1.833411e+03	3.618231e+03	7.130081e+03	1.302800e+04	2.092795e+04	3.067867e+04	4.157026e+04	5.299323e+04	6.443952e+04	7.626407e+04	8.707526e+04	9.698388e+04	1.074109e+05	1.199869e+05	1.203775e+05	9.832571e+04	6.824703e+04	4.277561e+04	2.506518e+04	1.335479e+04	6.496186e+03	2.959347e+03	1.252669e+03	4.910797e+02	1.803464e+02	6.440108e+01	2.404596e+01	1.037965e+01	5.562606e+00	3.620874e+00	2.636990e+00	2.000971e+00	1.523689e+00	1.150431e+00	8.620299e-01	6.723298e-01	6.064329e-01	
R446	3.162273e-44	9.950469e-42	0.000000e+00	0.000000e+00	1.146885e-37	0.000000e+00	0.000000e+00	1.845186e-35	2.004360e-36	1.955373e-42	4.561521e-47	1.977889e-51	8.165923e-56	2.491246e-60	7.370911e-65	1.989945e-69	0.000000e+00	0.000000e+00	0.000000e+00	0.000000e+00	0.000000e+00	0.000000e+00	0.000000e+00	0.000000e+00	0.000000e+00	8.521622e-60	6.520905e-60	2.905413e-60	9.699392e-61	6.210085e-61	5.021915e-61	4.049537e-61	3.262786e-61	7.293452e-61	6.377333e-61	4.080817e-61	2.738091e-62	1.197385e-62	7.388382e-63	5.469168e-63	4.723995e-63	4.542812e-63	4.664258e-63	4.896944e-63	4.916515e-63	4.182586e-63	2.366085e-63	2.651447e-64	8.184318e-65	2.452559e-65	
R447	4.890020e-22	5.620419e-22	5.427426e-22	5.217902e-22	1.657505e-21	2.306391e-20	4.904195e-19	8.050800e-18	1.343643e-15	1.734040e-12	1.848771e-12	9.869819e-13	7.166895e-13	5.491675e-13	4.168954e-13	3.053298e-13	2.071491e-13	1.286394e-13	7.413107e-14	4.017478e-14	2.091182e-14	1.054768e-14	5.098814e-15	2.409147e-15	1.146537e-15	5.451532e-16	2.867701e-16	3.236727e-16	6.694327e-16	1.747741e-15	3.504076e-15	8.338244e-15	2.015901e-14	3.663687e-14	5.104306e-14	5.375734e-14	4.201008e-14	2.449849e-14	1.104094e-14	4.084399e-15	1.349099e-15	4.395280e-16	1.524525e-16	5.672781e-17	2.166952e-17	8.161090e-18	2.990000e-18	1.073875e-18	4.062157e-19	2.093077e-19	
R448	6.130750e-16	7.516203e-16	7.584109e-16	7.304034e-16	2.162251e-15	2.568004e-14	3.416735e-13	3.654223e-12	3.594218e-10	2.004244e-08	1.008835e-07	3.436871e-07	6.987938e-07	8.129538e-07	8.242253e-07	7.987071e-07	7.023982e-07	5.408722e-07	3.796564e-07	2.489464e-07	1.571636e-07	9.692904e-08	5.789028e-08	3.372631e-08	1.970845e-08	1.255373e-08	9.544205e-09	8.843814e-09	8.181154e-09	6.912773e-09	5.532191e-09	4.412243e-09	3.479416e-09	2.805250e-09	2.358809e-09	1.935167e-09	1.439576e-09	9.307524e-10	5.178922e-10	2.505724e-10	1.074035e-10	4.154233e-11	1.469141e-11	4.786155e-12	1.444243e-12	4.072695e-13	1.089046e-13	2.812881e-14	7.526063e-15	2.675838e-15	
R449	7.184302e-11	9.254051e-11	1.007177e-10	1.057429e-10	3.405028e-10	4.410691e-09	7.601765e-08	1.166647e-06	1.398185e-04	1.649758e-02	1.058542e-01	3.996183e-01	8.699567e-01	1.068965e+00	1.134257e+00	1.144045e+00	1.041307e+00	8.264435e-01	5.954924e-01	3.996032e-01	2.574445e-01	1.617162e-01	9.820137e-02	5.813920e-02	3.452616e-02	2.235251e-02	1.734638e-02	1.650973e-02	1.581270e-02	1.394179e-02	1.170245e-02	9.804296e-03	8.132207e-03	6.920666e-03	6.164516e-03	5.380569e-03	4.281164e-03	2.978736e-03	1.795155e-03	9.468058e-04	4.452590e-04	1.902133e-04	7.482159e-05	2.731430e-05	9.306427e-06	2.985418e-06	9.146666e-07	2.726941e-07	8.522935e-08	3.601128e-08	
R450	2.706087e-10	3.485693e-10	3.793700e-10	3.982982e-10	1.282560e-09	1.661360e-08	2.863331e-07	4.394369e-06	5.266499e-04	6.214089e-02	3.987174e-01	1.505229e+00	3.276837e+00	4.026434e+00	4.272369e+00	4.309235e+00	3.922256e+00	3.112937e+00	2.243021e+00	1.505172e+00	9.697077e-01	6.091312e-01	3.698918e-01	2.189910e-01	1.300486e-01	8.419447e-02	6.533804e-02	6.218664e-02	5.956117e-02	5.251409e-02	4.407922e-02	3.692951e-02	3.063131e-02	2.606784e-02	2.321968e-02	2.026681e-02	1.612572e-02	1.121990e-02	6.761749e-03	3.566302e-03	1.677142e-03	7.164702e-04	2.818280e-04	1.028839e-04	3.505421e-05	1.124508e-05	3.445244e-06	1.027148e-06	3.210305e-07	1.356425e-07	
R451	1.796076e-11	2.313513e-11	2.517943e-11	2.643572e-11	8.512570e-11	1.102673e-09	1.900441e-08	2.916616e-07	3.495464e-05	4.124395e-03	2.646354e-02	9.990457e-02	2.174892e-01	2.672412e-01	2.835643e-01	2.860111e-01	2.603267e-01	2.066109e-01	1.488731e-01	9.990080e-02	6.436113e-02	4.042906e-02	2.455034e-02	1.453480e-02	8.631541e-03	5.588128e-03	4.336596e-03	4.127432e-03	3.953175e-03	3.485448e-03	2.925612e-03	2.451074e-03	2.033052e-03	1.730167e-03	1.541129e-03	1.345142e-03	1.070291e-03	7.446839e-04	4.487887e-04	2.367014e-04	1.113148e-04	4.755333e-05	1.870540e-05	6.828576e-06	2.326607e-06	7.463545e-07	2.286666e-07	6.817353e-08	2.130734e-08	9.002819e-09	
R452	1.551427e-14	2.194657e-14	2.372989e-14	2.279110e-14	6.335645e-14	6.760520e-13	6.665429e-12	3.536873e-11	9.256140e-10	1.112325e-08	1.687141e-08	2.143590e-08	1.757658e-08	8.496456e-09	3.740700e-09	1.775089e-09	1.163024e-09	1.150787e-09	1.355718e-09	1.585074e-09	1.773251e-09	1.915893e-09	1.950760e-09	1.896154e-09	1.798164e-09	1.784992e-09	2.113242e-09	2.800099e-09	3.061152e-09	2.499724e-09	1.733266e-09	1.202660e-09	8.311147e-10	5.997487e-10	5.003657e-10	4.497521e-10	3.874863e-10	2.968329e-10	1.980198e-10	1.163926e-10	6.168348e-11	3.009245e-11	1.367112e-11	5.797373e-12	2.292540e-12	8.487549e-13	2.980196e-13	1.014283e-13	3.682500e-14	1.895938e-14	
R453	7.239990e-14	1.024173e-13	1.107395e-13	1.063585e-13	2.956634e-13	3.154909e-12	3.110533e-11	1.650541e-10	4.319532e-09	5.190852e-08	7.873324e-08	1.000342e-07	8.202405e-08	3.965013e-08	1.745660e-08	8.283750e-09	5.427445e-09	5.370341e-09	6.326682e-09	7.397010e-09	8.275172e-09	8.940833e-09	9.103546e-09	8.848720e-09	8.391434e-09	8.329960e-09	9.861796e-09	1.306713e-08	1.428538e-08	1.166538e-08	8.088574e-09	5.612413e-09	3.878535e-09	2.798827e-09	2.335040e-09	2.098843e-09	1.808269e-09	1.385220e-09	9.240923e-10	5.431653e-10	2.878562e-10	1.404315e-10	6.379856e-11	2.705441e-11	1.069852e-11	3.960856e-12	1.390758e-12	4.733320e-13	1.718500e-13	8.847709e-14	
R454	1.817464e-04	2.361033e-04	2.593246e-04	2.749786e-04	8.951811e-04	1.173994e-02	2.058385e-01	3.254273e+00	4.060947e+02	5.006038e+04	3.347869e+05	1.321316e+06	2.971565e+06	3.726080e+06	4.023018e+06	4.132429e+06	3.822015e+06	3.064974e+06	2.219408e+06	1.488778e+06	9.579024e+05	6.009713e+05	3.626755e+05	2.124301e+05	1.250111e+05	8.063130e+04	6.262965e+04	5.979361e+04	5.759259e+04	5.134472e+04	4.404232e+04	3.834668e+04	3.358609e+04	3.090907e+04	3.109655e+04	3.258407e+04	3.361414e+04	3.309414e+04	3.090472e+04	2.757812e+04	2.378772e+04	2.001614e+04	1.648592e+04	1.326286e+04	1.038493e+04	7.919831e+03	5.927954e+03	4.411234e+03	3.461160e+03	3.232123e+03	
R455	3.855927e-08	4.967123e-08	5.406674e-08	5.677408e-08	1.828592e-07	2.369566e-06	4.094928e-05	6.344196e-04	7.656032e-02	9.043489e+00	5.806024e+01	2.193048e+02	4.776864e+02	5.873244e+02	6.236272e+02	6.295159e+02	5.735179e+02	4.556808e+02	3.287629e+02	2.209514e+02	1.425994e+02	8.976053e+01	5.463542e+01	3.243637e+01	1.932475e+01	1.255635e+01	9.792136e+00	9.383795e+00	9.077444e+00	8.122863e+00	6.971060e+00	6.037765e+00	5.272085e+00	4.866459e+00	4.915653e+00	5.178105e+00	5.378555e+00	5.341774e+00	5.043036e+00	4.560649e+00	3.997305e+00	3.427287e+00	2.883995e+00	2.375657e+00	1.906950e+00	1.490101e+00	1.138990e+00	8.586996e-01	6.719760e-01	6.073178e-01	
R456	3.702378e-05	3.467164e-05	3.197618e-05	2.766820e-05	7.081398e-05	6.942162e-04	8.443653e-03	8.140636e-02	5.018692e+00	2.041288e+02	2.405624e+02	1.303788e+02	7.741006e+01	5.039615e+01	3.328625e+01	2.018565e+01	1.255986e+01	9.268228e+00	6.545342e+00	4.240333e+00	2.598177e+00	1.528045e+00	8.574849e-01	4.621350e-01	2.460716e-01	1.411380e-01	9.358160e-02	7.295389e-02	5.483701e-02	3.646715e-02	2.227710e-02	1.319097e-02	7.589375e-03	4.427246e-03	2.706837e-03	1.647441e-03	9.402501e-04	4.866604e-04	2.269583e-04	9.625733e-05	3.769202e-05	1.381838e-05	4.784456e-06	1.569667e-06	4.887231e-07	1.451742e-07	4.161696e-08	1.170460e-08	3.471699e-09	1.400792e-09	
R457	3.467501e-35	5.482342e-34	3.334304e-33	5.692033e-32	7.281098e-31	1.526883e-29	1.272052e-27	1.440539e-24	1.410755e-20	4.638840e-17	6.473069e-16	3.807335e-15	1.138450e-14	1.824964e-14	2.455356e-14	3.120131e-14	3.551792e-14	3.525127e-14	3.168157e-14	2.655814e-14	2.136194e-14	1.680018e-14	1.272996e-14	9.458365e-15	7.102438e-15	5.838339e-15	6.040715e-15	8.026229e-15	1.116977e-14	1.472422e-14	1.868671e-14	2.342234e-14	2.797923e-14	3.267731e-14	3.855459e-14	4.443438e-14	4.831051e-14	4.895951e-14	4.656786e-14	4.218795e-14	3.695773e-14	3.164987e-14	2.660727e-14	2.191885e-14	1.763090e-14	1.385288e-14	1.070620e-14	8.232618e-15	6.661929e-15	6.365734e-15	
R458	1.982334e-04	2.632036e-04	2.924928e-04	3.099440e-04	9.930591e-04	1.257475e-02	1.996301e-01	2.692920e+00	2.860142e+02	2.998887e+04	1.705620e+05	5.857563e+05	1.203967e+06	1.433169e+06	1.493425e+06	1.495182e+06	1.367603e+06	1.102784e+06	8.129571e+05	5.600155e+05	3.700079e+05	2.380265e+05	1.480037e+05	8.939909e+04	5.373354e+04	3.493274e+04	2.712591e+04	2.583638e+04	2.480266e+04	2.197379e+04	1.861673e+04	1.590169e+04	1.374163e+04	1.259135e+04	1.262705e+04	1.320756e+04	1.362496e+04	1.344253e+04	1.261116e+04	1.133833e+04	9.886026e+03	8.439834e+03	7.080843e+03	5.826692e+03	4.685369e+03	3.682587e+03	2.848153e+03	2.191668e+03	1.773507e+03	1.690895e+03	
R459	3.154476e-19	4.113410e-19	4.619694e-19	5.145609e-19	1.821678e-18	2.788785e-17	1.022401e-15	5.850908e-14	2.498518e-11	9.633757e-09	1.613602e-07	1.231311e-06	4.041320e-06	5.741018e-06	6.186367e-06	5.875989e-06	4.705632e-06	3.075035e-06	1.742530e-06	8.918415e-07	4.335538e-07	2.051154e-07	9.520507e-08	4.365349e-08	2.045269e-08	1.076124e-08	6.770744e-09	5.231949e-09	4.078947e-09	2.937728e-09	2.027972e-09	1.416756e-09	1.002677e-09	7.538144e-10	6.266576e-10	5.503623e-10	4.826921e-10	4.087218e-10	3.307915e-10	2.568251e-10	1.928952e-10	1.410548e-10	1.004193e-10	6.907875e-11	4.529067e-11	2.768277e-11	1.491906e-11	5.535151e-12	4.894514e-14	3.787125e-15	
R460	4.939514e-19	6.441084e-19	7.233862e-19	8.057379e-19	2.852519e-18	4.366888e-17	1.600952e-15	9.161789e-14	3.912367e-11	1.508526e-08	2.526698e-07	1.928079e-06	6.328200e-06	8.989715e-06	9.687076e-06	9.201062e-06	7.368430e-06	4.815119e-06	2.728583e-06	1.396512e-06	6.788910e-07	3.211851e-07	1.490792e-07	6.835589e-08	3.202635e-08	1.685075e-08	1.060214e-08	8.192576e-09	6.387119e-09	4.600113e-09	3.175551e-09	2.218462e-09	1.570066e-09	1.180379e-09	9.812673e-10	8.617985e-10	7.558354e-10	6.400071e-10	5.179781e-10	4.021560e-10	3.020497e-10	2.208742e-10	1.572441e-10	1.081687e-10	7.091951e-11	4.334774e-11	2.336138e-11	8.667353e-12	7.664196e-14	5.930164e-15	
R461	2.691161e-31	4.409990e-31	8.015193e-31	3.433617e-30	3.304661e-29	7.147036e-28	2.333932e-26	2.310919e-24	2.199792e-21	2.164339e-18	2.607142e-16	2.470292e-15	3.463266e-15	3.438399e-15	2.600338e-15	1.425031e-15	5.901111e-16	2.071092e-16	6.318693e-17	1.727719e-17	4.449977e-18	1.103271e-18	2.505172e-19	5.484753e-20	1.272628e-20	3.277576e-21	1.011213e-21	3.529606e-22	1.240522e-22	4.421963e-23	1.630817e-23	5.923418e-24	2.124656e-24	8.057102e-25	3.189951e-25	1.261814e-25	4.771257e-26	1.693947e-26	5.683034e-27	1.833588e-27	5.791779e-28	1.812412e-28	5.638165e-29	1.737686e-29	5.275989e-30	1.574827e-30	4.639645e-31	1.359872e-31	4.183990e-32	1.542117e-32	
R462	1.903253e-20	2.609569e-20	3.034097e-20	3.428847e-20	1.202830e-19	1.755367e-18	4.916713e-17	1.863687e-15	4.786556e-13	4.370495e-11	6.034039e-10	4.577528e-09	1.456448e-08	2.264672e-08	2.859766e-08	3.296971e-08	3.297608e-08	2.786108e-08	2.086189e-08	1.431904e-08	9.337871e-09	5.897973e-09	3.583423e-09	2.113916e-09	1.245206e-09	7.932186e-10	5.945412e-10	5.247815e-10	4.456149e-10	3.387871e-10	2.423556e-10	1.727827e-10	1.223396e-10	8.962116e-11	7.015725e-11	5.566820e-11	4.217096e-11	2.953773e-11	1.907000e-11	1.152443e-11	6.685310e-12	3.830809e-12	2.223829e-12	1.324393e-12	8.000284e-13	4.671556e-13	2.298764e-13	3.873396e-14	2.951468e-17	1.548524e-18	
R463	7.367209e-28	4.561036e-27	9.884326e-27	6.527067e-25	1.578069e-23	6.622110e-22	5.656287e-20	6.744665e-18	5.291672e-15	9.539819e-11	9.773332e-10	2.946753e-09	3.934963e-09	3.614950e-09	2.737518e-09	1.808446e-09	1.020582e-09	5.022603e-10	2.204798e-10	8.890920e-11	3.446143e-11	1.306773e-11	4.675804e-12	1.614439e-12	5.657331e-13	2.127722e-13	9.520853e-14	5.274976e-14	2.965465e-14	1.516507e-14	7.360785e-15	3.593831e-15	1.729750e-15	8.511822e-16	4.473162e-16	2.381751e-16	1.210380e-16	5.686047e-17	2.461704e-17	9.974560e-18	3.879064e-18	1.489936e-18	5.796740e-19	2.313270e-19	9.361419e-20	3.660936e-20	1.205975e-20	1.359527e-21	6.933160e-25	2.386841e-26	
R464	7.590199e-24	4.977414e-22	4.243747e-21	7.980234e-19	5.093760e-17	4.634638e-15	5.187263e-13	4.634615e-11	4.645917e-07	5.356883e-02	2.011313e+00	1.673634e+01	5.915057e+01	1.049614e+02	1.517148e+02	2.041759e+02	2.430009e+02	2.491860e+02	2.287498e+02	1.937219e+02	1.559630e+02	1.216455e+02	9.033851e+01	6.492305e+01	4.658822e+01	3.617407e+01	3.444453e+01	4.074246e+01	4.872241e+01	5.372563e+01	5.652317e+01	5.952266e+01	6.197499e+01	6.646786e+01	7.574320e+01	8.679762e+01	9.400674e+01	9.290298e+01	8.309068e+01	6.772613e+01	5.091360e+01	3.564990e+01	2.333165e+01	1.421905e+01	7.981182e+00	4.018626e+00	1.650072e+00	2.688468e-01	3.239402e-04	1.388500e-05	
R465	1.459762e-34	1.799377e-30	4.973947e-29	4.552317e-25	2.024828e-22	5.362242e-20	1.815309e-17	4.855970e-15	8.219570e-11	1.373219e-06	6.806312e-05	1.225107e-03	7.806945e-03	1.657043e-02	2.688493e-02	4.014237e-02	4.977696e-02	4.777012e-02	3.824243e-02	2.674017e-02	1.723664e-02	1.055309e-02	6.048633e-03	3.286161e-03	1.778279e-03	1.130950e-03	1.027530e-03	1.402107e-03	1.934701e-03	2.248555e-03	2.332430e-03	2.342572e-03	2.181540e-03	1.949546e-03	1.769828e-03	1.539658e-03	1.204020e-03	8.169041e-04	4.778818e-04	2.437052e-04	1.102215e-04	4.488608e-05	1.659323e-05	5.567743e-06	1.681718e-06	4.461965e-07	9.464681e-08	7.825275e-09	7.617531e-12	9.856442e-14	
R466	1.459762e-34	1.799377e-30	4.973947e-29	4.552317e-25	2.024828e-22	5.362242e-20	1.815309e-17	4.855970e-15	8.219570e-11	1.373219e-06	6.806312e-05	1.225107e-03	7.806945e-03	1.657043e-02	2.688493e-02	4.014237e-02	4.977696e-02	4.777012e-02	3.824243e-02	2.674017e-02	1.723664e-02	1.055309e-02	6.048633e-03	3.286161e-03	1.778279e-03	1.130950e-03	1.027530e-03	1.402107e-03	1.934701e-03	2.248555e-03	2.332430e-03	2.342572e-03	2.181540e-03	1.949546e-03	1.769828e-03	1.539658e-03	1.204020e-03	8.169041e-04	4.778818e-04	2.437052e-04	1.102215e-04	4.488608e-05	1.659323e-05	5.567743e-06	1.681718e-06	4.461965e-07	9.464681e-08	7.825275e-09	7.617531e-12	9.856442e-14	
R467	4.193206e-61	0.000000e+00	0.000000e+00	0.000000e+00	0.000000e+00	0.000000e+00	0.000000e+00	0.000000e+00	0.000000e+00	4.577666e-46	0.000000e+00	0.000000e+00	1.088113e-45	9.942032e-46	0.000000e+00	0.000000e+00	0.000000e+00	0.000000e+00	0.000000e+00	0.000000e+00	0.000000e+00	1.123790e-46	0.000000e+00	1.595573e-47	2.400881e-47	6.594116e-48	1.927295e-48	2.101507e-48	2.064699e-48	4.609223e-48	8.835110e-48	3.584227e-47	7.128095e-47	3.041201e-46	1.927944e-46	4.281767e-46	2.355915e-46	2.081484e-46	1.098827e-46	4.687228e-47	1.688354e-47	5.270935e-48	1.447437e-48	3.498136e-49	7.326490e-50	1.281736e-50	1.662361e-51	0.000000e+00	0.000000e+00	0.000000e+00	
R468	5.700995e-29	2.616512e-25	3.100351e-24	1.269086e-20	8.608724e-19	9.074476e-18	1.011755e-16	8.086527e-16	6.102949e-14	3.071926e-11	1.003756e-11	1.469609e-12	3.683840e-13	1.248114e-13	4.432138e-14	1.486703e-14	4.813961e-15	1.598899e-15	5.509066e-16	1.997410e-16	7.117587e-17	2.466400e-17	9.142012e-18	3.678465e-18	1.462104e-18	5.270290e-19	1.962978e-19	1.560641e-19	2.290807e-19	4.138500e-19	5.233191e-19	6.654195e-19	8.032794e-19	6.863646e-19	3.812833e-19	1.410384e-19	3.577461e-20	6.423059e-21	8.498598e-22	8.761174e-23	7.604510e-24	6.114660e-25	4.920094e-26	4.007247e-27	3.158396e-28	2.256608e-29	1.295016e-30	2.868572e-32	7.125315e-36	2.308383e-38	
R469	3.229714e-25	1.651317e-21	2.194865e-20	1.015302e-16	7.786566e-15	9.236034e-14	1.092945e-12	8.298506e-12	6.709180e-10	3.409519e-07	1.919454e-07	6.248818e-08	2.675664e-08	1.243669e-08	5.772430e-09	2.566989e-09	1.063298e-09	4.118728e-10	1.513530e-10	5.358160e-11	1.834955e-11	6.106685e-12	1.997855e-12	6.561943e-13	2.173966e-13	7.071472e-14	2.497623e-14	1.166037e-14	6.846872e-15	3.925173e-15	1.957251e-15	8.066616e-16	3.110529e-16	1.186414e-16	4.021067e-17	1.179419e-17	2.927994e-18	6.071769e-19	1.050644e-19	1.533367e-20	1.923987e-21	2.123025e-22	2.102505e-23	1.892031e-24	1.546604e-25	1.123038e-26	6.588289e-28	1.523338e-29	4.235465e-33	1.838862e-35	
R470	7.647946e-19	3.873325e-15	5.251984e-14	2.515713e-10	2.001769e-08	2.491733e-07	3.913148e-06	4.945244e-05	5.714405e-03	5.093281e-02	8.767493e-03	3.580869e-03	3.287237e-03	3.136820e-03	3.149766e-03	3.183884e-03	2.948015e-03	2.295565e-03	1.537273e-03	8.864398e-04	4.366029e-04	1.846607e-04	6.787061e-05	2.252735e-05	7.112517e-06	2.223769e-06	7.655174e-07	3.286126e-07	1.664208e-07	8.804353e-08	5.083918e-08	4.469594e-08	7.100856e-08	1.055586e-07	1.106416e-07	7.996671e-08	4.101969e-08	1.544647e-08	4.416067e-09	9.906081e-10	1.798191e-10	2.714754e-11	3.488054e-12	3.882829e-13	3.779881e-14	3.178223e-15	2.110201e-16	5.398065e-18	1.561537e-21	6.002127e-24	
R471	3.562241e-22	1.920036e-18	2.439929e-17	9.796189e-14	5.912651e-12	5.169172e-11	4.054415e-10	2.140362e-09	6.308913e-08	5.447328e-09	4.147443e-09	2.970121e-08	1.172735e-07	1.737208e-07	2.084597e-07	2.351578e-07	2.245510e-07	1.674453e-07	1.053156e-07	5.822059e-08	2.992513e-08	1.468675e-08	6.820423e-09	3.007961e-09	1.321355e-09	6.803992e-10	4.752864e-10	4.558596e-10	3.995414e-10	2.770132e-10	1.672963e-10	9.705576e-11	5.168863e-11	2.599058e-11	1.307213e-11	6.106050e-12	2.442524e-12	7.998618e-13	2.124639e-13	4.634185e-14	8.477700e-15	1.328749e-15	1.813044e-16	2.172529e-17	2.287140e-18	2.080064e-19	1.497230e-20	4.189953e-22	1.403873e-25	7.349963e-28	
R472	2.629009e-41	5.049108e-36	3.894656e-34	2.373816e-28	2.607448e-25	1.556952e-23	1.060486e-21	5.050690e-20	3.051401e-16	1.596211e-12	9.115764e-13	4.355392e-13	3.446269e-13	2.565791e-13	1.868605e-13	1.305846e-13	8.062262e-14	4.134220e-14	1.799304e-14	6.649896e-15	2.027880e-15	5.116584e-16	1.079905e-16	2.005990e-17	3.491380e-18	5.958179e-19	1.143372e-19	2.760004e-20	7.863402e-21	2.336985e-21	7.576037e-22	3.717109e-22	3.203438e-22	2.496278e-22	1.330559e-22	4.712209e-23	1.134542e-23	1.912867e-24	2.331231e-25	2.123106e-26	1.495402e-27	8.459765e-29	4.053078e-30	1.808421e-31	8.678598e-33	4.809021e-34	2.606558e-35	5.999033e-37	1.730651e-40	8.036869e-43	
R473	1.347080e-48	0.000000e+00	0.000000e+00	0.000000e+00	0.000000e+00	0.000000e+00	0.000000e+00	0.000000e+00	0.000000e+00	1.692837e-42	0.000000e+00	0.000000e+00	1.279701e-45	6.215828e-46	0.000000e+00	0.000000e+00	0.000000e+00	0.000000e+00	0.000000e+00	0.000000e+00	0.000000e+00	2.324459e-47	0.000000e+00	4.102800e-48	6.751623e-48	1.647227e-48	2.999249e-49	1.251953e-49	3.999452e-50	3.052900e-50	2.046043e-50	2.734094e-50	1.722688e-50	2.187444e-50	3.665328e-51	1.997201e-51	2.645739e-52	5.766930e-53	8.023952e-54	1.024795e-54	1.365668e-55	2.063668e-56	3.484019e-57	6.049575e-58	9.920991e-59	1.423901e-59	1.556638e-60	0.000000e+00	0.000000e+00	0.000000e+00	
R474	1.255449e-63	0.000000e+00	0.000000e+00	0.000000e+00	0.000000e+00	0.000000e+00	0.000000e+00	0.000000e+00	0.000000e+00	9.122726e-58	0.000000e+00	0.000000e+00	3.163733e-60	4.117847e-60	0.000000e+00	0.000000e+00	0.000000e+00	0.000000e+00	0.000000e+00	0.000000e+00	0.000000e+00	7.801154e-58	0.000000e+00	8.163804e-58	2.734384e-57	1.407405e-57	2.471684e-56	3.657440e-54	1.861510e-53	1.793058e-52	9.497647e-52	1.115287e-50	6.094822e-50	4.776016e-49	3.577790e-49	6.648738e-49	2.406494e-49	1.181671e-49	3.050870e-50	5.726353e-51	8.279061e-52	9.580274e-53	9.140414e-54	7.324913e-55	4.941535e-56	2.737883e-57	1.110674e-58	0.000000e+00	0.000000e+00	0.000000e+00	
R475	1.884432e-52	0.000000e+00	0.000000e+00	0.000000e+00	0.000000e+00	0.000000e+00	0.000000e+00	0.000000e+00	0.000000e+00	7.735297e-41	0.000000e+00	0.000000e+00	1.479296e-42	8.703338e-43	0.000000e+00	0.000000e+00	0.000000e+00	0.000000e+00	0.000000e+00	0.000000e+00	0.000000e+00	1.092347e-43	0.000000e+00	4.122287e-44	1.062572e-43	4.553127e-44	1.902660e-44	2.867915e-44	3.736779e-44	1.029380e-43	2.141163e-43	7.838156e-43	1.355509e-42	4.972851e-42	2.386394e-42	3.691704e-42	1.372784e-42	8.192778e-43	2.940862e-43	8.548647e-44	2.087450e-44	4.372990e-45	7.978674e-46	1.275025e-46	1.767797e-47	2.052513e-48	1.760810e-49	0.000000e+00	0.000000e+00	0.000000e+00	
R477	4.186378e-22	6.932634e-22	1.125817e-21	9.679814e-21	1.148259e-19	7.649221e-19	6.615783e-18	4.346571e-17	2.729575e-16	1.087985e-14	1.648916e-15	1.759485e-16	4.266707e-17	2.853617e-17	2.952546e-17	3.424006e-17	4.057804e-17	4.706332e-17	5.022142e-17	4.706538e-17	3.959644e-17	2.919247e-17	1.689026e-17	7.791608e-18	3.182354e-18	9.635912e-19	1.824779e-19	4.049281e-20	2.194940e-20	2.274593e-20	2.197517e-20	2.645111e-20	3.173344e-20	2.664967e-20	1.638297e-20	7.793957e-21	3.021544e-21	9.944556e-22	2.919823e-22	8.288951e-23	2.539240e-23	9.111208e-24	3.785313e-24	1.692902e-24	7.654741e-25	3.398984e-25	1.478416e-25	6.385250e-26	2.959727e-26	1.928760e-26	
R478	4.186378e-22	6.932634e-22	1.125817e-21	9.679814e-21	1.148259e-19	7.649221e-19	6.615783e-18	4.346571e-17	2.729575e-16	1.087985e-14	1.648916e-15	1.759485e-16	4.266707e-17	2.853617e-17	2.952546e-17	3.424006e-17	4.057804e-17	4.706332e-17	5.022142e-17	4.706538e-17	3.959644e-17	2.919247e-17	1.689026e-17	7.791608e-18	3.182354e-18	9.635912e-19	1.824779e-19	4.049281e-20	2.194940e-20	2.274593e-20	2.197517e-20	2.645111e-20	3.173344e-20	2.664967e-20	1.638297e-20	7.793957e-21	3.021544e-21	9.944556e-22	2.919823e-22	8.288951e-23	2.539240e-23	9.111208e-24	3.785313e-24	1.692902e-24	7.654741e-25	3.398984e-25	1.478416e-25	6.385250e-26	2.959727e-26	1.928760e-26	
R479	2.388832e-22	7.983952e-23	3.462548e-23	7.963690e-23	2.401437e-22	3.656905e-22	6.428038e-22	7.126235e-22	5.368904e-22	1.543020e-21	9.394022e-24	3.471807e-26	6.531052e-28	7.619366e-29	1.668324e-29	3.881989e-30	1.071283e-30	4.226677e-31	2.228857e-31	1.516613e-31	1.044673e-31	6.856014e-32	5.490148e-32	5.362944e-32	4.760071e-32	2.601322e-32	8.417181e-33	3.674641e-33	3.990820e-33	7.141001e-33	8.844870e-33	9.024213e-33	9.605618e-33	9.204527e-33	6.099915e-33	2.896515e-33	1.029910e-33	2.887242e-34	6.843839e-35	1.514495e-35	3.534223e-36	9.503038e-37	2.921892e-37	9.579209e-38	3.152602e-38	1.013303e-38	3.173996e-39	9.806876e-40	3.213247e-40	1.447368e-40	
R480	6.175205e-22	2.157774e-22	9.814836e-23	2.376657e-22	7.582230e-22	1.229392e-21	2.313809e-21	2.772278e-21	2.309184e-21	7.661170e-21	5.762282e-23	2.713781e-25	6.103601e-27	7.948893e-28	1.912533e-28	4.915746e-29	1.479889e-29	6.166481e-30	3.328617e-30	2.247801e-30	1.527776e-30	9.889042e-31	7.581647e-31	6.897500e-31	5.742431e-31	3.026902e-31	9.629374e-32	4.137011e-32	4.406931e-32	7.764822e-32	9.649230e-32	1.019961e-31	1.115302e-31	1.068731e-31	7.082570e-32	3.363124e-32	1.195822e-32	3.352357e-33	7.946335e-34	1.758469e-34	4.103563e-35	1.103391e-35	3.392589e-36	1.112236e-36	3.660465e-37	1.176540e-37	3.685306e-38	1.138670e-38	3.730880e-39	1.680530e-39	
R481	2.172380e-13	1.253671e-13	9.723107e-14	4.172991e-13	2.478697e-12	7.986275e-12	3.155559e-11	8.722037e-11	2.118514e-10	3.189556e-09	2.151094e-10	1.201394e-11	1.631779e-12	6.374824e-13	3.911495e-13	2.687566e-13	1.904916e-13	1.356130e-13	9.201574e-14	5.768527e-14	3.439718e-14	1.944686e-14	9.727036e-15	4.395680e-15	1.945556e-15	7.175758e-16	1.929500e-16	7.072095e-17	6.218493e-17	9.400133e-17	1.206943e-16	1.812703e-16	2.588115e-16	2.480046e-16	1.643547e-16	7.804301e-17	2.774966e-17	7.779317e-18	1.843988e-18	4.080619e-19	9.522528e-20	2.560476e-20	7.872677e-21	2.581000e-21	8.494297e-22	2.730221e-22	8.551941e-23	2.642342e-23	8.657699e-24	3.899755e-24	
R482	2.224932e-16	1.262013e-16	9.630490e-17	4.071736e-16	2.385889e-15	7.596223e-15	2.973459e-14	8.166131e-14	1.979180e-13	3.002768e-12	2.089826e-13	1.240609e-14	1.788241e-15	7.285632e-16	4.647957e-16	3.336965e-16	2.463291e-16	1.800749e-16	1.236056e-16	7.719704e-17	4.572857e-17	2.567842e-17	1.257624e-17	5.496771e-18	2.363695e-18	8.581596e-19	2.290767e-19	8.339330e-20	7.273587e-20	1.092504e-19	1.404639e-19	2.141061e-19	3.092286e-19	2.963165e-19	1.963714e-19	9.324598e-20	3.315537e-20	9.294747e-21	2.203201e-21	4.875533e-22	1.137754e-22	3.059263e-23	9.406294e-24	3.083785e-24	1.014901e-24	3.262075e-25	1.021788e-25	3.157076e-26	1.034424e-26	4.659437e-27	
R483	6.330410e-05	1.569423e-04	3.653966e-04	8.504859e-04	2.019338e-03	4.895740e-03	2.159244e-02	8.310577e-02	2.365928e-01	1.924047e-03	1.648378e-05	6.913026e-07	1.659925e-07	1.250912e-07	1.553706e-07	2.337102e-07	3.579990e-07	4.965391e-07	5.944400e-07	5.980908e-07	5.099770e-07	3.985976e-07	3.241439e-07	3.117258e-07	3.848181e-07	5.288066e-07	7.219224e-07	7.253522e-07	5.518761e-07	3.651145e-07	2.222119e-07	1.244506e-07	6.015738e-08	2.477874e-08	8.908817e-09	2.814859e-09	7.977253e-10	2.102491e-10	5.452338e-11	1.512234e-11	4.978866e-12	2.089256e-12	1.091257e-12	6.522548e-13	4.147901e-13	2.699680e-13	1.775772e-13	1.182175e-13	8.386815e-14	7.105282e-14	
R485	6.023758e-14	3.998142e-14	3.481409e-14	5.195161e-13	3.338822e-12	9.257993e-12	2.567272e-11	3.934041e-11	5.201784e-11	8.997557e-11	2.583591e-12	1.070511e-13	1.626479e-14	6.026780e-15	2.814081e-15	1.302706e-15	6.205334e-16	3.253978e-16	1.821864e-16	1.065859e-16	6.116324e-17	3.380788e-17	1.894294e-17	1.088893e-17	6.060127e-18	2.633461e-18	8.506082e-19	3.574621e-19	2.399627e-19	2.166726e-19	1.506907e-19	1.121840e-19	8.295278e-20	4.511153e-20	1.673442e-20	4.368749e-21	8.339587e-22	1.224081e-22	1.493999e-23	1.715556e-24	2.197753e-25	3.683159e-26	8.486100e-27	2.499820e-27	8.427517e-28	3.010280e-28	1.105021e-28	4.170639e-29	1.742400e-29	1.057323e-29	
R486	6.023758e-14	3.998142e-14	3.481409e-14	5.195161e-13	3.338822e-12	9.257993e-12	2.567272e-11	3.934041e-11	5.201784e-11	8.997557e-11	2.583591e-12	1.070511e-13	1.626479e-14	6.026780e-15	2.814081e-15	1.302706e-15	6.205334e-16	3.253978e-16	1.821864e-16	1.065859e-16	6.116324e-17	3.380788e-17	1.894294e-17	1.088893e-17	6.060127e-18	2.633461e-18	8.506082e-19	3.574621e-19	2.399627e-19	2.166726e-19	1.506907e-19	1.121840e-19	8.295278e-20	4.511153e-20	1.673442e-20	4.368749e-21	8.339587e-22	1.224081e-22	1.493999e-23	1.715556e-24	2.197753e-25	3.683159e-26	8.486100e-27	2.499820e-27	8.427517e-28	3.010280e-28	1.105021e-28	4.170639e-29	1.742400e-29	1.057323e-29	
R487	9.044902e-07	1.749600e-06	3.350044e-06	6.534876e-06	1.318632e-05	2.736318e-05	1.091941e-04	4.127356e-04	1.602477e-03	3.367026e-06	6.820840e-08	1.429746e-08	1.647253e-08	2.189361e-08	3.258651e-08	4.738004e-08	6.140657e-08	6.510119e-08	5.588046e-08	3.810468e-08	2.098704e-08	9.967831e-09	4.455832e-09	1.926258e-09	8.000647e-10	3.044870e-10	1.112432e-10	5.087825e-11	3.373035e-11	3.006449e-11	2.935448e-11	2.862666e-11	2.314075e-11	1.416950e-11	6.417392e-12	2.223155e-12	6.177785e-13	1.471731e-13	3.300616e-14	7.871520e-15	2.276065e-15	8.646060e-16	4.201785e-16	2.386289e-16	1.464083e-16	9.295423e-17	6.012264e-17	3.959222e-17	2.791685e-17	2.360590e-17	
R488	2.188392e-10	2.048418e-10	1.806587e-10	1.507759e-10	1.228484e-10	1.003047e-10	8.011005e-11	4.051121e-11	3.166133e-11	1.600743e-10	2.546306e-12	4.663075e-14	4.937059e-15	1.585491e-15	6.642325e-16	2.761482e-16	1.186093e-16	5.691244e-17	2.980143e-17	1.685234e-17	9.422939e-18	5.099676e-18	2.955948e-18	1.836920e-18	1.093448e-18	4.983892e-19	1.693013e-19	7.568153e-20	5.303144e-20	4.892454e-20	3.405601e-20	2.475737e-20	1.791174e-20	9.688254e-21	3.567718e-21	9.218746e-22	1.734508e-22	2.495435e-23	2.964153e-24	3.283101e-25	4.011999e-26	6.326655e-27	1.349120e-27	3.606779e-28	1.078807e-28	3.333227e-29	1.029364e-29	3.170750e-30	1.042617e-30	4.733795e-31	
R489	2.393194e-01	1.532715e-01	9.943884e-02	7.063886e-02	5.625753e-02	5.109696e-02	1.052901e-01	1.676718e-01	2.992259e-01	1.698144e-03	7.510826e-05	9.154918e-06	3.938576e-06	2.821884e-06	2.348846e-06	1.936344e-06	1.504164e-06	1.084054e-06	7.274506e-07	4.525800e-07	2.652885e-07	1.474680e-07	7.611304e-08	3.636022e-08	1.678893e-08	6.753049e-09	2.206934e-09	5.809342e-10	1.585828e-10	4.513926e-11	1.253397e-11	3.215322e-12	7.923443e-13	1.914913e-13	4.305276e-14	8.824740e-15	1.625421e-15	2.701098e-16	4.195729e-17	6.578370e-18	1.161968e-18	2.514426e-19	6.599861e-20	1.950211e-20	6.055580e-21	1.905518e-21	6.038897e-22	1.955786e-22	7.287151e-23	4.329877e-23	
R490	1.720897e-05	1.837778e-05	1.862087e-05	1.798935e-05	1.697875e-05	1.599054e-05	1.388921e-05	6.839257e-06	5.886125e-06	3.101431e-05	8.780004e-07	3.645230e-08	6.618893e-09	2.912081e-09	1.589347e-09	8.711924e-10	4.756341e-10	2.649112e-10	1.476228e-10	8.156893e-11	4.388689e-11	2.283934e-11	1.172823e-11	5.981070e-12	2.979289e-12	1.227710e-12	3.957903e-13	1.039661e-13	2.916479e-14	8.542845e-15	2.344687e-15	5.517238e-16	1.273509e-16	3.074848e-17	6.908452e-18	1.415465e-18	2.606563e-19	4.331279e-20	6.728304e-21	1.055030e-21	1.863753e-22	4.033235e-23	1.058549e-23	3.126787e-24	9.699580e-25	3.045789e-25	9.615303e-26	3.091642e-26	1.137938e-26	6.923846e-27	
R491	1.121910e-01	1.285057e-01	1.368969e-01	1.335383e-01	1.197214e-01	1.000785e-01	6.076205e-02	2.487688e-02	1.508596e-02	4.834476e-03	6.262931e-04	1.335684e-04	6.084776e-05	3.845853e-05	2.680064e-05	1.853669e-05	1.258267e-05	8.470009e-06	5.694001e-06	3.829864e-06	2.520280e-06	1.616660e-06	1.049197e-06	6.837725e-07	4.315313e-07	2.424435e-07	1.144445e-07	4.046861e-08	1.212626e-08	3.492894e-09	9.779793e-10	2.587223e-10	6.498247e-11	1.559266e-11	3.465516e-12	6.975477e-13	1.249335e-13	1.992794e-14	2.922504e-15	4.233609e-16	6.713619e-17	1.256898e-17	2.732756e-18	6.396341e-19	1.511319e-19	3.496390e-20	7.880708e-21	1.745745e-21	4.060292e-22	1.272054e-22	
R492	4.399688e-13	8.531741e-13	1.556891e-12	2.568287e-12	3.842452e-12	5.484684e-12	8.011210e-12	6.369507e-12	9.550732e-12	1.142214e-12	1.154385e-14	1.013392e-15	5.076607e-16	5.080785e-16	6.308941e-16	8.028368e-16	1.009214e-15	1.246174e-15	1.518523e-15	1.804695e-15	1.987707e-15	1.994391e-15	1.931091e-15	1.816102e-15	1.619453e-15	1.230661e-15	1.712263e-15	1.984215e-13	1.247299e-12	4.621683e-12	8.854193e-12	1.612776e-11	2.595399e-11	2.786067e-11	2.017744e-11	1.036615e-11	3.978908e-12	1.206431e-12	3.105142e-13	7.496179e-14	1.917575e-14	5.680109e-15	1.934329e-15	7.066943e-16	2.610008e-16	9.487265e-17	3.390053e-17	1.240477e-17	6.203731e-17	6.147997e-17	
R493	1.436448e+03	2.132501e+03	2.762102e+03	3.173147e+03	3.226931e+03	3.011205e+03	2.788376e+03	1.689118e+03	9.211062e+02	1.086199e+02	4.708257e+00	4.418638e-01	2.088556e-01	1.831465e-01	1.887337e-01	1.984561e-01	1.943089e-01	1.656166e-01	1.246187e-01	8.368458e-02	5.181796e-02	3.035508e-02	1.679108e-02	8.777331e-03	4.430032e-03	2.065884e-03	8.554623e-04	2.768086e-04	7.705152e-05	2.156240e-05	6.997351e-06	3.647524e-06	3.484289e-06	3.231874e-06	2.248941e-06	1.139044e-06	4.341555e-07	1.309442e-07	3.350979e-08	8.030790e-09	2.034562e-09	5.949651e-10	1.991815e-10	7.113715e-11	2.549162e-11	8.901067e-12	3.013928e-12	9.984323e-13	3.479088e-13	1.648285e-13	
R494	1.718712e-10	2.080142e-09	2.036501e-08	1.817067e-07	8.636221e-07	2.086164e-06	5.441671e-06	9.047303e-06	1.743910e-04	1.825634e-03	1.038085e-05	7.570258e-08	2.351845e-09	3.915683e-10	1.233591e-10	3.919535e-11	1.337111e-11	5.640845e-12	2.913894e-12	1.770403e-12	9.633719e-13	4.446452e-13	2.249224e-13	1.261103e-13	6.131512e-14	2.050100e-14	4.700077e-15	7.762595e-16	1.219424e-16	2.067052e-17	3.603035e-18	7.367652e-19	2.648009e-19	1.192591e-19	4.158832e-20	1.050833e-20	1.962519e-21	2.828275e-22	3.360961e-23	3.632074e-24	4.036763e-25	5.068790e-26	7.240123e-27	1.135490e-27	1.970832e-28	4.023130e-29	1.000601e-29	2.927262e-30	1.063218e-30	6.364704e-31	
R495	4.527755e-11	3.072014e-11	1.978476e-11	1.190594e-11	6.706890e-12	3.594670e-12	2.137047e-12	8.291895e-13	3.907381e-13	9.270002e-15	1.108824e-17	6.146016e-20	4.667430e-21	1.550289e-21	7.795150e-22	3.958020e-22	2.208589e-22	1.515081e-22	1.248046e-22	1.202333e-22	1.048754e-22	7.850443e-23	6.693059e-23	6.538489e-23	5.527115e-23	3.032769e-23	1.110933e-23	3.101645e-24	8.939039e-25	2.778694e-25	8.572274e-26	3.123399e-26	2.328676e-26	2.191349e-26	1.522609e-26	7.687249e-27	2.924968e-27	8.825939e-28	2.265251e-28	5.459478e-29	1.395252e-29	4.131042e-30	1.406656e-30	5.139833e-31	1.898815e-31	6.904311e-32	2.466862e-32	8.775294e-33	3.360471e-33	1.810231e-33	
R496	1.783318e-02	1.731226e-02	1.632888e-02	1.480296e-02	1.302118e-02	1.142682e-02	1.158006e-02	8.204285e-03	8.368989e-03	5.928718e-04	3.481938e-06	1.167628e-07	3.294205e-08	2.442574e-08	2.436672e-08	2.542540e-08	2.658025e-08	2.701109e-08	2.631720e-08	2.400674e-08	1.902237e-08	1.289320e-08	8.035636e-09	4.699538e-09	2.500427e-09	1.056267e-09	3.421003e-10	8.502637e-11	2.129465e-11	5.917241e-12	1.869648e-12	8.809417e-13	7.984527e-13	7.513660e-13	5.220697e-13	2.635791e-13	1.002908e-13	3.026223e-14	7.767055e-15	1.871937e-15	4.784019e-16	1.416445e-16	4.823117e-17	1.762337e-17	6.510626e-18	2.367339e-18	8.458336e-19	3.008858e-19	1.152233e-19	6.206891e-20	
R498	9.183196e-17	2.660534e-16	7.725198e-16	1.090116e-14	3.678591e-14	5.434522e-14	9.982635e-14	1.658575e-13	2.077040e-13	1.709184e-14	5.995753e-16	2.375306e-16	1.323121e-16	7.623071e-17	4.179416e-17	2.021258e-17	8.209247e-18	2.813151e-18	8.389447e-19	2.241348e-19	5.599270e-20	1.318446e-20	2.845324e-21	5.599382e-22	1.049952e-22	1.881880e-23	3.203332e-24	4.608225e-25	5.184608e-26	4.861561e-27	4.221722e-28	3.624408e-29	2.912939e-30	2.238602e-31	1.747578e-32	1.300278e-33	8.551226e-35	4.825050e-36	2.403348e-37	1.149513e-38	5.972248e-40	3.724044e-41	2.804782e-42	2.395363e-43	2.155347e-44	1.895822e-45	1.431510e-46	4.705778e-48	5.629854e-50	8.128784e-52	
R499	1.868069e-02	2.103056e-02	2.037268e-02	1.708269e-02	1.268881e-02	8.808003e-03	5.070912e-03	1.736101e-03	5.447452e-04	4.876758e-07	1.867137e-08	1.705218e-08	2.855174e-08	4.003404e-08	5.648864e-08	7.854677e-08	9.885797e-08	1.059959e-07	1.010959e-07	8.722972e-08	7.044081e-08	5.406082e-08	3.940565e-08	2.698345e-08	1.782207e-08	1.162595e-08	7.412632e-09	4.000269e-09	1.674971e-09	5.933665e-10	1.972438e-10	6.533268e-11	2.082771e-11	6.629519e-12	2.210368e-12	7.212241e-13	2.140010e-13	5.615582e-14	1.339103e-14	3.138128e-15	8.082451e-16	2.484393e-16	8.983821e-17	3.533577e-17	1.411710e-17	5.552144e-18	2.150591e-18	8.369141e-19	3.712137e-19	2.723718e-19	
R500	9.549678e-18	4.119850e-16	2.617978e-15	3.622601e-13	5.363055e-12	2.812187e-11	1.568132e-10	5.479868e-10	4.130186e-08	2.806122e-06	1.119502e-07	9.906870e-09	4.366963e-09	3.637719e-09	3.593532e-09	3.597594e-09	3.337810e-09	2.671730e-09	1.826305e-09	1.041535e-09	4.890784e-10	1.890028e-10	5.864376e-11	1.519475e-11	3.609929e-12	7.389925e-13	1.261573e-13	1.672405e-14	2.210612e-15	3.279300e-16	5.880670e-17	1.738063e-17	9.339147e-18	4.606842e-18	1.627784e-18	4.026973e-19	7.191867e-20	9.716476e-21	1.063062e-21	1.040192e-22	1.031496e-23	1.144405e-24	1.453055e-25	2.128104e-26	3.875668e-27	9.287208e-28	2.708824e-28	8.669564e-29	3.310929e-29	2.154806e-29	
R501	8.303721e+03	9.493415e+03	1.032768e+04	1.035492e+04	9.471161e+03	8.043067e+03	5.857107e+03	3.154216e+03	2.084060e+03	1.205649e+03	1.579125e+02	2.868661e+01	1.154377e+01	6.849186e+00	4.516740e+00	2.924658e+00	1.873273e+00	1.226548e+00	8.257291e-01	5.729746e-01	3.902647e-01	2.587343e-01	1.787954e-01	1.277076e-01	8.768121e-02	5.203214e-02	2.552910e-02	9.432272e-03	2.987317e-03	9.127958e-04	2.671189e-04	7.147786e-05	1.834870e-05	4.647328e-06	1.094161e-06	2.343099e-07	4.488621e-08	7.704903e-09	1.223840e-09	1.932615e-10	3.362467e-11	6.952753e-12	1.681401e-12	4.410033e-13	1.176537e-13	3.096350e-14	7.996294e-15	2.044618e-15	5.555017e-16	2.068193e-16	
R502	6.587701e+01	9.178197e+01	1.108369e+02	1.145481e+02	1.030059e+02	8.322481e+01	4.052725e+01	9.002983e+00	1.629736e+00	1.325200e-01	6.565473e-03	6.844447e-04	1.532478e-04	4.543468e-05	1.524931e-05	5.759642e-06	3.203335e-06	2.940850e-06	3.403589e-06	4.048319e-06	4.652540e-06	5.150178e-06	5.434012e-06	5.466804e-06	5.220032e-06	4.393137e-06	3.169703e-06	1.574813e-06	5.459516e-07	1.494241e-07	3.638000e-08	8.704882e-09	1.973440e-09	4.238293e-10	9.346218e-11	2.061113e-11	4.275369e-12	8.080041e-13	1.420684e-13	2.500206e-14	4.902080e-15	1.157550e-15	3.233067e-16	9.850295e-17	3.050042e-17	9.263891e-18	2.741808e-18	8.003163e-19	2.525836e-19	1.145890e-19	
R503	1.313631e-19	1.638172e-18	1.831655e-17	3.801171e-16	3.154717e-15	1.498543e-14	4.411641e-13	1.005198e-10	4.796648e-08	2.119438e-05	8.758313e-07	4.337222e-08	1.066643e-08	6.557951e-09	4.958569e-09	3.771060e-09	2.587219e-09	1.496179e-09	7.073184e-10	2.665776e-10	8.236759e-11	2.103535e-11	4.109947e-12	6.439251e-13	9.321082e-14	1.153177e-14	1.050182e-15	5.806737e-17	2.523008e-18	1.116630e-19	5.997932e-21	5.526358e-22	9.516564e-23	1.529000e-23	1.816120e-24	1.536032e-25	9.474822e-27	4.455908e-28	1.710422e-29	5.924316e-31	2.099139e-32	8.376150e-34	3.791517e-35	1.865731e-36	9.785196e-38	5.509768e-39	3.241361e-40	1.640122e-41	7.600337e-43	4.485333e-44	
R504	2.289586e+02	2.672282e+02	3.045602e+02	3.331929e+02	3.467892e+02	3.540735e+02	4.819007e+02	5.870398e+02	7.181120e+02	1.569453e-01	2.691889e-03	3.131469e-04	1.900123e-04	2.220589e-04	3.163738e-04	4.522621e-04	6.195480e-04	8.020898e-04	9.837491e-04	1.139536e-03	1.237248e-03	1.271161e-03	1.279783e-03	1.250547e-03	1.173400e-03	9.530482e-04	6.090224e-04	2.295193e-04	5.532113e-05	1.096531e-05	2.029044e-06	3.630850e-07	6.315277e-08	1.253709e-08	3.641879e-09	1.336688e-09	4.610600e-10	1.347829e-10	3.418418e-11	8.190284e-12	2.083964e-12	6.141933e-13	2.079772e-13	7.545786e-14	2.762474e-14	9.928852e-15	3.495644e-15	1.220536e-15	4.564699e-16	2.368698e-16	
R505	6.465799e+03	1.066889e+04	1.460412e+04	1.280914e+04	5.112131e+03	2.409575e+03	1.829581e+03	1.306011e+03	1.259271e+03	7.962344e+00	3.566556e-01	6.164421e-02	3.965038e-02	3.877450e-02	4.345724e-02	4.879175e-02	5.040882e-02	4.564898e-02	3.677216e-02	2.643157e-02	1.766041e-02	1.111445e-02	6.399261e-03	3.337133e-03	1.653204e-03	7.068174e-04	2.255892e-04	3.903385e-05	4.553552e-06	4.841083e-07	5.209272e-08	5.733837e-09	5.725281e-10	5.063185e-11	4.286724e-12	3.480502e-13	2.724972e-14	2.114678e-15	1.746500e-16	1.757663e-17	2.600501e-18	6.433919e-19	2.516467e-19	1.306993e-19	7.757218e-20	4.852606e-20	3.112437e-20	2.049439e-20	1.533931e-20	1.639375e-20	
R506	2.008869e-22	5.761163e-22	1.354010e-21	2.717319e-21	4.545761e-21	6.641904e-21	9.350894e-21	1.105102e-20	1.879018e-20	2.004732e-20	9.018954e-22	7.121730e-23	2.764048e-23	2.404216e-23	2.546011e-23	2.467841e-23	2.193009e-23	1.970668e-23	1.894619e-23	2.097002e-23	2.514838e-23	3.106604e-23	3.852271e-23	4.328969e-23	4.015537e-23	2.926334e-23	6.055058e-22	2.275184e-20	2.953879e-20	3.324353e-20	2.595311e-20	2.310332e-20	1.984813e-20	1.188285e-20	5.047247e-21	1.595691e-21	3.952986e-22	8.108125e-23	1.484758e-23	2.860548e-24	9.482376e-25	8.723896e-25	1.728936e-24	6.014206e-24	2.328491e-23	7.737355e-23	2.135228e-22	1.136667e-21	2.646965e-22	2.647824e-23	
R507	1.204836e-24	3.212832e-24	6.987139e-24	1.289940e-23	1.970388e-23	2.603055e-23	3.285765e-23	3.432211e-23	4.979694e-23	4.241223e-23	1.373484e-24	7.467674e-26	2.206231e-26	1.623478e-26	1.490385e-26	1.242994e-26	9.688030e-27	8.019252e-27	7.443847e-27	8.333565e-27	1.019684e-26	1.286050e-26	1.702672e-26	2.129846e-26	2.176126e-26	1.674809e-26	3.555609e-25	1.368819e-23	1.829950e-23	2.108181e-23	1.637665e-23	1.381741e-23	1.139669e-23	6.823068e-24	2.898100e-24	9.162365e-25	2.269782e-25	4.655639e-26	8.525396e-27	1.642510e-27	5.444726e-28	5.009212e-28	9.927451e-28	3.453323e-27	1.337007e-26	4.442746e-26	1.226036e-25	6.526675e-25	1.519872e-25	1.520365e-26	
R509	3.156537e-28	1.099454e-24	5.701862e-24	7.742183e-22	6.889883e-21	1.897470e-20	5.057208e-20	1.322201e-19	2.131254e-19	1.142754e-18	7.323938e-20	3.509624e-21	6.635057e-22	2.999571e-22	1.658890e-22	8.981998e-23	4.995342e-23	3.111289e-23	2.118029e-23	1.570693e-23	1.149629e-23	8.146603e-24	6.348939e-24	5.570768e-24	4.760987e-24	3.191247e-24	1.690018e-24	7.320542e-25	3.090318e-25	1.354870e-25	5.454600e-26	1.970088e-26	7.977201e-27	3.163829e-27	1.000615e-27	2.553181e-28	5.584069e-29	1.145554e-29	2.440960e-30	5.948451e-31	1.805945e-31	7.135640e-32	3.510009e-32	1.952351e-32	1.135154e-32	6.630022e-33	3.854124e-33	2.252611e-33	1.416714e-33	1.105678e-33	
R512	1.176321e+06	1.342500e+06	1.457818e+06	1.458867e+06	1.331627e+06	1.128426e+06	8.217108e+05	4.453408e+05	2.951144e+05	1.699542e+05	2.209090e+04	3.977922e+03	1.590762e+03	9.404807e+02	6.184206e+02	3.992565e+02	2.551283e+02	1.668897e+02	1.123985e+02	7.813461e+01	5.333983e+01	3.545435e+01	2.459845e+01	1.766601e+01	1.219776e+01	7.274599e+00	3.589081e+00	1.335973e+00	4.276609e-01	1.327023e-01	3.969968e-02	1.096755e-02	2.960841e-03	8.134003e-04	2.171697e-04	5.612664e-05	1.403630e-05	3.439193e-06	8.557571e-07	2.317111e-07	7.513606e-08	3.118188e-08	1.613150e-08	9.547097e-09	6.000646e-09	3.846771e-09	2.478458e-09	1.602557e-09	1.090149e-09	8.681692e-10	
R513	3.876398e-04	1.154400e-03	3.122562e-03	7.483684e-03	1.570517e-02	3.029884e-02	5.062191e-02	6.466987e-02	1.939571e+01	1.095649e+04	1.531803e+03	1.140379e+02	2.145928e+01	1.041628e+01	6.108769e+00	3.517286e+00	1.920083e+00	1.025639e+00	5.145159e-01	2.402565e-01	1.075958e-01	4.657977e-02	1.825855e-02	6.592385e-03	2.331758e-03	6.535162e-04	1.191958e-04	9.724779e-06	5.143741e-07	2.550677e-08	1.343088e-09	7.603699e-11	4.063367e-12	1.933286e-13	8.751153e-15	3.773807e-16	1.537003e-17	5.927160e-19	2.229104e-20	8.735311e-22	3.921969e-23	2.168442e-24	1.516413e-25	1.674517e-26	4.840824e-27	2.624451e-27	1.645812e-27	1.086965e-27	8.731534e-28	1.154780e-27	
R515	1.170603e-18	1.015752e-18	8.272831e-19	6.107086e-19	4.023937e-19	2.421545e-19	1.590704e-19	1.101461e-19	7.761105e-20	3.042155e-20	1.501384e-21	7.772742e-23	1.275859e-23	4.652130e-24	2.049759e-24	8.543254e-25	3.763372e-25	2.049414e-25	1.369870e-25	1.124901e-25	9.234387e-26	7.301686e-26	7.158067e-26	8.598196e-26	9.546481e-26	7.755789e-26	4.760224e-26	2.266093e-26	9.829334e-27	4.182764e-27	1.570840e-27	4.511749e-28	1.310437e-28	4.381968e-29	1.348304e-29	3.815876e-30	1.004726e-30	2.523271e-31	6.323016e-32	1.702901e-32	5.433374e-33	2.192683e-33	1.087435e-33	6.067048e-34	3.531621e-34	2.063629e-34	1.199841e-34	7.012836e-35	4.410693e-35	3.442419e-35	
R516	1.209686e-15	1.173455e-15	1.077286e-15	9.053935e-16	6.877851e-16	4.851668e-16	3.790721e-16	3.198703e-16	2.912584e-16	1.649704e-16	1.403784e-17	1.361670e-18	3.557049e-19	1.727955e-19	9.738727e-20	5.265270e-20	2.912953e-20	1.830378e-20	1.300739e-20	1.047067e-20	8.299438e-21	6.329085e-21	5.535677e-21	5.519257e-21	5.182767e-21	3.831346e-21	2.249482e-21	1.026945e-21	4.235028e-22	1.730984e-22	6.556811e-23	2.065680e-23	6.437124e-24	2.152509e-24	6.623137e-25	1.874433e-25	4.935411e-26	1.239480e-26	3.105990e-27	8.364987e-28	2.668980e-28	1.077089e-28	5.341695e-29	2.980254e-29	1.734802e-29	1.013695e-29	5.893853e-30	3.444843e-30	2.166619e-30	1.690984e-30	
R517	5.244907e-22	7.286308e-21	4.386927e-20	7.086645e-19	2.552788e-18	3.481723e-18	1.217209e-17	4.809533e-16	2.585667e-14	4.165791e-13	1.197513e-13	3.468365e-14	1.964136e-14	1.547398e-14	1.315586e-14	1.093773e-14	8.918194e-15	7.387467e-15	6.234829e-15	5.395599e-15	4.574997e-15	3.786136e-15	3.234763e-15	2.857767e-15	2.450199e-15	1.833668e-15	1.195755e-15	6.149632e-16	2.820170e-16	1.284869e-16	5.688313e-17	2.291684e-17	8.514219e-18	2.959470e-18	9.229336e-19	2.609719e-19	6.831325e-20	1.707987e-20	4.281749e-21	1.161409e-21	3.764115e-22	1.560271e-22	8.064122e-23	4.772893e-23	3.006142e-23	1.937748e-23	1.262332e-23	8.325045e-24	5.856101e-24	4.930754e-24	
R519	1.951787e-04	2.130069e-04	2.269180e-04	2.254791e-04	1.988391e-04	1.560770e-04	1.191400e-04	7.573700e-05	7.121799e-05	1.402641e-06	5.983262e-08	6.216972e-09	1.940431e-09	1.184407e-09	8.283990e-10	5.526099e-10	3.484130e-10	2.148569e-10	1.284614e-10	7.448836e-11	4.170189e-11	2.257896e-11	1.196519e-11	6.191742e-12	3.104047e-12	1.271072e-12	3.626715e-13	5.514986e-14	6.007210e-15	6.243774e-16	6.568380e-17	6.862491e-18	6.855708e-19	6.554998e-20	6.143714e-21	5.657236e-22	5.165155e-23	4.849113e-24	5.074971e-25	6.698914e-26	1.261378e-26	3.538204e-27	1.370917e-27	6.459771e-28	3.354254e-28	1.821795e-28	1.014905e-28	5.785694e-29	3.557655e-29	2.644586e-29	
R520	6.123235e-07	1.111461e-06	1.871226e-06	2.772163e-06	3.576112e-06	4.283542e-06	5.661777e-06	6.636752e-06	1.161990e-05	7.181908e-06	9.041557e-07	2.376665e-07	1.556046e-07	1.314449e-07	1.177265e-07	9.976753e-08	7.390762e-08	4.632000e-08	2.521782e-08	1.211213e-08	5.361273e-09	2.223141e-09	8.472321e-10	2.951228e-10	9.804806e-11	2.809813e-11	6.004217e-12	7.045180e-13	5.716875e-14	4.304936e-15	3.280301e-16	2.518637e-17	1.735944e-18	1.043472e-19	5.782453e-21	2.918903e-22	1.336006e-23	5.676663e-25	2.411286e-26	1.184259e-27	8.255618e-29	9.522341e-30	1.765182e-30	4.500194e-31	1.351409e-31	4.210684e-32	1.149054e-32	1.118319e-33	2.594146e-36	2.602713e-38	
R521	7.192727e-25	4.550756e-23	1.191896e-21	1.651911e-17	4.217307e-15	1.966131e-13	1.187453e-11	8.135517e-10	1.148435e-06	2.829181e-03	7.759649e-04	9.351044e-05	1.649402e-05	5.569315e-06	1.935193e-06	5.972689e-07	1.586660e-07	3.761386e-08	7.750851e-09	1.398669e-09	2.398535e-10	3.986754e-11	5.768886e-12	7.471669e-13	9.780431e-14	1.138761e-14	1.018955e-15	5.264625e-17	2.029601e-18	7.598129e-20	3.049880e-21	1.336240e-22	5.307257e-24	1.783009e-25	5.627610e-27	1.657024e-28	4.505111e-30	1.137071e-31	2.759589e-33	6.941582e-35	2.015320e-36	7.339459e-38	3.328288e-39	1.745063e-40	9.688516e-42	5.103618e-43	2.016116e-44	2.081886e-46	1.284938e-48	9.526829e-51	
R522	2.370726e-06	1.658299e-05	9.124803e-05	1.122814e-02	1.662249e-01	9.461936e-01	4.536615e+00	1.438489e+01	8.850383e+02	6.538662e+04	1.423481e+04	2.817525e+03	1.231034e+03	9.621086e+02	8.506574e+02	7.436466e+02	6.196537e+02	4.944154e+02	3.709761e+02	2.607476e+02	1.759845e+02	1.149719e+02	6.977824e+01	3.961866e+01	2.200573e+01	1.040968e+01	3.686979e+00	7.381243e-01	1.106984e-01	1.637725e-02	2.550633e-03	4.144423e-04	6.319633e-05	8.796335e-06	1.184179e-06	1.530738e-07	1.886454e-08	2.231248e-09	2.617582e-10	3.260306e-11	4.740817e-12	8.587681e-13	1.883263e-13	4.572011e-14	1.130908e-14	2.663126e-15	5.311405e-16	4.314833e-17	2.652963e-20	5.923681e-22	
R523	7.580850e-17	1.191435e-16	2.350953e-16	1.051200e-15	3.165901e-15	4.997209e-15	7.745193e-15	3.069083e-14	1.907117e-13	1.169426e-12	4.081005e-12	2.768713e-12	9.594632e-13	5.496393e-13	3.007851e-13	1.241936e-13	4.161577e-14	1.315123e-14	3.891526e-15	1.087007e-15	2.897314e-16	7.415530e-17	1.787083e-17	4.211122e-18	1.019173e-18	2.270098e-19	4.308603e-20	5.689201e-21	6.408922e-22	7.722555e-23	9.982287e-24	1.226087e-24	1.421420e-25	1.604247e-26	1.678816e-27	1.629276e-28	1.483272e-29	1.299188e-30	1.148788e-31	1.109745e-32	1.296863e-33	1.964309e-34	3.756809e-35	8.318787e-36	1.977714e-36	4.843003e-37	1.202673e-37	3.023230e-38	8.085816e-39	2.626072e-39	
R524	1.193433e-19	1.146407e-17	1.170454e-16	2.962201e-13	1.727408e-11	1.641614e-10	1.875079e-09	2.161694e-08	1.443531e-07	4.882009e-06	1.562028e-06	5.079031e-07	3.172143e-07	2.261921e-07	1.547819e-07	9.487546e-08	4.914032e-08	2.139787e-08	8.050126e-09	2.679685e-09	8.341937e-10	2.476170e-10	6.783407e-11	1.732873e-11	4.382823e-12	1.074277e-12	2.454343e-13	4.416262e-14	6.226285e-15	7.808768e-16	9.541464e-17	1.169907e-17	1.311276e-18	1.308278e-19	1.231678e-20	1.086267e-21	8.944614e-23	6.957742e-24	5.315228e-25	4.306086e-26	4.125949e-27	5.092066e-28	8.053687e-29	1.519259e-29	3.146837e-30	6.542747e-31	1.163901e-31	7.099184e-33	1.977120e-36	3.526747e-38	
R525	4.131673e-20	4.803448e-16	1.416049e-14	1.327015e-10	1.808787e-08	3.415963e-07	5.352493e-06	5.569686e-05	5.933742e-03	5.866357e-01	7.810144e-01	9.237895e-01	1.366593e+00	1.610517e+00	1.829690e+00	1.988402e+00	1.935882e+00	1.641513e+00	1.264308e+00	9.054779e-01	6.068082e-01	3.853671e-01	2.379803e-01	1.426306e-01	8.231590e-02	4.584842e-02	2.577762e-02	1.338084e-02	5.957942e-03	2.353352e-03	8.546195e-04	2.866989e-04	8.548929e-05	2.273740e-05	5.455883e-06	1.164497e-06	2.192485e-07	3.669932e-08	5.658416e-09	8.639746e-10	1.445651e-10	2.849570e-11	6.476305e-12	1.561287e-12	3.692561e-13	8.037535e-14	1.437089e-14	1.019032e-15	8.623077e-19	9.831607e-21	
R526	3.810032e-02	9.906724e-02	2.394767e-01	5.069470e-01	9.262497e-01	1.526866e+00	1.945846e+00	1.474714e+00	1.941435e+00	2.459452e+00	2.242737e-01	4.804473e-02	3.895143e-02	5.084743e-02	7.768821e-02	1.198618e-01	1.739894e-01	2.291616e-01	2.766340e-01	3.059274e-01	3.160766e-01	3.078283e-01	2.805624e-01	2.360601e-01	1.870463e-01	1.253824e-01	6.280912e-02	1.793091e-02	3.710638e-03	7.326076e-04	1.471252e-04	2.963595e-05	5.496340e-06	9.253843e-07	1.471969e-07	2.194641e-08	3.064989e-09	4.111054e-10	5.690350e-11	9.334986e-12	2.199094e-12	8.501038e-13	5.120299e-13	4.051790e-13	3.636601e-13	3.423122e-13	3.293580e-13	3.247691e-13	3.638093e-13	5.813221e-13	
R527	1.895469e-24	4.170334e-24	0.000000e+00	0.000000e+00	0.000000e+00	0.000000e+00	0.000000e+00	0.000000e+00	0.000000e+00	0.000000e+00	0.000000e+00	0.000000e+00	2.021097e-28	0.000000e+00	0.000000e+00	0.000000e+00	0.000000e+00	0.000000e+00	0.000000e+00	0.000000e+00	4.380245e-28	4.338129e-28	0.000000e+00	2.953314e-28	4.677055e-28	2.704029e-27	3.874241e-27	2.521517e-27	1.050924e-27	4.971749e-28	2.184352e-28	1.084345e-28	5.370531e-29	3.941041e-29	2.092879e-29	9.974282e-30	3.607475e-30	1.408738e-30	5.799078e-31	2.694072e-31	1.554960e-31	1.191015e-31	1.175232e-31	1.358094e-31	1.671989e-31	2.032300e-31	2.287356e-31	2.273059e-31	1.763475e-31	1.494754e-31	
R528	1.310133e-22	1.807703e-22	0.000000e+00	0.000000e+00	0.000000e+00	0.000000e+00	0.000000e+00	0.000000e+00	0.000000e+00	0.000000e+00	0.000000e+00	0.000000e+00	4.316333e-23	0.000000e+00	0.000000e+00	0.000000e+00	0.000000e+00	0.000000e+00	0.000000e+00	0.000000e+00	3.082721e-23	2.415797e-23	0.000000e+00	9.488035e-24	1.140479e-23	5.098168e-23	5.871318e-23	3.114161e-23	1.059253e-23	4.097436e-24	1.486158e-24	6.169677e-25	2.484611e-25	1.416506e-25	5.674084e-26	1.966734e-26	4.957805e-27	1.287472e-27	3.354483e-28	9.380182e-29	3.099335e-29	1.292820e-29	6.607763e-30	3.755248e-30	2.143059e-30	1.108406e-30	4.402684e-31	6.254195e-32	3.081575e-34	3.141312e-36	
R533	4.085026e-48	3.814430e-48	0.000000e+00	0.000000e+00	0.000000e+00	0.000000e+00	0.000000e+00	0.000000e+00	0.000000e+00	0.000000e+00	0.000000e+00	0.000000e+00	2.128900e-58	0.000000e+00	0.000000e+00	0.000000e+00	0.000000e+00	0.000000e+00	0.000000e+00	0.000000e+00	9.682695e-61	5.933695e-61	0.000000e+00	1.389468e-61	2.931004e-61	8.480081e-60	1.492273e-59	5.462977e-60	9.043390e-61	2.093486e-61	4.438982e-62	1.273932e-62	3.989923e-63	3.017987e-63	1.317190e-63	5.188007e-64	1.333589e-64	4.515627e-65	1.838318e-65	9.085446e-66	5.341653e-66	3.586072e-66	2.634436e-66	2.032046e-66	1.562862e-66	1.110527e-66	6.586406e-67	2.983151e-67	7.565516e-68	1.956957e-68	
R534	3.150330e-54	8.485872e-55	0.000000e+00	0.000000e+00	0.000000e+00	0.000000e+00	0.000000e+00	0.000000e+00	0.000000e+00	0.000000e+00	0.000000e+00	0.000000e+00	2.075965e-75	0.000000e+00	0.000000e+00	0.000000e+00	0.000000e+00	0.000000e+00	0.000000e+00	0.000000e+00	1.538720e-82	1.529367e-82	0.000000e+00	1.610691e-81	1.301920e-80	1.792697e-79	3.900766e-79	4.764778e-79	4.622463e-79	4.490403e-79	2.234990e-79	4.669034e-80	1.289516e-80	1.225389e-80	8.464855e-81	5.267530e-81	2.488046e-81	1.251725e-81	6.334504e-82	3.245778e-82	1.706717e-82	9.379312e-83	5.483950e-83	3.426660e-83	2.223234e-83	1.375280e-83	6.672757e-84	9.718149e-85	4.458093e-88	1.093309e-89	
R535	8.389153e-35	4.465615e-34	0.000000e+00	0.000000e+00	0.000000e+00	0.000000e+00	0.000000e+00	0.000000e+00	0.000000e+00	0.000000e+00	0.000000e+00	0.000000e+00	2.280406e-31	0.000000e+00	0.000000e+00	0.000000e+00	0.000000e+00	0.000000e+00	0.000000e+00	0.000000e+00	2.146627e-34	8.405677e-35	0.000000e+00	9.181412e-36	6.211597e-36	1.668708e-35	1.287282e-35	6.033636e-36	2.139294e-36	8.698371e-37	3.250227e-37	1.379990e-37	5.921528e-38	3.779869e-38	1.752880e-38	7.319591e-39	2.319301e-39	7.825871e-40	2.655758e-40	9.123966e-41	3.216308e-41	1.184783e-41	4.642657e-42	1.943887e-42	8.449131e-43	3.500358e-43	1.136946e-43	1.107823e-44	3.401206e-48	5.473170e-50	
R536	2.372134e-31	1.324019e-29	0.000000e+00	0.000000e+00	0.000000e+00	0.000000e+00	0.000000e+00	0.000000e+00	0.000000e+00	0.000000e+00	0.000000e+00	0.000000e+00	7.105267e-22	0.000000e+00	0.000000e+00	0.000000e+00	0.000000e+00	0.000000e+00	0.000000e+00	0.000000e+00	1.832521e-22	1.480225e-22	0.000000e+00	7.154591e-23	1.004637e-22	5.614398e-22	9.249351e-22	9.286782e-22	7.032923e-22	6.186117e-22	5.006772e-22	4.550942e-22	4.200535e-22	5.843912e-22	5.876504e-22	5.281241e-22	3.566417e-22	2.531568e-22	1.774772e-22	1.226546e-22	8.357996e-23	5.612640e-23	3.699695e-23	2.365665e-23	1.426183e-23	7.607389e-24	3.079940e-24	4.337354e-25	3.146330e-28	6.303754e-30	
R537	7.792649e-42	8.208568e-38	0.000000e+00	0.000000e+00	0.000000e+00	0.000000e+00	0.000000e+00	0.000000e+00	0.000000e+00	0.000000e+00	0.000000e+00	0.000000e+00	1.789750e-25	0.000000e+00	0.000000e+00	0.000000e+00	0.000000e+00	0.000000e+00	0.000000e+00	0.000000e+00	4.011882e-26	2.540877e-26	0.000000e+00	7.097779e-27	7.476043e-27	3.411810e-26	5.355594e-26	6.195008e-26	5.404607e-26	5.004086e-26	3.994327e-26	3.472932e-26	2.873484e-26	3.331064e-26	2.668480e-26	1.820580e-26	8.876963e-27	4.326020e-27	1.983665e-27	8.577286e-28	3.516350e-28	1.373340e-28	5.113391e-29	1.800193e-29	5.840079e-30	1.641503e-30	3.433229e-31	2.453450e-32	1.437842e-35	8.696228e-38	
R538	2.060596e-71	0.000000e+00	0.000000e+00	0.000000e+00	0.000000e+00	0.000000e+00	0.000000e+00	0.000000e+00	0.000000e+00	0.000000e+00	0.000000e+00	0.000000e+00	1.808971e-72	0.000000e+00	0.000000e+00	0.000000e+00	0.000000e+00	0.000000e+00	0.000000e+00	0.000000e+00	0.000000e+00	8.579602e-75	0.000000e+00	1.358371e-75	4.493668e-75	9.486796e-75	4.948087e-75	4.715636e-75	3.039339e-75	5.566926e-75	8.159908e-75	2.678552e-74	4.496005e-74	2.488298e-73	1.391986e-73	2.424468e-73	8.317599e-74	5.278352e-74	2.184162e-74	7.899669e-75	2.579272e-75	7.722567e-76	2.135922e-76	5.416072e-77	1.218342e-77	2.257989e-78	2.887552e-79	0.000000e+00	0.000000e+00	0.000000e+00	
R540	0.000000e+00	0.000000e+00	0.000000e+00	0.000000e+00	0.000000e+00	0.000000e+00	0.000000e+00	0.000000e+00	0.000000e+00	2.207995e-60	0.000000e+00	0.000000e+00	1.620844e-62	1.465928e-62	0.000000e+00	0.000000e+00	0.000000e+00	0.000000e+00	0.000000e+00	0.000000e+00	0.000000e+00	8.192559e-62	0.000000e+00	2.968938e-62	5.762426e-62	1.655381e-62	1.470243e-61	9.310775e-60	2.126163e-59	1.061026e-58	3.331958e-58	2.581656e-57	9.486067e-57	4.877657e-56	2.415935e-56	2.982029e-56	7.179371e-57	2.340465e-57	3.988985e-58	4.893915e-59	4.792395e-60	3.984425e-60	1.653852e-59	2.772999e-59	2.262627e-59	1.050605e-59	2.801572e-60	0.000000e+00	0.000000e+00	0.000000e+00	
R541	1.006197e-33	3.253313e-33	0.000000e+00	0.000000e+00	0.000000e+00	0.000000e+00	0.000000e+00	0.000000e+00	0.000000e+00	0.000000e+00	0.000000e+00	0.000000e+00	3.485171e-27	0.000000e+00	0.000000e+00	0.000000e+00	0.000000e+00	0.000000e+00	0.000000e+00	0.000000e+00	8.029447e-31	2.510637e-31	0.000000e+00	1.706734e-32	9.144162e-33	1.945443e-32	1.219992e-32	4.709979e-33	1.380526e-33	4.637101e-34	1.427286e-34	4.949937e-35	1.696418e-35	8.412827e-36	2.942807e-36	8.937347e-37	1.973791e-37	4.428924e-38	9.512898e-39	1.967177e-39	3.969765e-40	7.963751e-41	1.616424e-41	3.328416e-42	6.706111e-43	1.182174e-43	1.355131e-44	1.887508e-46	3.680394e-52	7.122590e-56	
R542	0.000000e+00	0.000000e+00	0.000000e+00	0.000000e+00	0.000000e+00	0.000000e+00	0.000000e+00	0.000000e+00	0.000000e+00	1.429075e-67	0.000000e+00	0.000000e+00	4.134615e-71	1.953854e-71	0.000000e+00	0.000000e+00	0.000000e+00	0.000000e+00	0.000000e+00	0.000000e+00	0.000000e+00	3.498793e-73	0.000000e+00	2.907326e-74	2.740956e-74	3.802535e-75	1.584852e-74	4.694873e-73	5.031830e-73	1.163043e-72	1.685478e-72	6.072676e-72	1.033791e-71	2.438943e-71	5.571034e-72	3.195068e-72	3.609348e-73	5.593229e-74	4.614510e-75	2.814321e-76	1.425691e-77	6.502115e-78	1.604408e-77	1.761509e-77	1.036256e-77	3.737092e-78	7.994966e-79	0.000000e+00	0.000000e+00	0.000000e+00	
R543	5.548431e-22	3.379325e-22	0.000000e+00	0.000000e+00	0.000000e+00	0.000000e+00	0.000000e+00	0.000000e+00	0.000000e+00	0.000000e+00	0.000000e+00	0.000000e+00	8.830603e-29	0.000000e+00	0.000000e+00	0.000000e+00	0.000000e+00	0.000000e+00	0.000000e+00	0.000000e+00	4.179377e-29	3.475763e-29	0.000000e+00	1.839767e-29	2.691592e-29	1.480546e-28	2.190914e-28	1.544571e-28	6.169845e-29	2.411850e-29	8.049137e-30	2.923986e-30	1.091710e-30	7.338762e-31	5.368498e-31	4.580809e-31	2.851990e-31	1.614172e-31	7.706228e-32	3.147217e-32	1.123169e-32	3.571917e-33	1.026372e-33	2.674399e-34	6.225392e-35	1.229435e-35	1.786926e-36	8.988298e-38	1.478568e-40	4.894788e-43	
R544	6.820624e-34	1.983897e-32	0.000000e+00	0.000000e+00	0.000000e+00	0.000000e+00	0.000000e+00	0.000000e+00	0.000000e+00	0.000000e+00	0.000000e+00	0.000000e+00	3.724806e-23	0.000000e+00	0.000000e+00	0.000000e+00	0.000000e+00	0.000000e+00	0.000000e+00	0.000000e+00	5.647656e-25	3.805538e-25	0.000000e+00	1.646782e-25	2.244601e-25	1.114398e-24	1.575368e-24	1.371119e-24	9.129761e-25	6.968810e-25	4.597560e-25	3.049069e-25	2.062945e-25	2.229732e-25	1.691268e-25	1.105457e-25	5.203075e-26	2.456060e-26	1.089810e-26	4.533438e-27	1.768452e-27	6.467402e-28	2.208200e-28	6.943902e-29	1.940519e-29	4.404418e-30	6.293144e-31	1.266856e-32	5.836460e-38	1.406314e-41	
R545	3.701132e-42	2.199374e-38	0.000000e+00	0.000000e+00	0.000000e+00	0.000000e+00	0.000000e+00	0.000000e+00	0.000000e+00	0.000000e+00	0.000000e+00	0.000000e+00	1.396302e-23	0.000000e+00	0.000000e+00	0.000000e+00	0.000000e+00	0.000000e+00	0.000000e+00	0.000000e+00	3.849946e-25	1.988526e-25	0.000000e+00	4.119949e-26	3.791102e-26	1.448276e-25	1.896923e-25	1.852427e-25	1.376308e-25	1.078016e-25	7.052339e-26	4.743087e-26	3.007296e-26	2.708423e-26	1.636597e-26	8.120821e-27	2.759794e-27	8.943805e-28	2.595739e-28	6.755821e-29	1.585505e-29	3.372291e-30	6.503781e-31	1.126040e-31	1.693346e-32	2.025252e-33	1.494902e-34	1.527088e-36	5.683827e-42	4.134264e-46	
R546	1.635641e-44	1.633702e-44	0.000000e+00	0.000000e+00	0.000000e+00	0.000000e+00	0.000000e+00	0.000000e+00	0.000000e+00	0.000000e+00	0.000000e+00	0.000000e+00	6.328941e-40	0.000000e+00	0.000000e+00	0.000000e+00	0.000000e+00	0.000000e+00	0.000000e+00	0.000000e+00	3.297473e-41	1.631390e-41	0.000000e+00	1.594491e-42	7.492902e-43	1.446898e-42	5.795508e-43	2.451593e-43	2.331396e-43	4.782802e-43	7.693012e-43	1.673080e-42	3.548719e-42	8.214087e-42	9.691058e-42	7.972837e-42	3.808935e-42	1.637552e-42	5.799302e-43	1.725633e-43	4.396845e-44	9.783147e-45	1.929231e-45	3.386000e-46	5.213337e-47	6.699149e-48	6.152164e-49	0.000000e+00	0.000000e+00	0.000000e+00	
R547	4.110372e-42	1.381509e-41	0.000000e+00	0.000000e+00	0.000000e+00	0.000000e+00	0.000000e+00	0.000000e+00	0.000000e+00	0.000000e+00	0.000000e+00	0.000000e+00	4.246759e-43	0.000000e+00	0.000000e+00	0.000000e+00	0.000000e+00	0.000000e+00	0.000000e+00	0.000000e+00	4.522618e-40	8.120538e-40	0.000000e+00	1.646163e-39	3.410347e-39	3.273130e-38	3.444418e-36	6.831285e-34	4.085492e-33	2.069404e-32	5.437480e-32	1.635939e-31	4.441341e-31	1.271892e-30	1.735844e-30	1.526397e-30	7.177495e-31	2.832999e-31	8.776576e-32	2.217866e-32	4.714642e-33	8.654544e-34	1.398282e-34	2.004063e-35	2.519529e-36	2.649473e-37	1.997239e-38	0.000000e+00	0.000000e+00	0.000000e+00	
R548	7.657284e-36	8.956032e-36	0.000000e+00	0.000000e+00	0.000000e+00	0.000000e+00	0.000000e+00	0.000000e+00	0.000000e+00	0.000000e+00	0.000000e+00	0.000000e+00	3.354403e-39	0.000000e+00	0.000000e+00	0.000000e+00	0.000000e+00	0.000000e+00	0.000000e+00	0.000000e+00	7.373621e-40	4.964787e-40	0.000000e+00	1.655536e-40	1.698530e-40	8.231650e-40	2.422452e-39	5.351343e-37	5.901565e-36	4.328947e-35	1.380755e-34	4.544127e-34	1.292891e-33	3.825272e-33	5.316769e-33	4.723627e-33	2.234302e-33	8.849438e-34	2.747287e-34	6.951717e-35	1.479085e-35	2.716831e-36	4.391532e-37	6.296371e-38	7.918275e-39	8.329423e-40	6.284073e-41	0.000000e+00	0.000000e+00	0.000000e+00	
R549	1.345502e-45	2.327383e-45	0.000000e+00	0.000000e+00	0.000000e+00	0.000000e+00	0.000000e+00	0.000000e+00	0.000000e+00	0.000000e+00	0.000000e+00	0.000000e+00	7.028571e-47	0.000000e+00	0.000000e+00	0.000000e+00	0.000000e+00	0.000000e+00	0.000000e+00	0.000000e+00	3.590198e-48	2.976157e-48	0.000000e+00	1.518667e-48	1.620796e-48	7.532726e-48	3.296726e-46	2.361404e-44	5.378600e-44	1.198310e-43	1.557532e-43	2.505132e-43	3.805024e-43	6.278725e-43	5.118187e-43	2.798251e-43	8.542462e-44	2.288829e-44	5.055430e-45	1.020895e-45	2.814737e-46	1.605818e-46	1.510583e-46	2.062134e-46	2.718586e-46	2.614245e-46	1.523207e-46	0.000000e+00	0.000000e+00	0.000000e+00	
R551	1.288734e-34	3.649317e-34	0.000000e+00	0.000000e+00	0.000000e+00	0.000000e+00	0.000000e+00	0.000000e+00	0.000000e+00	0.000000e+00	0.000000e+00	0.000000e+00	4.028742e-31	0.000000e+00	0.000000e+00	0.000000e+00	0.000000e+00	0.000000e+00	0.000000e+00	0.000000e+00	7.901653e-35	3.881573e-35	0.000000e+00	1.261768e-35	1.369475e-35	5.571605e-35	4.804798e-35	2.094349e-35	6.469537e-36	2.153786e-36	5.434127e-37	1.189219e-37	2.564556e-38	9.838638e-39	2.541919e-39	5.682265e-40	8.629521e-41	1.333286e-41	1.886624e-42	2.463048e-43	2.978903e-44	3.346142e-45	3.483046e-46	3.318397e-47	2.794977e-48	1.904706e-49	8.020595e-51	0.000000e+00	0.000000e+00	0.000000e+00	
R552	2.089475e-52	2.931301e-52	0.000000e+00	0.000000e+00	0.000000e+00	0.000000e+00	0.000000e+00	0.000000e+00	0.000000e+00	0.000000e+00	0.000000e+00	0.000000e+00	2.176396e-57	0.000000e+00	0.000000e+00	0.000000e+00	0.000000e+00	0.000000e+00	0.000000e+00	0.000000e+00	4.088507e-65	1.403324e-65	0.000000e+00	6.705616e-66	9.793593e-66	4.103238e-65	3.325855e-65	1.816167e-65	8.371712e-66	3.871789e-66	1.028409e-66	1.537868e-67	2.502677e-68	1.010219e-68	2.693056e-69	6.083922e-70	9.173129e-71	1.388755e-71	1.911383e-72	2.430508e-73	2.908572e-74	3.353176e-75	3.806981e-76	4.283546e-77	4.621892e-78	4.291189e-79	2.515739e-80	0.000000e+00	0.000000e+00	0.000000e+00	
R553	1.047914e-41	9.081604e-39	0.000000e+00	0.000000e+00	0.000000e+00	0.000000e+00	0.000000e+00	0.000000e+00	0.000000e+00	0.000000e+00	0.000000e+00	0.000000e+00	6.588806e-43	0.000000e+00	0.000000e+00	0.000000e+00	0.000000e+00	0.000000e+00	0.000000e+00	0.000000e+00	2.462744e-45	2.469205e-45	0.000000e+00	6.775279e-45	2.264890e-44	2.748863e-43	8.379626e-43	2.038552e-42	3.905882e-42	6.767836e-42	6.721546e-42	4.181011e-42	2.629132e-42	3.524899e-42	3.081733e-42	2.255860e-42	1.089801e-42	5.228028e-43	2.251817e-43	8.812752e-44	3.164031e-44	1.051482e-44	3.248752e-45	9.285057e-46	2.399091e-46	5.286735e-47	8.427774e-48	0.000000e+00	0.000000e+00	0.000000e+00	
R554	1.976502e-31	7.151411e-31	0.000000e+00	0.000000e+00	0.000000e+00	0.000000e+00	0.000000e+00	0.000000e+00	0.000000e+00	0.000000e+00	0.000000e+00	0.000000e+00	0.000000e+00	0.000000e+00	0.000000e+00	0.000000e+00	0.000000e+00	0.000000e+00	0.000000e+00	0.000000e+00	8.668033e-31	0.000000e+00	0.000000e+00	0.000000e+00	0.000000e+00	1.068478e-28	3.030242e-28	5.390499e-28	6.144328e-28	5.652561e-28	3.488494e-28	1.799529e-28	7.917487e-29	4.340524e-29	7.981676e-30	0.000000e+00	0.000000e+00	0.000000e+00	0.000000e+00	0.000000e+00	0.000000e+00	0.000000e+00	0.000000e+00	0.000000e+00	0.000000e+00	0.000000e+00	0.000000e+00	0.000000e+00	0.000000e+00	0.000000e+00	
R555	6.566332e-60	1.019796e-56	0.000000e+00	0.000000e+00	0.000000e+00	0.000000e+00	0.000000e+00	0.000000e+00	0.000000e+00	0.000000e+00	0.000000e+00	0.000000e+00	0.000000e+00	0.000000e+00	0.000000e+00	0.000000e+00	0.000000e+00	0.000000e+00	0.000000e+00	0.000000e+00	3.954575e-64	0.000000e+00	0.000000e+00	0.000000e+00	0.000000e+00	1.581345e-60	6.767640e-60	2.426227e-59	6.780135e-59	1.404963e-58	1.304915e-58	5.211283e-59	2.080626e-59	1.754633e-59	4.842045e-60	0.000000e+00	0.000000e+00	0.000000e+00	0.000000e+00	0.000000e+00	0.000000e+00	0.000000e+00	0.000000e+00	0.000000e+00	0.000000e+00	0.000000e+00	0.000000e+00	0.000000e+00	0.000000e+00	0.000000e+00	
R556	7.246591e-54	1.073328e-53	0.000000e+00	0.000000e+00	0.000000e+00	0.000000e+00	0.000000e+00	0.000000e+00	0.000000e+00	0.000000e+00	0.000000e+00	0.000000e+00	0.000000e+00	0.000000e+00	0.000000e+00	0.000000e+00	0.000000e+00	0.000000e+00	0.000000e+00	0.000000e+00	1.603596e-65	0.000000e+00	0.000000e+00	0.000000e+00	0.000000e+00	8.585866e-63	1.601783e-62	1.590951e-62	1.090617e-62	6.264874e-63	1.874648e-63	2.730247e-64	3.968603e-65	1.158397e-65	1.116192e-66	0.000000e+00	0.000000e+00	0.000000e+00	0.000000e+00	0.000000e+00	0.000000e+00	0.000000e+00	0.000000e+00	0.000000e+00	0.000000e+00	0.000000e+00	0.000000e+00	0.000000e+00	0.000000e+00	0.000000e+00	
R557	7.293060e-59	1.601714e-58	0.000000e+00	0.000000e+00	0.000000e+00	0.000000e+00	0.000000e+00	0.000000e+00	0.000000e+00	0.000000e+00	0.000000e+00	0.000000e+00	0.000000e+00	0.000000e+00	0.000000e+00	0.000000e+00	0.000000e+00	0.000000e+00	0.000000e+00	0.000000e+00	8.800611e-56	0.000000e+00	0.000000e+00	0.000000e+00	0.000000e+00	1.695592e-54	5.101734e-54	6.735639e-54	5.065512e-54	4.127946e-54	2.389899e-54	1.503874e-54	8.329494e-55	8.232836e-55	1.997709e-55	0.000000e+00	0.000000e+00	0.000000e+00	0.000000e+00	0.000000e+00	0.000000e+00	0.000000e+00	0.000000e+00	0.000000e+00	0.000000e+00	0.000000e+00	0.000000e+00	0.000000e+00	0.000000e+00	0.000000e+00	
R558	1.336725e-34	3.746879e-33	0.000000e+00	0.000000e+00	0.000000e+00	0.000000e+00	0.000000e+00	0.000000e+00	0.000000e+00	0.000000e+00	0.000000e+00	0.000000e+00	4.494599e-26	0.000000e+00	0.000000e+00	0.000000e+00	0.000000e+00	0.000000e+00	0.000000e+00	0.000000e+00	1.085987e-27	5.862064e-28	0.000000e+00	1.172666e-28	1.055104e-28	3.455656e-28	2.865346e-28	1.083445e-28	2.722218e-29	8.010606e-30	2.246112e-30	7.267423e-31	2.344265e-31	1.104923e-31	3.745942e-32	1.125789e-32	2.504542e-33	5.736123e-34	1.266901e-34	2.690121e-35	5.486954e-36	1.072520e-36	1.995808e-37	3.479489e-38	5.471942e-39	7.079494e-40	5.828465e-41	6.774585e-43	1.842650e-48	2.627778e-52	
R559	4.099186e-49	2.850263e-49	0.000000e+00	0.000000e+00	0.000000e+00	0.000000e+00	0.000000e+00	0.000000e+00	0.000000e+00	0.000000e+00	0.000000e+00	0.000000e+00	1.039523e-50	0.000000e+00	0.000000e+00	0.000000e+00	0.000000e+00	0.000000e+00	0.000000e+00	0.000000e+00	4.039775e-52	2.585205e-52	0.000000e+00	5.878369e-53	1.148037e-52	3.557539e-51	9.592374e-51	9.616927e-51	5.489545e-51	4.230074e-51	2.761219e-51	2.274220e-51	1.932003e-51	3.729743e-51	3.762334e-51	3.031741e-51	1.379477e-51	6.935647e-52	3.401548e-52	1.621337e-52	7.513765e-53	3.381963e-53	1.466824e-53	5.986800e-54	2.172387e-54	6.173622e-55	1.012352e-55	2.071727e-57	4.489895e-62	2.919911e-66	
R560	8.401583e-21	9.170842e-21	0.000000e+00	0.000000e+00	0.000000e+00	0.000000e+00	0.000000e+00	0.000000e+00	0.000000e+00	0.000000e+00	0.000000e+00	0.000000e+00	1.705527e-30	0.000000e+00	0.000000e+00	0.000000e+00	0.000000e+00	0.000000e+00	0.000000e+00	0.000000e+00	5.422641e-31	5.233640e-31	0.000000e+00	4.028094e-31	7.617886e-31	4.801641e-30	6.153727e-30	2.382993e-30	4.664255e-31	9.613936e-32	1.807758e-32	3.862973e-33	8.320263e-34	2.711939e-34	6.765885e-35	1.622459e-35	3.185117e-36	7.335069e-37	1.921845e-37	5.808908e-38	1.991370e-38	7.456865e-39	2.938289e-39	1.181615e-39	4.703956e-40	1.781308e-40	6.094261e-41	1.805505e-41	4.027036e-42	9.788837e-43	
R561	2.601391e+03	1.362872e+03	7.323244e+02	4.140467e+02	2.454841e+02	1.552409e+02	2.256457e+02	4.418223e+02	5.022061e+02	1.893557e-05	6.108805e-08	3.858966e-09	1.752510e-09	1.833529e-09	2.435938e-09	3.226412e-09	4.171070e-09	5.307922e-09	6.614294e-09	8.025241e-09	9.156753e-09	9.924601e-09	1.103732e-08	1.252557e-08	1.391758e-08	1.369662e-08	1.116514e-08	5.554646e-09	1.559387e-09	3.103062e-10	5.290737e-11	8.410429e-12	1.371929e-12	3.211378e-13	1.703620e-13	1.539278e-13	1.311313e-13	8.354820e-14	3.882682e-14	1.358641e-14	3.733852e-15	8.389933e-16	1.597189e-16	2.656944e-17	3.967537e-18	5.444977e-19	7.014661e-20	8.672555e-21	1.082857e-21	1.824831e-22	
R562	1.917174e-45	1.046633e-43	0.000000e+00	0.000000e+00	0.000000e+00	0.000000e+00	0.000000e+00	0.000000e+00	0.000000e+00	0.000000e+00	0.000000e+00	0.000000e+00	8.775812e-31	0.000000e+00	0.000000e+00	0.000000e+00	0.000000e+00	0.000000e+00	0.000000e+00	0.000000e+00	1.210566e-30	9.683808e-31	0.000000e+00	4.255351e-31	4.804090e-31	2.780458e-30	4.473181e-30	4.760547e-30	3.814924e-30	3.240525e-30	2.242857e-30	1.630401e-30	1.059336e-30	9.801473e-31	5.848429e-31	2.911952e-31	9.468826e-32	3.049966e-32	8.732685e-33	2.244335e-33	5.208234e-34	1.096920e-34	2.097930e-35	3.608386e-36	5.403682e-37	6.462413e-38	4.723756e-39	0.000000e+00	0.000000e+00	0.000000e+00	
R563	2.275417e-57	2.953371e-57	0.000000e+00	0.000000e+00	0.000000e+00	0.000000e+00	0.000000e+00	0.000000e+00	0.000000e+00	0.000000e+00	0.000000e+00	0.000000e+00	1.407682e-56	0.000000e+00	0.000000e+00	0.000000e+00	0.000000e+00	0.000000e+00	0.000000e+00	0.000000e+00	9.160843e-57	6.029485e-57	0.000000e+00	1.366556e-57	2.001929e-57	7.644379e-56	2.262276e-55	2.975065e-55	2.301905e-55	2.081889e-55	1.302276e-55	9.341270e-56	5.758021e-56	7.745306e-56	4.683983e-56	2.138735e-56	4.590017e-57	1.062473e-57	2.154546e-58	3.901524e-59	6.378483e-60	9.501677e-61	1.291230e-61	1.575134e-62	1.640233e-63	1.293570e-64	5.549871e-66	0.000000e+00	0.000000e+00	0.000000e+00	
R564	2.682653e-58	3.481563e-58	0.000000e+00	0.000000e+00	0.000000e+00	0.000000e+00	0.000000e+00	0.000000e+00	0.000000e+00	0.000000e+00	0.000000e+00	0.000000e+00	1.666646e-57	0.000000e+00	0.000000e+00	0.000000e+00	0.000000e+00	0.000000e+00	0.000000e+00	0.000000e+00	9.709622e-58	6.051184e-58	0.000000e+00	1.146784e-58	1.482635e-58	4.908373e-57	1.247635e-56	1.407113e-56	9.416723e-57	7.494899e-57	4.219810e-57	2.787002e-57	1.611423e-57	2.065382e-57	1.206724e-57	5.378081e-58	1.135161e-58	2.597615e-59	5.226728e-60	9.414966e-61	1.533759e-61	2.279294e-62	3.092465e-63	3.768333e-64	3.921230e-65	3.090974e-66	1.325705e-67	0.000000e+00	0.000000e+00	0.000000e+00	
R565	1.840191e-24	2.842671e-24	0.000000e+00	0.000000e+00	0.000000e+00	0.000000e+00	0.000000e+00	0.000000e+00	0.000000e+00	0.000000e+00	0.000000e+00	0.000000e+00	0.000000e+00	0.000000e+00	0.000000e+00	0.000000e+00	0.000000e+00	0.000000e+00	0.000000e+00	0.000000e+00	2.697532e-27	0.000000e+00	0.000000e+00	0.000000e+00	0.000000e+00	1.258082e-27	1.304527e-27	9.332098e-28	4.818394e-28	2.225768e-28	7.647407e-29	2.457467e-29	6.563812e-30	1.975666e-30	1.934077e-31	0.000000e+00	0.000000e+00	0.000000e+00	0.000000e+00	0.000000e+00	0.000000e+00	0.000000e+00	0.000000e+00	0.000000e+00	0.000000e+00	0.000000e+00	0.000000e+00	0.000000e+00	0.000000e+00	0.000000e+00	
R566	3.559939e-28	5.558260e-28	0.000000e+00	0.000000e+00	0.000000e+00	0.000000e+00	0.000000e+00	0.000000e+00	0.000000e+00	0.000000e+00	0.000000e+00	0.000000e+00	1.990286e-31	0.000000e+00	0.000000e+00	0.000000e+00	0.000000e+00	0.000000e+00	0.000000e+00	0.000000e+00	1.690529e-31	9.108861e-32	0.000000e+00	1.306803e-32	7.716815e-33	1.968059e-32	9.847467e-33	1.571626e-33	1.247463e-34	1.050945e-35	8.229578e-37	7.662762e-38	6.299209e-39	6.914415e-40	5.007157e-41	3.077286e-42	1.273433e-43	5.490330e-45	2.390821e-46	1.214356e-47	8.724601e-49	1.013111e-49	1.799202e-50	4.074517e-51	9.883199e-52	2.232736e-52	3.877303e-53	0.000000e+00	0.000000e+00	0.000000e+00	
R567	1.839635e-24	2.841148e-24	0.000000e+00	0.000000e+00	0.000000e+00	0.000000e+00	0.000000e+00	0.000000e+00	0.000000e+00	0.000000e+00	0.000000e+00	0.000000e+00	4.178468e-31	0.000000e+00	0.000000e+00	0.000000e+00	0.000000e+00	0.000000e+00	0.000000e+00	0.000000e+00	6.626407e-30	5.718359e-30	0.000000e+00	2.393772e-30	2.532878e-30	1.213772e-29	1.265066e-29	4.868970e-30	9.203150e-31	1.654184e-31	2.513071e-32	4.293824e-33	6.482418e-34	1.336416e-34	1.846919e-35	2.208991e-36	1.807959e-37	1.543464e-38	1.286470e-39	1.131683e-40	1.161534e-41	1.490645e-42	2.326216e-43	4.010850e-44	6.907370e-45	1.073859e-45	1.258354e-46	0.000000e+00	0.000000e+00	0.000000e+00	
R568	6.172465e-24	1.475461e-23	1.459968e-23	4.608252e-22	1.744902e-21	2.875144e-21	1.071727e-20	6.964295e-20	2.691500e-19	3.916694e-21	1.463119e-22	1.109997e-23	2.019258e-24	7.979877e-25	3.496462e-25	1.374858e-25	5.165619e-26	2.066524e-26	8.621974e-27	3.764261e-27	1.619889e-27	6.834506e-28	3.068290e-28	1.481142e-28	7.099091e-29	2.965032e-29	1.070116e-29	3.038685e-30	6.580902e-31	1.171211e-31	1.826068e-32	2.528473e-33	3.531763e-34	6.098808e-35	1.547093e-35	4.975284e-36	1.503467e-36	3.797695e-37	7.940307e-38	1.406877e-38	2.186308e-39	3.098912e-40	4.167170e-41	5.478078e-42	7.080428e-43	8.673738e-44	8.812839e-45	3.017122e-46	4.465381e-50	4.399075e-52	
R569	9.190874e-23	9.076846e-23	0.000000e+00	0.000000e+00	0.000000e+00	0.000000e+00	0.000000e+00	0.000000e+00	0.000000e+00	0.000000e+00	0.000000e+00	0.000000e+00	7.955314e-33	0.000000e+00	0.000000e+00	0.000000e+00	0.000000e+00	0.000000e+00	0.000000e+00	0.000000e+00	1.383486e-32	1.445461e-32	0.000000e+00	1.262405e-32	2.367453e-32	1.658446e-31	3.031162e-31	2.604298e-31	1.264229e-31	6.004411e-32	2.430742e-32	1.071936e-32	4.979066e-33	4.308214e-33	4.178140e-33	4.901851e-33	4.378685e-33	3.726695e-33	2.810976e-33	1.907245e-33	1.188988e-33	6.943240e-34	3.851731e-34	2.040795e-34	1.024820e-34	4.756377e-35	1.958866e-35	6.892847e-36	1.785334e-36	4.914445e-37	
R570	4.550053e-31	2.644547e-30	0.000000e+00	0.000000e+00	0.000000e+00	0.000000e+00	0.000000e+00	0.000000e+00	0.000000e+00	0.000000e+00	0.000000e+00	0.000000e+00	1.488378e-26	0.000000e+00	0.000000e+00	0.000000e+00	0.000000e+00	0.000000e+00	0.000000e+00	0.000000e+00	4.797582e-28	3.203920e-28	0.000000e+00	1.023366e-28	1.163851e-28	4.813659e-28	4.907798e-28	2.253588e-28	6.856920e-29	2.445018e-29	8.320424e-30	3.287409e-30	1.325114e-30	8.039118e-31	3.613108e-31	1.492921e-31	4.764733e-32	1.640751e-32	5.724508e-33	2.019165e-33	7.193601e-34	2.581897e-34	9.275926e-35	3.288577e-35	1.115790e-35	3.392930e-36	7.915766e-37	6.480639e-38	2.759590e-41	3.268606e-43	
R571	4.550053e-31	2.644547e-30	0.000000e+00	0.000000e+00	0.000000e+00	0.000000e+00	0.000000e+00	0.000000e+00	0.000000e+00	0.000000e+00	0.000000e+00	0.000000e+00	1.488378e-26	0.000000e+00	0.000000e+00	0.000000e+00	0.000000e+00	0.000000e+00	0.000000e+00	0.000000e+00	4.797582e-28	3.203920e-28	0.000000e+00	1.023366e-28	1.163851e-28	4.813659e-28	4.907798e-28	2.253588e-28	6.856920e-29	2.445018e-29	8.320424e-30	3.287409e-30	1.325114e-30	8.039118e-31	3.613108e-31	1.492921e-31	4.764733e-32	1.640751e-32	5.724508e-33	2.019165e-33	7.193601e-34	2.581897e-34	9.275926e-35	3.288577e-35	1.115790e-35	3.392930e-36	7.915766e-37	6.480639e-38	2.759590e-41	3.268606e-43	
R572	8.983823e-21	9.890218e-21	0.000000e+00	0.000000e+00	0.000000e+00	0.000000e+00	0.000000e+00	0.000000e+00	0.000000e+00	0.000000e+00	0.000000e+00	0.000000e+00	5.002231e-26	0.000000e+00	0.000000e+00	0.000000e+00	0.000000e+00	0.000000e+00	0.000000e+00	0.000000e+00	1.514456e-27	9.852226e-28	0.000000e+00	3.186768e-28	3.691039e-28	1.719090e-27	2.313820e-27	1.877861e-27	1.147433e-27	8.171375e-28	5.390566e-28	4.038152e-28	3.127677e-28	3.733809e-28	3.314835e-28	2.724004e-28	1.752143e-28	1.239040e-28	9.069626e-29	6.862249e-29	5.365316e-29	4.329756e-29	3.591765e-29	3.031753e-29	2.549681e-29	2.059910e-29	1.520262e-29	9.778098e-30	4.618867e-30	2.016116e-30	
R573	7.493037e-28	4.489981e-28	0.000000e+00	0.000000e+00	0.000000e+00	0.000000e+00	0.000000e+00	0.000000e+00	0.000000e+00	0.000000e+00	0.000000e+00	0.000000e+00	4.576567e-32	0.000000e+00	0.000000e+00	0.000000e+00	0.000000e+00	0.000000e+00	0.000000e+00	0.000000e+00	3.305822e-34	1.435939e-34	0.000000e+00	1.830077e-35	1.312393e-35	3.468171e-35	2.246008e-35	6.290680e-36	1.112333e-36	2.240756e-37	4.278606e-38	9.526734e-39	2.115920e-39	6.811975e-40	1.586471e-40	3.301402e-41	5.137183e-42	8.338888e-43	1.329485e-43	2.093039e-44	3.294286e-45	5.269628e-46	8.697950e-47	1.481849e-47	2.507967e-48	3.762949e-49	3.712682e-50	4.462846e-52	7.676412e-58	1.339993e-61	
R574	2.335551e-24	2.627942e-24	0.000000e+00	0.000000e+00	0.000000e+00	0.000000e+00	0.000000e+00	0.000000e+00	0.000000e+00	0.000000e+00	0.000000e+00	0.000000e+00	4.628446e-29	0.000000e+00	0.000000e+00	0.000000e+00	0.000000e+00	0.000000e+00	0.000000e+00	0.000000e+00	1.113138e-29	7.329027e-30	0.000000e+00	1.977753e-30	1.959015e-30	6.547753e-30	4.691562e-30	1.142970e-30	1.568956e-31	2.468711e-32	3.762282e-33	6.737868e-34	1.178199e-34	2.929129e-35	5.244275e-36	8.357987e-37	9.958607e-38	1.254753e-38	1.627265e-39	2.322717e-40	4.012800e-41	8.946534e-42	2.492159e-42	7.852201e-43	2.521731e-43	7.434531e-44	1.701551e-44	1.395622e-45	4.059823e-48	2.449393e-50	
R575	8.297232e-21	9.068307e-21	0.000000e+00	0.000000e+00	0.000000e+00	0.000000e+00	0.000000e+00	0.000000e+00	0.000000e+00	0.000000e+00	0.000000e+00	0.000000e+00	4.034819e-29	0.000000e+00	0.000000e+00	0.000000e+00	0.000000e+00	0.000000e+00	0.000000e+00	0.000000e+00	1.529516e-28	1.621278e-28	0.000000e+00	1.332897e-28	2.423593e-28	1.542988e-27	2.317747e-27	1.369985e-27	4.511200e-28	1.523298e-28	4.498298e-29	1.458580e-29	4.636550e-30	2.164962e-30	7.397202e-31	2.294316e-31	5.406755e-32	1.348906e-32	3.348394e-33	8.277526e-34	2.042958e-34	5.033819e-35	1.232172e-35	2.955815e-36	6.739682e-37	1.367379e-37	2.111755e-38	1.141793e-39	2.023065e-42	6.084453e-45	
R576	7.375318e-22	8.060717e-22	0.000000e+00	0.000000e+00	0.000000e+00	0.000000e+00	0.000000e+00	0.000000e+00	0.000000e+00	0.000000e+00	0.000000e+00	0.000000e+00	3.586505e-30	0.000000e+00	0.000000e+00	0.000000e+00	0.000000e+00	0.000000e+00	0.000000e+00	0.000000e+00	1.359570e-29	1.441136e-29	0.000000e+00	1.184797e-29	2.154305e-29	1.371545e-28	2.060219e-28	1.217765e-28	4.009955e-29	1.354043e-29	3.998487e-30	1.296516e-30	4.121378e-31	1.924411e-31	6.575290e-32	2.039392e-32	4.806004e-33	1.199028e-33	2.976350e-34	7.357801e-35	1.815963e-35	4.474506e-36	1.095264e-36	2.627391e-37	5.990829e-38	1.215448e-38	1.877116e-39	1.014928e-40	1.798280e-43	5.408403e-46	
R577	7.832110e-50	3.672708e-50	0.000000e+00	0.000000e+00	0.000000e+00	0.000000e+00	0.000000e+00	0.000000e+00	0.000000e+00	0.000000e+00	0.000000e+00	0.000000e+00	4.581915e-61	0.000000e+00	0.000000e+00	0.000000e+00	0.000000e+00	0.000000e+00	0.000000e+00	0.000000e+00	1.952329e-64	7.995199e-65	0.000000e+00	7.748529e-66	1.047331e-65	1.775859e-64	1.572878e-64	2.168463e-65	1.190966e-66	9.223555e-68	6.775451e-69	6.921599e-70	7.576134e-71	1.941453e-71	2.856746e-72	3.762726e-73	3.186393e-74	3.481193e-75	4.464799e-76	6.779776e-77	1.193125e-77	2.331517e-78	4.835281e-79	1.016897e-79	2.040177e-80	3.516227e-81	4.240739e-82	1.585310e-83	1.507503e-86	2.775568e-89	
R578	2.174250e-29	2.748077e-26	0.000000e+00	0.000000e+00	0.000000e+00	0.000000e+00	0.000000e+00	0.000000e+00	0.000000e+00	0.000000e+00	0.000000e+00	0.000000e+00	2.418754e-26	0.000000e+00	0.000000e+00	0.000000e+00	0.000000e+00	0.000000e+00	0.000000e+00	0.000000e+00	3.521486e-26	2.905172e-26	0.000000e+00	1.422573e-26	2.013513e-26	1.122276e-25	1.801028e-25	1.548319e-25	8.430896e-26	4.682235e-26	2.225169e-26	1.148732e-26	5.730843e-27	4.116341e-27	2.110664e-27	9.550173e-28	3.194171e-28	1.101917e-28	3.686796e-29	1.197736e-29	3.791603e-30	1.171919e-30	3.528015e-31	1.023033e-31	2.777667e-32	6.624666e-33	1.189800e-33	7.415696e-35	1.501939e-37	5.115179e-40	
R579	2.988362e-49	2.793913e-49	0.000000e+00	0.000000e+00	0.000000e+00	0.000000e+00	0.000000e+00	0.000000e+00	0.000000e+00	0.000000e+00	0.000000e+00	0.000000e+00	3.730672e-58	0.000000e+00	0.000000e+00	0.000000e+00	0.000000e+00	0.000000e+00	0.000000e+00	0.000000e+00	2.023046e-59	1.361586e-59	0.000000e+00	3.405743e-60	6.907295e-60	2.018548e-58	4.163343e-58	2.326423e-58	6.478988e-59	2.457084e-59	8.181964e-60	3.563042e-60	1.646981e-60	1.784654e-60	1.066737e-60	5.434335e-61	1.676871e-61	6.151229e-62	2.372493e-62	9.589998e-63	4.059284e-63	1.793191e-63	8.183343e-64	3.765312e-64	1.658681e-64	6.314595e-65	1.690586e-65	1.397431e-66	2.815329e-69	9.010274e-72	
R596	5.799006e-05	4.769063e-05	3.663246e-05	2.799814e-05	2.225282e-05	1.848486e-05	1.603660e-05	1.016000e-05	8.452938e-06	4.337981e-05	4.402844e-06	4.220579e-07	8.974592e-08	3.597312e-08	1.635405e-08	7.368943e-09	3.388502e-09	1.661151e-09	8.482597e-10	4.477024e-10	2.376737e-10	1.255730e-10	6.762678e-11	3.762823e-11	2.106771e-11	2.168696e-11	5.077159e-09	1.652547e-06	2.131394e-05	1.897024e-04	9.264196e-04	4.389632e-03	1.907166e-02	5.729252e-02	1.167866e-01	1.687553e-01	1.809251e-01	1.498091e-01	9.933684e-02	5.453653e-02	2.554883e-02	1.048726e-02	3.858357e-03	1.296970e-03	4.048797e-04	1.190278e-04	3.335200e-05	9.008936e-06	2.398746e-06	7.265859e-07	
R597	4.252604e-04	3.497313e-04	2.686381e-04	2.053197e-04	1.631874e-04	1.355556e-04	1.176017e-04	7.450666e-05	6.198821e-05	3.181186e-04	3.228752e-05	3.095091e-06	6.581368e-07	2.638029e-07	1.199297e-07	5.403892e-08	2.484902e-08	1.218178e-08	6.220571e-09	3.283151e-09	1.742940e-09	9.208683e-10	4.959297e-10	2.759403e-10	1.544966e-10	1.590377e-10	3.723250e-08	1.211868e-05	1.563023e-04	1.391151e-03	6.793744e-03	3.219063e-02	1.398588e-01	4.201452e-01	8.564351e-01	1.237539e+00	1.326784e+00	1.098600e+00	7.284702e-01	3.999345e-01	1.873581e-01	7.690655e-02	2.829462e-02	9.511111e-03	2.969118e-03	8.728707e-04	2.445814e-04	6.606553e-05	1.759080e-05	5.328297e-06	
R598	4.116044e-07	3.384783e-07	2.599636e-07	1.986556e-07	1.578555e-07	1.310764e-07	1.134099e-07	7.117494e-08	5.880841e-08	3.014690e-07	3.057969e-08	2.929813e-09	6.226445e-10	2.494216e-10	1.133137e-10	5.101668e-11	2.343745e-11	1.147710e-11	5.853194e-12	3.084553e-12	1.634623e-12	8.618566e-13	4.630551e-13	2.569338e-13	1.433912e-13	1.470729e-13	3.426281e-11	1.107607e-08	1.414415e-07	1.240375e-06	5.924563e-06	2.715432e-05	1.120689e-04	3.103870e-04	5.579323e-04	6.680139e-04	5.486126e-04	3.182404e-04	1.347072e-04	4.313129e-05	1.084144e-05	2.217293e-06	3.813339e-07	5.680767e-08	7.527319e-09	9.084662e-10	1.020318e-10	1.089880e-11	1.159018e-12	1.641271e-13	
R599	2.023722e-06	1.664185e-06	1.278154e-06	9.767234e-07	7.761227e-07	6.444591e-07	5.575987e-07	3.499435e-07	2.891413e-07	1.482222e-06	1.503501e-07	1.440492e-08	3.061336e-09	1.226323e-09	5.571258e-10	2.508320e-10	1.152341e-10	5.642909e-11	2.877820e-11	1.516572e-11	8.036897e-12	4.237462e-12	2.276687e-12	1.263258e-12	7.050068e-13	7.231082e-13	1.684588e-10	5.445737e-08	6.954208e-07	6.098510e-06	2.912910e-05	1.335088e-04	5.510055e-04	1.526069e-03	2.743167e-03	3.284402e-03	2.697345e-03	1.564682e-03	6.623105e-04	2.120622e-04	5.330377e-05	1.090169e-05	1.874892e-06	2.793044e-07	3.700932e-08	4.466626e-09	5.016565e-10	5.358577e-11	5.698507e-12	8.069580e-13	
R608	1.244018e-37	7.256217e-38	3.755084e-38	9.036439e-38	2.558077e-37	3.318753e-37	3.561454e-37	2.278793e-37	5.805711e-38	7.910608e-40	6.199288e-43	3.227304e-46	1.912226e-48	1.556319e-49	2.871118e-50	5.402253e-51	1.400335e-51	7.405063e-52	7.269822e-52	1.251960e-51	2.216572e-51	3.514243e-51	8.604433e-51	3.174066e-50	9.155886e-50	1.129943e-49	6.418654e-50	4.850363e-50	9.500588e-50	2.923775e-49	5.100974e-49	5.272876e-49	6.537678e-49	1.029934e-48	1.208256e-48	1.119639e-48	8.603982e-49	5.628793e-49	3.161095e-49	1.492225e-49	5.651872e-50	1.697577e-50	4.210125e-51	9.106011e-52	1.796320e-52	3.333105e-53	5.934430e-54	1.028017e-54	1.771269e-55	3.498189e-56	
R611	1.363064e-53	4.462349e-54	1.119584e-54	2.269985e-55	3.551909e-56	4.269132e-57	6.720181e-58	1.272107e-58	1.072760e-59	5.122974e-62	1.213328e-65	1.174665e-69	1.665391e-72	3.252162e-74	1.108402e-75	2.792755e-77	9.458579e-79	9.145056e-80	2.579481e-80	2.286244e-80	2.701074e-80	3.416128e-80	1.144355e-79	8.694973e-79	4.517709e-78	8.263851e-78	2.661798e-76	1.921429e-74	5.972492e-74	1.411603e-73	1.242478e-73	4.420605e-74	2.036367e-74	1.578740e-74	8.722815e-75	3.600815e-75	1.164949e-75	3.078405e-76	6.930046e-77	1.472603e-77	4.447197e-78	2.935561e-78	3.447271e-78	6.484048e-78	1.322980e-77	2.237293e-77	2.661599e-77	2.076503e-77	2.859268e-81	8.275397e-84	
R617	1.234273e-27	2.091179e-28	6.559215e-29	6.899863e-27	1.559781e-25	7.275078e-25	4.389756e-24	1.360113e-23	1.806288e-23	4.265951e-23	3.857218e-25	3.091305e-27	8.801940e-29	9.257776e-30	1.321062e-30	1.834920e-31	2.868221e-32	5.988144e-33	1.555004e-33	4.812671e-34	1.533888e-34	4.812073e-35	1.657564e-35	6.509573e-36	2.544599e-36	7.168396e-37	1.492937e-37	9.235548e-38	2.011148e-37	8.305035e-37	2.000279e-36	5.503609e-36	1.622532e-35	2.850086e-35	2.465629e-35	1.127083e-35	2.940799e-36	4.723589e-37	5.083546e-38	4.086025e-39	2.846552e-40	2.068112e-41	1.822745e-42	1.998829e-43	2.531096e-44	3.430809e-45	4.804829e-46	6.941215e-47	1.081501e-47	2.492317e-48	
R618	1.893978e-11	7.987057e-12	3.252891e-12	1.370966e-12	6.363859e-13	3.242910e-13	1.809907e-13	5.417133e-14	2.797626e-14	5.428843e-13	3.995197e-15	2.627935e-17	9.222975e-19	1.249511e-19	2.255205e-20	4.049449e-21	7.746677e-22	1.745366e-22	4.405514e-23	1.223779e-23	3.466250e-24	9.747878e-25	2.921768e-25	9.569348e-26	3.157116e-26	8.236974e-27	1.732782e-27	4.243321e-28	1.639310e-28	7.214541e-29	2.698909e-29	7.207048e-30	2.025392e-30	7.012999e-31	2.225570e-31	6.266329e-32	1.521549e-32	3.132259e-33	5.460731e-34	8.184540e-35	1.084205e-35	1.313450e-36	1.502122e-37	1.656259e-38	1.775778e-39	1.860183e-40	1.926798e-41	2.020143e-42	2.443102e-43	5.660522e-44	
R639	1.794077e-34	4.322658e-35	2.063807e-35	2.155298e-34	1.570771e-33	3.451590e-33	2.517450e-32	3.157513e-30	3.859200e-28	9.344715e-29	3.966536e-27	2.951488e-26	2.407353e-26	2.075466e-26	1.315651e-26	4.679288e-27	1.119177e-27	2.358444e-28	4.476494e-29	7.848283e-30	1.259698e-30	1.857992e-31	2.551070e-32	3.431110e-33	4.653633e-34	6.006449e-35	7.166590e-36	7.191299e-37	7.144107e-38	8.853658e-39	1.300069e-39	1.737483e-40	2.339337e-41	3.459521e-42	4.697195e-43	5.915579e-44	7.109433e-45	8.393471e-46	9.974252e-47	1.213074e-47	1.522350e-48	1.974081e-49	2.638499e-50	3.620494e-51	5.078243e-52	7.247732e-53	1.047244e-53	1.523469e-54	2.222994e-55	3.268581e-56	
R640	1.909500e-11	5.003143e-11	5.487345e-11	1.960571e-09	8.789048e-09	1.802902e-08	7.449891e-08	4.397944e-07	2.499369e-06	2.610714e-05	1.044616e-06	8.134707e-08	1.716417e-08	7.496149e-09	3.683107e-09	1.730377e-09	7.609257e-10	3.120195e-10	1.158788e-10	3.839423e-11	1.129773e-11	2.939755e-12	6.603938e-13	1.345381e-13	2.665159e-14	4.840290e-15	8.137244e-16	1.407000e-16	2.875153e-17	6.641353e-18	1.797415e-18	7.819034e-19	6.506917e-19	5.326315e-19	3.231812e-19	1.429637e-19	4.765677e-20	1.242548e-20	2.629029e-21	4.685708e-22	7.313762e-23	1.041432e-23	1.408252e-24	1.864403e-25	2.431706e-26	3.013663e-27	3.107424e-28	1.083854e-29	1.642531e-33	1.679781e-35	
R641	2.133546e-34	5.096239e-35	2.408575e-35	2.716355e-34	2.184419e-33	5.155188e-33	4.001202e-32	1.698980e-29	1.003578e-25	9.298103e-24	1.248430e-22	5.633341e-22	6.352161e-22	5.212394e-22	2.833722e-22	8.922740e-23	1.785123e-23	2.615980e-24	3.082846e-25	3.080936e-26	2.805016e-27	2.395742e-28	1.851957e-29	1.311513e-30	9.412437e-32	7.120324e-33	5.411784e-34	4.025845e-35	3.510265e-36	4.402289e-37	7.422890e-38	1.284458e-38	2.296922e-39	4.399666e-40	7.876793e-41	1.328709e-41	2.179520e-42	3.587391e-43	6.068755e-44	1.070792e-44	1.983669e-45	3.864134e-46	7.912512e-47	1.703558e-47	3.864069e-48	9.272537e-49	2.370123e-49	6.525474e-50	1.976254e-50	6.825191e-51	
R642	2.162519e-73	4.849781e-75	4.877280e-76	3.500188e-74	1.647540e-72	8.407831e-72	1.164875e-69	8.789038e-64	1.567434e-55	1.518805e-47	9.956050e-44	9.983769e-42	1.136002e-41	3.433580e-42	3.624146e-43	1.240798e-44	1.728773e-46	1.317187e-48	6.610483e-51	2.444342e-53	7.831235e-56	2.286755e-58	5.373442e-61	1.049638e-63	2.125032e-66	5.138391e-69	1.365663e-71	4.551965e-74	2.949012e-76	5.161083e-78	1.941187e-79	8.569706e-81	4.381064e-82	2.706497e-83	1.497442e-84	7.545827e-86	3.716472e-87	1.914570e-88	1.080483e-89	6.835995e-91	4.879604e-92	3.921576e-93	3.535543e-94	3.572805e-95	4.062810e-96	5.248290e-97	7.826911e-98	1.384598e-98	3.055765e-99	9.179107e-100	
R643	5.690840e-74	1.276258e-75	1.283495e-76	9.211020e-75	4.335633e-73	2.212587e-72	3.065460e-70	2.312905e-64	4.124827e-56	3.996856e-48	2.620013e-44	2.627308e-42	2.989479e-42	9.035736e-43	9.537226e-44	3.265258e-45	4.549402e-47	3.466281e-49	1.739601e-51	6.432479e-54	2.060851e-56	6.017775e-59	1.414064e-61	2.762206e-64	5.592191e-67	1.352208e-69	3.593849e-72	1.197886e-74	7.760558e-77	1.358180e-78	5.108386e-80	2.255186e-81	1.152911e-82	7.122360e-84	3.940637e-85	1.985744e-86	9.780188e-88	5.038341e-89	2.843376e-90	1.798946e-91	1.284106e-92	1.031994e-93	9.304061e-95	9.402119e-96	1.069161e-96	1.381129e-97	2.059714e-98	3.643680e-99	8.041487e-100	2.415554e-100	
R644	3.897707e-20	2.929853e-20	2.996818e-20	1.400757e-19	5.103918e-19	9.602959e-19	2.837950e-18	3.218956e-17	6.337552e-16	2.855500e-15	2.083199e-14	4.806024e-14	4.561029e-14	4.708317e-14	4.297918e-14	2.979606e-14	1.664297e-14	8.361462e-15	3.819020e-15	1.601955e-15	6.279066e-16	2.311779e-16	7.775259e-17	2.450903e-17	7.580865e-18	2.155061e-18	5.287484e-19	9.572342e-20	1.620984e-20	3.226238e-21	7.324293e-22	1.630740e-22	3.566698e-23	7.842241e-24	1.608365e-24	3.096487e-25	5.689960e-26	1.026611e-26	1.906880e-27	3.932560e-28	9.931495e-29	3.280653e-29	1.378339e-29	6.747752e-30	3.568724e-30	1.956753e-30	1.096065e-30	6.270492e-31	3.858658e-31	2.869048e-31	
R645	4.643986e-04	1.943967e-02	1.072083e-01	9.208442e+00	4.264069e+01	8.648829e+01	2.940207e+02	1.073605e+03	5.709014e+04	2.373246e+05	1.572701e+05	9.653489e+04	7.999941e+04	6.846427e+04	5.768059e+04	4.696515e+04	3.507950e+04	2.350089e+04	1.428752e+04	7.974177e+03	4.240308e+03	2.176503e+03	1.038185e+03	4.639752e+02	2.038023e+02	8.422579e+01	3.090929e+01	8.250701e+00	1.748883e+00	3.456985e-01	6.852646e-02	1.381101e-02	2.569983e-03	4.308862e-04	6.907907e-05	1.057651e-05	1.546098e-06	2.180970e-07	3.067598e-08	4.592577e-09	8.022065e-10	1.740090e-10	4.546524e-11	1.306600e-11	3.797468e-12	1.042483e-12	2.405221e-13	2.244373e-14	1.570677e-17	3.967838e-19	
M2	6.826423e-17	3.671999e-16	1.454853e-15	4.601817e-15	1.151629e-14	2.438103e-14	2.603105e-14	1.241220e-14	8.631443e-15	5.982748e-20	9.468022e-23	1.677677e-23	1.600018e-23	2.777882e-23	6.629030e-23	1.700115e-22	4.443228e-22	1.152241e-21	3.068534e-21	8.238423e-21	2.054467e-20	4.639231e-20	1.048794e-19	2.237541e-19	4.031855e-19	6.411788e-19	3.652188e-17	4.990950e-15	2.209950e-14	6.610073e-14	1.111250e-13	1.862405e-13	2.935567e-13	3.305210e-13	2.665812e-13	1.626133e-13	7.894342e-14	3.184511e-14	1.109008e-14	3.937206e-15	2.382371e-13	1.079876e-11	1.623263e-10	1.035220e-09	3.745791e-09	9.597063e-09	2.205332e-08	2.700369e-07	2.990795e-05	1.734549e-05	
M3	4.205330e-01	1.866374e-01	8.524456e-02	4.174871e-02	2.277164e-02	1.408366e-02	1.538088e-02	1.436759e-02	1.768212e-02	1.315450e-04	1.249550e-07	1.863491e-09	3.910967e-10	2.611105e-10	2.511909e-10	2.666510e-10	2.850447e-10	2.750070e-10	2.314757e-10	1.620012e-10	8.824265e-11	3.662875e-11	1.185435e-11	3.172304e-12	7.487836e-13	1.449369e-13	2.351590e-14	3.908021e-15	8.884400e-16	2.621935e-16	1.049973e-16	1.048014e-16	3.943013e-16	1.528789e-15	3.351313e-15	4.070083e-15	2.958617e-15	1.394348e-15	4.572343e-16	1.109139e-16	2.097580e-17	3.233811e-18	4.221240e-19	4.819842e-20	4.952078e-21	4.693810e-22	4.198353e-23	3.629097e-24	3.197974e-25	3.907102e-26	
M4	3.591131e-08	9.259919e-07	3.698217e-06	3.468769e-04	3.768997e-03	1.532616e-02	7.554032e-02	3.029129e-01	1.988862e+01	1.200356e+03	1.585782e+02	3.031936e+01	1.484309e+01	1.082184e+01	8.648692e+00	6.970731e+00	5.367935e+00	3.743940e+00	2.329314e+00	1.263202e+00	5.835668e-01	2.285193e-01	7.427053e-02	2.097937e-02	5.599320e-03	1.400020e-03	3.376875e-04	8.378197e-05	2.434278e-05	8.125714e-06	3.251000e-06	2.140938e-06	2.672161e-06	3.213049e-06	2.846757e-06	1.823839e-06	8.714459e-07	3.213203e-07	9.437949e-08	2.273120e-08	4.606089e-09	8.027950e-10	1.225846e-10	1.663469e-11	2.019473e-12	2.162196e-13	1.864422e-14	6.305021e-16	1.514350e-19	1.293305e-21	
M5	1.901652e-14	5.200443e-14	1.150527e-13	2.357180e-13	4.496203e-13	8.532698e-13	2.024402e-12	3.697727e-12	1.053036e-11	9.812895e-14	1.425454e-14	2.291483e-14	4.535848e-14	8.571712e-14	1.713386e-13	3.416628e-13	6.497559e-13	1.159027e-12	2.010730e-12	3.388325e-12	5.278975e-12	7.474181e-12	9.950212e-12	1.202833e-11	1.237146e-11	1.180852e-11	4.491528e-10	4.826870e-08	2.019153e-07	6.576602e-07	1.336823e-06	2.925993e-06	6.079800e-06	8.807003e-06	8.998548e-06	6.790244e-06	3.963514e-06	1.860411e-06	7.256537e-07	2.419845e-07	7.070815e-08	1.848748e-08	4.402235e-09	9.690062e-10	1.997051e-10	3.896892e-11	7.271892e-12	1.311914e-12	3.399664e-13	8.864581e-14	
M6	8.452500e-01	3.373989e-01	1.375737e-01	5.879520e-02	2.665618e-02	1.295295e-02	1.262480e-02	1.368084e-02	1.412818e-02	1.013988e-03	1.827922e-05	6.295441e-07	8.309922e-08	2.454811e-08	8.709042e-09	2.996419e-09	1.061447e-09	4.195622e-10	1.824679e-10	8.631987e-11	3.725344e-11	1.414168e-11	5.654564e-12	2.459315e-12	9.854036e-13	3.083794e-13	8.212593e-14	2.258522e-14	7.541819e-15	2.850277e-15	1.143596e-15	6.082584e-16	6.642799e-16	8.714862e-16	8.700140e-16	6.518348e-16	3.793975e-16	1.778372e-16	6.931514e-17	2.310679e-17	6.751464e-18	1.765560e-18	4.205669e-19	9.262018e-20	1.909959e-20	3.729373e-21	6.964334e-22	1.256235e-22	2.236891e-23	4.547887e-24	
M7	1.186732e-09	6.183504e-10	4.167398e-10	1.471257e-09	6.740797e-09	1.550190e-08	3.097941e-08	4.077738e-08	3.091661e-08	2.895575e-09	6.992288e-11	2.307136e-12	2.440837e-13	9.044184e-14	5.389138e-14	3.438011e-14	2.258647e-14	1.569640e-14	1.097888e-14	7.553179e-15	4.965687e-15	3.095343e-15	1.871337e-15	1.125556e-15	6.725676e-16	3.340269e-16	1.295280e-16	7.918030e-17	1.155060e-16	2.580648e-16	4.307033e-16	7.482573e-16	1.252326e-15	1.510781e-15	1.280656e-15	7.931775e-16	3.738367e-16	1.390728e-16	4.228614e-17	1.086105e-17	2.426513e-18	4.832333e-19	8.749523e-20	1.463567e-20	2.291813e-21	3.397155e-22	4.811901e-23	6.568002e-24	8.784162e-25	1.321802e-25	
M9	6.695704e-03	7.060798e-03	6.854176e-03	6.070169e-03	5.036941e-03	3.996259e-03	2.257866e-03	7.954719e-04	3.158012e-04	1.970722e-05	3.025037e-07	1.017047e-08	2.003594e-09	1.113321e-09	8.021762e-10	5.873963e-10	4.416629e-10	3.554062e-10	2.986625e-10	2.589171e-10	2.214825e-10	1.853482e-10	1.607768e-10	1.457854e-10	1.320761e-10	1.029664e-10	6.950851e-11	7.151813e-11	1.126293e-10	2.104384e-10	2.811965e-10	3.989141e-10	5.445977e-10	5.222471e-10	3.387019e-10	1.527353e-10	4.924905e-11	1.169921e-11	2.131526e-12	3.153950e-13	4.105352e-14	5.186092e-15	6.889206e-16	9.776302e-17	1.429971e-17	2.076233e-18	2.936781e-19	4.031077e-20	5.442249e-21	8.287157e-22	
M10	1.721995e+05	1.791953e+05	1.733448e+05	1.512904e+05	1.175321e+05	8.320669e+04	5.576097e+04	3.195604e+04	1.271187e+04	2.000262e-02	1.666920e-04	1.629639e-05	9.139532e-06	1.021792e-05	1.407431e-05	1.949216e-05	2.601999e-05	3.317342e-05	4.052941e-05	4.737595e-05	5.246406e-05	5.571608e-05	5.958305e-05	6.397912e-05	6.843929e-05	6.799454e-05	5.982793e-05	3.603600e-05	1.370685e-05	3.859330e-06	9.352218e-07	2.113727e-07	4.608237e-08	1.151450e-08	4.277740e-09	2.047666e-09	9.361465e-10	3.631427e-10	1.181389e-10	3.285211e-11	8.002635e-12	1.746825e-12	3.483237e-13	6.448116e-14	1.123187e-14	1.861736e-15	2.964014e-16	4.571888e-17	6.979276e-18	1.209870e-18	
M11	3.447939e-19	8.236381e-19	1.547018e-18	2.345446e-18	2.782420e-18	2.679823e-18	1.766375e-18	9.302712e-19	4.803896e-19	3.351146e-21	6.371734e-23	3.618560e-24	1.161094e-24	9.035222e-25	8.735508e-25	7.719671e-25	6.339587e-25	5.428613e-25	5.128730e-25	5.759873e-25	7.108570e-25	9.159955e-25	1.240307e-24	1.602090e-24	1.764528e-24	1.609694e-24	4.636870e-23	2.813700e-21	5.837152e-21	9.425355e-21	9.617641e-21	1.057445e-20	1.119550e-20	8.437250e-21	4.583757e-21	1.890161e-21	6.206858e-22	1.689505e-22	3.968750e-23	8.875136e-24	2.816764e-24	1.919431e-24	2.240212e-24	3.976245e-24	7.325162e-24	1.122589e-23	1.400960e-23	3.294768e-23	3.131918e-24	1.046643e-25	
M12	1.121386e+06	1.267316e+06	1.367462e+06	1.359374e+06	1.225838e+06	1.025092e+06	8.429828e+05	6.500462e+05	4.224303e+05	6.478065e+03	1.735060e+03	7.368718e+02	5.807617e+02	5.963772e+02	6.405019e+02	6.653866e+02	6.603214e+02	6.339561e+02	5.885068e+02	5.312136e+02	4.611448e+02	3.888759e+02	3.276237e+02	2.787879e+02	2.378366e+02	1.955292e+02	1.581351e+02	1.138975e+02	6.992614e+01	3.795036e+01	1.899842e+01	8.984297e+00	4.057165e+00	1.788722e+00	7.801859e-01	3.359498e-01	1.419521e-01	5.856606e-02	2.356353e-02	9.260203e-03	3.563008e-03	1.344481e-03	4.978014e-04	1.807623e-04	6.429785e-05	2.236620e-05	7.589632e-06	2.501630e-06	7.936713e-07	2.386025e-07	
M13	8.308788e+03	1.968266e+04	4.047359e+04	6.597368e+04	8.272461e+04	8.164563e+04	3.182661e+04	6.739544e+03	1.144396e+03	8.502966e-02	1.860444e-03	2.913028e-04	2.612137e-04	4.867414e-04	1.136736e-03	2.691737e-03	6.231959e-03	1.394385e-02	2.978784e-02	5.979396e-02	1.106098e-01	1.916869e-01	3.276666e-01	5.514894e-01	9.167105e-01	1.433786e+00	2.077709e+00	2.300191e+00	1.797787e+00	1.079583e+00	5.512624e-01	2.565270e-01	1.092577e-01	4.350239e-02	1.689333e-02	6.393914e-03	2.341141e-03	8.251405e-04	2.804251e-04	9.247611e-05	2.979589e-05	9.428096e-06	2.938515e-06	9.033037e-07	2.738831e-07	8.181878e-08	2.402132e-08	6.897903e-09	1.921113e-09	5.111963e-10	
M14	8.808540e-14	5.896075e-14	5.172818e-14	1.969290e-13	5.516738e-13	7.472613e-13	1.136483e-12	6.382904e-12	4.356274e-11	1.542572e-12	6.202431e-12	1.393070e-11	1.370571e-11	1.459763e-11	1.373912e-11	9.851145e-12	5.673705e-12	2.910380e-12	1.346246e-12	5.683354e-13	2.256803e-13	8.524911e-14	2.969354e-14	9.863886e-15	3.349523e-15	1.140257e-15	3.813980e-16	1.093210e-16	2.888333e-17	8.092117e-18	2.410533e-18	6.922021e-19	1.928103e-19	5.335952e-20	1.399582e-20	3.514180e-21	8.558975e-22	2.049156e-22	4.882229e-23	1.168602e-23	2.825430e-24	6.912449e-25	1.710215e-25	4.271839e-26	1.074965e-26	2.718207e-27	6.885199e-28	1.740099e-28	4.370810e-29	1.085662e-29	
M15	3.682627e-01	4.104439e-01	4.246472e-01	3.912805e-01	3.177562e-01	2.351097e-01	1.555948e-01	1.132693e-01	6.380226e-02	2.758708e-04	5.853872e-05	2.981699e-05	2.362100e-05	2.143015e-05	1.987343e-05	1.761218e-05	1.454335e-05	1.122324e-05	8.230230e-06	5.808923e-06	3.976022e-06	2.663902e-06	1.786304e-06	1.203312e-06	8.168999e-07	5.411124e-07	3.409044e-07	1.806091e-07	7.688081e-08	2.786980e-08	9.170364e-09	2.842798e-09	8.267521e-10	2.269653e-10	6.008325e-11	1.526029e-11	3.690283e-12	8.464462e-13	1.848048e-13	3.882044e-14	7.978388e-15	1.639318e-15	3.446089e-16	7.524988e-17	1.693875e-17	3.742916e-18	7.021646e-19	4.483485e-20	1.212406e-23	1.872772e-25	
M16	1.636190e-03	3.975327e+00	1.740552e+01	2.151308e+03	1.935684e+04	5.744282e+04	7.262981e+04	5.343349e+04	2.064045e+04	1.107730e+01	2.307860e+00	2.135899e+00	3.955596e+00	6.989625e+00	1.299177e+01	2.414533e+01	4.202613e+01	6.557648e+01	9.522466e+01	1.305037e+02	1.703040e+02	2.148566e+02	2.732385e+02	3.494917e+02	4.517629e+02	6.183365e+02	9.557580e+02	1.539664e+03	1.995864e+03	1.976813e+03	1.621025e+03	1.187370e+03	7.868306e+02	4.817357e+02	2.806642e+02	1.549416e+02	8.050834e+01	3.923309e+01	1.797064e+01	7.787696e+00	3.218311e+00	1.277396e+00	4.896475e-01	1.819448e-01	6.568974e-02	2.306843e-02	7.876195e-03	2.607174e-03	8.300100e-04	2.501006e-04	
M17	3.803227e-04	2.101659e-02	1.655974e-01	2.642854e+01	4.076842e+02	1.971005e+03	5.480468e+03	9.944296e+03	2.345379e+05	1.411578e+06	9.357924e+05	6.103669e+05	6.014197e+05	6.680659e+05	7.530840e+05	8.293166e+05	8.604733e+05	8.344711e+05	7.622811e+05	6.620789e+05	5.559164e+05	4.567823e+05	3.652264e+05	2.875041e+05	2.289568e+05	1.809834e+05	1.434456e+05	1.009038e+05	5.980814e+04	3.116297e+04	1.511574e+04	7.074597e+03	3.076315e+03	1.236744e+03	4.767012e+02	1.748954e+02	6.047910e+01	1.957626e+01	5.921939e+00	1.678075e+00	4.469938e-01	1.122433e-01	2.660422e-02	5.945475e-03	1.243694e-03	2.369936e-04	3.710182e-05	2.290926e-06	9.796919e-10	1.236396e-11	
M18	1.423157e+03	3.123157e+03	6.149867e+03	1.008636e+04	1.349159e+04	1.524851e+04	9.525541e+03	3.399546e+03	1.464771e+03	1.354968e+01	6.161702e-01	1.149155e-01	8.871450e-02	1.130588e-01	1.699859e-01	2.588175e-01	3.721020e-01	4.877243e-01	5.892936e-01	6.570419e-01	6.909343e-01	6.939791e-01	6.668087e-01	6.089866e-01	5.441348e-01	4.434515e-01	3.050055e-01	1.387937e-01	4.517966e-02	1.263850e-02	3.325696e-03	8.511440e-04	1.987601e-04	4.211960e-05	8.568435e-06	1.666122e-06	3.084108e-07	5.489213e-08	9.745886e-09	1.855635e-09	4.185055e-10	1.198205e-10	4.249887e-11	1.715892e-11	7.327645e-12	3.180944e-12	1.383999e-12	6.028848e-13	2.756682e-13	1.471502e-13	
M19	2.049420e-14	3.217987e-13	3.353242e-12	1.990059e-08	1.976482e-06	3.212824e-05	4.778430e-04	5.227560e-03	1.254620e+01	4.640599e+04	2.161320e+04	3.526099e+03	6.764955e+02	2.376522e+02	8.888411e+01	3.196485e+01	1.085293e+01	3.588433e+00	1.108877e+00	3.191524e-01	9.033846e-02	2.544831e-02	6.458231e-03	1.525896e-03	3.715548e-04	7.999215e-05	1.318481e-05	1.221827e-06	8.758136e-08	6.440160e-09	5.254750e-10	4.782356e-11	4.120164e-12	3.177287e-13	2.425950e-14	1.822026e-15	1.327855e-16	9.281116e-18	6.184294e-19	3.919240e-20	2.357394e-21	1.340973e-22	7.175256e-24	3.581367e-25	1.636103e-26	6.459270e-28	1.789550e-29	8.026333e-32	1.815193e-38	3.795521e-42	
M20	1.145923e-18	1.770446e-17	9.173909e-17	3.558974e-13	2.116258e-11	2.178585e-10	3.236269e-09	6.333042e-08	1.529651e-05	1.075714e-01	8.979781e-02	2.140490e-02	3.964749e-03	1.144774e-03	3.145171e-04	7.569692e-05	1.620368e-05	3.296158e-06	6.168117e-07	1.070448e-07	1.827141e-08	3.107794e-09	4.817274e-10	7.055593e-11	1.073304e-11	1.545153e-12	1.958031e-13	1.878942e-14	1.593944e-15	1.353312e-16	1.213825e-17	1.166003e-18	1.055068e-19	8.579240e-21	6.771937e-22	5.148866e-23	3.731194e-24	2.559022e-25	1.660626e-26	1.026225e-27	6.113988e-29	3.572848e-30	2.086986e-31	1.231209e-32	7.210732e-34	3.881098e-35	1.497947e-36	8.000681e-39	1.305275e-45	3.709845e-49	
M21	5.129495e-33	1.203961e-31	0.000000e+00	0.000000e+00	0.000000e+00	0.000000e+00	0.000000e+00	0.000000e+00	0.000000e+00	0.000000e+00	0.000000e+00	0.000000e+00	8.738274e-27	0.000000e+00	0.000000e+00	0.000000e+00	0.000000e+00	0.000000e+00	0.000000e+00	0.000000e+00	8.679202e-31	2.749379e-31	0.000000e+00	2.037733e-32	1.206431e-32	2.538813e-32	1.185574e-32	1.943868e-33	1.920842e-34	2.294416e-35	2.765902e-36	4.071146e-37	6.086594e-38	1.342017e-38	2.226305e-39	3.466686e-40	4.305515e-41	6.099855e-42	9.529587e-43	1.658004e-43	3.147852e-44	6.266506e-45	1.257979e-45	2.463862e-46	4.533550e-47	7.336611e-48	8.966972e-49	3.827178e-50	8.781600e-54	6.783035e-56	
M22	6.195359e-41	2.443188e-40	5.413020e-40	1.125131e-39	1.162639e-39	1.987688e-39	5.289369e-39	1.492032e-38	1.818742e-37	2.523027e-40	1.958865e-40	8.717506e-40	4.321725e-39	2.558028e-38	1.717412e-37	9.816629e-37	4.849195e-36	2.224351e-35	1.011672e-34	4.535579e-34	1.835294e-33	6.533247e-33	2.264014e-32	7.285484e-32	1.959131e-31	4.774391e-31	4.519245e-29	1.091558e-26	7.816519e-26	3.304370e-25	7.095220e-25	1.421349e-24	2.566370e-24	3.218124e-24	2.831423e-24	1.854373e-24	9.541960e-25	4.036114e-25	1.460673e-25	5.350488e-26	3.322705e-24	1.540186e-22	2.362619e-21	1.536333e-20	5.670277e-20	1.484461e-19	3.498615e-19	4.424287e-18	5.112075e-16	3.153729e-16	
M23	4.490742e-12	3.479574e-12	1.898544e-12	1.074429e-12	3.323824e-13	1.770921e-13	1.809718e-13	3.200225e-13	1.494264e-12	1.691983e-12	8.376414e-11	5.516846e-10	1.601166e-09	3.992073e-09	8.908927e-09	1.570026e-08	2.270261e-08	2.945044e-08	3.567590e-08	4.105294e-08	4.494080e-08	4.711255e-08	4.801520e-08	4.832550e-08	4.883415e-08	5.016053e-08	5.441961e-08	5.511657e-08	4.303766e-08	2.586253e-08	1.304128e-08	5.908373e-09	2.439241e-09	9.393479e-10	3.498916e-10	1.266222e-10	4.448680e-11	1.516667e-11	5.030453e-12	1.631124e-12	5.196898e-13	1.633489e-13	5.078291e-14	1.563590e-14	4.769616e-15	1.440843e-15	4.305538e-16	1.270133e-16	3.679301e-17	1.041219e-17	
M24	8.859872e-14	4.283878e-14	1.560598e-14	6.597428e-15	1.730080e-15	8.755391e-16	1.342082e-15	4.771313e-15	4.890870e-14	5.685349e-12	1.655399e-09	2.345377e-08	6.147030e-08	9.590848e-08	1.163752e-07	1.061927e-07	7.663771e-08	4.772937e-08	2.665640e-08	1.366881e-08	6.583719e-09	3.013330e-09	1.297864e-09	5.414577e-10	2.277568e-10	1.016085e-10	5.015689e-11	2.642950e-11	1.276167e-11	5.428962e-12	2.124208e-12	7.929686e-13	2.794170e-13	9.352733e-14	3.065022e-14	9.881865e-15	3.143799e-15	9.888949e-16	3.080696e-16	9.520139e-17	2.922650e-17	8.923848e-18	2.711787e-18	8.201992e-19	2.467774e-19	7.377638e-20	2.187789e-20	6.419958e-21	1.854126e-21	5.246039e-22	
M25	1.405022e-32	5.067708e-33	1.048321e-33	2.952807e-34	3.238601e-35	1.340040e-35	5.184835e-35	1.105421e-33	2.017062e-31	4.779035e-27	6.982751e-22	2.561403e-19	3.645966e-18	2.064118e-17	7.673136e-17	1.747920e-16	2.764212e-16	3.664174e-16	4.343991e-16	4.714529e-16	4.678168e-16	4.224671e-16	3.368144e-16	2.425912e-16	1.665378e-16	1.215083e-16	1.047230e-16	1.006246e-16	7.978313e-17	4.836943e-17	2.454851e-17	1.134557e-17	4.702251e-18	1.760715e-18	6.313193e-19	2.189726e-19	7.393840e-20	2.440934e-20	7.907062e-21	2.522162e-21	7.948803e-22	2.482406e-22	7.699013e-23	2.374555e-23	7.287865e-24	2.226374e-24	6.771558e-25	2.052204e-25	6.183334e-26	1.860996e-26	
M26	2.734441e-21	2.437839e-18	3.181012e-18	1.533286e-16	3.818488e-16	6.842197e-16	2.533666e-15	1.729611e-14	2.001950e-13	1.718604e-12	8.042973e-10	3.093473e-08	2.019784e-07	5.663607e-07	1.211889e-06	2.001494e-06	2.601465e-06	2.821649e-06	2.744837e-06	2.475303e-06	2.111281e-06	1.724191e-06	1.362880e-06	1.061563e-06	8.386671e-07	7.560171e-07	8.772875e-07	1.293691e-06	1.672644e-06	1.654883e-06	1.342659e-06	9.661495e-07	6.248467e-07	3.701542e-07	2.069095e-07	1.092353e-07	5.446880e-08	2.567749e-08	1.147928e-08	4.891510e-09	1.998954e-09	7.881547e-10	3.013504e-10	1.121580e-10	4.073985e-11	1.446728e-11	5.027511e-12	1.709656e-12	5.661125e-13	1.814164e-13	
M27	6.955334e-05	4.098564e-05	2.145739e-05	1.038068e-05	4.803822e-06	2.241978e-06	1.402505e-06	1.008210e-06	4.356706e-07	2.021589e-10	4.335953e-11	1.316995e-10	2.454954e-10	2.375264e-10	1.931663e-10	1.450559e-10	9.416352e-11	5.008155e-11	2.279021e-11	9.083232e-12	3.355111e-12	1.177538e-12	3.847441e-13	1.179710e-13	3.615987e-14	1.224804e-14	4.713999e-15	1.952054e-15	6.999419e-16	2.119135e-16	6.006259e-17	1.735495e-17	4.869880e-18	1.351067e-18	3.941616e-19	1.129064e-19	2.940390e-20	6.678351e-21	1.314922e-21	2.282139e-22	3.594890e-23	5.321496e-24	7.652109e-25	1.092038e-25	1.542619e-26	2.071375e-27	2.320153e-28	8.875610e-30	1.561252e-33	2.222802e-35	
M28	4.227511e-13	1.179711e-12	1.212084e-12	3.623660e-11	1.228429e-10	1.762133e-10	3.612885e-10	8.837347e-10	1.273257e-09	1.288941e-10	2.302624e-11	3.149268e-11	2.780049e-11	1.781304e-11	9.686505e-12	4.617830e-12	1.854558e-12	6.228799e-13	1.798510e-13	4.602780e-14	1.122841e-14	2.645260e-15	5.609165e-16	1.078521e-16	2.057937e-17	4.258632e-18	1.005720e-18	2.662983e-19	6.387840e-20	1.310101e-20	2.548624e-21	5.160169e-22	1.001892e-22	1.876533e-23	3.689897e-24	7.115324e-25	1.246314e-25	1.902576e-26	2.516467e-27	2.932674e-28	3.100841e-29	3.080062e-30	2.971023e-31	2.843341e-32	2.692596e-33	2.422826e-34	1.817683e-35	4.654250e-37	5.481463e-41	5.122613e-43	
M29	3.595796e-31	8.162393e-29	8.407160e-28	7.196056e-23	1.810672e-20	3.347624e-19	1.277742e-17	9.820974e-16	2.773313e-14	9.544476e-11	1.241557e-10	5.229074e-11	1.546997e-11	4.683637e-12	1.155878e-12	2.271155e-13	3.537701e-14	4.630699e-15	5.158026e-16	5.056854e-17	4.709425e-18	4.216027e-19	3.320394e-20	2.379059e-21	1.741038e-22	1.349790e-23	1.135784e-24	9.999345e-26	8.083271e-27	5.875869e-28	4.181320e-29	3.082819e-30	2.078361e-31	1.218138e-32	6.754645e-34	3.516974e-35	1.708138e-36	7.724598e-38	3.271320e-39	1.317359e-40	5.179950e-42	2.065197e-43	8.710673e-45	3.997228e-46	1.962128e-47	9.332008e-49	3.214888e-50	1.290062e-52	9.538708e-60	2.166927e-63	
M31	1.213025e-04	1.574176e-01	4.035514e-01	3.372115e+01	2.393126e+02	6.491850e+02	1.840596e+03	5.102348e+03	7.315988e+03	6.994113e+02	1.297702e+03	2.238256e+03	2.991860e+03	2.830441e+03	2.416452e+03	1.919950e+03	1.419708e+03	9.979413e+02	6.917388e+02	4.851376e+02	3.314758e+02	2.214064e+02	1.563150e+02	1.176961e+02	8.873198e+01	6.861818e+01	6.132087e+01	6.632841e+01	7.001117e+01	6.446898e+01	5.158899e+01	3.614918e+01	2.425840e+01	1.645142e+01	1.076807e+01	6.764149e+00	4.056386e+00	2.314119e+00	1.254940e+00	6.481118e-01	3.198511e-01	1.513985e-01	6.894165e-02	3.026122e-02	1.281750e-02	5.241230e-03	2.068317e-03	7.858746e-04	2.850025e-04	9.702420e-05	
M32	2.229447e-09	2.980097e-06	7.676444e-06	6.267459e-04	4.261992e-03	1.103854e-02	2.756839e-02	8.085256e-02	1.186565e-01	4.148916e-03	9.090378e-03	2.984486e-02	5.735048e-02	6.150707e-02	5.708296e-02	4.951167e-02	3.816688e-02	2.525545e-02	1.506769e-02	8.343235e-03	4.441818e-03	2.312686e-03	1.186340e-03	6.035906e-04	3.133239e-04	1.799435e-04	1.206199e-04	9.257590e-05	6.483367e-05	3.850008e-05	2.042096e-05	1.019461e-05	4.693963e-06	1.983208e-06	7.882054e-07	2.921621e-07	1.003084e-07	3.182453e-08	9.368026e-09	2.586779e-09	6.820599e-10	1.758346e-10	4.546903e-11	1.200412e-11	3.218177e-12	8.360702e-13	1.824280e-13	1.342956e-14	4.151718e-18	7.262949e-20	
M33	6.055975e-17	3.817901e-13	1.911087e-12	9.482307e-09	4.609173e-07	3.549492e-06	2.787586e-05	2.644341e-04	1.215076e-03	8.573191e-03	1.421736e-02	1.893114e-02	1.559706e-02	1.007964e-02	5.704335e-03	2.875122e-03	1.265163e-03	4.921412e-04	1.733302e-04	5.666337e-05	1.799485e-05	5.640326e-06	1.706347e-06	5.082301e-07	1.569311e-07	5.322686e-08	2.131243e-08	1.027182e-08	4.763576e-09	1.903130e-09	6.853463e-10	2.346465e-10	7.352602e-11	2.087509e-11	5.571527e-12	1.386227e-12	3.193606e-13	6.797252e-14	1.342033e-14	2.485113e-15	4.393545e-16	7.593398e-17	1.316176e-17	2.328687e-18	4.182811e-19	7.278494e-20	1.063276e-20	5.237297e-22	1.083692e-25	1.244045e-27	
M34	1.323644e-13	3.769614e-07	4.039223e-06	4.372633e-02	3.274868e+00	3.401685e+01	1.631571e+02	4.893480e+02	5.045050e+02	2.291471e+00	5.336490e+00	3.512174e+01	1.694904e+02	3.688433e+02	7.110335e+02	1.346735e+03	2.268586e+03	3.100510e+03	3.687602e+03	3.933570e+03	3.952918e+03	3.838474e+03	3.646352e+03	3.395342e+03	3.248192e+03	3.783305e+03	6.164868e+03	1.426382e+04	3.011652e+04	4.847153e+04	6.413165e+04	7.688952e+04	8.167011e+04	7.691799e+04	6.725065e+04	5.416063e+04	3.994109e+04	2.691393e+04	1.661627e+04	9.462963e+03	5.015899e+03	2.497370e+03	1.177334e+03	5.288218e+02	2.273504e+02	9.385348e+01	3.726528e+01	1.421974e+01	5.174674e+00	1.765678e+00	
M35	1.579997e-14	1.001160e-09	1.880231e-08	2.547525e-04	3.153495e-02	5.111246e-01	5.132724e+00	3.582660e+01	2.086924e+03	9.479649e+04	5.896713e+05	2.218551e+06	4.851449e+06	5.990504e+06	6.404007e+06	6.534610e+06	6.030621e+06	4.850603e+06	3.538941e+06	2.402431e+06	1.568882e+06	1.002824e+06	6.225705e+05	3.805403e+05	2.376106e+05	1.650143e+05	1.398770e+05	1.432551e+05	1.406336e+05	1.206572e+05	9.406722e+04	6.970804e+04	4.736374e+04	2.927139e+04	1.692128e+04	9.051572e+03	4.440018e+03	1.986284e+03	8.095097e+02	3.013231e+02	1.029087e+02	3.240301e+01	9.442413e+00	2.549940e+00	6.349678e-01	1.421947e-01	2.588089e-02	1.841693e-03	9.000536e-07	1.285979e-08	
M36	3.343188e-10	3.725697e-10	3.447304e-10	3.018138e-10	7.930840e-10	8.179367e-09	1.049068e-07	1.135705e-06	9.668042e-05	8.158465e-03	3.753034e-02	1.016829e-01	1.553305e-01	1.311975e-01	9.512995e-02	6.555058e-02	4.058825e-02	2.173089e-02	1.048221e-02	4.674578e-03	1.998553e-03	8.330627e-04	3.334037e-04	1.292606e-04	5.035965e-05	2.154317e-05	1.111488e-05	7.050336e-06	4.511767e-06	2.674011e-06	1.527680e-06	8.885225e-07	5.198232e-07	3.191987e-07	2.145168e-07	1.503672e-07	1.039529e-07	6.873108e-08	4.321137e-08	2.603530e-08	1.521269e-08	8.703398e-09	4.893394e-09	2.698473e-09	1.454155e-09	7.659317e-10	3.969824e-10	2.047167e-10	1.110150e-10	7.093102e-11	
M37	9.571599e-13	5.242938e-13	3.849034e-13	1.558540e-12	8.698177e-12	2.619314e-11	9.629656e-11	2.458672e-10	5.427971e-10	7.226485e-09	4.151789e-10	1.955498e-11	2.322846e-12	8.160181e-13	4.485396e-13	2.715231e-13	1.670485e-13	1.016953e-13	5.784994e-14	2.986168e-14	1.445039e-14	6.556033e-15	2.596006e-15	9.061613e-16	3.004046e-16	8.087438e-17	1.556983e-17	4.021502e-18	2.461977e-18	2.572780e-18	2.279710e-18	2.365314e-18	2.314404e-18	1.504665e-18	6.749632e-19	2.165594e-19	5.195701e-20	9.817425e-21	1.567137e-21	2.333799e-22	3.662950e-23	6.621206e-24	1.368064e-24	3.012993e-25	6.659533e-26	1.437200e-26	3.022040e-27	6.267071e-28	1.378009e-28	4.164891e-29	
M38	6.254229e-06	7.517317e-06	8.632533e-06	9.541681e-06	1.052326e-05	1.197404e-05	1.364188e-05	1.026149e-05	1.329845e-05	1.368632e-04	6.040068e-06	3.421051e-07	8.038242e-08	4.104602e-08	2.509290e-08	1.533251e-08	8.970620e-09	4.950896e-09	2.519097e-09	1.166822e-09	5.069569e-10	2.091247e-10	7.950141e-11	2.799457e-11	9.515095e-12	2.753197e-12	6.351686e-13	1.894616e-13	8.561271e-14	5.129993e-14	2.529573e-14	1.522752e-14	8.662392e-15	3.192782e-15	7.984998e-16	1.397680e-16	1.777930e-17	1.726747e-18	1.382966e-19	1.031845e-20	8.487556e-22	9.003705e-23	1.290934e-23	2.319525e-24	4.661205e-25	9.673106e-26	2.005898e-26	4.148090e-27	9.155389e-28	2.789707e-28	
M39	1.360267e+04	1.589087e+04	1.841239e+04	2.075471e+04	2.261391e+04	2.465492e+04	3.718285e+04	5.560076e+04	1.062111e+05	2.373501e+05	1.572746e+05	9.653875e+04	8.000564e+04	6.847297e+04	5.769296e+04	4.698256e+04	3.510178e+04	2.352525e+04	1.431124e+04	7.995088e+03	4.257585e+03	2.190109e+03	1.048436e+03	4.713221e+02	2.089774e+02	8.790490e+01	3.353560e+01	9.852236e+00	2.488895e+00	6.230573e-01	1.616187e-01	4.342730e-02	1.102415e-02	2.590969e-03	5.928401e-04	1.313093e-04	2.807966e-05	5.855888e-06	1.231926e-06	2.797458e-07	7.539666e-08	2.575944e-08	1.086031e-08	5.182534e-09	2.597751e-09	1.313726e-09	6.609404e-10	3.306154e-10	1.722762e-10	1.039337e-10	
M40	2.161966e-30	4.261224e-31	1.615153e-31	5.484524e-30	7.260665e-29	2.380729e-28	1.589855e-27	3.802610e-26	7.931462e-25	5.259193e-24	1.345543e-23	6.756614e-24	1.300469e-24	3.957703e-25	1.127934e-25	2.373149e-26	4.294085e-27	8.138718e-28	1.557064e-28	2.953918e-29	5.245499e-30	8.543095e-31	1.300889e-31	1.967994e-32	2.944219e-33	3.729144e-34	4.045576e-35	7.329960e-36	2.717022e-36	1.667260e-36	8.912030e-37	5.058013e-37	3.014001e-37	1.437851e-37	4.615924e-38	1.043889e-38	1.758306e-39	2.327605e-40	2.555585e-41	2.472778e-42	2.276152e-43	2.184604e-44	2.353048e-45	2.873905e-46	3.826059e-47	5.334995e-48	7.640616e-49	1.121228e-49	1.724438e-50	3.263158e-51	
M41	7.582782e-15	1.751448e-13	2.562398e-12	4.203403e-11	3.156793e-10	1.204700e-09	5.800971e-09	2.550179e-08	2.252418e-07	2.693470e-05	4.053582e-06	7.162152e-07	2.639692e-07	1.406958e-07	7.556731e-08	3.633725e-08	1.445260e-08	4.700757e-09	1.283763e-09	3.031122e-10	6.868652e-11	1.521718e-11	3.003304e-12	5.299851e-13	9.275270e-14	1.477294e-14	1.827747e-15	1.343279e-16	7.143311e-18	3.536681e-19	1.812344e-20	9.847035e-22	4.814791e-23	1.978122e-24	7.431991e-26	2.545179e-27	7.918332e-29	2.283410e-30	6.517434e-32	2.102925e-33	9.348412e-35	6.775980e-36	7.988758e-37	1.321604e-37	2.612382e-38	5.410953e-39	9.954902e-40	7.698991e-41	1.676371e-42	4.438311e-44	
M42	5.706840e-04	7.206707e-04	8.721307e-04	9.852154e-04	1.036109e-03	1.060312e-03	1.354224e-03	1.988310e-03	3.342576e-03	2.055754e-03	9.965864e-04	6.696334e-04	5.513272e-04	4.407065e-04	3.407994e-04	2.482807e-04	1.615110e-04	9.141921e-05	4.605052e-05	2.097933e-05	9.076413e-06	3.786323e-06	1.473963e-06	5.368861e-07	1.929801e-07	6.609529e-08	1.974511e-08	4.286024e-09	7.544105e-10	1.266239e-10	2.157503e-11	3.769867e-12	6.125622e-13	8.963934e-14	1.244705e-14	1.625934e-15	1.989614e-16	2.306440e-17	2.632627e-18	3.194998e-19	4.598892e-20	8.554298e-21	2.047339e-21	5.874309e-22	1.863116e-22	5.984433e-23	1.664276e-23	1.612527e-24	7.160976e-28	2.219502e-29	
M43	9.003305e-12	5.237691e-11	1.208998e-10	8.193854e-09	6.118063e-08	1.860107e-07	7.507392e-07	3.600047e-06	1.917947e-05	2.407110e-03	8.899584e-04	2.452514e-04	8.907526e-05	4.477046e-05	2.207551e-05	9.743835e-06	3.759849e-06	1.293664e-06	3.950705e-07	1.083238e-07	2.832916e-08	7.179542e-09	1.655640e-09	3.531292e-10	7.541828e-11	1.525096e-11	2.722807e-12	3.711934e-13	4.324489e-14	4.881380e-15	5.652103e-16	6.796340e-17	7.535301e-18	7.412787e-19	6.914637e-20	6.064622e-21	4.980888e-22	3.874327e-23	2.966627e-24	2.414802e-25	2.330915e-26	2.907007e-27	4.664025e-28	8.969078e-29	1.906082e-29	4.101042e-30	7.636212e-31	4.950774e-32	1.471606e-35	2.993215e-37	
M44	1.234429e-01	2.887893e-01	6.239946e-01	1.171785e+00	1.883368e+00	2.707152e+00	2.977037e+00	1.929103e+00	2.165653e+00	2.353369e+00	1.862628e-01	3.395498e-02	2.189061e-02	2.140947e-02	2.384963e-02	2.642963e-02	2.693787e-02	2.421177e-02	1.948526e-02	1.409594e-02	9.490657e-03	6.020347e-03	3.525875e-03	1.888941e-03	9.627282e-04	4.232958e-04	1.408728e-04	2.677419e-05	3.688582e-06	4.867613e-07	6.608224e-08	9.141018e-09	1.155444e-09	1.305478e-10	1.393352e-11	1.393768e-12	1.305800e-13	1.174850e-14	1.090725e-15	1.200068e-16	1.895939e-17	4.914916e-18	1.985091e-18	1.053303e-18	6.338774e-19	4.000536e-19	2.580690e-19	1.706085e-19	1.281282e-19	1.372531e-19	
M45	1.663736e-51	2.831515e-51	0.000000e+00	0.000000e+00	0.000000e+00	0.000000e+00	0.000000e+00	0.000000e+00	0.000000e+00	0.000000e+00	0.000000e+00	0.000000e+00	2.898598e-60	0.000000e+00	0.000000e+00	0.000000e+00	0.000000e+00	0.000000e+00	0.000000e+00	0.000000e+00	7.947240e-62	5.169865e-62	0.000000e+00	1.255959e-62	2.538382e-62	8.259613e-61	2.240153e-60	2.205537e-60	1.228690e-60	9.285019e-61	6.022708e-61	5.057772e-61	4.557131e-61	9.767929e-61	1.160549e-60	1.184800e-60	7.436935e-61	5.666233e-61	4.648760e-61	4.098581e-61	3.884132e-61	3.950324e-61	4.279497e-61	4.839766e-61	5.477131e-61	5.761102e-61	5.083031e-61	3.411464e-61	1.228370e-61	3.701330e-62	
M46	2.252614e-28	2.964103e-25	0.000000e+00	0.000000e+00	0.000000e+00	0.000000e+00	0.000000e+00	0.000000e+00	0.000000e+00	0.000000e+00	0.000000e+00	0.000000e+00	3.982880e-22	0.000000e+00	0.000000e+00	0.000000e+00	0.000000e+00	0.000000e+00	0.000000e+00	0.000000e+00	7.474930e-23	4.755080e-23	0.000000e+00	1.394286e-23	1.547812e-23	7.578616e-23	1.297672e-22	1.616113e-22	1.451985e-22	1.324990e-22	1.010769e-22	8.253110e-23	6.429081e-23	7.096652e-23	5.455857e-23	3.597990e-23	1.706180e-23	8.129717e-24	3.662132e-24	1.561940e-24	6.337280e-25	2.455901e-25	9.090949e-26	3.186455e-26	1.030285e-26	2.888826e-27	6.034336e-28	4.365250e-29	1.003556e-31	3.869974e-34	
M47	1.017771e-22	1.309524e-22	0.000000e+00	0.000000e+00	0.000000e+00	0.000000e+00	0.000000e+00	0.000000e+00	0.000000e+00	0.000000e+00	0.000000e+00	0.000000e+00	5.527223e-24	0.000000e+00	0.000000e+00	0.000000e+00	0.000000e+00	0.000000e+00	0.000000e+00	0.000000e+00	1.713558e-25	8.786459e-26	0.000000e+00	1.503968e-26	1.204690e-26	3.598421e-26	2.773492e-26	9.862612e-27	2.253884e-27	5.868721e-28	1.433641e-28	3.996385e-29	1.077885e-29	4.118263e-30	1.105527e-30	2.568000e-31	4.338234e-32	7.549780e-33	1.318239e-33	2.470310e-34	5.469909e-35	1.529048e-35	5.237305e-36	1.994633e-36	7.628330e-37	2.644019e-37	7.038077e-38	6.700060e-39	2.212332e-41	1.511330e-43	
M48	5.739897e-22	7.127844e-22	0.000000e+00	0.000000e+00	0.000000e+00	0.000000e+00	0.000000e+00	0.000000e+00	0.000000e+00	0.000000e+00	0.000000e+00	0.000000e+00	8.398925e-28	0.000000e+00	0.000000e+00	0.000000e+00	0.000000e+00	0.000000e+00	0.000000e+00	0.000000e+00	1.246212e-28	8.716129e-29	0.000000e+00	3.772132e-29	4.573402e-29	2.607957e-28	3.962973e-28	3.581790e-28	2.149133e-28	1.237970e-28	5.378356e-29	2.272162e-29	8.756679e-30	5.114586e-30	1.996829e-30	6.714660e-31	1.531678e-31	3.561096e-32	7.626141e-33	1.521969e-33	2.854982e-34	5.068723e-35	8.533453e-36	1.352105e-36	1.966142e-37	2.469970e-38	2.268989e-39	0.000000e+00	0.000000e+00	0.000000e+00	
M49	5.390900e-31	8.190019e-28	0.000000e+00	0.000000e+00	0.000000e+00	0.000000e+00	0.000000e+00	0.000000e+00	0.000000e+00	0.000000e+00	0.000000e+00	0.000000e+00	6.794397e-25	0.000000e+00	0.000000e+00	0.000000e+00	0.000000e+00	0.000000e+00	0.000000e+00	0.000000e+00	7.172706e-26	3.860155e-26	0.000000e+00	8.719526e-27	7.652786e-27	3.674722e-26	5.866754e-26	7.590822e-26	7.384273e-26	6.888766e-26	4.843063e-26	3.396842e-26	2.122473e-26	1.909566e-26	1.120173e-26	5.501188e-27	1.782801e-27	5.736759e-28	1.657300e-28	4.349995e-29	1.047371e-29	2.334101e-30	4.835824e-31	9.267349e-32	1.605525e-32	2.372140e-33	2.535328e-34	0.000000e+00	0.000000e+00	0.000000e+00	
M50	1.928669e-24	2.874203e-24	0.000000e+00	0.000000e+00	0.000000e+00	0.000000e+00	0.000000e+00	0.000000e+00	0.000000e+00	0.000000e+00	0.000000e+00	0.000000e+00	4.714599e-25	0.000000e+00	0.000000e+00	0.000000e+00	0.000000e+00	0.000000e+00	0.000000e+00	0.000000e+00	3.924698e-26	1.763471e-26	0.000000e+00	2.019619e-27	1.152681e-27	3.189438e-27	2.239589e-27	8.077740e-28	1.934164e-28	5.014185e-29	1.141366e-29	2.949786e-30	6.763595e-31	2.111795e-31	4.335285e-32	7.513544e-33	8.688703e-34	1.022596e-34	1.146501e-35	1.323596e-36	1.740874e-37	2.800792e-38	5.373295e-39	1.119610e-39	2.295615e-40	4.194892e-41	5.716102e-42	0.000000e+00	0.000000e+00	0.000000e+00	
M51	8.496717e-21	9.551989e-21	0.000000e+00	0.000000e+00	0.000000e+00	0.000000e+00	0.000000e+00	0.000000e+00	0.000000e+00	0.000000e+00	0.000000e+00	0.000000e+00	6.951383e-26	0.000000e+00	0.000000e+00	0.000000e+00	0.000000e+00	0.000000e+00	0.000000e+00	0.000000e+00	3.650259e-26	2.983033e-26	0.000000e+00	1.448549e-26	2.049488e-26	1.141766e-25	1.827648e-25	1.563089e-25	8.477499e-26	4.697539e-26	2.229598e-26	1.150144e-26	5.735209e-27	4.118182e-27	2.111018e-27	9.548400e-28	3.191996e-28	1.100477e-28	3.679542e-29	1.194709e-29	3.780693e-30	1.168437e-30	3.518008e-31	1.020434e-31	2.771661e-32	6.612962e-33	1.188139e-33	7.458045e-35	1.500325e-37	5.110394e-40	
M52	2.613650e-63	5.397016e-64	0.000000e+00	0.000000e+00	0.000000e+00	0.000000e+00	0.000000e+00	0.000000e+00	0.000000e+00	0.000000e+00	0.000000e+00	0.000000e+00	1.977197e-87	0.000000e+00	0.000000e+00	0.000000e+00	0.000000e+00	0.000000e+00	0.000000e+00	0.000000e+00	0.000000e+00	0.000000e+00	0.000000e+00	0.000000e+00	0.000000e+00	1.399226e-94	9.024726e-95	1.719223e-95	1.927733e-96	5.571134e-97	2.134167e-97	1.015987e-97	5.242754e-98	1.184811e-97	8.093237e-98	3.907497e-98	1.620977e-99	5.051325e-100	2.407880e-100	1.486205e-100	1.150289e-100	1.059487e-100	1.105084e-100	1.233728e-100	1.346771e-100	1.225605e-100	6.926091e-101	6.898061e-102	1.419369e-102	2.678571e-103	
M53	4.229855e-66	0.000000e+00	0.000000e+00	0.000000e+00	0.000000e+00	0.000000e+00	0.000000e+00	0.000000e+00	0.000000e+00	0.000000e+00	0.000000e+00	0.000000e+00	1.492470e-97	0.000000e+00	0.000000e+00	0.000000e+00	0.000000e+00	0.000000e+00	0.000000e+00	0.000000e+00	0.000000e+00	0.000000e+00	0.000000e+00	0.000000e+00	0.000000e+00	3.476052e-130	8.343685e-131	1.258291e-131	1.047144e-132	2.659260e-133	1.122481e-133	4.267383e-134	1.575454e-134	4.391396e-134	1.840861e-134	4.341824e-135	1.234067e-137	1.281553e-138	3.402567e-139	1.354692e-139	7.615045e-140	5.475787e-140	4.613373e-140	4.163986e-140	3.513495e-140	2.172476e-140	6.057541e-141	6.763678e-143	5.876880e-144	4.978558e-145	
M54	1.418829e-77	4.144388e-79	0.000000e+00	0.000000e+00	3.690468e-78	0.000000e+00	0.000000e+00	3.709674e-76	3.681065e-78	7.250888e-88	1.809059e-97	5.642279e-107	1.801307e-116	5.774856e-126	1.838479e-135	4.862647e-145	0.000000e+00	0.000000e+00	0.000000e+00	0.000000e+00	0.000000e+00	0.000000e+00	0.000000e+00	0.000000e+00	0.000000e+00	9.150300e-130	1.394883e-130	5.106761e-132	1.141753e-133	1.252284e-134	2.840027e-135	7.821555e-136	2.348080e-136	5.595923e-136	2.197952e-136	5.019151e-137	1.376148e-139	1.754042e-140	4.858123e-141	2.099269e-141	1.326997e-141	1.106909e-141	1.111613e-141	1.225102e-141	1.290010e-141	1.015675e-141	3.676323e-142	5.433424e-144	6.388842e-145	7.551081e-146	
M55	1.527155e-141	1.908911e-140	0.000000e+00	0.000000e+00	0.000000e+00	0.000000e+00	0.000000e+00	3.596286e-136	0.000000e+00	0.000000e+00	0.000000e+00	0.000000e+00	0.000000e+00	0.000000e+00	0.000000e+00	0.000000e+00	0.000000e+00	0.000000e+00	0.000000e+00	0.000000e+00	0.000000e+00	0.000000e+00	0.000000e+00	0.000000e+00	0.000000e+00	1.081266e-270	3.186708e-273	4.602432e-275	3.132219e-277	2.052163e-278	6.542969e-279	6.942274e-280	5.112117e-281	2.974199e-280	1.566631e-281	1.974967e-283	1.862196e-290	2.303859e-293	6.138126e-295	4.591870e-296	8.076193e-297	2.502620e-297	1.069867e-297	5.037495e-298	1.893471e-298	3.177321e-299	6.816767e-301	1.617692e-306	5.952006e-309	2.856502e-311	
M56	7.834767e-10	1.526486e-09	2.707269e-09	4.133774e-09	5.410492e-09	6.320516e-09	5.393274e-09	2.397045e-09	1.385311e-09	1.410648e-12	8.244793e-15	7.395513e-16	4.217928e-16	4.965369e-16	7.299755e-16	1.092545e-15	1.591442e-15	2.228713e-15	3.011955e-15	3.899075e-15	4.630232e-15	5.001739e-15	5.270211e-15	5.509740e-15	5.644963e-15	5.293327e-15	1.023196e-14	1.908278e-12	1.902161e-11	1.005370e-10	2.537219e-10	5.895164e-10	1.198880e-09	1.625462e-09	1.510104e-09	1.014501e-09	5.173387e-10	2.085806e-10	6.898973e-11	1.936251e-11	4.748997e-12	1.043264e-12	2.094700e-13	3.909007e-14	6.876098e-15	1.153740e-15	1.865844e-16	3.018473e-17	6.166179e-17	2.042749e-17	
M57	1.785122e+04	1.823412e+04	1.754266e+04	1.550161e+04	1.263045e+04	9.688592e+03	6.174477e+03	2.674392e+03	1.199945e+03	8.970557e-01	4.289807e-03	2.180673e-04	9.142324e-05	9.034299e-05	1.158038e-04	1.549605e-04	2.007914e-04	2.353756e-04	2.472134e-04	2.280213e-04	1.811133e-04	1.240384e-04	7.492199e-05	4.122976e-05	2.172624e-05	1.037105e-05	4.456712e-06	1.709079e-06	6.471717e-07	2.468626e-07	1.029159e-07	6.628900e-08	7.997801e-08	9.473272e-08	8.418440e-08	5.543243e-08	2.795617e-08	1.119381e-08	3.685204e-09	1.030848e-09	2.522180e-10	5.530768e-11	1.109014e-11	2.067568e-12	3.634288e-13	6.094277e-14	9.846475e-15	1.547354e-15	2.418697e-16	4.352577e-17	
M58	1.671262e-01	1.599224e-01	1.390800e-01	1.088982e-01	7.815551e-02	5.199070e-02	2.263652e-02	5.286289e-03	1.443190e-03	5.007811e-05	5.700313e-07	1.557955e-08	2.188768e-09	8.314323e-10	3.995665e-10	1.902106e-10	9.167178e-11	4.738311e-11	2.577994e-11	1.466302e-11	8.259051e-12	4.557042e-12	2.653636e-12	1.648539e-12	1.027392e-12	5.464849e-13	2.491471e-13	1.072519e-13	4.889648e-14	2.083358e-14	7.467138e-15	2.115027e-15	5.901103e-16	1.795700e-16	5.165954e-17	1.381915e-17	3.376279e-18	7.451369e-19	1.485976e-19	2.706443e-20	4.580433e-21	7.346072e-22	1.136047e-22	1.713114e-23	2.529827e-24	3.665315e-25	5.234832e-26	7.438788e-27	1.118032e-27	2.273384e-28	
M73	5.864604e-11	1.430874e-10	2.719313e-10	4.565546e-10	6.814226e-10	9.563542e-10	1.058293e-09	6.977463e-10	7.459859e-10	2.272659e-12	1.046560e-13	8.659368e-14	1.105071e-13	1.468507e-13	2.182723e-13	3.329206e-13	4.945742e-13	6.922999e-13	9.477617e-13	1.260427e-12	1.564054e-12	1.776662e-12	1.907020e-12	1.855742e-12	1.548873e-12	1.220688e-12	3.771359e-11	3.242530e-09	1.073628e-08	2.753585e-08	4.410290e-08	7.653026e-08	1.258787e-07	1.430183e-07	1.144019e-07	6.757585e-08	3.094337e-08	1.144609e-08	3.541654e-09	9.444506e-10	2.226622e-10	4.742129e-11	9.291024e-12	1.700682e-12	2.946795e-13	4.887051e-14	7.830087e-15	1.224182e-15	2.776419e-16	6.406524e-17	
M85	2.155296e-34	4.902288e-35	2.221461e-35	2.401399e-34	1.829243e-33	4.125536e-33	2.966015e-32	5.295108e-30	1.671784e-27	3.000720e-26	2.095220e-23	6.212157e-22	7.236436e-22	5.444699e-22	2.571270e-22	6.683899e-23	1.134455e-23	1.601451e-24	1.923635e-25	2.026330e-26	1.965945e-27	1.775421e-28	1.380388e-29	9.914665e-31	7.369585e-32	5.675991e-33	4.470287e-34	3.372221e-35	3.062874e-36	4.055191e-37	7.041051e-38	1.218657e-38	2.180201e-39	4.195707e-40	7.435565e-41	1.238815e-41	2.007259e-42	3.264757e-43	5.453511e-44	9.475000e-45	1.719099e-45	3.251894e-46	6.386687e-47	1.296289e-47	2.707272e-48	5.794580e-49	1.266331e-49	2.816714e-50	6.380921e-51	1.479497e-51	
M86	1.999626e-17	6.321746e-18	2.864715e-18	6.573579e-18	1.338134e-17	1.580621e-17	4.441263e-17	5.764258e-16	1.140808e-14	4.163549e-15	3.362570e-15	2.245698e-15	1.161243e-15	8.946663e-16	6.722993e-16	4.018986e-16	1.992887e-16	8.747007e-17	3.355554e-17	1.106159e-17	3.074809e-18	7.121695e-19	1.322453e-19	2.062355e-20	2.938350e-21	3.736638e-22	4.290242e-23	4.735610e-24	6.523645e-25	1.219889e-25	3.078213e-26	1.267186e-26	1.026548e-26	8.561351e-27	5.183923e-27	2.277874e-27	7.671976e-28	2.092285e-28	4.837694e-29	9.834008e-30	1.806983e-30	3.065339e-31	4.880933e-32	7.395873e-33	1.079116e-33	1.531859e-34	2.135499e-35	2.953701e-36	4.164137e-37	6.995156e-38	
M88	7.174906e+02	7.450713e+02	6.417083e+02	4.579748e+02	2.674045e+02	1.303806e+02	4.399718e+01	8.954932e+00	1.032310e+00	4.755947e-04	4.098293e-06	1.170685e-07	2.438611e-08	1.302667e-08	8.825979e-09	5.983039e-09	3.999610e-09	2.688047e-09	1.833835e-09	1.283963e-09	8.575116e-10	5.499167e-10	3.866729e-10	2.978516e-10	2.232414e-10	1.478335e-10	9.042194e-11	4.996751e-11	2.377717e-11	1.007524e-11	4.223917e-12	2.402209e-12	2.573336e-12	3.004304e-12	2.673677e-12	1.766088e-12	8.922256e-13	3.570854e-13	1.172150e-13	3.260365e-14	7.907830e-15	1.712693e-15	3.376450e-16	6.152741e-17	1.049048e-17	1.689293e-18	2.586602e-19	3.785361e-20	5.384029e-21	8.521291e-22	
M89	1.987323e+04	2.674823e+04	3.584153e+04	4.687997e+04	5.943073e+04	7.550822e+04	1.331949e+05	2.329907e+05	5.137184e+05	1.285292e+06	9.130311e+05	6.077101e+05	6.020998e+05	6.705259e+05	7.572924e+05	8.349787e+05	8.661053e+05	8.376236e+05	7.601930e+05	6.524087e+05	5.365436e+05	4.263531e+05	3.230978e+05	2.345169e+05	1.658011e+05	1.078899e+05	6.239277e+04	2.771647e+04	1.060156e+04	3.996087e+03	1.531571e+03	5.908949e+02	2.177574e+02	7.627043e+01	2.601058e+01	8.587605e+00	2.737618e+00	8.511669e-01	2.669805e-01	9.039832e-02	3.633091e-02	1.851020e-02	1.163828e-02	8.282835e-03	6.192151e-03	4.670594e-03	3.504826e-03	2.615031e-03	2.032549e-03	1.829129e-03	
M90	1.418959e-16	1.035749e-12	6.045027e-12	3.523085e-08	2.026583e-06	1.860354e-05	1.756766e-04	2.018243e-03	1.124308e-02	9.565114e-02	1.899424e-01	3.106953e-01	3.351247e-01	2.981951e-01	2.375903e-01	1.708009e-01	1.092450e-01	6.315109e-02	3.362691e-02	1.684107e-02	8.210110e-03	3.949597e-03	1.850043e-03	8.574036e-04	4.081853e-04	2.101265e-04	1.264022e-04	9.133890e-05	6.347794e-05	3.787204e-05	2.018779e-05	1.011547e-05	4.668613e-06	1.975422e-06	7.858516e-07	2.914599e-07	1.001022e-07	3.176492e-08	9.351057e-09	2.581991e-09	6.807056e-10	1.754439e-10	4.535182e-11	1.196708e-11	3.205959e-12	8.320691e-13	1.813031e-13	1.332049e-14	4.111351e-18	7.040287e-20	
P1	4.888710e-11	2.646215e-09	2.005465e-08	3.320716e-06	5.949644e-05	3.736440e-04	2.144026e-03	1.082360e-02	7.737402e-01	6.405110e+02	3.156583e+03	5.653283e+03	7.087693e+03	7.642462e+03	7.674264e+03	7.486748e+03	7.058889e+03	6.492085e+03	5.889627e+03	5.393070e+03	5.106593e+03	5.144194e+03	5.630602e+03	6.849051e+03	8.863385e+03	1.131828e+04	1.406428e+04	1.659244e+04	1.842731e+04	1.929990e+04	1.920281e+04	1.824508e+04	1.639668e+04	1.400443e+04	1.157724e+04	9.348441e+03	7.378965e+03	5.639211e+03	4.114634e+03	2.834802e+03	1.834999e+03	1.116170e+03	6.393072e+02	3.448644e+02	1.739791e+02	7.984031e+01	3.005522e+01	4.462875e+00	4.609914e-03	1.423392e-04
P2	0.000000e+00	0.000000e+00	0.000000e+00	0.000000e+00	0.000000e+00	0.000000e+00	0.000000e+00	0.000000e+00	0.000000e+00	0.000000e+00	0.000000e+00	0.000000e+00	0.000000e+00	8.869041e-254	5.097645e-169	3.403827e-111	2.869419e-72	1.833098e-46	1.473658e-29	1.416132e-18	1.926633e-11	8.689604e-07	8.982716e-04	1.219133e-01	3.054909e+00	3.044534e+01	1.620025e+02	5.501052e+02	1.381151e+03	2.826488e+03	4.987855e+03	7.821017e+03	1.092205e+04	1.368619e+04	1.560613e+04	1.623915e+04	1.544979e+04	1.349280e+04	1.089007e+04	8.189825e+03	5.783564e+03	3.856268e+03	2.430980e+03	1.442559e+03	7.956150e+02	3.949157e+02	1.587275e+02	2.483572e+01	2.670770e-02	8.495566e-04
P3	1.562977e-15	1.307508e-11	2.884323e-10	2.171067e-06	2.571044e-04	4.464891e-03	7.330782e-02	1.042670e+00	1.181018e+02	1.336359e+04	8.302727e+04	3.097601e+05	6.725421e+05	8.259603e+05	8.793017e+05	8.942356e+05	8.228253e+05	6.598063e+05	4.795786e+05	3.238179e+05	2.097999e+05	1.325269e+05	8.065761e+04	4.766990e+04	2.823032e+04	1.824816e+04	1.415215e+04	1.344064e+04	1.279955e+04	1.113169e+04	9.063609e+03	7.125212e+03	5.126354e+03	3.323044e+03	1.999423e+03	1.105347e+03	5.569893e+02	2.546365e+02	1.055617e+02	3.980939e+01	1.372938e+01	4.354312e+00	1.275600e+00	3.458122e-01	8.635569e-02	1.937918e-02	3.533193e-03	2.523450e-04	2.017810e-07	1.820194e-09
P4	6.945373e-15	6.082136e-11	1.401301e-09	1.099758e-05	1.354526e-03	2.437426e-02	4.127656e-01	6.025438e+00	6.971936e+02	8.026253e+04	5.056501e+05	1.907440e+06	4.176151e+06	5.159998e+06	5.517258e+06	5.628470e+06	5.190452e+06	4.168476e+06	3.032932e+06	2.049214e+06	1.328213e+06	8.392116e+05	5.108255e+05	3.019272e+05	1.788079e+05	1.155826e+05	8.963797e+04	8.513002e+04	8.106801e+04	7.050293e+04	5.740344e+04	4.512577e+04	3.246565e+04	2.104437e+04	1.266129e+04	6.998812e+03	3.526117e+03	1.611626e+03	6.679097e+02	2.517950e+02	8.680717e+01	2.752126e+01	8.059626e+00	2.184259e+00	5.452969e-01	1.223411e-01	2.230059e-02	1.592473e-03	1.273213e-06	1.148404e-08
P5	1.462510e-05	7.975256e-05	3.300852e-04	3.155265e-02	3.844058e-01	1.882918e+00	8.799365e+00	3.498658e+01	2.013293e+03	1.379377e+05	9.988626e+04	4.186238e+04	2.012474e+04	1.381129e+04	9.857152e+03	6.847984e+03	4.666346e+03	3.219393e+03	2.199053e+03	1.483041e+03	9.937612e+02	6.630941e+02	4.292676e+02	2.732450e+02	1.748020e+02	1.024340e+02	5.160792e+01	1.945878e+01	6.463232e+00	2.164820e+00	7.514690e-01	2.684492e-01	9.409233e-02	3.191905e-02	1.077418e-02	3.606946e-03	1.189475e-03	3.841463e-04	1.211316e-04	3.725022e-05	1.115987e-05	3.251383e-06	9.187384e-07	2.507335e-07	6.546483e-08	1.588947e-08	3.230756e-09	2.643051e-10	1.535406e-13	2.712140e-15
P6	1.227101e+06	1.410216e+06	1.545570e+06	1.548076e+06	1.374196e+06	1.111260e+06	8.093619e+05	5.127700e+05	2.631775e+05	9.013568e+04	1.678572e+04	2.477318e+03	6.982995e+02	4.048045e+02	3.062461e+02	2.357996e+02	2.026135e+02	2.291748e+02	2.644607e+02	2.892374e+02	3.028491e+02	3.050188e+02	2.942113e+02	2.728494e+02	2.453630e+02	2.131040e+02	1.719294e+02	1.270005e+02	8.592997e+01	5.376963e+01	3.150886e+01	1.747753e+01	9.150588e+00	4.504997e+00	2.108189e+00	9.388659e-01	3.969469e-01	1.585503e-01	5.955822e-02	2.100089e-02	6.960183e-03	2.176426e-03	6.455255e-04	1.827021e-04	4.965263e-05	1.303731e-05	3.327286e-06	8.309228e-07	2.067775e-07	5.911051e-08
P7	3.618876e-02	7.912131e-02	1.593715e-01	2.997828e-01	5.268919e-01	8.915177e-01	1.477213e+00	2.411741e+00	6.980869e+02	3.877004e+05	1.997314e+05	3.568543e+04	8.104448e+03	3.653603e+03	1.817419e+03	8.788388e+02	4.121943e+02	1.963258e+02	9.078104e+01	4.043259e+01	1.781528e+01	7.806233e+00	3.176311e+00	1.230157e+00	4.815990e-01	1.634917e-01	4.196991e-02	6.384985e-03	7.390190e-04	8.217383e-05	9.663788e-06	1.229548e-06	1.535759e-07	1.780810e-08	2.021176e-09	2.257303e-10	2.460110e-11	2.590395e-12	2.618531e-13	2.533489e-14	2.343582e-15	2.084059e-16	1.877882e-17	2.331119e-18	7.113282e-19	3.974898e-19	2.541235e-19	1.690157e-19	1.282781e-19	1.342115e-19
P8	2.835871e-08	1.180252e-07	2.012635e-07	1.067741e-05	6.661156e-05	1.769296e-04	7.064010e-04	4.318252e-03	2.188406e-02	2.581761e+00	3.207794e+00	1.948647e+00	8.703679e-01	4.577276e-01	2.256263e-01	1.009222e-01	4.207965e-02	1.724985e-02	6.860429e-03	2.667686e-03	1.038337e-03	4.059982e-04	1.542011e-04	5.790636e-05	2.220358e-05	8.487044e-06	3.241563e-06	1.249980e-06	4.849706e-07	1.855858e-07	7.070710e-08	2.702181e-08	1.004818e-08	3.586644e-09	1.249243e-09	4.226743e-10	1.383946e-10	4.379904e-11	1.343448e-11	4.024305e-12	1.193047e-12	3.567731e-13	1.099667e-13	3.544617e-14	1.185668e-14	3.921040e-15	1.110020e-15	1.080833e-16	4.527200e-20	1.086476e-21
P9	4.754399e-16	2.916597e-14	1.969593e-13	3.554639e-10	1.598980e-08	1.230410e-07	1.291118e-06	1.772354e-05	1.072693e-04	3.374928e-03	3.764054e-03	2.762707e-03	1.951322e-03	1.218854e-03	6.751648e-04	3.333171e-04	1.433313e-04	5.439317e-05	1.862720e-05	5.896667e-06	1.806030e-06	5.432439e-07	1.558875e-07	4.341498e-08	1.233580e-08	3.693078e-09	1.192110e-09	4.014644e-10	1.244225e-10	3.511894e-11	9.575608e-12	2.615996e-12	6.808518e-13	1.655520e-13	3.907900e-14	8.925871e-15	1.966721e-15	4.177220e-16	8.577250e-17	1.715621e-17	3.386862e-18	6.722854e-19	1.370070e-19	2.905387e-20	6.352168e-21	1.361271e-21	2.468752e-22	1.516410e-23	3.990174e-27	5.630689e-29
P10	3.865554e-15	2.366991e-13	1.594939e-12	2.862541e-09	1.277438e-07	9.749823e-07	1.014615e-05	1.380360e-04	8.264152e-04	2.563334e-02	2.809744e-02	2.030369e-02	1.425263e-02	8.906096e-03	4.934727e-03	2.436643e-03	1.047925e-03	3.977132e-04	1.362063e-04	4.311932e-05	1.320689e-05	3.972619e-06	1.139981e-06	3.174889e-07	9.021071e-08	2.700726e-08	8.717841e-09	2.935893e-09	9.098973e-10	2.568238e-10	7.002616e-11	1.913071e-11	4.979053e-12	1.210678e-12	2.857838e-13	6.527469e-14	1.438259e-14	3.054791e-15	6.272524e-16	1.254630e-16	2.476805e-17	4.916409e-18	1.001929e-18	2.124703e-19	4.645327e-20	9.954945e-21	1.805393e-21	1.108947e-22	2.918005e-26	4.117711e-28
P11	4.170428e-04	5.340281e-04	5.838473e-04	6.016508e-04	6.047132e-04	6.370439e-04	1.188072e-03	3.802694e-03	1.134667e-02	3.022820e-02	6.290357e-02	9.882682e-02	1.172489e-01	1.070663e-01	8.417147e-02	6.073497e-02	4.030459e-02	2.448888e-02	1.390924e-02	7.511145e-03	3.963638e-03	2.066612e-03	1.078342e-03	5.650969e-04	3.022224e-04	1.674997e-04	9.274340e-05	5.121188e-05	2.818964e-05	1.549030e-05	8.529848e-06	4.725015e-06	2.613038e-06	1.440073e-06	8.006465e-07	4.502596e-07	2.560630e-07	1.468405e-07	8.456782e-08	4.873249e-08	2.802674e-08	1.606172e-08	9.157341e-09	5.173992e-09	2.868776e-09	1.524029e-09	7.267853e-10	2.395638e-10	1.783968e-12	9.822456e-14
P12	9.402613e-35	2.444900e-32	4.913414e-30	1.606422e-25	1.122786e-22	6.494668e-21	7.821383e-19	1.647094e-16	1.974642e-14	3.151246e-11	3.766093e-11	1.435177e-11	4.008394e-12	1.188721e-12	2.891190e-13	5.625196e-14	8.712048e-15	1.137040e-15	1.266622e-16	1.244573e-17	1.163067e-18	1.046082e-19	8.335692e-21	6.056436e-22	4.476228e-23	3.506680e-24	2.934616e-25	2.573408e-26	2.093563e-27	1.536877e-28	1.097059e-29	8.066754e-31	5.484706e-32	3.262843e-33	1.824101e-34	9.581526e-36	4.702018e-37	2.151125e-38	9.217221e-40	3.749041e-41	1.482547e-42	5.902709e-44	2.466176e-45	1.115420e-46	5.411214e-48	2.580459e-49	9.369135e-51	9.364473e-53	6.298289e-55	4.264435e-57
P13	7.914738e-35	2.349438e-32	5.104390e-30	1.788873e-25	1.343769e-22	8.389562e-21	1.100862e-18	2.555189e-16	3.424170e-14	6.225610e-11	8.638611e-11	3.794676e-11	1.147346e-11	3.498537e-12	8.684620e-13	1.714465e-13	2.682304e-14	3.524954e-15	3.944718e-16	3.887726e-17	3.640245e-18	3.278267e-19	2.614442e-20	1.900580e-21	1.405179e-22	1.101067e-23	9.215827e-25	8.082309e-26	6.575702e-27	4.827420e-28	3.446031e-29	2.533945e-30	1.722892e-31	1.024956e-32	5.730079e-34	3.009874e-35	1.477064e-36	6.757428e-38	2.895452e-39	1.177706e-40	4.657207e-42	1.854251e-43	7.747139e-45	3.503932e-46	1.699856e-47	8.106145e-49	2.943181e-50	2.941716e-52	1.978518e-54	1.339612e-56
P14	5.643493e-04	7.131165e-04	8.616232e-04	9.728195e-04	1.023774e-03	1.049112e-03	1.344256e-03	1.979376e-03	3.329460e-03	2.057743e-03	1.000600e-03	6.714433e-04	5.523295e-04	4.415175e-04	3.414400e-04	2.487032e-04	1.617294e-04	9.150955e-05	4.607961e-05	2.098681e-05	9.078005e-06	3.786547e-06	1.474165e-06	5.370829e-07	1.930810e-07	6.616902e-08	1.978032e-08	4.303283e-09	7.589330e-10	1.274540e-10	2.171431e-11	3.793315e-12	6.168312e-13	9.036293e-14	1.255554e-14	1.641389e-15	2.010335e-16	2.332339e-17	2.662900e-18	3.228983e-19	4.637711e-20	8.603672e-21	2.055029e-21	5.889575e-22	1.866874e-22	5.995393e-23	1.667948e-23	1.634762e-24	3.582893e-27	2.843768e-29
P15	4.174563e-12	7.158126e-11	7.594011e-10	9.295496e-09	5.421104e-08	1.651805e-07	7.103800e-07	3.543140e-06	2.571086e-05	2.355494e-03	8.826591e-04	2.439372e-04	8.803582e-05	4.374384e-05	2.126422e-05	9.198469e-06	3.462738e-06	1.159281e-06	3.448937e-07	9.238653e-08	2.366973e-08	5.892860e-09	1.347556e-09	2.863996e-10	6.083807e-11	1.240221e-11	2.227883e-12	3.135415e-13	3.748972e-14	4.252655e-15	4.879166e-16	5.789197e-17	6.476316e-18	6.506886e-19	6.148468e-20	5.468860e-21	4.565742e-22	3.605332e-23	2.773984e-24	2.216235e-25	2.035575e-26	2.379473e-27	3.624005e-28	6.755776e-29	1.412670e-29	3.021818e-30	5.677400e-31	4.428072e-32	9.120226e-34	1.911958e-35
P16	2.974744e-31	2.706105e-24	5.996798e-18	2.643839e-16	3.041518e-12	4.388938e-11	4.498607e-10	3.902485e-09	4.258736e-08	5.405722e-06	2.835127e-06	1.177743e-06	6.733093e-07	5.494344e-07	4.443048e-07	3.083629e-07	1.732903e-07	7.996953e-08	3.058006e-08	9.951224e-09	2.964129e-09	8.298814e-10	2.081021e-10	4.757741e-11	1.071722e-11	2.292369e-12	4.285710e-13	6.235992e-14	7.666735e-15	8.901488e-16	1.041507e-16	1.256677e-17	1.426493e-18	1.451801e-19	1.388019e-20	1.248522e-21	1.054066e-22	8.418411e-24	6.551717e-25	5.293866e-26	4.915724e-27	5.806168e-28	8.929481e-29	1.679676e-29	3.541162e-30	7.629998e-31	1.442506e-31	1.130948e-32	2.339133e-34	4.919882e-36
P17	2.135706e-31	1.942837e-24	4.305377e-18	1.898134e-16	2.183645e-12	3.151020e-11	3.229758e-10	2.801777e-09	3.057547e-08	3.881024e-06	2.035472e-06	8.455576e-07	4.834008e-07	3.944652e-07	3.189878e-07	2.213886e-07	1.244135e-07	5.741400e-08	2.195490e-08	7.144466e-09	2.128092e-09	5.958122e-10	1.494066e-10	3.415814e-11	7.694413e-12	1.645803e-12	3.076920e-13	4.477122e-14	5.504322e-15	6.390811e-16	7.477487e-17	9.022293e-18	1.024149e-18	1.042319e-19	9.965263e-21	8.963748e-22	7.567650e-23	6.043987e-24	4.703796e-25	3.800724e-26	3.529237e-27	4.168530e-28	6.410909e-29	1.205921e-29	2.542372e-30	5.477947e-31	1.035645e-31	8.119623e-33	1.679377e-34	3.532222e-36
P18	8.618503e-23	3.921071e-21	7.424780e-20	7.814591e-16	1.610575e-13	6.313889e-12	3.610664e-10	2.996582e-08	3.799301e-05	8.268358e-02	7.104117e-02	1.702484e-02	3.155212e-03	9.089919e-04	2.493019e-04	5.988049e-05	1.279292e-05	2.597665e-06	4.857913e-07	8.434953e-08	1.441390e-08	2.455501e-09	3.824467e-10	5.633164e-11	8.602304e-12	1.249793e-12	1.596238e-13	1.558304e-14	1.335651e-15	1.135526e-16	1.015277e-17	9.711838e-19	8.819751e-20	7.221528e-21	5.715052e-22	4.358112e-23	3.170636e-24	2.185087e-25	1.425392e-26	8.852424e-28	5.295212e-29	3.101628e-30	1.812321e-31	1.068193e-32	6.259962e-34	3.398830e-35	1.368812e-36	1.423416e-38	8.300568e-41	4.868582e-43
P19	2.154687e-23	9.803313e-22	1.857249e-20	1.956574e-16	4.036425e-14	1.583883e-12	9.065471e-11	7.530635e-09	9.558475e-06	2.082999e-02	1.792693e-02	4.305183e-03	7.999261e-04	2.311499e-04	6.361742e-05	1.533986e-05	3.290347e-06	6.706092e-07	1.258038e-07	2.189658e-08	3.748344e-09	6.393427e-10	9.966198e-11	1.468774e-11	2.243773e-12	3.260691e-13	4.165249e-14	4.066716e-15	3.485916e-16	2.963756e-17	2.649991e-18	2.534961e-19	2.302146e-20	1.884995e-21	1.491778e-22	1.137587e-23	8.276256e-25	5.703707e-26	3.720690e-27	2.310743e-28	1.382207e-29	8.096170e-31	4.730697e-32	2.788302e-33	1.634037e-34	8.871959e-36	3.573008e-37	3.715542e-39	2.166696e-41	1.270845e-43
P20	3.791653e+04	3.810073e+04	3.469651e+04	2.981319e+04	2.419222e+04	1.874612e+04	1.619465e+04	1.171795e+04	5.708619e+03	6.028007e+02	8.547454e+01	1.692206e+01	8.735053e+00	6.648337e+00	5.492910e+00	4.591522e+00	3.686138e+00	2.717358e+00	1.856334e+00	1.188546e+00	7.264422e-01	4.325594e-01	2.527744e-01	1.460267e-01	8.381480e-02	4.807041e-02	2.821631e-02	1.714050e-02	1.052697e-02	6.649446e-03	4.812261e-03	5.551896e-03	1.225240e-02	2.769738e-02	4.832538e-02	6.338790e-02	6.465153e-02	5.324245e-02	3.662273e-02	2.166956e-02	1.131092e-02	5.319910e-03	2.294829e-03	9.213442e-04	3.484965e-04	1.254238e-04	4.329599e-05	1.444376e-05	4.755294e-06	1.782267e-06
P21	3.467757e+04	3.464495e+04	3.125732e+04	2.649207e+04	2.115691e+04	1.614094e+04	1.374064e+04	9.804514e+03	4.710036e+03	4.899209e+02	6.836294e+01	1.334718e+01	6.843814e+00	5.200840e+00	4.292294e+00	3.585214e+00	2.876767e+00	2.119962e+00	1.447894e+00	9.268960e-01	5.664654e-01	3.372799e-01	1.970879e-01	1.138538e-01	6.534745e-02	3.747840e-02	2.199886e-02	1.336353e-02	8.207291e-03	5.184188e-03	3.751836e-03	4.328481e-03	9.552450e-03	2.159396e-02	3.767634e-02	4.941965e-02	5.040482e-02	4.150986e-02	2.855249e-02	1.689442e-02	8.818423e-03	4.147606e-03	1.789136e-03	7.183152e-04	2.717012e-04	9.778516e-05	3.375521e-05	1.126091e-05	3.707409e-06	1.389524e-06
P22	2.122342e+00	9.106889e-01	4.112839e-01	2.164536e-01	1.361673e-01	1.014496e-01	1.921473e-01	3.584616e-01	5.550399e-01	2.692392e-03	3.623012e-04	8.563020e-05	3.783939e-05	2.267680e-05	1.465802e-05	9.282207e-06	5.736675e-06	3.509360e-06	2.121413e-06	1.262328e-06	7.340797e-07	4.169115e-07	2.309350e-07	1.250914e-07	6.722316e-08	3.369230e-08	1.570440e-08	7.805968e-09	4.734545e-09	3.058953e-09	1.891992e-09	1.060522e-09	5.979236e-10	3.521757e-10	1.985294e-10	1.053888e-10	5.194293e-11	2.356890e-11	9.840422e-12	3.809232e-12	1.386272e-12	4.824796e-13	1.631787e-13	5.420439e-14	1.776578e-14	5.762064e-15	1.861658e-15	6.071698e-16	2.137456e-16	1.004716e-16
P23	2.160450e-01	9.457529e-02	4.334478e-02	2.317552e-02	1.485685e-02	1.130537e-02	2.188246e-02	4.167620e-02	6.574549e-02	3.241258e-04	4.421945e-05	1.057174e-05	4.715666e-06	2.847234e-06	1.851032e-06	1.177348e-06	7.300879e-07	4.477373e-07	2.711329e-07	1.615266e-07	9.400550e-08	5.341609e-08	2.959761e-08	1.603545e-08	8.618405e-09	4.319894e-09	2.013665e-09	1.000944e-09	6.071209e-10	3.922663e-10	2.426253e-10	1.360014e-10	7.667858e-11	4.516386e-11	2.546002e-11	1.351542e-11	6.661351e-12	3.022564e-12	1.261974e-12	4.885107e-13	1.777809e-13	6.187507e-14	2.092667e-14	6.951383e-15	2.278353e-15	7.389497e-16	2.387463e-16	7.786584e-17	2.741158e-17	1.288488e-17
P24	1.736444e-18	1.540825e-17	1.243208e-16	1.961973e-15	1.319758e-14	5.302839e-14	1.488712e-12	4.147656e-10	1.805919e-07	7.251099e-05	9.843178e-06	1.025342e-06	2.754460e-07	1.475089e-07	8.953186e-08	5.398742e-08	3.025985e-08	1.510710e-08	6.485911e-09	2.337179e-09	7.147911e-10	1.859941e-10	3.860013e-11	6.739718e-12	1.117787e-12	1.707991e-13	2.209322e-14	2.297679e-15	2.207640e-16	2.209333e-17	2.645627e-18	5.373471e-19	2.131268e-19	8.345391e-20	2.485416e-20	5.444082e-21	8.985954e-22	1.153900e-22	1.190537e-23	1.018101e-24	7.432399e-26	4.769999e-27	2.782116e-28	1.538989e-29	8.519846e-31	4.944612e-32	2.965538e-33	1.511120e-34	6.616162e-36	3.088847e-37
P25	6.907168e-05	4.066080e-05	2.124635e-05	1.026791e-05	4.760440e-06	2.238480e-06	1.468351e-06	1.444405e-06	2.933318e-06	2.610473e-05	1.045754e-06	8.152765e-08	1.741309e-08	7.733982e-09	3.876348e-09	1.875477e-09	8.551215e-10	3.621210e-10	1.386830e-10	4.748590e-11	1.465733e-11	4.119229e-12	1.045946e-12	2.527765e-13	6.288756e-14	1.711142e-14	5.532474e-15	2.093406e-15	7.289058e-16	2.186618e-16	6.189208e-17	1.814374e-17	5.522011e-18	1.883377e-18	7.169068e-19	2.557102e-19	7.703846e-20	1.910953e-20	3.948071e-21	6.980782e-22	1.093734e-22	1.578716e-23	2.181480e-24	2.968056e-25	3.990722e-26	5.108154e-27	5.459835e-28	2.015465e-29	2.124731e-32	5.801668e-35
P26	4.806442e-13	1.243719e-12	3.087350e-12	3.842577e-11	1.208041e-10	1.749112e-10	3.600481e-10	8.804217e-10	1.269056e-09	1.297935e-10	2.314046e-11	3.148015e-11	2.778877e-11	1.781069e-11	9.687747e-12	4.619512e-12	1.856421e-12	6.241469e-13	1.804971e-13	4.628564e-14	1.131373e-14	2.670642e-15	5.692581e-16	1.102068e-16	2.113845e-17	4.390306e-18	1.030436e-18	2.710236e-19	6.513332e-20	1.343286e-20	2.616708e-21	5.282005e-22	1.026863e-22	1.923402e-23	3.765005e-24	7.255196e-25	1.276790e-25	1.967152e-26	2.633690e-27	3.110124e-28	3.329190e-29	3.338895e-30	3.240233e-31	3.110808e-32	2.954577e-33	2.678628e-34	2.061990e-35	6.826066e-37	7.715902e-39	8.813403e-41
P27	6.187875e-09	6.023732e-08	4.544755e-07	3.219830e-06	1.287885e-05	2.744843e-05	7.176773e-05	1.545625e-04	2.905629e-03	2.991369e-02	6.156129e-04	1.045425e-05	3.830506e-07	5.842737e-08	1.539719e-08	4.033938e-09	1.161582e-09	4.319620e-10	2.046794e-10	1.188636e-10	6.384714e-11	2.992621e-11	1.587908e-11	9.715005e-12	5.309493e-12	2.169123e-12	7.028012e-13	2.172800e-13	7.504051e-14	2.862967e-14	1.113653e-14	5.074132e-15	4.234835e-15	4.648279e-15	4.064331e-15	2.659638e-15	1.329145e-15	5.230213e-16	1.670587e-16	4.457318e-17	1.020675e-17	2.061317e-18	3.793805e-19	6.688622e-20	1.225402e-20	2.578278e-21	6.537381e-22	1.925978e-22	6.609407e-23	3.130018e-23
P28	1.325973e-09	1.290800e-08	9.738761e-08	6.899635e-07	2.759753e-06	5.881807e-06	1.537880e-05	3.312053e-05	6.226349e-04	6.410077e-03	1.319170e-04	2.240197e-06	8.208228e-08	1.252015e-08	3.299397e-09	8.644152e-10	2.489104e-10	9.256328e-11	4.385988e-11	2.547077e-11	1.368153e-11	6.412759e-12	3.402661e-12	2.081787e-12	1.137748e-12	4.648122e-13	1.506003e-13	4.656000e-14	1.608011e-14	6.134930e-15	2.386400e-15	1.087314e-15	9.074647e-16	9.960599e-16	8.709280e-16	5.699224e-16	2.848167e-16	1.120760e-16	3.579830e-17	9.551396e-18	2.187161e-18	4.417108e-19	8.129582e-20	1.433276e-20	2.625862e-21	5.524882e-22	1.400867e-22	4.127095e-23	1.416301e-23	6.707181e-24
P29	1.325973e-09	1.290800e-08	9.738761e-08	6.899635e-07	2.759753e-06	5.881807e-06	1.537880e-05	3.312053e-05	6.226349e-04	6.410077e-03	1.319170e-04	2.240197e-06	8.208228e-08	1.252015e-08	3.299397e-09	8.644152e-10	2.489104e-10	9.256328e-11	4.385988e-11	2.547077e-11	1.368153e-11	6.412759e-12	3.402661e-12	2.081787e-12	1.137748e-12	4.648122e-13	1.506003e-13	4.656000e-14	1.608011e-14	6.134930e-15	2.386400e-15	1.087314e-15	9.074647e-16	9.960599e-16	8.709280e-16	5.699224e-16	2.848167e-16	1.120760e-16	3.579830e-17	9.551396e-18	2.187161e-18	4.417108e-19	8.129582e-20	1.433276e-20	2.625862e-21	5.524882e-22	1.400867e-22	4.127095e-23	1.416301e-23	6.707181e-24
P30	1.940635e-32	6.609339e-32	0.000000e+00	0.000000e+00	0.000000e+00	0.000000e+00	0.000000e+00	0.000000e+00	0.000000e+00	0.000000e+00	0.000000e+00	0.000000e+00	0.000000e+00	0.000000e+00	0.000000e+00	0.000000e+00	0.000000e+00	0.000000e+00	0.000000e+00	0.000000e+00	4.279328e-27	0.000000e+00	0.000000e+00	0.000000e+00	0.000000e+00	2.859002e-26	5.256856e-26	6.952831e-26	6.939591e-26	6.457798e-26	4.637584e-26	3.221930e-26	1.939697e-26	1.382215e-26	3.344758e-27	0.000000e+00	0.000000e+00	0.000000e+00	0.000000e+00	0.000000e+00	0.000000e+00	0.000000e+00	0.000000e+00	0.000000e+00	0.000000e+00	0.000000e+00	0.000000e+00	0.000000e+00	0.000000e+00	0.000000e+00
P31	2.851272e-44	0.000000e+00	0.000000e+00	0.000000e+00	0.000000e+00	0.000000e+00	0.000000e+00	0.000000e+00	0.000000e+00	4.783266e-38	0.000000e+00	0.000000e+00	1.069261e-39	5.798427e-40	0.000000e+00	0.000000e+00	0.000000e+00	0.000000e+00	0.000000e+00	0.000000e+00	0.000000e+00	1.744509e-41	0.000000e+00	2.864482e-42	4.718289e-42	1.317365e-42	3.286962e-43	2.494664e-43	1.691574e-43	2.825798e-43	4.251649e-43	1.350041e-42	2.074226e-42	6.419036e-42	2.696886e-42	3.805769e-42	1.349079e-42	8.029237e-43	3.002797e-43	9.468641e-44	2.599749e-44	6.318475e-45	1.374489e-45	2.682934e-46	4.644254e-47	6.870327e-48	7.657065e-49	0.000000e+00	0.000000e+00	0.000000e+00
P32	0.000000e+00	0.000000e+00	0.000000e+00	0.000000e+00	0.000000e+00	0.000000e+00	0.000000e+00	0.000000e+00	0.000000e+00	0.000000e+00	0.000000e+00	0.000000e+00	0.000000e+00	0.000000e+00	0.000000e+00	0.000000e+00	0.000000e+00	5.160310e-236	2.342711e-155	9.742267e-103	2.286581e-68	7.408723e-46	3.531828e-31	1.312258e-21	2.678847e-15	7.176270e-11	3.285179e-08	1.070382e-05	1.380477e-04	1.228596e-03	5.999281e-03	2.842198e-02	1.234582e-01	3.707570e-01	7.554202e-01	1.090943e+00	1.168852e+00	9.672097e-01	6.409988e-01	3.517717e-01	1.647523e-01	6.761687e-02	2.487462e-02	8.360994e-03	2.609935e-03	7.672204e-04	2.149535e-04	5.805194e-05	1.545149e-05	4.678603e-06
P33	0.000000e+00	0.000000e+00	0.000000e+00	0.000000e+00	0.000000e+00	0.000000e+00	0.000000e+00	0.000000e+00	0.000000e+00	0.000000e+00	0.000000e+00	0.000000e+00	0.000000e+00	0.000000e+00	0.000000e+00	0.000000e+00	0.000000e+00	6.670644e-236	3.028383e-155	1.259366e-102	2.955824e-68	9.577130e-46	4.565534e-31	1.696334e-21	3.462900e-15	9.276642e-11	4.246695e-08	1.383665e-05	1.784519e-04	1.588185e-03	7.755168e-03	3.674061e-02	1.595923e-01	4.792713e-01	9.765188e-01	1.410244e+00	1.510956e+00	1.250296e+00	8.286082e-01	4.547293e-01	2.129724e-01	8.740717e-02	3.215500e-02	1.080811e-02	3.373819e-03	9.917728e-04	2.778667e-04	7.504275e-05	1.997387e-05	6.047950e-06
P34	0.000000e+00	0.000000e+00	0.000000e+00	0.000000e+00	0.000000e+00	0.000000e+00	0.000000e+00	0.000000e+00	0.000000e+00	0.000000e+00	0.000000e+00	0.000000e+00	0.000000e+00	0.000000e+00	0.000000e+00	0.000000e+00	0.000000e+00	7.551673e-237	3.428358e-156	1.425698e-103	3.346216e-69	1.084203e-46	5.168529e-32	1.920378e-22	3.920264e-16	1.050186e-11	4.807579e-09	1.566413e-06	2.020210e-05	1.797945e-04	8.779435e-04	4.159315e-03	1.806705e-02	5.425713e-02	1.105493e-01	1.596502e-01	1.710516e-01	1.415429e-01	9.380470e-02	5.147879e-02	2.411009e-02	9.895152e-03	3.640188e-03	1.223560e-03	3.819418e-04	1.122762e-04	3.145661e-05	8.495406e-06	2.261193e-06	6.846736e-07
P35	0.000000e+00	0.000000e+00	0.000000e+00	0.000000e+00	0.000000e+00	0.000000e+00	0.000000e+00	0.000000e+00	0.000000e+00	0.000000e+00	0.000000e+00	0.000000e+00	0.000000e+00	0.000000e+00	0.000000e+00	0.000000e+00	0.000000e+00	0.000000e+00	0.000000e+00	0.000000e+00	0.000000e+00	0.000000e+00	0.000000e+00	0.000000e+00	0.000000e+00	0.000000e+00	0.000000e+00	0.000000e+00	0.000000e+00	0.000000e+00	1.612116e-265	1.464281e-182	1.453913e-122	1.518367e-84	3.781920e-55	4.772042e-38	5.935717e-25	1.260133e-16	2.157287e-10	8.073106e-07	5.028466e-04	2.789471e-02	4.866768e-01	3.426470e+00	1.293603e+01	3.186097e+01	5.816969e+01	8.470471e+01	1.025181e+02	1.066057e+02
P36	9.192193e-03	8.188968e+01	2.077346e+02	1.522512e+04	7.364616e+04	1.539556e+05	2.245879e+05	2.860551e+05	3.430305e+05	3.968399e+05	4.621208e+05	5.408262e+05	6.166738e+05	6.953864e+05	7.860605e+05	8.684741e+05	9.064006e+05	8.870337e+05	8.233984e+05	7.331027e+05	6.371199e+05	5.469488e+05	4.643224e+05	3.930182e+05	3.356331e+05	2.893416e+05	2.495340e+05	2.134613e+05	1.808315e+05	1.524845e+05	1.291005e+05	1.100177e+05	9.256548e+04	7.567868e+04	6.001696e+04	4.601108e+04	3.414278e+04	2.461939e+04	1.733253e+04	1.196792e+04	8.135691e+03	5.460841e+03	3.627095e+03	2.387890e+03	1.560388e+03	1.013464e+03	6.553010e+02	4.227896e+02	2.732161e+02	1.782049e+02
P37	0.000000e+00	0.000000e+00	0.000000e+00	0.000000e+00	0.000000e+00	0.000000e+00	0.000000e+00	0.000000e+00	0.000000e+00	0.000000e+00	0.000000e+00	0.000000e+00	0.000000e+00	0.000000e+00	0.000000e+00	0.000000e+00	0.000000e+00	9.840909e-233	4.471697e-152	1.861331e-99	4.373106e-65	1.418558e-42	6.771754e-28	2.522028e-18	5.284253e-12	1.828933e-07	2.773072e-04	1.528178e-01	4.016520e+00	5.104754e+01	3.313384e+02	1.367217e+03	4.007320e+03	8.841230e+03	1.553688e+04	2.264567e+04	2.836260e+04	3.153051e+04	3.204604e+04	3.054712e+04	2.785828e+04	2.461126e+04	2.115394e+04	1.766140e+04	1.428402e+04	1.121289e+04	8.620147e+03	6.579192e+03	5.235313e+03	4.923625e+03
P38	0.000000e+00	0.000000e+00	0.000000e+00	0.000000e+00	0.000000e+00	0.000000e+00	0.000000e+00	0.000000e+00	0.000000e+00	0.000000e+00	0.000000e+00	0.000000e+00	0.000000e+00	0.000000e+00	0.000000e+00	0.000000e+00	0.000000e+00	0.000000e+00	0.000000e+00	0.000000e+00	0.000000e+00	0.000000e+00	0.000000e+00	0.000000e+00	0.000000e+00	0.000000e+00	0.000000e+00	0.000000e+00	0.000000e+00	0.000000e+00	0.000000e+00	0.000000e+00	0.000000e+00	0.000000e+00	0.000000e+00	0.000000e+00	0.000000e+00	0.000000e+00	0.000000e+00	0.000000e+00	0.000000e+00	0.000000e+00	0.000000e+00	0.000000e+00	0.000000e+00	0.000000e+00	0.000000e+00	0.000000e+00	0.000000e+00	0.000000e+00
P39	0.000000e+00	0.000000e+00	0.000000e+00	0.000000e+00	0.000000e+00	0.000000e+00	0.000000e+00	0.000000e+00	0.000000e+00	0.000000e+00	0.000000e+00	0.000000e+00	0.000000e+00	0.000000e+00	0.000000e+00	0.000000e+00	0.000000e+00	0.000000e+00	0.000000e+00	0.000000e+00	0.000000e+00	0.000000e+00	0.000000e+00	0.000000e+00	0.000000e+00	0.000000e+00	0.000000e+00	0.000000e+00	0.000000e+00	0.000000e+00	0.000000e+00	0.000000e+00	0.000000e+00	0.000000e+00	0.000000e+00	0.000000e+00	0.000000e+00	0.000000e+00	0.000000e+00	0.000000e+00	0.000000e+00	0.000000e+00	0.000000e+00	0.000000e+00	0.000000e+00	0.000000e+00	0.000000e+00	0.000000e+00	0.000000e+00	0.000000e+00
P40	2.348772e+00	3.850369e+00	4.678586e+00	4.912512e+00	4.504078e+00	3.778590e+00	2.136758e+00	7.142948e-01	1.489594e-01	1.445228e-02	3.285020e-03	1.042507e-03	3.537271e-04	1.215958e-04	4.399592e-05	1.807660e-05	1.114660e-05	1.146499e-05	1.484039e-05	1.968850e-05	2.530721e-05	3.149252e-05	3.726382e-05	4.242348e-05	4.679114e-05	4.966812e-05	5.237894e-05	5.006387e-05	3.891766e-05	2.437962e-05	1.354767e-05	7.489662e-06	4.064866e-06	2.169382e-06	1.237505e-06	7.458053e-07	4.495278e-07	2.584012e-07	1.381148e-07	6.811549e-08	3.107083e-08	1.318979e-08	5.240481e-09	1.956113e-09	6.879937e-10	2.290008e-10	7.265467e-11	2.223426e-11	6.843253e-12	2.517383e-12
P41	0.000000e+00	0.000000e+00	0.000000e+00	0.000000e+00	0.000000e+00	0.000000e+00	0.000000e+00	0.000000e+00	0.000000e+00	0.000000e+00	0.000000e+00	0.000000e+00	0.000000e+00	0.000000e+00	0.000000e+00	0.000000e+00	0.000000e+00	0.000000e+00	0.000000e+00	0.000000e+00	0.000000e+00	0.000000e+00	0.000000e+00	0.000000e+00	4.867916e-302	3.646796e-212	3.535880e-152	8.097277e-114	6.166569e-84	3.852754e-62	7.605930e-48	6.127170e-39	1.735150e-31	2.608683e-25	3.467733e-23	2.164431e-20	3.835873e-18	6.926728e-17	7.253122e-16	3.981396e-15	1.323801e-14	2.998470e-14	5.028460e-14	6.633934e-14	7.212319e-14	6.710951e-14	5.525057e-14	4.155731e-14	2.957248e-14	2.078713e-14
P42	1.044059e-14	1.826757e-14	3.313119e-14	1.360567e-13	3.911994e-13	6.107636e-13	1.069313e-12	6.297213e-12	4.518249e-11	3.393018e-10	5.750213e-09	1.258166e-08	6.622596e-09	4.142892e-09	2.218257e-09	8.876993e-10	2.908032e-10	9.031602e-11	2.629333e-11	7.239019e-12	1.939731e-12	5.102778e-13	1.258340e-13	3.050884e-14	7.856658e-15	2.079686e-15	5.526055e-16	1.352095e-16	3.298325e-17	8.837689e-18	2.567578e-18	7.320766e-19	2.033427e-19	5.604065e-20	1.472891e-20	3.707580e-21	9.045518e-22	2.166644e-22	5.157591e-23	1.232068e-23	2.971145e-24	7.249139e-25	1.789013e-25	4.459317e-26	1.120441e-26	2.831143e-27	7.174542e-28	1.817697e-28	4.596401e-29	1.181593e-29
P43	0.000000e+00	0.000000e+00	0.000000e+00	0.000000e+00	0.000000e+00	0.000000e+00	0.000000e+00	0.000000e+00	0.000000e+00	0.000000e+00	0.000000e+00	0.000000e+00	0.000000e+00	0.000000e+00	0.000000e+00	0.000000e+00	0.000000e+00	1.769687e-252	3.401766e-172	5.764195e-120	5.408729e-86	6.916766e-64	1.232631e-49	1.689173e-40	1.332581e-34	1.202295e-30	2.434354e-28	2.184965e-26	1.057237e-25	3.726743e-25	7.599698e-25	1.454243e-24	2.613679e-24	3.433123e-24	3.079283e-24	2.002163e-24	1.014229e-24	4.264492e-25	1.567881e-25	5.249279e-26	1.648256e-26	4.951553e-27	1.441447e-27	4.098699e-28	1.143879e-28	3.142155e-29	8.507828e-30	2.271383e-30	5.986799e-31	1.592157e-31
P44	0.000000e+00	0.000000e+00	6.114399e-268	1.576808e-170	1.487454e-103	3.230498e-64	1.067362e-36	3.588784e-22	3.081547e-14	3.276338e-12	2.930861e-08	3.077407e-07	9.885353e-07	2.462651e-06	5.457814e-06	9.703549e-06	1.413676e-05	1.812693e-05	2.139269e-05	2.361960e-05	2.467276e-05	2.445436e-05	2.284370e-05	2.023630e-05	1.727347e-05	1.428314e-05	1.129123e-05	8.312424e-06	5.678136e-06	3.676539e-06	2.304599e-06	1.414501e-06	8.412355e-07	4.813609e-07	2.669046e-07	1.430110e-07	7.385510e-08	3.673619e-08	1.764873e-08	8.251015e-09	3.804226e-09	1.763320e-09	8.397692e-10	4.169741e-10	2.141976e-10	1.084408e-10	4.684675e-11	6.940044e-12	4.406150e-15	1.629917e-16
P45	3.559627e-23	1.891921e-23	0.000000e+00	0.000000e+00	0.000000e+00	0.000000e+00	0.000000e+00	0.000000e+00	0.000000e+00	0.000000e+00	0.000000e+00	0.000000e+00	9.236483e-33	0.000000e+00	0.000000e+00	0.000000e+00	0.000000e+00	0.000000e+00	0.000000e+00	0.000000e+00	3.619249e-36	1.749691e-36	0.000000e+00	3.767198e-37	4.246618e-37	1.461318e-36	1.048327e-36	2.131611e-37	2.039078e-38	1.934995e-39	1.808676e-40	2.419488e-41	6.928183e-42	5.185729e-42	2.785430e-42	1.134826e-42	3.064853e-43	8.061060e-44	2.084642e-44	5.499384e-45	1.482781e-45	3.995986e-46	1.050103e-46	2.638643e-47	6.210959e-48	1.328017e-48	2.466316e-49	3.382144e-50	1.117894e-52	1.102450e-53
P46	2.336867e-22	3.422518e-22	0.000000e+00	0.000000e+00	0.000000e+00	0.000000e+00	0.000000e+00	0.000000e+00	0.000000e+00	0.000000e+00	0.000000e+00	0.000000e+00	4.990763e-22	0.000000e+00	0.000000e+00	0.000000e+00	0.000000e+00	0.000000e+00	0.000000e+00	0.000000e+00	1.087047e-22	7.280429e-23	0.000000e+00	2.369152e-23	2.437791e-23	1.277400e-22	1.917523e-22	1.957189e-22	1.564525e-22	1.377913e-22	1.029048e-22	8.351069e-23	6.362541e-23	7.200592e-23	5.517375e-23	3.691183e-23	1.705158e-23	8.193780e-24	3.697528e-24	1.579783e-24	6.420645e-25	2.492147e-25	9.239207e-26	3.244230e-26	1.051949e-26	2.966508e-27	6.166027e-28	0.000000e+00	0.000000e+00	0.000000e+00
P47	8.913739e-21	9.633414e-21	0.000000e+00	0.000000e+00	0.000000e+00	0.000000e+00	0.000000e+00	0.000000e+00	0.000000e+00	0.000000e+00	0.000000e+00	0.000000e+00	7.817692e-21	0.000000e+00	0.000000e+00	0.000000e+00	0.000000e+00	0.000000e+00	0.000000e+00	0.000000e+00	1.314791e-21	8.713356e-22	0.000000e+00	2.796258e-22	2.864369e-22	1.495786e-21	2.239413e-21	2.281064e-21	1.820541e-21	1.601435e-21	1.194844e-21	9.689286e-22	7.377428e-22	8.343438e-22	6.386254e-22	4.264383e-22	1.963855e-22	9.395225e-23	4.216090e-23	1.789893e-23	7.225715e-24	2.785866e-24	1.026247e-24	3.582617e-25	1.155726e-25	3.244916e-26	6.720277e-27	0.000000e+00	0.000000e+00	0.000000e+00
P48	1.063928e-23	1.108147e-23	0.000000e+00	0.000000e+00	0.000000e+00	0.000000e+00	0.000000e+00	0.000000e+00	0.000000e+00	0.000000e+00	0.000000e+00	0.000000e+00	1.424307e-23	0.000000e+00	0.000000e+00	0.000000e+00	0.000000e+00	0.000000e+00	0.000000e+00	0.000000e+00	2.319623e-24	1.536525e-24	0.000000e+00	4.928488e-25	5.047906e-25	2.635826e-24	3.946008e-24	4.019250e-24	3.207719e-24	2.821608e-24	2.105195e-24	1.707138e-24	1.299806e-24	1.469997e-24	1.125165e-24	7.513208e-25	3.460016e-25	1.655295e-25	7.428104e-26	3.153515e-26	1.273060e-26	4.908265e-27	1.808088e-27	6.312018e-28	2.036210e-28	5.717040e-29	1.184009e-29	0.000000e+00	0.000000e+00	0.000000e+00
P49	1.440810e-23	1.263856e-23	0.000000e+00	0.000000e+00	0.000000e+00	0.000000e+00	0.000000e+00	0.000000e+00	0.000000e+00	0.000000e+00	0.000000e+00	0.000000e+00	7.566507e-28	0.000000e+00	0.000000e+00	0.000000e+00	0.000000e+00	0.000000e+00	0.000000e+00	0.000000e+00	6.285741e-29	4.226976e-29	0.000000e+00	1.364032e-29	1.556139e-29	6.443166e-29	6.566942e-29	3.013151e-29	9.160498e-30	3.263255e-30	1.108446e-30	4.364360e-31	1.754207e-31	1.062886e-31	4.771470e-32	1.969430e-32	6.279248e-33	2.160265e-33	7.530355e-34	2.653792e-34	9.446122e-35	3.387249e-35	1.215785e-35	4.306223e-36	1.459754e-36	4.435792e-37	1.034998e-37	8.548881e-39	2.349628e-41	1.121447e-43
P50	1.996410e-28	1.381938e-28	0.000000e+00	0.000000e+00	0.000000e+00	0.000000e+00	0.000000e+00	0.000000e+00	0.000000e+00	0.000000e+00	0.000000e+00	0.000000e+00	0.000000e+00	0.000000e+00	0.000000e+00	0.000000e+00	0.000000e+00	0.000000e+00	0.000000e+00	0.000000e+00	0.000000e+00	0.000000e+00	0.000000e+00	0.000000e+00	0.000000e+00	0.000000e+00	0.000000e+00	0.000000e+00	0.000000e+00	0.000000e+00	0.000000e+00	0.000000e+00	0.000000e+00	0.000000e+00	0.000000e+00	0.000000e+00	0.000000e+00	0.000000e+00	0.000000e+00	0.000000e+00	0.000000e+00	0.000000e+00	0.000000e+00	0.000000e+00	0.000000e+00	0.000000e+00	0.000000e+00	0.000000e+00	0.000000e+00	0.000000e+00
P51	6.757379e-22	8.155522e-22	0.000000e+00	0.000000e+00	0.000000e+00	0.000000e+00	0.000000e+00	0.000000e+00	0.000000e+00	0.000000e+00	0.000000e+00	0.000000e+00	7.107857e-22	0.000000e+00	0.000000e+00	0.000000e+00	0.000000e+00	0.000000e+00	0.000000e+00	0.000000e+00	1.832952e-22	1.480500e-22	0.000000e+00	7.155382e-23	1.004718e-22	5.614790e-22	9.249960e-22	9.287453e-22	7.033486e-22	6.186632e-22	5.007177e-22	4.551293e-22	4.200815e-22	5.844248e-22	5.876772e-22	5.281434e-22	3.566504e-22	2.531610e-22	1.774789e-22	1.226549e-22	8.357945e-23	5.612527e-23	3.699525e-23	2.365454e-23	1.425997e-23	7.607117e-24	3.082321e-24	4.411636e-25	2.054619e-27	1.657448e-29
P52	1.159933e-36	4.170438e-37	0.000000e+00	0.000000e+00	1.760922e-36	0.000000e+00	0.000000e+00	2.325036e-35	2.476495e-36	3.644276e-41	5.886092e-46	1.053062e-50	1.942837e-55	3.672524e-60	6.989350e-65	1.219000e-69	0.000000e+00	0.000000e+00	0.000000e+00	0.000000e+00	0.000000e+00	0.000000e+00	0.000000e+00	0.000000e+00	0.000000e+00	3.535836e-61	1.709127e-61	4.043964e-62	7.492586e-63	3.062454e-63	1.771750e-63	1.101356e-63	7.207716e-64	1.359086e-63	1.040411e-63	6.073033e-64	3.884403e-65	1.694015e-65	1.089031e-65	8.744815e-66	8.493046e-66	9.475392e-66	1.159930e-65	1.487493e-65	1.864573e-65	2.021039e-65	1.485315e-65	2.205783e-66	9.239573e-67	3.880252e-67
P53	7.175815e-37	0.000000e+00	0.000000e+00	0.000000e+00	2.487109e-37	0.000000e+00	0.000000e+00	4.025547e-35	4.148222e-36	4.568582e-43	5.867592e-50	9.400492e-57	1.888567e-63	4.652897e-70	1.426092e-76	5.165921e-83	2.262218e-89	1.182040e-95	0.000000e+00	0.000000e+00	0.000000e+00	0.000000e+00	0.000000e+00	0.000000e+00	0.000000e+00	1.098291e-94	1.975631e-95	3.700418e-96	5.088351e-97	1.827538e-97	1.165007e-97	5.783274e-98	2.707789e-98	6.297530e-98	2.958506e-98	8.436209e-99	3.697036e-101	5.372987e-102	1.923886e-102	9.965053e-103	7.029038e-103	6.122309e-103	6.053718e-103	6.276415e-103	6.081237e-103	4.478641e-103	1.624028e-103	2.703870e-105	4.782670e-106	9.016280e-107
P54	1.597330e-66	5.847065e-66	0.000000e+00	0.000000e+00	0.000000e+00	0.000000e+00	0.000000e+00	9.231484e-64	0.000000e+00	0.000000e+00	0.000000e+00	0.000000e+00	0.000000e+00	0.000000e+00	0.000000e+00	0.000000e+00	0.000000e+00	0.000000e+00	0.000000e+00	0.000000e+00	0.000000e+00	0.000000e+00	0.000000e+00	0.000000e+00	0.000000e+00	2.728110e-130	1.826886e-131	2.708482e-132	2.764287e-133	8.723555e-134	5.980323e-134	2.306548e-134	7.473937e-135	2.201452e-134	6.170623e-135	8.462087e-136	3.173825e-139	1.363593e-140	2.718757e-141	9.083421e-142	4.653333e-142	3.164224e-142	2.527235e-142	2.118362e-142	1.586482e-142	7.938713e-143	1.420439e-143	2.672978e-146	1.980586e-147	1.676076e-148
P56	1.277654e-12	7.119919e-13	4.636131e-13	1.652760e-12	8.409292e-12	2.409482e-11	9.611425e-11	3.477842e-10	8.338737e-10	1.246051e-08	3.057136e-09	4.009110e-10	6.576973e-11	2.433208e-11	1.289699e-11	7.550548e-12	4.674126e-12	3.038640e-12	1.960815e-12	1.218167e-12	7.425213e-13	4.406368e-13	2.385224e-13	1.212010e-13	6.210508e-14	2.881923e-14	1.127132e-14	7.951703e-15	1.578530e-14	5.506670e-14	1.615432e-13	5.529848e-13	1.877589e-12	4.526894e-12	7.938864e-12	1.069620e-11	1.162152e-11	1.046157e-11	7.918860e-12	5.114112e-12	2.869709e-12	1.427159e-12	6.406669e-13	2.636621e-13	1.007825e-13	3.619909e-14	1.235480e-14	4.054613e-15	1.308475e-15	4.813199e-16
P57	7.216434e-11	3.212547e-11	1.939378e-11	2.132024e-10	1.078881e-09	2.460793e-09	6.334182e-09	1.159604e-08	1.380372e-08	2.178245e-08	2.116139e-09	1.927033e-10	3.294535e-11	1.078764e-11	4.102940e-12	1.536436e-12	6.094618e-13	2.791010e-13	1.424397e-13	7.932039e-14	4.480903e-14	2.510812e-14	1.474006e-14	9.238781e-15	5.776915e-15	3.066398e-15	1.399455e-15	1.100737e-15	1.624367e-15	3.300955e-15	5.122935e-15	8.497686e-15	1.459069e-14	1.933792e-14	1.798646e-14	1.216075e-14	6.211771e-15	2.489540e-15	8.167076e-16	2.315442e-16	6.111432e-17	1.647292e-17	4.890424e-18	1.619464e-18	5.762857e-19	2.121689e-19	7.940037e-20	3.017876e-20	1.191234e-20	5.718541e-21
P58	3.100106e-11	5.635791e-11	7.904807e-11	1.060992e-10	1.331302e-10	1.653815e-10	2.237215e-10	2.524514e-10	3.589249e-10	3.996662e-09	6.925274e-10	1.025394e-10	3.516432e-11	2.293944e-11	1.820192e-11	1.505944e-11	1.243382e-11	1.029885e-11	8.379602e-12	6.622800e-12	5.053962e-12	3.699985e-12	2.589818e-12	1.779933e-12	1.228910e-12	7.841211e-13	4.656822e-13	4.887410e-13	9.403773e-13	2.471055e-12	5.167146e-12	1.257420e-11	3.008457e-11	4.970942e-11	5.634440e-11	4.542860e-11	2.707973e-11	1.238047e-11	4.522553e-12	1.391948e-12	3.884513e-13	1.077052e-13	3.195542e-14	1.025578e-14	3.423042e-15	1.141752e-15	3.732941e-16	1.193318e-16	3.795037e-17	1.387419e-17
P59	3.875132e-11	7.044739e-11	9.881008e-11	1.326240e-10	1.664127e-10	2.067269e-10	2.796518e-10	3.155642e-10	4.486562e-10	4.995827e-09	8.656593e-10	1.281742e-10	4.395541e-11	2.867430e-11	2.275240e-11	1.882430e-11	1.554228e-11	1.287356e-11	1.047450e-11	8.278501e-12	6.317452e-12	4.624981e-12	3.237273e-12	2.224916e-12	1.536138e-12	9.801514e-13	5.821028e-13	6.109263e-13	1.175472e-12	3.088818e-12	6.458933e-12	1.571775e-11	3.760572e-11	6.213678e-11	7.043051e-11	5.678575e-11	3.384966e-11	1.547559e-11	5.653191e-12	1.739935e-12	4.855641e-13	1.346315e-13	3.994428e-14	1.281973e-14	4.278803e-15	1.427190e-15	4.666176e-16	1.491648e-16	4.743796e-17	1.734274e-17
P60	7.750264e-12	1.408948e-11	1.976202e-11	2.652479e-11	3.328255e-11	4.134538e-11	5.593037e-11	6.311285e-11	8.973123e-11	9.991654e-10	1.731319e-10	2.563485e-11	8.791081e-12	5.734861e-12	4.550480e-12	3.764859e-12	3.108456e-12	2.574712e-12	2.094901e-12	1.655700e-12	1.263490e-12	9.249962e-13	6.474546e-13	4.449833e-13	3.072276e-13	1.960303e-13	1.164206e-13	1.221853e-13	2.350943e-13	6.177636e-13	1.291787e-12	3.143549e-12	7.521144e-12	1.242736e-11	1.408610e-11	1.135715e-11	6.769933e-12	3.095118e-12	1.130638e-12	3.479871e-13	9.711282e-14	2.692630e-14	7.988856e-15	2.563946e-15	8.557606e-16	2.854380e-16	9.332351e-17	2.983296e-17	9.487592e-18	3.468547e-18
P61	4.856858e-04	3.994246e-04	3.068086e-04	2.344932e-04	1.863742e-04	1.548160e-04	1.343093e-04	8.508778e-05	7.078910e-05	3.632821e-04	3.687129e-05	3.534484e-06	7.515667e-07	3.012518e-07	1.369542e-07	6.170971e-08	2.837619e-08	1.391083e-08	7.103463e-09	3.749103e-09	1.990285e-09	1.051541e-09	5.662962e-10	3.150888e-10	1.764092e-10	8.881828e-11	4.046442e-11	1.989641e-11	1.227055e-11	8.089627e-12	4.954795e-12	2.597843e-12	1.392442e-12	8.193740e-13	4.615896e-13	2.449318e-13	1.206935e-13	5.476094e-14	2.286484e-14	8.851981e-15	3.221806e-15	1.121375e-15	3.792247e-16	1.259239e-16	4.123240e-17	1.334511e-17	4.294993e-18	1.390706e-18	4.836321e-19	2.327944e-19
P62	0.000000e+00	0.000000e+00	0.000000e+00	0.000000e+00	0.000000e+00	0.000000e+00	0.000000e+00	0.000000e+00	0.000000e+00	0.000000e+00	0.000000e+00	0.000000e+00	0.000000e+00	0.000000e+00	0.000000e+00	0.000000e+00	0.000000e+00	8.391648e-244	3.711276e-163	1.508089e-110	3.468526e-76	1.103400e-53	5.173146e-39	1.890466e-29	3.789672e-23	9.700846e-19	4.426321e-16	1.342828e-13	1.601577e-12	1.299934e-11	5.979738e-11	2.603857e-10	1.050854e-09	2.967815e-09	5.697546e-09	7.732040e-09	7.747489e-09	5.960587e-09	3.650310e-09	1.840273e-09	7.874566e-10	2.937271e-10	9.767215e-11	2.949696e-11	8.217447e-12	2.140327e-12	5.273643e-13	1.242437e-13	2.848137e-14	7.296397e-15
P63	0.000000e+00	0.000000e+00	0.000000e+00	0.000000e+00	0.000000e+00	0.000000e+00	0.000000e+00	0.000000e+00	0.000000e+00	0.000000e+00	0.000000e+00	0.000000e+00	0.000000e+00	0.000000e+00	0.000000e+00	0.000000e+00	0.000000e+00	1.858151e-243	8.217826e-163	3.339339e-110	7.680308e-76	2.443243e-53	1.145482e-38	4.186031e-29	8.391417e-23	2.148044e-18	9.801139e-16	2.973406e-13	3.546350e-12	2.878426e-11	1.324085e-10	5.765684e-10	2.326891e-09	6.571591e-09	1.261600e-08	1.712095e-08	1.715515e-08	1.319844e-08	8.082829e-09	4.074890e-09	1.743654e-09	6.503958e-10	2.162740e-10	6.531469e-11	1.819578e-11	4.739297e-12	1.167735e-12	2.751111e-13	6.306588e-14	1.615631e-14
P64	0.000000e+00	0.000000e+00	0.000000e+00	0.000000e+00	0.000000e+00	0.000000e+00	0.000000e+00	0.000000e+00	0.000000e+00	0.000000e+00	0.000000e+00	0.000000e+00	0.000000e+00	0.000000e+00	0.000000e+00	0.000000e+00	0.000000e+00	1.618389e-243	7.157462e-163	2.908456e-110	6.689300e-76	2.127986e-53	9.976782e-39	3.645898e-29	7.308653e-23	1.870877e-18	8.536476e-16	2.589740e-13	3.088756e-12	2.507016e-11	1.153235e-10	5.021725e-10	2.026647e-09	5.723644e-09	1.098812e-08	1.491179e-08	1.494159e-08	1.149542e-08	7.039883e-09	3.549098e-09	1.518666e-09	5.664738e-10	1.883677e-10	5.688699e-11	1.584793e-11	4.127774e-12	1.017060e-12	2.396129e-13	5.492835e-14	1.407162e-14
P65	0.000000e+00	0.000000e+00	0.000000e+00	0.000000e+00	0.000000e+00	0.000000e+00	0.000000e+00	0.000000e+00	0.000000e+00	0.000000e+00	0.000000e+00	0.000000e+00	0.000000e+00	0.000000e+00	0.000000e+00	0.000000e+00	0.000000e+00	1.318688e-243	5.832006e-163	2.369853e-110	5.450541e-76	1.733914e-53	8.129230e-39	2.970732e-29	5.955199e-23	1.524419e-18	6.955647e-16	2.110159e-13	2.516764e-12	2.042754e-11	9.396731e-11	4.091776e-10	1.651342e-09	4.663710e-09	8.953287e-09	1.215035e-08	1.217463e-08	9.366636e-09	5.736201e-09	2.891857e-09	1.237432e-09	4.615712e-10	1.534848e-10	4.635236e-11	1.291313e-11	3.363372e-12	8.287153e-13	1.952401e-13	4.475643e-14	1.146577e-14
P66	0.000000e+00	0.000000e+00	0.000000e+00	0.000000e+00	0.000000e+00	0.000000e+00	0.000000e+00	0.000000e+00	0.000000e+00	0.000000e+00	0.000000e+00	0.000000e+00	0.000000e+00	0.000000e+00	0.000000e+00	0.000000e+00	0.000000e+00	3.596420e-244	1.590547e-163	6.463236e-111	1.486511e-76	4.728857e-54	2.217063e-39	8.101996e-30	1.624145e-23	4.157505e-19	1.896995e-16	5.754979e-14	6.863903e-13	5.571148e-12	2.562745e-11	1.115939e-10	4.503660e-10	1.271921e-09	2.441806e-09	3.313731e-09	3.320352e-09	2.554537e-09	1.564419e-09	7.886884e-10	3.374814e-10	1.258831e-10	4.185949e-11	1.264155e-11	3.521763e-12	9.172832e-13	2.260133e-13	5.324730e-14	1.220630e-14	3.127027e-15
P67	1.492225e-64	2.363831e-63	4.734511e-62	1.083780e-60	2.795337e-59	1.005848e-57	1.867306e-55	1.119755e-52	1.091340e-49	1.216764e-46	1.107527e-43	9.977553e-42	1.134645e-41	3.437668e-42	3.662172e-43	1.297690e-44	1.978812e-46	1.769326e-48	1.152877e-50	6.326275e-53	3.416229e-55	1.962740e-57	1.304801e-59	1.020648e-61	9.554779e-64	1.089977e-65	1.249749e-67	1.435058e-69	1.647689e-71	1.893350e-73	2.180344e-75	2.521713e-77	2.928067e-79	3.394098e-81	4.049269e-83	5.390817e-85	9.813811e-87	2.990541e-88	1.394802e-89	8.253675e-91	5.696482e-92	4.470987e-93	3.955065e-94	3.932752e-95	4.408227e-96	5.618962e-97	8.273509e-98	1.445458e-98	3.150506e-99	9.386250e-100
P68	3.414218e-35	7.545453e-36	3.242796e-36	3.296245e-35	2.628322e-34	7.135372e-34	1.028698e-32	3.495675e-30	1.328974e-27	5.065256e-26	2.161655e-23	6.208378e-22	7.232966e-22	5.441526e-22	2.571160e-22	6.700974e-23	1.142345e-23	1.618581e-24	1.955023e-25	2.074081e-26	2.030139e-27	1.853049e-28	1.473043e-29	1.082151e-30	8.156149e-32	6.393053e-33	5.011692e-34	3.786729e-35	3.347622e-36	4.249890e-37	7.223770e-38	1.254264e-38	2.247795e-39	4.313550e-40	7.695000e-41	1.289650e-41	2.096982e-42	3.413944e-43	5.697043e-44	9.877441e-45	1.787720e-45	3.373693e-46	6.612009e-47	1.339610e-47	2.793477e-48	5.971394e-49	1.303573e-49	2.896989e-50	6.557209e-51	1.530059e-51
P69	1.535943e-17	9.006371e-18	5.521307e-18	7.616509e-18	1.255070e-17	1.631786e-17	5.204932e-17	6.679086e-16	1.125622e-14	4.207116e-15	3.358951e-15	2.243727e-15	1.169416e-15	8.947092e-16	6.700744e-16	4.013573e-16	1.998523e-16	8.802034e-17	3.400550e-17	1.135156e-17	3.235281e-18	7.805866e-19	1.574042e-19	2.753678e-20	4.475448e-21	6.995077e-22	9.721685e-23	1.254914e-23	1.655166e-24	2.482885e-25	4.809392e-26	1.555042e-26	1.048140e-26	8.272348e-27	5.081830e-27	2.336017e-27	8.370696e-28	2.451463e-28	6.111743e-29	1.340157e-29	2.651126e-30	4.825446e-31	8.207772e-32	1.321332e-32	2.034987e-33	3.026320e-34	4.382188e-35	6.231055e-36	8.851039e-37	1.439682e-37
P70	1.132353e-29	2.043321e-29	3.841392e-29	8.337579e-29	1.930073e-28	4.826747e-28	3.635604e-27	5.801794e-26	8.744786e-25	5.348754e-24	1.313364e-23	6.750661e-24	1.405310e-24	4.123088e-25	1.181090e-25	2.591432e-26	4.901637e-27	9.391366e-28	1.828851e-28	3.553719e-29	6.648538e-30	1.168786e-30	1.980253e-31	3.308952e-32	5.518420e-33	8.991555e-34	1.284450e-34	1.928422e-35	4.225339e-36	1.811062e-36	9.272038e-37	5.180686e-37	3.013012e-37	1.458497e-37	5.049476e-38	1.278449e-38	2.485565e-39	3.894077e-40	5.138560e-41	5.954343e-42	6.317674e-43	6.418866e-44	6.548537e-45	7.002152e-46	8.051251e-47	9.978775e-48	1.316629e-48	1.825677e-49	2.674054e-50	4.762616e-51
P71	5.736458e-02	4.393192e-02	3.387563e-02	2.589014e-02	1.881275e-02	1.277405e-02	9.566923e-03	7.743971e-03	7.119065e-03	1.437214e-04	2.455182e-05	6.785409e-06	2.741979e-06	1.613188e-06	9.896536e-07	5.768937e-07	3.239249e-07	1.819792e-07	1.010242e-07	5.547796e-08	3.028481e-08	1.645641e-08	8.844831e-09	4.731045e-09	2.539318e-09	1.236029e-09	4.919767e-10	1.383400e-10	3.264481e-11	7.547680e-12	1.776268e-12	4.247312e-13	1.005561e-13	2.343189e-14	5.506547e-15	1.313172e-15	3.208254e-16	8.224057e-17	2.313475e-17	7.539605e-18	2.924991e-18	1.319618e-18	6.588173e-19	3.489756e-19	1.912712e-19	1.070754e-19	6.081252e-20	3.491159e-20	2.028282e-20	1.192754e-20
P72	0.000000e+00	0.000000e+00	0.000000e+00	0.000000e+00	0.000000e+00	0.000000e+00	0.000000e+00	0.000000e+00	0.000000e+00	0.000000e+00	0.000000e+00	0.000000e+00	0.000000e+00	0.000000e+00	0.000000e+00	0.000000e+00	0.000000e+00	7.686026e-237	3.419932e-156	1.373010e-103	3.064885e-69	9.297529e-47	4.095641e-32	1.384382e-22	2.527277e-16	5.778300e-12	2.313061e-09	5.823434e-07	5.871237e-06	3.778688e-05	1.600760e-04	5.746249e-04	1.875738e-03	4.061481e-03	5.834796e-03	5.960299e-03	4.618511e-03	2.858693e-03	1.472374e-03	6.521070e-04	2.550787e-04	9.006489e-05	2.922136e-05	8.840577e-06	2.524835e-06	6.878972e-07	1.804503e-07	4.599279e-08	1.162013e-08	3.360019e-09
P73	0.000000e+00	0.000000e+00	0.000000e+00	0.000000e+00	0.000000e+00	0.000000e+00	0.000000e+00	0.000000e+00	0.000000e+00	0.000000e+00	0.000000e+00	0.000000e+00	0.000000e+00	0.000000e+00	0.000000e+00	0.000000e+00	0.000000e+00	9.223232e-237	4.103919e-156	1.647612e-103	3.677862e-69	1.115703e-46	4.914769e-32	1.661259e-22	3.032733e-16	6.933960e-12	2.775673e-09	6.988121e-07	7.045481e-06	4.534406e-05	1.916441e-04	6.876778e-04	2.240725e-03	4.836242e-03	6.921639e-03	7.042609e-03	5.435667e-03	3.351248e-03	1.718907e-03	7.576859e-04	2.946881e-04	1.033429e-04	3.327020e-05	9.982684e-06	2.827689e-06	7.645328e-07	1.992084e-07	5.049024e-08	1.270015e-08	3.660358e-09
T1	1.909475e-17	5.305929e-14	3.669335e-13	8.071015e-10	2.560278e-08	1.064823e-07	3.807332e-07	1.006153e-06	1.434178e-05	9.748312e-05	1.147078e-05	4.841091e-07	3.517607e-08	4.584587e-09	6.728625e-10	8.612300e-11	1.221372e-11	2.575470e-12	8.244319e-13	4.094647e-13	2.150711e-13	1.111411e-13	9.091062e-14	1.151183e-13	1.310705e-13	1.030114e-13	7.086168e-14	5.888168e-14	5.196651e-14	3.933370e-14	2.041645e-14	5.977137e-15	1.840609e-15	7.995372e-16	3.223637e-16	1.194149e-16	4.031766e-17	1.234882e-17	3.429576e-18	8.664226e-19	2.001695e-19	4.252758e-20	8.345977e-21	1.515750e-21	2.535823e-22	3.812599e-23	4.657253e-24	2.228699e-25	1.194116e-28	7.217854e-31	
T2	9.812085e-24	6.533067e-24	3.101888e-24	2.999153e-23	3.079308e-23	9.905594e-24	2.444270e-24	3.594907e-25	3.262694e-25	7.081848e-26	1.339748e-29	4.908180e-34	2.231721e-37	1.808613e-39	2.727381e-41	3.327189e-43	6.270696e-45	3.869694e-46	7.318963e-47	4.190106e-47	2.945959e-47	2.102129e-47	4.281924e-47	2.352476e-46	1.016398e-45	1.471814e-45	9.182687e-46	4.151682e-46	1.869822e-46	7.386026e-47	1.531892e-47	1.015193e-48	8.967809e-50	2.038655e-50	4.611501e-51	1.034581e-51	2.286379e-52	4.948328e-53	1.045656e-53	2.154915e-54	4.326441e-55	8.447150e-56	1.599573e-56	2.925466e-57	5.118720e-58	8.325933e-59	1.134484e-59	6.219716e-61	2.421355e-64	2.866277e-66	
T3	2.854503e-17	7.944410e-18	1.839734e-18	3.476083e-19	5.136117e-20	5.755943e-21	5.146148e-22	3.212534e-23	1.529730e-22	2.828778e-22	4.023747e-26	6.643636e-31	1.501151e-34	8.343061e-37	9.094315e-39	7.964113e-41	1.059215e-42	4.594635e-44	5.951259e-45	2.263056e-45	1.049240e-45	4.922905e-46	6.285121e-46	2.086885e-45	5.480668e-45	4.579522e-45	1.453148e-45	2.646011e-46	4.143014e-47	5.422588e-48	3.811989e-49	9.038133e-51	2.854691e-52	2.218306e-53	1.687239e-54	1.262793e-55	9.222889e-57	6.508016e-58	4.408704e-59	2.858529e-60	1.772044e-61	1.056027e-62	6.376808e-64	5.304817e-65	1.084793e-65	4.062309e-66	1.740454e-66	7.757388e-67	3.945583e-67	2.766426e-67	
T4	3.056565e-28	2.546406e-29	1.844551e-30	1.134515e-31	5.685200e-33	2.236228e-34	1.201126e-35	7.121012e-37	1.351429e-38	3.065204e-41	2.374333e-45	3.542004e-50	7.886387e-54	3.183678e-56	2.281604e-58	1.167199e-60	9.587550e-63	3.112039e-64	3.849910e-65	1.823700e-65	1.093130e-65	6.616296e-66	1.544586e-65	1.278647e-64	7.960875e-64	1.465417e-63	1.139714e-63	8.515381e-64	7.415008e-64	5.427372e-64	1.705831e-64	1.253922e-65	1.352857e-66	4.944376e-67	1.825662e-67	6.827791e-68	2.585496e-68	9.883352e-69	3.797546e-69	1.460615e-69	5.603886e-70	2.137889e-70	8.079844e-71	3.008384e-71	1.092485e-71	3.783954e-72	1.174376e-72	2.521872e-73	1.227394e-75	4.436492e-77	
T5	3.208507e-42	7.096305e-43	5.375197e-44	1.023537e-43	1.746594e-44	8.838605e-46	4.923487e-47	2.477614e-48	2.830992e-50	6.478654e-52	3.419374e-57	1.641588e-63	2.205636e-68	1.655523e-71	2.824068e-74	3.276600e-77	7.099813e-80	9.142897e-82	6.454572e-83	2.478815e-83	1.314681e-83	7.193525e-84	1.997434e-83	2.567867e-82	2.301631e-81	4.381278e-81	2.881753e-81	1.819114e-81	1.393404e-81	8.487796e-82	1.812461e-82	6.459500e-84	3.588988e-85	8.584524e-86	2.003628e-86	4.542735e-87	9.967117e-88	2.113737e-88	4.344518e-89	8.720560e-90	1.732384e-90	3.471460e-91	7.169938e-92	1.548675e-92	3.471306e-93	7.692588e-94	1.459310e-94	9.521930e-96	2.672693e-99	4.298299e-101	
T6	4.089141e-16	1.562871e-14	6.392924e-14	6.683335e-11	1.655926e-09	6.629459e-09	3.446575e-08	2.149474e-07	4.752987e-07	3.613896e-06	5.154832e-07	3.717588e-08	4.881788e-09	1.098430e-09	2.544256e-10	5.018623e-11	9.694187e-12	2.228528e-12	6.159912e-13	2.090420e-13	7.236737e-14	2.470582e-14	1.057072e-14	5.660816e-15	2.900417e-15	1.211309e-15	4.573216e-16	1.785699e-16	6.616573e-17	2.153848e-17	5.696815e-18	1.122210e-18	2.278036e-19	5.539139e-20	1.307528e-20	2.986467e-21	6.580356e-22	1.397633e-22	2.869809e-23	5.740172e-24	1.133180e-24	2.249322e-25	4.583906e-26	9.720523e-27	2.125185e-27	4.554103e-28	8.258694e-29	5.072407e-30	1.334550e-33	1.882884e-35	
T7	7.866447e-31	8.209702e-29	6.300757e-27	7.522286e-23	1.800922e-20	3.235080e-19	1.116148e-17	5.839224e-16	1.204716e-14	1.634218e-12	5.467085e-14	3.577814e-16	4.909649e-18	2.193390e-19	1.049253e-20	3.676365e-22	1.252102e-23	6.031176e-25	4.021976e-26	3.758178e-27	3.495247e-28	3.004129e-29	3.498990e-30	5.515129e-31	7.708536e-32	7.285264e-33	5.417845e-34	4.136445e-35	3.074298e-36	1.938694e-37	8.896848e-39	2.555446e-40	7.709379e-42	3.077874e-43	1.154219e-44	4.065586e-46	1.337612e-47	4.102108e-49	1.178138e-50	3.211760e-52	8.512163e-54	2.271322e-55	6.359729e-57	1.927680e-58	6.267145e-60	2.002845e-61	4.873311e-63	3.264232e-65	1.471269e-67	6.675791e-70	
T8	1.040158e-20	9.502022e-22	7.758936e-23	5.434794e-24	3.009284e-25	1.217966e-26	4.397786e-28	1.197101e-29	1.527655e-31	8.009965e-36	2.612893e-40	4.368056e-45	1.278236e-48	7.574687e-51	8.551342e-53	7.527093e-55	1.022870e-56	4.732375e-58	7.036637e-59	3.333748e-59	1.956745e-59	1.165112e-59	2.119219e-59	1.100944e-58	4.437736e-58	5.667361e-58	2.873446e-58	9.949822e-59	3.287295e-59	9.195580e-60	1.286055e-60	5.380754e-62	3.070966e-63	4.795585e-64	7.552349e-65	1.206962e-65	1.976108e-66	3.394675e-67	6.399518e-68	1.397659e-68	3.633688e-69	1.098606e-69	3.675606e-70	1.304757e-70	4.792421e-71	1.797900e-71	6.842888e-72	2.632612e-72	1.024981e-72	4.039326e-73	
T9	1.662654e-19	2.951113e-20	4.433066e-21	5.370649e-22	5.032101e-23	3.589227e-24	2.585397e-25	1.496398e-26	4.153643e-28	8.237388e-31	1.005274e-34	5.468831e-39	4.052307e-42	3.758255e-44	6.010777e-46	7.406786e-48	1.282418e-49	6.348166e-51	8.807161e-52	3.451544e-52	1.590068e-52	7.188156e-53	9.103725e-53	3.014177e-52	7.657471e-52	6.650878e-52	2.491618e-52	6.572416e-53	1.592584e-53	3.187384e-54	3.237681e-55	1.024608e-56	4.123206e-58	4.047920e-59	3.769195e-60	3.302150e-61	2.710348e-62	2.107266e-63	1.612329e-64	1.310193e-65	1.261084e-66	1.567815e-67	2.509570e-68	4.819880e-69	1.023854e-69	2.203490e-70	4.108154e-71	2.698295e-72	3.963137e-75	2.107997e-77	
T10	1.187022e-25	2.475631e-25	2.992634e-25	3.729320e-25	1.895755e-25	4.026720e-26	9.922631e-27	2.030558e-27	2.671442e-28	9.462554e-29	1.225576e-32	4.014206e-37	1.736771e-40	1.218348e-42	1.479912e-44	1.336330e-46	1.631571e-48	5.493989e-50	4.839504e-51	1.111381e-51	2.952783e-52	7.700346e-53	5.146242e-53	8.347131e-53	1.069184e-52	5.035523e-53	1.081612e-53	1.766318e-54	2.757703e-55	3.578267e-56	2.456322e-57	5.716049e-59	1.680538e-60	1.128205e-61	7.124726e-63	4.235626e-64	2.363397e-65	1.247209e-66	6.412676e-68	3.423649e-69	2.101465e-70	1.641807e-71	1.671451e-72	2.083122e-73	2.912722e-74	4.167205e-75	5.237900e-76	2.733835e-77	3.769033e-79	5.290260e-81	
T11	0.000000e+00	0.000000e+00	0.000000e+00	0.000000e+00	0.000000e+00	0.000000e+00	0.000000e+00	0.000000e+00	0.000000e+00	0.000000e+00	0.000000e+00	0.000000e+00	0.000000e+00	0.000000e+00	0.000000e+00	0.000000e+00	0.000000e+00	0.000000e+00	0.000000e+00	0.000000e+00	0.000000e+00	0.000000e+00	0.000000e+00	0.000000e+00	0.000000e+00	0.000000e+00	0.000000e+00	0.000000e+00	0.000000e+00	0.000000e+00	0.000000e+00	0.000000e+00	0.000000e+00	0.000000e+00	0.000000e+00	0.000000e+00	0.000000e+00	0.000000e+00	0.000000e+00	0.000000e+00	0.000000e+00	0.000000e+00	0.000000e+00	0.000000e+00	0.000000e+00	0.000000e+00	0.000000e+00	0.000000e+00	0.000000e+00	0.000000e+00	
T12	0.000000e+00	0.000000e+00	0.000000e+00	0.000000e+00	0.000000e+00	0.000000e+00	0.000000e+00	0.000000e+00	0.000000e+00	0.000000e+00	0.000000e+00	0.000000e+00	0.000000e+00	0.000000e+00	0.000000e+00	0.000000e+00	0.000000e+00	0.000000e+00	0.000000e+00	0.000000e+00	0.000000e+00	0.000000e+00	0.000000e+00	0.000000e+00	0.000000e+00	0.000000e+00	0.000000e+00	0.000000e+00	0.000000e+00	0.000000e+00	0.000000e+00	0.000000e+00	0.000000e+00	0.000000e+00	0.000000e+00	0.000000e+00	0.000000e+00	0.000000e+00	0.000000e+00	0.000000e+00	0.000000e+00	0.000000e+00	0.000000e+00	0.000000e+00	0.000000e+00	0.000000e+00	0.000000e+00	0.000000e+00	0.000000e+00	0.000000e+00	
T13	1.145907e-18	1.770119e-17	1.100264e-16	3.582199e-13	2.104338e-11	2.106193e-10	2.795359e-09	4.604402e-08	7.951420e-06	1.159769e-03	2.217021e-05	7.265531e-08	5.229060e-10	1.764089e-11	7.256391e-13	2.390426e-14	8.474740e-16	4.738691e-17	3.979962e-18	5.050951e-19	6.918301e-20	9.528926e-21	1.923675e-21	5.722361e-22	1.592875e-22	2.730226e-23	3.049391e-24	2.569967e-25	2.008792e-26	1.467328e-27	8.386548e-29	3.077000e-30	1.223151e-31	6.711465e-33	3.559382e-34	1.818951e-35	8.868252e-37	4.095717e-38	1.790464e-39	7.451840e-41	2.987137e-42	1.172552e-43	4.591427e-45	1.813564e-46	7.122389e-48	2.591514e-49	6.994211e-51	4.874136e-53	1.904775e-55	7.487022e-58	
T14	5.938004e-28	3.884556e-29	1.928709e-30	7.334070e-32	2.027365e-33	3.787647e-35	5.883397e-37	4.613502e-39	6.877065e-42	2.007043e-46	1.868160e-52	4.880386e-59	1.264761e-63	2.224762e-66	1.031930e-68	3.702362e-71	2.560312e-73	9.604455e-75	1.836289e-75	1.774897e-75	2.242719e-75	2.829089e-75	1.768567e-74	4.936504e-73	9.311514e-72	3.806133e-71	5.564225e-71	7.914880e-71	1.342487e-70	1.852220e-70	1.038392e-70	1.626038e-71	7.579302e-72	1.476761e-71	2.136388e-71	2.232996e-71	1.747708e-71	1.068418e-71	5.308095e-72	2.220547e-72	8.064687e-73	2.608840e-73	7.677009e-74	2.090700e-74	5.343159e-75	1.295840e-75	3.008893e-76	6.743680e-77	1.490371e-77	3.747575e-78	
T15	4.404220e-31	3.294296e-31	1.790592e-31	7.969751e-32	1.633880e-32	1.344219e-33	1.059827e-34	4.554829e-36	6.244212e-37	6.983358e-39	8.077607e-45	2.129501e-51	2.094568e-56	1.744262e-59	5.040165e-62	1.167094e-64	5.117298e-67	1.172142e-68	1.311595e-69	6.809966e-70	4.204544e-70	2.315815e-70	5.203488e-70	4.468600e-69	2.558136e-68	3.309275e-68	1.492200e-68	6.176723e-69	3.304443e-69	1.653622e-69	3.757117e-70	2.488737e-71	4.350014e-72	3.199699e-72	1.874869e-72	8.221889e-73	2.753530e-73	7.261161e-74	1.554267e-74	2.779073e-75	4.264658e-76	5.771809e-77	7.118888e-78	8.410938e-79	1.032660e-79	1.456057e-80	2.474134e-81	4.884740e-82	1.123370e-82	3.565151e-83	
T16	2.400697e-21	3.313268e-21	3.461103e-21	3.110571e-21	1.370970e-21	2.634189e-22	5.206368e-23	6.325979e-24	3.297635e-24	2.457418e-25	4.525396e-30	2.761198e-35	2.700959e-39	9.194503e-42	8.843644e-44	7.260030e-46	9.602677e-48	4.392159e-49	6.604568e-50	3.115022e-50	1.624024e-50	7.510465e-51	9.723023e-51	3.386710e-50	8.592678e-50	7.021009e-50	2.550270e-50	8.606611e-51	3.598386e-51	1.478967e-51	3.504335e-52	3.645462e-53	8.978909e-54	6.604531e-54	3.869936e-54	1.697089e-54	5.683590e-55	1.498784e-55	3.208179e-56	5.736313e-57	8.802725e-58	1.191365e-58	1.469417e-59	1.736110e-60	2.131524e-61	3.005463e-62	5.106886e-63	1.008264e-63	2.318760e-64	7.358866e-65	
T17	3.281940e-08	8.780569e-07	3.588728e-06	3.413072e-04	3.738131e-03	1.526687e-02	7.541099e-02	3.027070e-01	1.988449e+01	1.200311e+03	1.585776e+02	3.031935e+01	1.484308e+01	1.082183e+01	8.648687e+00	6.970724e+00	5.367926e+00	3.743931e+00	2.329307e+00	1.263197e+00	5.835641e-01	2.285179e-01	7.426999e-02	2.097917e-02	5.599257e-03	1.400000e-03	3.376814e-04	8.378119e-05	2.434415e-05	8.127400e-06	3.252292e-06	2.141718e-06	2.672248e-06	3.212540e-06	2.846123e-06	1.823489e-06	8.714320e-07	3.214685e-07	9.453557e-08	2.283825e-08	4.666075e-09	8.326264e-10	1.362199e-10	2.242723e-11	4.311268e-12	1.064830e-12	3.166307e-13	1.020507e-13	3.682301e-14	1.895859e-14	
T18	3.091841e-09	4.793165e-08	1.094680e-07	5.567074e-06	3.083253e-05	5.914878e-05	1.288471e-04	2.049160e-04	4.095603e-03	4.563725e-02	5.122852e-04	5.963262e-06	3.772078e-07	7.845374e-08	2.147845e-08	5.606382e-09	1.614491e-09	6.081293e-10	2.907756e-10	1.717813e-10	9.226119e-11	4.221580e-11	2.242260e-11	1.415084e-11	7.797388e-12	2.935647e-12	8.584990e-13	2.554957e-13	9.247178e-14	3.678935e-14	1.418146e-14	6.246958e-15	5.742271e-15	6.903281e-15	6.115904e-15	3.918413e-15	1.872581e-15	6.907891e-16	2.031432e-16	4.907607e-17	1.002672e-17	1.789193e-18	2.927168e-19	4.819285e-20	9.264288e-21	2.288165e-21	6.803932e-22	2.192922e-22	7.912728e-23	4.073925e-23	
T19	1.432074e-26	8.909947e-28	4.224141e-29	1.500090e-30	3.876862e-32	6.802810e-34	6.149533e-36	2.034711e-38	1.289813e-41	4.096828e-46	9.511134e-52	6.770621e-58	1.419081e-62	9.971082e-66	1.621912e-68	2.281401e-71	9.079074e-74	3.135819e-75	6.720811e-76	7.188551e-76	1.025340e-75	1.486050e-75	9.330972e-75	2.320540e-73	4.017274e-72	1.669104e-71	2.656478e-71	3.686297e-71	4.960232e-71	4.448954e-71	1.380803e-71	8.423876e-73	7.742415e-74	2.715750e-74	1.006275e-74	3.851420e-75	1.432619e-75	4.954264e-76	1.569065e-76	4.568802e-77	1.236838e-77	3.147956e-78	7.592105e-79	1.742576e-79	3.816759e-80	8.007357e-81	1.619126e-81	3.189501e-82	6.373633e-83	1.532936e-83	
T20	3.351241e-25	2.159306e-26	1.062643e-27	3.928274e-29	1.060612e-30	1.953486e-32	1.861089e-34	6.534538e-37	4.470743e-40	1.582561e-44	4.303443e-50	3.665783e-56	8.760751e-61	6.671332e-64	1.162348e-66	1.757573e-69	7.449883e-72	2.676816e-73	5.834746e-74	6.206655e-74	8.767750e-74	1.258104e-73	7.654721e-73	1.808012e-71	2.987809e-70	1.209218e-69	1.900913e-69	2.607231e-69	3.459189e-69	3.067935e-69	9.544683e-70	5.975042e-71	5.600359e-72	1.964397e-72	7.278739e-73	2.785867e-73	1.036264e-73	3.583592e-74	1.134959e-74	3.304775e-75	8.946478e-76	2.277026e-76	5.491635e-77	1.260466e-77	2.760795e-78	5.792001e-79	1.171170e-79	2.307078e-80	4.610272e-81	1.108826e-81	
T21	1.138028e-41	4.128574e-43	1.091131e-44	2.043870e-46	2.594341e-48	2.031852e-50	7.571320e-53	8.973238e-56	1.423614e-59	5.716183e-65	5.829217e-72	1.191418e-79	2.112558e-85	3.844393e-89	2.114329e-92	9.416314e-96	1.464917e-98	3.314804e-100	7.610060e-101	1.412490e-100	3.818789e-100	1.054728e-99	2.000274e-98	2.300305e-96	1.638739e-94	1.800609e-93	5.598051e-93	1.492121e-92	4.054608e-92	6.892582e-92	3.015823e-92	1.567924e-93	1.407635e-94	7.367712e-95	4.073703e-95	2.326606e-95	1.291404e-95	6.664073e-96	3.149421e-96	1.368427e-96	5.527914e-97	2.099455e-97	7.555615e-98	2.587787e-98	8.457866e-99	2.647799e-99	7.989243e-100	2.348427e-100	7.002790e-101	2.513259e-101	
T22	1.135227e-39	3.554419e-41	8.005030e-43	1.257956e-44	1.313025e-46	8.234614e-49	2.393620e-51	2.122914e-54	2.302113e-58	5.332782e-64	2.374835e-71	1.750228e-79	1.285217e-85	1.167329e-89	3.212872e-93	6.655990e-97	4.871809e-100	5.808559e-102	7.940577e-103	9.999345e-103	1.877673e-102	3.605944e-102	5.432697e-101	5.632349e-99	3.524598e-97	3.023382e-96	6.768504e-96	1.295908e-95	2.570801e-95	3.143091e-95	9.133511e-96	2.739692e-97	1.467524e-98	5.147757e-99	1.907472e-99	7.300811e-100	2.715732e-100	9.391592e-101	2.974429e-101	8.660977e-102	2.344652e-102	5.967537e-103	1.439227e-103	3.303384e-104	7.235396e-105	1.517948e-105	3.069364e-106	6.046314e-107	1.208245e-107	2.905975e-108	
T23	1.309810e-27	1.992595e-27	2.522778e-27	5.538288e-27	4.414421e-27	1.694698e-27	3.775734e-27	6.096601e-26	7.109582e-25	1.771276e-24	1.526715e-28	3.683640e-33	1.984959e-36	2.087531e-38	4.100743e-40	6.535824e-42	1.425040e-43	7.927038e-45	1.050742e-45	3.229295e-46	1.014279e-46	2.741854e-47	1.585762e-47	1.940835e-47	1.796278e-47	6.086415e-48	9.266807e-49	1.100945e-49	1.351888e-50	1.521576e-51	1.100146e-52	4.626191e-54	5.024585e-55	1.318585e-55	2.631782e-56	3.863307e-57	4.273446e-58	3.677551e-59	2.542777e-60	1.457234e-61	7.129189e-63	3.066206e-64	1.198476e-65	4.442843e-67	1.648270e-68	6.410609e-70	2.576567e-71	8.798484e-73	2.581579e-74	8.076932e-76	
T24	2.627993e-31	3.832044e-31	4.650115e-31	9.782944e-31	7.468475e-31	2.742012e-31	5.851226e-31	9.030927e-30	9.880175e-29	2.214060e-28	1.612942e-32	3.315945e-37	1.736930e-40	2.018937e-42	4.668214e-44	9.099404e-46	2.560862e-47	1.961860e-48	3.774301e-49	1.757299e-49	8.466979e-50	3.527141e-50	3.240864e-50	6.465319e-50	9.645493e-50	5.094445e-50	1.181272e-50	2.131971e-51	3.985276e-52	6.785494e-53	7.254642e-54	4.355885e-55	6.843319e-56	2.679599e-56	7.980290e-57	1.748002e-57	2.885228e-58	3.704956e-59	3.822586e-60	3.268924e-61	2.386397e-62	1.531553e-63	8.932824e-65	4.941388e-66	2.735553e-67	1.587616e-68	9.521749e-70	4.851904e-71	2.124317e-72	9.917671e-74	
T25	6.043553e-30	6.644132e-31	9.094752e-32	2.047443e-31	1.864220e-31	6.439549e-32	2.167942e-32	4.025487e-33	2.570425e-34	6.465883e-36	1.510119e-39	1.458641e-43	1.656771e-46	2.500091e-48	6.866573e-50	1.619857e-51	5.759458e-53	5.818577e-54	1.555680e-54	1.067388e-54	8.715909e-55	7.149010e-55	1.397449e-54	6.271221e-54	2.312895e-53	3.343170e-53	2.444630e-53	3.001019e-53	7.579756e-53	2.365636e-52	3.350341e-52	2.077565e-52	1.688744e-52	2.238186e-52	2.081761e-52	1.407489e-52	7.189515e-53	2.881396e-53	9.452575e-54	2.679891e-54	7.073361e-55	1.906570e-55	5.660152e-56	1.874355e-56	6.669862e-57	2.455606e-57	9.189587e-58	3.492768e-58	1.378663e-58	6.618126e-59	
T26	1.705478e-47	4.702361e-49	1.033171e-50	1.792691e-52	2.388361e-54	2.218612e-56	1.607821e-58	5.240279e-61	4.551903e-64	1.577283e-67	8.185020e-75	4.847312e-83	5.783706e-89	1.408376e-92	1.154959e-95	6.809122e-99	9.589994e-102	1.251730e-103	1.355864e-104	1.180279e-104	1.515696e-104	1.996449e-104	1.922607e-103	1.199533e-101	4.733878e-100	2.634114e-99	3.735291e-99	8.693026e-99	4.604168e-98	2.562579e-97	3.225688e-97	5.445850e-98	1.640878e-98	2.163016e-98	1.997177e-98	1.336489e-98	6.728792e-99	2.643289e-99	8.439290e-100	2.307820e-100	5.810493e-101	1.473708e-101	4.049258e-102	1.216934e-102	3.842064e-103	1.223542e-103	3.852079e-104	1.194889e-104	3.712185e-105	1.333295e-105	
T27	4.193375e-13	7.036080e-14	1.060282e-14	1.457127e-15	1.829223e-16	2.003057e-17	1.961069e-18	1.076643e-19	4.034145e-21	2.688897e-22	5.109811e-26	3.958134e-30	4.371093e-33	6.407798e-35	1.620167e-36	3.353858e-38	9.642623e-40	7.138592e-41	1.300362e-41	5.807247e-42	3.036448e-42	1.586364e-42	1.975451e-42	5.636997e-42	1.328557e-41	1.266328e-41	6.308485e-42	3.303829e-42	2.391344e-42	1.656383e-42	6.218672e-43	7.905337e-44	1.308440e-44	5.160747e-45	1.948554e-45	6.929627e-46	2.288465e-46	6.958555e-47	1.947147e-47	5.051834e-48	1.232208e-48	2.874149e-49	6.513702e-50	1.449479e-50	3.180636e-51	6.898720e-52	1.487921e-52	3.228673e-53	7.524442e-54	2.427183e-54	
T28	2.962227e-47	5.541286e-49	7.844560e-51	8.097670e-53	5.693130e-55	2.400310e-57	5.482627e-60	5.351454e-63	1.006398e-66	3.618663e-72	1.096547e-79	3.823499e-88	2.222994e-94	2.807438e-98	1.226975e-101	3.635281e-105	2.849344e-108	2.714373e-110	2.855193e-111	3.237156e-111	5.739970e-111	1.057026e-110	1.918964e-109	2.946396e-107	2.661235e-105	2.818930e-104	6.815783e-104	1.522204e-103	4.353503e-103	9.114676e-103	4.435167e-103	1.777604e-104	1.344104e-105	7.860181e-106	4.380181e-106	2.283314e-106	1.094304e-106	4.766058e-107	1.878707e-107	6.719351e-108	2.195372e-108	6.610546e-109	1.851939e-109	4.872834e-110	1.215295e-110	2.897892e-111	6.658932e-112	1.485480e-112	3.264328e-113	8.090410e-114	
T29	1.463427e-44	1.451715e-45	2.005446e-46	6.486040e-47	3.335126e-47	8.872266e-48	2.237658e-48	2.814722e-49	6.129684e-51	5.700187e-53	4.535131e-58	9.531183e-64	7.381629e-68	2.902264e-70	3.831290e-72	5.569060e-74	1.805568e-75	2.687547e-76	1.604241e-76	3.573478e-76	9.592990e-76	2.406883e-75	1.976720e-74	4.937353e-73	1.966271e-71	1.287893e-69	4.068570e-68	8.640760e-67	8.150171e-66	5.023547e-65	1.056839e-64	4.662049e-65	2.219251e-65	2.472970e-65	2.068396e-65	1.370337e-65	7.599310e-66	3.718046e-66	1.682529e-66	7.318732e-67	3.143549e-67	1.353510e-67	5.876804e-68	2.574868e-68	1.136733e-68	5.046892e-69	2.249789e-69	1.005735e-69	4.504919e-70	2.020802e-70	
T30	5.028620e-29	7.120982e-30	8.462708e-31	8.976693e-32	8.331442e-33	6.168341e-34	7.306181e-35	6.359297e-36	1.084330e-37	7.380998e-43	9.010280e-49	9.119014e-55	5.158904e-59	1.622382e-61	1.583365e-63	1.474968e-65	2.519443e-67	1.735813e-68	4.333486e-69	3.772341e-69	3.729874e-69	3.558020e-69	1.379705e-68	2.282409e-67	3.683596e-66	2.077703e-65	5.736161e-65	1.482918e-64	3.966200e-64	7.945117e-64	6.268954e-64	1.073180e-64	2.413926e-65	1.623905e-65	9.810324e-66	5.379702e-66	2.733966e-66	1.318506e-66	6.158980e-67	2.826365e-67	1.284829e-67	5.811164e-68	2.620940e-68	1.180164e-68	5.308841e-69	2.386660e-69	1.072539e-69	4.818649e-70	2.164519e-70	9.721759e-71	
T31	9.311827e-10	3.708766e-10	1.409219e-10	5.333388e-11	2.007578e-11	7.048929e-12	4.765297e-12	3.186644e-12	9.741705e-13	5.985631e-17	2.755710e-20	4.367676e-23	8.946433e-25	8.253939e-26	1.140946e-26	1.368706e-27	2.017835e-28	5.368268e-29	2.463781e-29	1.899216e-29	1.395260e-29	9.197794e-30	1.161896e-29	2.778864e-29	5.609562e-29	5.962015e-29	4.541882e-29	5.614822e-29	1.275308e-28	3.645961e-28	7.365691e-28	7.102440e-28	7.190577e-28	1.073042e-27	1.218519e-27	1.093229e-27	8.129082e-28	5.287799e-28	3.187489e-28	1.876830e-28	1.118114e-28	6.831332e-29	4.277690e-29	2.731006e-29	1.768646e-29	1.157394e-29	7.631802e-30	5.061108e-30	3.371730e-30	2.255461e-30	
T32	8.158447e+00	4.220040e+00	2.129560e+00	1.100842e+00	5.873392e-01	3.074943e-01	3.222734e-01	3.598284e-01	2.244793e-01	4.119549e-05	1.003976e-07	1.009650e-09	6.848601e-11	1.106993e-11	2.291332e-12	4.218525e-13	8.439792e-14	2.299617e-14	8.304594e-15	3.899999e-15	1.666898e-15	6.379008e-16	3.666777e-16	3.184779e-16	2.487645e-16	1.298794e-16	5.727492e-17	4.139278e-17	5.353809e-17	9.027690e-17	1.263321e-16	1.106840e-16	9.441053e-17	9.441563e-17	7.185052e-17	4.319958e-17	2.152685e-17	9.383926e-18	3.790785e-18	1.495808e-18	5.971831e-19	2.445106e-19	1.026058e-19	4.389914e-20	1.905220e-20	8.355174e-21	3.692089e-21	1.640822e-21	7.325528e-22	3.283917e-22	
T33	3.606700e-35	7.703095e-37	1.423026e-38	2.429945e-40	3.712253e-42	4.586923e-44	1.043072e-45	1.339050e-47	3.553358e-50	2.102580e-56	5.661824e-63	4.598237e-70	3.814574e-75	2.889582e-78	6.265074e-81	9.910061e-84	3.290687e-86	7.621374e-88	1.136201e-88	1.063192e-88	1.374052e-88	1.782198e-88	1.338138e-87	5.167152e-86	1.301832e-84	5.728623e-84	7.422610e-84	9.689342e-84	1.885357e-83	3.089665e-83	1.566945e-83	1.039291e-84	1.157421e-85	6.817142e-86	3.842961e-86	2.040020e-86	1.005462e-86	4.562239e-87	1.904813e-87	7.373535e-88	2.683407e-88	9.339360e-89	3.158649e-89	1.049234e-89	3.438921e-90	1.115363e-90	3.603611e-91	1.175298e-91	4.137473e-92	1.944829e-92	
T34	2.632194e-39	4.718975e-41	7.232892e-43	1.010372e-44	1.240295e-46	1.202640e-48	2.103129e-50	2.006131e-52	3.634359e-55	1.250679e-61	1.527042e-68	5.053027e-76	2.174248e-81	1.101398e-84	1.693479e-87	1.865740e-90	4.518802e-93	8.588878e-95	1.176736e-95	1.131777e-95	1.535115e-95	2.093088e-95	1.839775e-94	9.194186e-93	2.922891e-91	1.466671e-90	2.021511e-90	2.797425e-90	5.840566e-90	1.012520e-89	5.073834e-90	2.958011e-91	2.986650e-92	1.759119e-92	9.916510e-93	5.264139e-93	2.594529e-93	1.177256e-93	4.915244e-94	1.902693e-94	6.924356e-95	2.409961e-95	8.150688e-96	2.707480e-96	8.873910e-97	2.878120e-97	9.298881e-98	3.032781e-98	1.067648e-98	5.018504e-99	
T35	1.305161e-39	2.239770e-41	3.276528e-43	4.353091e-45	5.059549e-47	4.617701e-49	7.562482e-51	6.697877e-53	1.103054e-55	3.315237e-62	3.322130e-69	8.784455e-77	3.208168e-82	1.469739e-85	2.073925e-88	2.087503e-91	4.672704e-94	8.453583e-96	1.134021e-96	1.098201e-96	1.507665e-96	2.081471e-96	1.903011e-95	1.014299e-93	3.417382e-92	1.771976e-91	2.480304e-91	3.482717e-91	7.400441e-91	1.301094e-90	6.500402e-91	3.669531e-92	3.615442e-93	2.129474e-93	1.200427e-93	6.372420e-94	3.140766e-94	1.425109e-94	5.950071e-95	2.303274e-95	8.382170e-96	2.917340e-96	9.866687e-97	3.277498e-97	1.074217e-97	3.484063e-98	1.125661e-98	3.671285e-99	1.292424e-99	6.075071e-100	
T36	2.078600e-03	4.868291e-04	7.863333e-05	1.176342e-05	2.507196e-06	8.749776e-07	5.492357e-07	2.493628e-07	6.412840e-08	1.775281e-09	1.200078e-12	2.126050e-15	3.540660e-17	3.190214e-18	4.512387e-19	5.977428e-20	1.005390e-20	3.047471e-21	1.634952e-21	1.533593e-21	1.561730e-21	1.549373e-21	2.631840e-21	7.244603e-21	1.643930e-20	2.015730e-20	1.698506e-20	1.855620e-20	2.875729e-20	4.264149e-20	3.989199e-20	1.723465e-20	8.763363e-21	7.919498e-21	6.703612e-21	5.215963e-21	3.681142e-21	2.339156e-21	1.337795e-21	6.935651e-22	3.305246e-22	1.474060e-22	6.259600e-23	2.562675e-23	1.018433e-23	3.952105e-24	1.513157e-24	5.820467e-25	2.399332e-25	1.284987e-25	
T37	1.601136e-05	3.810273e-06	6.266937e-07	9.571514e-08	2.089469e-08	7.500025e-09	4.862270e-09	2.294437e-09	6.219730e-10	1.865673e-11	1.432409e-14	2.969925e-17	5.590576e-19	5.445268e-20	8.244744e-21	1.175022e-21	2.109034e-22	6.661839e-23	3.638011e-23	3.392820e-23	3.420188e-23	3.357811e-23	5.519493e-23	1.440653e-22	3.117960e-22	3.723302e-22	3.098734e-22	3.346143e-22	5.113469e-22	7.498205e-22	7.031401e-22	3.116700e-22	1.616152e-22	1.460525e-22	1.236290e-22	9.619351e-23	6.788815e-23	4.313904e-23	2.467181e-23	1.279083e-23	6.095581e-24	2.718482e-24	1.154404e-24	4.726122e-25	1.878208e-25	7.288528e-26	2.790585e-26	1.073419e-26	4.424881e-27	2.369792e-27	
T38	2.551853e-02	6.496990e-03	1.147956e-03	1.892929e-04	4.489927e-05	1.765950e-05	1.263332e-05	6.658876e-06	2.078687e-06	7.604678e-08	7.773611e-11	2.220858e-13	5.271203e-15	5.912463e-16	1.009360e-16	1.631356e-17	3.266447e-18	1.104719e-18	6.211276e-19	5.738032e-19	5.688631e-19	5.489370e-19	8.544935e-19	2.039710e-18	4.071917e-18	4.645257e-18	3.783687e-18	4.003492e-18	5.969449e-18	8.583128e-18	8.082572e-18	3.747590e-18	2.010832e-18	1.817199e-18	1.538203e-18	1.196849e-18	8.446708e-19	5.367401e-19	3.069690e-19	1.591447e-19	7.584180e-20	3.382362e-20	1.436321e-20	5.880287e-21	2.336884e-21	9.068456e-22	3.472073e-22	1.335558e-22	5.505479e-23	2.948518e-23	
T40	3.356546e-41	1.159186e-38	5.518694e-39	6.411510e-38	4.422665e-38	7.928331e-39	1.285943e-39	1.913051e-40	6.024971e-42	1.440561e-43	1.493766e-47	2.685216e-52	8.816850e-56	5.641560e-58	6.945444e-60	6.956531e-62	1.119286e-63	6.288039e-65	1.151692e-65	6.802040e-66	4.989847e-66	3.711744e-66	8.572563e-66	5.936769e-65	3.283350e-64	6.071258e-64	5.392677e-64	5.036659e-64	6.037878e-64	6.759156e-64	3.658475e-64	5.969988e-65	1.513538e-65	9.803975e-66	5.210005e-66	2.307231e-66	9.048952e-67	3.396813e-67	1.303750e-67	5.256792e-68	2.203571e-68	9.384522e-69	3.986080e-69	1.670286e-69	6.869640e-70	2.771412e-70	1.100676e-70	4.341478e-71	1.728839e-71	7.153196e-72	
T41	5.932712e-71	7.025257e-72	0.000000e+00	0.000000e+00	0.000000e+00	0.000000e+00	0.000000e+00	0.000000e+00	0.000000e+00	0.000000e+00	0.000000e+00	0.000000e+00	0.000000e+00	0.000000e+00	0.000000e+00	0.000000e+00	0.000000e+00	0.000000e+00	0.000000e+00	0.000000e+00	2.028303e-116	0.000000e+00	0.000000e+00	0.000000e+00	0.000000e+00	3.403641e-109	1.861516e-108	6.859919e-108	2.347209e-107	5.753264e-107	3.215623e-107	2.197041e-108	2.231994e-109	1.475895e-109	3.226489e-110	0.000000e+00	0.000000e+00	0.000000e+00	0.000000e+00	0.000000e+00	0.000000e+00	0.000000e+00	0.000000e+00	0.000000e+00	0.000000e+00	0.000000e+00	0.000000e+00	0.000000e+00	0.000000e+00	0.000000e+00	
T42	5.820127e-49	4.203902e-50	0.000000e+00	0.000000e+00	0.000000e+00	0.000000e+00	0.000000e+00	0.000000e+00	0.000000e+00	0.000000e+00	0.000000e+00	0.000000e+00	1.018906e-80	0.000000e+00	0.000000e+00	0.000000e+00	0.000000e+00	0.000000e+00	0.000000e+00	0.000000e+00	6.266872e-92	5.029744e-92	0.000000e+00	1.098882e-90	1.412486e-89	1.929703e-88	2.790679e-88	1.746048e-88	8.406476e-89	3.997841e-89	7.901983e-90	4.343839e-91	3.545774e-92	1.439722e-92	4.331202e-93	1.198019e-93	2.559758e-94	5.901567e-95	1.378623e-95	3.255867e-96	7.766468e-97	1.866326e-97	4.489181e-98	1.065559e-98	2.420647e-99	4.929390e-100	7.707836e-101	4.266510e-102	7.858377e-105	2.513526e-107	
T43	6.757758e-22	8.437070e-22	0.000000e+00	0.000000e+00	0.000000e+00	0.000000e+00	0.000000e+00	0.000000e+00	0.000000e+00	0.000000e+00	0.000000e+00	0.000000e+00	5.765173e-34	0.000000e+00	0.000000e+00	0.000000e+00	0.000000e+00	0.000000e+00	0.000000e+00	0.000000e+00	4.740213e-39	2.363885e-39	0.000000e+00	1.292645e-39	2.046904e-39	8.367666e-39	6.692467e-39	2.447675e-39	6.217075e-40	1.791077e-40	3.879383e-41	6.287645e-42	1.142535e-42	4.651694e-43	1.386994e-43	3.819589e-44	7.768014e-45	1.717159e-45	3.764026e-46	8.280739e-47	1.862730e-47	4.442586e-48	1.199047e-48	3.968704e-49	1.643180e-49	7.781182e-50	3.702330e-50	1.680376e-50	7.604277e-51	3.415199e-51	
T46	2.011008e-133	4.869676e-137	7.026972e-141	5.476833e-145	1.940195e-149	2.434993e-154	1.853671e-159	3.474876e-165	1.100543e-172	4.727074e-187	8.237545e-204	5.103466e-222	4.261292e-235	4.833536e-243	8.509465e-250	6.566226e-257	3.901277e-263	4.453770e-267	7.844598e-269	2.004038e-268	1.244470e-267	8.021416e-267	6.404266e-264	4.577581e-259	1.047692e-254	2.454345e-252	2.347267e-251	1.506301e-250	1.248922e-249	4.631428e-249	7.537692e-250	6.340561e-253	2.150446e-255	6.972968e-256	3.403725e-256	2.168276e-256	1.341194e-256	7.174394e-257	3.277620e-257	1.299328e-257	4.564762e-258	1.450077e-258	4.239956e-259	1.158900e-259	3.001141e-260	7.450656e-261	1.792135e-261	4.222911e-262	9.999868e-263	2.751002e-263	
T47	1.385142e-01	3.650965e-02	8.055072e-03	1.521602e-03	2.486004e-04	3.515887e-05	4.201441e-06	3.217381e-07	1.089749e-08	4.552422e-13	7.908106e-16	1.177041e-17	6.010744e-19	7.991314e-20	1.353295e-20	2.030093e-21	3.622828e-22	1.078077e-22	5.351622e-23	4.398630e-23	3.752915e-23	3.040550e-23	4.012787e-23	8.115054e-23	1.364099e-22	1.449738e-22	1.220296e-22	1.120970e-22	9.885571e-23	7.027308e-23	3.340391e-23	8.972659e-24	2.794328e-24	1.457874e-24	8.189514e-25	4.647318e-25	2.476788e-25	1.190788e-25	5.120148e-26	1.986977e-26	7.070980e-27	2.344091e-27	7.323132e-28	2.170892e-28	6.137392e-29	1.667840e-29	4.414999e-30	1.159814e-30	3.258047e-31	1.267621e-31	
T48	4.635466e-27	1.024540e-27	1.774324e-28	1.880003e-29	8.467388e-31	3.938747e-32	2.856587e-33	1.931511e-34	7.003725e-36	5.002162e-40	1.406233e-43	4.244670e-47	1.459202e-49	4.021932e-51	1.806964e-52	6.969097e-54	3.574124e-55	4.093954e-56	1.025204e-56	5.599593e-57	3.452302e-57	2.093891e-57	2.728505e-57	7.223757e-57	1.555530e-56	1.465447e-56	7.057438e-57	2.382763e-57	6.996889e-58	1.725030e-58	2.547358e-59	1.579744e-60	1.168013e-61	1.687022e-62	2.399963e-63	3.381889e-64	4.748073e-65	6.742300e-66	1.003022e-66	1.670169e-67	3.411831e-68	9.098352e-69	3.072819e-69	1.202303e-69	5.047695e-70	2.181067e-70	9.557458e-71	4.247117e-71	2.012732e-71	1.140401e-71	
T49	1.362681e-28	3.115891e-29	5.592937e-30	6.155975e-31	2.888498e-32	1.405178e-33	1.069073e-34	7.624717e-36	2.957566e-37	2.319857e-41	7.449053e-45	2.602390e-48	9.927793e-51	2.913608e-52	1.380305e-53	5.626021e-55	3.026514e-56	3.571294e-57	9.057119e-58	4.926634e-58	3.015480e-58	1.815289e-58	2.310033e-58	5.881824e-58	1.222496e-57	1.128788e-57	5.384822e-58	1.801812e-58	5.233862e-59	1.279220e-59	1.892530e-60	1.197206e-61	8.986009e-63	1.297897e-63	1.846392e-64	2.601828e-65	3.652891e-66	5.187134e-67	7.716668e-68	1.284931e-68	2.624865e-69	6.999743e-70	2.364048e-70	9.249819e-71	3.883403e-71	1.677986e-71	7.352952e-72	3.267485e-72	1.548479e-72	8.773584e-73	
T50	3.724492e-12	4.565933e-13	4.595399e-14	3.882159e-15	2.776022e-16	1.703650e-17	1.262804e-18	1.099298e-19	1.083165e-20	1.497370e-21	1.581747e-25	1.488617e-29	2.065799e-32	3.551218e-34	1.036162e-35	2.550050e-37	8.129789e-39	5.512351e-40	7.511154e-41	2.021613e-41	5.698992e-42	1.482790e-42	7.491200e-43	7.375782e-43	6.298898e-43	2.890748e-43	9.670916e-44	3.703089e-44	1.424442e-44	4.279023e-45	7.493840e-46	5.931272e-47	6.051288e-48	1.383104e-48	3.528159e-49	8.433400e-50	1.702676e-50	2.830378e-51	3.918769e-52	4.643431e-53	4.875480e-54	4.716069e-55	4.367144e-56	3.981889e-57	3.587891e-58	3.077670e-59	2.204491e-60	5.453493e-62	3.852776e-65	7.050070e-68	
T51	5.155197e-15	6.691164e-16	7.087717e-17	6.251706e-18	4.615358e-19	2.877063e-20	2.140457e-21	1.823489e-22	1.633332e-23	1.776282e-24	1.180345e-28	6.495294e-33	6.875222e-36	1.176289e-37	3.660666e-39	9.548135e-41	3.411870e-42	2.930687e-43	5.669534e-44	2.416239e-44	1.098860e-44	4.612145e-45	4.160027e-45	8.008333e-45	1.294491e-44	1.013201e-44	5.386080e-45	3.259523e-45	2.000794e-45	9.438706e-46	2.425700e-46	2.518036e-47	3.481893e-48	1.187550e-48	4.520380e-49	1.612348e-49	4.857551e-50	1.204922e-50	2.489394e-51	4.401620e-52	6.896362e-53	9.954333e-54	1.375496e-54	1.871458e-55	2.516283e-56	3.220861e-57	3.442607e-58	1.270817e-59	1.339714e-62	3.658144e-65	
T52	6.894978e-19	3.458843e-19	1.642214e-19	3.625399e-19	1.798400e-19	3.456187e-20	8.075388e-21	1.734397e-21	1.198984e-22	1.897252e-25	9.061659e-29	1.530667e-31	8.867071e-34	2.178884e-35	6.828755e-37	1.648009e-38	4.606857e-40	2.452955e-41	2.484837e-42	4.908034e-43	1.076974e-43	2.322164e-44	9.646115e-45	7.398429e-45	4.755847e-45	1.643410e-45	3.964370e-46	1.048837e-46	2.765674e-47	5.681116e-48	6.853015e-49	3.777686e-50	2.483494e-51	3.117139e-52	4.088825e-53	5.280039e-54	6.226840e-55	6.429095e-56	5.768232e-57	4.564816e-58	3.274559e-59	2.200830e-60	1.431296e-61	9.208662e-63	5.861232e-64	3.561034e-65	1.837050e-66	4.075449e-68	3.087180e-70	2.363140e-72	
T53	8.848835e-26	3.153315e-26	0.000000e+00	0.000000e+00	0.000000e+00	0.000000e+00	0.000000e+00	0.000000e+00	0.000000e+00	0.000000e+00	0.000000e+00	0.000000e+00	7.348932e-41	0.000000e+00	0.000000e+00	0.000000e+00	0.000000e+00	0.000000e+00	0.000000e+00	0.000000e+00	2.031376e-46	9.427256e-47	0.000000e+00	5.867761e-47	8.707594e-47	3.590413e-46	2.343372e-46	6.358439e-47	1.075495e-47	1.839359e-48	2.033790e-49	1.448140e-50	1.111655e-51	1.992967e-52	2.425087e-53	2.586716e-54	1.919549e-55	1.514373e-56	1.187849e-57	9.982624e-59	9.902632e-60	1.239422e-60	1.900646e-61	3.242595e-62	5.563660e-63	8.681753e-64	1.030025e-64	0.000000e+00	0.000000e+00	0.000000e+00	
T54	8.331492e-22	8.975266e-22	0.000000e+00	0.000000e+00	0.000000e+00	0.000000e+00	0.000000e+00	0.000000e+00	0.000000e+00	0.000000e+00	0.000000e+00	0.000000e+00	7.114559e-22	0.000000e+00	0.000000e+00	0.000000e+00	0.000000e+00	0.000000e+00	0.000000e+00	0.000000e+00	1.187917e-22	7.781284e-23	0.000000e+00	2.437697e-23	2.397428e-23	1.247158e-22	1.815784e-22	1.788890e-22	1.376068e-22	1.170528e-22	8.459401e-23	6.687086e-23	4.971722e-23	5.552360e-23	4.195726e-23	2.781470e-23	1.268866e-23	6.050643e-24	2.707382e-24	1.147134e-24	4.624778e-25	1.781481e-25	6.558595e-26	2.288672e-26	7.381077e-27	2.071997e-27	4.290615e-28	0.000000e+00	0.000000e+00	0.000000e+00	
T55	8.164895e-21	8.829948e-21	0.000000e+00	0.000000e+00	0.000000e+00	0.000000e+00	0.000000e+00	0.000000e+00	0.000000e+00	0.000000e+00	0.000000e+00	0.000000e+00	7.110993e-21	0.000000e+00	0.000000e+00	0.000000e+00	0.000000e+00	0.000000e+00	0.000000e+00	0.000000e+00	1.204707e-21	7.948456e-22	0.000000e+00	2.555985e-22	2.566649e-22	1.370920e-21	2.060453e-21	2.104796e-21	1.682340e-21	1.485435e-21	1.109960e-21	9.022506e-22	6.862427e-22	7.801167e-22	5.972491e-22	3.996433e-22	1.835063e-22	8.790161e-23	3.945352e-23	1.675179e-23	6.763237e-24	2.607718e-24	9.606606e-25	3.353750e-25	1.081915e-25	3.037716e-26	6.291216e-27	0.000000e+00	0.000000e+00	0.000000e+00	
T56	8.437885e-22	9.086080e-22	0.000000e+00	0.000000e+00	0.000000e+00	0.000000e+00	0.000000e+00	0.000000e+00	0.000000e+00	0.000000e+00	0.000000e+00	0.000000e+00	7.256990e-22	0.000000e+00	0.000000e+00	0.000000e+00	0.000000e+00	0.000000e+00	0.000000e+00	0.000000e+00	1.211113e-22	7.934936e-23	0.000000e+00	2.486982e-23	2.447907e-23	1.273516e-22	1.855244e-22	1.829083e-22	1.408145e-22	1.198744e-22	8.669920e-23	6.857799e-23	5.101702e-23	5.699359e-23	4.308243e-23	2.856602e-23	1.303466e-23	6.216172e-24	2.781663e-24	1.178669e-24	4.752084e-25	1.830563e-25	6.739403e-26	2.351792e-26	7.584698e-27	2.129167e-27	4.409016e-28	0.000000e+00	0.000000e+00	0.000000e+00	
T57	1.243853e-73	9.403814e-76	5.216813e-78	1.994744e-80	4.771894e-83	6.251213e-86	6.264902e-89	3.802782e-92	2.439951e-96	2.072680e-102	2.407052e-111	1.504296e-121	4.134808e-129	7.373956e-134	5.711286e-138	2.695677e-142	4.027785e-146	1.221489e-148	6.683391e-150	6.437988e-150	1.046878e-149	1.756987e-149	4.703463e-148	1.689202e-145	3.216965e-143	4.587450e-142	1.128186e-141	2.635693e-141	8.762329e-141	2.103617e-140	8.969422e-141	1.890004e-142	8.635024e-144	4.715887e-144	2.438172e-144	1.197593e-144	5.654582e-145	2.598516e-145	1.172907e-145	5.226513e-146	2.302490e-146	1.001522e-146	4.288908e-147	1.802668e-147	7.422648e-148	2.995873e-148	1.190044e-148	4.694083e-149	1.869325e-149	7.734651e-150	
T58	4.341586e-54	1.230755e-55	0.000000e+00	0.000000e+00	0.000000e+00	0.000000e+00	0.000000e+00	0.000000e+00	0.000000e+00	0.000000e+00	0.000000e+00	0.000000e+00	1.362463e-94	0.000000e+00	0.000000e+00	0.000000e+00	0.000000e+00	0.000000e+00	0.000000e+00	0.000000e+00	3.360198e-109	2.070699e-109	0.000000e+00	5.436815e-108	9.616705e-107	1.315713e-105	1.461177e-105	4.399958e-106	7.367877e-107	1.011153e-107	5.402660e-109	8.380350e-111	4.231930e-112	2.121817e-112	7.632809e-113	2.081745e-113	3.761311e-114	6.613822e-115	1.142775e-115	2.013390e-116	3.624715e-117	6.521825e-118	1.144296e-118	1.919991e-119	3.018401e-120	4.311662e-121	5.351395e-122	4.906378e-123	1.084669e-125	7.157251e-127	
T59	1.278054e-52	3.529166e-54	0.000000e+00	0.000000e+00	0.000000e+00	0.000000e+00	0.000000e+00	0.000000e+00	0.000000e+00	0.000000e+00	0.000000e+00	0.000000e+00	1.937366e-93	0.000000e+00	0.000000e+00	0.000000e+00	0.000000e+00	0.000000e+00	0.000000e+00	0.000000e+00	3.742160e-108	2.323420e-108	0.000000e+00	6.492504e-107	1.189157e-105	1.659302e-104	1.859908e-104	5.649861e-105	9.561366e-106	1.323299e-106	7.057772e-108	1.073795e-109	5.343356e-111	2.679066e-111	9.637402e-112	2.628470e-112	4.749138e-113	8.350800e-114	1.442901e-114	2.542163e-115	4.576669e-116	8.234643e-117	1.444821e-117	2.424236e-118	3.811119e-119	5.444027e-120	6.756823e-121	6.194933e-122	1.369535e-124	9.036950e-126	
T60	9.624718e-72	0.000000e+00	0.000000e+00	0.000000e+00	0.000000e+00	0.000000e+00	0.000000e+00	0.000000e+00	0.000000e+00	6.605295e-81	0.000000e+00	0.000000e+00	4.538455e-96	9.382673e-99	0.000000e+00	0.000000e+00	0.000000e+00	0.000000e+00	0.000000e+00	0.000000e+00	0.000000e+00	2.558421e-108	0.000000e+00	3.629346e-107	7.719669e-106	7.680989e-106	2.819710e-106	3.019772e-106	3.379488e-106	7.789384e-106	6.772003e-106	2.783627e-106	8.200712e-107	1.700702e-106	4.788353e-107	4.528281e-107	1.075714e-107	4.290450e-108	1.075287e-108	2.272249e-109	4.180902e-110	6.809596e-111	9.927056e-112	1.298553e-112	1.506386e-113	1.493372e-114	1.115382e-115	0.000000e+00	0.000000e+00	0.000000e+00	
T91	7.989504e-48	2.389965e-49	1.374677e-50	1.720663e-50	1.471214e-50	3.501982e-51	3.703168e-51	6.855307e-50	6.909181e-49	1.791633e-49	6.269393e-50	5.864088e-52	1.693920e-54	2.710404e-56	4.481920e-58	3.503833e-60	2.639926e-62	4.483098e-64	1.695584e-65	1.459531e-66	1.389613e-67	1.255413e-68	2.470493e-69	1.059423e-69	3.792126e-70	6.021401e-71	5.323453e-72	4.415696e-73	4.758696e-74	6.544472e-75	6.767546e-76	2.648292e-77	1.386935e-78	1.783571e-79	2.132184e-80	2.394706e-81	2.609405e-82	2.846892e-83	3.183706e-84	3.699109e-85	4.486649e-86	5.674118e-87	7.452400e-88	1.011840e-88	1.413998e-89	2.025582e-90	2.963331e-91	4.413289e-92	6.694294e-93	1.046802e-93	
T92	9.309320e-37	5.735214e-38	3.560953e-39	4.466023e-40	5.650409e-41	4.439228e-42	6.935496e-43	3.071880e-43	7.633115e-44	8.426522e-47	1.629161e-50	8.871398e-55	4.171508e-58	3.661036e-60	5.666619e-62	5.844460e-64	7.924468e-66	3.090328e-67	3.287046e-68	9.298797e-69	2.778314e-69	7.163632e-70	4.559677e-70	6.933781e-70	7.661718e-70	2.968453e-70	5.111838e-71	7.916955e-72	1.417610e-72	2.509913e-73	2.899475e-74	1.728001e-75	2.920605e-76	1.542902e-76	6.343998e-77	1.951533e-77	4.678395e-78	9.163524e-79	1.527545e-79	2.239295e-80	2.961411e-81	3.603694e-82	4.098638e-83	4.412807e-84	4.546241e-85	4.523756e-86	4.384060e-87	4.173017e-88	3.968969e-89	4.323359e-90	
T93	7.962514e-42	3.085139e-43	1.168113e-44	8.605786e-46	6.099316e-47	2.521259e-48	1.964321e-49	3.961132e-50	3.580536e-51	9.403327e-55	2.236647e-59	1.128775e-64	9.324503e-69	2.818234e-71	1.755044e-73	6.943413e-76	4.080903e-78	9.427564e-80	8.017329e-81	2.439176e-81	8.283255e-82	2.437949e-82	2.355684e-82	7.093484e-82	1.451359e-81	7.962487e-82	1.615075e-82	2.919558e-83	6.300485e-84	1.294786e-84	1.448965e-85	6.135843e-87	7.998829e-88	4.225635e-88	1.737467e-88	5.344775e-89	1.281299e-89	2.509667e-90	4.183575e-91	6.132885e-92	8.110587e-93	9.869643e-94	1.122518e-94	1.208561e-95	1.245105e-96	1.238947e-97	1.200688e-98	1.142888e-99	1.087004e-100	1.184063e-101	
