z		z0		z1		T		P		1		2		3		4		5		6		7		8		9		10		11		12		13		14		15		16		17		18		19		20		21		22		23		24		25		26		27		28		29		30		31		32		33		34		35		36		37		38		39		40		41		42		43		44		45		46		47		48		49		50		51		52		53		54		55		56		57		58		59		60		61		62		63		64		65		66		67		68		69		70		71		72		73		74		75		76		77		78		79		80		81		82		83		84		85		86		87		88		89		90		91		92		93		94		95		96		97		98		99		100		101		102		103		104		105		106		107		108		109		110		111		
km		km		km		K		Pa		
0.500000	0.000000	1.000000	280.786111	9.148344e+04	6.475705e+01	1.592923e+07	4.755676e+01	1.892886e-01	1.466508e+08	7.119809e+09	2.359830e+17	7.199470e-17	6.893095e-07	3.345102e-11	6.053503e+06	3.880196e-02	1.021937e+01	3.927372e-05	9.349142e-14	1.622215e-05	1.995026e-08	8.251598e-07	0.000000e+00	1.758045e+18	1.352519e+15	1.266278e+06	7.352643e-06	6.194366e+02	5.170936e+06	0.000000e+00	2.703082e-02	1.292787e-10	1.995277e+00	3.392211e-04	8.248325e+01	2.033246e-17	3.216222e+00	6.409445e-01	4.345876e-02	9.179974e-11	1.641212e-02	4.105499e-25	7.683156e-16	1.020133e-04	3.142747e-10	5.988191e+04	2.932890e+09	1.408894e-05	1.179916e+09	4.261412e+01	1.509396e-01	8.543833e+00	3.582550e-09	2.906847e-38	0.000000e+00	2.123847e+19	2.436031e+16	2.539635e+14	2.359830e+18	2.328317e-07	1.715135e-17	0.000000e+00	3.199466e-16	6.000193e-03	8.006788e+01	4.501977e-04	1.317106e+02	4.992425e-15	2.350062e-07	1.422519e-07	8.998233e-25	6.764014e-06	0.000000e+00	1.628550e-01	1.597932e+03	1.759155e+00	4.334884e+05	2.090008e-05	1.387532e-04	3.511462e-21	1.201839e-26	1.091728e+06	7.343075e-36	5.928802e-16	0.000000e+00	0.000000e+00	0.000000e+00	0.000000e+00	0.000000e+00	0.000000e+00	0.000000e+00	0.000000e+00	0.000000e+00	0.000000e+00	0.000000e+00	0.000000e+00	0.000000e+00	0.000000e+00	0.000000e+00	0.000000e+00	0.000000e+00	0.000000e+00	0.000000e+00	0.000000e+00	0.000000e+00	0.000000e+00	0.000000e+00	0.000000e+00	0.000000e+00	3.204071e-37	1.452937e-16	2.690832e-23	8.469452e-13	2.205469e-21	0.000000e+00	
1.500000	1.000000	2.000000	266.358333	7.619615e+04	1.571330e+02	2.711665e+07	1.491562e+01	6.402660e-02	7.143114e+07	1.007532e+10	1.872737e+16	1.066915e-15	1.393821e-06	3.084455e-11	5.315641e+06	1.087731e-01	9.707472e+00	4.159400e-04	1.169462e-11	1.226849e-05	2.837594e-08	2.634826e-06	5.985841e-37	1.543582e+18	1.187526e+15	3.648211e+06	1.649450e-05	6.468675e+02	5.410421e+06	1.445049e-24	2.373220e-02	4.147690e-10	1.748500e+00	3.406979e-04	7.242593e+01	4.828410e-17	9.142399e+00	4.452653e-01	4.499309e-02	1.847185e-10	1.466077e-02	7.169861e-26	3.456762e-15	7.486966e-04	1.295343e-09	1.997665e+05	2.793729e+09	2.998250e-04	7.368936e+08	5.343022e+01	1.134466e-01	1.024262e+01	3.269019e-09	3.328773e-37	0.000000e+00	1.864760e+19	2.138861e+16	2.229975e+14	2.071956e+18	5.646722e-07	3.656115e-17	3.151708e-23	5.559249e-16	2.616599e-03	1.945840e+01	7.083797e-04	4.276539e+01	1.508792e-14	1.298790e-07	1.252361e-07	7.907093e-25	2.659361e-06	0.000000e+00	6.823273e-01	1.047239e+03	1.544557e+00	6.630684e+05	2.715567e-05	1.803945e-04	7.528027e-20	1.626167e-25	2.420950e+06	6.447299e-36	9.493629e-16	0.000000e+00	0.000000e+00	0.000000e+00	0.000000e+00	0.000000e+00	0.000000e+00	0.000000e+00	0.000000e+00	0.000000e+00	0.000000e+00	0.000000e+00	0.000000e+00	0.000000e+00	0.000000e+00	0.000000e+00	0.000000e+00	0.000000e+00	0.000000e+00	0.000000e+00	0.000000e+00	0.000000e+00	0.000000e+00	0.000000e+00	0.000000e+00	0.000000e+00	2.554107e-37	1.275720e-16	2.606991e-23	7.625868e-13	1.966937e-21	0.000000e+00	
2.500000	2.000000	3.000000	251.930556	6.281936e+04	3.224611e+02	4.372949e+07	1.141736e+01	5.719036e-02	5.406654e+07	1.131448e+10	5.278257e+15	6.960678e-15	1.972394e-06	9.209247e-11	4.635116e+06	1.452260e-01	6.506552e+00	3.712715e-03	5.521024e-10	8.490730e-06	3.305569e-08	3.363417e-06	0.000000e+00	1.345475e+18	1.035115e+15	6.166644e+06	2.311929e-05	6.702577e+02	5.750110e+06	1.512640e-24	2.068264e-02	7.189271e-10	1.519123e+00	3.349610e-04	6.313736e+01	8.173448e-17	1.564675e+01	4.825530e-01	4.717467e-02	3.729440e-10	1.303335e-02	2.718584e-26	1.025465e-14	2.787933e-03	3.965500e-09	4.675601e+05	2.606823e+09	1.691638e-03	4.381896e+08	5.100971e+01	1.041951e-01	9.359861e+00	3.028495e-09	1.919352e-39	0.000000e+00	1.625432e+19	1.864353e+16	1.943961e+14	1.806037e+18	1.218898e-06	7.988731e-17	0.000000e+00	8.455882e-16	2.503997e-03	1.121413e+01	1.060764e-03	3.657203e+01	2.468296e-14	6.937046e-08	1.059837e-07	6.912211e-25	2.742094e-06	0.000000e+00	3.925191e+00	9.378041e+02	1.346325e+00	7.477048e+05	3.397451e-05	2.258282e-04	7.393177e-19	1.351371e-24	3.779960e+06	5.619837e-36	1.340493e-15	0.000000e+00	0.000000e+00	0.000000e+00	0.000000e+00	0.000000e+00	0.000000e+00	0.000000e+00	0.000000e+00	0.000000e+00	0.000000e+00	0.000000e+00	0.000000e+00	0.000000e+00	0.000000e+00	0.000000e+00	0.000000e+00	0.000000e+00	0.000000e+00	0.000000e+00	0.000000e+00	0.000000e+00	0.000000e+00	0.000000e+00	0.000000e+00	0.000000e+00	1.905745e-37	1.112023e-16	2.883430e-23	6.975634e-13	1.761028e-21	0.000000e+00	
3.500000	3.000000	4.000000	237.502778	5.120354e+04	9.739698e+02	9.596058e+07	1.018546e+01	6.137265e-02	4.449523e+07	1.163077e+10	1.270470e+15	2.450666e-14	2.448089e-06	2.785382e-10	4.010503e+06	7.825225e-02	1.730082e+00	1.084509e-02	2.252807e-09	5.211715e-06	3.511162e-08	3.492787e-06	0.000000e+00	1.163307e+18	8.949674e+14	8.496845e+06	2.696993e-05	6.885384e+02	6.230247e+06	2.921990e-24	1.787546e-02	1.017902e-09	1.307344e+00	4.449897e-04	5.459726e+01	2.291343e-16	2.184837e+01	5.175076e-01	5.012678e-02	1.439367e-09	1.152484e-02	1.955557e-26	3.009751e-14	8.673570e-03	9.102011e-09	1.011094e+06	2.370402e+09	1.591664e-02	2.500545e+08	4.329132e+01	1.085384e-01	7.586806e+00	2.833384e-09	1.527146e-38	0.000000e+00	1.405359e+19	1.611932e+16	1.680974e+14	1.561512e+18	3.498771e-06	2.629410e-16	0.000000e+00	1.760749e-15	4.181008e-03	7.278774e+00	1.587956e-03	3.746448e+01	3.574802e-14	3.563382e-08	8.507551e-08	6.018948e-25	3.363120e-06	0.000000e+00	8.913273e+00	1.300023e+03	1.164042e+00	8.488868e+05	4.119644e-05	2.739839e-04	4.761186e-18	6.744735e-24	4.927783e+06	4.858949e-36	2.441084e-15	0.000000e+00	0.000000e+00	0.000000e+00	0.000000e+00	0.000000e+00	0.000000e+00	0.000000e+00	0.000000e+00	0.000000e+00	0.000000e+00	0.000000e+00	0.000000e+00	0.000000e+00	0.000000e+00	0.000000e+00	0.000000e+00	0.000000e+00	0.000000e+00	0.000000e+00	0.000000e+00	0.000000e+00	0.000000e+00	0.000000e+00	0.000000e+00	0.000000e+00	1.357541e-37	9.614992e-17	3.620842e-23	6.513123e-13	1.586324e-21	0.000000e+00	
4.500000	4.000000	5.000000	223.075000	4.120306e+04	3.000838e+03	2.136485e+08	1.252229e+01	7.683852e-02	4.079545e+07	1.153668e+10	2.534239e+14	1.060392e-13	2.831562e-06	6.555866e-10	3.440118e+06	5.361102e-02	6.095135e-01	1.441074e-02	2.732420e-09	3.513057e-06	4.338704e-08	3.584454e-06	2.305076e-42	9.966478e+17	7.667508e+14	1.046846e+07	2.779877e-05	7.005083e+02	6.853557e+06	0.000000e+00	1.530423e-02	1.199597e-09	1.112810e+00	6.220946e-04	4.678576e+01	6.520671e-16	2.722475e+01	4.495984e-01	5.386186e-02	6.161798e-09	1.013061e-02	1.860140e-28	6.212293e-14	2.549897e-02	1.858060e-08	2.166112e+06	2.101392e+09	1.788263e-01	1.379819e+08	3.433352e+01	1.354508e-01	5.730675e+00	2.656002e-09	0.000000e+00	0.000000e+00	1.204023e+19	1.381000e+16	1.440383e+14	1.337804e+18	1.009094e-05	9.433339e-16	7.378022e-29	3.802656e-15	9.569032e-03	6.247890e+00	2.423449e-03	4.462783e+01	4.900073e-14	2.967954e-08	7.502060e-08	5.255367e-25	4.779016e-06	0.000000e+00	1.018547e+01	2.132255e+03	9.972777e-01	9.430096e+05	4.876327e-05	3.244698e-04	2.626335e-17	2.730457e-23	5.863936e+06	4.162840e-36	4.583092e-15	0.000000e+00	0.000000e+00	0.000000e+00	0.000000e+00	0.000000e+00	0.000000e+00	0.000000e+00	0.000000e+00	0.000000e+00	0.000000e+00	0.000000e+00	0.000000e+00	0.000000e+00	0.000000e+00	0.000000e+00	0.000000e+00	0.000000e+00	0.000000e+00	0.000000e+00	0.000000e+00	0.000000e+00	0.000000e+00	0.000000e+00	0.000000e+00	0.000000e+00	9.352113e-38	8.237912e-17	4.936992e-23	6.228428e-13	1.437203e-21	0.000000e+00	
5.500000	5.000000	6.000000	208.647222	3.267627e+04	7.817961e+03	4.162637e+08	1.875566e+01	1.022202e-01	3.913445e+07	1.125192e+10	4.031959e+13	8.075372e-13	3.129295e-06	1.114188e-09	2.922066e+06	9.232134e-02	5.523503e-01	1.617080e-02	2.954560e-09	3.153102e-06	6.385261e-08	3.766103e-06	2.312347e-41	8.450512e+17	6.501226e+14	1.202759e+07	2.612605e-05	7.049538e+02	7.586418e+06	3.146514e-24	1.296265e-02	1.225256e-09	9.350056e-01	7.803718e-04	3.968288e+01	1.556382e-15	3.159890e+01	3.060386e-01	5.810080e-02	2.153921e-08	8.846328e-03	0.000000e+00	6.759659e-14	7.561308e-02	3.732704e-08	4.772803e+06	1.818890e+09	2.058547e+00	7.459572e+07	2.635429e+01	1.768537e-01	4.175922e+00	2.471263e-09	0.000000e+00	0.000000e+00	1.020883e+19	1.170940e+16	1.221540e+14	1.134315e+18	2.540972e-05	3.140839e-15	3.864625e-28	7.114717e-15	2.294647e-02	6.213196e+00	3.769191e-03	5.627488e+01	6.562952e-14	5.087909e-08	7.877400e-08	4.693646e-25	7.199834e-06	0.000000e+00	1.022892e+01	3.366128e+03	8.455854e-01	1.019441e+06	5.658722e-05	3.766941e-04	1.441814e-16	1.082039e-22	6.593543e+06	3.529644e-36	7.686569e-15	0.000000e+00	0.000000e+00	0.000000e+00	0.000000e+00	0.000000e+00	0.000000e+00	0.000000e+00	0.000000e+00	0.000000e+00	0.000000e+00	0.000000e+00	0.000000e+00	0.000000e+00	0.000000e+00	0.000000e+00	0.000000e+00	0.000000e+00	0.000000e+00	0.000000e+00	0.000000e+00	0.000000e+00	0.000000e+00	0.000000e+00	0.000000e+00	0.000000e+00	6.303060e-38	6.985303e-17	6.788179e-23	6.108975e-13	1.302085e-21	0.000000e+00	
6.500000	6.000000	7.000000	196.405694	2.551961e+04	2.220958e+04	8.143031e+08	3.004384e+01	1.392556e-01	3.828425e+07	1.074379e+10	6.843899e+12	5.376723e-12	3.314331e-06	1.487094e-09	2.430218e+06	1.792444e-01	5.897769e-01	1.742838e-02	3.105893e-09	3.502100e-06	9.744454e-08	4.015707e-06	1.643004e-40	7.011051e+17	5.393802e+14	1.301490e+07	2.290441e-05	6.942389e+02	8.272187e+06	1.267841e-24	1.073795e-02	1.221682e-09	7.659589e-01	8.976572e-04	3.294166e+01	4.058416e-15	3.460409e+01	2.205716e-01	6.146464e-02	7.181242e-08	7.592557e-03	5.354686e-27	5.234766e-14	2.108669e-01	7.464853e-08	9.752154e+06	1.522769e+09	2.347736e+01	4.050102e+07	2.122759e+01	2.717898e-01	3.090897e+00	2.235370e-09	0.000000e+00	0.000000e+00	8.469855e+18	9.714812e+15	1.013724e+14	9.410957e+17	6.533486e-05	1.084261e-14	1.296633e-27	1.390017e-14	6.061662e-02	6.678775e+00	6.072949e-03	7.156796e+01	8.669946e-14	1.073217e-07	9.328862e-08	4.375778e-25	1.088013e-05	0.000000e+00	9.902044e+00	5.648299e+03	7.015484e-01	1.061146e+06	6.431904e-05	4.283168e-04	7.195122e-16	4.190884e-22	7.052992e+06	2.928404e-36	1.200976e-14	0.000000e+00	0.000000e+00	0.000000e+00	0.000000e+00	0.000000e+00	0.000000e+00	0.000000e+00	0.000000e+00	0.000000e+00	0.000000e+00	0.000000e+00	0.000000e+00	0.000000e+00	0.000000e+00	0.000000e+00	0.000000e+00	0.000000e+00	0.000000e+00	0.000000e+00	0.000000e+00	0.000000e+00	0.000000e+00	0.000000e+00	0.000000e+00	0.000000e+00	4.189965e-38	5.795893e-17	8.744646e-23	6.079906e-13	1.157382e-21	0.000000e+00	
7.500000	7.000000	8.000000	186.593333	1.965063e+04	7.198692e+04	1.703261e+09	5.336816e+01	2.071496e-01	3.933198e+07	1.081150e+10	1.394911e+12	3.140453e-11	3.787006e-06	1.916001e-09	1.979256e+06	3.113818e-01	6.594953e-01	2.006878e-02	3.641559e-09	4.405128e-06	1.703475e-07	4.909638e-06	0.000000e+00	5.682555e+17	4.371745e+14	1.491464e+07	1.930448e-05	7.280060e+02	9.815557e+06	0.000000e+00	8.673833e-03	1.210369e-09	6.043630e-01	8.751428e-04	2.674025e+01	1.214585e-14	4.081269e+01	1.767046e-01	6.875841e-02	2.251467e-07	6.539349e-03	4.592308e-27	3.803527e-14	5.209666e-01	1.254508e-07	1.709268e+07	1.235851e+09	2.463610e+02	1.928382e+07	1.598374e+01	4.574846e-01	2.057075e+00	2.017148e-09	0.000000e+00	0.000000e+00	6.864935e+18	7.873982e+15	8.220632e+13	7.627712e+17	1.831616e-04	4.192400e-14	0.000000e+00	3.009259e-14	1.776104e-01	8.259148e+00	1.135525e-02	9.765409e+01	1.141050e-13	2.667318e-07	1.364904e-07	4.733304e-25	1.753368e-05	0.000000e+00	1.018415e+01	1.004500e+04	5.686150e-01	1.167986e+06	7.167759e-05	4.774481e-04	2.654260e-15	1.211719e-21	8.103228e+06	2.373512e-36	1.624076e-14	0.000000e+00	0.000000e+00	0.000000e+00	0.000000e+00	0.000000e+00	0.000000e+00	0.000000e+00	0.000000e+00	0.000000e+00	0.000000e+00	0.000000e+00	0.000000e+00	0.000000e+00	0.000000e+00	0.000000e+00	0.000000e+00	0.000000e+00	0.000000e+00	0.000000e+00	0.000000e+00	0.000000e+00	0.000000e+00	0.000000e+00	0.000000e+00	0.000000e+00	2.567915e-38	4.698454e-17	1.232796e-22	6.789179e-13	1.034307e-21	0.000000e+00	
8.500000	8.000000	9.000000	178.404306	1.492896e+04	2.066388e+05	3.133772e+09	1.362034e+02	4.396305e-01	4.826048e+07	1.519472e+10	3.233598e+11	1.535672e-10	6.608596e-06	3.148935e-09	1.601828e+06	4.828102e-01	9.397864e-01	3.312193e-02	7.409249e-09	6.903834e-06	4.616712e-07	1.038458e-05	2.964655e-38	4.515312e+17	3.473731e+14	2.376826e+07	1.525388e-05	1.092505e+03	1.585414e+07	8.145235e-26	6.788786e-03	8.675638e-10	4.292374e-01	5.407429e-04	2.144568e+01	3.212810e-14	7.343452e+01	1.072870e-01	9.018883e-02	4.107409e-07	6.434553e-03	1.918161e-27	2.590966e-14	1.074821e+00	9.839072e-08	2.434172e+07	9.733369e+08	1.941771e+03	4.785352e+06	6.615858e+00	4.513988e-01	7.298946e-01	1.960526e-09	0.000000e+00	0.000000e+00	5.454817e+18	6.256577e+15	6.546944e+13	6.060913e+17	4.573707e-04	1.686845e-13	2.683711e-26	5.615722e-14	4.640353e-01	1.503669e+01	2.660769e-02	1.870619e+02	1.477440e-13	8.825077e-07	3.492101e-07	6.191634e-25	3.939008e-05	0.000000e+00	1.545485e+01	1.340320e+04	4.518175e-01	1.721954e+06	7.804508e-05	5.199666e-04	3.820276e-15	9.650902e-22	1.400262e+07	1.885972e-36	1.415683e-14	0.000000e+00	0.000000e+00	0.000000e+00	0.000000e+00	0.000000e+00	0.000000e+00	0.000000e+00	0.000000e+00	0.000000e+00	0.000000e+00	0.000000e+00	0.000000e+00	0.000000e+00	0.000000e+00	0.000000e+00	0.000000e+00	0.000000e+00	0.000000e+00	0.000000e+00	0.000000e+00	0.000000e+00	0.000000e+00	0.000000e+00	0.000000e+00	0.000000e+00	1.200138e-38	3.736337e-17	2.836770e-22	1.251828e-12	1.017002e-21	0.000000e+00	
9.500000	9.000000	10.000000	175.000000	1.124197e+04	3.838814e+05	3.330112e+09	4.801486e+02	1.261433e+00	7.150665e+07	2.835660e+10	1.691190e+11	3.678763e-10	1.497907e-05	5.699339e-09	1.290768e+06	5.880499e-01	1.558228e+00	6.788151e-02	2.148543e-08	1.467839e-05	1.309033e-06	3.140599e-05	0.000000e+00	3.466324e+17	2.666664e+14	3.787346e+07	8.991598e-06	2.099687e+03	2.155945e+07	4.505705e-31	4.935922e-03	3.724066e-10	2.340751e-01	2.180272e-04	1.718830e+01	7.153486e-14	1.640365e+02	4.867792e-02	8.074728e-02	2.925305e-07	8.191487e-03	2.432348e-27	2.834191e-14	1.776568e+00	2.964389e-08	2.702219e+07	7.212097e+08	4.255706e+03	5.038343e+05	1.291846e+00	4.021302e-01	1.130671e-01	1.767195e-09	0.000000e+00	0.000000e+00	4.187554e+18	4.803020e+15	5.069545e+13	4.652842e+17	6.847123e-04	5.025401e-13	0.000000e+00	6.480595e-14	7.118094e-01	4.462800e+01	4.782622e-02	4.646053e+02	1.717463e-13	2.062224e-06	9.072583e-07	3.670556e-25	1.092455e-04	0.000000e+00	3.165149e+01	9.566668e+03	3.468540e-01	2.526452e+06	8.153488e-05	5.432908e-04	1.599884e-15	2.327158e-22	2.994967e+07	1.447823e-36	8.276146e-15	0.000000e+00	0.000000e+00	0.000000e+00	0.000000e+00	0.000000e+00	0.000000e+00	0.000000e+00	0.000000e+00	0.000000e+00	0.000000e+00	0.000000e+00	0.000000e+00	0.000000e+00	0.000000e+00	0.000000e+00	0.000000e+00	0.000000e+00	0.000000e+00	0.000000e+00	0.000000e+00	0.000000e+00	0.000000e+00	0.000000e+00	0.000000e+00	0.000000e+00	5.062154e-39	2.878312e-17	7.828174e-22	3.323109e-12	9.298460e-22	0.000000e+00	
10.500000	10.000000	11.000000	175.000000	8.449276e+03	5.464896e+05	2.540350e+09	1.482422e+03	3.133278e+00	1.012243e+08	4.542152e+10	1.358875e+11	5.728934e-10	2.766102e-05	8.782338e-09	1.040989e+06	6.241603e-01	2.309471e+00	1.112269e-01	4.604293e-08	3.165090e-05	2.723473e-06	7.983021e-05	0.000000e+00	2.605247e+17	2.004144e+14	4.290900e+07	3.854959e-06	3.437364e+03	1.983290e+07	4.101768e-22	3.315542e-03	1.396356e-10	1.001401e-01	8.600382e-05	1.418674e+01	3.057811e-14	2.859375e+02	2.380326e-02	5.593308e-02	1.545213e-07	1.106926e-02	1.177242e-26	4.617180e-14	2.663390e+00	5.619659e-09	2.714599e+07	5.063250e+08	4.485763e+03	3.280296e+04	1.700194e-01	1.017470e+00	1.125751e-02	1.280959e-09	0.000000e+00	0.000000e+00	3.147293e+18	3.609844e+15	3.888193e+13	3.496998e+17	7.495823e-04	1.166374e-12	0.000000e+00	5.182729e-14	7.824673e-01	1.308561e+02	5.949582e-02	9.561184e+02	1.773973e-13	3.083134e-06	1.479567e-06	1.512034e-25	2.384933e-04	0.000000e+00	5.358783e+01	5.572263e+03	2.606937e-01	2.796074e+06	8.117975e-05	5.409459e-04	3.638741e-16	4.964878e-23	4.950796e+07	1.088159e-36	4.776882e-15	0.000000e+00	0.000000e+00	0.000000e+00	0.000000e+00	0.000000e+00	0.000000e+00	0.000000e+00	0.000000e+00	0.000000e+00	0.000000e+00	0.000000e+00	0.000000e+00	0.000000e+00	0.000000e+00	0.000000e+00	0.000000e+00	0.000000e+00	0.000000e+00	0.000000e+00	0.000000e+00	0.000000e+00	0.000000e+00	0.000000e+00	0.000000e+00	0.000000e+00	2.426116e-39	2.187157e-17	1.599789e-21	8.362290e-12	6.430344e-22	0.000000e+00	
11.500000	11.000000	12.000000	175.000000	6.350326e+03	7.912898e+05	2.040191e+09	3.845623e+03	6.670222e+00	1.313383e+08	6.297462e+10	1.130512e+11	8.531925e-10	4.390852e-05	1.247001e-08	8.595094e+05	6.090262e-01	3.159231e+00	1.554310e-01	7.901872e-08	5.110036e-05	4.550964e-06	1.732622e-04	3.947922e-35	1.958083e+17	1.506186e+14	4.676025e+07	1.310715e-06	4.944257e+03	1.777561e+07	0.000000e+00	2.048637e-03	4.967281e-11	3.435070e-02	3.880106e-05	1.233886e+01	8.627378e-14	4.172311e+02	1.274015e-02	5.861680e-02	1.033306e-07	1.442974e-02	4.130174e-26	6.861472e-14	3.496777e+00	1.392222e-09	2.469163e+07	3.422746e+08	4.418071e+03	1.583419e+03	3.097083e-02	2.487357e+00	1.677150e-03	7.831812e-10	0.000000e+00	0.000000e+00	2.365447e+18	2.713065e+15	3.044936e+13	2.628281e+17	8.513704e-04	2.810180e-12	3.851750e-25	3.432922e-14	8.789390e-01	3.130437e+02	7.125628e-02	1.631101e+03	1.665855e-13	4.411073e-06	2.172969e-06	5.523466e-26	4.172228e-04	0.000000e+00	7.701473e+01	3.671643e+03	1.959380e-01	2.856862e+06	7.677727e-05	5.115739e-04	9.363510e-17	1.293224e-23	6.750933e+07	8.178413e-37	3.109470e-15	0.000000e+00	0.000000e+00	0.000000e+00	0.000000e+00	0.000000e+00	0.000000e+00	0.000000e+00	0.000000e+00	0.000000e+00	0.000000e+00	0.000000e+00	0.000000e+00	0.000000e+00	0.000000e+00	0.000000e+00	0.000000e+00	0.000000e+00	0.000000e+00	0.000000e+00	0.000000e+00	0.000000e+00	0.000000e+00	0.000000e+00	0.000000e+00	0.000000e+00	1.298113e-39	1.699126e-17	2.798263e-21	2.302177e-11	3.613721e-22	0.000000e+00	
12.500000	12.000000	13.000000	175.000000	4.772792e+03	1.565441e+06	2.327753e+09	8.557947e+03	1.246282e+01	1.564537e+08	7.576633e+10	9.611211e+10	1.487800e-09	6.103510e-05	1.650735e-08	7.229731e+05	4.837236e-01	4.022341e+00	1.932178e-01	1.135200e-07	4.212908e-05	6.097141e-06	3.232258e-04	2.800378e-34	1.471694e+17	1.131929e+14	6.116755e+07	4.133972e-07	6.254196e+03	2.050223e+07	0.000000e+00	1.142004e-03	2.079607e-11	9.392152e-03	2.180315e-05	1.104249e+01	1.262666e-13	5.202830e+02	1.000328e-02	1.121232e-01	1.239857e-07	1.708475e-02	1.200127e-25	8.178036e-14	3.340294e+00	1.279483e-09	1.701339e+07	2.260349e+08	5.589918e+03	6.835582e+01	3.169057e-02	3.840435e+00	1.407506e-03	4.167851e-10	0.000000e+00	0.000000e+00	1.777824e+18	2.039063e+15	2.452463e+13	1.975369e+17	1.357020e-03	8.796123e-12	8.740581e-25	2.497261e-14	1.351988e+00	6.180238e+02	1.084358e-01	2.342819e+03	1.397959e-13	8.079648e-06	3.730637e-06	2.039737e-26	6.023728e-04	0.000000e+00	9.493007e+01	3.656724e+03	1.472691e-01	3.071105e+06	7.016550e-05	4.674323e-04	6.437573e-17	6.730032e-24	7.799640e+07	6.146750e-37	2.487526e-15	0.000000e+00	0.000000e+00	0.000000e+00	0.000000e+00	0.000000e+00	0.000000e+00	0.000000e+00	0.000000e+00	0.000000e+00	0.000000e+00	0.000000e+00	0.000000e+00	0.000000e+00	0.000000e+00	0.000000e+00	0.000000e+00	0.000000e+00	0.000000e+00	0.000000e+00	0.000000e+00	0.000000e+00	0.000000e+00	0.000000e+00	0.000000e+00	0.000000e+00	7.878581e-40	1.386375e-17	4.347394e-21	6.671236e-11	1.961026e-22	0.000000e+00	
13.500000	13.000000	14.000000	175.000000	3.587150e+03	2.799262e+06	2.521569e+09	1.690352e+04	2.115376e+01	1.748133e+08	8.248607e+10	8.267241e+10	7.199705e-09	8.159527e-05	2.200576e-08	6.149590e+05	4.009563e-01	4.887129e+00	2.208579e-01	1.459806e-07	3.315293e-05	1.038848e-05	5.664129e-04	1.720388e-33	1.106141e+17	8.506508e+13	9.365562e+07	1.289055e-07	7.267599e+03	2.845048e+07	1.494049e-25	5.493043e-04	9.742140e-12	2.476411e-03	1.273832e-05	1.000876e+01	1.441843e-13	5.850865e+02	7.552596e-03	2.640258e-01	1.429174e-07	1.869220e-02	3.000740e-25	7.949222e-14	2.837860e+00	1.502877e-09	1.091686e+07	1.430140e+08	6.030442e+03	3.014378e+00	4.696926e-02	4.646641e+00	1.603110e-03	1.881529e-10	1.299709e-38	0.000000e+00	1.336179e+18	1.532499e+15	2.043453e+13	1.484654e+17	2.033307e-03	2.461190e-11	2.037265e-24	1.604227e-14	1.902421e+00	1.033420e+03	1.818008e-01	2.915773e+03	9.993190e-14	1.363851e-05	7.190849e-06	2.603490e-26	7.232138e-04	0.000000e+00	1.052663e+02	3.630904e+03	1.106906e-01	3.486790e+06	6.090731e-05	4.056278e-04	4.990040e-17	3.544984e-24	8.034306e+07	4.619793e-37	2.044332e-15	0.000000e+00	0.000000e+00	0.000000e+00	0.000000e+00	0.000000e+00	0.000000e+00	0.000000e+00	0.000000e+00	0.000000e+00	0.000000e+00	0.000000e+00	0.000000e+00	0.000000e+00	0.000000e+00	0.000000e+00	0.000000e+00	0.000000e+00	0.000000e+00	0.000000e+00	0.000000e+00	0.000000e+00	0.000000e+00	0.000000e+00	0.000000e+00	0.000000e+00	5.798482e-40	1.234994e-17	7.546222e-21	1.950174e-10	1.227165e-22	0.000000e+00	
14.500000	14.000000	15.000000	175.000000	2.696038e+03	1.569630e+07	8.767766e+09	4.443219e+04	4.871606e+01	1.862979e+08	8.261397e+10	7.097773e+10	3.454955e-07	1.089102e-04	3.200995e-08	5.241973e+05	6.244361e-01	5.769938e+00	2.957508e-01	2.117140e-07	2.027449e-05	5.522321e-05	1.147772e-03	3.240859e-32	8.313998e+16	6.392603e+13	1.559796e+08	5.136295e-08	7.865845e+03	5.554515e+07	1.222454e-26	1.985081e-04	7.269767e-12	5.139975e-04	7.103098e-06	9.015573e+00	3.791654e-13	6.049827e+02	1.837584e-02	6.719678e-01	4.948493e-07	1.902140e-02	1.062985e-24	1.205016e-13	8.495941e-01	2.604402e-10	2.488071e+06	9.032684e+07	1.973891e+04	2.701562e-01	2.989061e-02	2.406850e+00	1.108714e-03	7.239628e-11	7.189909e-39	0.000000e+00	1.004244e+18	1.151778e+15	1.750675e+13	1.115840e+17	9.722253e-03	2.178758e-10	1.149474e-23	2.500884e-14	8.319443e+00	2.202854e+03	5.558651e-01	4.729441e+03	5.729265e-14	6.562897e-05	2.032335e-05	1.649175e-25	1.129074e-03	0.000000e+00	1.065405e+02	1.029488e+04	8.319842e-02	4.570292e+06	5.249274e-05	3.494240e-04	2.012604e-18	3.818304e-26	7.515278e+07	3.472154e-37	1.589879e-15	0.000000e+00	0.000000e+00	0.000000e+00	0.000000e+00	0.000000e+00	0.000000e+00	0.000000e+00	0.000000e+00	0.000000e+00	0.000000e+00	0.000000e+00	0.000000e+00	0.000000e+00	0.000000e+00	0.000000e+00	0.000000e+00	0.000000e+00	0.000000e+00	0.000000e+00	0.000000e+00	0.000000e+00	0.000000e+00	0.000000e+00	0.000000e+00	0.000000e+00	5.380212e-40	1.226900e-17	2.343932e-20	5.379296e-10	1.091226e-22	0.000000e+00	
15.500000	15.000000	16.000000	175.000000	2.026294e+03	4.594737e+07	1.631122e+10	1.288524e+05	1.261185e+02	1.898587e+08	7.621051e+10	6.069735e+10	1.671878e-05	2.218974e-04	8.868755e-08	4.300171e+05	1.828050e+00	6.732506e+00	3.905874e-01	2.968121e-07	4.544147e-05	2.641202e-04	2.088823e-03	0.000000e+00	6.249100e+16	4.803969e+13	2.007395e+08	2.401768e-08	8.118427e+03	6.870645e+07	0.000000e+00	5.233668e-05	4.141757e-12	1.731509e-04	3.177452e-06	8.114012e+00	3.796348e-13	5.936781e+02	2.459670e-02	1.361005e+00	7.150331e-07	1.845856e-02	3.863446e-24	1.581100e-13	3.833543e-01	9.978155e-11	8.506762e+05	5.342019e+07	3.156105e+04	1.618387e-01	2.919083e-02	1.850789e+00	1.211527e-03	2.344267e-11	0.000000e+00	0.000000e+00	7.547673e+17	8.656405e+14	1.535541e+13	8.386453e+16	2.483564e-02	1.715490e-09	0.000000e+00	3.487869e-14	1.923620e+01	4.973191e+03	1.167123e+00	8.330864e+03	2.578821e-14	1.688207e-04	3.817248e-05	1.548149e-24	1.787826e-03	0.000000e+00	9.943339e+01	1.426027e+04	6.253578e-02	5.005278e+06	4.226922e-05	2.811822e-04	2.655334e-19	2.051889e-27	6.452930e+07	2.609609e-37	9.873805e-16	0.000000e+00	0.000000e+00	0.000000e+00	0.000000e+00	0.000000e+00	0.000000e+00	0.000000e+00	0.000000e+00	0.000000e+00	0.000000e+00	0.000000e+00	0.000000e+00	0.000000e+00	0.000000e+00	0.000000e+00	0.000000e+00	0.000000e+00	0.000000e+00	0.000000e+00	0.000000e+00	0.000000e+00	0.000000e+00	0.000000e+00	0.000000e+00	0.000000e+00	7.350695e-40	1.460074e-17	1.750841e-19	1.357076e-09	1.269607e-22	0.000000e+00	
16.500000	16.000000	17.000000	175.000000	1.522927e+03	7.797881e+07	1.788074e+10	2.831108e+05	2.484004e+02	1.830437e+08	6.412446e+10	5.158092e+10	2.431266e-04	5.753736e-04	3.677967e-07	3.311475e+05	3.659033e+00	7.710757e+00	4.255206e-01	3.388384e-07	8.859015e-05	6.708475e-04	2.941511e-03	2.201719e-30	4.697147e+16	3.610117e+13	1.940095e+08	1.149476e-08	8.048285e+03	5.899927e+07	0.000000e+00	1.184149e-05	2.100888e-12	7.884512e-05	1.533522e-06	7.268082e+00	1.993482e-13	5.624273e+02	2.046886e-02	1.924139e+00	6.434339e-07	1.731248e-02	9.517071e-24	1.737226e-13	2.746028e-01	6.706853e-11	4.764761e+05	3.166491e+07	2.931632e+04	1.426381e-01	3.095468e-02	1.704730e+00	1.220157e-03	6.904679e-12	1.113287e-39	0.000000e+00	5.672653e+17	6.505919e+14	1.368929e+13	6.303109e+16	3.732307e-02	1.148591e-08	8.608007e-23	4.358764e-14	2.608612e+01	8.212428e+03	1.511539e+00	1.088112e+04	9.632476e-15	2.532179e-04	4.565664e-05	6.725514e-24	2.095873e-03	0.000000e+00	8.577382e+01	1.276817e+04	4.700672e-02	4.489580e+06	3.404501e-05	2.262660e-04	9.745265e-20	5.361511e-28	5.130899e+07	1.961336e-37	6.586902e-16	0.000000e+00	0.000000e+00	0.000000e+00	0.000000e+00	0.000000e+00	0.000000e+00	0.000000e+00	0.000000e+00	0.000000e+00	0.000000e+00	0.000000e+00	0.000000e+00	0.000000e+00	0.000000e+00	0.000000e+00	0.000000e+00	0.000000e+00	0.000000e+00	0.000000e+00	0.000000e+00	0.000000e+00	0.000000e+00	0.000000e+00	0.000000e+00	0.000000e+00	1.629596e-39	2.250461e-17	1.388165e-18	3.009502e-09	1.618024e-22	0.000000e+00	
17.500000	17.000000	18.000000	175.000000	1.144605e+03	1.027526e+08	1.540645e+10	4.965112e+05	3.889500e+02	1.674356e+08	4.965281e+10	4.354388e+10	1.151671e-03	1.040353e-03	9.181456e-07	2.419880e+05	5.930484e+00	8.615197e+00	4.079480e-01	3.318835e-07	1.402371e-04	1.160547e-03	3.470497e-03	1.157973e-29	3.530702e+16	2.712947e+13	1.594133e+08	5.427435e-09	7.760449e+03	4.251631e+07	2.220583e-28	2.618591e-06	1.114770e-12	4.106830e-05	8.159586e-07	6.447701e+00	7.818478e-14	5.216543e+02	1.424548e-02	2.079323e+00	4.942097e-07	1.587481e-02	1.785626e-23	1.747156e-13	2.419503e-01	5.365884e-11	3.410021e+05	1.934236e+07	2.176537e+04	1.066691e-01	3.059298e-02	1.596184e+00	1.051304e-03	1.983176e-12	7.188039e-40	0.000000e+00	4.263424e+17	4.889703e+14	1.232854e+13	4.737305e+16	4.390452e-02	3.679020e-08	2.256776e-22	5.490097e-14	2.779962e+01	1.050350e+04	1.509608e+00	1.109638e+04	3.309753e-15	2.931364e-04	4.288310e-05	1.282827e-23	1.969417e-03	0.000000e+00	6.877449e+01	9.949384e+03	3.533645e-02	3.650921e+06	2.816170e-05	1.869339e-04	5.224299e-20	2.498794e-28	3.852295e+07	1.474105e-37	4.814785e-16	0.000000e+00	0.000000e+00	0.000000e+00	0.000000e+00	0.000000e+00	0.000000e+00	0.000000e+00	0.000000e+00	0.000000e+00	0.000000e+00	0.000000e+00	0.000000e+00	0.000000e+00	0.000000e+00	0.000000e+00	0.000000e+00	0.000000e+00	0.000000e+00	0.000000e+00	0.000000e+00	0.000000e+00	0.000000e+00	0.000000e+00	0.000000e+00	0.000000e+00	4.080333e-39	3.796511e-17	5.829059e-18	5.401507e-09	1.708240e-22	0.000000e+00	
18.500000	18.000000	19.000000	175.000000	8.602655e+02	1.237064e+08	1.223365e+10	7.777961e+05	5.418569e+02	1.464465e+08	3.576882e+10	3.654165e+10	3.550044e-03	1.422325e-03	1.677619e-06	1.705758e+05	8.911444e+00	9.319044e+00	3.620733e-01	2.894084e-07	1.966360e-04	1.678716e-03	3.657573e-03	6.002867e-29	2.653998e+16	2.038728e+13	1.217372e+08	2.530480e-09	7.379229e+03	2.798608e+07	0.000000e+00	6.064337e-07	6.228278e-13	2.242118e-05	4.511820e-07	5.667602e+00	3.063087e-14	4.787538e+02	9.754423e-03	1.955138e+00	3.597881e-07	1.435902e-02	2.937928e-23	1.671856e-13	2.291815e-01	4.386195e-11	2.686641e+05	1.217698e+07	1.519126e+04	7.045611e-02	2.819639e-02	1.451899e+00	8.315897e-04	5.764741e-13	5.140282e-40	0.000000e+00	3.204279e+17	3.675019e+14	1.117292e+13	3.560478e+16	4.735651e-02	7.982938e-08	6.638365e-22	7.277492e-14	2.737215e+01	1.168500e+04	1.363491e+00	9.939902e+03	1.153626e-15	3.051389e-04	3.584194e-05	1.835077e-23	1.670762e-03	0.000000e+00	5.095791e+01	7.441080e+03	2.656652e-02	2.873868e+06	2.391585e-05	1.584882e-04	3.068200e-20	1.329850e-28	2.773358e+07	1.107913e-37	3.633561e-16	0.000000e+00	0.000000e+00	0.000000e+00	0.000000e+00	0.000000e+00	0.000000e+00	0.000000e+00	0.000000e+00	0.000000e+00	0.000000e+00	0.000000e+00	0.000000e+00	0.000000e+00	0.000000e+00	0.000000e+00	0.000000e+00	0.000000e+00	0.000000e+00	0.000000e+00	0.000000e+00	0.000000e+00	0.000000e+00	0.000000e+00	0.000000e+00	0.000000e+00	8.079930e-39	5.668653e-17	1.483201e-17	8.111746e-09	1.513131e-22	0.000000e+00	
19.500000	19.000000	20.000000	175.000000	6.465602e+02	1.483645e+08	9.663077e+09	1.179529e+06	7.276059e+02	1.231884e+08	2.410265e+10	3.041329e+10	9.711067e-03	1.626524e-03	2.693009e-06	1.174737e+05	1.300198e+01	9.455385e+00	2.962357e-01	2.164368e-07	2.561551e-04	2.235945e-03	3.454508e-03	3.309664e-28	1.995042e+16	1.532055e+13	9.027867e+07	1.181189e-09	6.959007e+03	1.738665e+07	3.570471e-25	1.589131e-07	3.467139e-13	1.197930e-05	2.432358e-07	4.928573e+00	1.695653e-14	4.356793e+02	7.206517e-03	1.745809e+00	2.553498e-07	1.282867e-02	4.617155e-23	1.544571e-13	2.232020e-01	3.458864e-11	2.176769e+05	7.874348e+06	1.085565e+04	4.265735e-02	2.449612e-02	1.280629e+00	6.458872e-04	1.767509e-13	4.589534e-40	0.000000e+00	2.408245e+17	2.762094e+14	1.011486e+13	2.675992e+16	5.058378e-02	1.505239e-07	2.158305e-21	1.056544e-13	2.706079e+01	1.235069e+04	1.215903e+00	8.545726e+03	4.536490e-16	3.001536e-04	2.742001e-05	2.329934e-23	1.395457e-03	0.000000e+00	3.367588e+01	5.452119e+03	1.997608e-02	2.255880e+06	2.079125e-05	1.374787e-04	1.783443e-20	6.864207e-29	1.933239e+07	8.326875e-38	2.658415e-16	0.000000e+00	0.000000e+00	0.000000e+00	0.000000e+00	0.000000e+00	0.000000e+00	0.000000e+00	0.000000e+00	0.000000e+00	0.000000e+00	0.000000e+00	0.000000e+00	0.000000e+00	0.000000e+00	0.000000e+00	0.000000e+00	0.000000e+00	0.000000e+00	0.000000e+00	0.000000e+00	0.000000e+00	0.000000e+00	0.000000e+00	0.000000e+00	0.000000e+00	1.110912e-38	7.022129e-17	2.849761e-17	1.066383e-08	1.159492e-22	0.000000e+00	
20.500000	20.000000	21.000000	175.000000	4.859432e+02	1.849591e+08	7.923446e+09	1.790206e+06	9.804909e+02	9.941624e+07	1.505171e+10	2.518197e+10	2.410925e-02	1.507870e-03	3.728219e-06	7.926476e+04	1.803814e+01	8.436937e+00	2.118260e-01	1.245236e-07	3.000758e-04	2.784297e-03	2.805448e-03	2.296661e-27	1.499756e+16	1.151286e+13	6.620071e+07	5.469515e-10	6.608710e+03	1.020869e+07	0.000000e+00	4.833783e-08	1.837425e-13	6.085311e-06	1.244984e-07	4.268221e+00	2.106685e-14	3.975078e+02	6.093016e-03	1.529933e+00	1.785055e-07	1.142545e-02	7.287256e-23	1.396776e-13	2.162538e-01	2.407701e-11	1.740047e+05	5.169125e+06	8.169449e+03	2.309713e-02	1.933208e-02	1.059326e+00	4.984386e-04	5.650704e-14	4.552134e-40	0.000000e+00	1.809963e+17	2.075960e+14	9.189185e+12	2.011228e+16	5.589767e-02	2.476023e-07	8.895477e-21	1.736802e-13	2.786154e+01	1.277935e+04	1.112900e+00	7.315555e+03	2.109435e-16	2.712242e-04	1.840566e-05	2.458920e-23	1.177170e-03	0.000000e+00	1.846432e+01	3.930624e+03	1.502394e-02	1.786253e+06	1.829900e-05	1.206455e-04	9.089521e-21	2.836419e-29	1.305990e+07	6.258331e-38	1.838502e-16	0.000000e+00	0.000000e+00	0.000000e+00	0.000000e+00	0.000000e+00	0.000000e+00	0.000000e+00	0.000000e+00	0.000000e+00	0.000000e+00	0.000000e+00	0.000000e+00	0.000000e+00	0.000000e+00	0.000000e+00	0.000000e+00	0.000000e+00	0.000000e+00	0.000000e+00	0.000000e+00	0.000000e+00	0.000000e+00	0.000000e+00	0.000000e+00	0.000000e+00	9.277315e-39	6.696058e-17	3.979677e-17	1.244761e-08	7.439439e-23	0.000000e+00	
21.500000	21.000000	22.000000	175.000000	3.652267e+02	2.429557e+08	6.744303e+09	2.755183e+06	1.342148e+03	7.658778e+07	8.640106e+09	2.064460e+10	4.971802e-02	1.032384e-03	4.009372e-06	5.274435e+04	2.193361e+01	5.995952e+00	1.201356e-01	4.710790e-08	2.935919e-04	3.062498e-03	1.807802e-03	1.828773e-26	1.127472e+16	8.651409e+12	4.794382e+07	2.555210e-10	6.294783e+03	5.654346e+06	1.285403e-30	1.721371e-08	8.913610e-14	2.860321e-06	5.880611e-08	3.664097e+00	5.779984e-14	3.622650e+02	6.069476e-03	1.325901e+00	1.219277e-07	1.009402e-02	1.163832e-22	1.236309e-13	2.103585e-01	1.465159e-11	1.365610e+05	3.445007e+06	6.584239e+03	1.108772e-02	1.378838e-02	8.222510e-01	3.931795e-04	1.938123e-14	5.551067e-40	0.000000e+00	1.360309e+17	1.560275e+14	8.312536e+12	1.511605e+16	6.396249e-02	3.241735e-07	4.143237e-20	3.202776e-13	3.000745e+01	1.324117e+04	1.055915e+00	6.366299e+03	1.181187e-16	2.053967e-04	9.941411e-06	1.872703e-23	1.022997e-03	0.000000e+00	7.634892e+00	2.731473e+03	1.130271e-02	1.424947e+06	1.631624e-05	1.071568e-04	4.061019e-21	9.163216e-30	8.581670e+06	4.703656e-38	1.169518e-16	0.000000e+00	0.000000e+00	0.000000e+00	0.000000e+00	0.000000e+00	0.000000e+00	0.000000e+00	0.000000e+00	0.000000e+00	0.000000e+00	0.000000e+00	0.000000e+00	0.000000e+00	0.000000e+00	0.000000e+00	0.000000e+00	0.000000e+00	0.000000e+00	0.000000e+00	0.000000e+00	0.000000e+00	0.000000e+00	0.000000e+00	0.000000e+00	0.000000e+00	3.690695e-39	4.187885e-17	3.397344e-17	1.232177e-08	3.792706e-23	0.000000e+00	
22.500000	22.000000	23.000000	175.000000	2.744979e+02	3.347521e+08	5.932792e+09	4.195843e+06	1.832354e+03	5.539212e+07	4.450637e+09	1.675474e+10	8.160510e-02	5.009000e-04	3.205429e-06	3.460513e+04	2.242868e+01	3.225609e+00	5.127471e-02	1.109753e-08	2.255193e-04	2.868239e-03	8.773992e-04	1.556230e-25	8.476417e+15	6.501021e+12	3.401728e+07	1.209350e-10	6.041257e+03	2.917144e+06	2.840993e-29	6.586277e-09	3.989708e-14	1.267794e-06	2.616022e-08	3.124622e+00	2.117177e-13	3.319858e+02	7.081620e-03	1.102739e+00	8.232067e-08	8.870462e-03	1.856143e-22	1.076420e-13	2.029466e-01	7.358410e-12	1.046956e+05	2.320568e+06	5.628270e+03	4.547831e-03	8.564268e-03	5.757588e-01	3.105030e-04	7.023241e-15	7.364622e-40	0.000000e+00	1.022359e+17	1.172690e+14	7.514150e+12	1.136095e+16	7.550605e-02	3.240419e-07	2.086477e-19	6.286668e-13	3.333873e+01	1.338629e+04	1.026636e+00	5.513732e+03	7.244957e-17	1.228562e-04	4.098219e-06	9.985580e-24	8.902328e-04	0.000000e+00	2.248448e+00	1.817371e+03	8.506744e-03	1.141832e+06	1.467850e-05	9.590781e-05	1.484120e-21	2.090386e-30	5.464184e+06	3.535184e-38	6.989719e-17	0.000000e+00	0.000000e+00	0.000000e+00	0.000000e+00	0.000000e+00	0.000000e+00	0.000000e+00	0.000000e+00	0.000000e+00	0.000000e+00	0.000000e+00	0.000000e+00	0.000000e+00	0.000000e+00	0.000000e+00	0.000000e+00	0.000000e+00	0.000000e+00	0.000000e+00	0.000000e+00	0.000000e+00	0.000000e+00	0.000000e+00	0.000000e+00	0.000000e+00	6.990938e-40	1.611980e-17	1.670514e-17	1.021487e-08	1.527857e-23	0.000000e+00	
23.500000	23.000000	24.000000	175.000000	2.063077e+02	4.770170e+08	5.309989e+09	6.144053e+06	2.428605e+03	3.707177e+07	2.033375e+09	1.341812e+10	1.087833e-01	1.775268e-04	1.966446e-06	2.247769e+04	1.986500e+01	1.358478e+00	1.702478e-02	1.814071e-09	1.387293e-04	2.318555e-03	3.270315e-04	1.253122e-24	6.372970e+15	4.885034e+12	2.343069e+07	6.012063e-11	5.793978e+03	1.403149e+06	0.000000e+00	2.549128e-09	1.708103e-14	5.524154e-07	1.142747e-08	2.636696e+00	7.925336e-13	3.056782e+02	9.169644e-03	8.524575e-01	5.659688e-08	7.718523e-03	2.873000e-22	9.215915e-14	1.932706e-01	2.986568e-12	7.868340e+04	1.581715e+06	5.040486e+03	1.574442e-03	4.562127e-03	3.572973e-01	2.419255e-04	2.683966e-15	9.776210e-40	0.000000e+00	7.683642e+16	8.813827e+13	6.768918e+12	8.538692e+15	9.056834e-02	2.554932e-07	1.031610e-18	1.229823e-12	3.739547e+01	1.289385e+04	1.004573e+00	4.641177e+03	4.494073e-17	5.908392e-05	1.323071e-06	3.999363e-24	7.558863e-04	0.000000e+00	4.851760e-01	1.149852e+03	6.405989e-03	9.137489e+05	1.334105e-05	8.658127e-05	4.325305e-22	3.337859e-31	3.370066e+06	2.656981e-38	4.094666e-17	0.000000e+00	0.000000e+00	0.000000e+00	0.000000e+00	0.000000e+00	0.000000e+00	0.000000e+00	0.000000e+00	0.000000e+00	0.000000e+00	0.000000e+00	0.000000e+00	0.000000e+00	0.000000e+00	0.000000e+00	0.000000e+00	0.000000e+00	0.000000e+00	0.000000e+00	0.000000e+00	0.000000e+00	0.000000e+00	0.000000e+00	0.000000e+00	0.000000e+00	8.271737e-41	4.063938e-18	5.106511e-18	7.166835e-09	5.153111e-24	0.000000e+00	
24.500000	24.000000	25.000000	175.000000	1.550572e+02	6.947653e+08	4.795757e+09	8.533820e+06	3.092942e+03	2.294739e+07	8.306973e+08	1.059113e+10	1.275516e-01	5.024070e-05	1.015162e-06	1.451067e+04	1.619364e+01	4.849536e-01	4.768795e-03	2.417837e-10	7.276330e-05	1.700579e-03	1.004754e-04	8.926173e-24	4.791778e+15	3.670660e+12	1.557933e+07	3.366196e-11	5.494871e+03	6.356356e+05	0.000000e+00	1.002230e-09	7.507580e-15	2.523623e-07	5.230121e-09	2.193081e+00	2.767805e-12	2.826820e+02	1.205990e-02	6.007970e-01	4.180712e-08	6.625571e-03	4.262241e-22	7.769826e-14	1.802503e-01	9.757670e-13	5.805938e+04	1.092562e+06	4.665388e+03	4.627293e-04	2.085665e-03	1.964753e-01	1.848335e-04	1.076804e-15	1.237802e-39	0.000000e+00	5.774692e+16	6.624371e+13	6.069368e+12	6.417529e+15	1.095101e-01	1.738275e-07	4.738165e-18	2.304303e-12	4.152615e+01	1.171006e+04	9.734340e-01	3.763900e+03	2.788691e-17	2.443849e-05	3.584733e-07	1.415138e-24	6.197942e-04	0.000000e+00	8.292250e-02	6.893359e+02	4.827483e-03	7.267978e+05	1.226904e-05	7.891882e-05	9.938701e-23	3.925503e-32	2.010974e+06	1.996940e-38	2.509770e-17	0.000000e+00	0.000000e+00	0.000000e+00	0.000000e+00	0.000000e+00	0.000000e+00	0.000000e+00	0.000000e+00	0.000000e+00	0.000000e+00	0.000000e+00	0.000000e+00	0.000000e+00	0.000000e+00	0.000000e+00	0.000000e+00	0.000000e+00	0.000000e+00	0.000000e+00	0.000000e+00	0.000000e+00	0.000000e+00	0.000000e+00	0.000000e+00	0.000000e+00	8.159682e-42	7.679469e-19	1.141626e-18	4.422227e-09	1.565429e-24	0.000000e+00	
25.500000	25.000000	26.000000	175.000000	1.165383e+02	1.008108e+09	4.256022e+09	1.135445e+07	3.810115e+03	1.359138e+07	3.186503e+08	8.241014e+09	1.407760e-01	1.282359e-05	4.852241e-07	9.370675e+03	1.267037e+01	1.637263e-01	1.254753e-03	3.077654e-11	3.532725e-05	1.181379e-03	2.841737e-05	5.505320e-23	3.603092e+15	2.758119e+12	9.980128e+06	2.346480e-11	5.070932e+03	2.792189e+05	0.000000e+00	4.332023e-10	3.689870e-15	1.293912e-07	2.684856e-09	1.787491e+00	8.656774e-12	2.613752e+02	1.412867e-02	3.860239e-01	3.471118e-08	5.582476e-03	6.044647e-22	6.448374e-14	1.675501e-01	2.888085e-13	4.293554e+04	7.663066e+05	4.331674e+03	1.242985e-04	8.866337e-04	1.017194e-01	1.407549e-04	4.598477e-16	1.501522e-39	0.000000e+00	4.339989e+16	4.978787e+13	5.398157e+12	4.823301e+15	1.299989e-01	1.123136e-07	1.952031e-17	3.988793e-12	4.392878e+01	1.017979e+04	9.025063e-01	2.971548e+03	1.861328e-17	9.392654e-06	8.850104e-08	5.290305e-25	4.958317e-04	0.000000e+00	1.273527e-02	3.864334e+02	3.640931e-03	5.722016e+05	1.143786e-05	7.271977e-05	2.061016e-23	4.393159e-33	1.164245e+06	1.500865e-38	1.723535e-17	0.000000e+00	0.000000e+00	0.000000e+00	0.000000e+00	0.000000e+00	0.000000e+00	0.000000e+00	0.000000e+00	0.000000e+00	0.000000e+00	0.000000e+00	0.000000e+00	0.000000e+00	0.000000e+00	0.000000e+00	0.000000e+00	0.000000e+00	0.000000e+00	0.000000e+00	0.000000e+00	0.000000e+00	0.000000e+00	0.000000e+00	0.000000e+00	0.000000e+00	8.043076e-43	1.246538e-19	2.189143e-19	2.503498e-09	4.601250e-25	0.000000e+00	
26.500000	26.000000	27.000000	175.000000	8.758818e+01	1.408523e+09	3.611730e+09	1.457211e+07	4.545593e+03	8.050551e+06	1.193646e+08	6.339151e+09	1.510405e-01	3.258227e-06	2.299041e-07	6.053867e+03	9.724925e+00	5.799454e-02	3.433259e-04	4.029366e-12	1.688509e-05	7.912643e-04	8.134081e-06	2.815982e-22	2.709472e+15	2.072389e+12	6.175164e+06	2.122468e-11	4.524724e+03	1.206718e+05	0.000000e+00	2.183414e-10	2.108718e-15	7.670834e-08	1.593048e-09	1.425902e+00	2.313824e-11	2.424662e+02	1.308381e-02	2.254738e-01	3.212088e-08	4.620107e-03	8.147036e-22	5.278583e-14	1.584452e-01	9.092755e-14	3.269504e+04	5.444249e+05	3.897336e+03	3.330701e-05	3.893680e-04	5.333191e-02	1.066221e-04	2.088665e-16	1.722521e-39	0.000000e+00	3.261717e+16	3.741986e+13	4.780386e+12	3.625111e+15	1.474460e-01	7.360227e-08	6.886414e-17	6.113886e-12	4.244656e+01	8.510682e+03	7.705492e-01	2.278579e+03	1.413735e-17	3.530375e-06	2.119291e-08	2.321621e-25	3.848930e-04	0.000000e+00	1.966206e-03	2.018846e+02	2.748930e-03	4.458247e+05	1.077972e-05	6.750200e-05	4.616981e-24	5.967751e-34	6.499142e+05	1.128024e-38	1.366744e-17	0.000000e+00	0.000000e+00	0.000000e+00	0.000000e+00	0.000000e+00	0.000000e+00	0.000000e+00	0.000000e+00	0.000000e+00	0.000000e+00	0.000000e+00	0.000000e+00	0.000000e+00	0.000000e+00	0.000000e+00	0.000000e+00	0.000000e+00	0.000000e+00	0.000000e+00	0.000000e+00	0.000000e+00	0.000000e+00	0.000000e+00	0.000000e+00	0.000000e+00	8.291526e-44	1.891095e-20	3.958096e-20	1.332580e-09	1.339992e-25	0.000000e+00	
27.500000	27.000000	28.000000	175.000000	6.582972e+01	1.899580e+09	2.918925e+09	1.845480e+07	5.332424e+03	4.862999e+06	4.531264e+07	4.828194e+09	1.601993e-01	8.701966e-07	1.097617e-07	3.929330e+03	7.385267e+00	2.216087e-02	1.005984e-04	5.697475e-13	8.194738e-06	5.193875e-04	2.493277e-06	1.243776e-21	2.037626e+15	1.557106e+12	3.711362e+06	2.324283e-11	3.892644e+03	5.246242e+04	0.000000e+00	1.265116e-10	1.344609e-15	5.028807e-08	1.044656e-09	1.112918e+00	5.372611e-11	2.250547e+02	9.469820e-03	1.208748e-01	3.174890e-08	3.750374e-03	1.051293e-21	4.252560e-14	1.524339e-01	3.195272e-14	2.559561e+04	3.915864e+05	3.378697e+03	9.500235e-06	1.841299e-04	2.911883e-02	8.181328e-05	1.021076e-16	1.917191e-39	0.000000e+00	2.451325e+16	2.812420e+13	4.209202e+12	2.724569e+15	1.591371e-01	5.027398e-08	2.114108e-16	8.300838e-12	3.693518e+01	7.018379e+03	6.019369e-01	1.725553e+03	1.207415e-17	1.307069e-06	5.082783e-09	1.164233e-25	2.946416e-04	0.000000e+00	3.274018e-04	9.650504e+01	2.077920e-03	3.439001e+05	1.026111e-05	6.300229e-05	1.173672e-24	1.008339e-34	3.499909e+05	8.478031e-39	1.196766e-17	0.000000e+00	0.000000e+00	0.000000e+00	0.000000e+00	0.000000e+00	0.000000e+00	0.000000e+00	0.000000e+00	0.000000e+00	0.000000e+00	0.000000e+00	0.000000e+00	0.000000e+00	0.000000e+00	0.000000e+00	0.000000e+00	0.000000e+00	0.000000e+00	0.000000e+00	0.000000e+00	0.000000e+00	0.000000e+00	0.000000e+00	0.000000e+00	0.000000e+00	9.249896e-45	2.830380e-21	7.149967e-21	6.837855e-10	3.974207e-26	0.000000e+00	
28.500000	28.000000	29.000000	175.000000	4.947645e+01	2.484435e+09	2.267003e+09	2.309279e+07	6.152710e+03	2.994437e+06	1.750508e+07	3.647005e+09	1.673503e-01	2.442227e-07	5.247094e-08	2.560738e+03	5.569265e+00	9.124840e-03	3.160021e-05	8.683768e-14	4.033119e-06	3.346244e-04	8.210949e-07	4.750552e-21	1.532515e+15	1.169902e+12	2.184170e+06	2.797334e-11	3.257203e+03	2.299983e+04	3.950618e-29	7.980668e-11	9.122554e-16	3.485100e-08	7.239566e-10	8.538803e-01	1.088164e-10	2.099217e+02	5.552761e-03	5.935149e-02	3.205008e-08	2.993611e-03	1.297430e-21	3.376116e-14	1.480436e-01	1.238207e-14	2.048055e+04	2.843830e+05	2.824295e+03	2.918690e-06	9.322170e-05	1.647466e-02	6.308280e-05	5.336731e-17	2.054474e-39	0.000000e+00	1.842265e+16	2.113772e+13	3.698184e+12	2.047738e+15	1.649314e-01	3.538535e-08	5.668507e-16	1.001216e-11	2.902639e+01	5.701199e+03	4.364318e-01	1.286500e+03	1.099910e-17	4.733846e-07	1.230552e-09	6.308919e-26	2.212574e-04	0.000000e+00	5.950225e-05	4.226424e+01	1.573070e-03	2.632143e+05	9.833503e-06	5.886927e-05	3.320592e-25	1.993571e-35	1.802868e+05	6.371938e-39	1.106589e-17	0.000000e+00	0.000000e+00	0.000000e+00	0.000000e+00	0.000000e+00	0.000000e+00	0.000000e+00	0.000000e+00	0.000000e+00	0.000000e+00	0.000000e+00	0.000000e+00	0.000000e+00	0.000000e+00	0.000000e+00	0.000000e+00	0.000000e+00	0.000000e+00	0.000000e+00	0.000000e+00	0.000000e+00	0.000000e+00	0.000000e+00	0.000000e+00	0.000000e+00	1.107590e-45	4.226491e-22	1.296361e-21	3.420259e-10	1.196073e-26	0.000000e+00	
29.500000	29.000000	30.000000	175.000000	3.718566e+01	3.165464e+09	1.698239e+09	2.854929e+07	6.949681e+03	1.866928e+06	6.969236e+06	2.734399e+09	1.695935e-01	7.120745e-08	2.468131e-08	1.683069e+03	4.177419e+00	4.005050e-03	1.054355e-05	1.454553e-14	2.011372e-06	2.115873e-04	2.881679e-07	1.583912e-20	1.152723e+15	8.789539e+11	1.270925e+06	3.432614e-11	2.679402e+03	1.033154e+04	1.116941e-28	5.232876e-11	6.360420e-16	2.474722e-08	5.139279e-10	6.473781e-01	1.936498e-10	1.960347e+02	2.788967e-03	2.698512e-02	3.219786e-08	2.352706e-03	1.521087e-21	2.642396e-14	1.451914e-01	5.236289e-15	1.668153e+04	2.081332e+05	2.281789e+03	9.736129e-07	5.001935e-05	9.610236e-03	4.881062e-05	2.984068e-17	2.126228e-39	0.000000e+00	1.384524e+16	1.588681e+13	3.233901e+12	1.539045e+15	1.647651e-01	2.501905e-08	1.336665e-15	1.080181e-11	2.084342e+01	4.575646e+03	3.016370e-01	9.422220e+02	1.020744e-17	1.684675e-07	3.055168e-10	3.498620e-26	1.624109e-04	0.000000e+00	1.184660e-05	1.703890e+01	1.192781e-03	2.002049e+05	9.463108e-06	5.485911e-05	1.035249e-25	4.476199e-36	8.907173e+04	4.789041e-39	1.047429e-17	0.000000e+00	0.000000e+00	0.000000e+00	0.000000e+00	0.000000e+00	0.000000e+00	0.000000e+00	0.000000e+00	0.000000e+00	0.000000e+00	0.000000e+00	0.000000e+00	0.000000e+00	0.000000e+00	0.000000e+00	0.000000e+00	0.000000e+00	0.000000e+00	0.000000e+00	0.000000e+00	0.000000e+00	0.000000e+00	0.000000e+00	0.000000e+00	0.000000e+00	1.454273e-46	6.432005e-23	2.384385e-22	1.706090e-10	3.717664e-27	0.000000e+00	
30.500000	30.000000	31.000000	175.000000	2.794808e+01	3.980670e+09	1.236963e+09	3.526341e+07	7.770345e+03	1.176017e+06	2.876035e+06	2.036589e+09	1.670517e-01	2.135990e-08	1.132158e-08	1.117834e+03	3.119625e+00	1.847915e-03	3.688606e-06	2.694103e-15	1.015638e-06	1.326813e-04	1.070090e-07	4.837095e-20	8.671363e+14	6.603365e+11	7.328885e+05	4.163788e-11	2.200095e+03	4.788475e+03	6.172847e-35	3.504088e-11	4.494880e-16	1.776332e-08	3.687025e-10	4.875238e-01	3.142537e-10	1.831342e+02	1.254876e-03	1.152015e-02	3.206143e-08	1.826988e-03	1.705671e-21	2.045241e-14	1.424627e-01	2.328985e-15	1.367028e+04	1.532195e+05	1.799441e+03	3.500974e-07	2.794978e-05	5.711169e-03	3.820393e-05	1.776169e-17	2.165575e-39	0.000000e+00	1.040507e+16	1.194029e+13	2.814612e+12	1.156719e+15	1.599564e-01	1.765862e-08	2.876111e-15	1.070108e-11	1.388670e+01	3.668911e+03	2.052080e-01	6.853282e+02	9.495044e-18	5.958859e-08	7.871539e-11	1.936655e-26	1.175760e-04	0.000000e+00	2.553686e-06	6.342940e+00	9.060153e-04	1.516056e+05	9.119551e-06	5.077545e-05	3.398085e-26	1.071319e-36	4.215456e+04	3.599358e-39	1.001414e-17	0.000000e+00	0.000000e+00	0.000000e+00	0.000000e+00	0.000000e+00	0.000000e+00	0.000000e+00	0.000000e+00	0.000000e+00	0.000000e+00	0.000000e+00	0.000000e+00	0.000000e+00	0.000000e+00	0.000000e+00	0.000000e+00	0.000000e+00	0.000000e+00	0.000000e+00	0.000000e+00	0.000000e+00	0.000000e+00	0.000000e+00	0.000000e+00	0.000000e+00	2.113382e-47	9.943067e-24	4.465343e-23	8.633392e-11	1.203561e-27	0.000000e+00	
31.500000	31.000000	32.000000	175.000000	2.100528e+01	4.911273e+09	8.641865e+08	4.436495e+07	8.698984e+03	7.698713e+05	1.226938e+06	1.507077e+09	1.609161e-01	6.685333e-09	5.136313e-09	7.487105e+02	2.320574e+00	8.999524e-04	1.356387e-06	5.408229e-16	5.317974e-07	8.379736e-05	4.222476e-08	1.419299e-19	6.523911e+14	4.960668e+11	4.156233e+05	4.986580e-11	1.828943e+03	2.267333e+03	0.000000e+00	2.400153e-11	3.215428e-16	1.285722e-08	2.666641e-10	3.659203e-01	4.807978e-10	1.719371e+02	5.160176e-04	4.754604e-03	3.105535e-08	1.408025e-03	1.832656e-21	1.572115e-14	1.399593e-01	1.150290e-15	1.130006e+04	1.131285e+05	1.402084e+03	1.387314e-07	1.706995e-05	3.554578e-03	3.060874e-05	1.120548e-17	2.245966e-39	0.000000e+00	7.819599e+15	8.974149e+12	2.447730e+12	8.693694e+14	1.488820e-01	1.277542e-08	5.833145e-15	9.956115e-12	8.680488e+00	2.985033e+03	1.387435e-01	4.987657e+02	8.862063e-18	2.109502e-08	2.108895e-11	1.081640e-26	8.437873e-05	0.000000e+00	5.972746e-07	2.228782e+00	6.897596e-04	1.144757e+05	8.766012e-06	4.643112e-05	1.237799e-26	2.855214e-37	1.887582e+04	2.705213e-39	9.647870e-18	0.000000e+00	0.000000e+00	0.000000e+00	0.000000e+00	0.000000e+00	0.000000e+00	0.000000e+00	0.000000e+00	0.000000e+00	0.000000e+00	0.000000e+00	0.000000e+00	0.000000e+00	0.000000e+00	0.000000e+00	0.000000e+00	0.000000e+00	0.000000e+00	0.000000e+00	0.000000e+00	0.000000e+00	0.000000e+00	0.000000e+00	0.000000e+00	0.000000e+00	3.335083e-48	1.516547e-24	8.457457e-24	4.442170e-11	4.006470e-28	0.000000e+00	
32.500000	32.000000	33.000000	175.000000	1.578720e+01	6.560015e+09	6.061570e+08	6.081607e+07	1.063776e+04	5.069196e+05	5.405612e+05	1.107952e+09	1.509069e-01	2.075608e-09	2.083520e-09	5.067292e+02	1.720880e+00	4.400547e-04	5.004248e-07	1.185605e-16	2.796161e-07	5.592038e-05	1.819124e-08	4.939028e-19	4.908966e+14	3.726396e+11	2.251176e+05	5.836983e-11	1.547772e+03	1.097746e+03	0.000000e+00	1.681496e-11	2.318063e-16	9.335606e-09	1.933629e-10	2.742205e-01	7.983623e-10	1.616922e+02	1.924742e-04	1.806524e-03	3.136830e-08	1.079888e-03	1.985916e-21	1.203160e-14	1.273668e-01	4.580902e-16	8.680684e+03	8.434228e+04	1.113598e+03	5.613227e-08	9.810436e-06	2.071382e-03	2.705669e-05	7.589612e-18	2.508373e-39	0.000000e+00	5.876501e+15	6.744838e+12	2.123675e+12	6.534026e+14	1.390817e-01	9.111362e-09	1.284704e-14	9.292366e-12	4.987960e+00	2.625450e+03	9.650944e-02	3.959517e+02	8.245009e-18	7.524146e-09	5.847303e-12	5.474806e-27	6.517765e-05	0.000000e+00	1.460969e-07	6.568370e-01	5.264083e-04	8.626916e+04	8.450076e-06	4.212892e-05	3.389536e-27	5.425175e-38	8.003861e+03	2.033190e-39	9.316005e-18	0.000000e+00	0.000000e+00	0.000000e+00	0.000000e+00	0.000000e+00	0.000000e+00	0.000000e+00	0.000000e+00	0.000000e+00	0.000000e+00	0.000000e+00	0.000000e+00	0.000000e+00	0.000000e+00	0.000000e+00	0.000000e+00	0.000000e+00	0.000000e+00	0.000000e+00	0.000000e+00	0.000000e+00	0.000000e+00	0.000000e+00	0.000000e+00	0.000000e+00	5.779704e-49	2.145862e-25	1.613122e-24	2.348981e-11	1.377545e-28	0.000000e+00	
33.500000	33.000000	34.000000	175.000000	1.186538e+01	9.109461e+09	4.259234e+08	8.518634e+07	1.331175e+04	3.284387e+05	2.431147e+05	8.094930e+08	1.374704e-01	6.390253e-10	7.868240e-10	3.461845e+02	1.273593e+00	2.201594e-04	1.890092e-07	2.809024e-17	1.442280e-07	3.803829e-05	8.265119e-09	1.756510e-18	3.694456e+14	2.799008e+11	1.190776e+05	6.709994e-11	1.322584e+03	5.403646e+02	0.000000e+00	1.173145e-11	1.675183e-16	6.806126e-09	1.406748e-10	2.053477e-01	1.324411e-09	1.529542e+02	6.759769e-05	6.382680e-04	3.151028e-08	8.265667e-04	2.016427e-21	9.190976e-15	1.110761e-01	1.577410e-16	6.417515e+03	6.326174e+04	8.862379e+02	2.222287e-08	5.288962e-06	1.142100e-03	2.460964e-05	5.669434e-18	2.971794e-39	0.000000e+00	4.416177e+15	5.069316e+12	1.842137e+12	4.910858e+14	1.301275e-01	6.241886e-09	2.829345e-14	8.506464e-12	2.752343e+00	2.326453e+03	6.986325e-02	3.199474e+02	7.320725e-18	2.787576e-09	1.699315e-12	2.595486e-27	5.008965e-05	0.000000e+00	3.659342e-08	1.773797e-01	4.029938e-04	6.492402e+04	8.125434e-06	3.770360e-05	7.700167e-28	8.243548e-39	3.182291e+03	1.528110e-39	9.023265e-18	0.000000e+00	0.000000e+00	0.000000e+00	0.000000e+00	0.000000e+00	0.000000e+00	0.000000e+00	0.000000e+00	0.000000e+00	0.000000e+00	0.000000e+00	0.000000e+00	0.000000e+00	0.000000e+00	0.000000e+00	0.000000e+00	0.000000e+00	0.000000e+00	0.000000e+00	0.000000e+00	0.000000e+00	0.000000e+00	0.000000e+00	0.000000e+00	0.000000e+00	1.088430e-49	2.975969e-26	3.137655e-25	1.277705e-11	4.868234e-29	0.000000e+00	
34.500000	34.000000	35.000000	175.000000	8.917816e+00	1.204152e+10	2.917022e+08	1.133198e+08	1.558976e+04	2.125575e+05	1.128087e+05	5.885512e+08	1.216280e-01	2.047732e-10	3.027457e-10	2.388044e+02	9.417289e-01	1.145663e-04	7.418453e-08	7.293883e-18	7.440033e-08	2.515138e-05	3.771809e-09	5.313547e-18	2.781002e+14	2.102231e+11	6.475183e+04	7.570921e-11	1.123774e+03	2.725233e+02	0.000000e+00	8.114904e-12	1.214337e-16	4.989029e-09	1.028204e-10	1.537080e-01	1.967466e-09	1.457279e+02	2.388894e-05	2.268743e-04	2.943356e-08	6.325348e-04	1.828150e-21	7.019543e-15	1.000588e-01	6.142104e-17	4.920391e+03	4.736350e+04	6.871525e+02	8.959091e-09	2.979501e-06	6.520581e-04	2.123746e-05	4.868697e-18	3.807183e-39	0.000000e+00	3.318693e+15	3.810016e+12	1.597405e+12	3.690917e+14	1.186474e-01	4.159931e-09	5.579189e-14	7.426849e-12	1.551817e+00	1.934855e+03	5.107611e-02	2.408269e+02	6.124261e-18	1.082606e-09	5.190709e-13	1.259305e-27	3.506438e-05	0.000000e+00	9.594582e-09	5.106824e-02	3.096554e-04	4.881148e+04	7.718169e-06	3.296027e-05	2.027606e-28	1.461286e-39	1.181758e+03	1.148501e-39	8.779026e-18	0.000000e+00	0.000000e+00	0.000000e+00	0.000000e+00	0.000000e+00	0.000000e+00	0.000000e+00	0.000000e+00	0.000000e+00	0.000000e+00	0.000000e+00	0.000000e+00	0.000000e+00	0.000000e+00	0.000000e+00	0.000000e+00	0.000000e+00	0.000000e+00	0.000000e+00	0.000000e+00	0.000000e+00	0.000000e+00	0.000000e+00	0.000000e+00	0.000000e+00	2.259849e-50	4.577953e-27	6.492214e-26	7.185590e-12	1.801379e-29	0.000000e+00	
35.500000	35.000000	36.000000	175.000000	6.702472e+00	1.545809e+10	1.979560e+08	1.485611e+08	1.798845e+04	1.423686e+05	5.164924e+04	4.237382e+08	1.067756e-01	6.727404e-11	1.192728e-10	1.643928e+02	6.947008e-01	6.103350e-05	2.975158e-08	1.890999e-18	3.876344e-08	1.623598e-05	1.713104e-09	1.507488e-17	2.094448e+14	1.578549e+11	3.620894e+04	8.794300e-11	9.564845e+02	1.341032e+02	0.000000e+00	5.655666e-12	8.870047e-17	3.681113e-09	7.554008e-11	1.149404e-01	2.836834e-09	1.443461e+02	8.414092e-06	8.163576e-05	2.565243e-08	4.858661e-04	1.563931e-21	5.382868e-15	9.010460e-02	2.595925e-17	3.856953e+03	3.542361e+04	5.208780e+02	3.608481e-09	1.776123e-06	3.861669e-04	1.770282e-05	5.068573e-18	5.906442e-39	0.000000e+00	2.493841e+15	2.863535e+12	1.412095e+12	2.774028e+14	1.071832e-01	2.796614e-09	1.067300e-13	6.546265e-12	9.007291e-01	1.538008e+03	3.688398e-02	1.743353e+02	4.867412e-18	4.211704e-10	1.572674e-13	6.290438e-28	2.320668e-05	0.000000e+00	2.536585e-09	1.580046e-02	2.398951e-04	3.666884e+04	7.232451e-06	2.813428e-05	5.786806e-29	2.799938e-40	3.788191e+02	8.631932e-40	8.584502e-18	0.000000e+00	0.000000e+00	0.000000e+00	0.000000e+00	0.000000e+00	0.000000e+00	0.000000e+00	0.000000e+00	0.000000e+00	0.000000e+00	0.000000e+00	0.000000e+00	0.000000e+00	0.000000e+00	0.000000e+00	0.000000e+00	0.000000e+00	0.000000e+00	0.000000e+00	0.000000e+00	0.000000e+00	0.000000e+00	0.000000e+00	0.000000e+00	0.000000e+00	4.670681e-51	7.022599e-28	1.307541e-26	4.029201e-12	6.506055e-30	0.000000e+00	
36.500000	36.000000	37.000000	175.000000	5.037459e+00	1.978790e+10	1.386795e+08	1.892173e+08	2.055633e+04	9.470308e+04	2.328812e+04	3.013719e+08	9.297224e-02	2.249229e-11	4.709458e-11	1.129579e+02	5.113412e-01	3.283657e-05	1.207038e-08	4.897743e-19	1.965140e-08	1.030859e-05	7.780064e-10	3.938338e-17	1.578424e+14	1.184962e+11	2.113785e+04	1.038446e-10	8.096028e+02	6.416471e+01	8.936145e-42	3.964750e-12	6.507134e-17	2.725220e-09	5.559513e-11	8.585031e-02	3.951867e-09	1.481668e+02	3.003449e-06	2.900527e-05	2.177148e-08	3.752064e-04	1.283933e-21	4.151608e-15	7.956088e-02	1.031650e-17	3.024643e+03	2.651923e+04	3.887618e+02	1.352674e-09	1.010953e-06	2.231591e-04	1.409717e-05	6.359842e-18	1.068690e-38	0.000000e+00	1.873899e+15	2.152167e+12	1.270789e+12	2.084910e+14	9.995200e-02	1.818744e-09	1.970138e-13	5.895716e-12	5.439273e-01	1.149247e+03	2.704236e-02	1.219199e+02	3.638109e-18	1.669065e-10	4.812585e-14	3.138933e-28	1.458629e-05	0.000000e+00	6.746974e-10	5.172399e-03	1.878621e-04	2.752554e+04	6.684658e-06	2.348969e-05	1.528901e-29	4.937919e-41	1.040296e+02	6.487607e-40	8.408421e-18	0.000000e+00	0.000000e+00	0.000000e+00	0.000000e+00	0.000000e+00	0.000000e+00	0.000000e+00	0.000000e+00	0.000000e+00	0.000000e+00	0.000000e+00	0.000000e+00	0.000000e+00	0.000000e+00	0.000000e+00	0.000000e+00	0.000000e+00	0.000000e+00	0.000000e+00	0.000000e+00	0.000000e+00	0.000000e+00	0.000000e+00	0.000000e+00	0.000000e+00	9.620156e-52	1.092505e-28	2.577662e-27	2.253143e-12	2.292853e-30	0.000000e+00	
37.500000	37.000000	38.000000	175.000000	3.786069e+00	2.548224e+10	1.023555e+08	2.315280e+08	2.316421e+04	6.122395e+04	1.028162e+04	2.110922e+08	8.050027e-02	7.537207e-12	1.867696e-11	7.748106e+01	3.754141e-01	1.777104e-05	4.942579e-09	1.267716e-19	9.534610e-09	6.429173e-06	3.512283e-10	9.026357e-17	1.190557e+14	8.891534e+10	1.293516e+04	1.237298e-10	6.776520e+02	2.974099e+01	0.000000e+00	2.790102e-12	4.781354e-17	2.018599e-09	4.091008e-11	6.403255e-02	5.490345e-09	1.569958e+02	1.094060e-06	1.004075e-05	1.852332e-08	2.918134e-04	1.020732e-21	3.226311e-15	6.861592e-02	3.647401e-18	2.356642e+03	1.988659e+04	2.874225e+02	4.441917e-10	5.241814e-07	1.226024e-04	1.063536e-05	9.141116e-18	2.042330e-38	0.000000e+00	1.407967e+15	1.617509e+12	1.161674e+12	1.566983e+14	9.820114e-02	1.123885e-09	3.373353e-13	5.381137e-12	3.424255e-01	7.972735e+02	2.041701e-02	8.200244e+01	2.550769e-18	6.808710e-11	1.507410e-14	1.550777e-28	8.676590e-06	0.000000e+00	1.779635e-10	1.777100e-03	1.491518e-04	2.064522e+04	6.085513e-06	1.921118e-05	3.517453e-30	7.467834e-42	2.475885e+01	4.875976e-40	8.234394e-18	0.000000e+00	0.000000e+00	0.000000e+00	0.000000e+00	0.000000e+00	0.000000e+00	0.000000e+00	0.000000e+00	0.000000e+00	0.000000e+00	0.000000e+00	0.000000e+00	0.000000e+00	0.000000e+00	0.000000e+00	0.000000e+00	0.000000e+00	0.000000e+00	0.000000e+00	0.000000e+00	0.000000e+00	0.000000e+00	0.000000e+00	0.000000e+00	0.000000e+00	1.976294e-52	1.745592e-29	4.992402e-28	1.256519e-12	7.875207e-31	0.000000e+00	
38.500000	38.000000	39.000000	175.000000	2.845542e+00	3.287148e+10	7.977861e+07	2.702109e+08	2.543704e+04	3.825129e+04	4.422922e+03	1.451633e+08	6.958825e-02	2.527045e-12	7.590756e-12	5.305746e+01	2.746471e-01	9.654282e-06	2.037918e-09	3.279907e-20	4.427970e-09	3.906093e-06	1.556758e-10	1.695975e-16	8.989901e+13	6.668301e+10	8.278660e+03	1.481446e-10	5.583066e+02	1.331048e+01	0.000000e+00	1.972068e-12	3.508034e-17	1.490528e-09	3.007144e-11	4.767851e-02	2.428393e-08	1.710001e+02	4.126339e-07	3.423022e-06	1.601365e-08	2.290149e-04	7.883843e-22	2.531016e-15	5.826235e-02	1.164835e-18	1.832497e+03	1.493161e+04	2.109376e+02	1.257464e-10	2.471444e-07	6.416676e-05	7.565779e-06	1.437657e-17	3.711384e-38	0.000000e+00	1.057784e+15	1.215661e+12	1.075525e+12	1.177717e+14	1.019119e-01	6.604118e-10	5.028083e-13	4.862449e-12	2.239818e-01	5.109325e+02	1.588999e-02	5.248903e+01	1.698872e-18	2.862022e-11	4.852982e-15	7.624635e-29	4.855746e-06	0.000000e+00	4.605057e-11	6.396058e-04	1.204428e-04	1.547031e+04	5.444832e-06	1.541097e-05	7.196627e-31	9.893458e-43	5.410190e+00	3.664697e-40	8.055173e-18	0.000000e+00	0.000000e+00	0.000000e+00	0.000000e+00	0.000000e+00	0.000000e+00	0.000000e+00	0.000000e+00	0.000000e+00	0.000000e+00	0.000000e+00	0.000000e+00	0.000000e+00	0.000000e+00	0.000000e+00	0.000000e+00	0.000000e+00	0.000000e+00	0.000000e+00	0.000000e+00	0.000000e+00	0.000000e+00	0.000000e+00	0.000000e+00	0.000000e+00	4.051958e-53	2.886752e-30	9.533885e-29	6.987331e-13	2.639749e-31	0.000000e+00	
39.500000	39.000000	40.000000	175.000000	2.138659e+00	4.222762e+10	6.524334e+07	3.005071e+08	2.688374e+04	2.312891e+04	1.848657e+03	9.774263e+07	6.028285e-02	8.568802e-13	3.239868e-12	3.627322e+01	1.999144e-01	5.248785e-06	8.425097e-10	8.483481e-21	1.980630e-09	2.286858e-06	6.675657e-11	2.469907e-16	6.797766e+13	4.997378e+10	5.506120e+03	1.778494e-10	4.516161e+02	5.735801e+00	0.000000e+00	1.399178e-12	2.561153e-17	1.093196e-09	2.206953e-11	3.542888e-02	6.529551e-07	1.905820e+02	1.723616e-07	1.191626e-06	1.413047e-08	1.817485e-04	5.923403e-22	2.008330e-15	4.919152e-02	3.491454e-19	1.430710e+03	1.121872e+04	1.536934e+02	3.106727e-11	1.075942e-07	3.234864e-05	5.084872e-06	2.420785e-17	5.952754e-38	0.000000e+00	7.946010e+14	9.136372e+11	1.005020e+12	8.851509e+13	1.110893e-01	3.721836e-10	6.152648e-13	4.226027e-12	1.512559e-01	3.036291e+02	1.268987e-02	3.165843e+01	1.093561e-18	1.233161e-11	1.600392e-15	3.753799e-29	2.546904e-06	0.000000e+00	1.162385e-11	2.401619e-04	9.922864e-05	1.157950e+04	4.779163e-06	1.214905e-05	1.372386e-31	1.209305e-43	1.245236e+00	2.754321e-40	7.867609e-18	0.000000e+00	0.000000e+00	0.000000e+00	0.000000e+00	0.000000e+00	0.000000e+00	0.000000e+00	0.000000e+00	0.000000e+00	0.000000e+00	0.000000e+00	0.000000e+00	0.000000e+00	0.000000e+00	0.000000e+00	0.000000e+00	0.000000e+00	0.000000e+00	0.000000e+00	0.000000e+00	0.000000e+00	0.000000e+00	0.000000e+00	0.000000e+00	0.000000e+00	8.295305e-54	4.951466e-31	1.802104e-29	3.873905e-13	8.834609e-32	0.000000e+00	
40.500000	40.000000	41.000000	175.000000	1.607378e+00	5.392420e+10	5.552288e+07	3.197950e+08	2.706003e+04	1.356107e+04	7.496901e+02	6.430455e+07	5.245158e-02	2.987494e-13	1.481273e-12	2.475885e+01	1.445082e-01	2.845211e-06	3.474919e-10	2.193810e-21	8.574156e-10	1.276668e-06	2.731175e-11	2.739595e-16	5.149123e+13	3.741558e+10	3.780940e+03	2.138199e-10	3.591384e+02	2.372768e+00	2.171536e-55	1.028420e-12	1.860392e-17	7.964820e-10	1.616615e-11	2.626171e-02	1.724799e-05	2.162199e+02	1.953728e-07	4.517310e-07	1.274124e-08	1.461844e-04	4.367162e-22	1.615206e-15	4.157328e-02	1.016548e-19	1.124537e+03	8.433328e+03	1.112418e+02	6.829705e-12	4.385350e-08	1.584048e-05	3.253828e-06	4.344304e-17	8.255962e-38	0.000000e+00	5.968077e+14	6.866409e+11	9.443266e+11	6.652637e+13	1.265840e-01	2.028168e-10	6.025393e-13	3.438109e-12	1.048482e-01	1.688267e+02	1.036549e-02	1.785015e+01	7.123467e-19	5.416423e-12	5.377516e-16	1.857885e-29	1.248021e-06	0.000000e+00	2.852412e-12	9.335377e-05	8.361708e-05	8.654935e+03	4.112552e-06	9.439222e-06	2.541037e-32	1.428708e-44	3.529973e-01	2.070099e-40	1.841227e-16	0.000000e+00	0.000000e+00	0.000000e+00	0.000000e+00	0.000000e+00	0.000000e+00	0.000000e+00	0.000000e+00	0.000000e+00	0.000000e+00	0.000000e+00	0.000000e+00	0.000000e+00	0.000000e+00	0.000000e+00	0.000000e+00	0.000000e+00	0.000000e+00	0.000000e+00	0.000000e+00	0.000000e+00	0.000000e+00	0.000000e+00	0.000000e+00	0.000000e+00	1.696342e-54	8.792163e-32	3.384773e-30	2.140969e-13	3.457773e-32	0.000000e+00	
41.500000	41.000000	42.000000	175.000000	1.208077e+00	6.860329e+10	4.880475e+07	3.279175e+08	2.572101e+04	7.714579e+03	2.946579e+02	4.127262e+07	4.585354e-02	1.088199e-13	7.335808e-13	1.687341e+01	1.035193e-01	1.532178e-06	1.423266e-10	5.672336e-22	3.598337e-10	6.735212e-07	1.053435e-11	3.306250e-14	3.908654e+13	2.797721e+10	2.679593e+03	2.572625e-10	2.828378e+02	9.383683e-01	8.363029e-55	3.286813e-12	4.060245e-17	1.741191e-09	1.181928e-11	1.940872e-02	3.523381e-04	2.482926e+02	1.831030e-06	2.013304e-07	1.174521e-08	1.194318e-04	2.418939e-21	1.319447e-15	3.527584e-02	2.956997e-20	8.890986e+02	6.344912e+03	8.012462e+01	1.357911e-12	1.686464e-08	7.560194e-06	2.004398e-06	8.339487e-17	1.375870e-35	0.000000e+00	4.481635e+14	5.160362e+11	8.888731e+11	5.000004e+13	1.516822e-01	1.074065e-10	6.675047e-11	1.515664e-11	7.460898e-02	8.870850e+01	8.715043e-03	9.342185e+00	1.986437e-18	2.430504e-12	1.843291e-16	2.786359e-29	5.687819e-07	0.000000e+00	6.785351e-13	3.735178e-05	7.218197e-05	6.457056e+03	3.471759e-06	7.253698e-06	4.713847e-33	1.689978e-45	1.234583e-01	1.555849e-40	5.703715e-11	0.000000e+00	0.000000e+00	0.000000e+00	0.000000e+00	0.000000e+00	0.000000e+00	0.000000e+00	0.000000e+00	0.000000e+00	0.000000e+00	0.000000e+00	0.000000e+00	0.000000e+00	0.000000e+00	0.000000e+00	0.000000e+00	0.000000e+00	0.000000e+00	0.000000e+00	0.000000e+00	0.000000e+00	0.000000e+00	0.000000e+00	0.000000e+00	0.000000e+00	3.465986e-55	1.610065e-32	6.339738e-31	1.179302e-13	2.709604e-32	0.000000e+00	
42.500000	42.000000	43.000000	175.000000	9.079700e-01	8.722523e+10	4.398282e+07	3.264975e+08	2.293946e+04	4.260849e+03	1.120949e+02	2.581305e+07	4.021623e-02	4.187293e-14	3.943202e-13	1.148263e+01	7.334321e-02	8.171143e-07	5.766861e-11	1.466500e-22	1.465286e-10	3.334944e-07	3.795107e-12	2.797113e-12	2.974705e+13	2.088365e+10	1.984484e+03	3.096405e-10	2.238903e+02	3.526577e-01	3.353086e-53	1.144901e-10	1.276243e-15	5.474656e-08	8.679108e-12	1.429247e-02	5.553562e-03	2.869007e+02	2.130393e-05	1.095247e-07	1.112825e-08	9.931084e-05	1.025882e-19	1.096952e-15	3.010532e-02	8.877313e-21	7.058003e+02	4.780846e+03	5.756658e+01	2.480022e-13	6.159843e-09	3.524764e-06	1.202838e-06	1.725172e-16	1.780670e-33	0.000000e+00	3.364620e+14	3.878159e+11	8.352115e+11	3.757918e+13	1.959661e-01	5.544759e-11	5.329233e-09	1.170301e-09	5.513382e-02	4.445897e+01	7.725349e-03	4.510088e+00	5.963920e-17	1.133878e-12	6.549481e-17	6.041380e-28	2.400503e-07	0.000000e+00	1.561089e-13	1.546222e-05	6.385128e-05	4.805524e+03	2.880129e-06	5.533860e-06	9.065889e-34	2.074582e-46	4.766642e-02	1.169350e-40	6.969713e-09	0.000000e+00	0.000000e+00	0.000000e+00	0.000000e+00	0.000000e+00	0.000000e+00	0.000000e+00	0.000000e+00	0.000000e+00	0.000000e+00	0.000000e+00	0.000000e+00	0.000000e+00	0.000000e+00	0.000000e+00	0.000000e+00	0.000000e+00	0.000000e+00	0.000000e+00	0.000000e+00	0.000000e+00	0.000000e+00	0.000000e+00	0.000000e+00	0.000000e+00	7.077246e-56	3.027740e-33	1.187763e-31	6.473302e-14	4.924184e-32	0.000000e+00	
43.500000	43.000000	44.000000	175.000000	6.824141e-01	1.109047e+11	4.026112e+07	3.179406e+08	1.914548e+04	2.291802e+03	4.120085e+01	1.571542e+07	3.528917e-02	1.709768e-14	2.289401e-13	7.803666e+00	5.131140e-02	4.305364e-07	2.305098e-11	3.791153e-23	5.809135e-11	1.544312e-07	1.270124e-12	5.481036e-11	2.270939e+13	1.555236e+10	1.570928e+03	3.727109e-10	1.815251e+02	1.249871e-01	1.965842e-51	5.968926e-09	1.682300e-14	7.204827e-07	6.850103e-12	1.047900e-02	6.793360e-02	3.317223e+02	2.014463e-04	8.433873e-08	1.211582e-08	8.417821e-05	1.181702e-18	9.296334e-16	2.592194e-02	2.868314e-21	5.624739e+02	3.609982e+03	4.132979e+01	4.270123e-14	2.163608e-09	1.614992e-06	7.109597e-07	3.880738e-16	6.379151e-32	0.000000e+00	2.525270e+14	2.914505e+11	7.809226e+11	2.824385e+13	2.816904e-01	2.801003e-11	1.002305e-07	2.503944e-08	4.320195e-02	2.146199e+01	7.446061e-03	2.003402e+00	2.658735e-15	5.644349e-13	2.474109e-17	5.500137e-27	9.384565e-08	0.000000e+00	3.471351e-14	6.738671e-06	5.781853e-05	3.564644e+03	2.353390e-06	4.205111e-06	1.890539e-34	2.770657e-47	1.886644e-02	8.788627e-41	2.088566e-07	0.000000e+00	0.000000e+00	0.000000e+00	0.000000e+00	0.000000e+00	0.000000e+00	0.000000e+00	0.000000e+00	0.000000e+00	0.000000e+00	0.000000e+00	0.000000e+00	0.000000e+00	0.000000e+00	0.000000e+00	0.000000e+00	0.000000e+00	0.000000e+00	0.000000e+00	0.000000e+00	0.000000e+00	0.000000e+00	0.000000e+00	0.000000e+00	0.000000e+00	1.444419e-56	5.824096e-34	2.231579e-32	3.540296e-14	1.200366e-31	0.000000e+00	
44.500000	44.000000	45.000000	175.000000	5.128903e-01	1.405796e+11	3.700013e+07	3.046469e+08	1.500279e+04	1.207874e+03	1.459947e+01	9.304098e+06	3.087768e-02	7.397150e-15	1.423188e-13	5.297199e+00	3.542015e-02	2.238469e-07	9.076611e-12	9.800289e-24	2.258579e-11	6.693588e-08	3.949605e-13	1.009801e-07	1.740073e+13	1.154558e+10	1.378402e+03	4.485726e-10	1.526751e+02	4.142952e-02	2.862764e-49	7.958497e-07	1.461347e-11	6.241910e-04	3.710612e-10	7.642342e-03	6.519950e-01	3.819219e+02	2.217226e-03	3.619741e-06	8.335825e-07	7.278811e-05	1.281247e-15	8.276668e-16	2.264361e-02	1.036968e-21	4.511720e+02	2.732750e+03	2.968243e+01	7.323583e-15	7.459643e-10	7.355827e-07	4.177502e-07	9.493079e-16	2.038739e-28	0.000000e+00	1.894622e+14	2.190273e+11	7.245417e+11	2.122757e+13	4.527581e-01	1.392735e-11	1.788580e-04	4.936482e-05	3.738175e-02	1.009902e+01	7.856801e-03	8.231815e-01	3.023406e-13	3.027626e-13	1.004234e-17	3.295447e-24	3.428380e-08	0.000000e+00	7.474291e-15	3.222539e-06	5.345495e-05	2.632391e+03	1.898724e-06	3.190939e-06	4.470350e-35	4.238031e-48	7.450697e-03	6.605376e-41	6.103297e-04	0.000000e+00	0.000000e+00	0.000000e+00	0.000000e+00	0.000000e+00	0.000000e+00	0.000000e+00	0.000000e+00	0.000000e+00	0.000000e+00	0.000000e+00	0.000000e+00	0.000000e+00	0.000000e+00	0.000000e+00	0.000000e+00	0.000000e+00	0.000000e+00	0.000000e+00	0.000000e+00	0.000000e+00	0.000000e+00	0.000000e+00	0.000000e+00	0.000000e+00	2.946895e-57	1.142671e-34	4.214571e-33	1.928794e-14	3.146153e-31	0.000000e+00	
45.500000	45.000000	46.000000	175.000000	3.854792e-01	1.766877e+11	3.371833e+07	2.885889e+08	1.113516e+04	6.285012e+02	4.976174e+00	5.351122e+06	2.686102e-02	3.365828e-15	9.353537e-14	3.592270e+00	2.413328e-02	1.148529e-07	3.521386e-12	2.533331e-24	8.700176e-12	2.729339e-08	1.147796e-13	7.696454e-07	1.339120e+13	8.534295e+09	1.449292e+03	5.303925e-10	1.328826e+02	1.274970e-02	1.385769e-48	3.504191e-06	6.374545e-11	2.711873e-03	1.170158e-09	5.537502e-03	2.624873e+00	4.354682e+02	8.900412e-03	1.136143e-05	3.498558e-06	6.413510e-05	5.876925e-15	8.041797e-16	2.020927e-02	4.275889e-22	3.659089e+02	2.074330e+03	2.137067e+01	1.413281e-15	2.587234e-10	3.378986e-07	2.458145e-07	1.576228e-15	1.989894e-27	0.000000e+00	1.420834e+14	1.645986e+11	6.654474e+11	1.595427e+13	7.866450e-01	6.865799e-12	1.321617e-03	3.917598e-04	3.961176e-02	4.704227e+00	8.813955e-03	3.170922e-01	1.142246e-12	1.714480e-13	4.292656e-18	9.949550e-24	1.189330e-08	0.000000e+00	1.564431e-15	1.882252e-06	5.012800e-05	1.932064e+03	1.516230e-06	2.422348e-06	1.231643e-35	7.709359e-49	2.904498e-03	4.964483e-41	7.426347e-03	0.000000e+00	0.000000e+00	0.000000e+00	0.000000e+00	0.000000e+00	0.000000e+00	0.000000e+00	0.000000e+00	0.000000e+00	0.000000e+00	0.000000e+00	0.000000e+00	0.000000e+00	0.000000e+00	0.000000e+00	0.000000e+00	0.000000e+00	0.000000e+00	0.000000e+00	0.000000e+00	0.000000e+00	0.000000e+00	0.000000e+00	0.000000e+00	0.000000e+00	6.010602e-58	2.283972e-35	8.024394e-34	1.046597e-14	4.802586e-31	0.000000e+00	
46.500000	46.000000	47.000000	175.000000	2.897193e-01	2.190054e+11	3.014232e+07	2.711832e+08	7.911469e+03	3.249872e+02	1.628335e+00	2.987203e+06	2.318845e-02	1.590275e-15	6.391808e-14	2.434202e+00	1.625229e-02	5.822959e-08	1.348110e-12	6.548385e-25	3.357887e-12	1.054828e-08	3.146034e-14	2.203337e-06	1.035825e+13	6.271250e+09	1.761959e+03	5.950798e-10	1.178178e+02	3.624516e-03	2.598961e-48	5.918778e-06	1.049292e-10	4.443759e-03	1.400308e-09	3.980276e-03	5.805388e+00	4.882349e+02	1.735393e-02	1.360398e-05	5.553565e-06	5.735202e-05	1.027462e-14	7.775425e-16	1.855833e-02	2.011012e-22	3.015092e+02	1.579086e+03	1.554816e+01	3.581864e-16	9.229718e-11	1.586673e-07	1.456739e-07	1.611005e-15	4.534716e-27	0.000000e+00	1.064939e+14	1.236940e+11	6.037120e+11	1.199094e+13	1.409605e+00	3.379321e-12	3.652547e-03	1.135452e-03	4.946376e-02	2.215437e+00	1.008389e-02	1.164999e-01	1.675154e-12	9.876255e-14	1.863515e-18	1.140647e-23	3.988613e-09	0.000000e+00	3.199113e-16	1.298054e-06	4.716066e-05	1.406025e+03	1.201199e-06	1.841950e-06	3.984478e-36	1.697352e-49	1.108541e-03	3.731217e-41	3.360584e-02	0.000000e+00	0.000000e+00	0.000000e+00	0.000000e+00	0.000000e+00	0.000000e+00	0.000000e+00	0.000000e+00	0.000000e+00	0.000000e+00	0.000000e+00	0.000000e+00	0.000000e+00	0.000000e+00	0.000000e+00	0.000000e+00	0.000000e+00	0.000000e+00	0.000000e+00	0.000000e+00	0.000000e+00	0.000000e+00	0.000000e+00	0.000000e+00	0.000000e+00	1.225693e-58	4.658431e-36	1.547317e-34	5.655103e-15	4.375385e-31	0.000000e+00	
47.500000	47.000000	48.000000	175.000000	2.177482e-01	2.666456e+11	2.621660e+07	2.533510e+08	5.429595e+03	1.676932e+02	5.109589e-01	1.617679e+06	1.985367e-02	7.702980e-16	4.479828e-14	1.648496e+00	1.084109e-02	2.923367e-08	5.105204e-13	1.692659e-25	1.313650e-12	3.894479e-09	8.212800e-15	6.086027e-06	8.059811e+12	4.570678e+09	2.629823e+03	6.344620e-10	1.043423e+02	9.499336e-04	4.790866e-48	9.646485e-06	1.668637e-10	7.033643e-03	1.622675e-09	2.832063e-03	1.157484e+01	5.362966e+02	3.189421e-02	1.575953e-05	8.440294e-06	5.181075e-05	1.758852e-14	7.812086e-16	1.763904e-02	1.071500e-22	2.534173e+02	1.205750e+03	1.168238e+01	1.377984e-16	3.442546e-11	7.693425e-08	8.732962e-08	1.476707e-15	9.026724e-27	0.000000e+00	7.976440e+13	9.295385e+10	5.399338e+11	9.012190e+12	2.511827e+00	1.670501e-12	9.657355e-03	3.095522e-03	7.776136e-02	1.106415e+00	1.139899e-02	4.148862e-02	2.409054e-12	5.633759e-14	7.965434e-19	1.275576e-23	1.312380e-09	0.000000e+00	6.423331e-17	1.131280e-06	4.413748e-05	1.010984e+03	9.461418e-07	1.404173e-06	1.512503e-36	4.550504e-50	4.102440e-04	2.804320e-41	1.435352e-01	0.000000e+00	0.000000e+00	0.000000e+00	0.000000e+00	0.000000e+00	0.000000e+00	0.000000e+00	0.000000e+00	0.000000e+00	0.000000e+00	0.000000e+00	0.000000e+00	0.000000e+00	0.000000e+00	0.000000e+00	0.000000e+00	0.000000e+00	0.000000e+00	0.000000e+00	0.000000e+00	0.000000e+00	0.000000e+00	0.000000e+00	0.000000e+00	0.000000e+00	2.499071e-59	9.755362e-37	3.046791e-35	3.042322e-15	3.489385e-31	0.000000e+00	
48.500000	48.000000	49.000000	175.000000	1.636556e-01	3.181369e+11	2.206334e+07	2.355830e+08	3.620695e+03	8.647552e+01	1.537484e-01	8.496645e+05	1.686477e-02	3.778055e-16	3.179762e-14	1.115823e+00	7.181297e-03	1.457092e-08	1.917868e-13	4.375216e-26	5.272630e-13	1.383195e-09	2.059470e-15	1.398050e-05	6.314204e+12	3.293097e+09	4.256609e+03	6.372535e-10	9.068000e+01	2.297855e-04	7.520382e-48	1.304753e-05	2.200634e-10	9.232140e-03	1.565174e-09	1.988594e-03	2.019756e+01	5.742056e+02	4.998998e-02	1.520372e-05	1.053049e-05	4.699266e-05	2.539369e-14	7.713469e-16	1.742865e-02	6.432235e-23	2.178063e+02	9.235418e+02	9.455434e+00	7.193732e-17	1.355400e-11	3.875074e-08	5.312819e-08	1.211227e-15	1.348769e-26	0.000000e+00	5.969305e+13	6.985258e+10	4.750901e+11	6.773402e+12	4.338529e+00	8.327985e-13	2.098993e-02	6.859763e-03	1.313981e-01	6.529495e-01	1.243982e-02	1.450104e-02	2.929919e-12	3.123024e-14	3.279606e-19	1.197711e-23	4.277774e-10	0.000000e+00	1.271724e-17	1.063946e-06	4.074572e-05	7.144854e+02	7.422974e-07	1.073665e-06	6.728756e-37	1.490034e-50	1.453209e-04	2.107677e-41	4.950439e-01	0.000000e+00	0.000000e+00	0.000000e+00	0.000000e+00	0.000000e+00	0.000000e+00	0.000000e+00	0.000000e+00	0.000000e+00	0.000000e+00	0.000000e+00	0.000000e+00	0.000000e+00	0.000000e+00	0.000000e+00	0.000000e+00	0.000000e+00	0.000000e+00	0.000000e+00	0.000000e+00	0.000000e+00	0.000000e+00	0.000000e+00	0.000000e+00	0.000000e+00	5.094772e-60	2.125495e-37	6.215996e-36	1.629386e-15	2.443230e-31	0.000000e+00	
49.500000	49.000000	50.000000	175.000000	1.230007e-01	3.715671e+11	1.790581e+07	2.180666e+08	2.353274e+03	4.453005e+01	4.441790e-02	4.328967e+05	1.422401e-02	1.855908e-16	2.263118e-14	7.547913e-01	4.736879e-03	7.230418e-09	7.168752e-14	1.130903e-26	2.201153e-13	4.752582e-10	4.994259e-16	3.200428e-05	4.985091e+12	2.333979e+09	7.639845e+03	6.048702e-10	7.635011e+01	5.150547e-05	1.206889e-47	1.742748e-05	2.866762e-10	1.196793e-02	1.494675e-09	1.371594e-03	3.308825e+01	5.969848e+02	7.591428e-02	1.451859e-05	1.280895e-05	4.253669e-05	3.699915e-14	7.743522e-16	1.795327e-02	4.336302e-23	1.916061e+02	7.093085e+02	8.758221e+00	4.726989e-17	5.655083e-12	2.032119e-08	3.286051e-08	9.891807e-16	2.014653e-26	0.000000e+00	4.462493e+13	5.249240e+10	4.104197e+11	5.090768e+12	7.165311e+00	4.198586e-13	4.483771e-02	1.483268e-02	2.438507e-01	5.617983e-01	1.293116e-02	5.016640e-03	3.600075e-12	1.683021e-14	1.285050e-19	1.126716e-23	1.387977e-10	0.000000e+00	2.490553e-18	1.101690e-06	3.686562e-05	4.922366e+02	5.807082e-07	8.232776e-07	3.506598e-37	5.971573e-51	4.838666e-05	1.584092e-41	1.645108e+00	0.000000e+00	0.000000e+00	0.000000e+00	0.000000e+00	0.000000e+00	0.000000e+00	0.000000e+00	0.000000e+00	0.000000e+00	0.000000e+00	0.000000e+00	0.000000e+00	0.000000e+00	0.000000e+00	0.000000e+00	0.000000e+00	0.000000e+00	0.000000e+00	0.000000e+00	0.000000e+00	0.000000e+00	0.000000e+00	0.000000e+00	0.000000e+00	0.000000e+00	1.038562e-60	4.924514e-38	1.343620e-36	8.686516e-16	1.623794e-31	0.000000e+00	
50.500000	50.000000	51.000000	175.000000	9.244523e-02	4.247770e+11	1.399470e+07	2.006689e+08	1.492369e+03	2.282468e+01	1.235106e-02	2.139712e+05	1.192041e-02	9.023962e-17	1.598633e-14	5.100235e-01	3.119953e-03	3.582114e-09	2.674152e-14	2.923134e-27	9.694477e-14	1.586654e-10	1.177002e-16	7.198856e-05	3.970164e+12	1.615465e+09	1.439842e+04	5.392590e-10	6.180260e+01	1.076442e-05	1.971115e-47	2.251064e-05	3.608463e-10	1.498547e-02	1.377386e-09	9.226907e-04	4.949968e+01	5.985856e+02	1.096338e-01	1.337796e-05	1.482096e-05	3.814897e-05	5.355992e-14	7.843240e-16	1.930671e-02	3.274446e-23	1.723938e+02	5.454197e+02	9.546637e+00	3.556536e-17	2.497657e-12	1.107786e-08	2.065229e-08	8.119938e-16	2.991733e-26	0.000000e+00	3.331603e+13	3.944679e+10	3.472951e+11	3.826135e+12	1.129853e+01	2.142768e-13	9.272754e-02	3.090590e-02	4.694125e-01	7.543275e-01	1.275140e-02	1.726673e-03	4.422444e-12	8.962207e-15	4.777327e-20	1.039659e-23	4.484775e-11	0.000000e+00	4.833022e-19	1.183595e-06	3.248561e-05	3.262840e+02	4.528620e-07	6.321675e-07	2.137928e-37	2.928736e-51	1.475561e-05	1.190577e-41	5.186153e+00	0.000000e+00	0.000000e+00	0.000000e+00	0.000000e+00	0.000000e+00	0.000000e+00	0.000000e+00	0.000000e+00	0.000000e+00	0.000000e+00	0.000000e+00	0.000000e+00	0.000000e+00	0.000000e+00	0.000000e+00	0.000000e+00	0.000000e+00	0.000000e+00	0.000000e+00	0.000000e+00	0.000000e+00	0.000000e+00	0.000000e+00	0.000000e+00	0.000000e+00	2.116957e-61	1.245482e-38	3.155500e-37	4.608611e-16	1.022013e-31	0.000000e+00	
51.500000	51.000000	52.000000	175.000000	6.948019e-02	4.755709e+11	1.054342e+07	1.828841e+08	9.231843e+02	1.157144e+01	3.317237e-03	1.025530e+05	9.930766e-03	4.281776e-17	1.108532e-14	3.439324e-01	2.057610e-03	1.776742e-09	9.984065e-15	7.555620e-28	4.548263e-14	5.163780e-11	2.704622e-17	1.451557e-04	3.192613e+12	1.080570e+09	2.520953e+04	4.455493e-10	4.783539e+01	2.114293e-06	3.053728e-47	2.545666e-05	3.965766e-10	1.637120e-02	1.099638e-09	5.990172e-04	6.477628e+01	5.727328e+02	1.392031e-01	1.068090e-05	1.470332e-05	3.360262e-05	7.023817e-14	7.621809e-16	2.167239e-02	2.759652e-23	1.582040e+02	4.182982e+02	1.143557e+01	2.673675e-17	1.162317e-12	6.239278e-09	1.312464e-08	6.332575e-16	3.810693e-26	0.000000e+00	2.483116e+13	2.964333e+10	2.870833e+11	2.875655e+12	1.715360e+01	1.104819e-13	1.695551e-01	5.676521e-02	8.308787e-01	1.195287e+00	1.194757e-02	5.928414e-04	5.028510e-12	4.779219e-15	1.689815e-20	8.502227e-24	1.437259e-11	0.000000e+00	9.291008e-20	1.165977e-06	2.773620e-05	2.039547e+02	3.510527e-07	4.842610e-07	1.519224e-37	1.754018e-51	3.973427e-06	8.948166e-42	1.416997e+01	0.000000e+00	0.000000e+00	0.000000e+00	0.000000e+00	0.000000e+00	0.000000e+00	0.000000e+00	0.000000e+00	0.000000e+00	0.000000e+00	0.000000e+00	0.000000e+00	0.000000e+00	0.000000e+00	0.000000e+00	0.000000e+00	0.000000e+00	0.000000e+00	0.000000e+00	0.000000e+00	0.000000e+00	0.000000e+00	0.000000e+00	0.000000e+00	0.000000e+00	4.314895e-62	3.495795e-39	8.152603e-38	2.432018e-16	5.722947e-32	0.000000e+00	
52.500000	52.000000	53.000000	175.000000	5.222008e-02	5.218823e+11	7.674976e+06	1.640433e+08	5.563831e+02	5.746386e+00	8.642688e-04	4.757024e+04	8.224097e-03	1.952245e-17	7.472462e-15	2.310466e-01	1.362126e-03	8.845311e-10	3.740599e-15	1.952943e-28	2.269242e-14	1.642085e-11	6.069753e-18	2.497757e-04	2.594708e+12	6.886932e+08	3.811842e+04	3.386956e-10	3.513402e+01	3.938234e-07	4.402931e-47	2.378021e-05	3.581005e-10	1.467482e-02	7.092283e-10	3.697356e-04	7.303207e+01	5.178039e+02	1.482358e-01	6.891808e-06	1.173907e-05	2.882284e-05	7.946557e-14	6.824746e-16	2.535639e-02	2.582038e-23	1.473350e+02	3.175863e+02	1.334196e+01	1.855656e-17	5.687084e-13	3.591233e-09	8.348103e-09	4.519851e-16	3.825322e-26	0.000000e+00	1.846759e+13	2.227610e+10	2.310163e+11	2.161291e+12	2.541534e+01	5.723330e-14	2.616866e-01	8.782463e-02	1.263037e+00	1.766446e+00	1.064782e-02	2.032033e-04	5.151611e-12	2.529108e-15	5.705343e-21	5.793734e-24	4.526850e-12	0.000000e+00	1.764796e-20	9.796219e-07	2.290347e-05	1.168999e+02	2.687057e-07	3.673196e-07	1.249669e-37	1.446975e-51	8.999333e-07	6.725282e-42	3.205782e+01	0.000000e+00	0.000000e+00	0.000000e+00	0.000000e+00	0.000000e+00	0.000000e+00	0.000000e+00	0.000000e+00	0.000000e+00	0.000000e+00	0.000000e+00	0.000000e+00	0.000000e+00	0.000000e+00	0.000000e+00	0.000000e+00	0.000000e+00	0.000000e+00	0.000000e+00	0.000000e+00	0.000000e+00	0.000000e+00	0.000000e+00	0.000000e+00	0.000000e+00	8.794515e-63	1.080587e-39	2.283236e-38	1.275208e-16	2.699677e-32	0.000000e+00	
53.500000	53.000000	54.000000	175.000000	3.924768e-02	5.618646e+11	5.404114e+06	1.438140e+08	3.258604e+02	2.761528e+00	2.195066e-04	2.126981e+04	6.766230e-03	8.438799e-18	4.865941e-15	1.541128e-01	9.063000e-04	4.425643e-10	1.408262e-15	5.047864e-29	1.185543e-14	5.107725e-12	1.329208e-18	3.595707e-04	2.132891e+12	4.110645e+08	4.826314e+04	2.382395e-10	2.414441e+01	7.024867e-08	5.893258e-47	1.777716e-05	2.565209e-10	1.041140e-02	3.534629e-10	2.128060e-04	7.119976e+01	4.407210e+02	1.292219e-01	3.439320e-06	7.269124e-06	2.393324e-05	7.596554e-14	5.523516e-16	3.085027e-02	2.665353e-23	1.382177e+02	2.359264e+02	1.378156e+01	1.164154e-17	2.960333e-13	2.082094e-09	5.241876e-09	2.872321e-16	2.889561e-26	0.000000e+00	1.369726e+13	1.673939e+10	1.800856e+11	1.624388e+12	3.715139e+01	2.956408e-14	3.348781e-01	1.125142e-01	1.603391e+00	2.229514e+00	8.956263e-03	6.944748e-05	4.694980e-12	1.282194e-15	1.831556e-21	3.171581e-24	1.380603e-12	0.000000e+00	3.295030e-21	6.787776e-07	1.832936e-05	5.937656e+01	2.008458e-07	2.726671e-07	1.180113e-37	1.054331e-50	1.615512e-07	5.054603e-42	5.903745e+01	0.000000e+00	0.000000e+00	0.000000e+00	0.000000e+00	0.000000e+00	0.000000e+00	0.000000e+00	0.000000e+00	0.000000e+00	0.000000e+00	0.000000e+00	0.000000e+00	0.000000e+00	0.000000e+00	0.000000e+00	0.000000e+00	0.000000e+00	0.000000e+00	0.000000e+00	0.000000e+00	0.000000e+00	0.000000e+00	0.000000e+00	0.000000e+00	0.000000e+00	1.792427e-63	3.576848e-40	6.687481e-39	6.632132e-17	1.039589e-32	0.000000e+00	
54.500000	54.000000	55.000000	175.000000	2.949864e-02	5.939957e+11	3.664774e+06	1.226602e+08	1.845075e+02	1.266980e+00	5.463581e-05	9.108872e+03	5.523843e-03	3.432630e-18	3.058064e-15	1.014489e-01	6.046803e-04	2.220386e-10	5.315857e-16	1.304748e-29	6.338899e-15	1.552144e-12	2.824147e-19	4.318120e-04	1.774191e+12	2.254972e+08	5.059790e+04	1.578923e-10	1.520419e+01	1.212207e-08	7.166173e-47	1.041334e-05	1.422660e-10	5.699225e-03	1.320011e-10	1.116812e-04	6.089830e+01	3.552185e+02	9.108988e-02	1.288920e-06	3.404970e-06	1.920817e-05	6.078557e-14	4.039251e-16	3.898077e-02	3.023635e-23	1.294129e+02	1.689980e+02	1.196499e+01	6.707551e-18	1.688547e-13	1.197241e-09	3.211550e-09	1.555706e-16	1.561734e-26	0.000000e+00	1.012387e+13	1.257851e+10	1.349739e+11	1.220894e+12	5.373469e+01	1.514518e-14	3.532705e-01	1.187299e-01	1.683163e+00	2.341056e+00	6.971788e-03	2.356050e-05	3.673112e-12	5.950396e-16	5.501354e-22	1.358305e-24	3.994566e-13	0.000000e+00	5.998592e-22	3.810044e-07	1.428475e-05	2.580150e+01	1.445393e-07	1.952014e-07	1.306752e-37	4.900143e-49	2.156585e-08	3.799050e-42	8.803261e+01	0.000000e+00	0.000000e+00	0.000000e+00	0.000000e+00	0.000000e+00	0.000000e+00	0.000000e+00	0.000000e+00	0.000000e+00	0.000000e+00	0.000000e+00	0.000000e+00	0.000000e+00	0.000000e+00	0.000000e+00	0.000000e+00	0.000000e+00	0.000000e+00	0.000000e+00	0.000000e+00	0.000000e+00	0.000000e+00	0.000000e+00	0.000000e+00	0.000000e+00	3.653115e-64	1.229397e-40	1.975989e-39	3.412763e-17	3.233470e-33	0.000000e+00	
55.500000	55.000000	56.000000	175.000000	2.217185e-02	6.171995e+11	2.358484e+06	1.017893e+08	9.998702e+01	5.459647e-01	1.340189e-05	3.705471e+03	4.467147e-03	1.315268e-18	1.863656e-15	6.514326e-02	4.001034e-04	1.104749e-10	1.989807e-16	3.372540e-30	3.400014e-15	4.583129e-13	5.733028e-20	4.380323e-04	1.493451e+12	1.116487e+08	4.379194e+04	1.009518e-10	8.574814e+00	2.044346e-09	7.626765e-47	4.701290e-06	5.995581e-11	2.359738e-03	3.622457e-11	5.227283e-05	4.672327e+01	2.750231e+02	5.191524e-02	3.567549e-07	1.185417e-06	1.494558e-05	4.050450e-14	2.712011e-16	5.134547e-02	3.793682e-23	1.197406e+02	1.150372e+02	8.569983e+00	3.610929e-18	1.078828e-13	6.733985e-10	1.917402e-09	6.785872e-17	5.696779e-27	0.000000e+00	7.449459e+12	9.451457e+09	9.598712e+10	9.176515e+11	7.655845e+01	7.711751e-15	3.069572e-01	1.031560e-01	1.457648e+00	2.031177e+00	4.891555e-03	7.854490e-06	2.334359e-12	2.420796e-16	1.502384e-22	4.455271e-25	1.068936e-13	0.000000e+00	1.051543e-22	1.705507e-07	1.090335e-05	9.308823e+00	9.873370e-08	1.328134e-07	5.282364e-37	2.528805e-47	2.020207e-09	2.855453e-42	1.062377e+02	0.000000e+00	0.000000e+00	0.000000e+00	0.000000e+00	0.000000e+00	0.000000e+00	0.000000e+00	0.000000e+00	0.000000e+00	0.000000e+00	0.000000e+00	0.000000e+00	0.000000e+00	0.000000e+00	0.000000e+00	0.000000e+00	0.000000e+00	0.000000e+00	0.000000e+00	0.000000e+00	0.000000e+00	0.000000e+00	0.000000e+00	0.000000e+00	0.000000e+00	7.445446e-65	4.292285e-41	5.758686e-40	1.732169e-17	8.183420e-34	0.000000e+00	
56.500000	56.000000	57.000000	175.000000	1.666487e-02	6.310914e+11	1.393364e+06	8.259051e+07	5.097566e+01	2.150260e-01	3.257869e-06	1.418718e+03	3.572407e-03	4.789621e-19	1.111048e-15	3.984380e-02	2.545068e-04	5.283916e-11	7.159153e-17	8.717405e-31	1.810467e-15	1.299366e-13	1.075691e-20	3.893135e-04	1.271500e+12	4.913097e+07	3.130930e+04	6.351958e-11	4.248575e+00	3.402637e-10	6.887387e-47	1.613291e-06	1.893163e-11	7.278841e-04	7.237319e-12	2.143029e-05	3.309046e+01	2.080581e+02	2.456065e-02	7.271396e-08	3.033728e-07	1.134506e-05	2.240042e-14	1.726392e-16	7.186493e-02	5.461932e-23	1.085205e+02	7.352028e+01	5.094826e+00	1.791928e-18	7.608966e-14	3.668795e-10	1.138475e-09	2.273886e-17	1.338154e-27	0.000000e+00	5.450230e+12	7.101216e+09	6.301085e+10	6.897277e+11	1.066316e+02	3.964715e-15	2.200042e-01	7.392374e-02	1.042350e+00	1.455688e+00	3.015572e-03	2.526526e-06	1.145343e-12	8.255345e-17	3.578576e-23	1.100259e-25	2.566402e-14	0.000000e+00	1.738243e-23	5.933318e-08	8.193108e-06	2.733560e+00	6.326774e-08	8.485142e-08	3.946510e-35	1.307799e-45	1.273393e-10	2.146223e-42	1.039909e+02	0.000000e+00	0.000000e+00	0.000000e+00	0.000000e+00	0.000000e+00	0.000000e+00	0.000000e+00	0.000000e+00	0.000000e+00	0.000000e+00	0.000000e+00	0.000000e+00	0.000000e+00	0.000000e+00	0.000000e+00	0.000000e+00	0.000000e+00	0.000000e+00	0.000000e+00	0.000000e+00	0.000000e+00	0.000000e+00	0.000000e+00	0.000000e+00	0.000000e+00	1.517446e-65	1.503266e-41	1.641418e-40	8.641243e-18	1.722204e-34	0.000000e+00	
57.500000	57.000000	58.000000	175.000000	1.252569e-02	6.362198e+11	6.974332e+05	6.603303e+07	2.376761e+01	7.216972e-02	7.890149e-07	5.067270e+02	2.823821e-03	1.680352e-19	6.542951e-16	2.193385e-02	1.425145e-04	2.224622e-11	2.267144e-17	2.253290e-31	9.567158e-16	3.466215e-14	1.740777e-21	3.771646e-01	1.093850e+12	1.899795e+07	1.853766e+04	3.977073e-11	1.826056e+00	5.638789e-11	5.201581e-47	4.160968e-07	4.436080e-12	1.655393e-04	1.052270e-12	7.603606e-06	2.236163e+01	1.558666e+02	1.048564e-02	1.104860e-08	5.689001e-08	8.460744e-06	1.088182e-14	1.090494e-16	1.147118e-01	1.037428e-22	9.604989e+01	4.337433e+01	2.577059e+00	8.209013e-19	5.909758e-14	1.934969e-10	7.168144e-10	5.677233e-18	3.074071e-28	0.000000e+00	3.958373e+12	5.334957e+09	3.548518e+10	5.184151e+11	1.441367e+02	2.125906e-15	1.304418e-01	4.382856e-02	6.170910e-01	8.637348e-01	1.601112e-03	7.605325e-07	4.191701e-13	2.198102e-17	6.958364e-24	2.021471e-26	5.274312e-15	0.000000e+00	2.615022e-24	1.502692e-08	6.084605e-06	6.480235e-01	3.740010e-08	5.004593e-08	4.159078e-33	6.762814e-44	5.291443e-12	1.613150e-42	8.294019e+01	0.000000e+00	0.000000e+00	0.000000e+00	0.000000e+00	0.000000e+00	0.000000e+00	0.000000e+00	0.000000e+00	0.000000e+00	0.000000e+00	0.000000e+00	0.000000e+00	0.000000e+00	0.000000e+00	0.000000e+00	0.000000e+00	0.000000e+00	0.000000e+00	0.000000e+00	0.000000e+00	0.000000e+00	0.000000e+00	0.000000e+00	0.000000e+00	0.000000e+00	3.092662e-66	5.247570e-42	4.578630e-41	4.221990e-18	3.105351e-35	0.000000e+00	
58.500000	58.000000	59.000000	175.000000	9.414597e-03	6.341661e+11	2.141990e+05	5.243447e+07	9.575985e+00	1.500653e-02	1.913193e-07	1.675810e+02	2.214577e-03	5.761746e-20	3.835047e-16	8.962217e-03	4.642220e-05	5.448025e-12	4.175840e-18	5.824344e-32	5.038712e-16	8.485297e-15	2.048028e-22	9.107299e+04	9.496015e+11	6.410059e+06	9.122248e+03	2.487770e-11	6.777284e-01	9.372542e-12	3.380848e-47	8.002739e-08	7.670010e-13	2.759211e-05	1.124019e-13	2.319832e-06	1.490870e+01	1.164675e+02	4.709371e-03	1.290641e-09	7.889732e-09	6.231389e-06	4.299907e-11	7.134910e-17	3.193402e-01	6.269239e-22	8.535434e+01	2.035678e+01	1.149964e+00	4.389963e-19	7.160323e-14	1.020931e-10	5.744250e-10	8.687842e-19	3.590336e-24	0.000000e+00	2.847772e+12	4.007681e+09	1.239936e+10	3.896526e+11	1.880403e+02	1.239144e-15	6.422571e-02	2.158452e-02	3.035565e-01	4.258734e-01	7.221320e-04	2.016882e-07	1.122513e-13	3.742943e-18	9.458310e-25	2.749934e-27	7.534334e-16	0.000000e+00	3.427372e-25	2.110186e-09	4.477265e-06	1.242702e-01	1.757924e-08	2.348317e-08	4.408896e-31	3.495801e-42	1.449044e-13	1.212480e-42	5.426636e+01	0.000000e+00	0.000000e+00	0.000000e+00	0.000000e+00	0.000000e+00	0.000000e+00	0.000000e+00	0.000000e+00	0.000000e+00	0.000000e+00	0.000000e+00	0.000000e+00	0.000000e+00	0.000000e+00	0.000000e+00	0.000000e+00	0.000000e+00	0.000000e+00	0.000000e+00	0.000000e+00	0.000000e+00	0.000000e+00	0.000000e+00	0.000000e+00	0.000000e+00	6.303027e-67	1.821151e-42	1.255739e-41	2.013509e-18	4.942555e-36	0.000000e+00	
59.500000	59.000000	60.000000	175.000000	7.076225e-03	6.198365e+11	2.053366e+03	4.161194e+07	4.610293e+00	1.720258e-07	4.683413e-08	5.106624e+01	1.699664e-03	1.968474e-20	2.273565e-16	1.001272e-06	5.251525e-10	4.604632e-17	3.098772e-23	1.505486e-32	2.830584e-16	1.972826e-15	1.678477e-23	7.691197e+09	8.229093e+11	1.881792e+06	3.794206e+03	1.556045e-11	2.239569e-01	1.582230e-12	2.649265e-47	1.638609e-08	1.396822e-13	4.795137e-06	1.291760e-14	6.072205e-07	1.008693e+01	8.703696e+01	2.584312e-03	1.601416e-10	1.143139e-09	4.542294e-06	4.216917e-11	5.018219e-17	7.375212e+01	2.486221e-17	6.410379e+00	3.413584e-04	4.703376e-01	2.761825e-21	6.595345e-12	4.621808e-12	4.305776e-10	7.384106e-24	2.636635e-24	0.000000e+00	2.023595e+12	3.010340e+09	2.327060e+05	2.928717e+11	2.525238e+02	8.409825e-16	3.710572e-02	1.029812e-01	1.260944e-01	1.773718e-01	2.933149e-04	6.491301e-08	3.161560e-14	3.618881e-19	8.801083e-26	3.932469e-28	5.486728e-21	0.000000e+00	4.267486e-26	9.893501e-11	3.269315e-06	1.946526e-02	2.951202e-13	3.938670e-13	4.674253e-29	1.803162e-40	2.648955e-15	9.113279e-43	2.936378e+01	0.000000e+00	0.000000e+00	0.000000e+00	0.000000e+00	0.000000e+00	0.000000e+00	0.000000e+00	0.000000e+00	0.000000e+00	0.000000e+00	0.000000e+00	0.000000e+00	0.000000e+00	0.000000e+00	0.000000e+00	0.000000e+00	0.000000e+00	0.000000e+00	0.000000e+00	0.000000e+00	0.000000e+00	0.000000e+00	0.000000e+00	0.000000e+00	0.000000e+00	1.284589e-67	6.309270e-43	3.422655e-42	9.345681e-19	7.144785e-37	0.000000e+00	
60.500000	60.000000	61.000000	175.000000	5.318652e-03	5.921931e+11	2.234678e+01	3.311459e+07	4.520978e+00	5.128814e-09	1.167264e-08	1.432481e+01	1.277742e-03	6.782487e-21	1.371135e-16	9.989605e-09	2.135450e-11	1.100976e-18	4.772846e-25	3.891406e-33	1.707060e-16	4.586810e-16	1.323824e-24	2.566310e+10	7.050643e+11	4.811138e+05	1.350858e+03	9.732710e-12	6.826669e-02	2.750431e-13	2.400863e-47	4.286072e-09	3.234352e-14	1.045324e-06	1.936880e-15	1.364709e-07	6.971055e+00	6.508781e+01	1.595524e-03	2.343612e-11	2.053067e-10	3.272614e-06	6.251162e-12	3.615536e-17	6.004671e+01	1.296460e-17	3.880675e-01	1.650330e-06	1.830636e-01	8.943239e-23	2.002513e-12	1.731276e-13	3.234471e-10	1.888884e-29	3.193086e-29	0.000000e+00	1.414552e+12	2.260966e+09	1.128856e+04	2.201291e+11	3.732981e+02	7.136969e-16	2.996159e-02	1.885805e-01	4.475691e-02	6.319776e-02	1.139524e-04	4.292473e-08	1.128544e-14	3.509767e-20	8.210802e-27	7.164822e-29	1.749381e-23	0.000000e+00	5.314316e-27	4.665739e-11	2.367233e-06	2.527774e-03	1.427974e-15	1.903273e-15	1.523755e-29	3.854496e-41	3.230269e-17	6.849748e-43	1.325805e+01	0.000000e+00	0.000000e+00	0.000000e+00	0.000000e+00	0.000000e+00	0.000000e+00	0.000000e+00	0.000000e+00	0.000000e+00	0.000000e+00	0.000000e+00	0.000000e+00	0.000000e+00	0.000000e+00	0.000000e+00	0.000000e+00	0.000000e+00	0.000000e+00	0.000000e+00	0.000000e+00	0.000000e+00	0.000000e+00	0.000000e+00	0.000000e+00	0.000000e+00	2.618049e-68	2.193853e-43	9.357408e-43	4.211923e-19	9.475591e-38	0.000000e+00	
61.500000	61.000000	62.000000	175.000000	3.997625e-03	5.631140e+11	3.131844e-01	2.645851e+07	4.908351e+00	1.369147e-09	2.971004e-09	3.714903e+00	9.606089e-04	2.338612e-21	8.247627e-17	5.214353e-09	7.178974e-12	2.413696e-19	7.867813e-26	1.005857e-33	1.026828e-16	1.066432e-16	1.001786e-25	4.114621e+10	6.042367e+11	1.075706e+05	4.084659e+02	6.087596e-12	1.880637e-02	4.935560e-14	1.999676e-47	9.397762e-10	6.273642e-15	1.892081e-07	2.601126e-16	2.643633e-08	4.892620e+00	4.870949e+01	1.022499e-03	3.005116e-12	3.315107e-11	2.319777e-06	3.655903e-12	2.562883e-17	4.546149e+01	5.873772e-18	3.268995e-02	1.751307e-07	6.924399e-02	4.067757e-24	4.829492e-13	9.131866e-15	2.430433e-10	1.559427e-33	3.385601e-33	0.000000e+00	9.670600e+11	1.697950e+09	4.801399e+03	1.654542e+11	5.547568e+02	6.890608e-16	2.231419e-02	1.774441e-01	1.346691e-02	1.914285e-02	3.893668e-05	3.158121e-08	3.299348e-15	3.415022e-21	7.681183e-28	1.098774e-29	1.594009e-24	0.000000e+00	6.618978e-28	2.008800e-11	1.694713e-06	2.769898e-04	1.516314e-16	2.019546e-16	3.950988e-30	5.860528e-42	1.976541e-19	5.148433e-43	5.048543e+00	0.000000e+00	0.000000e+00	0.000000e+00	0.000000e+00	0.000000e+00	0.000000e+00	0.000000e+00	0.000000e+00	0.000000e+00	0.000000e+00	0.000000e+00	0.000000e+00	0.000000e+00	0.000000e+00	0.000000e+00	0.000000e+00	0.000000e+00	0.000000e+00	0.000000e+00	0.000000e+00	0.000000e+00	0.000000e+00	0.000000e+00	0.000000e+00	0.000000e+00	5.335693e-69	7.639607e-44	2.559040e-43	1.840124e-19	1.150930e-38	0.000000e+00	
62.500000	62.000000	63.000000	175.000000	3.004709e-03	5.324968e+11	2.184594e-02	2.124683e+07	5.876110e+00	4.480434e-10	7.819227e-10	9.103892e-01	7.222351e-04	8.043377e-22	4.937069e-17	3.500880e-09	2.935233e-12	6.580879e-20	1.613017e-26	2.599959e-34	6.146641e-17	2.479457e-17	7.257289e-27	5.412587e+10	5.170069e+11	2.115802e+04	1.064466e+02	3.807658e-12	4.732851e-03	9.169184e-15	1.584194e-47	1.951507e-10	1.148855e-15	3.200131e-08	3.688821e-17	4.434604e-09	3.477173e+00	3.647704e+01	6.717950e-04	3.992641e-13	5.569536e-12	1.607495e-06	2.146668e-12	1.775971e-17	3.421451e+01	2.644328e-18	6.545415e-03	4.334632e-08	2.566987e-02	1.678695e-25	1.005984e-13	1.161360e-15	1.826493e-10	7.818697e-35	2.287063e-34	0.000000e+00	6.408175e+11	1.274966e+09	2.470352e+03	1.243593e+11	8.672729e+02	7.455548e-16	1.599525e-02	1.388301e-01	3.478390e-03	5.010138e-03	1.229545e-05	2.572263e-08	8.964160e-16	3.334190e-22	7.206618e-29	1.599798e-30	3.757297e-25	0.000000e+00	8.245314e-29	8.357815e-12	1.194654e-06	2.608898e-05	3.754807e-17	4.998214e-17	1.006680e-30	8.491142e-43	4.696703e-23	3.869684e-43	1.640228e+00	0.000000e+00	0.000000e+00	0.000000e+00	0.000000e+00	0.000000e+00	0.000000e+00	0.000000e+00	0.000000e+00	0.000000e+00	0.000000e+00	0.000000e+00	0.000000e+00	0.000000e+00	0.000000e+00	0.000000e+00	0.000000e+00	0.000000e+00	0.000000e+00	0.000000e+00	0.000000e+00	0.000000e+00	0.000000e+00	0.000000e+00	0.000000e+00	0.000000e+00	1.087436e-69	2.656612e-44	6.978521e-44	7.785000e-20	1.282139e-39	0.000000e+00	
63.500000	63.000000	64.000000	175.000000	2.258408e-03	5.001320e+11	7.929499e-03	1.715506e+07	8.323970e+00	1.629440e-10	2.292015e-10	2.323331e-01	5.430533e-04	2.747935e-22	2.929149e-17	2.983357e-09	1.323310e-12	2.009342e-20	3.703205e-27	6.720418e-35	3.646785e-17	5.764743e-18	5.024914e-28	6.475573e+10	4.403425e+11	3.682753e+03	2.434977e+01	2.381603e-12	1.130675e-03	1.769789e-15	1.230863e-47	4.809197e-11	2.504005e-16	6.339574e-09	6.662982e-18	6.455009e-10	2.497386e+00	2.733252e+01	4.470191e-04	6.819721e-14	1.165420e-12	1.080085e-06	1.279149e-12	1.193293e-17	2.572888e+01	1.196615e-18	2.441306e-03	1.330427e-08	9.320610e-03	5.947103e-27	1.863662e-14	2.792674e-16	1.372710e-10	6.377549e-36	2.376272e-35	0.000000e+00	4.058312e+11	9.572035e+08	1.392596e+03	9.347129e+10	1.565158e+03	9.529549e-16	1.112106e-02	9.968193e-02	7.816337e-04	1.159265e-03	3.957180e-06	2.484492e-08	2.850151e-16	3.267016e-23	6.782221e-30	2.791461e-31	1.308357e-25	0.000000e+00	1.027305e-29	3.836603e-12	8.245055e-07	2.151169e-06	1.152878e-17	1.534023e-17	2.574571e-31	1.227726e-43	8.389071e-27	2.908542e-43	4.597334e-01	0.000000e+00	0.000000e+00	0.000000e+00	0.000000e+00	0.000000e+00	0.000000e+00	0.000000e+00	0.000000e+00	0.000000e+00	0.000000e+00	0.000000e+00	0.000000e+00	0.000000e+00	0.000000e+00	0.000000e+00	0.000000e+00	0.000000e+00	0.000000e+00	0.000000e+00	0.000000e+00	0.000000e+00	0.000000e+00	0.000000e+00	0.000000e+00	0.000000e+00	2.216234e-70	9.199486e-45	1.889695e-44	3.187456e-20	1.314061e-40	0.000000e+00	
64.500000	64.000000	65.000000	175.000000	1.697471e-03	4.647199e+11	3.524994e-03	1.390952e+07	1.345766e+01	6.406056e-11	1.038454e-10	8.438066e-02	4.083557e-04	9.264982e-23	1.714918e-17	3.009335e-09	6.409844e-13	6.653735e-21	9.220303e-28	1.737105e-35	2.135070e-17	1.340305e-18	3.322508e-29	7.317475e+10	3.707751e+11	5.699905e+02	5.013304e+00	1.489637e-12	2.604660e-04	3.569378e-16	9.495767e-48	1.824604e-11	8.828483e-17	1.975552e-09	1.575020e-18	8.131028e-11	1.809758e+00	2.049079e+01	2.996318e-04	1.569623e-14	3.134223e-13	6.972241e-07	7.901688e-13	7.703083e-18	1.934285e+01	5.470549e-19	1.101395e-03	4.373492e-09	3.295541e-03	1.864882e-28	3.206093e-15	8.256959e-17	1.031701e-10	9.017312e-37	4.085924e-36	0.000000e+00	2.407255e+11	7.185252e+08	8.351894e+02	7.025515e+10	3.157965e+03	1.367163e-15	7.543167e-03	6.837536e-02	1.550669e-04	2.464894e-04	1.286229e-06	2.736761e-08	1.385284e-16	3.213848e-24	6.404451e-31	7.964740e-32	5.628764e-26	0.000000e+00	1.280194e-30	1.919139e-12	5.532091e-07	1.580834e-07	3.790866e-18	5.042578e-18	6.649348e-32	1.790156e-44	1.126316e-30	2.186127e-43	1.121864e-01	0.000000e+00	0.000000e+00	0.000000e+00	0.000000e+00	0.000000e+00	0.000000e+00	0.000000e+00	0.000000e+00	0.000000e+00	0.000000e+00	0.000000e+00	0.000000e+00	0.000000e+00	0.000000e+00	0.000000e+00	0.000000e+00	0.000000e+00	0.000000e+00	0.000000e+00	0.000000e+00	0.000000e+00	0.000000e+00	0.000000e+00	0.000000e+00	0.000000e+00	4.516763e-71	3.168270e-45	5.056470e-45	1.262617e-20	1.246114e-41	0.000000e+00	
65.500000	65.000000	66.000000	175.000000	1.275858e-03	4.240965e+11	1.633275e-03	1.128235e+07	2.239531e+01	2.735719e-11	1.022391e-10	5.657608e-02	3.070852e-04	3.062802e-23	9.878466e-18	3.184633e-09	3.363939e-13	2.396271e-21	2.496658e-28	4.490097e-36	1.229867e-17	3.116224e-19	2.102119e-30	7.928329e+10	3.049185e+11	7.878224e+01	9.621305e-01	9.317330e-13	5.621068e-05	7.593754e-17	7.302930e-48	9.980544e-12	4.815255e-17	9.106796e-10	4.144489e-19	8.810624e-12	1.321341e+00	1.536837e+01	2.024192e-04	4.105728e-15	9.279255e-14	4.287201e-07	5.213339e-13	4.736627e-18	1.454013e+01	2.545843e-19	5.756293e-04	1.492194e-09	1.126054e-03	5.720646e-30	5.545195e-16	2.882512e-17	7.754203e-11	1.990903e-37	1.071044e-36	0.000000e+00	1.304158e+11	5.393035e+08	5.339182e+02	5.280537e+10	6.409402e+03	1.959709e-15	5.032728e-03	4.579487e-02	2.757376e-05	5.175642e-05	3.872839e-07	3.085774e-08	9.712613e-17	3.175904e-25	6.071339e-32	3.579741e-32	2.634035e-26	0.000000e+00	1.595688e-31	9.211148e-13	3.585306e-07	1.053817e-08	1.293672e-18	1.720431e-18	1.747609e-32	2.653694e-45	1.136647e-34	1.643143e-43	2.397932e-02	0.000000e+00	0.000000e+00	0.000000e+00	0.000000e+00	0.000000e+00	0.000000e+00	0.000000e+00	0.000000e+00	0.000000e+00	0.000000e+00	0.000000e+00	0.000000e+00	0.000000e+00	0.000000e+00	0.000000e+00	0.000000e+00	0.000000e+00	0.000000e+00	0.000000e+00	0.000000e+00	0.000000e+00	0.000000e+00	0.000000e+00	0.000000e+00	0.000000e+00	9.205321e-72	1.087505e-45	1.331234e-45	4.840563e-21	1.108992e-42	0.000000e+00	
66.500000	66.000000	67.000000	175.000000	9.589637e-04	3.768022e+11	7.946883e-04	9.096567e+06	3.513453e+01	1.297633e-11	1.387537e-10	5.073265e-02	2.309327e-04	9.925841e-24	5.607736e-18	3.210122e-09	1.964513e-13	9.603911e-22	7.523194e-29	1.160608e-36	6.981623e-18	7.245307e-20	1.295905e-31	8.260088e+10	2.412058e+11	9.788720e+00	1.801966e-01	5.827766e-13	1.078774e-05	1.726765e-17	5.606349e-48	6.438203e-12	3.240517e-17	4.901926e-10	1.122966e-19	8.194732e-13	9.707608e-01	1.153094e+01	1.384613e-04	1.114722e-15	2.786944e-14	2.497369e-07	3.752376e-13	2.759196e-18	1.092923e+01	1.216733e-19	3.706578e-04	5.229380e-10	3.694883e-04	2.042123e-31	1.097036e-16	1.266091e-17	5.828080e-11	5.574020e-38	3.516243e-37	0.000000e+00	6.299164e+10	4.047906e+08	3.712602e+02	3.968972e+10	1.191472e+04	2.560059e-15	3.324687e-03	3.029531e-02	4.459263e-06	1.210306e-05	9.967142e-08	3.240630e-08	8.084120e-17	3.155049e-26	5.781831e-33	2.039034e-32	1.225896e-26	0.000000e+00	1.989444e-32	3.698668e-13	2.242840e-07	6.486228e-10	4.534355e-19	6.029105e-19	4.715774e-33	4.034981e-46	8.621953e-39	1.235023e-43	4.513308e-03	0.000000e+00	0.000000e+00	0.000000e+00	0.000000e+00	0.000000e+00	0.000000e+00	0.000000e+00	0.000000e+00	0.000000e+00	0.000000e+00	0.000000e+00	0.000000e+00	0.000000e+00	0.000000e+00	0.000000e+00	0.000000e+00	0.000000e+00	0.000000e+00	0.000000e+00	0.000000e+00	0.000000e+00	0.000000e+00	0.000000e+00	0.000000e+00	0.000000e+00	1.876076e-72	3.747772e-46	3.442907e-46	1.799131e-21	9.672441e-44	0.000000e+00	
67.500000	67.000000	68.000000	175.000000	7.207789e-04	3.239908e+11	3.956036e-04	7.234431e+06	4.626671e+01	6.662391e-12	1.627191e-10	4.337880e-02	1.736575e-04	3.208557e-24	3.177402e-18	2.739588e-09	1.250696e-13	4.195787e-22	2.471079e-29	2.999958e-37	3.955860e-18	1.684584e-20	8.657156e-33	8.248634e+10	1.812702e+11	1.110696e+00	3.459957e-02	3.645127e-13	1.757223e-06	4.256245e-18	4.297991e-48	4.480840e-12	2.358925e-17	2.786042e-10	3.329546e-20	6.681102e-14	7.168283e-01	8.654705e+00	9.652329e-05	3.311495e-16	8.969623e-15	1.377810e-07	2.852533e-13	1.522287e-18	8.214832e+00	6.008268e-20	2.690906e-04	1.864041e-10	1.161640e-04	1.014819e-32	2.807705e-17	6.390892e-18	4.380436e-11	1.802319e-38	1.320443e-37	0.000000e+00	2.696989e+10	3.038878e+08	2.741451e+02	2.983169e+10	1.797406e+04	2.749692e-15	2.177451e-03	1.985394e-02	6.645837e-07	3.543524e-06	1.985916e-08	2.804206e-08	7.322983e-17	3.152955e-27	5.534314e-34	1.298115e-32	5.033103e-27	0.000000e+00	2.481079e-33	1.057028e-13	1.373970e-07	3.750858e-11	1.616482e-19	2.149072e-19	1.314551e-33	6.334015e-47	4.915825e-43	9.282717e-44	7.576236e-04	0.000000e+00	0.000000e+00	0.000000e+00	0.000000e+00	0.000000e+00	0.000000e+00	0.000000e+00	0.000000e+00	0.000000e+00	0.000000e+00	0.000000e+00	0.000000e+00	0.000000e+00	0.000000e+00	0.000000e+00	0.000000e+00	0.000000e+00	0.000000e+00	0.000000e+00	0.000000e+00	0.000000e+00	0.000000e+00	0.000000e+00	0.000000e+00	0.000000e+00	3.823507e-73	1.314193e-46	8.787712e-47	6.506472e-22	9.398214e-45	0.000000e+00	
68.500000	68.000000	69.000000	175.000000	5.417539e-04	2.700882e+11	1.862448e-04	5.649109e+06	4.786443e+01	3.375985e-12	1.404587e-10	3.160638e-02	1.305755e-04	1.067937e-24	1.841985e-18	1.861850e-09	7.966202e-14	1.841500e-22	8.153655e-30	7.754339e-38	2.293269e-18	3.916896e-21	8.612503e-34	7.873643e+10	1.293405e+11	1.182300e-01	7.096629e-03	2.279940e-13	2.458580e-07	1.148563e-18	3.290549e-48	3.236946e-12	1.696559e-17	1.619984e-10	1.173881e-20	5.018691e-15	5.314822e-01	6.497932e+00	6.882204e-05	1.164537e-16	3.363616e-15	7.237568e-08	2.116289e-13	7.996677e-19	6.174527e+00	3.060011e-20	1.828531e-04	6.639867e-11	3.509080e-05	7.374208e-34	9.287631e-18	3.058004e-18	3.292395e-11	6.354766e-39	5.330994e-38	0.000000e+00	1.043962e+10	2.282157e+08	1.972765e+02	2.242218e+10	2.063950e+04	2.343535e-15	1.406841e-03	1.283240e-02	9.304398e-08	1.300039e-06	3.012330e-09	1.866854e-08	6.919038e-17	3.170052e-28	5.325189e-35	8.420990e-33	1.673239e-27	0.000000e+00	3.095121e-34	2.037160e-14	8.503360e-08	2.070970e-12	5.758541e-20	7.655081e-20	3.779542e-34	1.025711e-47	2.106664e-47	6.977102e-44	1.163446e-04	0.000000e+00	0.000000e+00	0.000000e+00	0.000000e+00	0.000000e+00	0.000000e+00	0.000000e+00	0.000000e+00	0.000000e+00	0.000000e+00	0.000000e+00	0.000000e+00	0.000000e+00	0.000000e+00	0.000000e+00	0.000000e+00	0.000000e+00	0.000000e+00	0.000000e+00	0.000000e+00	0.000000e+00	0.000000e+00	0.000000e+00	0.000000e+00	0.000000e+00	7.792438e-74	4.768656e-47	2.242819e-47	2.301476e-22	1.288732e-45	0.000000e+00	
69.500000	69.000000	70.000000	175.000000	4.071946e-04	2.198603e+11	7.743465e-05	4.337478e+06	3.849230e+01	1.553885e-12	8.820683e-11	1.919055e-02	9.817091e-05	3.745472e-25	1.121133e-18	1.002826e-09	4.696491e-14	7.551981e-23	2.513838e-30	2.004354e-38	1.395808e-18	9.107616e-22	1.374914e-34	7.195097e+10	8.852938e+10	1.214992e-02	1.581085e-03	1.426049e-13	3.199489e-08	3.404780e-19	2.515653e-48	2.363953e-12	1.149809e-17	9.470702e-11	4.658753e-21	3.671275e-16	3.953313e-01	4.879938e+00	5.007400e-05	4.613723e-17	1.411639e-15	3.652378e-08	1.439535e-13	4.035528e-19	4.640964e+00	1.595894e-20	1.046057e-04	2.317916e-11	1.025197e-05	7.247834e-35	3.588184e-18	1.240444e-18	2.474621e-11	2.318134e-39	2.183068e-38	0.000000e+00	3.761708e+09	1.714478e+08	1.280578e+02	1.685302e+10	1.798208e+04	1.618410e-15	8.915208e-04	8.134297e-03	1.287938e-08	5.439544e-07	4.090151e-10	9.490705e-09	6.607045e-17	3.205417e-29	5.149127e-36	5.271082e-33	4.339593e-28	0.000000e+00	3.862204e-35	2.837411e-15	5.487155e-08	1.106670e-13	2.010384e-20	2.672293e-20	1.112976e-34	1.702398e-48	6.785789e-52	5.244149e-44	1.685815e-05	0.000000e+00	0.000000e+00	0.000000e+00	0.000000e+00	0.000000e+00	0.000000e+00	0.000000e+00	0.000000e+00	0.000000e+00	0.000000e+00	0.000000e+00	0.000000e+00	0.000000e+00	0.000000e+00	0.000000e+00	0.000000e+00	0.000000e+00	0.000000e+00	0.000000e+00	0.000000e+00	0.000000e+00	0.000000e+00	0.000000e+00	0.000000e+00	0.000000e+00	1.588126e-74	1.819516e-47	5.845205e-48	8.006913e-23	2.717907e-46	0.000000e+00	
70.500000	70.000000	71.000000	175.000000	3.060567e-04	1.759816e+11	2.779330e-05	3.292629e+06	2.457644e+01	6.315415e-13	4.307554e-11	9.728019e-03	7.380106e-05	1.381964e-25	7.241386e-19	4.380370e-10	2.491976e-14	2.821893e-23	7.061554e-31	5.180888e-39	9.015509e-19	2.117731e-22	2.326382e-35	6.327497e+10	5.888028e+10	1.229157e-03	3.796698e-04	8.919610e-14	4.508477e-09	1.106429e-19	1.920437e-48	1.723550e-12	7.425533e-18	5.513974e-11	1.919447e-21	2.707864e-17	2.947964e-01	3.665615e+00	3.695013e-05	1.905587e-17	6.157725e-16	1.788178e-08	8.840187e-14	1.975771e-19	3.488289e+00	8.463997e-21	4.933075e-05	7.865950e-12	2.919563e-06	8.839694e-36	1.490768e-18	4.170545e-19	1.859974e-11	8.506641e-40	8.801618e-39	0.000000e+00	1.292819e+09	1.288331e+08	7.300197e+01	1.266712e+10	1.222695e+04	9.363117e-16	5.530975e-04	5.047720e-03	2.070977e-09	2.406657e-07	8.170193e-11	3.785438e-09	6.283020e-17	3.257391e-30	5.000328e-37	3.197136e-33	8.833814e-29	0.000000e+00	4.820569e-36	3.396493e-16	3.737047e-08	5.783717e-15	6.822661e-21	9.068483e-21	3.333468e-35	2.875846e-49	1.642895e-56	3.941622e-44	2.361695e-06	0.000000e+00	0.000000e+00	0.000000e+00	0.000000e+00	0.000000e+00	0.000000e+00	0.000000e+00	0.000000e+00	0.000000e+00	0.000000e+00	0.000000e+00	0.000000e+00	0.000000e+00	0.000000e+00	0.000000e+00	0.000000e+00	0.000000e+00	0.000000e+00	0.000000e+00	0.000000e+00	0.000000e+00	0.000000e+00	0.000000e+00	0.000000e+00	0.000000e+00	3.236654e-75	7.391103e-48	1.595562e-48	2.753137e-23	7.413884e-47	0.000000e+00	
71.500000	71.000000	72.000000	175.000000	2.300392e-04	1.391586e+11	8.819577e-06	2.484651e+06	1.310296e+01	2.323509e-13	1.807027e-11	4.206457e-03	5.547693e-05	5.279534e-26	4.920626e-19	1.629121e-10	1.214710e-14	9.806634e-24	1.844798e-31	1.339164e-39	6.126166e-19	4.924140e-23	3.416169e-36	5.390498e+10	3.845048e+10	1.234251e-04	9.844140e-05	5.579015e-14	8.311847e-10	3.919447e-20	1.464010e-48	1.251293e-12	4.783068e-18	3.187207e-11	7.958764e-22	2.033789e-18	2.202523e-01	2.753912e+00	2.748655e-05	7.949877e-18	2.702280e-16	8.568208e-09	5.031532e-14	9.466988e-20	2.621896e+00	4.543434e-21	1.977908e-05	2.617950e-12	8.163152e-07	1.291121e-36	6.421059e-19	1.199573e-19	1.397996e-11	3.140423e-40	3.500642e-39	0.000000e+00	4.309260e+08	9.682351e+07	3.743955e+01	9.520894e+09	6.857322e+03	4.728789e-16	3.365307e-04	3.071892e-03	5.562597e-10	1.090564e-07	2.944227e-11	1.253030e-09	5.937246e-17	3.324160e-31	4.873439e-38	1.957704e-33	1.490649e-29	0.000000e+00	6.017971e-37	4.441124e-17	2.661028e-08	2.978589e-16	2.270805e-21	3.018162e-21	1.010630e-35	4.920003e-50	2.989667e-61	2.962613e-44	3.241740e-07	0.000000e+00	0.000000e+00	0.000000e+00	0.000000e+00	0.000000e+00	0.000000e+00	0.000000e+00	0.000000e+00	0.000000e+00	0.000000e+00	0.000000e+00	0.000000e+00	0.000000e+00	0.000000e+00	0.000000e+00	0.000000e+00	0.000000e+00	0.000000e+00	0.000000e+00	0.000000e+00	0.000000e+00	0.000000e+00	0.000000e+00	0.000000e+00	0.000000e+00	6.596412e-76	3.219508e-48	4.666929e-49	9.391114e-24	2.298776e-47	0.000000e+00	
72.500000	72.000000	73.000000	175.000000	1.729027e-04	1.090317e+11	2.595525e-06	1.870183e+06	6.213854e+00	8.124935e-14	7.083564e-12	1.610582e-03	4.170064e-05	2.062713e-26	3.460273e-19	5.476858e-11	5.677997e-15	3.303387e-24	4.671332e-32	3.461494e-40	4.308028e-19	1.144934e-23	4.395417e-37	4.477005e+10	2.482947e+10	1.232860e-05	2.899549e-05	3.489549e-14	2.077733e-10	1.502017e-20	1.114619e-48	9.045492e-13	3.178441e-18	1.829590e-11	3.302111e-22	1.571667e-19	1.647999e-01	2.069211e+00	2.053204e-05	3.329156e-18	1.184664e-16	4.045537e-09	2.764671e-14	4.469852e-20	1.970685e+00	2.461168e-21	7.104469e-06	8.678973e-13	2.253836e-07	2.287754e-37	2.829103e-19	3.111658e-20	1.050765e-11	1.178686e-40	1.392755e-39	0.000000e+00	1.408362e+08	7.277085e+07	1.812867e+01	7.156120e+09	3.389131e+03	2.183706e-16	2.014876e-04	1.839507e-03	2.801128e-10	5.008811e-08	1.264806e-11	3.681946e-10	5.582728e-17	3.404032e-32	4.763903e-39	1.248080e-33	2.249213e-30	0.000000e+00	7.514050e-38	7.002882e-18	1.947892e-08	1.519433e-17	7.528335e-22	1.000571e-21	3.092181e-36	8.497144e-51	4.089200e-66	2.226767e-44	4.387820e-08	0.000000e+00	0.000000e+00	0.000000e+00	0.000000e+00	0.000000e+00	0.000000e+00	0.000000e+00	0.000000e+00	0.000000e+00	0.000000e+00	0.000000e+00	0.000000e+00	0.000000e+00	0.000000e+00	0.000000e+00	0.000000e+00	0.000000e+00	0.000000e+00	0.000000e+00	0.000000e+00	0.000000e+00	0.000000e+00	0.000000e+00	0.000000e+00	0.000000e+00	1.344371e-76	1.506288e-48	1.479972e-49	3.186369e-24	7.791962e-48	0.000000e+00	
73.500000	73.000000	74.000000	175.000000	1.299576e-04	8.480774e+10	7.400828e-07	1.406332e+06	2.759087e+00	2.814961e-14	2.724870e-12	5.675966e-04	3.134448e-05	8.198353e-27	2.484171e-19	1.745827e-11	2.640573e-15	1.116816e-24	1.187120e-32	8.947326e-41	3.092782e-19	2.662086e-24	5.216429e-38	3.644682e+10	1.592617e+10	1.225981e-06	1.073318e-05	2.182636e-14	6.128690e-11	6.172939e-21	8.475932e-49	6.508252e-13	2.188603e-18	1.044532e-11	1.371050e-22	1.377266e-20	1.234461e-01	1.554880e+00	1.537035e-05	1.399932e-18	5.192401e-17	1.891510e-09	1.511399e-14	2.089886e-20	1.481215e+00	1.342739e-21	2.395891e-06	2.896091e-13	6.170663e-08	5.051955e-38	1.268189e-19	7.626221e-21	7.897784e-12	4.524414e-41	5.595382e-40	0.000000e+00	4.544948e+07	5.469416e+07	8.642426e+00	5.378703e+09	1.556779e+03	9.577854e-17	1.191146e-04	1.087618e-03	1.872005e-10	2.323549e-08	5.407867e-12	1.013539e-10	5.228040e-17	3.495544e-33	4.667996e-40	8.304829e-34	3.221699e-31	0.000000e+00	9.383309e-39	1.219863e-18	1.446493e-08	7.704413e-19	2.512186e-22	3.338800e-22	9.529049e-37	1.478349e-51	4.203933e-71	1.673689e-44	5.879399e-09	0.000000e+00	0.000000e+00	0.000000e+00	0.000000e+00	0.000000e+00	0.000000e+00	0.000000e+00	0.000000e+00	0.000000e+00	0.000000e+00	0.000000e+00	0.000000e+00	0.000000e+00	0.000000e+00	0.000000e+00	0.000000e+00	0.000000e+00	0.000000e+00	0.000000e+00	0.000000e+00	0.000000e+00	0.000000e+00	0.000000e+00	0.000000e+00	0.000000e+00	2.739874e-77	7.545750e-49	5.071679e-50	1.077366e-24	2.827453e-48	0.000000e+00	
74.500000	74.000000	75.000000	175.000000	9.767910e-05	6.557862e+10	2.103340e-07	1.057171e+06	1.184295e+00	9.900165e-15	1.050939e-12	1.898632e-04	2.355983e-05	3.307023e-27	1.805505e-19	5.431609e-12	1.248089e-15	3.864078e-25	3.087211e-33	2.312720e-41	2.247844e-19	6.189539e-25	5.965474e-39	2.920985e+10	1.017450e+10	1.214739e-07	5.293262e-06	1.365190e-14	1.907870e-11	2.696019e-21	6.438123e-49	4.656457e-13	1.546680e-18	5.939580e-12	5.700392e-23	2.054710e-21	9.254723e-02	1.168467e+00	1.152041e-05	5.919987e-19	2.281373e-17	8.787379e-10	8.339947e-15	9.708959e-21	1.113316e+00	7.367343e-22	7.831598e-07	9.763619e-14	1.680142e-08	1.386696e-38	5.769104e-20	1.821722e-21	5.936153e-12	1.774995e-41	2.275144e-40	0.000000e+00	1.454849e+07	4.110779e+07	4.159257e+00	4.042756e+09	6.871003e+02	4.088219e-17	6.973412e-05	6.368013e-04	1.343825e-10	1.087434e-08	2.276167e-12	2.702109e-11	4.875783e-17	3.597479e-34	4.582744e-41	5.704905e-34	4.533476e-32	0.000000e+00	1.171882e-39	2.167501e-19	1.081444e-08	3.892351e-20	8.469490e-23	1.125610e-22	2.953362e-37	2.587162e-52	3.248438e-76	1.257983e-44	7.822747e-10	0.000000e+00	0.000000e+00	0.000000e+00	0.000000e+00	0.000000e+00	0.000000e+00	0.000000e+00	0.000000e+00	0.000000e+00	0.000000e+00	0.000000e+00	0.000000e+00	0.000000e+00	0.000000e+00	0.000000e+00	0.000000e+00	0.000000e+00	0.000000e+00	0.000000e+00	0.000000e+00	0.000000e+00	0.000000e+00	0.000000e+00	0.000000e+00	0.000000e+00	5.583957e-78	4.022831e-49	1.851456e-50	3.634554e-25	1.075252e-48	0.000000e+00	
75.500000	75.000000	76.000000	175.000000	7.341784e-05	5.046590e+10	6.045520e-08	7.946044e+05	5.000601e-01	3.572104e-15	4.092256e-13	6.157886e-05	1.770837e-05	1.351371e-27	1.322415e-19	1.674265e-12	6.049929e-16	1.378484e-25	8.277477e-34	5.977955e-42	1.646398e-19	1.439099e-25	6.771494e-40	2.312399e+10	6.484481e+09	1.200345e-08	3.254485e-06	8.538962e-15	6.029778e-12	1.240120e-21	4.885015e-49	3.308520e-13	1.111052e-18	3.367913e-12	2.374083e-23	7.098979e-22	6.942652e-02	8.781245e-01	8.641470e-06	2.521705e-19	1.007887e-17	4.065466e-10	4.664747e-15	4.491856e-21	8.367938e-01	4.060765e-22	2.528940e-07	3.325631e-14	4.558363e-09	4.542342e-39	2.660832e-20	4.319135e-22	4.461747e-12	7.087199e-42	9.345155e-41	0.000000e+00	4.632870e+06	3.089611e+07	2.043951e+00	3.038627e+09	2.967874e+02	1.721507e-17	4.052152e-05	3.700690e-04	9.820666e-11	5.135084e-09	9.558188e-13	7.103647e-12	4.524723e-17	3.708854e-35	4.505801e-42	4.002702e-34	6.370791e-33	0.000000e+00	1.463685e-40	3.845054e-20	8.109685e-09	1.962555e-21	2.884866e-23	3.833988e-23	9.195428e-38	4.548886e-53	1.886663e-81	9.455285e-45	1.036102e-10	0.000000e+00	0.000000e+00	0.000000e+00	0.000000e+00	0.000000e+00	0.000000e+00	0.000000e+00	0.000000e+00	0.000000e+00	0.000000e+00	0.000000e+00	0.000000e+00	0.000000e+00	0.000000e+00	0.000000e+00	0.000000e+00	0.000000e+00	0.000000e+00	0.000000e+00	0.000000e+00	0.000000e+00	0.000000e+00	0.000000e+00	0.000000e+00	0.000000e+00	1.138029e-78	2.266239e-49	7.075750e-51	1.224361e-25	4.213055e-49	0.000000e+00	
76.500000	76.000000	77.000000	175.000000	5.518255e-05	3.868244e+10	1.767373e-08	5.972220e+05	2.096148e-01	1.325582e-15	1.610149e-13	1.963235e-05	1.331015e-05	5.584875e-28	9.736604e-20	5.149716e-13	3.012885e-16	5.073406e-26	2.289458e-34	1.545192e-42	1.212199e-19	3.345963e-26	7.766904e-41	1.812962e+10	4.126811e+09	1.183856e-09	2.240121e-06	5.340934e-15	1.926682e-12	5.957011e-22	3.702767e-49	2.330533e-13	8.062956e-19	1.905842e-12	9.904980e-24	3.594201e-22	5.210691e-02	6.599502e-01	6.485401e-06	1.084015e-19	4.492171e-18	1.875881e-10	2.643620e-15	2.072652e-21	6.289537e-01	2.246340e-22	8.156975e-08	1.143005e-14	1.233885e-09	1.688357e-39	1.244835e-20	1.026859e-22	3.353553e-12	2.864425e-42	3.863334e-41	0.000000e+00	1.470419e+06	2.322083e+07	1.029032e+00	2.283903e+09	1.266848e+02	7.203635e-18	2.341207e-05	2.138297e-04	7.225476e-11	2.449952e-09	4.057862e-13	1.858623e-12	4.171635e-17	3.828895e-36	4.435341e-43	2.848403e-34	9.003617e-34	0.000000e+00	1.828266e-41	6.841879e-21	6.089410e-09	9.888568e-23	9.915250e-24	1.317724e-23	2.873472e-38	8.027960e-54	8.235981e-87	7.106812e-45	1.368693e-11	0.000000e+00	0.000000e+00	0.000000e+00	0.000000e+00	0.000000e+00	0.000000e+00	0.000000e+00	0.000000e+00	0.000000e+00	0.000000e+00	0.000000e+00	0.000000e+00	0.000000e+00	0.000000e+00	0.000000e+00	0.000000e+00	0.000000e+00	0.000000e+00	0.000000e+00	0.000000e+00	0.000000e+00	0.000000e+00	0.000000e+00	0.000000e+00	0.000000e+00	2.319343e-79	1.339728e-49	2.789076e-51	4.120644e-26	1.682337e-49	0.000000e+00	
77.500000	77.000000	78.000000	175.000000	4.147651e-05	2.955363e+10	5.259459e-09	4.488575e+05	8.766218e-02	5.051183e-16	6.393703e-14	6.205628e-06	1.000428e-05	2.331204e-28	7.196134e-20	1.585552e-13	1.538628e-16	1.921026e-26	6.514068e-35	3.994039e-43	8.959108e-20	7.779472e-27	9.086165e-42	1.410501e+10	2.624087e+09	1.166077e-10	1.615024e-06	3.340640e-15	6.276074e-13	2.965269e-22	2.803864e-49	1.624146e-13	5.890613e-19	1.076846e-12	4.139218e-24	1.965327e-22	3.912207e-02	4.959955e-01	4.869118e-06	4.713309e-20	2.027305e-18	8.640936e-11	1.515091e-15	9.547568e-22	4.727365e-01	1.246134e-22	2.646151e-08	3.958086e-15	3.335050e-10	6.857308e-40	5.918920e-21	2.463343e-23	2.520609e-12	1.165362e-42	1.600580e-41	0.000000e+00	4.657071e+05	1.745195e+07	5.302552e-01	1.716635e+09	5.371544e+01	3.007222e-18	1.346695e-05	1.230051e-04	5.337585e-11	1.184090e-09	1.765456e-13	4.863316e-13	3.813092e-17	3.957013e-37	4.369952e-44	2.047262e-34	1.283239e-34	0.000000e+00	2.283775e-42	1.236893e-21	4.575007e-09	4.985123e-24	3.433551e-24	4.563110e-24	9.004740e-39	1.420915e-54	2.702324e-92	5.341647e-45	1.806048e-12	0.000000e+00	0.000000e+00	0.000000e+00	0.000000e+00	0.000000e+00	0.000000e+00	0.000000e+00	0.000000e+00	0.000000e+00	0.000000e+00	0.000000e+00	0.000000e+00	0.000000e+00	0.000000e+00	0.000000e+00	0.000000e+00	0.000000e+00	0.000000e+00	0.000000e+00	0.000000e+00	0.000000e+00	0.000000e+00	0.000000e+00	0.000000e+00	0.000000e+00	4.726903e-80	8.259075e-50	1.121912e-51	1.386001e-26	6.802759e-50	0.000000e+00	
78.500000	78.000000	79.000000	175.000000	3.117471e-05	2.251825e+10	1.590680e-09	3.373414e+05	3.668968e-02	1.969668e-16	2.557938e-14	1.955400e-06	7.519474e-06	9.820119e-29	5.334054e-20	4.892907e-14	8.030381e-17	7.453016e-27	1.898763e-35	1.032386e-43	6.640821e-20	1.808749e-27	1.088171e-42	1.090650e+10	1.667683e+09	1.147574e-11	1.185367e-06	2.089498e-15	2.114311e-13	1.519221e-22	2.121164e-49	1.117260e-13	4.323592e-19	6.076866e-13	1.732104e-24	1.090102e-22	2.938094e-02	3.727799e-01	3.656655e-06	2.078805e-20	9.302324e-19	3.975983e-11	8.762442e-16	4.393341e-22	3.553198e-01	6.927313e-23	8.677070e-09	1.379106e-15	9.005818e-11	2.977190e-40	2.870801e-21	5.989234e-24	1.894548e-12	4.747215e-43	6.616818e-42	0.000000e+00	1.472987e+05	1.311593e+07	2.788728e-01	1.290263e+09	2.268759e+01	1.255272e-18	7.719564e-06	7.051278e-05	3.954837e-11	5.821954e-10	7.999914e-14	1.276313e-13	3.447106e-17	4.092781e-38	4.308543e-45	1.482299e-34	1.846647e-35	0.000000e+00	2.852882e-43	2.309828e-22	3.438054e-09	2.518083e-25	1.196350e-24	1.589912e-24	2.827824e-39	2.520448e-55	6.664388e-98	4.014906e-45	2.383473e-13	0.000000e+00	0.000000e+00	0.000000e+00	0.000000e+00	0.000000e+00	0.000000e+00	0.000000e+00	0.000000e+00	0.000000e+00	0.000000e+00	0.000000e+00	0.000000e+00	0.000000e+00	0.000000e+00	0.000000e+00	0.000000e+00	0.000000e+00	0.000000e+00	0.000000e+00	0.000000e+00	0.000000e+00	0.000000e+00	0.000000e+00	0.000000e+00	0.000000e+00	9.633594e-81	5.279443e-50	4.573687e-52	4.660132e-27	2.775078e-50	0.000000e+00	
79.500000	79.000000	80.000000	175.000000	2.343162e-05	1.711930e+10	4.877119e-10	2.535230e+05	1.540870e-02	7.829579e-17	1.029421e-14	6.165957e-07	5.651820e-06	4.173482e-29	3.962949e-20	1.513937e-14	4.267492e-17	2.950169e-27	5.645712e-36	2.668529e-44	4.933798e-20	4.205381e-28	1.335051e-43	8.391586e+09	1.059518e+09	1.128729e-12	8.762959e-07	1.306935e-15	7.503531e-14	7.964823e-23	1.603235e-49	7.569101e-14	3.183938e-19	3.425383e-13	7.255512e-25	6.073505e-23	2.206977e-02	2.801775e-01	2.746670e-06	9.334633e-21	4.360008e-19	1.828216e-11	5.104537e-16	2.020267e-22	2.670664e-01	3.856476e-23	2.888698e-09	4.829395e-16	2.430438e-11	1.367416e-40	1.428237e-21	1.481646e-24	1.423986e-12	1.926985e-43	2.718338e-42	0.000000e+00	4.654919e+04	9.856895e+06	1.491782e-01	9.697911e+08	9.560410e+00	5.247624e-19	4.412900e-06	4.031035e-05	2.937314e-11	2.929663e-10	3.847685e-14	3.367456e-14	3.074378e-17	4.235928e-39	4.250280e-46	1.079207e-34	2.685978e-36	0.000000e+00	3.563912e-44	4.543751e-23	2.583914e-09	1.276986e-26	4.189428e-25	5.567597e-25	8.893332e-40	4.477607e-56	1.235331e-103	3.017695e-45	3.149404e-14	0.000000e+00	0.000000e+00	0.000000e+00	0.000000e+00	0.000000e+00	0.000000e+00	0.000000e+00	0.000000e+00	0.000000e+00	0.000000e+00	0.000000e+00	0.000000e+00	0.000000e+00	0.000000e+00	0.000000e+00	0.000000e+00	0.000000e+00	0.000000e+00	0.000000e+00	0.000000e+00	0.000000e+00	0.000000e+00	0.000000e+00	0.000000e+00	0.000000e+00	1.963359e-81	3.481257e-50	1.881529e-52	1.566492e-27	1.139295e-50	0.000000e+00	
80.500000	80.000000	81.000000	175.000000	1.761174e-05	1.299065e+10	1.511954e-10	1.905232e+05	6.514361e-03	3.160968e-17	4.161849e-15	1.952588e-07	4.248042e-06	1.789899e-29	2.949771e-20	4.696701e-15	2.301093e-17	1.186837e-27	1.705622e-36	6.897657e-45	3.672393e-20	9.777595e-29	1.677672e-44	6.430681e+09	6.730040e+08	1.109789e-13	6.498582e-07	8.174594e-16	2.859625e-14	4.252306e-23	1.210736e-49	5.039489e-14	2.350052e-19	1.928517e-13	3.041020e-25	3.392679e-23	1.658046e-02	2.105808e-01	2.063456e-06	4.287269e-21	2.098019e-19	8.402711e-12	2.990846e-16	9.286483e-23	2.007332e-01	2.148657e-23	9.805580e-10	1.698118e-16	6.556636e-12	6.624488e-41	7.341359e-22	3.744095e-25	1.070300e-12	7.761936e-44	1.105794e-42	0.000000e+00	1.470240e+04	7.407345e+06	8.089879e-02	7.289170e+08	4.023091e+00	2.200500e-19	2.517100e-06	2.299363e-05	2.185808e-11	1.520333e-10	1.999460e-14	8.958795e-15	2.698897e-17	4.386382e-40	4.194531e-47	7.889935e-35	3.956311e-37	0.000000e+00	4.452253e-45	9.602808e-24	1.942059e-09	6.521912e-28	1.473097e-25	1.957685e-25	2.799193e-40	7.961560e-57	1.721100e-109	2.268168e-45	4.171252e-15	0.000000e+00	0.000000e+00	0.000000e+00	0.000000e+00	0.000000e+00	0.000000e+00	0.000000e+00	0.000000e+00	0.000000e+00	0.000000e+00	0.000000e+00	0.000000e+00	0.000000e+00	0.000000e+00	0.000000e+00	0.000000e+00	0.000000e+00	0.000000e+00	0.000000e+00	0.000000e+00	0.000000e+00	0.000000e+00	0.000000e+00	0.000000e+00	0.000000e+00	4.001393e-82	2.356672e-50	7.789805e-53	5.264920e-28	4.699149e-51	0.000000e+00	
81.500000	81.000000	82.000000	175.000000	1.323738e-05	9.842491e+09	4.728015e-11	1.431712e+05	2.785775e-03	1.291860e-17	1.688536e-15	6.236572e-08	3.192928e-06	7.752134e-30	2.198948e-20	1.460622e-15	1.255256e-17	4.836582e-28	5.217966e-37	1.782918e-45	2.737619e-20	2.273309e-29	2.161020e-45	4.911860e+09	4.274385e+08	1.090917e-14	4.826201e-07	5.113033e-16	1.185928e-14	2.302740e-23	9.136067e-50	3.291962e-14	1.737003e-19	1.084298e-13	1.274725e-25	1.898841e-23	1.245791e-02	1.582734e-01	1.550362e-06	2.025186e-21	1.041924e-19	3.860912e-12	1.760563e-16	4.267808e-23	1.508757e-01	1.197331e-23	3.408934e-10	5.990973e-17	1.768369e-12	3.389435e-41	3.930373e-22	9.704425e-26	8.044619e-13	3.092096e-44	4.441067e-43	0.000000e+00	4.642088e+03	5.566224e+06	4.434670e-02	5.478706e+08	1.691509e+00	9.275343e-20	1.433184e-06	1.309245e-05	1.629130e-11	8.204837e-11	1.133318e-14	2.414251e-15	2.327705e-17	4.544421e-41	4.140812e-48	5.785257e-35	5.923416e-38	0.000000e+00	5.562119e-46	2.209989e-24	1.459672e-09	3.371520e-29	5.197106e-26	6.906726e-26	8.812058e-41	1.415976e-57	1.802310e-115	1.704807e-45	5.544562e-16	0.000000e+00	0.000000e+00	0.000000e+00	0.000000e+00	0.000000e+00	0.000000e+00	0.000000e+00	0.000000e+00	0.000000e+00	0.000000e+00	0.000000e+00	0.000000e+00	0.000000e+00	0.000000e+00	0.000000e+00	0.000000e+00	0.000000e+00	0.000000e+00	0.000000e+00	0.000000e+00	0.000000e+00	0.000000e+00	0.000000e+00	0.000000e+00	0.000000e+00	8.154975e-83	1.630692e-50	3.240179e-53	1.769348e-28	1.944578e-51	0.000000e+00	
82.500000	82.000000	83.000000	175.000000	9.949520e-06	7.447662e+09	1.488461e-11	1.075806e+05	1.214186e-03	5.330732e-18	6.869180e-16	2.021962e-08	2.399878e-06	3.394538e-30	1.641249e-20	4.552311e-16	6.910852e-18	1.991336e-28	1.612063e-37	4.608515e-46	2.043285e-20	5.285483e-30	2.862862e-46	3.741686e+09	2.714545e+08	1.072232e-15	3.585891e-07	3.198096e-16	5.356403e-15	1.260820e-23	6.889056e-50	2.107543e-14	1.284599e-19	6.086325e-14	5.340900e-26	1.064374e-23	9.361201e-03	1.189597e-01	1.164951e-06	9.899791e-22	5.366831e-20	1.773713e-12	1.040317e-16	1.961256e-23	1.134016e-01	6.668553e-24	1.219277e-10	2.119419e-17	4.768682e-13	1.836193e-41	2.207416e-22	2.590944e-26	6.046519e-13	1.215213e-44	1.757174e-43	0.000000e+00	1.465355e+03	4.182412e+06	2.451556e-02	4.117921e+08	7.108266e-01	3.943090e-20	8.148259e-07	7.443788e-06	1.215771e-11	4.639117e-11	6.980076e-15	6.639048e-16	1.969827e-17	4.711195e-42	4.088759e-49	4.249862e-35	9.075478e-39	0.000000e+00	6.948745e-47	5.543489e-25	1.097113e-09	1.778864e-30	1.838576e-26	2.443383e-26	2.772670e-41	2.517229e-58	1.418576e-121	1.281372e-45	7.407965e-17	0.000000e+00	0.000000e+00	0.000000e+00	0.000000e+00	0.000000e+00	0.000000e+00	0.000000e+00	0.000000e+00	0.000000e+00	0.000000e+00	0.000000e+00	0.000000e+00	0.000000e+00	0.000000e+00	0.000000e+00	0.000000e+00	0.000000e+00	0.000000e+00	0.000000e+00	0.000000e+00	0.000000e+00	0.000000e+00	0.000000e+00	0.000000e+00	0.000000e+00	1.662012e-83	1.148788e-50	1.352510e-53	5.945766e-29	8.063587e-52	0.000000e+00	
83.500000	83.000000	84.000000	175.000000	7.478286e-06	5.629480e+09	4.710442e-12	8.083008e+04	5.456560e-04	2.216875e-18	2.800212e-16	6.719285e-09	1.803804e-06	1.505113e-30	1.226205e-20	1.421547e-16	3.833007e-18	8.266675e-29	5.018619e-38	1.191216e-46	1.526557e-20	1.228883e-30	3.929509e-47	2.843983e+09	1.723855e+08	1.053877e-16	2.663675e-07	2.000346e-16	2.603427e-15	6.962290e-24	5.191427e-50	1.321780e-14	9.497365e-20	3.409208e-14	2.235239e-26	5.973358e-24	7.034709e-03	8.941156e-02	8.754046e-07	5.038870e-22	2.878795e-20	8.147559e-13	6.166919e-17	9.013658e-24	8.523521e-02	3.709230e-24	4.506165e-11	7.514685e-18	1.285824e-13	1.054030e-41	1.305855e-22	7.154703e-27	4.544701e-13	4.704166e-45	6.840476e-44	0.000000e+00	4.624993e+02	3.142324e+06	1.364252e-02	3.095123e+08	2.986197e-01	1.699867e-20	4.626922e-07	4.226976e-06	9.082194e-12	2.759906e-11	4.601572e-15	1.884385e-16	1.634641e-17	4.890412e-43	4.038093e-50	3.124369e-35	1.438482e-39	0.000000e+00	8.681140e-48	1.497504e-25	8.246118e-10	9.710748e-32	6.518928e-27	8.663342e-27	8.712849e-42	4.469594e-59	8.392204e-128	9.631082e-46	9.968796e-18	0.000000e+00	0.000000e+00	0.000000e+00	0.000000e+00	0.000000e+00	0.000000e+00	0.000000e+00	0.000000e+00	0.000000e+00	0.000000e+00	0.000000e+00	0.000000e+00	0.000000e+00	0.000000e+00	0.000000e+00	0.000000e+00	0.000000e+00	0.000000e+00	0.000000e+00	0.000000e+00	0.000000e+00	0.000000e+00	0.000000e+00	0.000000e+00	0.000000e+00	3.387236e-84	8.211055e-51	5.660942e-54	1.997953e-29	3.346786e-52	0.000000e+00	
84.500000	84.000000	85.000000	175.000000	5.620850e-06	4.251345e+09	1.496858e-12	6.072394e+04	2.569027e-04	9.272063e-19	1.143284e-16	2.321164e-09	1.355780e-06	6.769505e-31	9.168341e-21	4.446523e-17	2.138862e-18	3.455053e-29	1.571747e-38	3.079076e-47	1.141391e-20	2.857174e-31	5.657795e-48	2.157702e+09	1.094696e+08	1.036241e-17	1.976787e-07	1.251182e-16	1.336612e-15	3.869737e-24	3.910011e-50	8.122094e-15	7.012958e-20	1.904522e-14	9.336835e-27	3.355410e-24	5.286667e-03	6.720306e-02	6.578550e-07	2.684177e-22	1.612114e-20	3.742318e-13	3.665748e-17	4.143603e-24	6.406472e-02	2.058646e-24	1.727289e-11	2.669335e-18	3.466873e-14	6.391255e-42	8.131997e-23	2.050754e-27	3.415901e-13	1.792261e-45	2.618504e-44	0.000000e+00	1.459623e+02	2.360586e+06	7.632029e-03	2.326365e+08	1.254287e-01	7.496362e-21	2.624585e-07	2.397759e-06	6.790143e-12	1.726851e-11	3.185721e-15	5.608260e-17	1.330181e-17	5.093661e-44	3.988606e-51	2.296161e-35	2.395215e-40	0.000000e+00	1.084552e-48	4.276213e-26	6.197955e-10	5.606475e-33	2.315629e-27	3.077356e-27	2.731968e-42	7.919751e-60	3.731637e-134	7.238941e-46	1.355045e-18	0.000000e+00	0.000000e+00	0.000000e+00	0.000000e+00	0.000000e+00	0.000000e+00	0.000000e+00	0.000000e+00	0.000000e+00	0.000000e+00	0.000000e+00	0.000000e+00	0.000000e+00	0.000000e+00	0.000000e+00	0.000000e+00	0.000000e+00	0.000000e+00	0.000000e+00	0.000000e+00	0.000000e+00	0.000000e+00	0.000000e+00	0.000000e+00	0.000000e+00	6.903303e-85	5.936970e-51	2.374375e-54	6.713548e-30	1.388733e-52	0.000000e+00	
85.500000	85.000000	86.000000	175.000000	4.224759e-06	3.208172e+09	4.772907e-13	4.561189e+04	1.290444e-04	3.901316e-19	4.673381e-17	8.483821e-10	1.019035e-06	3.094216e-31	6.859252e-21	1.392895e-17	1.199712e-18	1.452366e-29	4.945707e-39	7.958845e-48	8.539098e-21	6.642975e-32	8.687351e-49	1.634542e+09	6.951561e+07	1.020839e-18	1.464579e-07	7.825977e-17	7.118789e-16	2.161586e-24	2.943546e-50	4.892756e-15	5.166588e-20	1.060264e-14	3.888876e-27	1.886152e-24	3.973140e-03	5.051096e-02	4.943862e-07	1.500890e-22	9.429438e-21	1.718835e-13	2.184265e-17	1.905751e-24	4.815251e-02	1.138847e-24	6.886196e-12	9.496146e-19	9.347112e-15	4.064177e-42	5.302737e-23	6.117108e-28	2.567469e-13	6.719272e-46	9.856114e-45	0.000000e+00	4.606232e+01	1.773030e+06	4.288250e-03	1.748549e+08	5.267919e-02	3.425704e-21	1.487389e-07	1.358863e-06	5.079634e-12	1.130548e-11	2.277285e-15	1.782085e-17	1.061913e-17	5.357344e-45	3.940143e-52	1.684898e-35	4.264640e-41	0.000000e+00	1.354961e-49	1.267623e-26	4.658517e-10	3.538347e-34	8.237843e-28	1.094768e-27	8.538592e-43	1.398955e-60	1.247162e-140	5.440953e-46	1.869245e-19	0.000000e+00	0.000000e+00	0.000000e+00	0.000000e+00	0.000000e+00	0.000000e+00	0.000000e+00	0.000000e+00	0.000000e+00	0.000000e+00	0.000000e+00	0.000000e+00	0.000000e+00	0.000000e+00	0.000000e+00	0.000000e+00	0.000000e+00	0.000000e+00	0.000000e+00	0.000000e+00	0.000000e+00	0.000000e+00	0.000000e+00	0.000000e+00	0.000000e+00	1.406917e-85	4.331799e-51	9.974920e-55	2.255859e-30	5.753869e-53	0.000000e+00	
86.500000	86.000000	87.000000	175.000000	3.175425e-06	2.419441e+09	1.526493e-13	3.425350e+04	7.018432e-05	1.633667e-19	1.912040e-17	3.337635e-10	7.659303e-07	1.439783e-31	5.133880e-21	4.368973e-18	6.760912e-19	6.136641e-30	1.562121e-39	2.057216e-48	6.391016e-21	1.544502e-32	1.445849e-49	1.236664e+09	4.414419e+07	1.014000e-19	1.082384e-07	4.895111e-17	3.878838e-16	1.212020e-24	2.215134e-50	2.891709e-15	3.792981e-20	5.876292e-15	1.613202e-27	1.060777e-24	2.986054e-03	3.796496e-02	3.715468e-07	8.809446e-23	5.751569e-21	7.894326e-14	1.304345e-17	8.772393e-25	3.619252e-02	6.271732e-25	2.859430e-12	3.382369e-19	2.520032e-15	2.683361e-42	3.590853e-23	1.901265e-28	1.929768e-13	2.479154e-46	3.648933e-45	0.000000e+00	1.453568e+01	1.331426e+06	2.418644e-03	1.314249e+08	2.212465e-02	1.649621e-21	8.422072e-08	7.694409e-07	3.801663e-12	7.681464e-12	1.660216e-15	6.135285e-18	8.322392e-18	5.796722e-46	3.892592e-53	1.232801e-35	8.236649e-42	0.000000e+00	1.692797e-50	3.846794e-27	3.501444e-10	2.546110e-35	2.934184e-28	3.899380e-28	2.656720e-43	2.460424e-61	3.132898e-147	4.089544e-46	2.641509e-20	0.000000e+00	0.000000e+00	0.000000e+00	0.000000e+00	0.000000e+00	0.000000e+00	0.000000e+00	0.000000e+00	0.000000e+00	0.000000e+00	0.000000e+00	0.000000e+00	0.000000e+00	0.000000e+00	0.000000e+00	0.000000e+00	0.000000e+00	0.000000e+00	0.000000e+00	0.000000e+00	0.000000e+00	0.000000e+00	0.000000e+00	0.000000e+00	0.000000e+00	2.867344e-86	3.183008e-51	4.195541e-55	7.579970e-31	2.377122e-53	0.000000e+00	
87.500000	87.000000	88.000000	175.000000	2.386722e-06	1.823653e+09	4.896261e-14	2.571644e+04	4.151034e-05	7.039701e-20	7.828105e-18	1.427098e-10	5.756907e-07	6.829271e-32	3.843475e-21	1.371977e-18	3.827348e-19	2.605615e-30	4.949347e-40	5.317524e-49	4.784467e-21	3.590993e-33	2.631491e-50	9.346515e+08	2.803340e+07	1.042413e-20	7.971924e-08	3.061946e-17	2.141946e-16	6.815499e-25	1.666471e-50	1.678002e-15	2.770836e-20	3.238254e-15	6.655447e-28	5.967682e-25	2.244246e-03	2.853520e-02	2.792346e-07	5.411088e-23	3.646144e-21	3.625667e-14	7.804600e-18	4.043664e-25	2.720312e-02	3.433182e-25	1.236661e-12	1.205921e-19	6.794038e-16	1.820024e-42	2.502183e-23	6.156220e-29	1.450458e-13	9.003889e-47	1.329149e-45	0.000000e+00	4.586856e+00	9.995209e+05	1.369016e-03	9.878197e+07	9.292575e-03	8.516537e-22	4.764973e-08	4.353327e-07	2.845950e-12	5.367756e-12	1.224436e-15	2.298263e-18	6.407205e-18	6.779256e-47	3.845884e-54	8.980405e-36	1.732559e-42	0.000000e+00	2.114873e-51	1.183850e-27	2.631763e-10	2.167202e-36	1.046129e-28	1.390252e-28	8.216862e-44	4.302245e-62	5.915201e-154	3.073795e-46	3.915052e-21	0.000000e+00	0.000000e+00	0.000000e+00	0.000000e+00	0.000000e+00	0.000000e+00	0.000000e+00	0.000000e+00	0.000000e+00	0.000000e+00	0.000000e+00	0.000000e+00	0.000000e+00	0.000000e+00	0.000000e+00	0.000000e+00	0.000000e+00	0.000000e+00	0.000000e+00	0.000000e+00	0.000000e+00	0.000000e+00	0.000000e+00	0.000000e+00	0.000000e+00	5.843745e-87	2.351666e-51	1.766120e-55	2.546948e-31	9.777084e-54	0.000000e+00	
88.500000	88.000000	89.000000	175.000000	1.793915e-06	1.373966e+09	1.575262e-14	1.929997e+04	2.647096e-05	2.977106e-20	3.206552e-18	6.611871e-11	4.327023e-07	3.304374e-32	2.877635e-21	4.313065e-19	2.176825e-19	1.111859e-30	1.572251e-40	1.374482e-49	3.582000e-21	8.349118e-34	5.218441e-51	7.057726e+08	1.780338e+07	1.218791e-21	5.845506e-08	1.915375e-17	1.191664e-16	3.840927e-25	1.253404e-50	9.564874e-16	2.010786e-20	1.771625e-15	2.726145e-28	3.357686e-25	1.686748e-03	2.144764e-02	2.098610e-07	3.459329e-23	2.391403e-21	1.665160e-14	4.678752e-18	1.868195e-25	2.044649e-02	1.864805e-25	5.562246e-13	4.302776e-20	1.831663e-16	1.255894e-42	1.779374e-23	2.073194e-29	1.090197e-13	3.218940e-47	4.764206e-46	0.000000e+00	1.447401e+00	7.500691e+05	7.776880e-04	7.424678e+07	3.903463e-03	4.768141e-22	2.693690e-08	2.461005e-07	2.130669e-12	3.826265e-12	9.090040e-16	9.287302e-19	4.847615e-18	9.483613e-48	3.800002e-55	6.501554e-36	3.934210e-43	0.000000e+00	2.642194e-52	3.673036e-28	1.978092e-10	2.199748e-37	3.732634e-29	4.960475e-29	2.521792e-44	7.466490e-63	8.394461e-161	2.310334e-46	6.489610e-22	0.000000e+00	0.000000e+00	0.000000e+00	0.000000e+00	0.000000e+00	0.000000e+00	0.000000e+00	0.000000e+00	0.000000e+00	0.000000e+00	0.000000e+00	0.000000e+00	0.000000e+00	0.000000e+00	0.000000e+00	0.000000e+00	0.000000e+00	0.000000e+00	0.000000e+00	0.000000e+00	0.000000e+00	0.000000e+00	0.000000e+00	0.000000e+00	0.000000e+00	1.190975e-87	1.744746e-51	7.437838e-56	8.557976e-32	3.996187e-54	0.000000e+00	
89.500000	89.000000	90.000000	175.000000	1.348347e-06	1.034778e+09	5.085402e-15	1.447738e+04	1.789421e-05	1.209169e-20	1.313977e-18	3.272545e-11	3.252289e-07	1.630803e-32	2.154258e-21	1.357338e-19	1.244462e-19	4.770005e-31	5.006079e-41	3.552784e-50	2.681400e-21	1.941185e-34	1.111538e-51	5.325484e+08	1.130779e+07	2.018871e-22	4.262917e-08	1.198260e-17	6.655099e-17	2.168202e-25	9.425491e-51	5.356165e-16	1.446782e-20	9.604941e-16	1.106444e-28	1.889039e-25	1.267754e-03	1.612049e-02	1.577247e-07	2.286294e-23	1.614524e-21	7.647525e-15	2.809959e-18	8.663129e-26	1.536805e-02	1.003070e-25	2.594744e-13	1.536127e-20	4.938105e-17	8.747201e-43	1.282880e-23	7.240224e-30	8.194170e-14	1.132444e-47	1.680076e-46	0.000000e+00	4.567292e-01	5.625906e+05	4.435003e-04	5.580557e+07	1.640063e-03	2.894253e-22	1.521454e-08	1.390041e-07	1.594983e-12	2.764171e-12	6.772487e-16	3.980528e-19	3.604426e-18	1.771324e-48	3.755029e-56	4.668564e-36	9.479599e-44	0.000000e+00	3.301004e-53	1.144847e-28	1.486779e-10	2.588954e-38	1.332581e-29	1.770931e-29	7.664651e-45	1.283587e-63	8.953978e-168	1.736500e-46	1.384341e-22	0.000000e+00	0.000000e+00	0.000000e+00	0.000000e+00	0.000000e+00	0.000000e+00	0.000000e+00	0.000000e+00	0.000000e+00	0.000000e+00	0.000000e+00	0.000000e+00	0.000000e+00	0.000000e+00	0.000000e+00	0.000000e+00	0.000000e+00	0.000000e+00	0.000000e+00	0.000000e+00	0.000000e+00	0.000000e+00	0.000000e+00	0.000000e+00	0.000000e+00	2.427248e-88	1.298607e-51	3.132584e-56	2.875550e-32	1.619781e-54	0.000000e+00	
90.500000	90.000000	91.000000	175.000000	1.013448e-06	7.790783e+08	1.648366e-15	1.085278e+04	1.259089e-05	5.652511e-21	5.385962e-19	1.698395e-11	2.444494e-07	8.201553e-33	1.612184e-21	4.276427e-20	7.156508e-20	2.058822e-31	1.597289e-41	9.183294e-51	2.006522e-21	4.513290e-35	2.497438e-52	4.015910e+08	7.183639e+06	5.448722e-23	3.088751e-08	7.497673e-18	3.722337e-17	1.225536e-25	7.086885e-51	2.945456e-16	1.029841e-20	5.149551e-16	4.439285e-29	1.062457e-25	9.528477e-04	1.211651e-02	1.185420e-07	1.551099e-23	1.116431e-21	3.512243e-15	1.690622e-18	4.041146e-26	1.155097e-02	5.331427e-26	1.250825e-13	5.486237e-21	1.331292e-17	6.113076e-43	9.333341e-24	2.611954e-30	6.158925e-14	3.917636e-48	5.825329e-47	0.000000e+00	1.441209e-01	4.216924e+05	2.540493e-04	4.194474e+07	6.893383e-04	1.882192e-22	8.585209e-09	7.843738e-08	1.193579e-12	2.014420e-12	5.054615e-16	1.776887e-19	2.632718e-18	4.382089e-49	3.711248e-57	3.317545e-36	2.379399e-44	0.000000e+00	4.124089e-54	3.577426e-29	1.117496e-10	3.377885e-39	4.759281e-30	6.324832e-30	2.302031e-45	2.181172e-64	7.178591e-175	1.305193e-46	4.367673e-23	0.000000e+00	0.000000e+00	0.000000e+00	0.000000e+00	0.000000e+00	0.000000e+00	0.000000e+00	0.000000e+00	0.000000e+00	0.000000e+00	0.000000e+00	0.000000e+00	0.000000e+00	0.000000e+00	0.000000e+00	0.000000e+00	0.000000e+00	0.000000e+00	0.000000e+00	0.000000e+00	0.000000e+00	0.000000e+00	0.000000e+00	0.000000e+00	0.000000e+00	4.946814e-89	9.689049e-52	1.318887e-56	9.662066e-33	6.495583e-55	0.000000e+00	
91.500000	91.000000	92.000000	175.000000	7.617309e-07	5.864070e+08	5.369264e-16	8.128619e+03	9.084565e-06	1.479152e-21	2.208181e-19	9.086582e-12	1.837338e-07	4.195727e-33	1.205791e-21	1.349116e-20	4.144130e-20	8.948999e-32	5.106389e-42	2.373713e-51	1.500568e-21	1.049349e-35	5.825964e-53	3.026789e+08	4.565446e+06	1.995609e-23	2.221634e-08	4.693021e-18	2.081919e-17	6.934439e-26	5.327961e-51	1.589341e-16	7.234854e-21	2.723915e-16	1.756234e-29	5.972233e-26	7.161681e-04	9.107030e-03	8.909422e-08	1.073057e-23	7.870848e-22	1.613057e-15	1.018992e-18	1.902912e-26	8.681975e-03	2.793767e-26	6.204655e-14	1.959803e-21	3.589098e-18	4.269624e-43	6.831767e-24	9.690017e-31	4.629188e-14	1.331181e-48	1.983912e-47	0.000000e+00	4.547727e-02	3.158050e+05	1.462961e-04	3.152662e+07	2.899164e-04	1.288378e-22	4.838961e-09	4.421074e-08	8.926632e-13	1.476604e-12	3.774637e-16	8.140204e-20	1.887359e-18	1.282168e-49	3.669440e-58	2.327334e-36	6.127848e-45	0.000000e+00	5.152410e-55	1.119493e-29	8.399355e-11	4.694010e-40	1.700119e-30	2.259368e-30	6.816911e-46	3.655439e-65	4.325758e-182	9.810126e-47	1.924928e-23	0.000000e+00	0.000000e+00	0.000000e+00	0.000000e+00	0.000000e+00	0.000000e+00	0.000000e+00	0.000000e+00	0.000000e+00	0.000000e+00	0.000000e+00	0.000000e+00	0.000000e+00	0.000000e+00	0.000000e+00	0.000000e+00	0.000000e+00	0.000000e+00	0.000000e+00	0.000000e+00	0.000000e+00	0.000000e+00	0.000000e+00	0.000000e+00	0.000000e+00	1.008178e-89	7.242491e-52	5.548202e-57	3.246524e-33	2.570436e-55	0.000000e+00	
92.500000	92.000000	93.000000	175.000000	5.725349e-07	4.412852e+08	1.759498e-16	6.081253e+03	6.650823e-06	1.528854e-21	9.054831e-20	4.947748e-12	1.380986e-07	2.178113e-33	9.010079e-22	4.263522e-21	2.419593e-20	3.922141e-32	1.635399e-42	6.135613e-52	1.121117e-21	2.439762e-36	1.395289e-53	2.280285e+08	2.903640e+06	8.105248e-24	1.585264e-08	2.939461e-18	1.162989e-17	3.927573e-26	4.005286e-51	8.405055e-17	5.003870e-21	1.418146e-16	6.832017e-30	3.354109e-26	5.382811e-04	6.845052e-03	6.696243e-08	7.524989e-24	5.634952e-22	7.408404e-16	6.153074e-19	9.092455e-27	6.525577e-03	1.440238e-26	3.152905e-14	7.000962e-22	9.676018e-19	2.973616e-43	5.023741e-24	3.679049e-31	3.479407e-14	4.436252e-49	6.627666e-48	0.000000e+00	1.435035e-02	2.362323e+05	8.478156e-05	2.369615e+07	1.220582e-04	9.124852e-23	2.723692e-09	2.488497e-08	6.669958e-13	1.087121e-12	2.818028e-16	3.788479e-20	1.326363e-18	4.041904e-50	3.631597e-59	1.607742e-36	1.601955e-45	0.000000e+00	6.437144e-56	3.507109e-30	6.313152e-11	6.758396e-41	6.073298e-31	8.071090e-31	1.986030e-46	6.028898e-66	1.959232e-189	7.373522e-47	1.002072e-23	0.000000e+00	0.000000e+00	0.000000e+00	0.000000e+00	0.000000e+00	0.000000e+00	0.000000e+00	0.000000e+00	0.000000e+00	0.000000e+00	0.000000e+00	0.000000e+00	0.000000e+00	0.000000e+00	0.000000e+00	0.000000e+00	0.000000e+00	0.000000e+00	0.000000e+00	0.000000e+00	0.000000e+00	0.000000e+00	0.000000e+00	0.000000e+00	0.000000e+00	2.054700e-90	5.421316e-52	2.330691e-57	1.090856e-33	1.000993e-55	0.000000e+00	
93.500000	93.000000	94.000000	175.000000	4.303308e-07	3.320136e+08	5.808234e-17	4.542572e+03	4.906584e-06	0.000000e+00	3.713563e-20	2.717959e-12	1.037982e-07	1.144055e-33	6.723591e-22	1.350749e-21	1.426508e-20	1.735728e-32	5.245773e-43	1.585945e-52	8.364548e-22	5.672520e-37	3.407060e-54	1.717248e+08	1.849260e+06	3.376842e-24	1.121906e-08	1.843469e-18	6.481345e-18	2.227146e-26	3.010800e-51	4.350472e-17	3.398989e-21	7.249819e-17	2.606178e-30	1.881277e-26	4.045804e-04	5.144899e-03	5.032881e-08	5.321834e-24	4.083247e-22	3.402793e-16	3.722688e-19	4.441424e-27	4.904778e-03	7.290743e-27	1.633925e-14	2.500459e-22	2.608604e-19	2.063888e-43	3.710346e-24	1.422546e-31	2.615205e-14	1.447597e-49	2.168723e-48	0.000000e+00	4.528278e-03	1.764381e+05	4.950854e-05	1.781059e+07	5.148118e-05	6.597872e-23	1.530444e-09	1.398300e-08	4.977096e-13	8.037131e-13	2.101803e-16	1.780318e-20	9.124929e-19	1.315466e-50	3.602773e-60	1.091003e-36	4.221076e-46	0.000000e+00	8.042234e-57	1.100424e-30	4.745114e-11	9.912272e-42	2.169135e-31	2.882665e-31	5.681986e-47	9.767113e-67	6.669761e-197	5.542114e-47	5.559303e-24	0.000000e+00	0.000000e+00	0.000000e+00	0.000000e+00	0.000000e+00	0.000000e+00	0.000000e+00	0.000000e+00	0.000000e+00	0.000000e+00	0.000000e+00	0.000000e+00	0.000000e+00	0.000000e+00	0.000000e+00	0.000000e+00	0.000000e+00	0.000000e+00	0.000000e+00	0.000000e+00	0.000000e+00	0.000000e+00	0.000000e+00	0.000000e+00	0.000000e+00	4.187554e-91	4.062410e-52	9.769854e-58	3.665364e-34	3.825426e-56	0.000000e+00	
94.500000	94.000000	95.000000	175.000000	3.234464e-07	2.497582e+08	1.934250e-17	3.386227e+03	3.631587e-06	1.164432e-21	1.523309e-20	1.497396e-12	7.801709e-08	6.060233e-34	5.007852e-22	4.296306e-22	8.505689e-21	7.767780e-33	1.684555e-43	4.099382e-53	6.228518e-22	1.318881e-37	8.449659e-55	1.292815e+08	1.180746e+06	1.412911e-24	7.877112e-09	1.158937e-18	3.599156e-18	1.265316e-26	2.263148e-51	2.201033e-17	2.262635e-21	3.631507e-17	9.722594e-31	1.053245e-26	3.040895e-04	3.867021e-03	3.782729e-08	3.779246e-24	2.986855e-22	1.563417e-16	2.257230e-19	2.239778e-27	3.686543e-03	3.619371e-27	8.598378e-15	8.926741e-23	7.032657e-20	1.429109e-43	2.754671e-24	5.574505e-32	1.965648e-14	4.617666e-50	6.941473e-49	0.000000e+00	1.428926e-03	1.315093e+05	2.917365e-05	1.338684e+07	2.178363e-05	4.825510e-23	8.580658e-10	7.839843e-09	3.706885e-13	5.972003e-13	1.564978e-16	8.422642e-21	6.137173e-19	4.354144e-51	3.595820e-61	7.256547e-37	1.115896e-46	0.000000e+00	1.004754e-57	3.464159e-31	3.566536e-11	1.465920e-42	7.743902e-32	1.029123e-31	1.594247e-47	1.552112e-67	1.706610e-204	4.165579e-47	3.164102e-24	0.000000e+00	0.000000e+00	0.000000e+00	0.000000e+00	0.000000e+00	0.000000e+00	0.000000e+00	0.000000e+00	0.000000e+00	0.000000e+00	0.000000e+00	0.000000e+00	0.000000e+00	0.000000e+00	0.000000e+00	0.000000e+00	0.000000e+00	0.000000e+00	0.000000e+00	0.000000e+00	0.000000e+00	0.000000e+00	0.000000e+00	0.000000e+00	0.000000e+00	8.534379e-92	3.046588e-52	4.082769e-58	1.231610e-34	1.430813e-56	0.000000e+00	
95.500000	95.000000	96.000000	175.000000	2.431097e-07	1.878540e+08	6.507919e-18	2.517257e+03	2.688682e-06	0.000000e+00	6.252059e-21	8.238661e-13	5.863942e-08	3.226090e-34	3.720165e-22	1.375665e-22	5.136720e-21	3.520203e-33	5.411645e-44	1.059629e-53	4.625427e-22	3.066470e-38	2.123888e-55	9.730092e+07	7.574377e+05	5.905297e-25	5.493415e-09	7.319645e-19	1.988551e-18	7.215984e-27	1.701110e-51	1.087229e-17	1.473408e-21	1.779274e-17	3.538401e-31	5.881637e-27	2.285593e-04	2.906540e-03	2.843133e-08	2.685555e-24	2.200953e-22	7.190737e-17	1.372670e-19	1.179592e-27	2.770890e-03	1.761012e-27	4.576298e-15	3.184619e-23	1.895998e-20	9.902784e-44	2.059903e-24	2.203324e-32	1.477425e-14	1.437856e-50	2.170815e-49	0.000000e+00	4.509395e-04	9.775388e+04	1.737278e-05	1.006186e+07	9.271949e-06	3.547814e-23	4.797093e-10	4.382978e-09	2.753646e-13	4.468867e-13	1.162361e-16	4.010465e-21	4.030728e-19	1.459003e-51	3.643764e-62	4.722193e-37	2.950404e-47	0.000000e+00	1.255288e-58	1.098447e-31	2.680689e-11	2.172176e-43	2.762640e-32	3.671401e-32	4.384205e-48	2.417748e-68	3.282148e-212	3.130944e-47	1.827947e-24	0.000000e+00	0.000000e+00	0.000000e+00	0.000000e+00	0.000000e+00	0.000000e+00	0.000000e+00	0.000000e+00	0.000000e+00	0.000000e+00	0.000000e+00	0.000000e+00	0.000000e+00	0.000000e+00	0.000000e+00	0.000000e+00	0.000000e+00	0.000000e+00	0.000000e+00	0.000000e+00	0.000000e+00	0.000000e+00	0.000000e+00	0.000000e+00	0.000000e+00	1.739338e-92	2.286188e-52	1.698858e-58	4.138792e-35	5.224606e-57	0.000000e+00	
96.500000	96.000000	97.000000	175.000000	1.827268e-07	1.412746e+08	2.215171e-18	1.864284e+03	1.986707e-06	2.636880e-22	2.571617e-21	4.511458e-13	4.407473e-08	1.719286e-34	2.753614e-22	4.458047e-23	3.145444e-21	1.617057e-33	1.737056e-44	2.739346e-54	3.422172e-22	7.130229e-39	5.402896e-56	7.321285e+07	4.900523e+05	2.462087e-25	3.815112e-09	4.663296e-19	1.091033e-18	4.149362e-27	1.278628e-51	5.239172e-18	9.373401e-22	8.515981e-18	1.253388e-31	3.272974e-27	1.717897e-04	2.184621e-03	2.136939e-08	1.905418e-24	1.631176e-22	3.319731e-17	8.391653e-20	6.562257e-28	2.082664e-03	8.399487e-28	2.454024e-15	1.135080e-23	5.112486e-21	6.907001e-44	1.556592e-24	8.741644e-33	1.110467e-14	4.365969e-51	6.629308e-50	0.000000e+00	1.423764e-04	7.239638e+04	1.046834e-05	7.562720e+06	3.990903e-06	2.611087e-23	2.671708e-10	2.441096e-09	2.038202e-13	3.378846e-13	8.602865e-17	1.926911e-21	2.582953e-19	4.941826e-52	3.832158e-63	3.002505e-37	7.783842e-48	0.000000e+00	1.568293e-59	3.537699e-32	2.014867e-11	3.211080e-44	9.846759e-33	1.308582e-32	1.181928e-48	3.692081e-69	4.744408e-220	2.353289e-47	1.072009e-24	0.000000e+00	0.000000e+00	0.000000e+00	0.000000e+00	0.000000e+00	0.000000e+00	0.000000e+00	0.000000e+00	0.000000e+00	0.000000e+00	0.000000e+00	0.000000e+00	0.000000e+00	0.000000e+00	0.000000e+00	0.000000e+00	0.000000e+00	0.000000e+00	0.000000e+00	0.000000e+00	0.000000e+00	0.000000e+00	0.000000e+00	0.000000e+00	0.000000e+00	3.544936e-93	1.716394e-52	7.027988e-59	1.391782e-35	1.858192e-57	0.000000e+00	
97.500000	97.000000	98.000000	175.000000	1.373416e-07	1.062316e+08	7.634685e-19	1.373659e+03	1.462159e-06	6.811315e-22	1.067828e-21	2.451361e-13	3.312757e-08	9.134152e-35	2.028058e-22	1.479619e-23	1.953791e-21	7.531658e-34	5.560766e-45	7.092364e-55	2.518983e-22	1.659498e-39	1.388604e-56	5.507484e+07	3.219351e+05	1.024206e-25	2.651602e-09	3.018955e-19	5.929994e-19	2.430141e-27	9.610610e-52	2.461761e-18	5.820240e-22	3.978174e-18	4.311631e-32	1.812645e-27	1.291207e-04	1.642011e-03	1.606163e-08	1.349879e-24	1.214407e-22	1.552948e-17	5.198558e-20	3.891173e-28	1.565378e-03	3.931245e-28	1.321071e-15	4.046828e-24	1.381051e-21	4.898427e-44	1.194894e-24	3.463834e-33	8.346520e-15	1.293736e-51	1.979685e-50	0.000000e+00	4.511283e-05	5.335077e+04	6.388278e-06	5.684313e+06	1.757956e-06	1.917470e-23	1.480445e-10	1.352674e-09	1.501204e-13	2.594845e-13	6.336019e-17	9.402900e-22	1.614242e-19	1.690052e-52	4.384209e-64	1.863604e-37	2.047761e-48	0.000000e+00	1.959443e-60	1.178294e-32	1.514420e-11	4.725050e-45	3.510603e-33	4.665403e-33	3.126611e-49	5.531923e-70	5.154728e-228	1.768786e-47	6.430293e-25	0.000000e+00	0.000000e+00	0.000000e+00	0.000000e+00	0.000000e+00	0.000000e+00	0.000000e+00	0.000000e+00	0.000000e+00	0.000000e+00	0.000000e+00	0.000000e+00	0.000000e+00	0.000000e+00	0.000000e+00	0.000000e+00	0.000000e+00	0.000000e+00	0.000000e+00	0.000000e+00	0.000000e+00	0.000000e+00	0.000000e+00	0.000000e+00	0.000000e+00	7.228589e-94	1.289090e-52	2.887052e-59	4.701548e-36	6.423117e-58	0.000000e+00	
98.500000	98.000000	99.000000	175.000000	1.032291e-07	7.987089e+07	2.664920e-19	1.005057e+03	1.069429e-06	2.120126e-22	4.617218e-22	1.321525e-13	2.489943e-08	4.818541e-35	1.483396e-22	5.209574e-24	1.230255e-21	3.553944e-34	1.770712e-45	1.867141e-55	1.841046e-22	3.912340e-40	3.597747e-57	4.142032e+07	2.171586e+05	4.267714e-26	1.860585e-09	2.011060e-19	3.189421e-19	1.480597e-27	7.223612e-52	1.129414e-18	3.527336e-22	1.813836e-18	1.437620e-32	9.983028e-28	9.704989e-05	1.234172e-03	1.207227e-08	9.590950e-25	9.074574e-23	7.595666e-18	3.351260e-20	2.474213e-28	1.176573e-03	1.808381e-28	7.115641e-16	1.466605e-24	3.800041e-22	3.593263e-44	9.396591e-25	1.363556e-33	6.273434e-15	3.807939e-52	5.891445e-51	0.000000e+00	1.467258e-05	3.904915e+04	3.948225e-06	4.272459e+06	8.210728e-07	1.400943e-23	8.146960e-11	7.443906e-10	1.098151e-13	2.041195e-13	4.634805e-17	4.717275e-22	9.853553e-20	5.837207e-53	5.892528e-65	1.129172e-37	5.448461e-49	0.000000e+00	2.453953e-61	4.249400e-33	1.138272e-11	7.002764e-46	1.272273e-33	1.690782e-33	8.128906e-50	8.145146e-71	4.209490e-236	1.329459e-47	4.018360e-25	0.000000e+00	0.000000e+00	0.000000e+00	0.000000e+00	0.000000e+00	0.000000e+00	0.000000e+00	0.000000e+00	0.000000e+00	0.000000e+00	0.000000e+00	0.000000e+00	0.000000e+00	0.000000e+00	0.000000e+00	0.000000e+00	0.000000e+00	0.000000e+00	0.000000e+00	0.000000e+00	0.000000e+00	0.000000e+00	0.000000e+00	0.000000e+00	0.000000e+00	1.487552e-94	9.684546e-53	1.185039e-59	1.635822e-36	2.156884e-58	0.000000e+00	
99.500000	99.000000	100.000000	175.000000	7.758933e-08	6.004304e+07	9.525445e-20	7.281696e+02	7.752393e-07	0.000000e+00	2.327880e-22	7.298642e-14	1.871498e-08	2.562660e-35	1.074607e-22	2.207917e-24	7.839470e-22	1.696574e-34	5.611538e-46	5.811851e-56	1.332443e-22	1.083694e-40	9.677359e-58	3.114271e+07	1.529657e+05	1.862499e-26	1.337131e-09	1.405405e-19	1.742443e-19	9.754987e-28	5.429450e-52	5.254339e-19	2.133104e-22	8.252311e-19	4.737427e-33	5.559153e-28	7.294485e-05	9.276320e-04	9.073800e-09	6.920309e-25	6.801939e-23	4.247094e-18	2.423869e-20	1.698136e-28	8.843394e-04	8.196689e-29	3.866950e-16	6.276167e-25	1.238620e-22	2.802067e-44	7.670979e-25	5.364903e-34	4.715256e-15	1.343744e-52	2.102554e-51	0.000000e+00	5.668341e-06	2.831306e+04	2.469885e-06	3.211278e+06	4.607732e-07	1.015267e-23	4.443502e-11	4.058157e-10	7.956769e-14	1.666774e-13	3.358436e-17	2.487181e-22	6.105276e-20	2.137276e-53	1.062790e-65	6.830179e-38	1.699438e-49	0.000000e+00	3.422342e-62	1.906666e-33	8.555515e-12	1.232346e-46	5.444543e-34	7.235506e-34	2.092168e-50	1.200321e-71	2.583765e-244	9.992520e-48	2.706465e-25	0.000000e+00	0.000000e+00	0.000000e+00	0.000000e+00	0.000000e+00	0.000000e+00	0.000000e+00	0.000000e+00	0.000000e+00	0.000000e+00	0.000000e+00	0.000000e+00	0.000000e+00	0.000000e+00	0.000000e+00	0.000000e+00	0.000000e+00	0.000000e+00	0.000000e+00	0.000000e+00	0.000000e+00	0.000000e+00	0.000000e+00	0.000000e+00	0.000000e+00	3.560576e-95	7.277522e-53	5.245033e-60	6.750745e-37	7.397866e-59	0.000000e+00	
